variable,tipo,n_presentes,n_unicos,n_nan,pct_nan,modulo,notas,rol_provisional,etiqueta_codebook,ref_fuente,n_ref,documentada_codebook,tipo_version
QUESTID2,int64,47299,47299,0,0.0,IDENTIFICATION,,Identificador,RESPONDENT IDENTIFICATION,,0,True,Original u otra
ANALWT2_C,float64,47299,47267,0,0.0,SAMPLE WEIGHTING AND ESTIMATION VARS,,Diseño muestral,FIN PRSN-LEVEL SMPLE WGHT 2,,0,True,Original u otra
VESTR_C,int64,47299,50,0,0.0,SAMPLE WEIGHTING AND ESTIMATION VARS,,Diseño muestral,VARIANCE STRATUM,,0,True,Original u otra
VEREP,int64,47299,2,0,0.0,SAMPLE WEIGHTING AND ESTIMATION VARS,,Diseño muestral,VARIANCE PRIMARY SAMPLING UNIT,,0,True,Original u otra
PDEN10,int64,47299,3,0,0.0,COUNTY,,Predictor candidato,POPULATION DENSITY 2010 - THREE LEVELS,,0,True,Original u otra
COUTYP4,int64,47299,3,0,0.0,COUNTY,,Predictor candidato,COUNTY METRO/NONMETRO STATUS (2013 3-LEVEL),,0,True,Original u otra
MAIIN102,int64,47299,2,0,0.0,SEGMENT,,Predictor candidato,MAJORITY AMER INDIAN AREA INDICATOR FOR SEGMENT,,0,True,Original u otra
AIIND102,int64,47299,2,0,0.0,BLOCK,,Predictor candidato,AMER INDIAN AREA INDICATOR,,0,True,Original u otra
AGE3,int64,47299,8,0,0.0,DEMOGRAPHICS,,Predictor demográfico y selección de población adulta,RECODE - FINAL EDITED AGE,,0,True,Original u otra
SERVICE,int64,47299,5,0,0.0,DEMOGRAPHICS,,Predictor candidato,EVER BEEN IN THE US ARMED FORCES,QD09,1,True,Original u otra
MILSTAT,int64,47299,7,0,0.0,DEMOGRAPHICS,,Predictor candidato,CURRENT MILITARY STATUS,QD10,1,True,Original u otra
ACTDEVER,int64,47299,6,0,0.0,DEMOGRAPHICS,,Predictor candidato,EVER ON ACTIVE DUTY IN US MILITARY/RESERV,QD10A,1,True,Original u otra
ACTD2001,int64,47299,7,0,0.0,DEMOGRAPHICS,,Predictor candidato,SEPTEMBER 2001 OR LATER,QD10B1,1,True,Original u otra
ACTD9001,int64,47299,7,0,0.0,DEMOGRAPHICS,,Predictor candidato,AUG 1990 TO AUG 2001 (INCLUDING PERSIAN GULF WAR),QD10B2,1,True,Original u otra
ACTD7590,int64,47299,7,0,0.0,DEMOGRAPHICS,,Predictor candidato,MAY 1975 TO JULY 1990,QD10B3,1,True,Original u otra
ACTDVIET,int64,47299,7,0,0.0,DEMOGRAPHICS,,Predictor candidato,VIETNAM ERA (MARCH 1961 TO APRIL 1975),QD10B4,1,True,Original u otra
ACTDPRIV,int64,47299,7,0,0.0,DEMOGRAPHICS,,Predictor candidato,ANY TIME BEFORE VIETNAM ERA (MARCH 1961),"QD10B5, QD10B6, QD10B7, QD10B8, QD10B9",5,True,Original u otra
COMBATPY,int64,47299,7,0,0.0,DEMOGRAPHICS,,Predictor candidato,EVER IN COMBAT ZONE ON ACTIVE DUTY,QD10C,1,True,Original u otra
NOMARR2,int64,47299,5,0,0.0,DEMOGRAPHICS,,Predictor candidato,NUMBER OF TIMES MARRIED,QD08,1,True,Original u otra
HEALTH,int64,47299,7,0,0.0,DEMOGRAPHICS,,Predictor candidato,OVERALL HEALTH,QD12,1,True,Original u otra
MOVSINPYR2,int64,47299,8,0,0.0,DEMOGRAPHICS,,Predictor candidato,# TIMES MOVED PAST 12 MONTHS- RECODED,QD13,1,True,Original u otra
SPEAKENGL,int64,47299,8,0,0.0,DEMOGRAPHICS,,Predictor candidato,HOW WELL SPEAK ENGLISH,QD55,1,True,Original u otra
LVLDIFSEE2,int64,47299,7,0,0.0,DEMOGRAPHICS,,Predictor candidato,LEVEL OF DIFFICULTY SEEING EVEN WITH GLASSES,SEE,1,True,Original u otra
LVLDIFHEAR2,int64,47299,7,0,0.0,DEMOGRAPHICS,,Predictor candidato,LEVEL OF DIFFICULTY HEARING EVEN WITH HEARING AIDS,HEAR,1,True,Original u otra
LVLDIFWALK2,int64,47299,7,0,0.0,DEMOGRAPHICS,,Predictor candidato,LEVEL OF DIFFICULTY WALKING OR CLIMBING STEPS,WALK,1,True,Original u otra
LVLDIFMEM2,int64,47299,7,0,0.0,DEMOGRAPHICS,,Predictor candidato,LEVEL OF DIFFICULTY REMEMBERING OR CONCENTRATING,MEM,1,True,Original u otra
LVLDIFCARE2,int64,47299,7,0,0.0,DEMOGRAPHICS,,Predictor candidato,LEVEL OF DIFFICULTY WITH SELF-CARE,CARE,1,True,Original u otra
LVLDIFCOMM2,int64,47299,7,0,0.0,DEMOGRAPHICS,,Predictor candidato,LEVEL OF DIFFICULTY COMMUNICATING USING YOUR USUAL LANGUAGE,COMM,1,True,Original u otra
IRSEX,int64,47299,2,0,0.0,IMPUTED DEMOGRAPHICS,,Predictor candidato,RESPONDENT SEX - IMPUTATION REVISED,"CONFGI, GICC02, QD01",3,True,Imputada
IRMARIT,int64,47299,4,0,0.0,IMPUTED DEMOGRAPHICS,,Predictor candidato,IMPUTATION REVISED MARITAL STATUS,,0,True,Imputada
IIMARIT,int64,47299,2,0,0.0,IMPUTED DEMOGRAPHICS,,Predictor candidato,IMPUTATION INDICATOR MARITAL STATUS,,0,True,Imputada
IREDUHIGHST2,int64,47299,11,0,0.0,IMPUTED DEMOGRAPHICS,,Predictor candidato,EDUCATION - RECODED IMPUTATION REVISED,,0,True,Imputada
IIEDUHIGHST2,int64,47299,2,0,0.0,IMPUTED DEMOGRAPHICS,,Predictor candidato,EDUCATION INDICATOR - IMPUTATION INDICATOR,,0,True,Imputada
CATAGE,int64,47299,3,0,0.0,RECODED DEMOGRAPHICS,,Predictor candidato,RC-AGE CATEGORY,AGE3,1,True,Recodificada
CATAG2,int64,47299,2,0,0.0,RECODED DEMOGRAPHICS,,Predictor candidato,RC-AGE CATEGORY RECODE (3 LEVELS),AGE3,1,True,Recodificada
CATAG3,int64,47299,4,0,0.0,RECODED DEMOGRAPHICS,,Predictor candidato,RC-AGE CATEGORY RECODE (5 LEVELS),AGE3,1,True,Recodificada
CATAG6,int64,47299,5,0,0.0,RECODED DEMOGRAPHICS,,Predictor candidato,RC-AGE CATEGORY RECODE (6 LEVELS),AGE3,1,True,Recodificada
CATAG7,int64,47299,4,0,0.0,RECODED DEMOGRAPHICS,,Predictor candidato,RC-AGE CATEGORY RECODE (7 LEVELS),AGE3,1,True,Recodificada
PREGAGE2,int64,47299,3,0,0.0,RECODED DEMOGRAPHICS,,Predictor candidato,RC-PREGNANCY AGE CATEGORY RECODE,AGE3,1,True,Recodificada
DRVINAGE,int64,47299,2,0,0.0,RECODED DEMOGRAPHICS,,Predictor candidato,RC-DUI AGE CATEGORY RECODE,AGE3,1,True,Recodificada
DRVINDETAG,int64,47299,3,0,0.0,RECODED DEMOGRAPHICS,,Predictor candidato,RC-DUI DETAILED AGE CATEGORY RECODE,AGE3,1,True,Recodificada
SEXAGE,int64,47299,3,0,0.0,RECODED DEMOGRAPHICS,,Predictor candidato,RC-COMBINED SEX BY AGE CATEGORY INDICATOR,"CATAGE, IRSEX",2,True,Recodificada
NEWRACE2,int64,47299,7,0,0.0,RECODED DEMOGRAPHICS,,Predictor candidato,RC-RACE/HISPANICITY RECODE (7 LEVELS),,0,True,Recodificada
SEXRACE,int64,47299,7,0,0.0,RECODED DEMOGRAPHICS,,Predictor candidato,RC-COMBINED SEX BY RACE INDICATOR,"IRSEX, NEWRACE2",2,True,Recodificada
EDUHIGHCAT,int64,47299,4,0,0.0,RECODED DEMOGRAPHICS,,Predictor candidato,RC-EDUCATION CATEGORIES,IREDUHIGHST2,1,True,Recodificada
HEALTH2,float64,47274,4,25,0.053,RECODED DEMOGRAPHICS,,Predictor candidato,RC-OVERALL HEALTH RECODE,HEALTH,1,True,Recodificada
EDUSCHLGO,int64,47299,7,0,0.0,EDUCATION,,Predictor candidato,NOW GOING TO SCHOOL,"QD17, QD17A, QD17B",3,True,Original u otra
EDUSCHGRD2,int64,47299,13,0,0.0,EDUCATION,,Predictor candidato,WHAT GRADE IN NOW/WILL BE IN,QD18,1,True,Original u otra
EDUFULPAR,int64,47299,7,0,0.0,EDUCATION,,Predictor candidato,FULL OR PART TIME,QD19,1,True,Original u otra
EDUSCKMON,int64,47299,31,0,0.0,EDUCATION,,Predictor candidato,HOW MANY DAYS MISSED SCHOOL FROM SICK,QD20,1,True,Original u otra
EDUSCKEST,int64,47299,10,0,0.0,EDUCATION,,Predictor candidato,BEST ESTIMATE # DAYS MISSED BECAUSE SICK OR INURED,QD20DKRE,1,True,Original u otra
EDUSCKCOM,int64,47299,30,0,0.0,EDUCATION,,Predictor candidato,RC - HOW MANY DAYS MISSED SCHOOL FROM SICK (COMBINED),"QD20, QD20DKRE",2,True,Original u otra
EDUSKPMON,int64,47299,25,0,0.0,EDUCATION,,Predictor candidato,HOW MANY DAYS MISSED SCHOOL FROM SKIPPING,QD21,1,True,Original u otra
EDUSKPEST,int64,47299,9,0,0.0,EDUCATION,,Predictor candidato,BEST ESTIMATE # DAYS MISSED BECAUSE SKIPPED OR CUT,QD21DKRE,1,True,Original u otra
EDUSKPCOM,int64,47299,25,0,0.0,EDUCATION,,Predictor candidato,RC - HOW MANY DAYS MISSED SCHOOL FROM SKIPPING (COMBINED),"QD21, QD21DKRE",2,True,Original u otra
MILTFAMLY,int64,47299,6,0,0.0,EDUCATION,,Predictor candidato,ANY IMMEDIATE FAMILY CURRENTLY IN US MILITARY,QD10D,1,True,Original u otra
MILTSPPAR,int64,47299,7,0,0.0,EDUCATION,,Predictor candidato,SPOUSE OR PARTNER IN MILITARY,"QD10E1, QD10E2",2,True,Original u otra
MILTPARNT,int64,47299,7,0,0.0,EDUCATION,,Predictor candidato,FATHER OR MOTHER IN MILITARY,"QD10E3, QD10E4",2,True,Original u otra
MILTCHLDR,int64,47299,7,0,0.0,EDUCATION,,Predictor candidato,SON OR DAUGHTER IN MILITARY,"QD10E5, QD10E6",2,True,Original u otra
MILTSIBLN,int64,47299,7,0,0.0,EDUCATION,,Predictor candidato,SISTER OR BROTHER IN MILITARY,"QD10E7, QD10E8",2,True,Original u otra
ENRLCOLLFT2,int64,47299,3,0,0.0,RECODED EDUCATION,,Predictor candidato,RC-COLLEGE ENROLLMENT-FULL TIME,"AGE3, EDUFULPAR, EDUSCHGRD2, EDUSCHLGO",4,True,Recodificada
ENRLCOLLST2,int64,47299,5,0,0.0,RECODED EDUCATION,,Predictor candidato,RC-COLLEGE ENROLLMENT,"AGE3, EDUFULPAR, EDUSCHGRD2, EDUSCHLGO",4,True,Recodificada
WRKSTATWK2,int64,47299,10,0,0.0,EMPLOYMENT,,Predictor candidato,WORK SITUATION IN PAST WEEK - RECODE,"WRK35WKUS, WRKDPSTWK, WRKDPSTYR, WRKEFFORT, WRKRSNJOB, WRKRSNNOT",6,True,Original u otra
WRKDPSTWK,int64,47299,7,0,0.0,EMPLOYMENT,,Predictor candidato,WORK AT JOB LAST WEEK,QD26,1,True,Original u otra
WRKHADJOB,int64,47299,8,0,0.0,EMPLOYMENT,,Predictor candidato,DID YOU HAVE A JOB OR BUSINESS,QD27,1,True,Original u otra
WRKDHRSWK2,int64,47299,66,0,0.0,EMPLOYMENT,,Predictor candidato,HOW MANY HOURS WORKED LAST WEEK,QD28,1,True,Original u otra
WRK35WKUS,int64,47299,7,0,0.0,EMPLOYMENT,,Predictor candidato,USUALLY WORK 35 OR MORE HRS PER WEEK,QD29,1,True,Original u otra
WRKRSNNOT,int64,47299,11,0,0.0,EMPLOYMENT,,Predictor candidato,REASON FOR NOT WORKING AT JOB - PAST WK,QD30,1,True,Original u otra
WRKRSNJOB,int64,47299,13,0,0.0,EMPLOYMENT,,Predictor candidato,REASON FOR NOT HAVING A JOB - PAST WK,QD31,1,True,Original u otra
WRKEFFORT,int64,47299,6,0,0.0,EMPLOYMENT,,Predictor candidato,"PAST 30 DAYS, MAKE EFFORT TO FIND WORK",QD32,1,True,Original u otra
WRKDPSTYR,int64,47299,7,0,0.0,EMPLOYMENT,,Predictor candidato,"PAST 12 MOS, WORKED AT ANY JOB",QD33,1,True,Original u otra
WRKSELFEM,int64,47299,8,0,0.0,EMPLOYMENT,,Predictor candidato,"PAST 12 MOS, SELF EMPLOYED",QD34,1,True,Original u otra
WRKNUMJOB2,int64,47299,9,0,0.0,EMPLOYMENT,,Predictor candidato,"PAST 12 MOS, HOW MANY EMPLOYERS","QD35, QD36",2,True,Original u otra
WRKNJBPYR,int64,47299,7,0,0.0,EMPLOYMENT,,Predictor candidato,"PAST 12 MOS, TIME WITH NO JOB",QD37,1,True,Original u otra
WRKNJBWKS,int64,47299,57,0,0.0,EMPLOYMENT,,Predictor candidato,HOW MANY WKS W/O JOB IN PAST 12 MOS,QD38,1,True,Original u otra
WRKLASTYR2,int64,47299,46,0,0.0,EMPLOYMENT,,Predictor candidato,WHAT YEAR LAST WORKED,QD39A,1,True,Original u otra
WRKSICKMO,int64,47299,36,0,0.0,EMPLOYMENT,,Predictor candidato,# DAYS MISSED WORK FOR INJURY/ILLNESS PAST 30 DAYS,QD40,1,True,Original u otra
WRKSKIPMO,int64,47299,34,0,0.0,EMPLOYMENT,,Predictor candidato,# DAYS SKIPPED WORK PAST 30 DAYS,QD41,1,True,Original u otra
IRWRKSTAT,int64,47299,4,0,0.0,IMPUTED EMPLOYMENT,,Predictor candidato,EMPLOYMENT STATUS - IMPUTATION REVISED,WRKSTATWK2,1,True,Imputada
IIWRKSTAT,int64,47299,2,0,0.0,IMPUTED EMPLOYMENT,,Predictor candidato,EMPLOYMENT STATUS - IMPUTATION INDICATOR,WRKSTATWK2,1,True,Imputada
II2WRKSTAT,int64,47299,3,0,0.0,IMPUTED EMPLOYMENT,,Predictor candidato,EMPLOYMENT STATUS - DETAILED IMPUTATION INDICATOR,WRKSTATWK2,1,True,Imputada
IRWRKSTAT18,int64,47299,4,0,0.0,IMPUTED EMPLOYMENT,,Predictor candidato,EMPLOYMENT STATUS 18+ - IMPUTATION REVISED,"AGE3, IRWRKSTAT",2,True,Imputada
IIWRKSTAT18,int64,47299,2,0,0.0,IMPUTED EMPLOYMENT,,Predictor candidato,EMPLOYMENT STATUS 18+ - IMPUTATION INDICATOR,"AGE3, IIWRKSTAT",2,True,Imputada
II2WRKST18,int64,47299,3,0,0.0,IMPUTED EMPLOYMENT,,Predictor candidato,EMPLOYMENT STATUS 18+ - DETAILED IMPUTATION INDICATOR,"AGE3, II2WRKSTAT",2,True,Imputada
EDFAM18,int64,47299,3,0,0.0,HOUSEHOLD COMPOSITION (ROSTER),,Predictor candidato,RC-EDITED INDICATOR: FAMILY IN HH 18 OR OLDER,,0,True,Original u otra
NRCH17_2,float64,45600,4,1699,3.592,HOUSEHOLD COMPOSITION (ROSTER),,Predictor candidato,RECODED # R's CHILDREN < 18 IN HOUSEHOLD,,0,True,Original u otra
IRHHSIZ2,int64,47299,6,0,0.0,IMPUTED HOUSEHOLD COMPOSITION (ROSTER),,Predictor candidato,RECODE - IMPUTATION-REVISED # PERSONS IN HH,,0,True,Imputada
IIHHSIZ2,int64,47299,2,0,0.0,IMPUTED HOUSEHOLD COMPOSITION (ROSTER),,Predictor candidato,IRHHSIZ2-IMPUTATION INDICATOR,,0,True,Imputada
IRKI17_2,int64,47299,4,0,0.0,IMPUTED HOUSEHOLD COMPOSITION (ROSTER),,Predictor candidato,RECODE - IMPUTATION-REVISED # KIDS AGED<18 IN HH,,0,True,Imputada
IIKI17_2,int64,47299,2,0,0.0,IMPUTED HOUSEHOLD COMPOSITION (ROSTER),,Predictor candidato,IRKI17_2-IMPUTATION INDICATOR,,0,True,Imputada
IRHH65_2,int64,47299,3,0,0.0,IMPUTED HOUSEHOLD COMPOSITION (ROSTER),,Predictor candidato,REC - IMPUTATION-REVISED # OF PER IN HH AGED>=65,,0,True,Imputada
IIHH65_2,int64,47299,2,0,0.0,IMPUTED HOUSEHOLD COMPOSITION (ROSTER),,Predictor candidato,IRHH65_2-IMPUTATION INDICATOR,,0,True,Imputada
PRXRETRY,int64,47299,5,0,0.0,PROXY INFORMATION,,Predictor candidato,"SELECTED PROXY UNAVAILABLE, OTHER PROXY AVAILABLE?",QP03A,1,True,Original u otra
PRXYDATA,int64,47299,6,0,0.0,PROXY INFORMATION,,Predictor candidato,IS PROXY ANSWERING INSURANCE/INCOME QS,HASJOIN,1,True,Original u otra
MEDICARE,int64,47299,5,0,0.0,HEALTH INSURANCE,,Predictor candidato,COVERED BY MEDICARE,"QHI01, QHI01V",2,True,Original u otra
CAIDCHIP,int64,47299,6,0,0.0,HEALTH INSURANCE,,Predictor candidato,COVERED BY MEDICAID/CHIP,"QHI02, QHI02A, QHI02V",3,True,Original u otra
CHAMPUS,int64,47299,5,0,0.0,HEALTH INSURANCE,,Predictor candidato,"COV BY TRICARE, CHAMPUS, CHAMPVA, VA, MILITARY",QHI03,1,True,Original u otra
PRVHLTIN,int64,47299,5,0,0.0,HEALTH INSURANCE,,Predictor candidato,COVERED BY PRIVATE INSURANCE,QHI06,1,True,Original u otra
GRPHLTIN,int64,47299,6,0,0.0,HEALTH INSURANCE,,Predictor candidato,PRIVATE PLAN OFFERED THROUGH EMPLOYER OR UNION,QHI07,1,True,Original u otra
HLTINALC,int64,47299,6,0,0.0,HEALTH INSURANCE,,Predictor candidato,PRIVATE INSURANCE COVERS TRMT FOR ALCOHOL ABUSE/ALCOHOLISM,QHI08,1,True,Original u otra
HLTINDRG,int64,47299,6,0,0.0,HEALTH INSURANCE,,Predictor candidato,PRIVATE INSURANCE COVERS TRMT FOR DRUG ABUSE,QHI09,1,True,Original u otra
HLTINMNT,int64,47299,6,0,0.0,HEALTH INSURANCE,,Predictor candidato,PRIVATE INSURANCE COVERS TRMT FOR MENTAL/EMOTIONAL PROBLEMS,QHI10,1,True,Original u otra
HLTINNOS,int64,47299,6,0,0.0,HEALTH INSURANCE,,Predictor candidato,COVERED BY HEALTH INSUR (NOT OTHERWISE SPECIFIED),QHI11,1,True,Original u otra
HLCNOTYR,int64,47299,7,0,0.0,HEALTH INSURANCE,,Predictor candidato,ANYTIME DID NOT HAVE HEALTH INS/COVER PAST 12 MOS,QHI13,1,True,Original u otra
HLCNOTMO,int64,47299,16,0,0.0,HEALTH INSURANCE,,Predictor candidato,"PAST 12 MOS, HOW MANY MOS W/O COVERAGE",QHI14,1,True,Original u otra
HLCLAST,int64,47299,9,0,0.0,HEALTH INSURANCE,,Predictor candidato,TIME SINCE LAST HAD HEALTH CARE COVERAGE,QHI15,1,True,Original u otra
HLLOSRSN,int64,47299,17,0,0.0,HEALTH INSURANCE,,Predictor candidato,MAIN REASON STOPPED COVERED BY HEALTH INSURANCE,QHI17,1,True,Original u otra
HLNVCOST,int64,47299,6,0,0.0,HEALTH INSURANCE,,Predictor candidato,NEVER HAD HEALTH INSURANCE BECAUSE COST TOO HIGH,QHI181,1,True,Original u otra
HLNVOFFR,int64,47299,6,0,0.0,HEALTH INSURANCE,,Predictor candidato,NEVER HAD HEALTH INSURANCE BECAUSE EMPLOYER DOESN'T OFFER,QHI182,1,True,Original u otra
HLNVREF,int64,47299,6,0,0.0,HEALTH INSURANCE,,Predictor candidato,NEVER HAD HEALTH INSURANCE BC INS COMPANY REFUSED COVERAGE,QHI183,1,True,Original u otra
HLNVNEED,int64,47299,6,0,0.0,HEALTH INSURANCE,,Predictor candidato,NEVER HAD HEALTH INSURANCE BECAUSE DON'T NEED IT,QHI184,1,True,Original u otra
HLNVSOR,int64,47299,6,0,0.0,HEALTH INSURANCE,,Predictor candidato,NEVER HAD HEALTH INSURANCE BECAUSE OF SOME OTHER REASON,QHI185,1,True,Original u otra
IRMEDICR,int64,47299,2,0,0.0,IMPUTED HEALTH INSURANCE,,Predictor candidato,MEDICARE - IMPUTATION REVISED,MEDICARE,1,True,Imputada
IIMEDICR,int64,47299,2,0,0.0,IMPUTED HEALTH INSURANCE,,Predictor candidato,MEDICARE - IMPUTATION INDICATOR,MEDICARE,1,True,Imputada
IRMCDCHP,int64,47299,2,0,0.0,IMPUTED HEALTH INSURANCE,,Predictor candidato,MEDICAID/CHIP - IMPUTATION REVISED,CAIDCHIP,1,True,Imputada
IIMCDCHP,int64,47299,2,0,0.0,IMPUTED HEALTH INSURANCE,,Predictor candidato,MEDICAID/CHIP - IMPUTATION INDICATOR,CAIDCHIP,1,True,Imputada
IRCHMPUS,int64,47299,2,0,0.0,IMPUTED HEALTH INSURANCE,,Predictor candidato,CHAMPUS - IMPUTATION REVISED,CHAMPUS,1,True,Imputada
IICHMPUS,int64,47299,2,0,0.0,IMPUTED HEALTH INSURANCE,,Predictor candidato,CHAMPUS - IMPUTATION INDICATOR,CHAMPUS,1,True,Imputada
IRPRVHLT,int64,47299,2,0,0.0,IMPUTED HEALTH INSURANCE,,Predictor candidato,PRIVATE HEALTH INSURANCE - IMPUTATION REVISED,PRVHLTIN,1,True,Imputada
IIPRVHLT,int64,47299,2,0,0.0,IMPUTED HEALTH INSURANCE,,Predictor candidato,PRIVATE HEALTH INSURANCE - IMPUTATION INDICATOR,PRVHLTIN,1,True,Imputada
IROTHHLT,int64,47299,3,0,0.0,IMPUTED HEALTH INSURANCE,,Predictor candidato,OTHER HEALTH INSURANCE - IMPUTATION REVISED,"ANYHLTI2, CAIDCHIP, CHAMPUS, IRCHMPUS, IRMCDCHP, IRMEDICR, IRPRVHLT, MEDICARE, PRVHLTIN",9,True,Imputada
IIOTHHLT,int64,47299,3,0,0.0,IMPUTED HEALTH INSURANCE,,Predictor candidato,OTHER HEALTH INSURANCE - IMPUTATION INDICATOR,"ANYHLTI2, CAIDCHIP, CHAMPUS, IRCHMPUS, IRMCDCHP, IRMEDICR, IRPRVHLT, MEDICARE, PRVHLTIN",9,True,Imputada
HLCALLFG,int64,47299,2,0,0.0,RECODED HEALTH INSURANCE,,Predictor candidato,FLAG IF EVERY FORM OF HEALTH INS REPORTED,,0,True,Recodificada
HLCALL99,int64,47299,2,0,0.0,RECODED HEALTH INSURANCE,,Predictor candidato,YES TO MEDICARE/MEDICAID/CHAMPUS/PRVHLTIN,,0,True,Recodificada
ANYHLTI2,int64,47299,5,0,0.0,RECODED HEALTH INSURANCE,,Predictor candidato,COVERED BY ANY HEALTH INSURANCE - RECODE,"CAIDCHIP, CHAMPUS, HLTINNOS, MEDICARE, PRVHLTIN",5,True,Recodificada
IRINSUR4,int64,47299,2,0,0.0,RECODED HEALTH INSURANCE,,Predictor candidato,RC-OVERALL HEALTH INSURANCE - IMPUTATION REVISED,"IRCHMPUS, IRMCDCHP, IRMEDICR, IROTHHLT, IRPRVHLT",5,True,Recodificada
IIINSUR4,int64,47299,2,0,0.0,RECODED HEALTH INSURANCE,,Predictor candidato,RC-OVERALL HEALTH INSURANCE - IMPUTATION INDICATOR,"IRCHMPUS, IRMCDCHP, IRMEDICR, IROTHHLT, IRPRVHLT",5,True,Recodificada
OTHINS,int64,47299,2,0,0.0,RECODED HEALTH INSURANCE,,Predictor candidato,"RC-HEALTH INSURANCE OTHER THAN PRIVATE, MEDICAID/CHIP","IRCHMPUS, IRMEDICR, IROTHHLT",3,True,Recodificada
CELLWRKNG,int64,47299,6,0,0.0,INCOME,,Predictor candidato,WORKING CELL PHONE,CELL2,1,True,Original u otra
CELLNOTCL,int64,47299,6,0,0.0,INCOME,,Predictor candidato,NOT A CELL PHONE,CELL1,1,True,Original u otra
IRFAMSOC,int64,47299,2,0,0.0,IMPUTED INCOME,,Predictor candidato,FAM RECEIVE SS OR RR PAYMENTS - IMPUTATION REVISED,,0,True,Imputada
IIFAMSOC,int64,47299,2,0,0.0,IMPUTED INCOME,,Predictor candidato,FAM RECEIVE SS OR RR PAYMENTS - IMPUTATION INDICATOR,,0,True,Imputada
IRFAMSSI,int64,47299,2,0,0.0,IMPUTED INCOME,,Predictor candidato,FAM RECEIVE SSI - IMPUTATION REVISED,,0,True,Imputada
IIFAMSSI,int64,47299,2,0,0.0,IMPUTED INCOME,,Predictor candidato,FAM RECEIVE SSI - IMPUTATION INDICATOR,,0,True,Imputada
IRFSTAMP,int64,47299,2,0,0.0,IMPUTED INCOME,,Predictor candidato,RESP/OTH FAM MEM REC FOOD STAMPS - IMPUTATION REVISED,,0,True,Imputada
IIFSTAMP,int64,47299,2,0,0.0,IMPUTED INCOME,,Predictor candidato,RESP/OTH FAM MEM REC FOOD STAMPS - IMPUTATION INDICATOR,,0,True,Imputada
IRFAMPMT,int64,47299,2,0,0.0,IMPUTED INCOME,,Predictor candidato,FAM RECEIVE PUBLIC ASSIST - IMPUTATION REVISED,,0,True,Imputada
IIFAMPMT,int64,47299,2,0,0.0,IMPUTED INCOME,,Predictor candidato,FAM RECEIVE PUBLIC ASSIST - IMPUTATION INDICATOR,,0,True,Imputada
IRFAMSVC,int64,47299,2,0,0.0,IMPUTED INCOME,,Predictor candidato,FAM REC WELFARE/JOB PL/CHILDCARE - IMPUTATION REVISED,,0,True,Imputada
IIFAMSVC,int64,47299,2,0,0.0,IMPUTED INCOME,,Predictor candidato,FAM REC WELFARE/JOB PL/CHILDCARE - IMPUTATION INDICATOR,,0,True,Imputada
IRWELMOS,int64,47299,13,0,0.0,IMPUTED INCOME,,Predictor candidato,NO OF MONTHS ON WELFARE - IMPUTATION REVISED,"IRFAMPMT, IRFAMSVC",2,True,Imputada
IIWELMOS,int64,47299,3,0,0.0,IMPUTED INCOME,,Predictor candidato,NO OF MONTHS ON WELFARE - IMPUTATION INDICATOR,,0,True,Imputada
IRPINC3,int64,47299,7,0,0.0,IMPUTED INCOME,,Predictor candidato,RECODE -RESP TOT INCOME - IMPUTATION REVISED,,0,True,Imputada
IRFAMIN3,int64,47299,7,0,0.0,IMPUTED INCOME,,Predictor candidato,RECODE - TOT FAM INCOME - IMPUTATION REVISED,,0,True,Imputada
IIPINC3,int64,47299,2,0,0.0,IMPUTED INCOME,,Predictor candidato,RECODE - RESP TOT INCOME - IMPUTATION INDICATOR,,0,True,Imputada
IIFAMIN3,int64,47299,2,0,0.0,IMPUTED INCOME,,Predictor candidato,RECODE - TOT FAM INCOME - IMPUTATION INDICATOR,,0,True,Imputada
GOVTPROG,int64,47299,2,0,0.0,RECODED INCOME,,Predictor candidato,RC-PARTICIPATED IN ONE OR MORE GOVT ASSIST PROGRAMS,"IRFAMPMT, IRFAMSSI, IRFAMSVC, IRFSTAMP",4,True,Recodificada
INCOME,int64,47299,4,0,0.0,RECODED INCOME,,Predictor candidato,RC-TOTAL FAMILY INCOME RECODE,,0,True,Recodificada
POVERTY3,float64,47163,3,136,0.288,RECODED INCOME,,Predictor candidato,RC-POVERTY LEVEL (% OF US CENSUS POVERTY THRESHOLD),,0,True,Recodificada
BOOKED,int64,47299,7,0,0.0,SPECIAL TOPICS,,Predictor candidato,EVER ARRESTED AND BOOKED FOR BREAKING THE LAW,SP01,1,True,Original u otra
NOBOOKY2,int64,47299,9,0,0.0,SPECIAL TOPICS,,Predictor candidato,# TIMES ARRESTED AND BOOKED PAST 12 MONTHS,"SP02, SP03S",2,True,Original u otra
BKMVTHFT,int64,47299,8,0,0.0,SPECIAL TOPICS,,Predictor candidato,ARRSTD & BOOKED FOR MOT VEH THEFT PAST 12 MONTHS,SP03A,1,True,Original u otra
BKLARCNY,int64,47299,9,0,0.0,SPECIAL TOPICS,,Predictor candidato,ARRSTD & BOOKED FOR LARCENY/THEFT PAST 12 MONTHS,SP03B,1,True,Original u otra
BKBURGL,int64,47299,8,0,0.0,SPECIAL TOPICS,,Predictor candidato,ARRSTD & BOOKED FOR BURGLARY/B & E PAST 12 MOS,SP03C,1,True,Original u otra
BKSRVIOL,int64,47299,9,0,0.0,SPECIAL TOPICS,,Predictor candidato,ARRSTD & BOOKED SERIOUS VIOL OFFENSE PST 12 MOS,"SP03D, SP03G, SP03H",3,True,Original u otra
BKSMASLT,int64,47299,9,0,0.0,SPECIAL TOPICS,,Predictor candidato,ARRSTD & BOOKED FOR OTHER ASSAULT PAST 12 MONTHS,SP03E,1,True,Original u otra
BKROB,int64,47299,7,0,0.0,SPECIAL TOPICS,,Predictor candidato,ARRSTD & BOOKED FOR ROBBERY PAST 12 MONTHS,SP03F,1,True,Original u otra
BKARSON,int64,47299,7,0,0.0,SPECIAL TOPICS,,Predictor candidato,ARRSTD & BOOKED FOR ARSON PAST 12 MONTHS,SP03I,1,True,Original u otra
BKDRVINF,int64,47299,8,0,0.0,SPECIAL TOPICS,,Predictor candidato,ARRSTD & BOOKED FOR DUI PAST 12 MONTHS,SP03J,1,True,Original u otra
BKDRUNK,int64,47299,8,0,0.0,SPECIAL TOPICS,,Predictor candidato,ARRSTD & BOOKED FOR DRUNKENNESS PAST 12 MONTHS,SP03K,1,True,Original u otra
BKDRUG,int64,47299,8,0,0.0,SPECIAL TOPICS,,Predictor candidato,ARRSTD & BOOKED FOR POSSES/SALE DRUGS PAST 12 MOS,SP03M,1,True,Original u otra
BKSEXNR,int64,47299,7,0,0.0,SPECIAL TOPICS,,Predictor candidato,ARRSTD & BOOKED SEX OFFENSE EXCL RAPE PST 12 MOS,"SP03N, SP03O",2,True,Original u otra
BKFRAUD,int64,47299,9,0,0.0,SPECIAL TOPICS,,Predictor candidato,ARRSTD & BOOKED FOR FRAUD/STOL GOODS PAST 12 MOS,SP03P,1,True,Original u otra
BKOTH,int64,47299,9,0,0.0,SPECIAL TOPICS,,Predictor candidato,ARRSTD & BOOKED FOR SOME OTHER OFF PAST 12 MOS,SP03Q,1,True,Original u otra
BKOTHOF2,int64,47299,25,0,0.0,SPECIAL TOPICS,,Predictor candidato,OTHER OFFENSE PAST 12 MONTHS - SPECIFY,"SP03QSC, SP03RSC, SP03SSC",3,True,Original u otra
PROBATON,int64,47299,6,0,0.0,SPECIAL TOPICS,,Predictor candidato,ON PROBATION AT ANY TIME PAST 12 MONTHS,SP04,1,True,Original u otra
PAROLREL,int64,47299,6,0,0.0,SPECIAL TOPICS,,Predictor candidato,ON PAROLE/SUPRV RELEASE PAST 12 MONTHS,SP05,1,True,Original u otra
DRVINALCO,int64,47299,7,0,0.0,SPECIAL TOPICS,,Predictor candidato,DROVE UNDER INFLUENCE OF ALCOHOL PST 12 MOS,SP06A,1,True,Original u otra
DRVINMARJ,int64,47299,7,0,0.0,SPECIAL TOPICS,,Predictor candidato,DROVE UNDER INFLUENCE OF MARIJUANA PST 12 MOS,SP06B,1,True,Original u otra
DRVINCOCN,int64,47299,8,0,0.0,SPECIAL TOPICS,,Predictor candidato,DROVE UNDER INFLU OF COCAINE PST 12 MOS,SP06C,1,True,Original u otra
DRVINHERN,int64,47299,8,0,0.0,SPECIAL TOPICS,,Predictor candidato,DROVE UNDER INFLUENCE OF HEROIN PAST 12 MOS,SP06D,1,True,Original u otra
DRVINHALL,int64,47299,8,0,0.0,SPECIAL TOPICS,,Predictor candidato,DROVE UNDER INFLU OF HALLUCINOGENS PAST 12 MOS,SP06E,1,True,Original u otra
DRVININHL,int64,47299,6,0,0.0,SPECIAL TOPICS,,Predictor candidato,DROVE UNDER INFLUENCE OF INHALANTS PAST 12 MOS,SP06F,1,True,Original u otra
DRVINMETH,int64,47299,7,0,0.0,SPECIAL TOPICS,,Predictor candidato,DROVE UNDER INFLU OF METHAMPHETAMINE PAST 12 MOS,SP06G,1,True,Original u otra
DRVINALON,int64,47299,6,0,0.0,SPECIAL TOPICS,,Predictor candidato,DROVE UNDER INFLUENCE OF ONLY ALCOHOL PST 12 MOS,SP06H,1,True,Original u otra
MXMJPNLT,int64,47299,10,0,0.0,SPECIAL TOPICS,,Predictor candidato,MAX PENALTY FOR 1ST MJ POSS < OUNCE IN YOUR STATE,SP07,1,True,Original u otra
DRVINALCO2,float64,46776,2,523,1.106,RECODED SPECIAL TOPICS,,Predictor candidato,RC-DROVE UNDER INFLUENCE OF ALCOHOL IN PAST YEAR,DRVINALCO,1,True,Recodificada
DRVINMARJ2,float64,46983,2,316,0.668,RECODED SPECIAL TOPICS,,Predictor candidato,RC-DROVE UNDER INFLUENCE OF MARIJUANA IN PAST YEAR,DRVINMARJ,1,True,Recodificada
DRVINDRG,float64,46619,2,680,1.438,RECODED SPECIAL TOPICS,,Predictor candidato,RC-DROVE UNDER INFLUENCE OF SELECTED ILL DRUGS IN PAST YR,"DRVINCOCN, DRVINHALL, DRVINHERN, DRVININHL, DRVINMARJ, DRVINMETH",6,True,Recodificada
DRVINDROTMJ,float64,46812,2,487,1.03,RECODED SPECIAL TOPICS,,Predictor candidato,RC-DROVE UNDER INFLUENCE OF SELECTED ILL DRG OTH MRJ IN PY,"DRVINCOCN, DRVINHALL, DRVINHERN, DRVININHL, DRVINMETH",5,True,Recodificada
DRVINALDRG,float64,46315,2,984,2.08,RECODED SPECIAL TOPICS,,Predictor candidato,RC-DROVE UNDER INFLUENCE OF ALC OR SELECTED ILL DRG IN PY,"DRVINALCO2, DRVINDRG",2,True,Recodificada
PAROL,float64,46658,2,641,1.355,RECODED SPECIAL TOPICS,,Predictor candidato,RC-PAROLE/SUPERVISED RELEASE STATUS IN THE PAST YEAR,PAROLREL,1,True,Recodificada
PROB,float64,46661,2,638,1.349,RECODED SPECIAL TOPICS,,Predictor candidato,RC-PROBATION STATUS IN THE PAST YEAR,PROBATON,1,True,Recodificada
CIGEVER,int64,47299,2,0,0.0,NICOTINE,,Predictor candidato,EVER SMOKED A CIGARETTE,"CG01, CGREF1",2,True,Original u otra
CIGTRY,int64,47299,57,0,0.0,NICOTINE,,Predictor candidato,AGE WHEN FIRST SMOKED A CIGARETTE,CG04,1,True,Original u otra
CIGYFU,int64,47299,10,0,0.0,NICOTINE,,Predictor candidato,YEAR OF FIRST CIGARETTE USE - RECODE,"CG04A, CG04B, CG04C",3,True,Original u otra
CIGMFU,int64,47299,19,0,0.0,NICOTINE,,Predictor candidato,MONTH OF FIRST CIGARETTE USE - RECODE,"CG04C, CG04D",2,True,Original u otra
CIGREC,int64,47299,11,0,0.0,NICOTINE,,Predictor candidato,TIME SINCE LAST SMOKED CIGARETTES,"CG05, CG06, CG06DK, CG06RE",4,True,Original u otra
CIG30USE,int64,47299,35,0,0.0,NICOTINE,,Predictor candidato,HOW MANY DAYS SMOKED CIG IN PAST 30 DAYS,CG07,1,True,Original u otra
CG30EST,int64,47299,11,0,0.0,NICOTINE,,Predictor candidato,BEST EST. # DAYS SMOKED CIG PAST 30 DAYS,CG07DKRE,1,True,Original u otra
CIG30AV,int64,47299,12,0,0.0,NICOTINE,,Predictor candidato,AVG # CIGS SMOKED PER DAY/ON DAY SMOKED,"CG08, CG10",2,True,Original u otra
CIGMENTH30,int64,47299,7,0,0.0,NICOTINE,,Predictor candidato,MENTHOL CIGARETTES SMOKED MOST OFTEN IN PAST 30 DAYS,CGMENTH1,1,True,Original u otra
CIGROLL30,int64,47299,7,0,0.0,NICOTINE,,Predictor candidato,SMOKED A ROLL-YOUR-OWN CIGARETTE IN THE PAST 30 DAYS,CG14,1,True,Original u otra
CIGDLYMO,int64,47299,6,0,0.0,NICOTINE,,Predictor candidato,EVER SMOKED CIG EVERY DAY FOR 30 DAYS,CG15,1,True,Original u otra
CIGAGE,int64,47299,63,0,0.0,NICOTINE,,Predictor candidato,AGE WHEN FIRST STARTED SMOKING CIGARETTES EVERYDAY,CG16,1,True,Original u otra
CIGDLYFU,int64,47299,10,0,0.0,NICOTINE,,Predictor candidato,YEAR OF FIRST CIGARETTE USE EVERY DAY - RECODE,"CG16M1, CG16Y1, CG16Y2",3,True,Original u otra
CIGDLMFU,int64,47299,19,0,0.0,NICOTINE,,Predictor candidato,MONTH OF FIRST CIGARETTE USE EVERY DAY - RECODE,"CG16M1, CG16M2",2,True,Original u otra
CIG100LF,int64,47299,7,0,0.0,NICOTINE,,Predictor candidato,HAVE YOU SMOKED 100 CIGS IN YOUR LIFE,CG16A,1,True,Original u otra
NICVAPEVER,int64,47299,4,0,0.0,NICOTINE,,Predictor candidato,EVER VAPED NICOTINE WITH E-CIGARETTE OR OTHER VAPING DEVICE,"VPLIF, VPLIFREF",2,True,Original u otra
NICVAPAGE,int64,47299,84,0,0.0,NICOTINE,,Predictor candidato,AGE WHEN FIRST VAPED NICOTINE WITH E-CIG OR VAPING DEVICE,VPFT,1,True,Original u otra
NICVAPYFU,int64,47299,10,0,0.0,NICOTINE,,Predictor candidato,YEAR FIRST VAPED NICOTINE W/ E-CIG OR VAPE DEVICE - RECODE,"VPFTYRA, VPFTYRB",2,True,Original u otra
NICVAPMFU,int64,47299,19,0,0.0,NICOTINE,,Predictor candidato,MONTH FIRST VAPED NICOTINE W/ E-CIG OR VAPE DEVICE - RECODE,"VPFTMOA, VPFTMOB",2,True,Original u otra
NICVAPREC,int64,47299,12,0,0.0,NICOTINE,,Predictor candidato,TIME SINCE LAST VAPED NICOTINE WITH E-CIG OR VAPING DEVICE,"VPPM, VPREC, VPRECDK, VPRECREF",4,True,Original u otra
NICVAP30N,int64,47299,35,0,0.0,NICOTINE,,Predictor candidato,# DAYS VAPED NICOTINE W/ E-CIG OR VAP DEVICE IN PAST 30 DAYS,VPPMNUM,1,True,Original u otra
SMKLSSEVR,int64,47299,4,0,0.0,NICOTINE,,Predictor candidato,EVER USED SMOKELESS TOBACCO,"CG25, CGREF3",2,True,Original u otra
SMKLSSTRY,int64,47299,65,0,0.0,NICOTINE,,Predictor candidato,AGE WHEN FIRST USED SMOKELESS TOBACCO,CG26,1,True,Original u otra
SMKLSSYFU,int64,47299,10,0,0.0,NICOTINE,,Predictor candidato,YEAR OF FIRST SMOKELESS TOBACCO  USE - RECODE,"CG26A, CG26B, CG26C",3,True,Original u otra
SMKLSSMFU,int64,47299,19,0,0.0,NICOTINE,,Predictor candidato,MONTH OF FIRST SMOKELESS TOBACCO USE - RECODE,"CG26C, CG26D",2,True,Original u otra
SMKLSSREC,int64,47299,14,0,0.0,NICOTINE,,Predictor candidato,TIME SINCE LAST USED SMOKELESS TOBACCO,"CG27, CG28, CG28DK, CG28RE",4,True,Original u otra
SMKLSS30N,int64,47299,35,0,0.0,NICOTINE,,Predictor candidato,HOW MANY DAYS USED SMOKELESS TOBACCO PAST 30 DAYS,CG29,1,True,Original u otra
SMKLSS30E,int64,47299,10,0,0.0,NICOTINE,,Predictor candidato,BEST EST. HOW MANY DAYS USED SMKLSS TOB PST 30 DYS,CG29DKRE,1,True,Original u otra
CIGAREVR,int64,47299,4,0,0.0,NICOTINE,,Predictor candidato,EVER SMOKED PART OR ALL OF CIGAR,"CG34, CGREF4",2,True,Original u otra
CIGARTRY,int64,47299,76,0,0.0,NICOTINE,,Predictor candidato,AGE WHEN FIRST SMOKED CIGAR,CG35,1,True,Original u otra
CIGARYFU,int64,47299,10,0,0.0,NICOTINE,,Predictor candidato,YEAR OF FIRST CIGAR USE - RECODE,"CG35A, CG35B, CG35C",3,True,Original u otra
CIGARMFU,int64,47299,19,0,0.0,NICOTINE,,Predictor candidato,MONTH OF FIRST CIGAR USE - RECODE,"CG35C, CG35D",2,True,Original u otra
CIGARREC,int64,47299,13,0,0.0,NICOTINE,,Predictor candidato,TIME SINCE LAST SMOKED CIGAR,"CG36, CG37, CG37DK, CG37RE",4,True,Original u otra
CGR30USE,int64,47299,34,0,0.0,NICOTINE,,Predictor candidato,HOW MANY DAYS SMOKED CIGAR IN PAST 30 DAYS,CG38,1,True,Original u otra
CI30EST,int64,47299,10,0,0.0,NICOTINE,,Predictor candidato,BEST EST. # DAYS SMOKED CIGAR PAST 30 DAYS,CG38DKRE,1,True,Original u otra
PIPEVER,int64,47299,3,0,0.0,NICOTINE,,Predictor candidato,EVER SMOKED PIPE TOBACCO,"CG42, CGREF5",2,True,Original u otra
PIPE30DY,int64,47299,5,0,0.0,NICOTINE,,Predictor candidato,HAVE YOU SMOKED PIPE TOBACCO IN PAST 30 DAYS,CG43,1,True,Original u otra
CIGIRTBL,int64,47299,10,0,0.0,NICOTINE DEPENDENCE,,Predictor candidato,NEED TO SMOKE TO FEEL LESS IRRITABLE,DRCGE01,1,True,Original u otra
CIGCRAVE,int64,47299,10,0,0.0,NICOTINE DEPENDENCE,,Predictor candidato,START TO CRAVE CIGS WHEN DON'T SMOKE FOR FEW HRS,DRCGE02,1,True,Original u otra
CIGCRAGP,int64,47299,10,0,0.0,NICOTINE DEPENDENCE,,Predictor candidato,CRAVING OF CIGS LIKE STRONG FORCE CAN'T CONTROL,DRCGE03,1,True,Original u otra
CIGINCTL,int64,47299,10,0,0.0,NICOTINE DEPENDENCE,,Predictor candidato,FEEL A SENSE OF CONTROL OVER YOUR SMOKING,DRCGE04,1,True,Original u otra
CIGAVOID,int64,47299,10,0,0.0,NICOTINE DEPENDENCE,,Predictor candidato,TEND TO AVOID PLACES THAT DON'T ALLOW SMOKING,DRCGE05,1,True,Original u otra
CIGFNSMK,int64,47299,7,0,0.0,NICOTINE DEPENDENCE,,Predictor candidato,HAVE FRIENDS WHO DO NOT SMOKE CIGARETTES,DRCGE06A,1,True,Original u otra
CIGFNLKE,int64,47299,11,0,0.0,NICOTINE DEPENDENCE,,Predictor candidato,CHOOSE NOT TO BE AROUND FRIENDS WHO DON'T SMOKE,DRCGE06B,1,True,Original u otra
CIGPLANE,int64,47299,10,0,0.0,NICOTINE DEPENDENCE,,Predictor candidato,RATHER NOT TRAVEL BY AIRPLANE B/C NO SMOKING,DRCGE07,1,True,Original u otra
CIGRNOUT,int64,47299,10,0,0.0,NICOTINE DEPENDENCE,,Predictor candidato,SOMETIMES WORRY THAT YOU WILL RUN OUT OF CIGS,DRCGE08,1,True,Original u otra
CIGREGDY,int64,47299,10,0,0.0,NICOTINE DEPENDENCE,,Predictor candidato,SMOKE CIGS FAIRLY REGULARLY THROUGHOUT THE DAY,DRCGE09,1,True,Original u otra
CIGREGWK,int64,47299,10,0,0.0,NICOTINE DEPENDENCE,,Predictor candidato,SMOKE SAME AMOUNT ON WEEKENDS AS ON WEEKDAYS,DRCGE10,1,True,Original u otra
CIGREGNM,int64,47299,10,0,0.0,NICOTINE DEPENDENCE,,Predictor candidato,SMOKE SAME NUMBER OF CIGS FROM DAY TO DAY,DRCGE11,1,True,Original u otra
CIGNMCHG,int64,47299,10,0,0.0,NICOTINE DEPENDENCE,,Predictor candidato,NUMBER OF CIGS SMOKE PER DAY OFTEN CHANGES,DRCGE12,1,True,Original u otra
CIGSVLHR,int64,47299,10,0,0.0,NICOTINE DEPENDENCE,,Predictor candidato,"HAVE MANY CIGS IN HR, THEN NO CIGS TIL HRS LATER",DRCGE13,1,True,Original u otra
CIGINFLU,int64,47299,10,0,0.0,NICOTINE DEPENDENCE,,Predictor candidato,# OF CIGS SMOKE PER DAY INFLUENCED BY OTHER THINGS,DRCGE14,1,True,Original u otra
CIGNOINF,int64,47299,10,0,0.0,NICOTINE DEPENDENCE,,Predictor candidato,SMOKING NOT AFFECTED BY OTHER THINGS,DRCGE15,1,True,Original u otra
CIGINCRS,int64,47299,10,0,0.0,NICOTINE DEPENDENCE,,Predictor candidato,AMOUNT OF SMOKING HAS INCR. SINCE STARTED SMOKING,DRCGE16,1,True,Original u otra
CIGSATIS,int64,47299,10,0,0.0,NICOTINE DEPENDENCE,,Predictor candidato,NEED TO SMOKE A LOT MORE TO BE SATISFIED,DRCGE17,1,True,Original u otra
CIGLOTMR,int64,47299,10,0,0.0,NICOTINE DEPENDENCE,,Predictor candidato,SMOKE MUCH MORE NOW BEFORE FEEL ANYTHING,DRCGE18,1,True,Original u otra
CIGWAKE,int64,47299,9,0,0.0,NICOTINE DEPENDENCE,,Predictor candidato,HOW SOON AFTER WAKING DO YOU HAVE YOUR FIRST CIG,"DRCGE19A, DRCGE19B",2,True,Original u otra
NDSSDEPND,float64,47169,3,130,0.275,NICOTINE DEPENDENCE,,Predictor candidato,NICOTINE DEPENDENCE BASED ON NDSS SCORE,"CIGAVOID, CIGCRAGP, CIGCRAVE, CIGINCRS, CIGINCTL, CIGINFLU, CIGIRTBL, CIGLOTMR, CIGMON, CIGNMCHG, CIGNOINF, CIGPLANE, CIGREGDY, CIGREGNM, CIGREGWK, CIGRNOUT, CIGSATIS, CIGSVLHR",18,True,Original u otra
FTNDDEPND,float64,47050,3,249,0.526,NICOTINE DEPENDENCE,,Predictor candidato,NICOTINE DEPENDENCE BASED ON FTND SCALE,"CIGMON, CIGWAKE",2,True,Original u otra
PMNICDEP,float64,47049,3,250,0.529,NICOTINE DEPENDENCE,,Predictor candidato,NICOTINE DEPENDENCE IN PAST MONTH,"FTNDDEP, NDSSDEP",2,True,Original u otra
IRPMNICDEP,int64,47299,2,0,0.0,IMPUTED NICOTINE DEPENDENCE,,Predictor candidato,NICOTINE DEPENDENCE IN PAST MONTH - IMPUTATION REVISED,PMNICDEP,1,True,Imputada
IIPMNICDEP,int64,47299,3,0,0.0,IMPUTED NICOTINE DEPENDENCE,,Predictor candidato,NICOTINE DEPENDENCE IN PAST MONTH - IMPUTATION INDICATOR,"CIGREC, IRPMNICDEP",2,True,Imputada
ALCEVER,int64,47299,4,0,0.0,ALCOHOL,,Predictor candidato,EVER HAD DRINK OF ALCOHOLIC BEVERAGE,"AL01, ALREF",2,True,Original u otra
ALCTRY,int64,47299,64,0,0.0,ALCOHOL,,Predictor candidato,AGE WHEN FIRST DRANK ALCOHOLIC BEVERAGE,AL02,1,True,Original u otra
ALCYFU,int64,47299,10,0,0.0,ALCOHOL,,Predictor candidato,YEAR OF FIRST ALCOHOL USE - RECODE,"AL02A, AL02B, AL02C",3,True,Original u otra
ALCMFU,int64,47299,19,0,0.0,ALCOHOL,,Predictor candidato,MONTH OF FIRST ALCOHOL USE - RECODE,"AL02C, AL02D",2,True,Original u otra
ALCREC,int64,47299,9,0,0.0,ALCOHOL,,Predictor candidato,TIME SINCE LAST DRANK ALCOHOLIC BEVERAGE,"ALLAST3, ALRECDK, ALRECRE",3,True,Original u otra
ALCYRTOT,int64,47299,186,0,0.0,ALCOHOL,,Predictor candidato,TOTAL # OF DAYS USED ALCOHOL IN PAST 12 MOS,TOTDRINK,1,True,Original u otra
ALTOTFG,int64,47299,4,0,0.0,ALCOHOL,,Predictor candidato,TRIMMING INDICATOR FOR ALCYRTOT,,0,True,Original u otra
ALFQFLG,int64,47299,2,0,0.0,ALCOHOL,,Predictor candidato,TRIMMED ALCYRTOT IF R USED < 12 MOS,,0,True,Original u otra
ALBSTWAY,int64,47299,12,0,0.0,ALCOHOL,,Predictor candidato,EASIEST WAY TO TELL US # DAYS DRANK ALCOHOL,ALFRAME3,1,True,Original u otra
ALDAYPYR,int64,47299,137,0,0.0,ALCOHOL,,Predictor candidato,NUMBER DAYS DRANK ALCOHOL IN PAST 12 MOS,ALYRAVE,1,True,Original u otra
ALDAYPMO,int64,47299,39,0,0.0,ALCOHOL,,Predictor candidato,# DAYS PER MONTH DRANK ALCOHOL IN PAST 12 MOS,ALMONAVE,1,True,Original u otra
ALDAYPWK,int64,47299,14,0,0.0,ALCOHOL,,Predictor candidato,# DAYS PER WEEK DRANK ALCOHOL IN PAST 12 MOS,ALWKAVE,1,True,Original u otra
ALCDAYS,int64,47299,36,0,0.0,ALCOHOL,,Predictor candidato,# DAYS HAD ONE OR MORE DRINKS PAST 30 DAYS,AL06,1,True,Original u otra
AL30EST,int64,47299,13,0,0.0,ALCOHOL,,Predictor candidato,BEST ESTIMATE # DAYS HAD ONE OR MORE DRINKS,AL06DKRE,1,True,Original u otra
ALDYSFG,int64,47299,2,0,0.0,ALCOHOL,,Predictor candidato,REVISION INDICATOR FOR ALCDAYS,,0,True,Original u otra
ALCUS30D,int64,47299,49,0,0.0,ALCOHOL,,Predictor candidato,USUAL # OF DRINKS PER DAY PAST 30 DAYS,AL07,1,True,Original u otra
ALCBNG30D,int64,47299,38,0,0.0,ALCOHOL,,Predictor candidato,# DAYS HAD FOUR/FIVE OR MORE DRINKS PAST 30 DYS,AL08,1,True,Original u otra
CADRLAST,int64,47299,50,0,0.0,CONSUMPTION OF ALCOHOL,,Predictor candidato,# OF DRINKS THE LAST TIME DRANK IN PAST 30 DAYS,CA01,1,True,Original u otra
CADRPEOP,int64,47299,10,0,0.0,CONSUMPTION OF ALCOHOL,,Predictor candidato,ALONE OR W/ MORE THAN ONE PERSON LAST TIME DRANK,CA02A,1,True,Original u otra
CADRCAR,int64,47299,9,0,0.0,CONSUMPTION OF ALCOHOL,,Predictor candidato,I DRANK IN A CAR OR OTHER VEHICLE,CA02B1,1,True,Original u otra
CADRHOME,int64,47299,10,0,0.0,CONSUMPTION OF ALCOHOL,,Predictor candidato,I DRANK AT MY HOME,CA02B2,1,True,Original u otra
CADROTHM,int64,47299,9,0,0.0,CONSUMPTION OF ALCOHOL,,Predictor candidato,I DRANK AT SOMEONE ELSE'S HOME,CA02B3,1,True,Original u otra
CADRPUBL,int64,47299,9,0,0.0,CONSUMPTION OF ALCOHOL,,Predictor candidato,"I DRANK AT A PARK, ON A BEACH OR IN A PARKING LOT",CA02B4,1,True,Original u otra
CADRBAR,int64,47299,9,0,0.0,CONSUMPTION OF ALCOHOL,,Predictor candidato,"I DRANK IN A RESTAURANT, BAR OR CLUB",CA02B5,1,True,Original u otra
CADREVNT,int64,47299,8,0,0.0,CONSUMPTION OF ALCOHOL,,Predictor candidato,I DRANK AT A CONCERT OR SPORTS GAME,CA02B6,1,True,Original u otra
CADRSCHL,int64,47299,9,0,0.0,CONSUMPTION OF ALCOHOL,,Predictor candidato,I DRANK AT SCHOOL,CA02B7,1,True,Original u otra
CADROTH,int64,47299,8,0,0.0,CONSUMPTION OF ALCOHOL,,Predictor candidato,I DRANK AT SOME OTHER PLACE,CA02B8,1,True,Original u otra
CADROTS2,int64,47299,24,0,0.0,CONSUMPTION OF ALCOHOL,,Predictor candidato,OTHER PLACE YOU LAST DRANK ALCOHOL,CA02SC,1,True,Original u otra
CABUYFRE,int64,47299,9,0,0.0,CONSUMPTION OF ALCOHOL,,Predictor candidato,PAY FOR THE LAST ALCOHOLIC BEVERAGE THAT U DRANK,CA03,1,True,Original u otra
CAGVMONY,int64,47299,9,0,0.0,CONSUMPTION OF ALCOHOL,,Predictor candidato,DID YOU/SOMEONE ELSE BUY LAST ALCOHOLIC BEVERAGE,CA04,1,True,Original u otra
CABUYWHO,int64,47299,7,0,0.0,CONSUMPTION OF ALCOHOL,,Predictor candidato,STATEMENT BEST DESCRIBES PURCHASE OF LAST ALCOHOL,CA05,1,True,Original u otra
CABPLACE,int64,47299,10,0,0.0,CONSUMPTION OF ALCOHOL,,Predictor candidato,WHERE YOU BOUGHT LAST ALCOHOLIC BEVERAGE,CA05A,1,True,Original u otra
CABUNDAG,int64,47299,6,0,0.0,CONSUMPTION OF ALCOHOL,,Predictor candidato,BUY LAST ALCOHOLIC BEVERAGE FR SOMEONE <21 OR 21+,CA05B,1,True,Original u otra
CAGVWHO,int64,47299,10,0,0.0,CONSUMPTION OF ALCOHOL,,Predictor candidato,WHO BOUGHT THE ALCOHOLIC BEVERAGE FOR YOU,CA06,1,True,Original u otra
CAFREWHO,int64,47299,17,0,0.0,CONSUMPTION OF ALCOHOL,,Predictor candidato,HOW DID U GET THE LAST ALCOHOLIC BEVERAGE U DRANK,CA07,1,True,Original u otra
CAFRESP2,int64,47299,21,0,0.0,CONSUMPTION OF ALCOHOL,,Predictor candidato,OTHER WAY YOU GOT THE LAST ALCOHOLIC BEVERAGE,CA07SC,1,True,Original u otra
CADRKDRUG,int64,47299,8,0,0.0,CONSUMPTION OF ALCOHOL,,Predictor candidato,ALSO USED DRUGS WHILE YOU WERE DRINKING,CA08,1,True,Original u otra
CADRKMARJ,int64,47299,7,0,0.0,CONSUMPTION OF ALCOHOL,,Predictor candidato,USED MARIJUANA OR CANNABIS WHILE YOU WERE DRINKING,CA091,1,True,Original u otra
CADRKCOCN,int64,47299,7,0,0.0,CONSUMPTION OF ALCOHOL,,Predictor candidato,USED COCAINE OR 'CRACK' WHILE YOU WERE DRINKING,CA092,1,True,Original u otra
CADRKHERN,int64,47299,6,0,0.0,CONSUMPTION OF ALCOHOL,,Predictor candidato,USED HEROIN WHILE YOU WERE DRINKING,CA093,1,True,Original u otra
CADRKHALL,int64,47299,7,0,0.0,CONSUMPTION OF ALCOHOL,,Predictor candidato,USED HALLUCINOGENS WHILE YOU WERE DRINKING,CA094,1,True,Original u otra
CADRKINHL,int64,47299,7,0,0.0,CONSUMPTION OF ALCOHOL,,Predictor candidato,USED INHALANTS WHILE YOU WERE DRINKING,CA095,1,True,Original u otra
CADRKMETH,int64,47299,7,0,0.0,CONSUMPTION OF ALCOHOL,,Predictor candidato,USED METHAMPHETAMINE WHILE YOU WERE DRINKING,CA096,1,True,Original u otra
CABINGFLG,int64,47299,4,0,0.0,CONSUMPTION OF ALCOHOL,,Predictor candidato,ANY REPORT OF 4+ OR 5+ DRINKS FROM ALCOHOL MODULE,,0,True,Original u otra
CABINGEVR,int64,47299,8,0,0.0,CONSUMPTION OF ALCOHOL,,Predictor candidato,EVER HAD 4/5 OR MORE DRINKS ON THE SAME OCCASION,CA10,1,True,Original u otra
CABINGAGE,int64,47299,85,0,0.0,CONSUMPTION OF ALCOHOL,,Predictor candidato,AGE 1ST TIME HAD 4 OR 5 OR MORE DRINKS SAME OCCASION,CA11,1,True,Original u otra
CABINGYFU,int64,47299,10,0,0.0,CONSUMPTION OF ALCOHOL,,Predictor candidato,YEAR OF FIRST 4 OR 5 + DRINKS ON SAME OCCASION - RECODE,"CA11A, CA11B, CA11C",3,True,Original u otra
CABINGMFU,int64,47299,19,0,0.0,CONSUMPTION OF ALCOHOL,,Predictor candidato,MONTH OF 4 OR 5+ DRINKS ON SAME OCCASION - RECODE,"CA11C, CA11D",2,True,Original u otra
EIBINGAGE,int64,47299,2,0,0.0,CONSUMPTION OF ALCOHOL,,Predictor candidato,EDITING INDICATOR FOR CABINGAGE,,0,True,Original u otra
EIBINGYFU,int64,47299,2,0,0.0,CONSUMPTION OF ALCOHOL,,Predictor candidato,EDITING INDICATOR FOR CABINGYFU,,0,True,Original u otra
EIBINGMFU,int64,47299,2,0,0.0,CONSUMPTION OF ALCOHOL,,Predictor candidato,EDITING INDICATOR FOR CABINGMFU,,0,True,Original u otra
UADPEOP,float64,47199,4,100,0.211,RECODED CONSUMPTION OF ALCOHOL,,Predictor candidato,RC-SOCIAL CONTEXT OF MOST RECENT ALCOHOL USE,CADRPEOP,1,True,Recodificada
UADCAR,float64,1284,2,46015,97.285,RECODED CONSUMPTION OF ALCOHOL,,Predictor candidato,RC-MOST RECENT ALCOHOL USE IN A CAR,CADRCAR,1,True,Recodificada
UADHOME,float64,1284,2,46015,97.285,RECODED CONSUMPTION OF ALCOHOL,,Predictor candidato,RC-MOST RECENT ALCOHOL USE AT HOME,CADRHOME,1,True,Recodificada
UADOTHM,float64,1284,2,46015,97.285,RECODED CONSUMPTION OF ALCOHOL,,Predictor candidato,RC-MOST RECENT ALCOHOL USE AT SOMEONE ELSE'S HOME,CADROTHM,1,True,Recodificada
UADPUBL,float64,1284,2,46015,97.285,RECODED CONSUMPTION OF ALCOHOL,,Predictor candidato,"RC-MOST RECENT ALCOHOL USE AT A PARK, BEACH, OR LOT",CADRPUBL,1,True,Recodificada
UADBAR,float64,1284,2,46015,97.285,RECODED CONSUMPTION OF ALCOHOL,,Predictor candidato,"RC-MOST RECENT ALCOHOL USE AT RESTAURANT, BAR, OR CLUB",CADRBAR,1,True,Recodificada
UADEVNT,float64,1284,2,46015,97.285,RECODED CONSUMPTION OF ALCOHOL,,Predictor candidato,RC-MOST RECENT ALCOHOL USE AT CONCERT OR SPORTS GAME,CADREVNT,1,True,Recodificada
UADSCHL,float64,1284,2,46015,97.285,RECODED CONSUMPTION OF ALCOHOL,,Predictor candidato,RC-MOST RECENT ALCOHOL USE AT SCHOOL,CADRSCHL,1,True,Recodificada
UADROTH,float64,1268,2,46031,97.319,RECODED CONSUMPTION OF ALCOHOL,,Predictor candidato,RC-MOST RECENT ALCOHOL USE AT SOME OTHER PLACE,"CADROTH, CADROTS2",2,True,Recodificada
UADOTSP2,float64,47174,6,125,0.264,RECODED CONSUMPTION OF ALCOHOL,,Predictor candidato,RC-OTHER LOCATIONS OF MOST RECENT ALCOHOL USE,CADROTS2,1,True,Recodificada
UADPAID,float64,47191,3,108,0.228,RECODED CONSUMPTION OF ALCOHOL,,Predictor candidato,RC-UNDERAGE DRINKER PAID FOR MOST RECENT ALCOHOL,CABUYFRE,1,True,Recodificada
UADMONY,float64,47187,3,112,0.237,RECODED CONSUMPTION OF ALCOHOL,,Predictor candidato,RC-UNDERAGE DRINKER PURCHASED MOST RECENT ALCOHOL,CAGVMONY,1,True,Recodificada
UADBWHO,float64,47187,3,112,0.237,RECODED CONSUMPTION OF ALCOHOL,,Predictor candidato,RC-HOW UNDERAGE DRINKER PURCHASED MOST RECNT ALCOHOL,CABUYWHO,1,True,Recodificada
UADPLACE,float64,47184,4,115,0.243,RECODED CONSUMPTION OF ALCOHOL,,Predictor candidato,RC-WHERE UNDERAGE DRINKER PURCHSD MOST RECNT ALCOHOL,CABPLACE,1,True,Recodificada
UADBUND,float64,47187,3,112,0.237,RECODED CONSUMPTION OF ALCOHOL,,Predictor candidato,RC-AGE PERSON WHO PURCHASED ALC FOR UNDERAGE DRINKER,CABUNDAG,1,True,Recodificada
UADCAG,float64,47180,5,119,0.252,RECODED CONSUMPTION OF ALCOHOL,,Predictor candidato,RC-WHO PURCHASED UNDERAGE DRINKER MOST RECENT ALCOHOL,CAGVWHO,1,True,Recodificada
UADFWHO,float64,47148,8,151,0.319,RECODED CONSUMPTION OF ALCOHOL,,Predictor candidato,RC-WHO GAVE UNDERAGE DRINKER MOST RECENT ALCOHOL,"CAFRESP2, CAFREWHO",2,True,Recodificada
UADFRD,float64,47148,3,151,0.319,RECODED CONSUMPTION OF ALCOHOL,,Predictor candidato,"RC-MOST RECENT ALCOHOL FROM FRIEND, UNSPEC AGE/METHOD","CAFRESP2, CAFREWHO",2,True,Recodificada
CADRKMARJ2,float64,46943,2,356,0.753,RECODED CONSUMPTION OF ALCOHOL,,Predictor candidato,RC-USED MARIJUANA WITH LAST ALCOHOL USE,CADRKMARJ,1,True,Recodificada
CADRKCOCN2,float64,47252,2,47,0.099,RECODED CONSUMPTION OF ALCOHOL,,Predictor candidato,RC-USED COCAINE WITH LAST ALCOHOL USE,CADRKCOCN,1,True,Recodificada
CADRKHERN2,float64,47286,2,13,0.027,RECODED CONSUMPTION OF ALCOHOL,,Predictor candidato,RC-USED HEROIN WITH LAST ALCOHOL USE,CADRKHERN,1,True,Recodificada
CADRKHALL2,float64,47164,2,135,0.285,RECODED CONSUMPTION OF ALCOHOL,,Predictor candidato,RC-USED HALLUCINOGENS WITH LAST ALCOHOL USE,CADRKHALL,1,True,Recodificada
CADRKINHL2,float64,47250,2,49,0.104,RECODED CONSUMPTION OF ALCOHOL,,Predictor candidato,RC-USED INHALANTS WITH LAST ALCOHOL USE,CADRKINHL,1,True,Recodificada
CADRKMETH2,float64,47273,2,26,0.055,RECODED CONSUMPTION OF ALCOHOL,,Predictor candidato,RC-USED METHAMPHETAMINE WITH LAST ALCOHOL USE,CADRKMETH,1,True,Recodificada
CBDHMPEVR,int64,47299,4,0,0.0,MARIJUANA,,Predictor candidato,EVER USED CBD OR HEMP PRODUCTS,CBDLIF,1,True,Original u otra
CBDHMPREC,int64,47299,7,0,0.0,MARIJUANA,,Predictor candidato,TIME SINCE LAST USED CBD OR HEMP PRODUCT,CBDLAST,1,True,Original u otra
MJEVER,int64,47299,4,0,0.0,MARIJUANA,,Predictor candidato,EVER USED MARIJUANA/CANNABIS,"MJ01, MJREF",2,True,Original u otra
MJAGE,int64,47299,92,0,0.0,MARIJUANA,,Predictor candidato,AGE WHEN FIRST USED MARIJUANA/CANNABIS,MJ02,1,True,Original u otra
MJYFU,int64,47299,10,0,0.0,MARIJUANA,,Predictor candidato,YEAR OF FIRST MARIJUANA/CANNABIS USE - RECODE,"MJ03A, MJ03B, MJ03C",3,True,Original u otra
MJMFU,int64,47299,19,0,0.0,MARIJUANA,,Predictor candidato,MONTH OF FIRST MARIJUANA/CANNABIS USE - RECODE,"MJ03C, MJ03D",2,True,Original u otra
MJREC,int64,47299,9,0,0.0,MARIJUANA,,Predictor candidato,TIME SINCE LAST USED MARIJUANA/CANNABIS,"MJLAST3, MJRECDK, MJRECRE",3,True,Original u otra
MJYRTOT,int64,47299,206,0,0.0,MARIJUANA,,Predictor candidato,TOTAL # OF DAYS USED MARIJUANA/CANNABIS IN PAST 12 MOS,TOTMJ,1,True,Original u otra
MRTOTFG,int64,47299,3,0,0.0,MARIJUANA,,Predictor candidato,TRIMMING INDICATOR FOR MJYRTOT,,0,True,Original u otra
MJFQFLG,int64,47299,2,0,0.0,MARIJUANA,,Predictor candidato,TRIMMED MJYRTOT IF R USED < 12 MOS,,0,True,Original u otra
MRBSTWAY,int64,47299,12,0,0.0,MARIJUANA,,Predictor candidato,EASIEST WAY TO TELL US # DAYS USED MARIJUANA/CANNABIS,MJFRAME3,1,True,Original u otra
MRDAYPYR,int64,47299,132,0,0.0,MARIJUANA,,Predictor candidato,# DAYS USED MARIJUANA/CANNABIS PAST 12 MONTHS,MJYRAVE,1,True,Original u otra
MRDAYPMO,int64,47299,39,0,0.0,MARIJUANA,,Predictor candidato,# DAYS PER MO USED MARIJUANA/CANNABIS PAST 12 MOS,MJMONAVE,1,True,Original u otra
MRDAYPWK,int64,47299,14,0,0.0,MARIJUANA,,Predictor candidato,# DAYS PER WEEK USED MARIJUANA/CANNABIS PAST 12 MOS,MJWKAVE,1,True,Original u otra
MJDAY30A,int64,47299,35,0,0.0,MARIJUANA,,Predictor candidato,# DAYS USED MARIJUANA/CANNABIS PAST 30 DAYS,MJ06,1,True,Original u otra
MR30EST,int64,47299,12,0,0.0,MARIJUANA,,Predictor candidato,BEST EST. # DAYS USED MARIJUANA/CANNABIS PAST 30 DAYS,MJ06DKRE,1,True,Original u otra
MJYRSMOKE,int64,47299,9,0,0.0,MARIJUANA,,Predictor candidato,MRJ USE - SMOKING - PAST 12 MONTHS,MJMODEPY1,1,True,Original u otra
MJYRVAPE,int64,47299,10,0,0.0,MARIJUANA,,Predictor candidato,MRJ USE - VAPING - PAST 12 MONTHS,MJMODEPY2,1,True,Original u otra
MJYRDAB,int64,47299,10,0,0.0,MARIJUANA,,Predictor candidato,"MRJ USE - DABBING WAXES, SHATTER, OR CONC - PAST 12 MOS",MJMODEPY3,1,True,Original u otra
MJYREAT,int64,47299,10,0,0.0,MARIJUANA,,Predictor candidato,MRJ USE - EATING OR DRINKING - PAST 12 MONTHS,MJMODEPY4,1,True,Original u otra
MJYRMOUTH,int64,47299,10,0,0.0,MARIJUANA,,Predictor candidato,MRJ USE - DROPS/STRIPS/LOZENGES/SPRAYS IN MOUTH - PST 12 MOS,MJMODEPY5,1,True,Original u otra
MJYRSKIN,int64,47299,10,0,0.0,MARIJUANA,,Predictor candidato,MRJ USE - LOTION/CREAM/PATCH TO SKIN - PAST 12 MONTHS,MJMODEPY6,1,True,Original u otra
MJYRPILL,int64,47299,9,0,0.0,MARIJUANA,,Predictor candidato,MRJ USE - PILLS - PAST 12 MONTHS,MJMODEPY7,1,True,Original u otra
MJYROTHER,int64,47299,9,0,0.0,MARIJUANA,,Predictor candidato,MRJ USE - SOME OTHER WAY - PAST 12 MONTHS,MJMODEPY8,1,True,Original u otra
MJMONSMOKE,int64,47299,10,0,0.0,MARIJUANA,,Predictor candidato,MRJ USE - SMOKING - PAST 30 DAYS,MJMODEPM1,1,True,Original u otra
MJMONVAPE,int64,47299,10,0,0.0,MARIJUANA,,Predictor candidato,MRJ USE - VAPING - PAST 30 DAYS,MJMODEPM2,1,True,Original u otra
MJMONDAB,int64,47299,10,0,0.0,MARIJUANA,,Predictor candidato,"MRJ USE - DABBING WAXES, SHATTER, OR CONC - PAST 30 DAYS",MJMODEPM3,1,True,Original u otra
MJMONEAT,int64,47299,10,0,0.0,MARIJUANA,,Predictor candidato,MRJ USE - EATING OR DRINKING - PAST 30 DAYS,MJMODEPM4,1,True,Original u otra
MJMONMOUTH,int64,47299,8,0,0.0,MARIJUANA,,Predictor candidato,MRJ USE - DROPS/STRIPS/LOZENGES/SPRAYS IN MOUTH - PST 30 DAY,MJMODEPM5,1,True,Original u otra
MJMONSKIN,int64,47299,10,0,0.0,MARIJUANA,,Predictor candidato,MRJ USE - LOTION/CREAM/PATCH TO SKIN - PAST 30 DAYS,MJMODEPM6,1,True,Original u otra
MJMONPILL,int64,47299,10,0,0.0,MARIJUANA,,Predictor candidato,MRJ USE - PILLS - PAST 30 DAYS,MJMODEPM7,1,True,Original u otra
MJEVERVAPE,int64,47299,8,0,0.0,MARIJUANA,,Predictor candidato,EVER VAPED MARIJUANA,VPMJLIF,1,True,Original u otra
MJANYMEDYR,int64,47299,7,0,0.0,MARIJUANA,,Predictor candidato,ANY MARIJUANA USE IN PAST 12 MONTHS RECOMMENDED BY DR,MJMM01,1,True,Original u otra
MJALLMEDYR,int64,47299,8,0,0.0,MARIJUANA,,Predictor candidato,ALL MARIJUANA USE IN PAST 12 MONTHS RECOMMENDED BY DR,MJMM02,1,True,Original u otra
MEDMJPA2,int64,47299,2,0,0.0,MARIJUANA,,Predictor candidato,STATE MEDICAL MJ LAW PASSED AT TIME OF INTERVIEW,,0,True,Original u otra
MKMBGHTYR,int64,47299,9,0,0.0,MARKET INFORMATION FOR MARIJUANA,,Predictor candidato,PAID FOR OR BOUGHT MARIJUANA - PAST 12 MONTHS,MJE01A,1,True,Original u otra
MKMTRADEYR,int64,47299,9,0,0.0,MARKET INFORMATION FOR MARIJUANA,,Predictor candidato,TRADED SOMETHING FOR MARIJUANA - PAST 12 MONTHS,MJE01B,1,True,Original u otra
MKMFREEYR,int64,47299,9,0,0.0,MARKET INFORMATION FOR MARIJUANA,,Predictor candidato,GOT FOR FREE OR SHARED SOMEONE ELSE'S MARIJUANA - PST 12 MOS,MJE01C,1,True,Original u otra
MKMGREWYR,int64,47299,9,0,0.0,MARKET INFORMATION FOR MARIJUANA,,Predictor candidato,GREW OWN MARIJUANA - PAST 12 MONTHS,MJE01D,1,True,Original u otra
MKMOTHWAYYR,int64,47299,9,0,0.0,MARKET INFORMATION FOR MARIJUANA,,Predictor candidato,GOT MARIJUANA IN SOME OTHER WAY - PAST 12 MONTHS,MJE01E,1,True,Original u otra
MKMBGHTREC,int64,47299,9,0,0.0,MARKET INFORMATION FOR MARIJUANA,,Predictor candidato,TIME SINCE LAST PAID FOR OR BOUGHT MARIJUANA,MJE02,1,True,Original u otra
MKMBGHT30N2,int64,47299,13,0,0.0,MARKET INFORMATION FOR MARIJUANA,,Predictor candidato,# OF DAYS PAID FOR OR BOUGHT MARIJUANA - PAST 30 DAYS,MJE03,1,True,Original u otra
MKMAMTPDCOM2,int64,47299,15,0,0.0,MARKET INFORMATION FOR MARIJUANA,,Predictor candidato,AMT PAID FOR LAST MRJ BOUGHT - CAT - PST 12 MOS (COMBINED),,0,True,Original u otra
MKMBGHTDISP,int64,47299,9,0,0.0,MARKET INFORMATION FOR MARIJUANA,,Predictor candidato,BGHT LAST MARIJUANA FROM STORE OR DISPENSARY - PST 12 MOS,MJE06,1,True,Original u otra
MKMBGHTKNW,int64,47299,9,0,0.0,MARKET INFORMATION FOR MARIJUANA,,Predictor candidato,HOW WELL KNOW PERSON BOUGHT LAST MRJ FROM - PST 12 MOS,MJE07,1,True,Original u otra
MKMBGHTJNT,int64,47299,9,0,0.0,MARKET INFORMATION FOR MARIJUANA,,Predictor candidato,LAST BOUGHT MRJ IN PRE-ROLLED JOINTS - PST 12 MOS,MJE05A,1,True,Original u otra
MKMBGHTLOO,int64,47299,9,0,0.0,MARKET INFORMATION FOR MARIJUANA,,Predictor candidato,LAST BOUGHT MRJ IN LOOSE FORM - PST 12 MOS,MJE05B,1,True,Original u otra
MKMBGHTVAPE,int64,47299,9,0,0.0,MARKET INFORMATION FOR MARIJUANA,,Predictor candidato,LAST BOUGHT MRJ IN VAPING CATRIDGE/OIL/PEN - PST 12 MOS,MJE05C,1,True,Original u otra
MKMBGHTDAB,int64,47299,9,0,0.0,MARKET INFORMATION FOR MARIJUANA,,Predictor candidato,LAST BOUGHT MRJ IN WAXES/SHATTER/CONCENTRATE - PST 12 MOS,MJE05D,1,True,Original u otra
MKMBGHTEDBLE,int64,47299,9,0,0.0,MARKET INFORMATION FOR MARIJUANA,,Predictor candidato,LAST BOUGHT MRJ IN EDIBLES FOR EAT OR DRINK - PST 12 MOS,MJE05E,1,True,Original u otra
MKMBGHTDRPS,int64,47299,9,0,0.0,MARKET INFORMATION FOR MARIJUANA,,Predictor candidato,LAST BOUGHT MRJ IN DROP/STRIP/LOZENGE/SPRAY - PST 12 MOS,MJE05F,1,True,Original u otra
MKMBGHTLTN,int64,47299,9,0,0.0,MARKET INFORMATION FOR MARIJUANA,,Predictor candidato,LAST BOUGHT MRJ IN LOTION/CREAM/PATCH - PST 12 MOS,MJE05G,1,True,Original u otra
MKMBGHTPILL,int64,47299,9,0,0.0,MARKET INFORMATION FOR MARIJUANA,,Predictor candidato,LAST BOUGHT MRJ IN PILLS - PST 12 MOS,MJE05H,1,True,Original u otra
MKMBGHTOTH,int64,47299,9,0,0.0,MARKET INFORMATION FOR MARIJUANA,,Predictor candidato,LAST BOUGHT MRJ IN OTHER FORM - PST 12 MOS,MJE05I,1,True,Original u otra
MKMLOOGMCOM2,int64,47299,12,0,0.0,MARKET INFORMATION FOR MARIJUANA,,Predictor candidato,EST AMT OF LOOSE MRJ BGHT LAST TIME IN GRAMS-CAT (COMBINED),,0,True,Original u otra
MKMLOOOUNCE,int64,47299,13,0,0.0,MARKET INFORMATION FOR MARIJUANA,,Predictor candidato,AMT OF LOOSE MARIJUANA BOUGHT LAST TIME IN OUNCES - CAT,MJE17,1,True,Original u otra
MKMSELLMRJ,int64,47299,8,0,0.0,MARKET INFORMATION FOR MARIJUANA,,Predictor candidato,SOLD MARIJUANA IN THE PAST 12 MONTHS,MJE21,1,True,Original u otra
BLNTEVER,int64,47299,8,0,0.0,BLUNTS,,Predictor candidato,EVER SMOKED CIGAR WITH MARIJUANA IN IT,BL01,1,True,Original u otra
BLNTAGE,int64,47299,74,0,0.0,BLUNTS,,Predictor candidato,AGE WHEN FIRST SMOKED CIGAR WITH MJ IN IT,BL08,1,True,Original u otra
BLNTYFU,int64,47299,11,0,0.0,BLUNTS,,Predictor candidato,YEAR OF FIRST USE OF CIGAR WITH MJ IN IT - RECODE,"BL08A, BL08B, BL08C",3,True,Original u otra
BLNTMFU,int64,47299,20,0,0.0,BLUNTS,,Predictor candidato,MONTH OF FIRST USE OF CIGAR W/MJ IN IT - RECODE,"BL08C, BL08D",2,True,Original u otra
BLNTREC,int64,47299,11,0,0.0,BLUNTS,,Predictor candidato,TIME SINCE LAST SMOKED CIGAR WITH MJ IN IT,BL02,1,True,Original u otra
BLRECFL2,int64,47299,2,0,0.0,BLUNTS,,Predictor candidato,INCONSISTENCY BETW BLNTREC AND INCIDENCE DATA,,0,True,Original u otra
BLNT30DY,int64,47299,35,0,0.0,BLUNTS,,Predictor candidato,# DAYS USED CIGAR WITH MJ IN IT PAST 30 DAYS,"BL02A, BL03A, BL04A",3,True,Original u otra
BLNT30C1,int64,47299,5,0,0.0,BLUNTS,,Predictor candidato,"BL02/MJ01 DISAGREE, WHICH IS CORRECT",BL03,1,True,Original u otra
BLNT30C2,int64,47299,5,0,0.0,BLUNTS,,Predictor candidato,"BL02 AND MJ RECENCY DISAGREE, WHICH IS CORRECT",BL04,1,True,Original u otra
RSNOMRJ,int64,47299,5,0,0.0,BLUNTS,,Predictor candidato,WHY REPORT EARLIER THAT NEVER USED MJ/CANNABIS,BL05,1,True,Original u otra
RSNMRJMO,int64,47299,6,0,0.0,BLUNTS,,Predictor candidato,WHY REPRT EARLIER NOT USE MJ/CANNABIS PAST 30 DAYS,BL06,1,True,Original u otra
BLNTNOMJ,int64,47299,8,0,0.0,BLUNTS,,Predictor candidato,SMOKE CIGARS WITH NO MARIJUANA PAST 30 DAYS,BL07,1,True,Original u otra
COCEVER,int64,47299,5,0,0.0,COCAINE,,Predictor candidato,EVER USED COCAINE,"CC01, CCREF",2,True,Original u otra
COCAGE,int64,47299,60,0,0.0,COCAINE,,Predictor candidato,AGE WHEN FIRST USED COCAINE,CC02,1,True,Original u otra
COCYFU,int64,47299,10,0,0.0,COCAINE,,Predictor candidato,YEAR OF FIRST COCAINE USE - RECODE,"CC03A, CC03B, CC03C",3,True,Original u otra
COCMFU,int64,47299,19,0,0.0,COCAINE,,Predictor candidato,MONTH OF FIRST COCAINE USE - RECODE,"CC03C, CC03D",2,True,Original u otra
COCREC,int64,47299,11,0,0.0,COCAINE,,Predictor candidato,TIME SINCE LAST USED COCAINE,"CCLAST3, CCRECDK, CCRECRE",3,True,Original u otra
COCYRTOT,int64,47299,77,0,0.0,COCAINE,,Predictor candidato,TOTAL # OF DAYS USED COCAINE IN PAST 12 MONTHS,TOTCOKE,1,True,Original u otra
CCTOTFG,int64,47299,2,0,0.0,COCAINE,,Predictor candidato,TRIMMING INDICATOR FOR COCYRTOT,,0,True,Original u otra
CCFQFLG,int64,47299,2,0,0.0,COCAINE,,Predictor candidato,TRIMMED COCYRTOT IF R USED < 12 MOS,,0,True,Original u otra
CCBSTWAY,int64,47299,13,0,0.0,COCAINE,,Predictor candidato,EASIEST WAY TO TELL US # DAYS USED COCAINE,CCFRAME3,1,True,Original u otra
CCDAYPYR,int64,47299,44,0,0.0,COCAINE,,Predictor candidato,# DAYS USED COCAINE PAST 12 MONTHS,CCYRAVE,1,True,Original u otra
CCDAYPMO,int64,47299,26,0,0.0,COCAINE,,Predictor candidato,# DAYS PER MONTH USED COCAINE PAST 12 MONTHS,CCMONAVE,1,True,Original u otra
CCDAYPWK,int64,47299,15,0,0.0,COCAINE,,Predictor candidato,# DAYS PER WEEK USED COCAINE PAST 12 MONTHS,CCWKAVE,1,True,Original u otra
COCUS30A,int64,47299,31,0,0.0,COCAINE,,Predictor candidato,# DAYS USED COCAINE PAST 30 DAYS,CC06,1,True,Original u otra
CC30EST,int64,47299,6,0,0.0,COCAINE,,Predictor candidato,BEST ESTIMATE # DAYS USED COCAINE PAST 30 DAYS,CC06DKRE,1,True,Original u otra
CRKEVER,int64,47299,7,0,0.0,CRACK,,Predictor candidato,EVER USED CRACK,"CK01, CKREF",2,True,Original u otra
CRKAGE,int64,47299,54,0,0.0,CRACK,,Predictor candidato,AGE WHEN FIRST USED CRACK,CK02,1,True,Original u otra
CRKYFU,int64,47299,10,0,0.0,CRACK,,Predictor candidato,YEAR OF FIRST CRACK USE - RECODE,"CK03A, CK03B, CK03C",3,True,Original u otra
CRKMFU,int64,47299,18,0,0.0,CRACK,,Predictor candidato,MONTH OF FIRST CRACK USE - RECODE,"CK03C, CK03D",2,True,Original u otra
CRAKREC,int64,47299,9,0,0.0,CRACK,,Predictor candidato,TIME SINCE LAST USED CRACK,"CKLAST3, CKRECDK, CKRECRE",3,True,Original u otra
CRKYRTOT,int64,47299,54,0,0.0,CRACK,,Predictor candidato,TOTAL # DAYS USED CRACK IN PAST 12 MONTHS,TOTCRACK,1,True,Original u otra
CRTOTFG,int64,47299,2,0,0.0,CRACK,,Predictor candidato,TRIMMING INDICATOR FOR CRKYRTOT,,0,True,Original u otra
CRFQFLG,int64,47299,2,0,0.0,CRACK,,Predictor candidato,TRIMMED CRKYRTOT IF R USED < 12 MOS,,0,True,Original u otra
CRBSTWAY,int64,47299,9,0,0.0,CRACK,,Predictor candidato,EASIEST WAY TO TELL US # DAYS USED CRACK,CKFRAME3,1,True,Original u otra
CRDAYPYR,int64,47299,29,0,0.0,CRACK,,Predictor candidato,# DAYS USED CRACK PAST 12 MONTHS,CKYRAVE,1,True,Original u otra
CRDAYPMO,int64,47299,24,0,0.0,CRACK,,Predictor candidato,# DAYS PER MONTH USED CRACK PAST 12 MONTHS,CKMONAVE,1,True,Original u otra
CRDAYPWK,int64,47299,13,0,0.0,CRACK,,Predictor candidato,# DAYS PER WEEK USED CRACK PAST 12 MONTHS,CKWKAVE,1,True,Original u otra
CRKUS30A,int64,47299,23,0,0.0,CRACK,,Predictor candidato,# DAYS USED CRACK PAST 30 DAYS,CK06,1,True,Original u otra
CR30EST,int64,47299,5,0,0.0,CRACK,,Predictor candidato,BEST ESTIMATE # DAYS USED CRACK PAST 30 DAYS,CK06DKRE,1,True,Original u otra
HEREVER,int64,47299,5,0,0.0,HEROIN,,Predictor candidato,EVER USED HEROIN,"HE01, HEREF",2,True,Original u otra
HERAGE,int64,47299,53,0,0.0,HEROIN,,Predictor candidato,AGE WHEN FIRST USED HEROIN,HE02,1,True,Original u otra
HERYFU,int64,47299,10,0,0.0,HEROIN,,Predictor candidato,YEAR OF FIRST HEROIN USE - RECODE,"HE03A, HE03B, HE03C",3,True,Original u otra
HERMFU,int64,47299,15,0,0.0,HEROIN,,Predictor candidato,MONTH OF FIRST HEROIN USE - RECODE,"HE03C, HE03D",2,True,Original u otra
HERREC,int64,47299,9,0,0.0,HEROIN,,Predictor candidato,TIME SINCE LAST USED HEROIN,"HELAST3, HERECDK, HERECRE",3,True,Original u otra
HERYRTOT,int64,47299,48,0,0.0,HEROIN,,Predictor candidato,TOTAL # OF DAYS USED HEROIN IN PAST 12 MONTHS,TOTHERO,1,True,Original u otra
HRTOTFG,int64,47299,3,0,0.0,HEROIN,,Predictor candidato,TRIMMING INDICATOR FOR HERYRTOT,,0,True,Original u otra
HRFQFLG,int64,47299,2,0,0.0,HEROIN,,Predictor candidato,TRIMMED HERYRTOT IF R USED < 12 MOS,,0,True,Original u otra
HRBSTWAY,int64,47299,8,0,0.0,HEROIN,,Predictor candidato,EASIEST WAY TO TELL US # DAYS USED HEROIN,HEFRAME3,1,True,Original u otra
HRDAYPYR,int64,47299,26,0,0.0,HEROIN,,Predictor candidato,# DAYS USED HEROIN PAST 12 MONTHS,HEYRAVE,1,True,Original u otra
HRDAYPMO,int64,47299,21,0,0.0,HEROIN,,Predictor candidato,# DAYS PER MONTH USED HEROIN PAST 12 MONTHS,HEMONAVE,1,True,Original u otra
HRDAYPWK,int64,47299,14,0,0.0,HEROIN,,Predictor candidato,# DAYS PER WEEK USED HEROIN PAST 12 MONTHS,HEWKAVE,1,True,Original u otra
HER30USE,int64,47299,21,0,0.0,HEROIN,,Predictor candidato,# DAYS USED HEROIN PAST 30 DAYS,HE06,1,True,Original u otra
HR30EST,int64,47299,6,0,0.0,HEROIN,,Predictor candidato,BEST EST. # DAYS USED HEROIN PAST 30 DAYS,HE06DKRE,1,True,Original u otra
LSD,int64,47299,7,0,0.0,HALLUCINOGENS,,Predictor candidato,"EVER USED LSD (""ACID"")","LS01A, LSREF1",2,True,Original u otra
PCP,int64,47299,6,0,0.0,HALLUCINOGENS,,Predictor candidato,"EVER USED PCP (""ANGEL DUST,"" PHENCYCLIDINE)","LS01B, LSREF2",2,True,Original u otra
PEYOTE,int64,47299,6,0,0.0,HALLUCINOGENS,,Predictor candidato,EVER USED PEYOTE,LS01C,1,True,Original u otra
MESC,int64,47299,7,0,0.0,HALLUCINOGENS,,Predictor candidato,EVER USED MESCALINE,LS01D,1,True,Original u otra
PSILCY,int64,47299,7,0,0.0,HALLUCINOGENS,,Predictor candidato,EVER USED PSILOCYBIN (MUSHROOMS),LS01E,1,True,Original u otra
ECSTMOLLY,int64,47299,7,0,0.0,HALLUCINOGENS,,Predictor candidato,EVER USED 'ECSTASY' OR 'MOLLY' (MDMA),"LS01F, LSREF3",2,True,Original u otra
KETMINESK,int64,47299,7,0,0.0,HALLUCINOGENS,,Predictor candidato,EVER USED KETAMINE,LS01I,1,True,Original u otra
DMTAMTFXY,int64,47299,7,0,0.0,HALLUCINOGENS,,Predictor candidato,"EVER USED DMT, AMT, FOXY",LS01J,1,True,Original u otra
SALVIADIV,int64,47299,6,0,0.0,HALLUCINOGENS,,Predictor candidato,EVER USED SALVIA DIVINORUM,LS01K,1,True,Original u otra
HALLUCOTH,int64,47299,7,0,0.0,HALLUCINOGENS,,Predictor candidato,EVER USED OTHER HALLUCINOGEN,LS01H,1,True,Original u otra
HALLUCOT1,int64,47299,125,0,0.0,HALLUCINOGENS,,Predictor candidato,OTHER HALLUCINOGEN - SPECIFY 1,LS01SC1,1,True,Original u otra
HALLUCOT2,int64,47299,65,0,0.0,HALLUCINOGENS,,Predictor candidato,OTHER HALLUCINOGEN - SPECIFY 2,LS01SC2,1,True,Original u otra
HALLUCOT3,int64,47299,39,0,0.0,HALLUCINOGENS,,Predictor candidato,OTHER HALLUCINOGEN - SPECIFY 3,LS01SC3,1,True,Original u otra
HALLUCOT4,int64,47299,21,0,0.0,HALLUCINOGENS,,Predictor candidato,OTHER HALLUCINOGEN - SPECIFY 4,LS01SC4,1,True,Original u otra
HALLUCOT5,int64,47299,17,0,0.0,HALLUCINOGENS,,Predictor candidato,OTHER HALLUCINOGEN - SPECIFY 5,LS01SC5,1,True,Original u otra
HALLUCEVR,int64,47299,3,0,0.0,HALLUCINOGENS,,Predictor candidato,EVER USED HALLUCINOGENS,"DMTAMTFXY, ECSTMOLLY, HALLUCOTH, KETMINESK, LSD, MESC, PCP, PEYOTE, PSILCY, SALVIADIV",10,True,Original u otra
HALLUCAGE,int64,47299,70,0,0.0,HALLUCINOGENS,,Predictor candidato,AGE WHEN FIRST USED HALLUCINOGENS,LS02,1,True,Original u otra
HALLUCYFU,int64,47299,10,0,0.0,HALLUCINOGENS,,Predictor candidato,YEAR OF FIRST HALLUCINOGEN USE - RECODE,"LS03A, LS03B, LS03C",3,True,Original u otra
HALLUCMFU,int64,47299,19,0,0.0,HALLUCINOGENS,,Predictor candidato,MONTH OF FIRST HALLUCINOGEN USE - RECODE,"LS03C, LS03D",2,True,Original u otra
HALLUCREC,int64,47299,11,0,0.0,HALLUCINOGENS,,Predictor candidato,TIME SINCE LAST USED HALLUCINOGENS,"LSLAST, LSRECDK, LSRECRE",3,True,Original u otra
HALLUCYFQ,int64,47299,70,0,0.0,HALLUCINOGENS,,Predictor candidato,TOTAL # OF DAYS USED HALLUCINOGENS IN PAST 12 MOS,TOTHALL,1,True,Original u otra
HALTOTFG,int64,47299,2,0,0.0,HALLUCINOGENS,,Predictor candidato,TRIMMING INDICATOR FOR HALLUCYFQ,,0,True,Original u otra
HALFQFLG,int64,47299,2,0,0.0,HALLUCINOGENS,,Predictor candidato,TRIMMED HALLUCYFQ IF R USED < 12 MOS,,0,True,Original u otra
HALLEASWY,int64,47299,10,0,0.0,HALLUCINOGENS,,Predictor candidato,EASIEST WAY TO TELL US # DAYS USED HALLUCINOGEN,"LSFRAME3, LSFRAME4, LSFRAME5, LSFRAME6",4,True,Original u otra
HALLDYSYR,int64,47299,40,0,0.0,HALLUCINOGENS,,Predictor candidato,# DAYS USED HALLUCINOGEN PAST 12 MONTHS,"LSYRAV2, LSYRAV3, LSYRAV4, LSYRAVE",4,True,Original u otra
HALLDYPMO,int64,47299,24,0,0.0,HALLUCINOGENS,,Predictor candidato,# DAYS PER MONTH USED HALLUCINOGEN PAST 12 MONTHS,"LSMONAV2, LSMONAV3, LSMONAV4, LSMONAVE",4,True,Original u otra
HALLDYPWK,int64,47299,14,0,0.0,HALLUCINOGENS,,Predictor candidato,# DAYS PER WEEK USED HALLUCINOGEN PAST 12 MONTHS,"LSWKAV2, LSWKAV3, LSWKAV4, LSWKAVE",4,True,Original u otra
HALLUC30N,int64,47299,24,0,0.0,HALLUCINOGENS,,Predictor candidato,# DAYS USED HALLUCINOGEN PAST 30 DAYS,"LS04, LS30, LS31, LS32",4,True,Original u otra
HALLUC30E,int64,47299,6,0,0.0,HALLUCINOGENS,,Predictor candidato,BEST EST. # DAYS USED HALLUCINOGENS PAST 30 DAYS,"LS04DKRE, LS30DKRE, LS31DKRE, LS32DKRE",4,True,Original u otra
LSDAGE,int64,47299,55,0,0.0,HALLUCINOGENS,,Predictor candidato,AGE WHEN FIRST USED LSD,LS05,1,True,Original u otra
LSDYFU,int64,47299,10,0,0.0,HALLUCINOGENS,,Predictor candidato,YEAR OF FIRST LSD USE - RECODE,"LS06, LS07, LS08",3,True,Original u otra
LSDMFU,int64,47299,19,0,0.0,HALLUCINOGENS,,Predictor candidato,MONTH OF FIRST LSD USE - RECODE,"LS08, LS09",2,True,Original u otra
LSDREC,int64,47299,10,0,0.0,HALLUCINOGENS,,Predictor candidato,TIME SINCE LAST USED LSD,LS10,1,True,Original u otra
PCPAGE,int64,47299,43,0,0.0,HALLUCINOGENS,,Predictor candidato,AGE WHEN FIRST USED PCP,LS11,1,True,Original u otra
PCPYFU,int64,47299,9,0,0.0,HALLUCINOGENS,,Predictor candidato,YEAR OF FIRST PCP USE - RECODE,"LS12, LS13, LS14",3,True,Original u otra
PCPMFU,int64,47299,12,0,0.0,HALLUCINOGENS,,Predictor candidato,MONTH OF FIRST PCP USE - RECODE,"LS14, LS15",2,True,Original u otra
PCPREC,int64,47299,10,0,0.0,HALLUCINOGENS,,Predictor candidato,TIME SINCE LAST USED PCP,LS16,1,True,Original u otra
PSILCYREC,int64,47299,10,0,0.0,HALLUCINOGENS,,Predictor candidato,TIME SINCE LAST USED PSILOCYBIN,LS36,1,True,Original u otra
ECSTMOAGE,int64,47299,57,0,0.0,HALLUCINOGENS,,Predictor candidato,AGE WHEN FIRST USED ECSTASY OR MOLLY,LS17,1,True,Original u otra
ECSTMOYFU,int64,47299,10,0,0.0,HALLUCINOGENS,,Predictor candidato,YEAR OF FIRST ECSTASY OR MOLLY USE - RECODE,"LS18, LS19, LS20",3,True,Original u otra
ECSTMOMFU,int64,47299,19,0,0.0,HALLUCINOGENS,,Predictor candidato,MONTH OF FIRST ECSTASY OR MOLLY USE - RECODE,"LS20, LS21",2,True,Original u otra
ECSTMOREC,int64,47299,9,0,0.0,HALLUCINOGENS,,Predictor candidato,TIME SINCE LAST USED ECSTASY OR MOLLY,LS22,1,True,Original u otra
KETMINREC,int64,47299,9,0,0.0,HALLUCINOGENS,,Predictor candidato,TIME SINCE LAST USED KETAMINE,LS33,1,True,Original u otra
DAMTFXREC,int64,47299,9,0,0.0,HALLUCINOGENS,,Predictor candidato,TIME SINCE LAST USED DMT/AMT/FOXY,LS34,1,True,Original u otra
SALVIAREC,int64,47299,9,0,0.0,HALLUCINOGENS,,Predictor candidato,TIME SINCE LAST USED SALVIA DIVINORUM,LS35,1,True,Original u otra
AMYLNIT3,int64,47299,7,0,0.0,INHALANTS,,Predictor candidato,"EVER INHALED AMYL NITRITE, 'POPPERS,' RUSH, ETC.",IN01A,1,True,Original u otra
CLEFLU3,int64,47299,7,0,0.0,INHALANTS,,Predictor candidato,"EVER INHALED CORRECTION FLUID, DEGREASER, ETC.",IN01B,1,True,Original u otra
GAS3,int64,47299,7,0,0.0,INHALANTS,,Predictor candidato,EVER INHALED GASOLINE OR LIGHTER FLUID,IN01C,1,True,Original u otra
GLUE3,int64,47299,7,0,0.0,INHALANTS,,Predictor candidato,"EVER INHALED GLUE, SHOE POLISH, OR TOLUENE",IN01D,1,True,Original u otra
ETHER3,int64,47299,7,0,0.0,INHALANTS,,Predictor candidato,"EVER INHALED HALOTHANE, ETHER, OR OTHER ANESTHETIC",IN01E,1,True,Original u otra
SOLVENT3,int64,47299,6,0,0.0,INHALANTS,,Predictor candidato,"EVER INHALED LACQUER THINNER, OTHER PAINT SOLVENTS",IN01F,1,True,Original u otra
LGAS3,int64,47299,6,0,0.0,INHALANTS,,Predictor candidato,"EVER INHALED LIGHTER GASES (BUTANE, PROPANE)",IN01G,1,True,Original u otra
NITOXID3,int64,47299,7,0,0.0,INHALANTS,,Predictor candidato,EVER INHALED NITROUS OXIDE OR 'WHIPPITS',IN01H,1,True,Original u otra
FELTMARKR3,int64,47299,7,0,0.0,INHALANTS,,Predictor candidato,EVER INHALED FELT-TIP PENS/MARKERS,IN01H1,1,True,Original u otra
SPPAINT3,int64,47299,6,0,0.0,INHALANTS,,Predictor candidato,EVER INHALED SPRAY PAINTS,IN01I,1,True,Original u otra
AIRDUSTER3,int64,47299,6,0,0.0,INHALANTS,,Predictor candidato,EVER INHALED COMPUTER KEYBOARD CLEANER/AIR DUSTER,IN01II,1,True,Original u otra
OTHAEROS3,int64,47299,7,0,0.0,INHALANTS,,Predictor candidato,EVER INHALED OTHER AEROSOL SPRAYS,IN01J,1,True,Original u otra
INHALOTH2,int64,47299,6,0,0.0,INHALANTS,,Predictor candidato,EVER USED OTHER INHALANTS,IN01L,1,True,Original u otra
INHALEVER2,int64,47299,4,0,0.0,INHALANTS,,Predictor candidato,EVER USED INHALANTS,"AIRDUSTER3, AMYLNIT3, CLEFLU3, ETHER3, FELTMARKR3, GAS3, GLUE3, INHALOTH2, INREF, LGAS3, NITOXID3, OTHAEROS3, SOLVENT3, SPPAINT3",14,True,Original u otra
INHALAGE2,int64,47299,58,0,0.0,INHALANTS,,Predictor candidato,AGE WHEN FIRST USED INHALANTS,IN02,1,True,Original u otra
INHALYFU2,int64,47299,10,0,0.0,INHALANTS,,Predictor candidato,YEAR OF FIRST INHALANT USE - RECODE,"IN03A, IN03B, IN03C",3,True,Original u otra
INHALMFU2,int64,47299,19,0,0.0,INHALANTS,,Predictor candidato,MONTH OF FIRST INHALANT USE - RECODE,"IN03C, IN03D",2,True,Original u otra
INHALREC2,int64,47299,9,0,0.0,INHALANTS,,Predictor candidato,TIME SINCE LAST USED INHALANTS,"INLAST, INRECDK, INRECRE",3,True,Original u otra
INHALYFQ2,int64,47299,57,0,0.0,INHALANTS,,Predictor candidato,TOTAL # OF DAYS USED INHALANT PAST 12 MONTHS,TOTINHAL,1,True,Original u otra
INHTOTFG2,int64,47299,2,0,0.0,INHALANTS,,Predictor candidato,TRIMMING INDICATOR FOR INHALYFQ,,0,True,Original u otra
INHFQFLG2,int64,47299,2,0,0.0,INHALANTS,,Predictor candidato,TRIMMED INHALYFQ IF R USED < 12 MOS,,0,True,Original u otra
INHEASWY2,int64,47299,12,0,0.0,INHALANTS,,Predictor candidato,EASIEST WAY TO TELL US # DAYS USED INHALANTS,INFRAME3,1,True,Original u otra
INHDYSYR2,int64,47299,35,0,0.0,INHALANTS,,Predictor candidato,# DAYS USED INHALANT PAST 12 MONTHS,INYRAVE,1,True,Original u otra
INHDYPMO2,int64,47299,21,0,0.0,INHALANTS,,Predictor candidato,# DAYS PER MONTH USED INHALANT PAST 12 MONTHS,INMONAVE,1,True,Original u otra
INHDYPWK2,int64,47299,14,0,0.0,INHALANTS,,Predictor candidato,# DAYS PER WEEK USED INHALANT PAST 12 MONTHS,INWKAVE,1,True,Original u otra
INHAL30N2,int64,47299,26,0,0.0,INHALANTS,,Predictor candidato,# DAYS USED INHALANT PAST 30 DAYS,IN06,1,True,Original u otra
INHAL30ES2,int64,47299,6,0,0.0,INHALANTS,,Predictor candidato,BEST ESTIMATE # DAYS USED INHALANTS PAST 30 DAYS,IN06DKRE,1,True,Original u otra
METHAMEVR,int64,47299,4,0,0.0,METHAMPHETAMINE,,Predictor candidato,EVER USED METHAMPHETAMINE,"ME01, MEREF",2,True,Original u otra
METHAMAGE,int64,47299,65,0,0.0,METHAMPHETAMINE,,Predictor candidato,AGE 1ST USED METHAMPHETAMINE,ME02,1,True,Original u otra
METHAMYFU,int64,47299,10,0,0.0,METHAMPHETAMINE,,Predictor candidato,YEAR 1ST USED METHAMPHETAMINE,"ME03A, ME03B, ME03C",3,True,Original u otra
METHAMMFU,int64,47299,19,0,0.0,METHAMPHETAMINE,,Predictor candidato,MONTH 1ST USED METHAMPHETAMINE,"ME03C, ME03D",2,True,Original u otra
METHAMREC,int64,47299,8,0,0.0,METHAMPHETAMINE,,Predictor candidato,TIME SINCE LAST USED METHAMPHETAMINE,"MELAST3, MERECDK, MERECRE",3,True,Original u otra
METHAMYFQ,int64,47299,82,0,0.0,METHAMPHETAMINE,,Predictor candidato,TOTAL # DAYS USED METHAMPHETAMINE PAST 12 MONTHS,TOTME,1,True,Original u otra
METOTFG,int64,47299,2,0,0.0,METHAMPHETAMINE,,Predictor candidato,TRIMMING INDICATOR FOR METHAMYFQ,,0,True,Original u otra
MEFQFLG,int64,47299,2,0,0.0,METHAMPHETAMINE,,Predictor candidato,TRIMMED METHAMYFQ IF R USED < 12 MOS,,0,True,Original u otra
METHEASWY,int64,47299,11,0,0.0,METHAMPHETAMINE,,Predictor candidato,EASIEST WAY TO TELL # DAYS USED METHAMPHETAMINE,MEFRAME3,1,True,Original u otra
METHDYSYR,int64,47299,49,0,0.0,METHAMPHETAMINE,,Predictor candidato,# DAYS USED METHAMPHETAMINE PAST 12 MONTHS,MEYRAVE,1,True,Original u otra
METHDYPMO,int64,47299,31,0,0.0,METHAMPHETAMINE,,Predictor candidato,# DAYS PER MO USED METHAMPHETAMINE PAST 12 MONTHS,MEMONAVE,1,True,Original u otra
METHDYPWK,int64,47299,14,0,0.0,METHAMPHETAMINE,,Predictor candidato,# DAYS PER WK USED METHAMPHETAMINE PAST 12 MONTHS,MEWKAVE,1,True,Original u otra
METHAM30N,int64,47299,34,0,0.0,METHAMPHETAMINE,,Predictor candidato,# DAYS USED METHAMPHETAMINE PAST 30 DAYS,ME06,1,True,Original u otra
METHAM30E,int64,47299,7,0,0.0,METHAMPHETAMINE,,Predictor candidato,BEST ESTIMATE # DAYS USED METH PAST 30 DAYS,ME06DKRE,1,True,Original u otra
OXCNANYYR2,int64,47299,11,0,0.0,PAIN RELIEVERS SCREENER,,Predictor candidato,ANY OXYCONTIN USE PAST 12 MOS,PR021,1,True,Original u otra
PNRANYLIF2,int64,47299,7,0,0.0,PAIN RELIEVERS SCREENER,,Predictor candidato,ANY PAIN RELIEVER USE IN LIFETIME,PRLANY,1,True,Original u otra
PNRANYREC2,int64,47299,7,0,0.0,PAIN RELIEVERS SCREENER,,Predictor candidato,RC - MOST RECENT ANY PAIN RELIEVER USE (RECODE),,0,True,Original u otra
FENTANYYR2,float64,47208,2,91,0.192,PAIN RELIEVERS SCREENER,,Predictor candidato,RC-FENTANYL PRODUCTS - ANY PAST YEAR USE,,0,True,Original u otra
PNRNMLIF,int64,47299,8,0,0.0,PAIN RELIEVERS,,Predictor candidato,EVER USED PAIN RELIEVER NOT DIRECTED BY DR,"PRL01, PRL02",2,True,Original u otra
OXCNNMYR,int64,47299,8,0,0.0,PAIN RELIEVERS,,Predictor candidato,USED OXYCONTIN NOT DIRECTED BY DR PAST 12 MOS,PRY06,1,True,Original u otra
OXCNNMAGE,int64,47299,44,0,0.0,PAIN RELIEVERS,,Predictor candidato,AGE 1ST USED OXYCONTIN NOT DIRECTED BY DR,PRY06A,1,True,Original u otra
OXCNNMYFU,int64,47299,10,0,0.0,PAIN RELIEVERS,,Predictor candidato,YEAR 1ST USED OXYCONTIN NOT DIRECTED BY DR,"PRY06B, PRY06C, PRY06D",3,True,Original u otra
OXCNNMMFU,int64,47299,16,0,0.0,PAIN RELIEVERS,,Predictor candidato,MONTH 1ST USED OXYCONTIN NOT DIRECTED BY DR,PRY06D,1,True,Original u otra
PNRNMREC,int64,47299,8,0,0.0,PAIN RELIEVERS,,Predictor candidato,RC - MOST RECENT PAIN RELIEVER MISUSE (RECODE),,0,True,Original u otra
PNRNMINIT,int64,47299,9,0,0.0,PAIN RELIEVERS,,Predictor candidato,PAST YEAR INITIATE FOR ANY PAIN RELIEVER MISUSE,PRL03,1,True,Original u otra
PNRNMAGE,int64,47299,58,0,0.0,PAIN RELIEVERS,,Predictor candidato,RC - AGE AT 1ST MISUSE FOR PAST YR PNRLV INITIATES,,0,True,Original u otra
PNRNMYFU,int64,47299,6,0,0.0,PAIN RELIEVERS,,Predictor candidato,RC - YR 1ST MISUSED FOR PAST YR PAIN RLVR INITIATES,,0,True,Original u otra
PNRNMMFU,int64,47299,16,0,0.0,PAIN RELIEVERS,,Predictor candidato,RC - MO 1ST MISUSED FOR PAST YR PAIN RLVR INITIATES,,0,True,Original u otra
PNRNM30D,int64,47299,10,0,0.0,PAIN RELIEVERS,,Predictor candidato,USED PAIN RLVR NOT DIRECTED BY DR PAST 30 DAYS,PRM01,1,True,Original u otra
PNRNM30FQ,int64,47299,31,0,0.0,PAIN RELIEVERS,,Predictor candidato,# DAYS USED PAIN RLVR NOT DIRECTD BY DR PST 30 DYS,PRM02,1,True,Original u otra
PNRNM30ES,int64,47299,7,0,0.0,PAIN RELIEVERS,,Predictor candidato,EST # DAYS USED PAIN RLVR NOT DIRECTED PST 30 DYS,PRM02DKRE,1,True,Original u otra
PNRNM30AL,int64,47299,7,0,0.0,PAIN RELIEVERS,,Predictor candidato,USED PAIN RLVR NOT DIRECTED BY DR W/ALC PST 30 DYS,PRM03,1,True,Original u otra
PNRWYNORX,int64,47299,9,0,0.0,PAIN RELIEVERS,,Predictor candidato,USED PAIN RLVR W/O OWN RX PAST 12 MONTHS,PRYWAYS1,1,True,Original u otra
PNRWYGAMT,int64,47299,9,0,0.0,PAIN RELIEVERS,,Predictor candidato,USED PAIN RLVR IN GREATER AMTS THAN RX PST 12 MOS,PRYWAYS2,1,True,Original u otra
PNRWYOFTN,int64,47299,8,0,0.0,PAIN RELIEVERS,,Predictor candidato,USED PAIN RLVR MORE OFTEN THAN RX PAST 12 MONTHS,PRYWAYS3,1,True,Original u otra
PNRWYLNGR,int64,47299,8,0,0.0,PAIN RELIEVERS,,Predictor candidato,USED PAIN RLVR LONGER THAN RX PAST 12 MONTHS,PRYWAYS4,1,True,Original u otra
PNRWYOTWY,int64,47299,9,0,0.0,PAIN RELIEVERS,,Predictor candidato,USED PAIN RLVR OTHER WAY NOT DIRECTED PST 12 MOS,PRYWAYS5,1,True,Original u otra
PNRNMLAS1,int64,47299,36,0,0.0,PAIN RELIEVERS,,Predictor candidato,LAST PAIN RLVR USED NOT DIRECTED BY DR PST 12 MOS,RPRYLAST,1,True,Original u otra
PNRRSPAIN,int64,47299,10,0,0.0,PAIN RELIEVERS,,Predictor candidato,USED LAST PAIN RLVR (NOT DIRECTED) TO RLV PAIN,PRYMOTV1,1,True,Original u otra
PNRRSRELX,int64,47299,10,0,0.0,PAIN RELIEVERS,,Predictor candidato,USED LAST PAIN RLVR (NOT DIRECTED) TO RELAX,PRYMOTV2,1,True,Original u otra
PNRRSEXPT,int64,47299,9,0,0.0,PAIN RELIEVERS,,Predictor candidato,USED LAST PAIN RLVR (NOT DIRECTED) TO EXPERIMENT,PRYMOTV3,1,True,Original u otra
PNRRSHIGH,int64,47299,9,0,0.0,PAIN RELIEVERS,,Predictor candidato,USED LAST PAIN RLVR (NOT DIRECTED) TO GET HIGH,PRYMOTV4,1,True,Original u otra
PNRRSSLEP,int64,47299,8,0,0.0,PAIN RELIEVERS,,Predictor candidato,USED LAST PAIN RLVR (NOT DIRECTED) FOR SLEEP,PRYMOTV5,1,True,Original u otra
PNRRSEMOT,int64,47299,8,0,0.0,PAIN RELIEVERS,,Predictor candidato,USED LAST PAIN RLVR (NOT DIRECTED) FOR EMOTIONS,PRYMOTV6,1,True,Original u otra
PNRRSDGFX,int64,47299,9,0,0.0,PAIN RELIEVERS,,Predictor candidato,USED LAST PAIN RLVR (NOT DIRECTED) OTH DRUG EFFECT,PRYMOTV7,1,True,Original u otra
PNRRSHOOK,int64,47299,8,0,0.0,PAIN RELIEVERS,,Predictor candidato,USED LAST PAIN RLVR (NOT DIRECTED) BECAUSE HOOKED,PRYMOTV8,1,True,Original u otra
PNRRSSOR,int64,47299,8,0,0.0,PAIN RELIEVERS,,Predictor candidato,USED LAST PAIN RLVR (NOT DIRECTED) OTHER REASON,PRYMOTV9,1,True,Original u otra
PNRRSOTRS2,int64,47299,18,0,0.0,PAIN RELIEVERS,,Predictor candidato,REASON USED LAST PAIN RLVR (NOT DIRECTED),PRMOTOTSC,1,True,Original u otra
PNRRSMAIN,int64,47299,16,0,0.0,PAIN RELIEVERS,,Predictor candidato,MAIN REASON USED LAST PAIN RLVR (NOT DIRECTED),RPRYMOT1,1,True,Original u otra
PNRNORXFG,int64,47299,2,0,0.0,PAIN RELIEVERS,,Predictor candidato,ONLY PST YR MISUSE W/O RX BUT RX FOR LAST PNR,,0,True,Original u otra
FENTNMYR,float64,47280,2,19,0.04,PAIN RELIEVERS,,Predictor candidato,RC-FENTANYL PRODUCTS - PAST YEAR MISUSE,"PNROTNSP1, PNROTNSP2, PNROTNSP3, PNROTNSP4, PNROTNSP5",5,True,Original u otra
TRQANYLIF,int64,47299,6,0,0.0,TRANQUILIZERS SCREENER,,Predictor candidato,ANY TRANQUILIZER USE IN LIFETIME,TRLANY,1,True,Original u otra
TRQANYREC,int64,47299,6,0,0.0,TRANQUILIZERS SCREENER,,Predictor candidato,RC - MOST RECENT ANY TRANQUILIZER USE (RECODE),,0,True,Original u otra
TRBZOANYYR,float64,47163,2,136,0.288,TRANQUILIZERS SCREENER,,Predictor candidato,RC - BENZODIAZEPINES TRANQUILIZERS - ANY PAST YEAR USE,,0,True,Original u otra
TRQNMLIF,int64,47299,8,0,0.0,TRANQUILIZERS,,Predictor candidato,EVER USED TRANQUILIZER NOT DIRECTED BY DR,"TRL01, TRL02",2,True,Original u otra
TRQNMREC,int64,47299,8,0,0.0,TRANQUILIZERS,,Predictor candidato,RC - MOST RECENT TRANQUILIZER MISUSE (RECODE),,0,True,Original u otra
TRQNMINIT,int64,47299,8,0,0.0,TRANQUILIZERS,,Predictor candidato,PAST YEAR INITIATE FOR ANY TRANQUILIZER MISUSE,TRL03,1,True,Original u otra
TRQNMAGE,int64,47299,46,0,0.0,TRANQUILIZERS,,Predictor candidato,RC - AGE AT 1ST MISUSE FOR PAST YR TRANQ INITIATES,,0,True,Original u otra
TRQNMYFU,int64,47299,6,0,0.0,TRANQUILIZERS,,Predictor candidato,RC - YR 1ST MISUSED FOR PAST YR TRANQ INITIATES,,0,True,Original u otra
TRQNMMFU,int64,47299,16,0,0.0,TRANQUILIZERS,,Predictor candidato,RC - MO 1ST MISUSED FOR PAST YR TRANQ INITIATES,,0,True,Original u otra
TRQNM30D,int64,47299,9,0,0.0,TRANQUILIZERS,,Predictor candidato,USED TRANQ NOT DIRECTED BY DR PAST 30 DAYS,TRM01,1,True,Original u otra
TRQNM30FQ,int64,47299,27,0,0.0,TRANQUILIZERS,,Predictor candidato,# DAYS USED TRANQ NOT DIRECTD BY DR PST 30 DYS,TRM02,1,True,Original u otra
TRQNM30ES,int64,47299,6,0,0.0,TRANQUILIZERS,,Predictor candidato,EST # DAYS USED TRANQ NOT DIRECTED PST 30 DYS,TRM02DKRE,1,True,Original u otra
TRQNM30AL,int64,47299,7,0,0.0,TRANQUILIZERS,,Predictor candidato,USED TRANQ NOT DIRECTED BY DR W/ALC PST 30 DYS,TRM03,1,True,Original u otra
TRQWYNORX,int64,47299,8,0,0.0,TRANQUILIZERS,,Predictor candidato,USED TRANQ W/O OWN RX PAST 12 MONTHS,TRYWAYS1,1,True,Original u otra
TRQWYGAMT,int64,47299,7,0,0.0,TRANQUILIZERS,,Predictor candidato,USED TRANQ IN GREATER AMTS THAN RX PST 12 MOS,TRYWAYS2,1,True,Original u otra
TRQWYOFTN,int64,47299,7,0,0.0,TRANQUILIZERS,,Predictor candidato,USED TRANQ MORE OFTEN THAN RX PAST 12 MONTHS,TRYWAYS3,1,True,Original u otra
TRQWYLNGR,int64,47299,7,0,0.0,TRANQUILIZERS,,Predictor candidato,USED TRANQ LONGER THAN RX PAST 12 MONTHS,TRYWAYS4,1,True,Original u otra
TRQWYOTWY,int64,47299,8,0,0.0,TRANQUILIZERS,,Predictor candidato,USED TRANQ OTHER WAY NOT DIRECTED PST 12 MOS,TRYWAYS5,1,True,Original u otra
TRQNMLAS1,int64,47299,20,0,0.0,TRANQUILIZERS,,Predictor candidato,LAST TRANQ USED NOT DIRECTED BY DR PST 12 MOS,RTRYLAST,1,True,Original u otra
TRQRSRELX,int64,47299,9,0,0.0,TRANQUILIZERS,,Predictor candidato,USED LAST TRANQ (NOT DIRECTED) TO RELAX,TRYMOTIV1,1,True,Original u otra
TRQRSEXPT,int64,47299,9,0,0.0,TRANQUILIZERS,,Predictor candidato,USED LAST TRANQ (NOT DIRECTED) TO EXPERIMENT,TRYMOTIV2,1,True,Original u otra
TRQRSHIGH,int64,47299,9,0,0.0,TRANQUILIZERS,,Predictor candidato,USED LAST TRANQ (NOT DIRECTED) TO GET HIGH,TRYMOTIV3,1,True,Original u otra
TRQRSSLEP,int64,47299,8,0,0.0,TRANQUILIZERS,,Predictor candidato,USED LAST TRANQ (NOT DIRECTED) FOR SLEEP,TRYMOTIV4,1,True,Original u otra
TRQRSEMOT,int64,47299,7,0,0.0,TRANQUILIZERS,,Predictor candidato,USED LAST TRANQ (NOT DIRECTED) FOR EMOTIONS,TRYMOTIV5,1,True,Original u otra
TRQRSDGFX,int64,47299,7,0,0.0,TRANQUILIZERS,,Predictor candidato,USED LAST TRANQ (NOT DIRECTED) OTH DRUG EFFECT,TRYMOTIV6,1,True,Original u otra
TRQRSHOOK,int64,47299,7,0,0.0,TRANQUILIZERS,,Predictor candidato,USED LAST TRANQ (NOT DIRECTED) BECAUSE HOOKED,TRYMOTIV7,1,True,Original u otra
TRQRSSOR,int64,47299,7,0,0.0,TRANQUILIZERS,,Predictor candidato,USED LAST TRANQ (NOT DIRECTED) OTHER REASON,TRYMOTIV8,1,True,Original u otra
TRQRSOTRS2,int64,47299,17,0,0.0,TRANQUILIZERS,,Predictor candidato,REASON USED LAST TRANQ (NOT DIRECTED),TRMOTOT,1,True,Original u otra
TRQRSMAIN,int64,47299,15,0,0.0,TRANQUILIZERS,,Predictor candidato,MAIN REASON USED LAST TRANQ (NOT DIRECTED),RTRYMOT1,1,True,Original u otra
TRQNORXFG,int64,47299,2,0,0.0,TRANQUILIZERS,,Predictor candidato,ONLY PST YR MISUSE W/O RX BUT RX FOR LAST TRANQ,,0,True,Original u otra
TRBZONMYR,float64,47162,2,137,0.29,TRANQUILIZERS,,Predictor candidato,RC - BENZODIAZEPINES TRANQUILIZERS - PAST YEAR MISUSE,,0,True,Original u otra
STMANYLIF,int64,47299,6,0,0.0,STIMULANTS SCREENER,,Predictor candidato,ANY STIMULANT USE IN LIFETIME,STLANY,1,True,Original u otra
STMANYREC,int64,47299,6,0,0.0,STIMULANTS SCREENER,,Predictor candidato,RC - MOST RECENT ANY STIMULANT USE (RECODE),,0,True,Original u otra
STMNMLIF,int64,47299,8,0,0.0,STIMULANTS,,Predictor candidato,EVER USED STIMULANT NOT DIRECTED BY DR,"STL01, STL02",2,True,Original u otra
STMNMREC,int64,47299,8,0,0.0,STIMULANTS,,Predictor candidato,RC - MOST RECENT STIMULANT MISUSE (RECODE),,0,True,Original u otra
STMNMINIT,int64,47299,7,0,0.0,STIMULANTS,,Predictor candidato,PAST YEAR INITIATE FOR ANY STIMULANT MISUSE,STL03,1,True,Original u otra
STMNMAGE,int64,47299,33,0,0.0,STIMULANTS,,Predictor candidato,RC - AGE 1ST MISUSED FOR PAST YR STIM INITIATES,,0,True,Original u otra
STMNMYFU,int64,47299,6,0,0.0,STIMULANTS,,Predictor candidato,RC - YR 1ST MISUSED FOR PAST YR STIM INITIATES,,0,True,Original u otra
STMNMMFU,int64,47299,16,0,0.0,STIMULANTS,,Predictor candidato,RC - MONTH 1ST MISUSED FOR PAST YR STIM INITIATES,,0,True,Original u otra
STMNM30D,int64,47299,9,0,0.0,STIMULANTS,,Predictor candidato,USED STIMULANT NOT DIRECTED BY DR PAST 30 DAYS,STM01,1,True,Original u otra
STMNM30FQ,int64,47299,28,0,0.0,STIMULANTS,,Predictor candidato,# DAYS USED STIMULANT NOT DIRECTD BY DR PST 30 DYS,STM02,1,True,Original u otra
STMNM30ES,int64,47299,6,0,0.0,STIMULANTS,,Predictor candidato,EST # DAYS USED STIMULANT NOT DIRECTED PST 30 DYS,STM02DKRE,1,True,Original u otra
STMNM30AL,int64,47299,7,0,0.0,STIMULANTS,,Predictor candidato,USED STIMULANT NOT DIRECTED BY DR W/ALC PST 30 DYS,STM03,1,True,Original u otra
STMWYNORX,int64,47299,8,0,0.0,STIMULANTS,,Predictor candidato,USED STIMULANT W/O OWN RX PAST 12 MONTHS,STYWAYS1,1,True,Original u otra
STMWYGAMT,int64,47299,8,0,0.0,STIMULANTS,,Predictor candidato,USED STIMULANT IN GREATER AMTS THAN RX PST 12 MOS,STYWAYS2,1,True,Original u otra
STMWYOFTN,int64,47299,8,0,0.0,STIMULANTS,,Predictor candidato,USED STIMULANT MORE OFTEN THAN RX PAST 12 MONTHS,STYWAYS3,1,True,Original u otra
STMWYLNGR,int64,47299,7,0,0.0,STIMULANTS,,Predictor candidato,USED STIMULANT LONGER THAN RX PAST 12 MONTHS,STYWAYS4,1,True,Original u otra
STMWYOTWY,int64,47299,9,0,0.0,STIMULANTS,,Predictor candidato,USED STIMULANT OTHER WAY NOT DIRECTED PST 12 MOS,STYWAYS5,1,True,Original u otra
STMNDLYR,int64,47299,7,0,0.0,STIMULANTS,,Predictor candidato,USED STIMULANT WITH A NEEDLE PAST 12 MONTHS,STYNDL,1,True,Original u otra
STMNDLREC,int64,47299,8,0,0.0,STIMULANTS,,Predictor candidato,TIME SINCE LAST USED NEEDLE TO INJECT STIMULANT,STNDL30,1,True,Original u otra
STMNMLAS1,int64,47299,27,0,0.0,STIMULANTS,,Predictor candidato,LAST STIMULANT USED NOT DIRECTED BY DR PST 12 MOS,RSTYLAST,1,True,Original u otra
STMRSWGHT,int64,47299,7,0,0.0,STIMULANTS,,Predictor candidato,USED LAST STIMULANT (NOT DIRECTED) TO LOSE WEIGHT,STYMOTIV1,1,True,Original u otra
STMRSCONC,int64,47299,9,0,0.0,STIMULANTS,,Predictor candidato,USED LAST STIMULANT (NOT DIRECTED) TO CONCENTRATE,STYMOTIV2,1,True,Original u otra
STMRSALRT,int64,47299,7,0,0.0,STIMULANTS,,Predictor candidato,USED LAST STIMULANT (NOT DIRECTED) TO BE ALERT,STYMOTIV3,1,True,Original u otra
STMRSSTDY,int64,47299,6,0,0.0,STIMULANTS,,Predictor candidato,USED LAST STIMULANT (NOT DIRECTED) TO STUDY,STYMOTIV4,1,True,Original u otra
STMRSEXPT,int64,47299,7,0,0.0,STIMULANTS,,Predictor candidato,USED LAST STIMULANT (NOT DIRECTED) TO EXPERIMENT,STYMOTIV5,1,True,Original u otra
STMRSHIGH,int64,47299,7,0,0.0,STIMULANTS,,Predictor candidato,USED LAST STIMULANT (NOT DIRECTED) TO GET HIGH,STYMOTIV6,1,True,Original u otra
STMRSDGFX,int64,47299,7,0,0.0,STIMULANTS,,Predictor candidato,USED LAST STIMULANT (NOT DIRECTED) OTH DRUG EFFECT,STYMOTIV7,1,True,Original u otra
STMRSHOOK,int64,47299,7,0,0.0,STIMULANTS,,Predictor candidato,USED LAST STIMULANT (NOT DIRECTED) BECAUSE HOOKED,STYMOTIV8,1,True,Original u otra
STMRSSOR,int64,47299,7,0,0.0,STIMULANTS,,Predictor candidato,USED LAST STIMULANT (NOT DIRECTED) OTHER REASON,STYMOTIV9,1,True,Original u otra
STMRSOTRS2,int64,47299,16,0,0.0,STIMULANTS,,Predictor candidato,REASON USED LAST STIMULANT (NOT DIRECTED),STMOTOT,1,True,Original u otra
STMRSMAIN,int64,47299,15,0,0.0,STIMULANTS,,Predictor candidato,MAIN REASON USED LAST STIMULANT (NOT DIRECTED),RSTYMOT1,1,True,Original u otra
STMNORXFG,int64,47299,2,0,0.0,STIMULANTS,,Predictor candidato,ONLY PST YR MISUSE W/O RX BUT RX FOR LAST STIM,,0,True,Original u otra
SEDANYLIF,int64,47299,6,0,0.0,SEDATIVES SCREENER,,Predictor candidato,ANY SEDATIVE USE IN LIFETIME,SVLANY,1,True,Original u otra
SEDANYREC,int64,47299,6,0,0.0,SEDATIVES SCREENER,,Predictor candidato,RC - MOST RECENT ANY SEDATIVE USE (RECODE),,0,True,Original u otra
SVBZOANYYR,float64,47076,2,223,0.471,SEDATIVES SCREENER,,Predictor candidato,RC - BENZODIAZEPINES SEDATIVES - ANY PAST YEAR USE,,0,True,Original u otra
SEDNMLIF,int64,47299,8,0,0.0,SEDATIVES,,Predictor candidato,EVER USED SEDATIVE NOT DIRECTED BY DR,"SVL01, SVL02",2,True,Original u otra
SEDNMREC,int64,47299,8,0,0.0,SEDATIVES,,Predictor candidato,RC - MOST RECENT SEDATIVE MISUSE (RECODE),,0,True,Original u otra
SEDNMINIT,int64,47299,7,0,0.0,SEDATIVES,,Predictor candidato,PAST YEAR INITIATE FOR ANY SEDATIVE MISUSE,SVL03,1,True,Original u otra
SEDNMAGE,int64,47299,24,0,0.0,SEDATIVES,,Predictor candidato,RC - AGE AT 1ST MISUSE FOR PAST YR SED INITIATES,,0,True,Original u otra
SEDNMYFU,int64,47299,6,0,0.0,SEDATIVES,,Predictor candidato,RC - YR 1ST MISUSED FOR PAST YR SED INITIATES,,0,True,Original u otra
SEDNMMFU,int64,47299,15,0,0.0,SEDATIVES,,Predictor candidato,RC - MO 1ST MISUSED FOR PAST YR SED INITIATES,,0,True,Original u otra
SEDNM30D,int64,47299,9,0,0.0,SEDATIVES,,Predictor candidato,USED SEDATIVE NOT DIRECTED BY DR PAST 30 DAYS,SVM01,1,True,Original u otra
SEDNM30FQ,int64,47299,20,0,0.0,SEDATIVES,,Predictor candidato,# DAYS USED SEDATIVE NOT DIRECTD BY DR PST 30 DYS,SVM02,1,True,Original u otra
SEDNM30ES,int64,47299,4,0,0.0,SEDATIVES,,Predictor candidato,EST # DAYS USED SEDATIVE NOT DIRECTED PST 30 DYS,SVM02DKRE,1,True,Original u otra
SEDNM30AL,int64,47299,7,0,0.0,SEDATIVES,,Predictor candidato,USED SEDATIVE NOT DIRECTED BY DR W/ALC PST 30 DYS,SVM03,1,True,Original u otra
SEDWYNORX,int64,47299,9,0,0.0,SEDATIVES,,Predictor candidato,USED SEDATIVE W/O OWN RX PAST 12 MONTHS,SVYWAYS1,1,True,Original u otra
SEDWYGAMT,int64,47299,9,0,0.0,SEDATIVES,,Predictor candidato,USED SEDATIVE IN GREATER AMTS THAN RX PST 12 MOS,SVYWAYS2,1,True,Original u otra
SEDWYOFTN,int64,47299,8,0,0.0,SEDATIVES,,Predictor candidato,USED SEDATIVE MORE OFTEN THAN RX PAST 12 MONTHS,SVYWAYS3,1,True,Original u otra
SEDWYLNGR,int64,47299,8,0,0.0,SEDATIVES,,Predictor candidato,USED SEDATIVE LONGER THAN RX PAST 12 MONTHS,SVYWAYS4,1,True,Original u otra
SEDWYOTWY,int64,47299,8,0,0.0,SEDATIVES,,Predictor candidato,USED SEDATIVE OTHER WAY NOT DIRECTED PST 12 MOS,SVYWAYS5,1,True,Original u otra
SEDNMLAST,int64,47299,16,0,0.0,SEDATIVES,,Predictor candidato,LAST SEDATIVE USED NOT DIRECTED BY DR PST 12 MOS,RSVYLAST,1,True,Original u otra
SEDRSRELX,int64,47299,8,0,0.0,SEDATIVES,,Predictor candidato,USED LAST SEDATIVE (NOT DIRECTED) TO RELAX,SVYMOTV1,1,True,Original u otra
SEDRSEXPT,int64,47299,7,0,0.0,SEDATIVES,,Predictor candidato,USED LAST SEDATIVE (NOT DIRECTED) TO EXPERIMENT,SVYMOTV2,1,True,Original u otra
SEDRSHIGH,int64,47299,7,0,0.0,SEDATIVES,,Predictor candidato,USED LAST SEDATIVE (NOT DIRECTED) TO GET HIGH,SVYMOTV3,1,True,Original u otra
SEDRSSLEP,int64,47299,8,0,0.0,SEDATIVES,,Predictor candidato,USED LAST SEDATIVE (NOT DIRECTED) FOR SLEEP,SVYMOTV4,1,True,Original u otra
SEDRSEMOT,int64,47299,7,0,0.0,SEDATIVES,,Predictor candidato,USED LAST SEDATIVE (NOT DIRECTED) FOR EMOTIONS,SVYMOTV5,1,True,Original u otra
SEDRSDGFX,int64,47299,7,0,0.0,SEDATIVES,,Predictor candidato,USED LAST SEDATIVE (NOT DIRECTED) OTH DRUG EFFECT,SVYMOTV6,1,True,Original u otra
SEDRSHOOK,int64,47299,7,0,0.0,SEDATIVES,,Predictor candidato,USED LAST SEDATIVE (NOT DIRECTED) BECAUSE HOOKED,SVYMOTV7,1,True,Original u otra
SEDRSSOR,int64,47299,7,0,0.0,SEDATIVES,,Predictor candidato,USED LAST SEDATIVE (NOT DIRECTED) OTHER REASON,SVYMOTV8,1,True,Original u otra
SEDRSOTRS2,int64,47299,9,0,0.0,SEDATIVES,,Predictor candidato,REASON USED LAST SEDATIVE (NOT DIRECTED),SVMOTOT,1,True,Original u otra
SEDRSMAIN,int64,47299,10,0,0.0,SEDATIVES,,Predictor candidato,MAIN REASON USED LAST SEDATIVE (NOT DIRECTED),RSVYMOT1,1,True,Original u otra
SEDNORXFG,int64,47299,2,0,0.0,SEDATIVES,,Predictor candidato,ONLY PST YR MISUSE W/O RX BUT RX FOR LAST SED,,0,True,Original u otra
SVBZONMYR,float64,47080,2,219,0.463,SEDATIVES,,Predictor candidato,RC - BENZODIAZEPINES SEDATIVES - PAST YEAR MISUSE,,0,True,Original u otra
IRCIGRC,int64,47299,5,0,0.0,RECENCY OF DRUG USE,,Predictor candidato,CIGARETTE RECENCY - IMPUTATION REVISED,CIGREC,1,True,Original u otra
IICIGRC,int64,47299,3,0,0.0,RECENCY OF DRUG USE,,Predictor candidato,CIGARETTE RECENCY - IMPUTATION INDICATOR,CIGREC,1,True,Original u otra
II2CIGRC,int64,47299,7,0,0.0,RECENCY OF DRUG USE,,Predictor candidato,CIGARETTE RECENCY - DETAILED IMPUTATION INDICATOR,CIGREC,1,True,Original u otra
IRCGRRC,int64,47299,5,0,0.0,RECENCY OF DRUG USE,,Predictor candidato,CIGAR RECENCY - IMPUTATION REVISED,CIGARREC,1,True,Original u otra
IICGRRC,int64,47299,2,0,0.0,RECENCY OF DRUG USE,,Predictor candidato,CIGAR RECENCY - IMPUTATION INDICATOR,CIGARREC,1,True,Original u otra
II2CGRRC,int64,47299,8,0,0.0,RECENCY OF DRUG USE,,Predictor candidato,CIGAR RECENCY - DETAILED IMPUTATION INDICATOR,CIGARREC,1,True,Original u otra
IRPIPLF,int64,47299,2,0,0.0,RECENCY OF DRUG USE,,Predictor candidato,LIFETIME PIPE USE - IMPUTATION REVISED,PIPEVER,1,True,Original u otra
IIPIPLF,int64,47299,2,0,0.0,RECENCY OF DRUG USE,,Predictor candidato,LIFETIME PIPE USE - IMPUTATION INDICATOR,PIPEVER,1,True,Original u otra
IRPIPMN,int64,47299,3,0,0.0,RECENCY OF DRUG USE,,Predictor candidato,PAST MONTH PIPE USE - IMPUTATION REVISED,PIPE30DY,1,True,Original u otra
IIPIPMN,int64,47299,3,0,0.0,RECENCY OF DRUG USE,,Predictor candidato,PAST MONTH PIPE USE - IMPUTATION INDICATOR,PIPE30DY,1,True,Original u otra
IRNICVAPREC,int64,47299,5,0,0.0,RECENCY OF DRUG USE,,Predictor candidato,NICOTINE VAPING RECENCY - IMPUTATION REVISED,"NICVAPEVER, NICVAPREC",2,True,Original u otra
IINICVAPREC,int64,47299,8,0,0.0,RECENCY OF DRUG USE,,Predictor candidato,NICOTINE VAPING RECENCY - IMPUTATION INDICATOR,"NICVAPEVER, NICVAPREC",2,True,Original u otra
IRSMKLSSREC,int64,47299,5,0,0.0,RECENCY OF DRUG USE,,Predictor candidato,SMOKELESS TOBACCO RECENCY - IMPUTATION REVISED,SMKLSSREC,1,True,Original u otra
IISMKLSSREC,int64,47299,9,0,0.0,RECENCY OF DRUG USE,,Predictor candidato,SMOKELESS TOBACCO RECENCY - IMPUTATION INDICATOR,SMKLSSREC,1,True,Original u otra
IRALCRC,int64,47299,4,0,0.0,RECENCY OF DRUG USE,,Predictor candidato,ALCOHOL RECENCY - IMPUTATION REVISED,ALCREC,1,True,Original u otra
IIALCRC,int64,47299,3,0,0.0,RECENCY OF DRUG USE,,Predictor candidato,ALCOHOL RECENCY - IMPUTATION INDICATOR,ALCREC,1,True,Original u otra
II2ALCRC,int64,47299,5,0,0.0,RECENCY OF DRUG USE,,Predictor candidato,ALCOHOL RECENCY - DETAILED IMPUTATION INDICATOR,ALCREC,1,True,Original u otra
IRCBDHMPREC,int64,47299,5,0,0.0,RECENCY OF DRUG USE,,Predictor candidato,CBD OR HEMP RECENCY - IMPUTATION REVISED,"CBDHMPEVR, CBDHMPREC",2,True,Original u otra
IICBDHMPREC,int64,47299,3,0,0.0,RECENCY OF DRUG USE,,Predictor candidato,CBD OR HEMP RECENCY - IMPUTATION INDICATOR,"CBDHMPEVR, CBDHMPREC",2,True,Original u otra
IRMJRC,int64,47299,4,0,0.0,RECENCY OF DRUG USE,,Predictor candidato,MARIJUANA RECENCY - IMPUTATION REVISED,MJREC,1,True,Original u otra
IIMJRC,int64,47299,3,0,0.0,RECENCY OF DRUG USE,,Predictor candidato,MARIJUANA RECENCY - IMPUTATION INDICATOR,MJREC,1,True,Original u otra
II2MJRC,int64,47299,5,0,0.0,RECENCY OF DRUG USE,,Predictor candidato,MARIJUANA RECENCY - DETAILED IMPUTATION INDICATOR,MJREC,1,True,Original u otra
IRMJEVERVAPE,int64,47299,3,0,0.0,RECENCY OF DRUG USE,,Predictor candidato,MARIJUANA VAPING LIFETIME - IMPUTATION REVISED,MJEVERVAPE,1,True,Original u otra
IIMJEVERVAPE,int64,47299,4,0,0.0,RECENCY OF DRUG USE,,Predictor candidato,MARIJUANA VAPING LIFETIME - IMPUTATION INDICATOR,MJEVERVAPE,1,True,Original u otra
IRMJYRSMOKE,int64,47299,3,0,0.0,RECENCY OF DRUG USE,,Predictor candidato,MARIJUANA SMOKING PAST YEAR - IMPUTATION REVISED,"IRMJRC, MJYRSMOKE",2,True,Original u otra
IIMJYRSMOKE,int64,47299,4,0,0.0,RECENCY OF DRUG USE,,Predictor candidato,MARIJUANA SMOKING PAST YEAR - IMPUTATION INDICATOR,"IRMJRC, MJYRSMOKE",2,True,Original u otra
IRMJYRVAPE,int64,47299,3,0,0.0,RECENCY OF DRUG USE,,Predictor candidato,MARIJUANA VAPING PAST YEAR - IMPUTATION REVISED,"IRMJRC, MJEVERVAPE, MJYRVAPE",3,True,Original u otra
IIMJYRVAPE,int64,47299,4,0,0.0,RECENCY OF DRUG USE,,Predictor candidato,MARIJUANA VAPING PAST YEAR - IMPUTATION INDICATOR,"IRMJRC, MJYRVAPE",2,True,Original u otra
IRMJYRDAB,int64,47299,3,0,0.0,RECENCY OF DRUG USE,,Predictor candidato,"MARIJUANA DABBING WAXES, SHATTER, OR CONC PAST YEAR-IMP REV","IRMJRC, MJYRDAB",2,True,Original u otra
IIMJYRDAB,int64,47299,4,0,0.0,RECENCY OF DRUG USE,,Predictor candidato,"MARIJUANA DABBING WAXES, SHATTER, OR CONC PAST YEAR-IMP IND","IRMJRC, MJYRDAB",2,True,Original u otra
IRMJYREAT,int64,47299,3,0,0.0,RECENCY OF DRUG USE,,Predictor candidato,MARIJUANA EATING OR DRINKING PAST YEAR - IMPUTATION REVISED,"IRMJRC, MJYREAT",2,True,Original u otra
IIMJYREAT,int64,47299,4,0,0.0,RECENCY OF DRUG USE,,Predictor candidato,MARIJUANA EATING OR DRINKING PAST YR - IMPUTATION INDICATOR,"IRMJRC, MJYREAT",2,True,Original u otra
IRMJYRMOUTH,int64,47299,3,0,0.0,RECENCY OF DRUG USE,,Predictor candidato,MARIJUANA DRPS/STRPS/LZNGS/SPRYS IN MOUTH PAST YR - IMP REV,"IRMJRC, MJYRMOUTH",2,True,Original u otra
IIMJYRMOUTH,int64,47299,4,0,0.0,RECENCY OF DRUG USE,,Predictor candidato,MARIJUANA DRPS/STRPS/LZNGS/SPRYS IN MOUTH PAST YR - IMP IND,"IRMJRC, MJYRMOUTH",2,True,Original u otra
IRMJYRSKIN,int64,47299,3,0,0.0,RECENCY OF DRUG USE,,Predictor candidato,MARIJUANA LOTION/CREAM/PATCH TO SKIN PAST YEAR - IMP REV,"IRMJRC, MJYRSKIN",2,True,Original u otra
IIMJYRSKIN,int64,47299,4,0,0.0,RECENCY OF DRUG USE,,Predictor candidato,MARIJUANA LOTION/CREAM/PATCH TO SKIN PAST YEAR - IMP IND,"IRMJRC, MJYRSKIN",2,True,Original u otra
IRMJYRPILL,int64,47299,3,0,0.0,RECENCY OF DRUG USE,,Predictor candidato,MARIJUANA PILLS PAST YEAR - IMPUTATION REVISED,"IRMJRC, MJYRPILL",2,True,Original u otra
IIMJYRPILL,int64,47299,4,0,0.0,RECENCY OF DRUG USE,,Predictor candidato,MARIJUANA PILLS PAST YEAR - IMPUTATION INDICATOR,"IRMJRC, MJYRPILL",2,True,Original u otra
IRMJYROTHER,int64,47299,3,0,0.0,RECENCY OF DRUG USE,,Predictor candidato,MARIJUANA OTHER WAY PAST YEAR - IMPUTATION REVISED,"IRMJRC, MJYROTHER",2,True,Original u otra
IIMJYROTHER,int64,47299,4,0,0.0,RECENCY OF DRUG USE,,Predictor candidato,MARIJUANA OTHER WAY PAST YEAR - IMPUTATION INDICATOR,"IRMJRC, MJYROTHER",2,True,Original u otra
IRMJMONSMOKE,int64,47299,3,0,0.0,RECENCY OF DRUG USE,,Predictor candidato,MARIJUANA SMOKING PAST MONTH - IMPUTATION REVISED,"IRMJRC, MJMONSMOKE",2,True,Original u otra
IIMJMONSMOKE,int64,47299,4,0,0.0,RECENCY OF DRUG USE,,Predictor candidato,MARIJUANA SMOKING PAST MONTH - IMPUTATION INDICATOR,"IRMJRC, MJMONSMOKE",2,True,Original u otra
IRMJMONVAPE,int64,47299,3,0,0.0,RECENCY OF DRUG USE,,Predictor candidato,MARIJUANA VAPING PAST MONTH - IMPUTATION REVISED,"IRMJRC, MJEVERVAPE, MJMONVAPE",3,True,Original u otra
IIMJMONVAPE,int64,47299,4,0,0.0,RECENCY OF DRUG USE,,Predictor candidato,MARIJUANA VAPING PAST MONTH - IMPUTATION INDICATOR,"IRMJRC, MJMONVAPE",2,True,Original u otra
IRMJMONDAB,int64,47299,3,0,0.0,RECENCY OF DRUG USE,,Predictor candidato,"MARIJUANA DABBING WAXES, SHATTER, OR CONC PAST MONTH-IMP REV","IRMJRC, MJMONDAB",2,True,Original u otra
IIMJMONDAB,int64,47299,4,0,0.0,RECENCY OF DRUG USE,,Predictor candidato,"MARIJUANA DABBING WAXES, SHATTER, OR CONC PAST MONTH-IMP IND","IRMJRC, MJMONDAB",2,True,Original u otra
IRMJMONEAT,int64,47299,3,0,0.0,RECENCY OF DRUG USE,,Predictor candidato,MARIJUANA EATING OR DRINKING PAST MONTH - IMPUTATION REVISED,"IRMJRC, MJMONEAT",2,True,Original u otra
IIMJMONEAT,int64,47299,4,0,0.0,RECENCY OF DRUG USE,,Predictor candidato,MARIJUANA EATING OR DRINKING PAST MONTH-IMPUTATION INDICATOR,"IRMJRC, MJMONEAT",2,True,Original u otra
IRMJMONMOUTH,int64,47299,3,0,0.0,RECENCY OF DRUG USE,,Predictor candidato,MARIJUANA DRPS/STRPS/LZNGS/SPRYS IN MOUTH PAST MONTH-IMP REV,"IRMJRC, MJMONMOUTH",2,True,Original u otra
IIMJMONMOUTH,int64,47299,4,0,0.0,RECENCY OF DRUG USE,,Predictor candidato,MARIJUANA DRPS/STRPS/LZNGS/SPRYS IN MOUTH PAST MONTH-IMP IND,"IRMJRC, MJMONMOUTH",2,True,Original u otra
IRMJMONSKIN,int64,47299,3,0,0.0,RECENCY OF DRUG USE,,Predictor candidato,MARIJUANA LOTION/CREAM/PATCH TO SKIN PAST MONTH - IMP REV,"IRMJRC, MJMONSKIN",2,True,Original u otra
IIMJMONSKIN,int64,47299,4,0,0.0,RECENCY OF DRUG USE,,Predictor candidato,MARIJUANA LOTION/CREAM/PATCH TO SKIN PAST MONTH - IMP IND,"IRMJRC, MJMONSKIN",2,True,Original u otra
IRMJMONPILL,int64,47299,3,0,0.0,RECENCY OF DRUG USE,,Predictor candidato,MARIJUANA PILLS PAST MONTH - IMPUTATION REVISED,"IRMJRC, MJMONPILL",2,True,Original u otra
IIMJMONPILL,int64,47299,4,0,0.0,RECENCY OF DRUG USE,,Predictor candidato,MARIJUANA PILLS PAST MONTH - IMPUTATION INDICATOR,"IRMJRC, MJMONPILL",2,True,Original u otra
IRCOCRC,int64,47299,4,0,0.0,RECENCY OF DRUG USE,,Predictor candidato,COCAINE RECENCY - IMPUTATION REVISED,COCREC,1,True,Original u otra
IICOCRC,int64,47299,3,0,0.0,RECENCY OF DRUG USE,,Predictor candidato,COCAINE RECENCY - IMPUTATION INDICATOR,COCREC,1,True,Original u otra
II2COCRC,int64,47299,5,0,0.0,RECENCY OF DRUG USE,,Predictor candidato,COCAINE RECENCY - DETAILED IMPUTATION INDICATOR,COCREC,1,True,Original u otra
IRCRKRC,int64,47299,4,0,0.0,RECENCY OF DRUG USE,,Predictor candidato,CRACK RECENCY - IMPUTATION REVISED,CRAKREC,1,True,Original u otra
IICRKRC,int64,47299,2,0,0.0,RECENCY OF DRUG USE,,Predictor candidato,CRACK RECENCY - IMPUTATION INDICATOR,CRAKREC,1,True,Original u otra
II2CRKRC,int64,47299,4,0,0.0,RECENCY OF DRUG USE,,Predictor candidato,CRACK RECENCY - DETAILED IMPUTATION INDICATOR,CRAKREC,1,True,Original u otra
IRHERRC,int64,47299,4,0,0.0,RECENCY OF DRUG USE,,Predictor candidato,HEROIN RECENCY - IMPUTATION REVISED,HERREC,1,True,Original u otra
IIHERRC,int64,47299,2,0,0.0,RECENCY OF DRUG USE,,Predictor candidato,HEROIN RECENCY - IMPUTATION INDICATOR,HERREC,1,True,Original u otra
II2HERRC,int64,47299,4,0,0.0,RECENCY OF DRUG USE,,Predictor candidato,HEROIN RECENCY - DETAILED IMPUTATION INDICATOR,HERREC,1,True,Original u otra
IRHALLUCREC,int64,47299,4,0,0.0,RECENCY OF DRUG USE,,Predictor candidato,HALLUCINOGEN RECENCY - IMPUTATION REVISED,HALLUCREC,1,True,Original u otra
IIHALLUCREC,int64,47299,5,0,0.0,RECENCY OF DRUG USE,,Predictor candidato,HALLUCINOGEN RECENCY - IMPUTATION INDICATOR,HALLUCREC,1,True,Original u otra
IRLSDRC,int64,47299,4,0,0.0,RECENCY OF DRUG USE,,Predictor candidato,LSD RECENCY - IMPUTATION REVISED,LSDREC,1,True,Original u otra
IILSDRC,int64,47299,3,0,0.0,RECENCY OF DRUG USE,,Predictor candidato,LSD RECENCY - IMPUTATION INDICATOR,LSDREC,1,True,Original u otra
II2LSDRC,int64,47299,5,0,0.0,RECENCY OF DRUG USE,,Predictor candidato,LSD RECENCY - DETAILED IMPUTATION INDICATOR,LSDREC,1,True,Original u otra
IRPCPRC,int64,47299,4,0,0.0,RECENCY OF DRUG USE,,Predictor candidato,PCP RECENCY - IMPUTATION REVISED,PCPREC,1,True,Original u otra
IIPCPRC,int64,47299,3,0,0.0,RECENCY OF DRUG USE,,Predictor candidato,PCP RECENCY - IMPUTATION INDICATOR,PCPREC,1,True,Original u otra
II2PCPRC,int64,47299,5,0,0.0,RECENCY OF DRUG USE,,Predictor candidato,PCP RECENCY - DETAILED IMPUTATION INDICATOR,PCPREC,1,True,Original u otra
IRPSILCYREC,int64,47299,4,0,0.0,RECENCY OF DRUG USE,,Predictor candidato,PSILOCYBIN RECENCY - IMPUTATION REVISED,PSILCYREC,1,True,Original u otra
IIPSILCYREC,int64,47299,5,0,0.0,RECENCY OF DRUG USE,,Predictor candidato,PSILOCYBIN RECENCY - IMPUTATION INDICATOR,PSILCYREC,1,True,Original u otra
IRECSTMOREC,int64,47299,4,0,0.0,RECENCY OF DRUG USE,,Predictor candidato,ECSTASY RECENCY - IMPUTATION REVISED,ECSTMOREC,1,True,Original u otra
IIECSTMOREC,int64,47299,5,0,0.0,RECENCY OF DRUG USE,,Predictor candidato,ECSTASY RECENCY - IMPUTATION INDICATOR,ECSTMOREC,1,True,Original u otra
IRKETMINREC,int64,47299,4,0,0.0,RECENCY OF DRUG USE,,Predictor candidato,KETAMINE RECENCY - IMPUTATION REVISED,KETMINREC,1,True,Original u otra
IIKETMINREC,int64,47299,5,0,0.0,RECENCY OF DRUG USE,,Predictor candidato,KETAMINE RECENCY - IMPUTATION INDICATOR,KETMINREC,1,True,Original u otra
IRDAMTFXREC,int64,47299,4,0,0.0,RECENCY OF DRUG USE,,Predictor candidato,DMT/AMT/FOXY RECENCY - IMPUTATION REVISED,DAMTFXREC,1,True,Original u otra
IIDAMTFXREC,int64,47299,5,0,0.0,RECENCY OF DRUG USE,,Predictor candidato,DMT/AMT/FOXY RECENCY - IMPUTATION INDICATOR,DAMTFXREC,1,True,Original u otra
IRSALVIAREC,int64,47299,4,0,0.0,RECENCY OF DRUG USE,,Predictor candidato,SALVIA RECENCY - IMPUTATION REVISED,SALVIAREC,1,True,Original u otra
IISALVIAREC,int64,47299,5,0,0.0,RECENCY OF DRUG USE,,Predictor candidato,SALVIA RECENCY - IMPUTATION INDICATOR,SALVIAREC,1,True,Original u otra
IRINHALREC2,int64,47299,4,0,0.0,RECENCY OF DRUG USE,,Predictor candidato,INHALANT RECENCY - IMPUTATION REVISED,INHALREC2,1,True,Original u otra
IIINHALREC2,int64,47299,4,0,0.0,RECENCY OF DRUG USE,,Predictor candidato,INHALANT RECENCY - IMPUTATION INDICATOR,INHALREC2,1,True,Original u otra
IRMETHAMREC,int64,47299,4,0,0.0,RECENCY OF DRUG USE,,Predictor candidato,METHAMPHETAMINE RECENCY - IMPUTATION REVISED,METHAMREC,1,True,Original u otra
IIMETHAMREC,int64,47299,4,0,0.0,RECENCY OF DRUG USE,,Predictor candidato,METHAMPHETAMINE USE RECENCY - IMPUTATION INDICATOR,METHAMREC,1,True,Original u otra
IRPNRANYREC2,int64,47299,3,0,0.0,RECENCY OF DRUG USE,,Predictor candidato,ANY PAIN RELIEVER RECENCY - IMPUTATION REVISED,PNRANYREC2,1,True,Original u otra
IIPNRANYREC2,int64,47299,4,0,0.0,RECENCY OF DRUG USE,,Predictor candidato,ANY PAIN RELIEVER RECENCY - IMPUTATION INDICATOR,PNRANYREC2,1,True,Original u otra
IROXCNANYYR2,int64,47299,2,0,0.0,RECENCY OF DRUG USE,,Predictor candidato,ANY OXYCONTIN RECENCY - IMPUTATION REVISED,OXCNANYYR2,1,True,Original u otra
IIOXCNANYYR2,int64,47299,3,0,0.0,RECENCY OF DRUG USE,,Predictor candidato,ANY OXYCONTIN RECENCY - IMPUTATION INDICATOR,OXCNANYYR2,1,True,Original u otra
IRFENTANYYR2,int64,47299,2,0,0.0,RECENCY OF DRUG USE,,Predictor candidato,FENTANYL PRODUCTS - ANY PAST YEAR USE - IMP REV,FENTANYYR2,1,True,Original u otra
IIFENTANYYR2,int64,47299,3,0,0.0,RECENCY OF DRUG USE,,Predictor candidato,FENTANYL PRODUCTS - ANY PAST YEAR USE - IMP IND,FENTANYYR2,1,True,Original u otra
IRRXOPANYYR,int64,47299,2,0,0.0,RECENCY OF DRUG USE,,Predictor candidato,PRESCRIPTION OPIOIDS - ANY PAST YEAR USE - IMP REV,"IRFENTANYYR2, IROXCNANYYR2, PNRANYYR2",3,True,Original u otra
IIRXOPANYYR,int64,47299,2,0,0.0,RECENCY OF DRUG USE,,Predictor candidato,PRESCRIPTION OPIOIDS - ANY PAST YEAR USE - IMP IND,"IRFENTANYYR2, IROXCNANYYR2, PNRANYYR2",3,True,Original u otra
IRTRQANYREC,int64,47299,3,0,0.0,RECENCY OF DRUG USE,,Predictor candidato,ANY TRANQUILIZERS RECENCY - IMPUTATION REVISED,TRQANYREC,1,True,Original u otra
IITRQANYREC,int64,47299,3,0,0.0,RECENCY OF DRUG USE,,Predictor candidato,ANY TRANQUILIZERS RECENCY - IMPUTATION INDICATOR,TRQANYREC,1,True,Original u otra
IRSTMANYREC,int64,47299,3,0,0.0,RECENCY OF DRUG USE,,Predictor candidato,ANY STIMULANTS RECENCY - IMPUTATION REVISED,STMANYREC,1,True,Original u otra
IISTMANYREC,int64,47299,3,0,0.0,RECENCY OF DRUG USE,,Predictor candidato,ANY STIMULANTS RECENCY - IMPUTATION INDICATOR,STMANYREC,1,True,Original u otra
IRSEDANYREC,int64,47299,3,0,0.0,RECENCY OF DRUG USE,,Predictor candidato,ANY SEDATIVES RECENCY - IMPUTATION REVISED,SEDANYREC,1,True,Original u otra
IISEDANYREC,int64,47299,3,0,0.0,RECENCY OF DRUG USE,,Predictor candidato,ANY SEDATIVES RECENCY - IMPUTATION INDICATOR,SEDANYREC,1,True,Original u otra
IRBZOANYYR,int64,47299,2,0,0.0,RECENCY OF DRUG USE,,Predictor candidato,ANY BENZODIAZEPINES - PAST YEAR USE - IMPUTATION REVISED,BZOANYYR,1,True,Original u otra
IIBZOANYYR,int64,47299,2,0,0.0,RECENCY OF DRUG USE,,Predictor candidato,ANY BENZODIAZEPINES - PAST YEAR USE - IMPUTATION INDICATOR,BZOANYYR,1,True,Original u otra
IRPNRNMREC,int64,47299,4,0,0.0,RECENCY OF DRUG USE,,Predictor candidato,PAIN RELIEVER MISUSE RECENCY - IMPUTATION REVISED,PNRNMREC,1,True,Original u otra
IIPNRNMREC,int64,47299,6,0,0.0,RECENCY OF DRUG USE,,Predictor candidato,PAIN RELIEVER MISUSE RECENCY - IMPUTATION INDICATOR,PNRNMREC,1,True,Original u otra
IROXCNNMYR,int64,47299,2,0,0.0,RECENCY OF DRUG USE,,Predictor candidato,OXYCONTIN PAST YEAR MISUSE - IMPUTATION REVISED,OXCNNMYR,1,True,Original u otra
IIOXCNNMYR,int64,47299,3,0,0.0,RECENCY OF DRUG USE,,Predictor candidato,OXYCONTIN PAST YEAR MISUSE - IMPUTATION INDICATOR,OXCNNMYR,1,True,Original u otra
IRFENTNMYR,int64,47299,2,0,0.0,RECENCY OF DRUG USE,,Predictor candidato,FENTANYL PRODUCTS - PAST YEAR MISUSE - IMP REV,FENTNMYR,1,True,Original u otra
IIFENTNMYR,int64,47299,2,0,0.0,RECENCY OF DRUG USE,,Predictor candidato,FENTANYL PRODUCTS - PAST YEAR MISUSE - IMP IND,FENTNMYR,1,True,Original u otra
IRRXOPNMYR,int64,47299,2,0,0.0,RECENCY OF DRUG USE,,Predictor candidato,PRESCRIPTION OPIOIDS - PAST YEAR MISUSE - IMP REV,IRRXOPANYYR,1,True,Original u otra
IIRXOPNMYR,int64,47299,2,0,0.0,RECENCY OF DRUG USE,,Predictor candidato,PRESCRIPTION OPIOIDS - PAST YEAR MISUSE - IMP IND,IRRXOPANYYR,1,True,Original u otra
IRTRQNMREC,int64,47299,4,0,0.0,RECENCY OF DRUG USE,,Predictor candidato,TRANQUILIZER MISUSE RECENCY - IMPUTATION REVISED,TRQNMREC,1,True,Original u otra
IITRQNMREC,int64,47299,6,0,0.0,RECENCY OF DRUG USE,,Predictor candidato,TRANQUILIZER MISUSE RECENCY - IMPUTATION INDICATOR,TRQNMREC,1,True,Original u otra
IRSTMNMREC,int64,47299,4,0,0.0,RECENCY OF DRUG USE,,Predictor candidato,STIMULANT MISUSE RECENCY - IMPUTATION REVISED,STMNMREC,1,True,Original u otra
IISTMNMREC,int64,47299,6,0,0.0,RECENCY OF DRUG USE,,Predictor candidato,STIMULANT MISUSE RECENCY - IMPUTATION INDICATOR,STMNMREC,1,True,Original u otra
IRSEDNMREC,int64,47299,4,0,0.0,RECENCY OF DRUG USE,,Predictor candidato,SEDATIVE MISUSE RECENCY - IMPUTATION REVISED,SEDNMREC,1,True,Original u otra
IISEDNMREC,int64,47299,6,0,0.0,RECENCY OF DRUG USE,,Predictor candidato,SEDATIVE MISUSE RECENCY - IMPUTATION INDICATOR,SEDNMREC,1,True,Original u otra
IRBZONMYR,int64,47299,2,0,0.0,RECENCY OF DRUG USE,,Predictor candidato,ANY BENZODIAZEPINES - PAST YEAR MISUSE - IMPUTATION REVISED,BZONMYR,1,True,Original u otra
IIBZONMYR,int64,47299,2,0,0.0,RECENCY OF DRUG USE,,Predictor candidato,ANY BENZODIAZEPINES - PAST YEAR MISUSE - IMP IND,BZONMYR,1,True,Original u otra
IRALCFY,int64,47299,184,0,0.0,PAST YEAR FREQUENCY OF USE,,Predictor candidato,ALCOHOL FREQUENCY PAST YEAR - IMPUTATION REVISED,ALCYRTOT,1,True,Original u otra
IIALCFY,int64,47299,4,0,0.0,PAST YEAR FREQUENCY OF USE,,Predictor candidato,ALCOHOL FREQUENCY PAST YEAR - IMPUTATION INDICATOR,ALCYRTOT,1,True,Original u otra
II2ALCFY,int64,47299,5,0,0.0,PAST YEAR FREQUENCY OF USE,,Predictor candidato,ALCOHOL FREQ PAST YEAR - DETAILED IMPUTATION INDICATOR,ALCYRTOT,1,True,Original u otra
IRMJFY,int64,47299,207,0,0.0,PAST YEAR FREQUENCY OF USE,,Predictor candidato,MARIJUANA FREQUENCY PAST YEAR - IMPUTATION REVISED,MJYRTOT,1,True,Original u otra
IIMJFY,int64,47299,4,0,0.0,PAST YEAR FREQUENCY OF USE,,Predictor candidato,MARIJUANA FREQUENCY PAST YEAR - IMPUTATION INDICATOR,MJYRTOT,1,True,Original u otra
II2MJFY,int64,47299,5,0,0.0,PAST YEAR FREQUENCY OF USE,,Predictor candidato,MARIJUANA FREQ PAST YEAR - DETAILED IMPUTATION INDICATOR,MJYRTOT,1,True,Original u otra
IRCOCFY,int64,47299,73,0,0.0,PAST YEAR FREQUENCY OF USE,,Predictor candidato,COCAINE FREQUENCY PAST YEAR - IMPUTATION REVISED,COCYRTOT,1,True,Original u otra
IICOCFY,int64,47299,4,0,0.0,PAST YEAR FREQUENCY OF USE,,Predictor candidato,COCAINE FREQUENCY PAST YEAR - IMPUTATION INDICATOR,COCYRTOT,1,True,Original u otra
II2COCFY,int64,47299,5,0,0.0,PAST YEAR FREQUENCY OF USE,,Predictor candidato,COCAINE FREQ PAST YEAR - DETAILED IMPUTATION INDICATOR,COCYRTOT,1,True,Original u otra
IRCRKFY,int64,47299,52,0,0.0,PAST YEAR FREQUENCY OF USE,,Predictor candidato,CRACK FREQUENCY PAST YEAR - IMPUTATION REVISED,CRKYRTOT,1,True,Original u otra
IICRKFY,int64,47299,4,0,0.0,PAST YEAR FREQUENCY OF USE,,Predictor candidato,CRACK FREQUENCY PAST YEAR - IMPUTATION INDICATOR,CRKYRTOT,1,True,Original u otra
II2CRKFY,int64,47299,5,0,0.0,PAST YEAR FREQUENCY OF USE,,Predictor candidato,CRACK FREQ PAST YEAR - DETAILED IMPUTATION INDICATOR,CRKYRTOT,1,True,Original u otra
IRHERFY,int64,47299,44,0,0.0,PAST YEAR FREQUENCY OF USE,,Predictor candidato,HEROIN FREQUENCY PAST YEAR - IMPUTATION REVISED,HERYRTOT,1,True,Original u otra
IIHERFY,int64,47299,4,0,0.0,PAST YEAR FREQUENCY OF USE,,Predictor candidato,HEROIN FREQUENCY PAST YEAR - IMPUTATION INDICATOR,HERYRTOT,1,True,Original u otra
II2HERFY,int64,47299,5,0,0.0,PAST YEAR FREQUENCY OF USE,,Predictor candidato,HEROIN FREQ PAST YEAR - DETAILED IMPUTATION INDICATOR,HERYRTOT,1,True,Original u otra
IRHALLUCYFQ,int64,47299,69,0,0.0,PAST YEAR FREQUENCY OF USE,,Predictor candidato,HALL FREQUENCY PAST YEAR - IMPUTATION REVISED,HALLUCYFQ,1,True,Original u otra
IIHALLUCYFQ,int64,47299,5,0,0.0,PAST YEAR FREQUENCY OF USE,,Predictor candidato,HALL FREQ PAST YEAR - IMPUTATION INDICATOR,HALLUCYFQ,1,True,Original u otra
IRINHALYFQ2,int64,47299,56,0,0.0,PAST YEAR FREQUENCY OF USE,,Predictor candidato,INHALANT FREQUENCY PAST YEAR - IMPUTATION REVISED,INHALYFQ2,1,True,Original u otra
IIINHALYFQ2,int64,47299,5,0,0.0,PAST YEAR FREQUENCY OF USE,,Predictor candidato,INHALANT FREQ PAST YEAR - IMPUTATION INDICATOR,INHALYFQ2,1,True,Original u otra
IRMETHAMYFQ,int64,47299,79,0,0.0,PAST YEAR FREQUENCY OF USE,,Predictor candidato,METH FREQUENCY PAST YEAR - IMPUTATION REVISED,METHAMYFQ,1,True,Original u otra
IIMETHAMYFQ,int64,47299,5,0,0.0,PAST YEAR FREQUENCY OF USE,,Predictor candidato,METH FREQ PAST YEAR - IMPUTATION INDICATOR,METHAMYFQ,1,True,Original u otra
IRCIGFM,float64,47299,35,0,0.0,PAST MONTH FREQUENCY OF USE,,Predictor candidato,CIG FREQUENCY PAST MONTH - IMPUTATION REVISED,"CG30EST, CIG30USE",2,True,Original u otra
IICIGFM,int64,47299,4,0,0.0,PAST MONTH FREQUENCY OF USE,,Predictor candidato,CIG FREQUENCY PAST MONTH - IMPUTATION INDICATOR,"CG30EST, CIG30USE",2,True,Original u otra
II2CIGFM,int64,47299,4,0,0.0,PAST MONTH FREQUENCY OF USE,,Predictor candidato,CIG FREQUENCY PAST MONTH - DETAILED IMPUTATION INDICATOR,"CG30EST, CIG30USE",2,True,Original u otra
IRCGRFM,float64,47299,34,0,0.0,PAST MONTH FREQUENCY OF USE,,Predictor candidato,CIGAR FREQUENCY PAST MONTH - IMPUTATION REVISED,"CGR30USE, CI30EST",2,True,Original u otra
IICGRFM,int64,47299,4,0,0.0,PAST MONTH FREQUENCY OF USE,,Predictor candidato,CIGAR FREQUENCY PAST MONTH - IMPUTATION INDICATOR,"CGR30USE, CI30EST",2,True,Original u otra
II2CGRFM,int64,47299,5,0,0.0,PAST MONTH FREQUENCY OF USE,,Predictor candidato,CIGAR FREQUENCY PAST MONTH - DETAILED IMPUTATION INDICATOR,"CGR30USE, CI30EST",2,True,Original u otra
IRSMKLSS30N,float64,47299,35,0,0.0,PAST MONTH FREQUENCY OF USE,,Predictor candidato,SMOKELESS TOBACCO FREQUENCY PAST MONTH - IMPUTATION REVISED,"SMKLSS30E, SMKLSS30N",2,True,Original u otra
IISMKLSS30N,int64,47299,5,0,0.0,PAST MONTH FREQUENCY OF USE,,Predictor candidato,SMOKELESS TOBACCO FREQUENCY PST MONTH - IMPUTATION INDICATOR,"SMKLSS30E, SMKLSS30N",2,True,Original u otra
IRNICVAP30N,float64,47299,36,0,0.0,PAST MONTH FREQUENCY OF USE,,Predictor candidato,NICOTINE VAPING FREQUENCY PAST MONTH - IMPUTATION REVISED,NICVAP30N,1,True,Original u otra
IINICVAP30N,int64,47299,5,0,0.0,PAST MONTH FREQUENCY OF USE,,Predictor candidato,NICOTINE VAPING FREQUENCY PAST MONTH - IMPUTATION INDICATOR,NICVAP30N,1,True,Original u otra
IRALCFM,float64,47299,37,0,0.0,PAST MONTH FREQUENCY OF USE,,Predictor candidato,ALCOHOL FREQUENCY PAST MONTH - IMPUTATION REVISED,"AL30EST, ALCDAYS",2,True,Original u otra
IIALCFM,int64,47299,4,0,0.0,PAST MONTH FREQUENCY OF USE,,Predictor candidato,ALCOHOL FREQUENCY PAST MONTH - IMPUTATION INDICATOR,"AL30EST, ALCDAYS",2,True,Original u otra
II2ALCFM,int64,47299,5,0,0.0,PAST MONTH FREQUENCY OF USE,,Predictor candidato,ALCOHOL FREQUENCY PAST MONTH - DETAILED IMPUTATION INDICATOR,"AL30EST, ALCDAYS",2,True,Original u otra
IRALCBNG30D,int64,47299,33,0,0.0,PAST MONTH FREQUENCY OF USE,,Predictor candidato,BINGE ALCOHOL FREQUENCY PAST MONTH - IMPUTATION REVISED,ALCBNG30D,1,True,Original u otra
IIALCBNG30D,int64,47299,5,0,0.0,PAST MONTH FREQUENCY OF USE,,Predictor candidato,BINGE ALCOHOL FREQUENCY PAST MONTH - IMPUTATION INDICATOR,ALCBNG30D,1,True,Original u otra
IRMJFM,float64,47299,36,0,0.0,PAST MONTH FREQUENCY OF USE,,Predictor candidato,MARIJUANA FREQUENCY PAST MONTH - IMPUTATION REVISED,"MJDAY30A, MR30EST",2,True,Original u otra
IIMJFM,int64,47299,4,0,0.0,PAST MONTH FREQUENCY OF USE,,Predictor candidato,MARIJUANA FREQUENCY PAST MONTH - IMPUTATION INDICATOR,"MJDAY30A, MR30EST",2,True,Original u otra
II2MJFM,int64,47299,5,0,0.0,PAST MONTH FREQUENCY OF USE,,Predictor candidato,MARIJUANA FREQ PAST MONTH - DETAILED IMPUTATION INDICATOR,"MJDAY30A, MR30EST",2,True,Original u otra
IRCOCFM,int64,47299,27,0,0.0,PAST MONTH FREQUENCY OF USE,,Predictor candidato,COCAINE FREQUENCY PAST MONTH - IMPUTATION REVISED,"CC30EST, COCUS30A",2,True,Original u otra
IICOCFM,int64,47299,4,0,0.0,PAST MONTH FREQUENCY OF USE,,Predictor candidato,COCAINE FREQUENCY PAST MONTH - IMPUTATION INDICATOR,"CC30EST, COCUS30A",2,True,Original u otra
II2COCFM,int64,47299,5,0,0.0,PAST MONTH FREQUENCY OF USE,,Predictor candidato,COCAINE FREQUENCY PAST MONTH - DETAILED IMPUTATION INDICATOR,"CC30EST, COCUS30A",2,True,Original u otra
IRCRKFM,int64,47299,20,0,0.0,PAST MONTH FREQUENCY OF USE,,Predictor candidato,CRACK FREQUENCY PAST MONTH - IMPUTATION REVISED,"CR30EST, CRKUS30A",2,True,Original u otra
IICRKFM,int64,47299,4,0,0.0,PAST MONTH FREQUENCY OF USE,,Predictor candidato,CRACK FREQUENCY PAST MONTH - IMPUTATION INDICATOR,"CR30EST, CRKUS30A",2,True,Original u otra
II2CRKFM,int64,47299,5,0,0.0,PAST MONTH FREQUENCY OF USE,,Predictor candidato,CRACK FREQUENCY PAST MONTH - DETAILED IMPUTATION INDICATOR,"CR30EST, CRKUS30A",2,True,Original u otra
IRHERFM,float64,47299,18,0,0.0,PAST MONTH FREQUENCY OF USE,,Predictor candidato,HEROIN FREQUENCY PAST MONTH - IMPUTATION REVISED,"HER30USE, HR30EST",2,True,Original u otra
IIHERFM,int64,47299,4,0,0.0,PAST MONTH FREQUENCY OF USE,,Predictor candidato,HEROIN FREQUENCY PAST MONTH - IMPUTATION INDICATOR,"HER30USE, HR30EST",2,True,Original u otra
II2HERFM,int64,47299,5,0,0.0,PAST MONTH FREQUENCY OF USE,,Predictor candidato,HEROIN FREQ PAST MONTH - DETAILED IMPUTATION INDICATOR,"HER30USE, HR30EST",2,True,Original u otra
IRHALLUC30N,float64,47299,23,0,0.0,PAST MONTH FREQUENCY OF USE,,Predictor candidato,HALLUCINOGEN FREQUENCY PAST MONTH - IMPUTATION REVISED,"HALLUC30E, HALLUC30N",2,True,Original u otra
IIHALLUC30N,int64,47299,5,0,0.0,PAST MONTH FREQUENCY OF USE,,Predictor candidato,HALLUCINOGEN FREQUENCY PAST MONTH - IMPUTATION INDICATOR,"HALLUC30E, HALLUC30N",2,True,Original u otra
IRINHAL30N2,float64,47299,24,0,0.0,PAST MONTH FREQUENCY OF USE,,Predictor candidato,INHALANT FREQUENCY PAST MONTH - IMPUTATION REVISED,"INHAL30ES2, INHAL30N2",2,True,Original u otra
IIINHAL30N2,int64,47299,5,0,0.0,PAST MONTH FREQUENCY OF USE,,Predictor candidato,INHALANT FREQUENCY PAST MONTH - IMPUTATION INDICATOR,"INHAL30ES2, INHAL30N2",2,True,Original u otra
IRMETHAM30N,float64,47299,33,0,0.0,PAST MONTH FREQUENCY OF USE,,Predictor candidato,METHAMPHETAMINE FREQUENCY PAST MONTH - IMPUTATION REVISED,"METHAM30E, METHAM30N",2,True,Original u otra
IIMETHAM30N,int64,47299,5,0,0.0,PAST MONTH FREQUENCY OF USE,,Predictor candidato,METHAMPHETAMINE FREQUENCY PAST MONTH - IMPUTATION INDICATOR,"METHAM30E, METHAM30N",2,True,Original u otra
IRPNRNM30FQ,float64,47299,28,0,0.0,PAST MONTH FREQUENCY OF USE,,Predictor candidato,PAIN RELIEVERS MISUSE FREQ PAST MONTH - IMPUTATION REVISED,"PNRNM30ES, PNRNM30FQ",2,True,Original u otra
IIPNRNM30FQ,int64,47299,5,0,0.0,PAST MONTH FREQUENCY OF USE,,Predictor candidato,PAIN RELIEVERS MISUSE FREQ PAST MONTH - IMPUTATION INDICATOR,"PNRNM30ES, PNRNM30FQ",2,True,Original u otra
IRTRQNM30FQ,int64,47299,22,0,0.0,PAST MONTH FREQUENCY OF USE,,Predictor candidato,TRANQUILIZERS MISUSE FREQ PAST MONTH - IMPUTATION REVISED,"TRQNM30ES, TRQNM30FQ",2,True,Original u otra
IITRQNM30FQ,int64,47299,5,0,0.0,PAST MONTH FREQUENCY OF USE,,Predictor candidato,TRANQUILIZERS MISUSE FREQ PAST MONTH - IMPUTATION INDICATOR,"TRQNM30ES, TRQNM30FQ",2,True,Original u otra
IRSTMNM30FQ,int64,47299,24,0,0.0,PAST MONTH FREQUENCY OF USE,,Predictor candidato,STIMULANTS MISUSE FREQUENCY PAST MONTH - IMPUTATION REVISED,"STMNM30ES, STMNM30FQ",2,True,Original u otra
IISTMNM30FQ,int64,47299,5,0,0.0,PAST MONTH FREQUENCY OF USE,,Predictor candidato,STIMULANTS MISUSE FREQ PAST MONTH - IMPUTATION INDICATOR,"STMNM30ES, STMNM30FQ",2,True,Original u otra
IRSEDNM30FQ,int64,47299,18,0,0.0,PAST MONTH FREQUENCY OF USE,,Predictor candidato,SEDATIVES MISUSE FREQUENCY PAST MONTH - IMPUTATION REVISED,"SEDNM30ES, SEDNM30FQ",2,True,Original u otra
IISEDNM30FQ,int64,47299,4,0,0.0,PAST MONTH FREQUENCY OF USE,,Predictor candidato,SEDATIVES MISUSE FREQUENCY PAST MONTH - IMPUTATION INDICATOR,"SEDNM30ES, SEDNM30FQ",2,True,Original u otra
IRCIGAGE,int64,47299,54,0,0.0,AGE/DATE OF FIRST DRUG USE,,Predictor candidato,CIGARETTE AGE OF FIRST USE - IMPUTATION REVISED,CIGTRY,1,True,Original u otra
IICIGAGE,int64,47299,4,0,0.0,AGE/DATE OF FIRST DRUG USE,,Predictor candidato,CIGARETTE AGE OF FIRST USE - IMPUTATION INDICATOR,CIGTRY,1,True,Original u otra
IRCIGYFU,int64,47299,88,0,0.0,AGE/DATE OF FIRST DRUG USE,,Predictor candidato,CIGARETTE YEAR OF FIRST USE - IMPUTATION REVISED,"CIGYFU, IRCIGAGE",2,True,Original u otra
IICIGYFU,int64,47299,4,0,0.0,AGE/DATE OF FIRST DRUG USE,,Predictor candidato,CIGARETTE YEAR OF FIRST USE - IMPUTATION INDICATOR,"CIGYFU, IRCIGAGE",2,True,Original u otra
IRCDUAGE,int64,47299,59,0,0.0,AGE/DATE OF FIRST DRUG USE,,Predictor candidato,DAILY CIGARETTE AGE OF FIRST USE - IMPUTATION REVISED,CIGAGE,1,True,Original u otra
IICDUAGE,int64,47299,3,0,0.0,AGE/DATE OF FIRST DRUG USE,,Predictor candidato,DAILY CIGARETTE AGE OF FIRST USE - IMPUTATION INDICATOR,CIGAGE,1,True,Original u otra
IRCD2YFU,int64,47299,84,0,0.0,AGE/DATE OF FIRST DRUG USE,,Predictor candidato,DAILY CIGARETTE YFU - USING CIGDLYFU - IMPUTATION REVISED,"CIGDLYFU, IRCDUAGE",2,True,Original u otra
IICD2YFU,int64,47299,3,0,0.0,AGE/DATE OF FIRST DRUG USE,,Predictor candidato,DAILY CIGARETTE YEAR OF FIRST USE - IMPUTATION INDICATOR,"CIGDLYFU, IRCDUAGE",2,True,Original u otra
IRCGRAGE,int64,47299,72,0,0.0,AGE/DATE OF FIRST DRUG USE,,Predictor candidato,CIGAR AGE OF FIRST USE - IMPUTATION REVISED,CIGARTRY,1,True,Original u otra
IICGRAGE,int64,47299,3,0,0.0,AGE/DATE OF FIRST DRUG USE,,Predictor candidato,CIGAR AGE OF FIRST USE - IMPUTATION INDICATOR,CIGARTRY,1,True,Original u otra
IRCGRYFU,int64,47299,81,0,0.0,AGE/DATE OF FIRST DRUG USE,,Predictor candidato,CIGAR YEAR OF FIRST USE - IMPUTATION REVISED,"CIGARYFU, IRCGRAGE",2,True,Original u otra
IICGRYFU,int64,47299,3,0,0.0,AGE/DATE OF FIRST DRUG USE,,Predictor candidato,CIGAR YEAR OF FIRST USE - IMPUTATION INDICATOR,"CIGARYFU, IRCGRAGE",2,True,Original u otra
IRSMKLSSTRY,int64,47299,61,0,0.0,AGE/DATE OF FIRST DRUG USE,,Predictor candidato,SMOKELESS TOBACCO AGE OF FIRST USE - IMPUTATION REVISED,SMKLSSTRY,1,True,Original u otra
IISMKLSSTRY,int64,47299,3,0,0.0,AGE/DATE OF FIRST DRUG USE,,Predictor candidato,SMOKELESS TOBACCO AGE OF FIRST USE - IMPUTATION INDICATOR,SMKLSSTRY,1,True,Original u otra
IRSMKLSSYFU,int64,47299,80,0,0.0,AGE/DATE OF FIRST DRUG USE,,Predictor candidato,SMOKELESS TOBACCO YEAR OF FIRST USE - IMPUTATION REVISED,"IRSMKLSSTRY, SMKLSSYFU",2,True,Original u otra
IISMKLSSYFU,int64,47299,3,0,0.0,AGE/DATE OF FIRST DRUG USE,,Predictor candidato,SMOKELESS TOBACCO YEAR OF FIRST USE - IMPUTATION INDICATOR,"IRSMKLSSTRY, SMKLSSYFU",2,True,Original u otra
IRNICVAPAGE,int64,47299,80,0,0.0,AGE/DATE OF FIRST DRUG USE,,Predictor candidato,NICOTINE VAPING AGE OF FIRST USE - IMPUTATION REVISED,NICVAPAGE,1,True,Original u otra
IINICVAPAGE,int64,47299,3,0,0.0,AGE/DATE OF FIRST DRUG USE,,Predictor candidato,NICOTINE VAPING AGE OF FIRST USE - IMPUTATION INDICATOR,NICVAPAGE,1,True,Original u otra
IRNICVAPYFU,int64,47299,57,0,0.0,AGE/DATE OF FIRST DRUG USE,,Predictor candidato,NICOTINE VAPING YEAR OF FIRST USE - IMPUTATION REVISED,"IRNICVAPAGE, NICVAPYFU",2,True,Original u otra
IINICVAPYFU,int64,47299,3,0,0.0,AGE/DATE OF FIRST DRUG USE,,Predictor candidato,NICOTINE VAPING YEAR OF FIRST USE - IMPUTATION INDICATOR,"IRNICVAPAGE, NICVAPYFU",2,True,Original u otra
IRALCAGE,int64,47299,60,0,0.0,AGE/DATE OF FIRST DRUG USE,,Predictor candidato,ALCOHOL AGE OF FIRST USE - IMPUTATION REVISED,ALCTRY,1,True,Original u otra
IIALCAGE,int64,47299,3,0,0.0,AGE/DATE OF FIRST DRUG USE,,Predictor candidato,ALCOHOL AGE OF FIRST USE - IMPUTATION INDICATOR,ALCTRY,1,True,Original u otra
IRALCYFU,int64,47299,85,0,0.0,AGE/DATE OF FIRST DRUG USE,,Predictor candidato,ALCOHOL YEAR OF FIRST USE - IMPUTATION REVISED,"ALCYFU, IRALCAGE",2,True,Original u otra
IIALCYFU,int64,47299,3,0,0.0,AGE/DATE OF FIRST DRUG USE,,Predictor candidato,ALCOHOL YEAR OF FIRST USE - IMPUTATION INDICATOR,"ALCYFU, IRALCAGE",2,True,Original u otra
IRMJAGE,int64,47299,88,0,0.0,AGE/DATE OF FIRST DRUG USE,,Predictor candidato,MARIJUANA AGE OF FIRST USE - IMPUTATION REVISED,MJAGE,1,True,Original u otra
IIMJAGE,int64,47299,3,0,0.0,AGE/DATE OF FIRST DRUG USE,,Predictor candidato,MARIJUANA AGE OF FIRST USE - IMPUTATION INDICATOR,MJAGE,1,True,Original u otra
IRMJYFU,int64,47299,73,0,0.0,AGE/DATE OF FIRST DRUG USE,,Predictor candidato,MARIJUANA YEAR OF FIRST USE - IMPUTATION REVISED,"IRMJAGE, MJYFU",2,True,Original u otra
IIMJYFU,int64,47299,3,0,0.0,AGE/DATE OF FIRST DRUG USE,,Predictor candidato,MARIJUANA YEAR OF FIRST USE - IMPUTATION INDICATOR,"IRMJAGE, MJYFU",2,True,Original u otra
IRCOCAGE,int64,47299,56,0,0.0,AGE/DATE OF FIRST DRUG USE,,Predictor candidato,COCAINE AGE OF FIRST USE - IMPUTATION REVISED,COCAGE,1,True,Original u otra
IICOCAGE,int64,47299,4,0,0.0,AGE/DATE OF FIRST DRUG USE,,Predictor candidato,COCAINE AGE OF FIRST USE - IMPUTATION INDICATOR,COCAGE,1,True,Original u otra
IRCOCYFU,int64,47299,63,0,0.0,AGE/DATE OF FIRST DRUG USE,,Predictor candidato,COCAINE YEAR OF FIRST USE - IMPUTATION REVISED,"COCYFU, IRCOCAGE",2,True,Original u otra
IICOCYFU,int64,47299,3,0,0.0,AGE/DATE OF FIRST DRUG USE,,Predictor candidato,COCAINE YEAR OF FIRST USE - IMPUTATION INDICATOR,"COCYFU, IRCOCAGE",2,True,Original u otra
IRCRKAGE,int64,47299,50,0,0.0,AGE/DATE OF FIRST DRUG USE,,Predictor candidato,CRACK AGE OF FIRST USE - IMPUTATION REVISED,CRKAGE,1,True,Original u otra
IICRKAGE,int64,47299,3,0,0.0,AGE/DATE OF FIRST DRUG USE,,Predictor candidato,CRACK AGE OF FIRST USE - IMPUTATION INDICATOR,CRKAGE,1,True,Original u otra
IRCRKYFU,int64,47299,56,0,0.0,AGE/DATE OF FIRST DRUG USE,,Predictor candidato,CRACK YEAR OF FIRST USE - IMPUTATION REVISED,"CRKYFU, IRCRKAGE",2,True,Original u otra
IICRKYFU,int64,47299,3,0,0.0,AGE/DATE OF FIRST DRUG USE,,Predictor candidato,CRACK YEAR OF FIRST USE - IMPUTATION INDICATOR,"CRKYFU, IRCRKAGE",2,True,Original u otra
IRHERAGE,int64,47299,49,0,0.0,AGE/DATE OF FIRST DRUG USE,,Predictor candidato,HEROIN AGE OF FIRST USE - IMPUTATION REVISED,HERAGE,1,True,Original u otra
IIHERAGE,int64,47299,3,0,0.0,AGE/DATE OF FIRST DRUG USE,,Predictor candidato,HEROIN AGE OF FIRST USE - IMPUTATION INDICATOR,HERAGE,1,True,Original u otra
IRHERYFU,int64,47299,63,0,0.0,AGE/DATE OF FIRST DRUG USE,,Predictor candidato,HEROIN YEAR OF FIRST USE - IMPUTATION REVISED,"HERYFU, IRHERAGE",2,True,Original u otra
IIHERYFU,int64,47299,3,0,0.0,AGE/DATE OF FIRST DRUG USE,,Predictor candidato,HEROIN YEAR OF FIRST USE - IMPUTATION INDICATOR,"HERYFU, IRHERAGE",2,True,Original u otra
IRHALLUCAGE,int64,47299,66,0,0.0,AGE/DATE OF FIRST DRUG USE,,Predictor candidato,HALLUCINOGEN AGE OF FIRST USE - IMPUTATION REVISED,HALLUCAGE,1,True,Original u otra
IIHALLUCAGE,int64,47299,4,0,0.0,AGE/DATE OF FIRST DRUG USE,,Predictor candidato,HALLUCINOGEN AGE OF FIRST USE - IMPUTATION INDICATOR,HALLUCAGE,1,True,Original u otra
IRHALLUCYFU,int64,47299,69,0,0.0,AGE/DATE OF FIRST DRUG USE,,Predictor candidato,HALLUCINOGEN YEAR OF FIRST USE - IMPUTATION REVISED,"HALLUCYFU, IRHALLUCAGE",2,True,Original u otra
IIHALLUCYFU,int64,47299,4,0,0.0,AGE/DATE OF FIRST DRUG USE,,Predictor candidato,HALLUCINOGEN YEAR OF FIRST USE - IMPUTATION INDICATOR,"HALLUCYFU, IRHALLUCAGE",2,True,Original u otra
IRLSDAGE,int64,47299,52,0,0.0,AGE/DATE OF FIRST DRUG USE,,Predictor candidato,LSD AGE OF FIRST USE - IMPUTATION REVISED,LSDAGE,1,True,Original u otra
IILSDAGE,int64,47299,4,0,0.0,AGE/DATE OF FIRST DRUG USE,,Predictor candidato,LSD AGE OF FIRST USE - IMPUTATION INDICATOR,LSDAGE,1,True,Original u otra
IRLSDYFU,int64,47299,66,0,0.0,AGE/DATE OF FIRST DRUG USE,,Predictor candidato,LSD YEAR OF FIRST USE - IMPUTATION REVISED,"IRLSDAGE, LSDYFU",2,True,Original u otra
IILSDYFU,int64,47299,4,0,0.0,AGE/DATE OF FIRST DRUG USE,,Predictor candidato,LSD YEAR OF FIRST USE - IMPUTATION INDICATOR,"IRLSDAGE, LSDYFU",2,True,Original u otra
IRPCPAGE,int64,47299,40,0,0.0,AGE/DATE OF FIRST DRUG USE,,Predictor candidato,PCP AGE OF FIRST USE - IMPUTATION REVISED,PCPAGE,1,True,Original u otra
IIPCPAGE,int64,47299,3,0,0.0,AGE/DATE OF FIRST DRUG USE,,Predictor candidato,PCP AGE OF FIRST USE - IMPUTATION INDICATOR,PCPAGE,1,True,Original u otra
IRPCPYFU,int64,47299,61,0,0.0,AGE/DATE OF FIRST DRUG USE,,Predictor candidato,PCP YEAR OF FIRST USE - IMPUTATION REVISED,"IRPCPAGE, PCPYFU",2,True,Original u otra
IIPCPYFU,int64,47299,3,0,0.0,AGE/DATE OF FIRST DRUG USE,,Predictor candidato,PCP YEAR OF FIRST USE - IMPUTATION INDICATOR,"IRPCPAGE, PCPYFU",2,True,Original u otra
IRECSTMOAGE,int64,47299,53,0,0.0,AGE/DATE OF FIRST DRUG USE,,Predictor candidato,ECSTASY AGE OF FIRST USE - IMPUTATION REVISED,ECSTMOAGE,1,True,Original u otra
IIECSTMOAGE,int64,47299,3,0,0.0,AGE/DATE OF FIRST DRUG USE,,Predictor candidato,ECSTASY AGE OF FIRST USE - IMPUTATION INDICATOR,ECSTMOAGE,1,True,Original u otra
IRECSTMOYFU,int64,47299,60,0,0.0,AGE/DATE OF FIRST DRUG USE,,Predictor candidato,ECSTASY YEAR OF FIRST USE - IMPUTATION REVISED,"ECSTMOYFU, IRECSTMOAGE",2,True,Original u otra
IIECSTMOYFU,int64,47299,3,0,0.0,AGE/DATE OF FIRST DRUG USE,,Predictor candidato,ECSTASY YEAR OF FIRST USE - IMPUTATION INDICATOR,"ECSTMOYFU, IRECSTMOAGE",2,True,Original u otra
IRINHALAGE2,int64,47299,54,0,0.0,AGE/DATE OF FIRST DRUG USE,,Predictor candidato,INHALANTS AGE OF FIRST USE - IMPUTATION REVISED,INHALAGE2,1,True,Original u otra
IIINHALAGE2,int64,47299,3,0,0.0,AGE/DATE OF FIRST DRUG USE,,Predictor candidato,INHALANTS AGE OF FIRST USE - IMPUTATION INDICATOR,INHALAGE2,1,True,Original u otra
IRINHALYFU2,int64,47299,70,0,0.0,AGE/DATE OF FIRST DRUG USE,,Predictor candidato,INHALANTS YEAR OF FIRST USE - IMPUTATION REVISED,"INHALYFU2, IRINHALAGE2",2,True,Original u otra
IIINHALYFU2,int64,47299,3,0,0.0,AGE/DATE OF FIRST DRUG USE,,Predictor candidato,INHALANTS YEAR OF FIRST USE - IMPUTATION INDICATOR,"INHALYFU2, IRINHALAGE2",2,True,Original u otra
IRMETHAMAGE,int64,47299,61,0,0.0,AGE/DATE OF FIRST DRUG USE,,Predictor candidato,METHAMPHETAMINE AGE OF FIRST USE - IMPUTATION REVISED,METHAMAGE,1,True,Original u otra
IIMETHAMAGE,int64,47299,3,0,0.0,AGE/DATE OF FIRST DRUG USE,,Predictor candidato,METHAMPHETAMINE AGE OF FIRST USE - IMPUTATION INDICATOR,METHAMAGE,1,True,Original u otra
IRMETHAMYFU,int64,47299,64,0,0.0,AGE/DATE OF FIRST DRUG USE,,Predictor candidato,METHAMPHETAMINE YEAR OF FIRST USE - IMPUTATION REVISED,"IRMETHAMAGE, METHAMYFU",2,True,Original u otra
IIMETHAMYFU,int64,47299,3,0,0.0,AGE/DATE OF FIRST DRUG USE,,Predictor candidato,METHAMPHETAMINE YEAR OF FIRST USE - IMPUTATION INDICATOR,"IRMETHAMAGE, METHAMYFU",2,True,Original u otra
IRPNRNMINIT,int64,47299,4,0,0.0,AGE/DATE OF FIRST DRUG USE,,Predictor candidato,PAST YR INITIATE PAIN RELIEVERS MISUSE - IMPUTATION REVISED,PNRNMINIT,1,True,Original u otra
IIPNRNMINIT,int64,47299,3,0,0.0,AGE/DATE OF FIRST DRUG USE,,Predictor candidato,PAST YR INITIATE PAIN RELIEVER MISUSE - IMPUTATION INDICATOR,PNRNMINIT,1,True,Original u otra
IRTRQNMINIT,int64,47299,4,0,0.0,AGE/DATE OF FIRST DRUG USE,,Predictor candidato,PAST YR INITIATE TRANQUILIZER MISUSE - IMPUTATION REVISED,TRQNMINIT,1,True,Original u otra
IITRQNMINIT,int64,47299,3,0,0.0,AGE/DATE OF FIRST DRUG USE,,Predictor candidato,PAST YR INITIATE TRANQUILIZER MISUSE - IMPUTATION INDICATOR,TRQNMINIT,1,True,Original u otra
IRSTMNMINIT,int64,47299,4,0,0.0,AGE/DATE OF FIRST DRUG USE,,Predictor candidato,PAST YR INITIATE STIMULANT MISUSE - IMPUTATION REVISED,STMNMINIT,1,True,Original u otra
IISTMNMINIT,int64,47299,2,0,0.0,AGE/DATE OF FIRST DRUG USE,,Predictor candidato,PAST YR INITIATE STIMULANT MISUSE - IMPUTATION INDICATOR,STMNMINIT,1,True,Original u otra
IRSEDNMINIT,int64,47299,4,0,0.0,AGE/DATE OF FIRST DRUG USE,,Predictor candidato,PAST YR INITIATE SEDATIVE MISUSE - IMPUTATION REVISED,SEDNMINIT,1,True,Original u otra
IISEDNMINIT,int64,47299,2,0,0.0,AGE/DATE OF FIRST DRUG USE,,Predictor candidato,PAST YR INITIATE SEDATIVE MISUSE - IMPUTATION INDICATOR,SEDNMINIT,1,True,Original u otra
IRPNRNMYFU,int64,47299,4,0,0.0,AGE/DATE OF FIRST DRUG USE,,Predictor candidato,PAIN RELIEVER YEAR OF FIRST MISUSE - IMPUTATION REVISED,"PNRNMAGE, PNRNMYFU",2,True,Original u otra
IIPNRNMYFU,int64,47299,4,0,0.0,AGE/DATE OF FIRST DRUG USE,,Predictor candidato,PAIN RELIEVER YEAR OF FIRST MISUSE - IMPUTATION INDICATOR,"PNRNMAGE, PNRNMYFU",2,True,Original u otra
IRPNRNMAGE,int64,47299,64,0,0.0,AGE/DATE OF FIRST DRUG USE,,Predictor candidato,PAIN RELIEVER AGE OF FIRST MISUSE - IMPUTATION REVISED,"IRPNRNMYFU, PNRNMAGE",2,True,Original u otra
IIPNRNMAGE,int64,47299,4,0,0.0,AGE/DATE OF FIRST DRUG USE,,Predictor candidato,PAIN RELIEVER AGE OF FIRST MISUSE - IMPUTATION INDICATOR,"IRPNRNMYFU, PNRNMAGE",2,True,Original u otra
IRTRQNMYFU,int64,47299,4,0,0.0,AGE/DATE OF FIRST DRUG USE,,Predictor candidato,TRANQUILIZER YEAR OF FIRST MISUSE - IMPUTATION REVISED,"TRQNMAGE, TRQNMYFU",2,True,Original u otra
IITRQNMYFU,int64,47299,4,0,0.0,AGE/DATE OF FIRST DRUG USE,,Predictor candidato,TRANQUILIZER YEAR OF FIRST MISUSE - IMPUTATION INDICATOR,"TRQNMAGE, TRQNMYFU",2,True,Original u otra
IRTRQNMAGE,int64,47299,51,0,0.0,AGE/DATE OF FIRST DRUG USE,,Predictor candidato,TRANQUILIZER AGE OF FIRST MISUSE - IMPUTATION REVISED,"IRTRQNMYFU, TRQNMAGE",2,True,Original u otra
IITRQNMAGE,int64,47299,4,0,0.0,AGE/DATE OF FIRST DRUG USE,,Predictor candidato,TRANQUILIZER AGE OF FIRST MISUSE - IMPUTATION INDICATOR,"IRTRQNMYFU, TRQNMAGE",2,True,Original u otra
IRSTMNMYFU,int64,47299,4,0,0.0,AGE/DATE OF FIRST DRUG USE,,Predictor candidato,STIMULANTS YEAR OF FIRST MISUSE - IMPUTATION REVISED,"STMNMAGE, STMNMYFU",2,True,Original u otra
IISTMNMYFU,int64,47299,4,0,0.0,AGE/DATE OF FIRST DRUG USE,,Predictor candidato,STIMULANTS YEAR OF FIRST MISUSE - IMPUTATION INDICATOR,"STMNMAGE, STMNMYFU",2,True,Original u otra
IRSTMNMAGE,int64,47299,32,0,0.0,AGE/DATE OF FIRST DRUG USE,,Predictor candidato,STIMULANTS AGE OF FIRST MISUSE - IMPUTATION REVISED,"IRSTMNMYFU, STMNMAGE",2,True,Original u otra
IISTMNMAGE,int64,47299,4,0,0.0,AGE/DATE OF FIRST DRUG USE,,Predictor candidato,STIMULANTS AGE OF FIRST MISUSE - IMPUTATION INDICATOR,"IRSTMNMYFU, STMNMAGE",2,True,Original u otra
IRSEDNMYFU,int64,47299,4,0,0.0,AGE/DATE OF FIRST DRUG USE,,Predictor candidato,SEDATIVES YEAR OF FIRST MISUSE - IMPUTATION REVISED,"SEDNMAGE, SEDNMYFU",2,True,Original u otra
IISEDNMYFU,int64,47299,4,0,0.0,AGE/DATE OF FIRST DRUG USE,,Predictor candidato,SEDATIVES YEAR OF FIRST MISUSE - IMPUTATION INDICATOR,"SEDNMAGE, SEDNMYFU",2,True,Original u otra
IRSEDNMAGE,int64,47299,25,0,0.0,AGE/DATE OF FIRST DRUG USE,,Predictor candidato,SEDATIVES AGE OF FIRST MISUSE - IMPUTATION REVISED,"IRSEDNMYFU, SEDNMAGE",2,True,Original u otra
IISEDNMAGE,int64,47299,4,0,0.0,AGE/DATE OF FIRST DRUG USE,,Predictor candidato,SEDATIVES AGE OF FIRST MISUSE - IMPUTATION INDICATOR,"IRSEDNMYFU, SEDNMAGE",2,True,Original u otra
CIGFLAG,int64,47299,2,0,0.0,RECODED DRUG USE,,Predictor candidato,RC-CIGARETTES - EVER USED,IRCIGRC,1,True,Recodificada
CIGYR,int64,47299,2,0,0.0,RECODED DRUG USE,,Predictor candidato,RC-CIGARETTES - PAST YEAR USE,IRCIGRC,1,True,Recodificada
CIGMON,int64,47299,2,0,0.0,RECODED DRUG USE,,Predictor candidato,RC-CIGARETTES - PAST MONTH USE,IRCIGRC,1,True,Recodificada
CGRFLAG,int64,47299,2,0,0.0,RECODED DRUG USE,,Predictor candidato,RC-CIGARS - EVER USED,IRCGRRC,1,True,Recodificada
CGRYR,int64,47299,2,0,0.0,RECODED DRUG USE,,Predictor candidato,RC-CIGARS - PAST YEAR USE,IRCGRRC,1,True,Recodificada
CGRMON,int64,47299,2,0,0.0,RECODED DRUG USE,,Predictor candidato,RC-CIGARS - PAST MONTH USE,IRCGRRC,1,True,Recodificada
PIPFLAG,int64,47299,2,0,0.0,RECODED DRUG USE,,Predictor candidato,RC-PIPES - EVER USED,IRPIPLF,1,True,Recodificada
PIPMON,int64,47299,2,0,0.0,RECODED DRUG USE,,Predictor candidato,RC-PIPES - PAST MONTH USE,IRPIPMN,1,True,Recodificada
SMKLSSFLAG,int64,47299,2,0,0.0,RECODED DRUG USE,,Predictor candidato,RC-SMOKELESS TOBACCO - EVER USED,IRSMKLSSREC,1,True,Recodificada
SMKLSSYR,int64,47299,2,0,0.0,RECODED DRUG USE,,Predictor candidato,RC-SMOKELESS TOBACCO - PAST YEAR USE,IRSMKLSSREC,1,True,Recodificada
SMKLSSMON,int64,47299,2,0,0.0,RECODED DRUG USE,,Predictor candidato,RC-SMOKELESS TOBACCO - PAST MONTH USE,IRSMKLSSREC,1,True,Recodificada
TOBCIGONL,int64,47299,4,0,0.0,RECODED DRUG USE,,Predictor candidato,RC-CIGARETTE/NONCIGARETTE TOBACCO ONLY - PAST MONTH USE,"CGRMON, CIGMON, PIPMON, SMKLSSMON",4,True,Recodificada
TOBFLAG,int64,47299,2,0,0.0,RECODED DRUG USE,,Predictor candidato,RC-ANY TOBACCO - EVER USED,"CGRFLAG, CIGFLAG, PIPFLAG, SMKLSSFLAG",4,True,Recodificada
TOBYR,int64,47299,2,0,0.0,RECODED DRUG USE,,Predictor candidato,RC-ANY TOBACCO - PAST YEAR USE,"CGRYR, CIGYR, PIPMON, SMKLSSYR",4,True,Recodificada
TOBMON,int64,47299,2,0,0.0,RECODED DRUG USE,,Predictor candidato,RC-ANY TOBACCO - PAST MONTH USE,"CGRMON, CIGMON, PIPMON, SMKLSSMON",4,True,Recodificada
NICVAPFLAG,int64,47299,2,0,0.0,RECODED DRUG USE,,Predictor candidato,RC-NICOTINE VAPING - EVER USED,IRNICVAPREC,1,True,Recodificada
NICVAPYR,int64,47299,2,0,0.0,RECODED DRUG USE,,Predictor candidato,RC-NICOTINE VAPING - PAST YEAR USE,IRNICVAPREC,1,True,Recodificada
NICVAPMON,int64,47299,2,0,0.0,RECODED DRUG USE,,Predictor candidato,RC-NICOTINE VAPING - PAST MONTH USE,IRNICVAPREC,1,True,Recodificada
TOBVNICFLAG,int64,47299,2,0,0.0,RECODED DRUG USE,,Predictor candidato,RC-ANY TOBACCO PRODUCTS OR NICOTINE VAPING - EVER USED,"NICVAPFLAG, TOBFLAG",2,True,Recodificada
TOBVNICYR,int64,47299,2,0,0.0,RECODED DRUG USE,,Predictor candidato,RC-ANY TOBACCO PRODUCTS OR NICOTINE VAPING - PAST YEAR USE,"NICVAPYR, TOBYR",2,True,Recodificada
TOBVNICMON,int64,47299,2,0,0.0,RECODED DRUG USE,,Predictor candidato,RC-ANY TOBACCO PRODUCTS OR NICOTINE VAPING - PAST MONTH USE,"NICVAPMON, TOBMON",2,True,Recodificada
TOBVAPONL2,int64,47299,4,0,0.0,RECODED DRUG USE,,Predictor candidato,RC-NIC VAPING / TOBACCO PRODUCTS ONLY - PAST MONTH USE,"NICVAPMON, TOBMON",2,True,Recodificada
TOBCIGVAP2,int64,47299,4,0,0.0,RECODED DRUG USE,,Predictor candidato,RC-NIC VAPING AND CIG/NONCIG TOBACCO COMBINATIONS-PM USE,"NICVAPMON, TOBCIGONL",2,True,Recodificada
ALCFLAG,int64,47299,2,0,0.0,RECODED DRUG USE,,Predictor candidato,RC-ALCOHOL - EVER USED,IRALCRC,1,True,Recodificada
ALCYR,int64,47299,2,0,0.0,RECODED DRUG USE,,Predictor candidato,RC-ALCOHOL - PAST YEAR USE,IRALCRC,1,True,Recodificada
ALCMON,int64,47299,2,0,0.0,RECODED DRUG USE,,Predictor candidato,RC-ALCOHOL - PAST MONTH USE,IRALCRC,1,True,Recodificada
CBDHMPFLAG,int64,47299,2,0,0.0,RECODED DRUG USE,,Predictor candidato,RC-CBD OR HEMP - EVER USED,IRCBDHMPREC,1,True,Recodificada
CBDHMPYR,int64,47299,2,0,0.0,RECODED DRUG USE,,Predictor candidato,RC-CBD OR HEMP - PAST YEAR USE,IRCBDHMPREC,1,True,Recodificada
CBDHMPMON,int64,47299,2,0,0.0,RECODED DRUG USE,,Predictor candidato,RC-CBD OR HEMP - PAST MONTH USE,IRCBDHMPREC,1,True,Recodificada
MRJFLAG,int64,47299,2,0,0.0,RECODED DRUG USE,,Predictor candidato,RC-MARIJUANA - EVER USED,IRMJRC,1,True,Recodificada
MRJYR,int64,47299,2,0,0.0,RECODED DRUG USE,,Predictor candidato,RC-MARIJUANA - PAST YEAR USE,IRMJRC,1,True,Recodificada
MRJMON,int64,47299,2,0,0.0,RECODED DRUG USE,,Predictor candidato,RC-MARIJUANA - PAST MONTH USE,IRMJRC,1,True,Recodificada
MJSMKYR,int64,47299,2,0,0.0,RECODED DRUG USE,,Predictor candidato,RC-MARIJUANA SMOKING - PAST YEAR USE,IRMJYRSMOKE,1,True,Recodificada
MJVAPFLAG,int64,47299,2,0,0.0,RECODED DRUG USE,,Predictor candidato,RC-MARIJUANA VAPING - EVER USED,IRMJEVERVAPE,1,True,Recodificada
MJVAPYR,int64,47299,2,0,0.0,RECODED DRUG USE,,Predictor candidato,RC-MARIJUANA VAPING - PAST YEAR USE,IRMJYRVAPE,1,True,Recodificada
MJDABYR,int64,47299,2,0,0.0,RECODED DRUG USE,,Predictor candidato,"RC-MARIJUANA DABBING WAXES, SHATTER, OR CONC - PAST YEAR USE",IRMJYRDAB,1,True,Recodificada
MJEATYR,int64,47299,2,0,0.0,RECODED DRUG USE,,Predictor candidato,RC-MARIJUANA EATING OR DRINKING - PAST YEAR USE,IRMJYREAT,1,True,Recodificada
MJMTHYR,int64,47299,2,0,0.0,RECODED DRUG USE,,Predictor candidato,RC-MARIJUANA DRPS/STRPS/LZNGS/SPRYS IN MOUTH - PAST YEAR USE,IRMJYRMOUTH,1,True,Recodificada
MJSKNYR,int64,47299,2,0,0.0,RECODED DRUG USE,,Predictor candidato,RC-MARIJUANA LOTION/CREAM/PATCH TO SKIN - PAST YEAR USE,IRMJYRSKIN,1,True,Recodificada
MJPLLYR,int64,47299,2,0,0.0,RECODED DRUG USE,,Predictor candidato,RC-MARIJUANA PILLS - PAST YEAR USE,IRMJYRPILL,1,True,Recodificada
MJOTHYR,int64,47299,2,0,0.0,RECODED DRUG USE,,Predictor candidato,RC-MARIJUANA USE - SOME OTHER MODE - PAST YEAR,IRMJYROTHER,1,True,Recodificada
MJCMOTHYR,int64,47299,2,0,0.0,RECODED DRUG USE,,Predictor candidato,RC-COMBINED OTHER MARIJUANA MODES - PAST YEAR USE,"MJMTHYR, MJOTHYR, MJPLLYR, MJSKNYR",4,True,Recodificada
MJSMKMON,int64,47299,2,0,0.0,RECODED DRUG USE,,Predictor candidato,RC-MARIJUANA SMOKING - PAST MONTH USE,IRMJMONSMOKE,1,True,Recodificada
MJVAPMON,int64,47299,2,0,0.0,RECODED DRUG USE,,Predictor candidato,RC-MARIJUANA VAPING - PAST MONTH USE,IRMJMONVAPE,1,True,Recodificada
MRJMONVAP2,int64,47299,3,0,0.0,RECODED DRUG USE,,Predictor candidato,"RC-MRJ VAPE, MRJ USE BUT NOT VAPE, OR NO MRJ USE - PAST MON","MJVAPMON, MRJMON",2,True,Recodificada
MJDABMON,int64,47299,2,0,0.0,RECODED DRUG USE,,Predictor candidato,"RC-MARIJUANA DABBING WAXES, SHATTER, OR CONC-PAST MONTH USE",IRMJMONDAB,1,True,Recodificada
MJEATMON,int64,47299,2,0,0.0,RECODED DRUG USE,,Predictor candidato,RC-MARIJUANA EATING OR DRINKING - PAST MONTH USE,IRMJMONEAT,1,True,Recodificada
MJMTHMON,int64,47299,2,0,0.0,RECODED DRUG USE,,Predictor candidato,RC-MARIJUANA DRPS/STRPS/LZNGS/SPRYS IN MOUTH-PAST MONTH USE,IRMJMONMOUTH,1,True,Recodificada
MJSKNMON,int64,47299,2,0,0.0,RECODED DRUG USE,,Predictor candidato,RC-MARIJUANA LOTION/CREAM/PATCH TO SKIN - PAST MONTH USE,IRMJMONSKIN,1,True,Recodificada
MJPLLMON,int64,47299,2,0,0.0,RECODED DRUG USE,,Predictor candidato,RC-MARIJUANA PILLS - PAST MONTH USE,IRMJMONPILL,1,True,Recodificada
MJCMOTHMON,int64,47299,2,0,0.0,RECODED DRUG USE,,Predictor candidato,RC-COMBINED OTHER MARIJUANA MODES - PAST MONTH USE,"MJMTHMON, MJPLLMON, MJSKNMON",3,True,Recodificada
COCFLAG,int64,47299,2,0,0.0,RECODED DRUG USE,,Predictor candidato,RC-COCAINE - EVER USED,IRCOCRC,1,True,Recodificada
COCYR,int64,47299,2,0,0.0,RECODED DRUG USE,,Predictor candidato,RC-COCAINE - PAST YEAR USE,IRCOCRC,1,True,Recodificada
COCMON,int64,47299,2,0,0.0,RECODED DRUG USE,,Predictor candidato,RC-COCAINE - PAST MONTH USE,IRCOCRC,1,True,Recodificada
CRKFLAG,int64,47299,2,0,0.0,RECODED DRUG USE,,Predictor candidato,"RC-""CRACK"" - EVER USED",IRCRKRC,1,True,Recodificada
CRKYR,int64,47299,2,0,0.0,RECODED DRUG USE,,Predictor candidato,"RC-""CRACK"" - PAST YEAR USE",IRCRKRC,1,True,Recodificada
CRKMON,int64,47299,2,0,0.0,RECODED DRUG USE,,Predictor candidato,"RC-""CRACK"" - PAST MONTH USE",IRCRKRC,1,True,Recodificada
HERFLAG,int64,47299,2,0,0.0,RECODED DRUG USE,,Predictor candidato,RC-HEROIN - EVER USED,IRHERRC,1,True,Recodificada
HERYR,int64,47299,2,0,0.0,RECODED DRUG USE,,Predictor candidato,RC-HEROIN - PAST YEAR USE,IRHERRC,1,True,Recodificada
HERMON,int64,47299,2,0,0.0,RECODED DRUG USE,,Predictor candidato,RC-HEROIN - PAST MONTH USE,IRHERRC,1,True,Recodificada
HALLUCFLAG,int64,47299,2,0,0.0,RECODED DRUG USE,,Predictor candidato,RC-HALLUCINOGENS - EVER USED,IRHALLUCREC,1,True,Recodificada
HALLUCYR,int64,47299,2,0,0.0,RECODED DRUG USE,,Predictor candidato,RC-HALLUCINOGENS - PAST YEAR USE,IRHALLUCREC,1,True,Recodificada
HALLUCMON,int64,47299,2,0,0.0,RECODED DRUG USE,,Predictor candidato,RC-HALLUCINOGENS - PAST MONTH USE,IRHALLUCREC,1,True,Recodificada
LSDFLAG,int64,47299,2,0,0.0,RECODED DRUG USE,,Predictor candidato,RC-LSD - EVER USED,IRLSDRC,1,True,Recodificada
LSDYR,int64,47299,2,0,0.0,RECODED DRUG USE,,Predictor candidato,RC-LSD - PAST YEAR USE,IRLSDRC,1,True,Recodificada
LSDMON,int64,47299,2,0,0.0,RECODED DRUG USE,,Predictor candidato,RC-LSD - PAST MONTH USE,IRLSDRC,1,True,Recodificada
PCPFLAG,int64,47299,2,0,0.0,RECODED DRUG USE,,Predictor candidato,RC-PCP - EVER USED,IRPCPRC,1,True,Recodificada
PCPYR,int64,47299,2,0,0.0,RECODED DRUG USE,,Predictor candidato,RC-PCP - PAST YEAR USE,IRPCPRC,1,True,Recodificada
PCPMON,int64,47299,2,0,0.0,RECODED DRUG USE,,Predictor candidato,RC-PCP - PAST MONTH USE,IRPCPRC,1,True,Recodificada
PSILCYFLAG,int64,47299,2,0,0.0,RECODED DRUG USE,,Predictor candidato,RC-PSILOCYBIN - EVER USED,IRPSILCYREC,1,True,Recodificada
PSILCYYR,int64,47299,2,0,0.0,RECODED DRUG USE,,Predictor candidato,RC-PSILOCYBIN - PAST YEAR USE,IRPSILCYREC,1,True,Recodificada
PSILCYMON,int64,47299,2,0,0.0,RECODED DRUG USE,,Predictor candidato,RC-PSILOCYBIN - PAST MONTH USE,IRPSILCYREC,1,True,Recodificada
ECSTMOFLAG,int64,47299,2,0,0.0,RECODED DRUG USE,,Predictor candidato,RC-ECSTASY - EVER USED,IRECSTMOREC,1,True,Recodificada
ECSTMOYR,int64,47299,2,0,0.0,RECODED DRUG USE,,Predictor candidato,RC-ECSTASY - PAST YEAR USE,IRECSTMOREC,1,True,Recodificada
ECSTMOMON,int64,47299,2,0,0.0,RECODED DRUG USE,,Predictor candidato,RC-ECSTASY - PAST MONTH USE,IRECSTMOREC,1,True,Recodificada
DAMTFXFLAG,int64,47299,2,0,0.0,RECODED DRUG USE,,Predictor candidato,RC-DMT/AMT/FOXY - EVER USED,IRDAMTFXREC,1,True,Recodificada
DAMTFXYR,int64,47299,2,0,0.0,RECODED DRUG USE,,Predictor candidato,RC-DMT/AMT/FOXY - PAST YEAR USE,IRDAMTFXREC,1,True,Recodificada
DAMTFXMON,int64,47299,2,0,0.0,RECODED DRUG USE,,Predictor candidato,RC-DMT/AMT/FOXY - PAST MONTH USE,IRDAMTFXREC,1,True,Recodificada
KETMINFLAG,int64,47299,2,0,0.0,RECODED DRUG USE,,Predictor candidato,RC-KETAMINE - EVER USED,IRKETMINREC,1,True,Recodificada
KETMINYR,int64,47299,2,0,0.0,RECODED DRUG USE,,Predictor candidato,RC-KETAMINE - PAST YEAR USE,IRKETMINREC,1,True,Recodificada
KETMINMON,int64,47299,2,0,0.0,RECODED DRUG USE,,Predictor candidato,RC-KETAMINE - PAST MONTH USE,IRKETMINREC,1,True,Recodificada
SALVIAFLAG,int64,47299,2,0,0.0,RECODED DRUG USE,,Predictor candidato,RC-SALVIA - EVER USED,IRSALVIAREC,1,True,Recodificada
SALVIAYR,int64,47299,2,0,0.0,RECODED DRUG USE,,Predictor candidato,RC-SALVIA - PAST YEAR USE,IRSALVIAREC,1,True,Recodificada
SALVIAMON,int64,47299,2,0,0.0,RECODED DRUG USE,,Predictor candidato,RC-SALVIA - PAST MONTH USE,IRSALVIAREC,1,True,Recodificada
INHALFLAG2,int64,47299,2,0,0.0,RECODED DRUG USE,,Predictor candidato,RC-INHALANTS - EVER USED,IRINHALREC2,1,True,Recodificada
INHALYR2,int64,47299,2,0,0.0,RECODED DRUG USE,,Predictor candidato,RC-INHALANTS - PAST YEAR USE,IRINHALREC2,1,True,Recodificada
INHALMON2,int64,47299,2,0,0.0,RECODED DRUG USE,,Predictor candidato,RC-INHALANTS - PAST MONTH USE,IRINHALREC2,1,True,Recodificada
METHAMFLAG,int64,47299,2,0,0.0,RECODED DRUG USE,,Predictor candidato,RC-METHAMPHETAMINE - EVER USED,IRMETHAMREC,1,True,Recodificada
METHAMYR,int64,47299,2,0,0.0,RECODED DRUG USE,,Predictor candidato,RC-METHAMPHETAMINE - PAST YEAR USE,IRMETHAMREC,1,True,Recodificada
METHAMMON,int64,47299,2,0,0.0,RECODED DRUG USE,,Predictor candidato,RC-METHAMPHETAMINE - PAST MONTH USE,IRMETHAMREC,1,True,Recodificada
PNRANYFLAG2,int64,47299,2,0,0.0,RECODED DRUG USE,,Predictor candidato,RC-ANY PAIN RELIEVER - EVER USED,IRPNRANYREC2,1,True,Recodificada
PNRANYYR2,int64,47299,2,0,0.0,RECODED DRUG USE,,Predictor candidato,RC-ANY PAIN RELIEVER - PAST YEAR USE,IRPNRANYREC2,1,True,Recodificada
OXYCNANYYR2,int64,47299,2,0,0.0,RECODED DRUG USE,,Predictor candidato,RC-OXYCONTIN - PAST YEAR USE,IROXCNANYYR2,1,True,Recodificada
TRQANYFLAG,int64,47299,2,0,0.0,RECODED DRUG USE,,Predictor candidato,RC-ANY TRANQUILIZERS - EVER USED,IRTRQANYREC,1,True,Recodificada
TRQANYYR,int64,47299,2,0,0.0,RECODED DRUG USE,,Predictor candidato,RC-ANY TRANQUILIZERS - PAST YEAR USE,IRTRQANYREC,1,True,Recodificada
STMANYFLAG,int64,47299,2,0,0.0,RECODED DRUG USE,,Predictor candidato,RC-ANY STIMULANTS - EVER USED,IRSTMANYREC,1,True,Recodificada
STMANYYR,int64,47299,2,0,0.0,RECODED DRUG USE,,Predictor candidato,RC-ANY STIMULANTS - PAST YEAR USE,IRSTMANYREC,1,True,Recodificada
SEDANYFLAG,int64,47299,2,0,0.0,RECODED DRUG USE,,Predictor candidato,RC-ANY SEDATIVES - EVER USED,IRSEDANYREC,1,True,Recodificada
SEDANYYR,int64,47299,2,0,0.0,RECODED DRUG USE,,Predictor candidato,RC-ANY SEDATIVES - PAST YEAR USE,IRSEDANYREC,1,True,Recodificada
TQSDANYFLG,int64,47299,2,0,0.0,RECODED DRUG USE,,Predictor candidato,RC-ANY TRANQUILIZERS OR SEDATIVES - EVER USED,"SEDANYFLAG, TRQANYFLAG",2,True,Recodificada
TQSDANYYR,int64,47299,2,0,0.0,RECODED DRUG USE,,Predictor candidato,RC-ANY TRANQUILIZERS OR SEDATIVES - PAST YEAR USE,"SEDANYYR, TRQANYYR",2,True,Recodificada
BZOANYYR,float64,47251,2,48,0.101,RECODED DRUG USE,,Predictor candidato,RC - ANY BENZODIAZEPINES - PAST YEAR USE,"SEDANYYR, SVBZOANYYR, TRBZOANYYR, TRQANYYR",4,True,Recodificada
PSYANYFLAG2,int64,47299,2,0,0.0,RECODED DRUG USE,,Predictor candidato,RC-ANY PSYCHOTHERAPEUTICS - EVER USED,"PNRANYFLAG2, SEDANYFLAG, STMANYFLAG, TRQANYFLAG",4,True,Recodificada
PSYANYYR2,int64,47299,2,0,0.0,RECODED DRUG USE,,Predictor candidato,RC-ANY PSYCHOTHERAPEUTICS - PAST YEAR USE,"PNRANYYR2, SEDANYYR, STMANYYR, TRQANYYR",4,True,Recodificada
OPIANYYR2,int64,47299,2,0,0.0,RECODED DRUG USE,,Predictor candidato,RC-ANY OPIOIDS (RX OPIOIDS OR HEROIN) - PAST YEAR USE,"HERYR, IRRXOPANYYR",2,True,Recodificada
CNSANYYR,int64,47299,2,0,0.0,RECODED DRUG USE,,Predictor candidato,RC-ANY CENTRAL NERVOUS SYSTEM STIMULANTS - PAST YEAR USE,"COCYR, METHAMYR, STMANYYR",3,True,Recodificada
PNRNMFLAG,int64,47299,2,0,0.0,RECODED DRUG USE,,Predictor candidato,RC-PAIN RELIEVERS - EVER MISUSED,IRPNRNMREC,1,True,Recodificada
PNRNMYR,int64,47299,2,0,0.0,RECODED DRUG USE,,Predictor candidato,RC-PAIN RELIEVERS - PAST YEAR MISUSE,IRPNRNMREC,1,True,Recodificada
PNRNMMON,int64,47299,2,0,0.0,RECODED DRUG USE,,Predictor candidato,RC-PAIN RELIEVERS - PAST MONTH MISUSE,IRPNRNMREC,1,True,Recodificada
OXYCNNMYR,int64,47299,2,0,0.0,RECODED DRUG USE,,Predictor candidato,RC-OXYCONTIN - PAST YEAR MISUSE,IROXCNNMYR,1,True,Recodificada
TRQNMFLAG,int64,47299,2,0,0.0,RECODED DRUG USE,,Predictor candidato,RC-TRANQUILIZERS - EVER MISUSED,IRTRQNMREC,1,True,Recodificada
TRQNMYR,int64,47299,2,0,0.0,RECODED DRUG USE,,Predictor candidato,RC-TRANQUILIZERS - PAST YEAR MISUSE,IRTRQNMREC,1,True,Recodificada
TRQNMMON,int64,47299,2,0,0.0,RECODED DRUG USE,,Predictor candidato,RC-TRANQUILIZERS - PAST MONTH MISUSE,IRTRQNMREC,1,True,Recodificada
STMNMFLAG,int64,47299,2,0,0.0,RECODED DRUG USE,,Predictor candidato,RC-STIMULANTS - EVER MISUSED,IRSTMNMREC,1,True,Recodificada
STMNMYR,int64,47299,2,0,0.0,RECODED DRUG USE,,Predictor candidato,RC-STIMULANTS - PAST YEAR MISUSE,IRSTMNMREC,1,True,Recodificada
STMNMMON,int64,47299,2,0,0.0,RECODED DRUG USE,,Predictor candidato,RC-STIMULANTS - PAST MONTH MISUSE,IRSTMNMREC,1,True,Recodificada
SEDNMFLAG,int64,47299,2,0,0.0,RECODED DRUG USE,,Predictor candidato,RC-SEDATIVES - EVER MISUSED,IRSEDNMREC,1,True,Recodificada
SEDNMYR,int64,47299,2,0,0.0,RECODED DRUG USE,,Predictor candidato,RC-SEDATIVES - PAST YEAR MISUSE,IRSEDNMREC,1,True,Recodificada
SEDNMMON,int64,47299,2,0,0.0,RECODED DRUG USE,,Predictor candidato,RC-SEDATIVES - PAST MONTH MISUSE,IRSEDNMREC,1,True,Recodificada
TQSDNMFLAG,int64,47299,2,0,0.0,RECODED DRUG USE,,Predictor candidato,RC-TRANQUILIZERS OR SEDATIVES - EVER MISUSED,"SEDNMFLAG, TRQNMFLAG",2,True,Recodificada
TQSDNMYR,int64,47299,2,0,0.0,RECODED DRUG USE,,Predictor candidato,RC-TRANQUILIZERS OR SEDATIVES - PAST YEAR MISUSE,"SEDNMYR, TRQNMYR",2,True,Recodificada
TQSDNMMON,int64,47299,2,0,0.0,RECODED DRUG USE,,Predictor candidato,RC-TRANQUILIZERS OR SEDATIVES - PAST MONTH MISUSE,"SEDNMMON, TRQNMMON",2,True,Recodificada
BZONMYR,float64,47291,2,8,0.017,RECODED DRUG USE,,Predictor candidato,RC - ANY BENZODIAZEPINES - PAST YEAR MISUSE,"SEDNMYR, SVBZONMYR, TRBZONMYR, TRQNMYR",4,True,Recodificada
PSYCHFLAG,int64,47299,2,0,0.0,RECODED DRUG USE,,Predictor candidato,RC-ANY PSYCHOTHERAPEUTICS - EVER MISUSED,"PNRNMFLAG, SEDNMFLAG, STMNMFLAG, TRQNMFLAG",4,True,Recodificada
PSYCHYR,int64,47299,2,0,0.0,RECODED DRUG USE,,Predictor candidato,RC-ANY PSYCHOTHERAPEUTICS - PAST YEAR MISUSE,"PNRNMYR, SEDNMYR, STMNMYR, TRQNMYR",4,True,Recodificada
PSYCHMON,int64,47299,2,0,0.0,RECODED DRUG USE,,Predictor candidato,RC-ANY PSYCHOTHERAPEUTICS - PAST MONTH MISUSE,"PNRNMMON, SEDNMMON, STMNMMON, TRQNMMON",4,True,Recodificada
OPINMYR2,int64,47299,2,0,0.0,RECODED DRUG USE,,Predictor candidato,RC-OPIOIDS (RX OPIOIDS OR HEROIN) - PAST YEAR MISUSE,"HERYR, IRRXOPNMYR",2,True,Recodificada
OPINMMON2,int64,47299,2,0,0.0,RECODED DRUG USE,,Predictor candidato,RC-OPIOIDS (RX OPIOIDS OR HEROIN) - PAST MONTH MISUSE,"HERMON, RXOPPRNMMON",2,True,Recodificada
HERRXOPYR,int64,47299,4,0,0.0,RECODED DRUG USE,,Predictor candidato,RC-HEROIN USE AND/OR RX OPIOID MISUSE - PAST YEAR,"HERYR, IRRXOPNMYR",2,True,Recodificada
CNSNMYR,int64,47299,2,0,0.0,RECODED DRUG USE,,Predictor candidato,RC-CENTRAL NERVOUS SYSTEM STIMULANTS - PAST YEAR MISUSE,"COCYR, METHAMYR, STMNMYR",3,True,Recodificada
CNSNMMON,int64,47299,2,0,0.0,RECODED DRUG USE,,Predictor candidato,RC-CENTRAL NERVOUS SYSTEM STIMULANTS - PAST MONTH MISUSE,"COCMON, METHAMMON, STMNMMON",3,True,Recodificada
ILLFLAG,int64,47299,2,0,0.0,RECODED DRUG USE,,Predictor candidato,RC-ANY ILLICIT DRUG - EVER USED,"COCFLAG, HALLUCFLAG, HERFLAG, INHALFLAG2, METHAMFLAG, MRJFLAG, PNRNMFLAG, SEDNMFLAG, STMNMFLAG, TRQNMFLAG",10,True,Recodificada
ILLYR,int64,47299,2,0,0.0,RECODED DRUG USE,,Predictor candidato,RC-ANY ILLICIT DRUG - PAST YEAR USE,"COCYR, HALLUCYR, HERYR, INHALYR2, METHAMYR, MRJYR, PNRNMYR, SEDNMYR, STMNMYR, TRQNMYR",10,True,Recodificada
ILLMON,int64,47299,2,0,0.0,RECODED DRUG USE,,Predictor candidato,RC-ANY ILLICIT DRUG - PAST MONTH USE,"COCMON, HALLUCMON, HERMON, INHALMON2, METHAMMON, MRJMON, PNRNMMON, SEDNMMON, STMNMMON, TRQNMMON",10,True,Recodificada
MJONLYFLAG2,int64,47299,2,0,0.0,RECODED DRUG USE,,Predictor candidato,RC-MARIJUANA ONLY - EVER USED,"COCFLAG, HALLUCFLAG, HERFLAG, INHALFLAG2, METHAMFLAG, MRJFLAG, PNRNMFLAG, SEDNMFLAG, STMNMFLAG, TRQNMFLAG",10,True,Recodificada
MJONLYYR2,int64,47299,2,0,0.0,RECODED DRUG USE,,Predictor candidato,RC-MARIJUANA ONLY - PAST YEAR USE,"COCYR, HALLUCYR, HERYR, INHALYR2, METHAMYR, MRJYR, PNRNMYR, SEDNMYR, STMNMYR, TRQNMYR",10,True,Recodificada
MJONLYMON2,int64,47299,2,0,0.0,RECODED DRUG USE,,Predictor candidato,RC-MARIJUANA ONLY - PAST MONTH USE,"COCMON, HALLUCMON, HERMON, INHALMON2, METHAMMON, MRJMON, PNRNMMON, SEDNMMON, STMNMMON, TRQNMMON",10,True,Recodificada
ILLEMFLAG2,int64,47299,2,0,0.0,RECODED DRUG USE,,Predictor candidato,RC-ILLICIT DRUG OTHER THAN MARIJUANA - EVER USED,"COCFLAG, HALLUCFLAG, HERFLAG, INHALFLAG2, METHAMFLAG, PSYCHFLAG",6,True,Recodificada
ILLEMYR2,int64,47299,2,0,0.0,RECODED DRUG USE,,Predictor candidato,RC-ILLICIT DRUG OTHER THAN MARIJUANA - PAST YEAR,"COCYR, HALLUCYR, HERYR, INHALYR2, METHAMYR, PSYCHYR",6,True,Recodificada
ILLEMMON2,int64,47299,2,0,0.0,RECODED DRUG USE,,Predictor candidato,RC-ILLICIT DRUG OTHER THAN MARIJUANA-PAST MONTH,"COCMON, HALLUCMON, HERMON, INHALMON2, METHAMMON, PSYCHMON",6,True,Recodificada
CDUFLAG,int64,47299,2,0,0.0,RECODED DRUG USE,,Predictor candidato,RC-CIGARETTES DAILY - EVER USED,IRCDUAGE,1,True,Recodificada
DCIGMON,int64,47299,2,0,0.0,RECODED DRUG USE,,Predictor candidato,RC-PAST MONTH DAILY CIGARETTE USE,IRCIGFM,1,True,Recodificada
CDCGMO,int64,47299,2,0,0.0,RECODED DRUG USE,,Predictor candidato,RC-EVER USED CIG DAILY AND PAST MONTH CIG USE,"CDUFLAG, CIGMON",2,True,Recodificada
CDNOCGMO,int64,47299,2,0,0.0,RECODED DRUG USE,,Predictor candidato,RC-EVER USED CIG DAILY AND NO PAST MONTH CIG USE,"CDUFLAG, CIGMON",2,True,Recodificada
BNGDRKMON,int64,47299,2,0,0.0,RECODED DRUG USE,,Predictor candidato,RC-BINGE ALCOHOL USE PAST 30 DAYS,IRALCBNG30D,1,True,Recodificada
HVYDRKMON,int64,47299,2,0,0.0,RECODED DRUG USE,,Predictor candidato,RC-HEAVY ALCOHOL USE PAST 30 DAYS,IRALCBNG30D,1,True,Recodificada
ILTOBALCFG,int64,47299,2,0,0.0,RECODED DRUG USE,,Predictor candidato,"RC-ILLICIT DRUG, TOBACCO PRD, OR ALCOHOL - EVER USED","ALCFLAG, ILLFLAG, TOBFLAG",3,True,Recodificada
ILTOBALCYR,int64,47299,2,0,0.0,RECODED DRUG USE,,Predictor candidato,"RC-ILLICIT DRUG, TOBACCO PRD, OR ALCOHOL - PAST YEAR USE","ALCYR, ILLYR, TOBYR",3,True,Recodificada
ILTOBALCMN,int64,47299,2,0,0.0,RECODED DRUG USE,,Predictor candidato,"RC-ILLICIT DRUG, TOBACCO PRD, OR ALC - PAST MONTH USE","ALCMON, ILLMON, TOBMON",3,True,Recodificada
ILTOBVAPALC,int64,47299,2,0,0.0,RECODED DRUG USE,,Predictor candidato,"RC-TOBACCO, NICOTINE VAPING, ALCOHOL, ILLICIT DRUG - PST MON","ILTOBALCMN, NICVAPMON",2,True,Recodificada
ILLALCMON,int64,47299,2,0,0.0,RECODED DRUG USE,,Predictor candidato,RC-ILLICIT DRUG OR ALCOHOL - PAST MONTH USE,"ALCMON, ILLMON",2,True,Recodificada
TOBALCFLG,int64,47299,2,0,0.0,RECODED DRUG USE,,Predictor candidato,RC-TOBACCO PRODUCT OR ALCOHOL - EVER USED,"ALCFLAG, TOBFLAG",2,True,Recodificada
TOBALCYR,int64,47299,2,0,0.0,RECODED DRUG USE,,Predictor candidato,RC-TOBACCO PRODUCT OR ALCOHOL - PAST YEAR USE,"ALCYR, TOBYR",2,True,Recodificada
TOBALCMN,int64,47299,2,0,0.0,RECODED DRUG USE,,Predictor candidato,RC-TOBACCO PRODUCT OR ALCOHOL - PAST MONTH USE,"ALCMON, TOBMON",2,True,Recodificada
ILLANDALC,int64,47299,2,0,0.0,RECODED DRUG USE,,Predictor candidato,RC-ILLICIT DRUG AND ALCOHOL USE - PAST YEAR USE,"ALCYR, ILLYR",2,True,Recodificada
ILLORALC,int64,47299,2,0,0.0,RECODED DRUG USE,,Predictor candidato,RC-ILLICIT DRUG OR ALCOHOL USE - PAST YEAR USE,"ALCYR, ILLYR",2,True,Recodificada
ILLALCFLG,int64,47299,2,0,0.0,RECODED DRUG USE,,Predictor candidato,RC-ILLICIT DRUG OR ALCOHOL - EVER USED,"ALCFLAG, ILLFLAG",2,True,Recodificada
PEYOTEEVER,float64,47286,2,13,0.027,RECODED DRUG USE,,Predictor candidato,RC-EVER USED PEYOTE,"HALLUCFLAG, PEYOTE",2,True,Recodificada
MESCEVER,float64,47279,2,20,0.042,RECODED DRUG USE,,Predictor candidato,RC-EVER USED MESCALINE,"HALLUCFLAG, MESC",2,True,Recodificada
AMYLNIEVER2,float64,47284,2,15,0.032,RECODED DRUG USE,,Predictor candidato,"RC-EVER INHALED AMYL NITRITE, ""POPPERS"", RUSH, ETC.","AMYLNIT3, INHALFLAG2",2,True,Recodificada
CLEFLUEVER2,float64,47294,2,5,0.011,RECODED DRUG USE,,Predictor candidato,"RC-EVER INHALED CORRECTION FLUID, DEGREASER, ETC.","CLEFLU3, INHALFLAG2",2,True,Recodificada
GASEVER2,float64,47297,2,2,0.004,RECODED DRUG USE,,Predictor candidato,RC-EVER INHALED GASOLINE OR LIGHTER FLUID,"GAS3, INHALFLAG2",2,True,Recodificada
GLUEEVER2,float64,47296,2,3,0.006,RECODED DRUG USE,,Predictor candidato,"RC-EVER INHALED GLUE, SHOE POLISH, OR TOLUENE","GLUE3, INHALFLAG2",2,True,Recodificada
ETHEREVER2,float64,47292,2,7,0.015,RECODED DRUG USE,,Predictor candidato,"RC-EVER INHALED HALOTHANE, ETHER, OR OTHER ANESTHETIC","ETHER3, INHALFLAG2",2,True,Recodificada
SOLVENEVER2,float64,47293,2,6,0.013,RECODED DRUG USE,,Predictor candidato,"RC-EVER INHALED LACQUER THINNER, OTHER PAINT SOLVENTS","INHALFLAG2, SOLVENT3",2,True,Recodificada
LGASEVER2,float64,47295,2,4,0.008,RECODED DRUG USE,,Predictor candidato,"RC-EVER INHALED LIGHTER GASES (BUTANE, PROPANE)","INHALFLAG2, LGAS3",2,True,Recodificada
NITOXIEVER2,float64,47288,2,11,0.023,RECODED DRUG USE,,Predictor candidato,"RC-EVER INHALED NITROUS OXIDE OR ""WHIPPITS""","INHALFLAG2, NITOXID3",2,True,Recodificada
FLTMRKEVER2,float64,47292,2,7,0.015,RECODED DRUG USE,,Predictor candidato,RC-EVER USED FELT-TIP PENS/MARKERS TO GET HIGH,"FELTMARKR3, INHALFLAG2",2,True,Recodificada
SPAINTEVER2,float64,47295,2,4,0.008,RECODED DRUG USE,,Predictor candidato,RC-EVER INHALED SPRAY PAINTS,"INHALFLAG2, SPPAINT3",2,True,Recodificada
AIRDUSEVER2,float64,47296,2,3,0.006,RECODED DRUG USE,,Predictor candidato,RC-EVER USED COMPUTER CLEANER/AIR DUSTER TO GET HIGH,"AIRDUSTER3, INHALFLAG2",2,True,Recodificada
OTHAEREVER2,float64,47293,2,6,0.013,RECODED DRUG USE,,Predictor candidato,RC-EVER USED OTHER AEROSOL SPRAY,"INHALFLAG2, OTHAEROS3",2,True,Recodificada
RXHYDCANY2,float64,47220,2,79,0.167,RECODED DRUG USE,,Predictor candidato,RC-HYDROCODONE PRODUCTS - ANY PAST YEAR USE,IRRXOPANYYR,1,True,Recodificada
RXZOHYANY2,float64,47219,2,80,0.169,RECODED DRUG USE,,Predictor candidato,RC-ZOHYDRO ER - ANY PAST YEAR USE,IRRXOPANYYR,1,True,Recodificada
RXOXCOANY2,float64,47215,2,84,0.178,RECODED DRUG USE,,Predictor candidato,RC-OXYCODONE PRODUCTS - ANY PAST YEAR USE,"IRRXOPANYYR, OXYCNANYYR2",2,True,Recodificada
RXTRAMANY2,float64,47204,2,95,0.201,RECODED DRUG USE,,Predictor candidato,RC-TRAMADOL PRODUCTS - ANY PAST YEAR USE,IRRXOPANYYR,1,True,Recodificada
RXCODEANY2,float64,47217,2,82,0.173,RECODED DRUG USE,,Predictor candidato,RC-CODEINE PRODUCTS - ANY PAST YEAR USE,IRRXOPANYYR,1,True,Recodificada
RXMORPANY2,float64,47205,2,94,0.199,RECODED DRUG USE,,Predictor candidato,RC-MORPHINE PRODUCTS - ANY PAST YEAR USE,IRRXOPANYYR,1,True,Recodificada
RXBUPRANY2,float64,47217,2,82,0.173,RECODED DRUG USE,,Predictor candidato,RC-BUPRENORPHINE PRODUCTS - ANY PAST YEAR USE,IRRXOPANYYR,1,True,Recodificada
RXOXYMANY2,float64,47214,2,85,0.18,RECODED DRUG USE,,Predictor candidato,RC-OXYMORPHONE PRODUCTS - ANY PAST YEAR USE,IRRXOPANYYR,1,True,Recodificada
RXDEMEANY2,float64,47206,2,93,0.197,RECODED DRUG USE,,Predictor candidato,RC-DEMEROL PRODUCTS - ANY PAST YEAR USE,IRRXOPANYYR,1,True,Recodificada
RXHYDMANY2,float64,47206,2,93,0.197,RECODED DRUG USE,,Predictor candidato,RC-HYDROMORPHONE PRODUCTS - ANY PAST YEAR USE,IRRXOPANYYR,1,True,Recodificada
RXMTDNANY2,float64,47206,2,93,0.197,RECODED DRUG USE,,Predictor candidato,RC-METHADONE PRODUCTS - ANY PAST YEAR USE,IRRXOPANYYR,1,True,Recodificada
OTHRPNRANY2,float64,46826,2,473,1.0,RECODED DRUG USE,,Predictor candidato,RC-OTHER PAIN RELIEVER PRODUCTS - ANY PAST YEAR USE,PNRANYYR2,1,True,Recodificada
RXBZOTANY,float64,47275,2,24,0.051,RECODED DRUG USE,,Predictor candidato,RC-BENZODIAZEPINE TRANQUILIZERS - ANY PAST YEAR USE,"IRBZOANYYR, TRQANYYR",2,True,Recodificada
RXALPRANY,float64,47265,2,34,0.072,RECODED DRUG USE,,Predictor candidato,RC-ALPRAZOLEM PRODUCTS - ANY PAST YEAR USE,"IRBZOANYYR, TRQANYYR",2,True,Recodificada
RXLORAANY,float64,47262,2,37,0.078,RECODED DRUG USE,,Predictor candidato,RC-LORAZEPAM PRODUCTS - ANY PAST YEAR USE,"IRBZOANYYR, TRQANYYR",2,True,Recodificada
RXCLONANY,float64,47262,2,37,0.078,RECODED DRUG USE,,Predictor candidato,RC-CLONAZEP AM PRODUCTS - ANY PAST YEAR USE,"IRBZOANYYR, TRQANYYR",2,True,Recodificada
RXDIAZANY,float64,47260,2,39,0.082,RECODED DRUG USE,,Predictor candidato,RC-DIAZEPAM PRODUCTS - ANY PAST YEAR USE,"IRBZOANYYR, TRQANYYR",2,True,Recodificada
RXMRLXANY,float64,47253,2,46,0.097,RECODED DRUG USE,,Predictor candidato,RC-MUSCLE RELAXANTS - ANY PAST YEAR USE,TRQANYYR,1,True,Recodificada
RXCYCLANY,float64,47253,2,46,0.097,RECODED DRUG USE,,Predictor candidato,RC-CYCLOBENZAPRINE PRODUCTS - ANY PAST YEAR USE,TRQANYYR,1,True,Recodificada
RXSOMAANY,float64,47253,2,46,0.097,RECODED DRUG USE,,Predictor candidato,RC-SOMA PRODUCTS - ANY PAST YEAR USE,TRQANYYR,1,True,Recodificada
OTHRTRQANY,float64,47250,2,49,0.104,RECODED DRUG USE,,Predictor candidato,RC-OTHER TRANQUILIZER- ANY PAST YEAR USE,TRQANYYR,1,True,Recodificada
RXAMMEANY,float64,47282,2,17,0.036,RECODED DRUG USE,,Predictor candidato,RC-AMPHETAMINE OR METHYLPHENIDATE PRODS - ANY PAST YEAR USE,STMANYYR,1,True,Recodificada
RXAMPHANY,float64,47278,2,21,0.044,RECODED DRUG USE,,Predictor candidato,RC-AMPHETAMINE - ANY PAST YEAR USE,STMANYYR,1,True,Recodificada
RXMTHPANY,float64,47276,2,23,0.049,RECODED DRUG USE,,Predictor candidato,RC-METHYLPHENIDATE PRODUCTS - ANY PAST YEAR USE,STMANYYR,1,True,Recodificada
RXANORANY,float64,47274,2,25,0.053,RECODED DRUG USE,,Predictor candidato,RC-ANORECTIC STIMULANTS - ANY PAST YEAR USE,STMANYYR,1,True,Recodificada
RXPROVANY,float64,47274,2,25,0.053,RECODED DRUG USE,,Predictor candidato,RC-PROVIGIL PRODUCTS- ANY PAST YEAR USE,STMANYYR,1,True,Recodificada
OTHRSTMANY,float64,47267,2,32,0.068,RECODED DRUG USE,,Predictor candidato,RC-OTHER STIMULANT - ANY PAST YEAR USE,STMANYYR,1,True,Recodificada
RXZOLPANY,float64,47278,2,21,0.044,RECODED DRUG USE,,Predictor candidato,RC-ZOLPIDEM PRODUCTS - ANY PAST YEAR USE,SEDANYYR,1,True,Recodificada
RXESZOANY,float64,47276,2,23,0.049,RECODED DRUG USE,,Predictor candidato,RC-ESZOPICLONE PRODUCTS - ANY PAST YEAR USE,SEDANYYR,1,True,Recodificada
RXZALEANY,float64,47276,2,23,0.049,RECODED DRUG USE,,Predictor candidato,RC-ZALEPLON PRODUCTS - ANY PAST YEAR USE,SEDANYYR,1,True,Recodificada
RXBZOSANY,float64,47282,2,17,0.036,RECODED DRUG USE,,Predictor candidato,RC-BENZODIAZEPINE SEDATIVES - ANY PAST YEAR USE,"IRBZOANYYR, SEDANYYR",2,True,Recodificada
RXTRIAANY,float64,47282,2,17,0.036,RECODED DRUG USE,,Predictor candidato,RC-TRIAZOLAM PRODUCTS - ANY PAST YEAR USE,"IRBZOANYYR, SEDANYYR",2,True,Recodificada
RXTEMAANY,float64,47282,2,17,0.036,RECODED DRUG USE,,Predictor candidato,RC-TEMAZEPAM PRODUCTS - ANY PAST YEAR USE,"IRBZOANYYR, SEDANYYR",2,True,Recodificada
RXFLURANY,float64,47282,2,17,0.036,RECODED DRUG USE,,Predictor candidato,RC-FLURAZEPAM PRODUCTS - ANY PAST YEAR USE,"IRBZOANYYR, SEDANYYR",2,True,Recodificada
RXBARBANY,float64,47275,2,24,0.051,RECODED DRUG USE,,Predictor candidato,RC-BARBITUATES - ANY PAST YEAR USE,SEDANYYR,1,True,Recodificada
OTHRSEDANY,float64,47272,2,27,0.057,RECODED DRUG USE,,Predictor candidato,RC-OTHER SEDATIVE - ANY PAST YEAR USE,SEDANYYR,1,True,Recodificada
RXHYDCMIS,float64,47287,2,12,0.025,RECODED DRUG USE,,Predictor candidato,RC-HYDROCODONE PRODUCTS - PAST YEAR MISUSE,IRRXOPNMYR,1,True,Recodificada
RXZOHYMIS,float64,47289,2,10,0.021,RECODED DRUG USE,,Predictor candidato,RC-ZOHYDRO ER - PAST YEAR MISUSE,IRRXOPNMYR,1,True,Recodificada
RXOXCOMIS,float64,47281,2,18,0.038,RECODED DRUG USE,,Predictor candidato,RC-OXYCODONE PRODUCTS - PAST YEAR MISUSE,"IRRXOPNMYR, OXYCNNMYR",2,True,Recodificada
RXTRAMMIS,float64,47277,2,22,0.047,RECODED DRUG USE,,Predictor candidato,RC-TRAMADOL PRODUCTS - PAST YEAR MISUSE,IRRXOPNMYR,1,True,Recodificada
RXCODEMIS,float64,47280,2,19,0.04,RECODED DRUG USE,,Predictor candidato,RC-CODEINE PRODUCTS - PAST YEAR MISUSE,IRRXOPNMYR,1,True,Recodificada
RXMORPMIS,float64,47286,2,13,0.027,RECODED DRUG USE,,Predictor candidato,RC-MORPHINE PRODUCTS - PAST YEAR MISUSE,IRRXOPNMYR,1,True,Recodificada
RXBUPRMIS,float64,47285,2,14,0.03,RECODED DRUG USE,,Predictor candidato,RC-BUPRENORPHINE PRODUCTS - PAST YEAR MISUSE,IRRXOPNMYR,1,True,Recodificada
RXOXYMMIS,float64,47288,2,11,0.023,RECODED DRUG USE,,Predictor candidato,RC-OXYMORPHONE PRODUCTS - PAST YEAR MISUSE,IRRXOPNMYR,1,True,Recodificada
RXDEMEMIS,float64,47287,2,12,0.025,RECODED DRUG USE,,Predictor candidato,RC-DEMEROL PRODUCTS - PAST YEAR MISUSE,IRRXOPNMYR,1,True,Recodificada
RXHYDMMIS,float64,47287,2,12,0.025,RECODED DRUG USE,,Predictor candidato,RC-HYDROMORPHONE PRODUCTS - PAST YEAR MISUSE,IRRXOPNMYR,1,True,Recodificada
RXMTDNMIS,float64,47286,2,13,0.027,RECODED DRUG USE,,Predictor candidato,RC-METHADONE PRODUCTS - PAST YEAR MISUSE,IRRXOPNMYR,1,True,Recodificada
OTHRPNRMIS,float64,47238,2,61,0.129,RECODED DRUG USE,,Predictor candidato,RC-OTHER PAIN RELIEVER PRODUCTS - PAST YEAR MISUSE,PNRNMYR,1,True,Recodificada
RXBZOTMIS,float64,47294,2,5,0.011,RECODED DRUG USE,,Predictor candidato,RC-BENZODIAZEPINE TRANQUILIZERS - PAST YEAR MISUSE,"IRBZONMYR, TRQNMYR",2,True,Recodificada
RXALPRMIS,float64,47294,2,5,0.011,RECODED DRUG USE,,Predictor candidato,RC-ALPRAZOLEM PRODUCTS - PAST YEAR MISUSE,"IRBZONMYR, TRQNMYR",2,True,Recodificada
RXLORAMIS,float64,47293,2,6,0.013,RECODED DRUG USE,,Predictor candidato,RC-LORAZEPAM PRODUCTS - PAST YEAR MISUSE,"IRBZONMYR, TRQNMYR",2,True,Recodificada
RXCLONMIS,float64,47293,2,6,0.013,RECODED DRUG USE,,Predictor candidato,RC-CLONAZEPAM PRODUCTS - PAST YEAR MISUSE,"IRBZONMYR, TRQNMYR",2,True,Recodificada
RXDIAZMIS,float64,47293,2,6,0.013,RECODED DRUG USE,,Predictor candidato,RC-DIAZEPAM PRODUCTS - PAST YEAR MISUSE,"IRBZONMYR, TRQNMYR",2,True,Recodificada
RXMRLXMIS,float64,47288,2,11,0.023,RECODED DRUG USE,,Predictor candidato,RC-MUSCLE RELAXANTS - PAST YEAR MISUSE,TRQNMYR,1,True,Recodificada
RXCYCLMIS,float64,47290,2,9,0.019,RECODED DRUG USE,,Predictor candidato,RC-CYCLOBENZAPRINE PRODUCTS - PAST YEAR MISUSE,TRQNMYR,1,True,Recodificada
RXSOMAMIS,float64,47291,2,8,0.017,RECODED DRUG USE,,Predictor candidato,RC-SOMA PRODUCTS - PAST YEAR MISUSE,TRQNMYR,1,True,Recodificada
OTHRTRQMIS,float64,47279,2,20,0.042,RECODED DRUG USE,,Predictor candidato,RC-OTHER TRANQUILIZER PRODUCTS - PAST YEAR MISUSE,TRQNMYR,1,True,Recodificada
RXAMMEMIS,float64,47296,2,3,0.006,RECODED DRUG USE,,Predictor candidato,RC-AMPHETAMINE OR METHYLPHENIDATE PRODS - PAST YEAR MISUSE,STMNMYR,1,True,Recodificada
RXAMPHMIS,float64,47295,2,4,0.008,RECODED DRUG USE,,Predictor candidato,RC-AMPHETAMINE - PAST YEAR MISUSE,STMNMYR,1,True,Recodificada
RXMTHPMIS,float64,47297,2,2,0.004,RECODED DRUG USE,,Predictor candidato,RC-METHYLPHENIDATE PRODUCTS - PAST YEAR MISUSE,STMNMYR,1,True,Recodificada
RXANORMIS,float64,47298,2,1,0.002,RECODED DRUG USE,,Predictor candidato,RC-ANORECTIC STIMULANTS - PAST YEAR MISUSE,STMNMYR,1,True,Recodificada
RXPROVMIS,float64,47298,2,1,0.002,RECODED DRUG USE,,Predictor candidato,RC-PROVIGIL PRODUCTS- PAST YEAR MISUSE,STMNMYR,1,True,Recodificada
OTHRSTMMIS,float64,47287,2,12,0.025,RECODED DRUG USE,,Predictor candidato,RC-OTHER STIMULANT PRODUCTS - PAST YEAR MISUSE,STMNMYR,1,True,Recodificada
RXZOLPMIS,float64,47299,2,0,0.0,RECODED DRUG USE,,Predictor candidato,RC-ZOLPIDEM PRODUCTS - PAST YEAR MISUSE,SEDNMYR,1,True,Recodificada
RXESZOMIS,float64,47298,2,1,0.002,RECODED DRUG USE,,Predictor candidato,RC-ESZOPICLONE PRODUCTS - PAST YEAR MISUSE,SEDNMYR,1,True,Recodificada
OTHRSEDMIS2,float64,47283,2,16,0.034,RECODED DRUG USE,,Predictor candidato,RC-OTHER SEDATIVE PRODUCTS - PAST YEAR MISUSE,SEDNMYR,1,True,Recodificada
RXBZOSMIS,float64,47298,2,1,0.002,RECODED DRUG USE,,Predictor candidato,RC-BENZODIAZEPINE SEDATIVES - PAST YEAR MISUSE,"IRBZONMYR, SEDNMYR",2,True,Recodificada
RXBARBMIS,float64,47297,2,2,0.004,RECODED DRUG USE,,Predictor candidato,RC-BARBITURATES - PAST YEAR MISUSE,SEDNMYR,1,True,Recodificada
ALCYDAYS,int64,47299,6,0,0.0,RECODED DRUG USE,,Predictor candidato,RC-# OF DAYS USED ALCOHOL IN PAST YEAR,IRALCFY,1,True,Recodificada
MRJYDAYS,int64,47299,6,0,0.0,RECODED DRUG USE,,Predictor candidato,RC-# OF DAYS USED MARIJUANA IN PAST YEAR,IRMJFY,1,True,Recodificada
COCYDAYS,int64,47299,6,0,0.0,RECODED DRUG USE,,Predictor candidato,RC-# OF DAYS USED COCAINE IN PAST YEAR,IRCOCFY,1,True,Recodificada
CRKYDAYS,int64,47299,6,0,0.0,RECODED DRUG USE,,Predictor candidato,RC-# OF DAYS USED CRACK IN PAST YEAR,IRCRKFY,1,True,Recodificada
HERYDAYS,int64,47299,6,0,0.0,RECODED DRUG USE,,Predictor candidato,RC-# OF DAYS USED HEROIN IN PAST YEAR,IRHERFY,1,True,Recodificada
HALLNDAYYR,int64,47299,6,0,0.0,RECODED DRUG USE,,Predictor candidato,RC-# OF DAYS USED HALLUCINOGENS IN PAST YEAR,IRHALLUCYFQ,1,True,Recodificada
INHNDAYYR2,int64,47299,6,0,0.0,RECODED DRUG USE,"Questions for inhalant use were revised for the 2024 NSDUH. However, some inhalant measures
for
2024 were assumed to be comparable with those from 2021-2023. These inhalant variables
were
renamed in 2024 to caution data users about these questionna",Predictor candidato,RC-# OF DAYS USED INHALANTS IN PAST YEAR,IRINHALYFQ2,1,True,Recodificada
METHNDAYYR,int64,47299,6,0,0.0,RECODED DRUG USE,,Predictor candidato,RC-# OF DAYS USED METHAMPHETAMINE IN PAST YEAR,IRMETHAMYFQ,1,True,Recodificada
CIGMDAYS,int64,47299,6,0,0.0,RECODED DRUG USE,,Predictor candidato,RC-# OF DAYS USED CIGARETTES IN PAST MONTH,IRCIGFM,1,True,Recodificada
CGRMDAYS,int64,47299,5,0,0.0,RECODED DRUG USE,,Predictor candidato,RC-# OF DAYS USED CIGARS IN PAST MONTH,IRCGRFM,1,True,Recodificada
SMKLSMDAYS,int64,47299,5,0,0.0,RECODED DRUG USE,,Predictor candidato,RC-# OF DAYS USED SMOKELESS TOBACCO IN PAST MONTH,IRSMKLSS30N,1,True,Recodificada
NICVPMDAYS,int64,47299,5,0,0.0,RECODED DRUG USE,,Predictor candidato,RC-# OF DAYS VAPED NICOTINE IN PAST MONTH,IRNICVAP30N,1,True,Recodificada
ALCMDAYS,int64,47299,5,0,0.0,RECODED DRUG USE,,Predictor candidato,RC-# OF DAYS USED ALCOHOL IN PAST MONTH,IRALCFM,1,True,Recodificada
MRJMDAYS,int64,47299,5,0,0.0,RECODED DRUG USE,,Predictor candidato,RC-# OF DAYS USED MARIJUANA IN PAST MONTH,IRMJFM,1,True,Recodificada
COCMDAYS,int64,47299,5,0,0.0,RECODED DRUG USE,,Predictor candidato,RC-# OF DAYS USED COCAINE IN PAST MONTH,IRCOCFM,1,True,Recodificada
CRKMDAYS,int64,47299,5,0,0.0,RECODED DRUG USE,,Predictor candidato,RC-# OF DAYS USED CRACK IN PAST MONTH,IRCRKFM,1,True,Recodificada
HERMDAYS,int64,47299,5,0,0.0,RECODED DRUG USE,,Predictor candidato,RC-# OF DAYS USED HEROIN IN PAST MONTH,IRHERFM,1,True,Recodificada
HALLNDAYPM,int64,47299,5,0,0.0,RECODED DRUG USE,,Predictor candidato,RC-# OF DAYS USED HALLUCINOGENS IN PAST MONTH,IRHALLUC30N,1,True,Recodificada
INHNDAYPM2,int64,47299,5,0,0.0,RECODED DRUG USE,"Questions for inhalant use were revised for the 2024 NSDUH. However, some inhalant measures
for
2024 were assumed to be comparable with those from 2021-2023. These inhalant variables
were
renamed in 2024 to caution data users about these questionna",Predictor candidato,RC-# OF DAYS USED INHALANTS IN PAST MONTH,IRINHAL30N2,1,True,Recodificada
METHNDAYPM,int64,47299,5,0,0.0,RECODED DRUG USE,,Predictor candidato,RC-# OF DAYS USED METHAMPHETAMINE IN PAST MONTH,IRMETHAM30N,1,True,Recodificada
PNRNDAYPM,int64,47299,5,0,0.0,RECODED DRUG USE,,Predictor candidato,RC-# OF DAYS MISUSED PAIN RELIEVERS IN PAST MONTH,IRPNRNM30FQ,1,True,Recodificada
TRQNDAYPM,int64,47299,5,0,0.0,RECODED DRUG USE,,Predictor candidato,RC-# OF DAYS MISUSED TRANQUILIZERS IN PAST MONTH,IRTRQNM30FQ,1,True,Recodificada
STMNDAYPM,int64,47299,5,0,0.0,RECODED DRUG USE,,Predictor candidato,RC-# OF DAYS MISUSED STIMULANTS IN PAST MONTH,IRSTMNM30FQ,1,True,Recodificada
SEDNDAYPM,int64,47299,5,0,0.0,RECODED DRUG USE,,Predictor candidato,RC-# OF DAYS MISUSED SEDATIVES IN PAST MONTH,IRSEDNM30FQ,1,True,Recodificada
BNGDRMDAYS,int64,47299,5,0,0.0,RECODED DRUG USE,,Predictor candidato,RC-# OF DAYS BINGE USED ALCOHOL IN PAST MONTH,IRALCBNG30D,1,True,Recodificada
CIGPDAY,int64,47299,6,0,0.0,RECODED DRUG USE,,Predictor candidato,RC-# OF CIGARETTES SMOKED PER DAY AMONG DAILY SMOKERS,"CIG30AV, IRCIGFM",2,True,Recodificada
CIG1PACK,float64,3389,2,43910,92.835,RECODED DRUG USE,,Predictor candidato,RC-SMKED 1+ PCK OF CIGS PER DAY AMNG DLY SMKERS (1/0),CIGPDAY,1,True,Recodificada
CIGAVGD,float64,6536,7,40763,86.182,RECODED DRUG USE,,Predictor candidato,RC-AVG NUMBER OF CIGARETTES SMOKED PER DAY,CIG30AV,1,True,Recodificada
CIGAVGM,float64,6536,142,40763,86.182,RECODED DRUG USE,,Predictor candidato,RC-NUMBER OF CIGARETTES SMOKED PER USER IN PAST MONTH,"CIGAVGD, IRCIGFM",2,True,Recodificada
ALCNUMDKPM,float64,22586,199,24713,52.248,RECODED DRUG USE,,Predictor candidato,RC-NUMBER OF ALC BEVS DRANK PER USER IN PAST MONTH,"ALCUS30D, IRALCFM",2,True,Recodificada
FUCIG18,int64,47299,2,0,0.0,RECODED DRUG USE,,Predictor candidato,RC-FIRST USED CIGARETTES PRIOR TO AGE 18,IRCIGAGE,1,True,Recodificada
FUCIG21,int64,47299,2,0,0.0,RECODED DRUG USE,,Predictor candidato,RC-FIRST USED CIGARETTES PRIOR TO AGE 21,IRCIGAGE,1,True,Recodificada
FUCD218,int64,47299,2,0,0.0,RECODED DRUG USE,,Predictor candidato,RC-FIRST USED CIGARETTES DAILY PRIOR TO AGE 18,IRCDUAGE,1,True,Recodificada
FUCD221,int64,47299,2,0,0.0,RECODED DRUG USE,,Predictor candidato,RC-FIRST USED CIGARETTES DAILY PRIOR TO AGE 21,IRCDUAGE,1,True,Recodificada
FUCGR18,int64,47299,2,0,0.0,RECODED DRUG USE,,Predictor candidato,RC-FIRST USED CIGARS PRIOR TO AGE 18,IRCGRAGE,1,True,Recodificada
FUCGR21,int64,47299,2,0,0.0,RECODED DRUG USE,,Predictor candidato,RC-FIRST USED CIGARS PRIOR TO AGE 21,IRCGRAGE,1,True,Recodificada
FUSMKLSS18,int64,47299,2,0,0.0,RECODED DRUG USE,,Predictor candidato,RC-FIRST USED SMOKELESS TOBACCO PRIOR TO AGE 18,IRSMKLSSTRY,1,True,Recodificada
FUSMKLSS21,int64,47299,2,0,0.0,RECODED DRUG USE,,Predictor candidato,RC-FIRST USED SMOKELESS TOBACCO PRIOR TO AGE 21,IRSMKLSSTRY,1,True,Recodificada
FUNICVAP18,int64,47299,2,0,0.0,RECODED DRUG USE,,Predictor candidato,RC-FIRST VAPED NICOTINE PRIOR TO AGE 18,IRNICVAPAGE,1,True,Recodificada
FUNICVAP21,int64,47299,2,0,0.0,RECODED DRUG USE,,Predictor candidato,RC-FIRST VAPED NICOTINE PRIOR TO AGE 21,IRNICVAPAGE,1,True,Recodificada
FUALC18,int64,47299,2,0,0.0,RECODED DRUG USE,,Predictor candidato,RC-FIRST USED ALCOHOL PRIOR TO AGE 18,IRALCAGE,1,True,Recodificada
FUALC21,int64,47299,2,0,0.0,RECODED DRUG USE,,Predictor candidato,RC-FIRST USED ALCOHOL PRIOR TO AGE 21,IRALCAGE,1,True,Recodificada
FUMJ18,int64,47299,2,0,0.0,RECODED DRUG USE,,Predictor candidato,RC-FIRST USED MARIJUANA PRIOR TO AGE 18,IRMJAGE,1,True,Recodificada
FUMJ21,int64,47299,2,0,0.0,RECODED DRUG USE,,Predictor candidato,RC-FIRST USED MARIJUANA PRIOR TO AGE 21,IRMJAGE,1,True,Recodificada
FUCOC18,int64,47299,2,0,0.0,RECODED DRUG USE,,Predictor candidato,RC-FIRST USED COCAINE PRIOR TO AGE 18,IRCOCAGE,1,True,Recodificada
FUCOC21,int64,47299,2,0,0.0,RECODED DRUG USE,,Predictor candidato,RC-FIRST USED COCAINE PRIOR TO AGE 21,IRCOCAGE,1,True,Recodificada
FUCRK18,int64,47299,2,0,0.0,RECODED DRUG USE,,Predictor candidato,RC-FIRST USED CRACK PRIOR TO AGE 18,IRCRKAGE,1,True,Recodificada
FUCRK21,int64,47299,2,0,0.0,RECODED DRUG USE,,Predictor candidato,RC-FIRST USED CRACK PRIOR TO AGE 21,IRCRKAGE,1,True,Recodificada
FUHER18,int64,47299,2,0,0.0,RECODED DRUG USE,,Predictor candidato,RC-FIRST USED HEROIN PRIOR TO AGE 18,IRHERAGE,1,True,Recodificada
FUHER21,int64,47299,2,0,0.0,RECODED DRUG USE,,Predictor candidato,RC-FIRST USED HEROIN PRIOR TO AGE 21,IRHERAGE,1,True,Recodificada
FUHALLUC18,int64,47299,2,0,0.0,RECODED DRUG USE,,Predictor candidato,RC-FIRST USED HALLUCINOGENS PRIOR TO AGE 18,IRHALLUCAGE,1,True,Recodificada
FUHALLUC21,int64,47299,2,0,0.0,RECODED DRUG USE,,Predictor candidato,RC-FIRST USED HALLUCINOGENS PRIOR TO AGE 21,IRHALLUCAGE,1,True,Recodificada
FULSD18,int64,47299,2,0,0.0,RECODED DRUG USE,,Predictor candidato,RC-FIRST USED LSD PRIOR TO AGE 18,IRLSDAGE,1,True,Recodificada
FULSD21,int64,47299,2,0,0.0,RECODED DRUG USE,,Predictor candidato,RC-FIRST USED LSD PRIOR TO AGE 21,IRLSDAGE,1,True,Recodificada
FUPCP18,int64,47299,2,0,0.0,RECODED DRUG USE,,Predictor candidato,RC-FIRST USED PCP PRIOR TO AGE 18,IRPCPAGE,1,True,Recodificada
FUPCP21,int64,47299,2,0,0.0,RECODED DRUG USE,,Predictor candidato,RC-FIRST USED PCP PRIOR TO AGE 21,IRPCPAGE,1,True,Recodificada
FUECSTMO18,int64,47299,2,0,0.0,RECODED DRUG USE,,Predictor candidato,RC-FIRST USED ECSTASY PRIOR TO AGE 18,IRECSTMOAGE,1,True,Recodificada
FUECSTMO21,int64,47299,2,0,0.0,RECODED DRUG USE,,Predictor candidato,RC-FIRST USED ECSTASY PRIOR TO AGE 21,IRECSTMOAGE,1,True,Recodificada
FUINHAL182,int64,47299,2,0,0.0,RECODED DRUG USE,"Questions for inhalant use were revised for the 2024 NSDUH. However, some inhalant measures
for
2024 were assumed to be comparable with those from 2021-2023. These inhalant variables
were
renamed in 2024 to caution data users about these questionna",Predictor candidato,RC-FIRST USED INHALANTS PRIOR TO AGE 18,IRINHALAGE2,1,True,Recodificada
FUINHAL212,int64,47299,2,0,0.0,RECODED DRUG USE,"Questions for inhalant use were revised for the 2024 NSDUH. However, some inhalant measures
for
2024 were assumed to be comparable with those from 2021-2023. These inhalant variables
were
renamed in 2024 to caution data users about these questionna",Predictor candidato,RC-FIRST USED INHALANTS PRIOR TO AGE 21,IRINHALAGE2,1,True,Recodificada
FUMETHAM18,int64,47299,2,0,0.0,RECODED DRUG USE,,Predictor candidato,RC-FIRST USED METHAMPHETAMINE PRIOR TO AGE 18,IRMETHAMAGE,1,True,Recodificada
FUMETHAM21,int64,47299,2,0,0.0,RECODED DRUG USE,,Predictor candidato,RC-FIRST USED METHAMPHETAMINE PRIOR TO AGE 21,IRMETHAMAGE,1,True,Recodificada
FUPNRNM18,int64,47299,2,0,0.0,RECODED DRUG USE,,Predictor candidato,RC-FIRST MISUSED PAIN RELIEVERS PRIOR TO AGE 18,IRPNRNMAGE,1,True,Recodificada
FUPNRNM21,int64,47299,2,0,0.0,RECODED DRUG USE,,Predictor candidato,RC-FIRST MISUSED PAIN RELIEVERS PRIOR TO AGE 21,IRPNRNMAGE,1,True,Recodificada
FUTRQNM18,int64,47299,2,0,0.0,RECODED DRUG USE,,Predictor candidato,RC-FIRST MISUSED TRANQUILIZERS PRIOR TO AGE 18,IRTRQNMAGE,1,True,Recodificada
FUTRQNM21,int64,47299,2,0,0.0,RECODED DRUG USE,,Predictor candidato,RC-FIRST MISUSED TRANQUILIZERS PRIOR TO AGE 21,IRTRQNMAGE,1,True,Recodificada
FUSTMNM18,int64,47299,2,0,0.0,RECODED DRUG USE,,Predictor candidato,RC-FIRST MISUSED STIMULANTS PRIOR TO AGE 18,IRSTMNMAGE,1,True,Recodificada
FUSTMNM21,int64,47299,2,0,0.0,RECODED DRUG USE,,Predictor candidato,RC-FIRST MISUSED STIMULANTS PRIOR TO AGE 21,IRSTMNMAGE,1,True,Recodificada
FUSEDNM21,int64,47299,2,0,0.0,RECODED DRUG USE,,Predictor candidato,RC-FIRST MISUSED SEDATIVES PRIOR TO AGE 21,IRSEDNMAGE,1,True,Recodificada
PNRMAINRSN,float64,47068,10,231,0.488,RECODED DRUG USE,,Predictor candidato,RC-MAIN REASON FOR MISUSING PAIN RELIEVERS LAST EPISODE,"PNRRSDGFX, PNRRSEMOT, PNRRSEXPT, PNRRSHIGH, PNRRSHOOK, PNRRSMAIN, PNRRSOTRS2, PNRRSPAIN, PNRRSRELX, PNRRSSLEP, PNRRSSOR",11,True,Recodificada
TRQMAINRSN,float64,47118,9,181,0.383,RECODED DRUG USE,,Predictor candidato,RC-MAIN REASON FOR MISUSING TRANQUILIZERS LAST EPISODE,"TRQRSDGFX, TRQRSEMOT, TRQRSEXPT, TRQRSHIGH, TRQRSHOOK, TRQRSMAIN, TRQRSOTRS2, TRQRSRELX, TRQRSSLEP, TRQRSSOR",10,True,Recodificada
STMMAINRSN,float64,47083,10,216,0.457,RECODED DRUG USE,,Predictor candidato,RC-MAIN REASON FOR MISUSING STIMULANTS LAST EPISODE,"STMRSALRT, STMRSCONC, STMRSDGFX, STMRSEXPT, STMRSHIGH, STMRSHOOK, STMRSMAIN, STMRSOTRS2, STMRSSOR, STMRSSTDY, STMRSWGHT",11,True,Recodificada
SEDMAINRSN,float64,47045,7,254,0.537,RECODED DRUG USE,,Predictor candidato,RC-MAIN REASON FOR MISUSING SEDATIVES LAST EPISODE,"SEDRSDGFX, SEDRSEMOT, SEDRSEXPT, SEDRSHIGH, SEDRSHOOK, SEDRSMAIN, SEDRSOTRS2, SEDRSRELX, SEDRSSLEP, SEDRSSOR",10,True,Recodificada
SRCPNRNM2,float64,1353,8,45946,97.139,RECODED DRUG USE,,Predictor candidato,RC-SOURCE OF PAIN RELIEVERS FOR LAST MISUSE,,0,True,Recodificada
SRCTRQNM2,float64,734,8,46565,98.448,RECODED DRUG USE,,Predictor candidato,RC-SOURCE OF TRANQUILIZERS FOR LAST MISUSE,,0,True,Recodificada
SRCSTMNM2,float64,831,8,46468,98.243,RECODED DRUG USE,,Predictor candidato,RC-SOURCE OF STIMULANTS FOR LAST MISUSE,,0,True,Recodificada
SRCSEDNM2,float64,143,8,47156,99.698,RECODED DRUG USE,,Predictor candidato,RC-SOURCE OF SEDATIVES FOR LAST MISUSE,,0,True,Recodificada
SRCFRPNRNM,float64,401,8,46898,99.152,RECODED DRUG USE,,Predictor candidato,RC-SOURCE OF FRIEND/RELATIVE PAIN RELIEVERS FOR LAST MISUSE,,0,True,Recodificada
SRCFRTRQNM,float64,297,8,47002,99.372,RECODED DRUG USE,,Predictor candidato,RC-SOURCE OF FRIEND/RELATIVE TRANQUILIZERS FOR LAST MISUSE,,0,True,Recodificada
SRCFRSTMNM,float64,437,6,46862,99.076,RECODED DRUG USE,,Predictor candidato,RC-SOURCE OF FRIEND/RELATIVE STIMULANTS FOR LAST MISUSE,,0,True,Recodificada
SRCFRSEDNM,float64,55,3,47244,99.884,RECODED DRUG USE,,Predictor candidato,RC-SOURCE OF FRIEND/RELATIVE SEDATIVES FOR LAST MISUSE,,0,True,Recodificada
SRCCLFRPNR,float64,401,3,46898,99.152,RECODED DRUG USE,,Predictor candidato,RC-COLLAPSED SOURCE OF FRND/REL PAIN RLVRS FOR LAST MISUSE,SRCFRPNRNM,1,True,Recodificada
SRCCLFRTRQ,float64,297,3,47002,99.372,RECODED DRUG USE,,Predictor candidato,RC-COLLAPSED SOURCE OF FRND/REL TRANQLZRS FOR LAST MISUSE,SRCFRTRQNM,1,True,Recodificada
SRCCLFRSTM,float64,437,3,46862,99.076,RECODED DRUG USE,,Predictor candidato,RC-COLLAPSED SOURCE OF FRND/REL STIMULANTS FOR LAST MISUSE,SRCFRSTMNM,1,True,Recodificada
SRCCLFRSED,float64,55,2,47244,99.884,RECODED DRUG USE,,Predictor candidato,RC-COLLAPSED SOURCE OF FRND/REL SEDATIVES FOR LAST MISUSE,SRCFRSEDNM,1,True,Recodificada
RXOPPRNMMON,int64,47299,2,0,0.0,RECODED DRUG USE,,Predictor candidato,RC-PRESCRIPTION OPIOIDS - PAST MONTH MISUSE,"IRRXOPNMYR, PNRNMMON",2,True,Recodificada
NOOPPRANYYR,int64,47299,2,0,0.0,RECODED DRUG USE,,Predictor candidato,RC-NONOPIOID PRESCRIPTION PNR - ANY PAST YEAR USE,"IRRXOPANYYR, PNRANYYR2",2,True,Recodificada
NOOPPRNMYR,int64,47299,2,0,0.0,RECODED DRUG USE,,Predictor candidato,RC-NONOPIOID PRESCRIPTION PNR - PAST YEAR MISUSE,"IRRXOPNMYR, PNRNMYR",2,True,Recodificada
COLDMEDS,int64,47299,5,0,0.0,SPECIAL DRUGS,,Predictor candidato,TAKEN A NONPRESCRIPTION COUGH MED TO GET HIGH,SD01,1,True,Original u otra
COLDREC,int64,47299,7,0,0.0,SPECIAL DRUGS,,Predictor candidato,TIME SINCE LAST USED COUGH/COLD MED,SD02,1,True,Original u otra
COLDYR1,float64,47299,78,0,0.0,SPECIAL DRUGS,,Predictor candidato,OTHER COUGH/COLD MED USED PAST 12 MOS - SPECIFY 1,SD02SC1,1,True,Original u otra
COLDYR2,float64,47299,50,0,0.0,SPECIAL DRUGS,,Predictor candidato,OTHER COUGH/COLD MED USED PAST 12 MOS - SPECIFY 2,SD02SC2,1,True,Original u otra
COLDYR3,float64,47299,26,0,0.0,SPECIAL DRUGS,,Predictor candidato,OTHER COUGH/COLD MED USED PAST 12 MOS - SPECIFY 3,SD02SC3,1,True,Original u otra
COLDYR4,int64,47299,14,0,0.0,SPECIAL DRUGS,,Predictor candidato,OTHER COUGH/COLD MED USED PAST 12 MOS - SPECIFY 4,SD02SC4,1,True,Original u otra
COLDYR5,float64,47299,13,0,0.0,SPECIAL DRUGS,,Predictor candidato,OTHER COUGH/COLD MED USED PAST 12 MOS - SPECIFY 5,SD02SC5,1,True,Original u otra
OTCFLAG,int64,47299,3,0,0.0,SPECIAL DRUGS,,Predictor candidato,INCONSISTENCY FLAG FOR REPORT OF OTC COLD MEDS,,0,True,Original u otra
GHB,int64,47299,5,0,0.0,SPECIAL DRUGS,,Predictor candidato,EVER USED GHB,SD03,1,True,Original u otra
GHBREC,int64,47299,7,0,0.0,SPECIAL DRUGS,,Predictor candidato,TIME SINCE LAST USED GHB,SD04,1,True,Original u otra
COCNEEDL,int64,47299,8,0,0.0,SPECIAL DRUGS,,Predictor candidato,EVER USED NEEDLE TO INJECT COCAINE,SD05,1,True,Original u otra
CONDLREC,int64,47299,8,0,0.0,SPECIAL DRUGS,,Predictor candidato,TIME SINCE LAST USED NEEDLE TO INJECT COCAINE,SD06,1,True,Original u otra
HERSMOKE,int64,47299,8,0,0.0,SPECIAL DRUGS,,Predictor candidato,EVER SMOKED HEROIN,"HEOTSMK, SD07",2,True,Original u otra
HRSMKREC,int64,47299,7,0,0.0,SPECIAL DRUGS,,Predictor candidato,TIME SINCE LAST SMOKED HEROIN,"SD08, SDHEUSE6",2,True,Original u otra
HERSNIFF,int64,47299,8,0,0.0,SPECIAL DRUGS,,Predictor candidato,EVER SNIFFED HEROIN,"HEOTSNF, SD09",2,True,Original u otra
HRSNFREC,int64,47299,10,0,0.0,SPECIAL DRUGS,,Predictor candidato,TIME SINCE LAST SNIFFED HEROIN,"SD10, SDHEUSE7",2,True,Original u otra
HERNEEDL,int64,47299,7,0,0.0,SPECIAL DRUGS,,Predictor candidato,EVER USED NEEDLE TO INJECT HEROIN,"HEOTNDL, SD11",2,True,Original u otra
HEOTSMK,int64,47299,8,0,0.0,SPECIAL DRUGS,,Predictor candidato,HOW USED HEROIN: SMOKED IT,SDHEUSE,1,True,Original u otra
HEOTSNF,int64,47299,8,0,0.0,SPECIAL DRUGS,,Predictor candidato,HOW USED HEROIN: SNIFFED IT,SDHEUSE,1,True,Original u otra
HEOTNDL,int64,47299,8,0,0.0,SPECIAL DRUGS,,Predictor candidato,HOW USED HEROIN: INJECTED IT WITH A NEEDLE,SDHEUSE,1,True,Original u otra
HEOTOTH,int64,47299,8,0,0.0,SPECIAL DRUGS,,Predictor candidato,HOW USED HEROIN: SOME OTHER WAY,SDHEUSE,1,True,Original u otra
HEOTSP,int64,47299,9,0,0.0,SPECIAL DRUGS,,Predictor candidato,HOW USED HEROIN: SPECIFY,SDHUSESC,1,True,Original u otra
HRNDLREC,int64,47299,9,0,0.0,SPECIAL DRUGS,,Predictor candidato,TIME SINCE LAST USED NEEDLE TO INJECT HEROIN,SD12,1,True,Original u otra
METHNEEDL,int64,47299,7,0,0.0,SPECIAL DRUGS,,Predictor candidato,EVER USED NEEDLE TO INJECT METHAMPHETAMINE,SD13,1,True,Original u otra
METHNDLRC,int64,47299,9,0,0.0,SPECIAL DRUGS,,Predictor candidato,TIME SINCE LAST USED NEEDLE TO INJECT METH,SD14,1,True,Original u otra
OTDGNEDL,int64,47299,5,0,0.0,SPECIAL DRUGS,,Predictor candidato,EVER USED NEEDLE TO INJECT ANY OTHER DRUG,SD15,1,True,Original u otra
OTDGNDLA,int64,47299,78,0,0.0,SPECIAL DRUGS,,Predictor candidato,OTHER DRUG INJECTED - SPECIFY 1,SD15SC1,1,True,Original u otra
OTDGNDLB,int64,47299,52,0,0.0,SPECIAL DRUGS,,Predictor candidato,OTHER DRUG INJECTED - SPECIFY 2,SD15SC2,1,True,Original u otra
OTDGNDLC,int64,47299,37,0,0.0,SPECIAL DRUGS,,Predictor candidato,OTHER DRUG INJECTED - SPECIFY 3,SD15SC3,1,True,Original u otra
OTDGNDLD,int64,47299,18,0,0.0,SPECIAL DRUGS,,Predictor candidato,OTHER DRUG INJECTED - SPECIFY 4,SD15SC4,1,True,Original u otra
OTDGNDLE,int64,47299,11,0,0.0,SPECIAL DRUGS,,Predictor candidato,OTHER DRUG INJECTED - SPECIFY 5,SD15SC5,1,True,Original u otra
OTDGNDLRC,int64,47299,9,0,0.0,SPECIAL DRUGS,,Predictor candidato,TIME SINCE LAST USED A NEEDLE TO INJECT OTHER DRUG,SD16,1,True,Original u otra
GNNDREUS,int64,47299,7,0,0.0,SPECIAL DRUGS,,Predictor candidato,LAST TIME REUSED NEEDLE USED BEFORE,SD17,1,True,Original u otra
GNNDLSH1,int64,47299,7,0,0.0,SPECIAL DRUGS,,Predictor candidato,LAST NEEDLE HAD BEEN USED BY SOMEONE ELSE,SD18,1,True,Original u otra
GNNDCLEN,int64,47299,7,0,0.0,SPECIAL DRUGS,,Predictor candidato,USED BLEACH TO CLEAN LAST NEEDLE BEFORE USE,SD19,1,True,Original u otra
GNNDLSH2,int64,47299,7,0,0.0,SPECIAL DRUGS,,Predictor candidato,SOMEONE ELSE USED LAST NEEDLE AFTER YOU,SD20,1,True,Original u otra
GNNDGET2,int64,47299,21,0,0.0,SPECIAL DRUGS,,Predictor candidato,HOW DID YOU GET THE NEEDLE LAST TIME,"SD21, SD21SC",2,True,Original u otra
IRNPCOLDREC,int64,47299,4,0,0.0,IMPUTED SPECIAL DRUGS,,Predictor candidato,NONPRESCRIPTION COUGH OR COLD MEDS RECENCY - IMPUTATION REV,"COLDMEDS, OTCFLAG",2,True,Imputada
IINPCOLDREC,int64,47299,3,0,0.0,IMPUTED SPECIAL DRUGS,,Predictor candidato,NONPRESCRIPTION COUGH OR COLD MEDS RECENCY - IMPUTATION IND,"COLDMEDS, OTCFLAG",2,True,Imputada
IRGHBREC,int64,47299,4,0,0.0,IMPUTED SPECIAL DRUGS,,Predictor candidato,GHB RECENCY - IMPUTATION REVISED,GHBREC,1,True,Imputada
IIGHBREC,int64,47299,3,0,0.0,IMPUTED SPECIAL DRUGS,,Predictor candidato,GHB RECENCY - IMPUTATION INDICATOR,GHBREC,1,True,Imputada
ANYNDLREC,int64,47299,7,0,0.0,RECODED SPECIAL DRUGS,,Predictor candidato,RC-MOST RECENT USE OF ANY DRUG WITH A NEEDLE,"CONDLREC, HRNDLREC, METHNDLRC, OTDGNDLRC",4,True,Recodificada
CHMNDLREC,int64,47299,8,0,0.0,RECODED SPECIAL DRUGS,,Predictor candidato,RC-MOST RECENT USE OF COC/HER/METH WITH A NEEDLE,"CONDLREC, HRNDLREC, METHNDLRC",3,True,Recodificada
HERNEDEVER,float64,47289,2,10,0.021,RECODED SPECIAL DRUGS,,Predictor candidato,RC-EVER USED A NEEDLE TO INJECT HEROIN,"HERFLAG, HERNEEDL",2,True,Recodificada
COCNEDEVER,float64,47255,2,44,0.093,RECODED SPECIAL DRUGS,,Predictor candidato,RC-EVER USED A NEEDLE TO INJECT COCAINE,"COCFLAG, COCNEEDL",2,True,Recodificada
MTHNEDEVER,float64,47279,2,20,0.042,RECODED SPECIAL DRUGS,,Predictor candidato,RC-EVER USED NEEDLE TO INJECT METHAMPHETAMINE,"METHAMFLAG, METHNEEDL",2,True,Recodificada
HERSMOEVER,float64,47288,2,11,0.023,RECODED SPECIAL DRUGS,,Predictor candidato,RC-EVER SMOKED HEROIN,"HERFLAG, HERSMOKE",2,True,Recodificada
HERSNIEVER,float64,47288,2,11,0.023,RECODED SPECIAL DRUGS,,Predictor candidato,RC-EVER SNIFFED HEROIN,"HERFLAG, HERSNIFF",2,True,Recodificada
NPCOLDFLAG,int64,47299,2,0,0.0,RECODED SPECIAL DRUGS,,Predictor candidato,RC-NONPRESCRIPTION COUGH OR COLD MEDS - EVER USED,IRNPCOLDREC,1,True,Recodificada
NPCOLDYR,int64,47299,2,0,0.0,RECODED SPECIAL DRUGS,,Predictor candidato,RC-NONPRESCRIPTION COUGH OR COLD MEDS - PAST YEAR USE,IRNPCOLDREC,1,True,Recodificada
NPCOLDMON,int64,47299,2,0,0.0,RECODED SPECIAL DRUGS,,Predictor candidato,RC-NONPRESCRIPTION COUGH OR COLD MEDS - PAST MONTH USE,IRNPCOLDREC,1,True,Recodificada
GHBFLAG,int64,47299,2,0,0.0,RECODED SPECIAL DRUGS,,Predictor candidato,RC-GHB - EVER USED,IRGHBREC,1,True,Recodificada
GHBYR,int64,47299,2,0,0.0,RECODED SPECIAL DRUGS,,Predictor candidato,RC-GHB - PAST YEAR USE,IRGHBREC,1,True,Recodificada
GHBMON,int64,47299,2,0,0.0,RECODED SPECIAL DRUGS,,Predictor candidato,RC-GHB - PAST MONTH USE,IRGHBREC,1,True,Recodificada
UDALTIMEUSE,int64,47299,8,0,0.0,SUBSTANCE USE DISORDER,,Predictor candidato,SPENT GREAT DEAL OF TIME USING/FEEL EFF OF ALCOHOL PST 12MOS,DPALFEEL,1,True,Original u otra
UDALTIMEGET,int64,47299,9,0,0.0,SUBSTANCE USE DISORDER,,Predictor candidato,SPENT GREAT DEAL TIME TRY TO GET/GETTING ALC IN PST 12 MOS,DPALGET,1,True,Original u otra
UDALLRGAMTS,int64,47299,8,0,0.0,SUBSTANCE USE DISORDER,,Predictor candidato,DRANK ALC LARGER AMTS OR LONGER TIME THAN MEANT TO PST 12MOS,DPALLRGR,1,True,Original u otra
UDALWANTBAD,int64,47299,8,0,0.0,SUBSTANCE USE DISORDER,,Predictor candidato,WANTED TO USE ALCOHOL SO BADLY IN PAST 12 MOS,DPALBDLY,1,True,Original u otra
UDALSTRURGE,int64,47299,9,0,0.0,SUBSTANCE USE DISORDER,,Predictor candidato,STRONG URGE TO DRINK ALCOHOL IN PST 12 MOS,DPALURGE,1,True,Original u otra
UDALNEEDMOR,int64,47299,8,0,0.0,SUBSTANCE USE DISORDER,,Predictor candidato,NEEDED A LOT MORE ALCOHOL TO GET FEELING YOU WANT,DPALMORE,1,True,Original u otra
UDALLESSEFF,int64,47299,9,0,0.0,SUBSTANCE USE DISORDER,,Predictor candidato,SAME AMT ALCOHOL HAS LESS EFFECT THAN IT USED TO,DPALLESS,1,True,Original u otra
UDALTRYSTOP,int64,47299,8,0,0.0,SUBSTANCE USE DISORDER,,Predictor candidato,TRY TO CUT DOWN/STOP ALCOHOL USE IN PAST 12 MOS,DPALSTOP,1,True,Original u otra
UDALNOTSTOP,int64,47299,9,0,0.0,SUBSTANCE USE DISORDER,,Predictor candidato,UNABLE TO CUT/STOP ALC USE MORE THAN ONE TIME PAST 12 MOS,DPALCANT,1,True,Original u otra
UDALWSHSTOP,int64,47299,9,0,0.0,SUBSTANCE USE DISORDER,,Predictor candidato,OFTEN WISH CUT DOWN OR STOP ALCOHOL USE PAST 12 MOS,DPALWISH,1,True,Original u otra
UDALHLTHPRB,int64,47299,8,0,0.0,SUBSTANCE USE DISORDER,,Predictor candidato,ANY LONG-LASTING PHYS PRBS CAUSED/WORSND BY ALC PST 12 MOS,DPALPHYS,1,True,Original u otra
UDALHLTHCTD,int64,47299,9,0,0.0,SUBSTANCE USE DISORDER,,Predictor candidato,CONTD TO USE ALCOHOL DESPITE ALCOHOL CAUSE/WORSEN PHYS PRBS,DPALPCNT,1,True,Original u otra
UDALMNTLPRB,int64,47299,9,0,0.0,SUBSTANCE USE DISORDER,,Predictor candidato,ANY EMOT/MNTL HLTH PRBS CAUSED/WORSND BY ALCOHOL PAST 12 MOS,DPALMNTL,1,True,Original u otra
UDALMNTLCTD,int64,47299,9,0,0.0,SUBSTANCE USE DISORDER,,Predictor candidato,CONTD ALCOHOL USE DESPITE ALC CSE/WRSN EMOT/MNTL HLTH PRBS,DPALMCNT,1,True,Original u otra
UDALBLCKOUT,int64,47299,9,0,0.0,SUBSTANCE USE DISORDER,,Predictor candidato,REPEATED BLACKOUTS WHILE OR AFTER DRINKING ALC PAST 12 MOS,DPALBLCK,1,True,Original u otra
UDALBLCKCTD,int64,47299,9,0,0.0,SUBSTANCE USE DISORDER,,Predictor candidato,CONTINUE DRINKING ALCOHOL EVEN AFTER BLACKOUTS,DPALBCNT,1,True,Original u otra
UDALSTOPACT,int64,47299,8,0,0.0,SUBSTANCE USE DISORDER,,Predictor candidato,LESS ACTIVITIES B/C OF ALCOHOL USE PAST 12 MOS,DPALACTV,1,True,Original u otra
UDALWORKPRB,int64,47299,8,0,0.0,SUBSTANCE USE DISORDER,,Predictor candidato,ALCOHOL CAUSE SERIOUS PRBS AT HOME/WORK/SCH PST 12 MOS,DPALSERI,1,True,Original u otra
UDALFMLYPRB,int64,47299,8,0,0.0,SUBSTANCE USE DISORDER,,Predictor candidato,ALCOHOL CAUSE ARGUMENTS/PROBS W/FAMILY/FRIENDS PST 12 MOS,DPALARGU,1,True,Original u otra
UDALFMLYCTD,int64,47299,8,0,0.0,SUBSTANCE USE DISORDER,,Predictor candidato,CONTD ALCOHOL USE DESPITE ALC CAUSE ARGUMENTS W/FAM/FRNDS,DPALACNT,1,True,Original u otra
UDALGETHURT,int64,47299,8,0,0.0,SUBSTANCE USE DISORDER,,Predictor candidato,ALCOHOL USE INCREASED CHANCE GETTING HURT PST 12 MOS,DPALHURT,1,True,Original u otra
UDALWDSWEAT,int64,47299,8,0,0.0,SUBSTANCE USE DISORDER,,Predictor candidato,SWEATING/RAPID HEARTBEAT - ALC WITHDRAWAL SYMPTOM PST 12 MOS,DPALWD_1,1,True,Original u otra
UDALWDTRMBL,int64,47299,8,0,0.0,SUBSTANCE USE DISORDER,,Predictor candidato,HANDS TREMBLE - ALC WITHDRAWAL SYMPTOM PST 12 MOS,DPALWD_2,1,True,Original u otra
UDALWDSLEEP,int64,47299,8,0,0.0,SUBSTANCE USE DISORDER,,Predictor candidato,TROUBLE SLEEPING - ALC WITHDRAWAL SYMPTOM PST 12 MOS,DPALWD_3,1,True,Original u otra
UDALWDVOMIT,int64,47299,8,0,0.0,SUBSTANCE USE DISORDER,,Predictor candidato,VOMITING/UPSET STOMACH - ALC WITHDRAWAL SYMPTOM PST 12 MOS,DPALWD_4,1,True,Original u otra
UDALWDHALUC,int64,47299,8,0,0.0,SUBSTANCE USE DISORDER,,Predictor candidato,SEE/HEAR/FEEL THINGS - ALC WITHDRAWAL SYMPTOM PST 12 MOS,DPALWD_5,1,True,Original u otra
UDALWDSITST,int64,47299,8,0,0.0,SUBSTANCE USE DISORDER,,Predictor candidato,COULD NOT SIT STILL - ALC WITHDRAWAL SYMPTOM PST 12 MOS,DPALWD_6,1,True,Original u otra
UDALWDFLANX,int64,47299,8,0,0.0,SUBSTANCE USE DISORDER,,Predictor candidato,FEELING ANXIOUS - ALC WITHDRAWAL SYMPTOM PST 12 MOS,DPALWD_7,1,True,Original u otra
UDALAVOIDWD,int64,47299,8,0,0.0,SUBSTANCE USE DISORDER,,Predictor candidato,USE ALC/DRG TO GET OVER/AVOID ALC WITHDRAWAL IN PST 12 MOS,DPALOVER,1,True,Original u otra
UDALAVWALCO,int64,47299,9,0,0.0,SUBSTANCE USE DISORDER,,Predictor candidato,USED ALCOHOL TO GET OVER/AVOID ALC WITHDRAWAL IN PST 12 MOS,DPALUSE_1,1,True,Original u otra
UDALAVWSVTR,int64,47299,10,0,0.0,SUBSTANCE USE DISORDER,,Predictor candidato,USED SED/TRQ/SLP PILLS/DWNRS TO AVOID ALC WDRWAL PST 12 MOS,DPALUSE_2,1,True,Original u otra
UDALAVWOTHR,int64,47299,9,0,0.0,SUBSTANCE USE DISORDER,,Predictor candidato,USED SOMETHING ELSE TO GET OVR/AVD ALC WITHDRAWAL PST 12 MOS,DPALUSE_3,1,True,Original u otra
UDMJTIMEUSE,int64,47299,8,0,0.0,SUBSTANCE USE DISORDER,,Predictor candidato,SPENT GREAT DEAL OF TIME USING/FEEL EFF OF MJ PST 12 MOS,DPMJFEEL,1,True,Original u otra
UDMJTIMEGET,int64,47299,9,0,0.0,SUBSTANCE USE DISORDER,,Predictor candidato,SPENT GREAT DEAL TIME TRY TO GET/GETTING MJ IN PST 12 MOS,DPMJGET,1,True,Original u otra
UDMJLRGAMTS,int64,47299,8,0,0.0,SUBSTANCE USE DISORDER,,Predictor candidato,USED MJ LARGER AMTS OR LONGER TIME THAN MEANT TO PST 12 MOS,DPMJLRGR,1,True,Original u otra
UDMJWANTBAD,int64,47299,8,0,0.0,SUBSTANCE USE DISORDER,,Predictor candidato,WANTED TO USE MARIJUANA SO BADLY IN PAST 12 MOS,DPMJBDLY,1,True,Original u otra
UDMJSTRURGE,int64,47299,9,0,0.0,SUBSTANCE USE DISORDER,,Predictor candidato,STRONG URGE TO USE MARIJUANA IN PAST 12 MOS,DPMJURGE,1,True,Original u otra
UDMJNEEDMOR,int64,47299,8,0,0.0,SUBSTANCE USE DISORDER,,Predictor candidato,NEEDED A LOT MORE MARIJUANA TO GET FEELING YOU WANT,DPMJMORE,1,True,Original u otra
UDMJLESSEFF,int64,47299,9,0,0.0,SUBSTANCE USE DISORDER,,Predictor candidato,SAME AMT MARIJUANA HAS LESS EFFECT THAN IT USED TO,DPMJLESS,1,True,Original u otra
UDMJTRYSTOP,int64,47299,8,0,0.0,SUBSTANCE USE DISORDER,,Predictor candidato,TRY TO CUT DOWN/STOP MARIJUANA USE IN PAST 12 MOS,DPMJSTOP,1,True,Original u otra
UDMJNOTSTOP,int64,47299,9,0,0.0,SUBSTANCE USE DISORDER,,Predictor candidato,UNABLE TO CUT/STOP MJ USE MORE THAN ONE TIME PAST 12 MOS,DPMJCANT,1,True,Original u otra
UDMJWSHSTOP,int64,47299,9,0,0.0,SUBSTANCE USE DISORDER,,Predictor candidato,OFTEN WISH CUT DOWN OR STOP MJ USE PAST 12 MOS,DPMJWISH,1,True,Original u otra
UDMJHLTHPRB,int64,47299,8,0,0.0,SUBSTANCE USE DISORDER,,Predictor candidato,ANY LONG-LASTING PHYS PRBS CAUSED/WORSND BY MJ PST 12 MOS,DPMJPHYS,1,True,Original u otra
UDMJHLTHCTD,int64,47299,9,0,0.0,SUBSTANCE USE DISORDER,,Predictor candidato,CONTD TO USE MARIJUANA DESPITE MJ CAUSE/WORSEN PHYS PRBS,DPMJPCNT,1,True,Original u otra
UDMJMNTLPRB,int64,47299,9,0,0.0,SUBSTANCE USE DISORDER,,Predictor candidato,ANY EMOT/MNTL HLTH PRBS CAUSED/WORSND BY MJ PAST 12 MOS,DPMJMNTL,1,True,Original u otra
UDMJMNTLCTD,int64,47299,8,0,0.0,SUBSTANCE USE DISORDER,,Predictor candidato,CONTD MARIJUANA USE DESPITE MJ CSE/WRSN EMOT/MNTL HLTH PRBS,DPMJMCNT,1,True,Original u otra
UDMJSTOPACT,int64,47299,8,0,0.0,SUBSTANCE USE DISORDER,,Predictor candidato,LESS ACTIVITIES B/C OF MARIJUANA USE PAST 12 MOS,DPMJACTV,1,True,Original u otra
UDMJWORKPRB,int64,47299,8,0,0.0,SUBSTANCE USE DISORDER,,Predictor candidato,MARIJUANA CAUSE SERIOUS PRBS AT HOME/WORK/SCH PST 12 MOS,DPMJSERI,1,True,Original u otra
UDMJFMLYPRB,int64,47299,8,0,0.0,SUBSTANCE USE DISORDER,,Predictor candidato,MARIJUANA CAUSE ARGUMENTS/PROBS W/FAMILY/FRIENDS PST 12 MOS,DPMJARGU,1,True,Original u otra
UDMJFMLYCTD,int64,47299,9,0,0.0,SUBSTANCE USE DISORDER,,Predictor candidato,CONTD MARIJUANA USE DESPITE MJ CAUSE ARGUMENTS W/FAM/FRNDS,DPMJACNT,1,True,Original u otra
UDMJGETHURT,int64,47299,8,0,0.0,SUBSTANCE USE DISORDER,,Predictor candidato,MARIJUANA USE INCREASED CHANCE GETTING HURT PST 12 MOS,DPMJHURT,1,True,Original u otra
UDMJWDANGRY,int64,47299,8,0,0.0,SUBSTANCE USE DISORDER,,Predictor candidato,FEELING IRRITABLE OR ANGRY-MJ WITHDRAWAL SYMPTOM PST 12 MOS,DPMJWD1,1,True,Original u otra
UDMJWDFLANX,int64,47299,8,0,0.0,SUBSTANCE USE DISORDER,,Predictor candidato,FEELING ANXIOUS/NERVOUS - MJ WITHDRAWAL SYMPTOM PST 12 MOS,DPMJWD2,1,True,Original u otra
UDMJWDSLEEP,int64,47299,8,0,0.0,SUBSTANCE USE DISORDER,,Predictor candidato,HAVING TROUBLE SLEEPING - MJ WITHDRAWAL SYMPTOM PST 12 MOS,DPMJWD3,1,True,Original u otra
UDMJWDAPPET,int64,47299,8,0,0.0,SUBSTANCE USE DISORDER,,Predictor candidato,LOSING APPETITE OR WEIGHT - MJ WITHDRAWAL SYMPTOM PST 12 MOS,DPMJWD4,1,True,Original u otra
UDMJWDSITST,int64,47299,8,0,0.0,SUBSTANCE USE DISORDER,,Predictor candidato,COULDN'T SIT STILL - MJ WITHDRAWAL SYMPTOM PST 12 MOS,DPMJWD5,1,True,Original u otra
UDMJWDDEPRS,int64,47299,8,0,0.0,SUBSTANCE USE DISORDER,,Predictor candidato,FEELING DEPRESSED - MJ WITHDRAWAL SYMPTOM PST 12 MOS,DPMJWD6,1,True,Original u otra
UDMJWDSTMCH,int64,47299,8,0,0.0,SUBSTANCE USE DISORDER,,Predictor candidato,STOMACH ACHE - MJ WITHDRAWAL SYMPTOM PST 12 MOS,DPMJWD7,1,True,Original u otra
UDMJWDSHAKE,int64,47299,8,0,0.0,SUBSTANCE USE DISORDER,,Predictor candidato,SHAKING OR TREMORS - MJ WITHDRAWAL SYMPTOM PST 12 MOS,DPMJWD8,1,True,Original u otra
UDMJWDSWEAT,int64,47299,8,0,0.0,SUBSTANCE USE DISORDER,,Predictor candidato,SWEATING - MJ WITHDRAWAL SYMPTOM PST 12 MOS,DPMJWD9,1,True,Original u otra
UDMJWDFEVER,int64,47299,8,0,0.0,SUBSTANCE USE DISORDER,,Predictor candidato,FEVER - MJ WITHDRAWAL SYMPTOM PST 12 MOS,DPMJWD10,1,True,Original u otra
UDMJWDCHILL,int64,47299,8,0,0.0,SUBSTANCE USE DISORDER,,Predictor candidato,CHILLS - MJ WITHDRAWAL SYMPTOM PST 12 MOS,DPMJWD11,1,True,Original u otra
UDMJWDHEDAC,int64,47299,8,0,0.0,SUBSTANCE USE DISORDER,,Predictor candidato,HEADACHE - MJ WITHDRAWAL SYMPTOM PST 12 MOS,DPMJWD12,1,True,Original u otra
UDMJAVOIDWD,int64,47299,8,0,0.0,SUBSTANCE USE DISORDER,,Predictor candidato,USE MJ/DRG TO GET OVER/AVOID MJ WITHDRAWAL IN PST 12 MOS,DPMJOVER,1,True,Original u otra
UDMJAVWMARJ,int64,47299,8,0,0.0,SUBSTANCE USE DISORDER,,Predictor candidato,USED MARIJUANA TO GET OVER/AVOID MJ WITHDRAWAL IN PST 12 MOS,DPMJUSE_1,1,True,Original u otra
UDMJAVWOTHR,int64,47299,8,0,0.0,SUBSTANCE USE DISORDER,,Predictor candidato,USED SOMETHING ELSE TO GET OVR/AVD MJ WITHDRAWAL PST 12 MOS,DPMJUSE_2,1,True,Original u otra
UDCCTIMEUSE,int64,47299,8,0,0.0,SUBSTANCE USE DISORDER,,Predictor candidato,SPENT GREAT DEAL OF TIME USING/FEEL EFF OF COCAINE PST 12MOS,DPCCFEEL,1,True,Original u otra
UDCCTIMEGET,int64,47299,8,0,0.0,SUBSTANCE USE DISORDER,,Predictor candidato,SPENT GREAT DEAL TIME TRY TO GET/GETTING COCAINE PST 12 MOS,DPCCGET,1,True,Original u otra
UDCCLRGAMTS,int64,47299,9,0,0.0,SUBSTANCE USE DISORDER,,Predictor candidato,USED COC LARGER AMTS OR LONGER TIME THAN MEANT TO PST 12 MOS,DPCCLRGR,1,True,Original u otra
UDCCWANTBAD,int64,47299,8,0,0.0,SUBSTANCE USE DISORDER,,Predictor candidato,WANTED TO USE COCAINE SO BADLY IN PAST 12 MOS,DPCCBDLY,1,True,Original u otra
UDCCSTRURGE,int64,47299,10,0,0.0,SUBSTANCE USE DISORDER,,Predictor candidato,STRONG URGE TO USE COCAINE IN PAST 12 MOS,DPCCURGE,1,True,Original u otra
UDCCNEEDMOR,int64,47299,9,0,0.0,SUBSTANCE USE DISORDER,,Predictor candidato,NEEDED A LOT MORE COCAINE TO GET FEELING YOU WANT,DPCCMORE,1,True,Original u otra
UDCCLESSEFF,int64,47299,10,0,0.0,SUBSTANCE USE DISORDER,,Predictor candidato,SAME AMT COCAINE HAS LESS EFFECT THAN IT USED TO,DPCCLESS,1,True,Original u otra
UDCCTRYSTOP,int64,47299,9,0,0.0,SUBSTANCE USE DISORDER,,Predictor candidato,TRY TO CUT DOWN/STOP COCAINE USE IN PAST 12 MOS,DPCCSTOP,1,True,Original u otra
UDCCNOTSTOP,int64,47299,8,0,0.0,SUBSTANCE USE DISORDER,,Predictor candidato,UNABLE TO CUT/STOP COCAINE MORE THAN ONE TIME PAST 12 MOS,DPCCCANT,1,True,Original u otra
UDCCWSHSTOP,int64,47299,10,0,0.0,SUBSTANCE USE DISORDER,,Predictor candidato,OFTEN WISH CUT DOWN OR STOP COCAINE USE PAST 12 MOS,DPCCWISH,1,True,Original u otra
UDCCHLTHPRB,int64,47299,9,0,0.0,SUBSTANCE USE DISORDER,,Predictor candidato,ANY LONG-LASTING PHYS PRBS CAUSED/WORSND BY COC PST 12 MOS,DPCCPHYS,1,True,Original u otra
UDCCHLTHCTD,int64,47299,8,0,0.0,SUBSTANCE USE DISORDER,,Predictor candidato,CONTD TO USE COCAINE DESPITE COCAINE CAUSE/WORSEN PHYS PRBS,DPCCPCNT,1,True,Original u otra
UDCCMNTLPRB,int64,47299,9,0,0.0,SUBSTANCE USE DISORDER,,Predictor candidato,ANY EMOT/MNTL HLTH PRBS CAUSED/WORSND BY COCAINE PAST 12 MOS,DPCCMNTL,1,True,Original u otra
UDCCMNTLCTD,int64,47299,7,0,0.0,SUBSTANCE USE DISORDER,,Predictor candidato,CONTD COCAINE USE DESPITE COC CSE/WRSN EMOT/MNTL HLTH PRBS,DPCCMCNT,1,True,Original u otra
UDCCSTOPACT,int64,47299,9,0,0.0,SUBSTANCE USE DISORDER,,Predictor candidato,LESS ACTIVITIES B/C OF COCAINE USE PAST 12 MOS,DPCCACTV,1,True,Original u otra
UDCCWORKPRB,int64,47299,8,0,0.0,SUBSTANCE USE DISORDER,,Predictor candidato,COCAINE CAUSE SERIOUS PRBS AT HOME/WORK/SCH PST 12 MOS,DPCCSERI,1,True,Original u otra
UDCCFMLYPRB,int64,47299,8,0,0.0,SUBSTANCE USE DISORDER,,Predictor candidato,COCAINE CAUSE ARGUMENTS/PROBS W/FAMILY/FRIENDS PST 12 MOS,DPCCARGU,1,True,Original u otra
UDCCFMLYCTD,int64,47299,7,0,0.0,SUBSTANCE USE DISORDER,,Predictor candidato,CONTD COCAINE USE DESPITE COC CAUSE ARGUMENTS W/FAM/FRNDS,DPCCACNT,1,True,Original u otra
UDCCGETHURT,int64,47299,9,0,0.0,SUBSTANCE USE DISORDER,,Predictor candidato,COCAINE USE INCREASED CHANCE GETTING HURT PST 12 MOS,DPCCHURT,1,True,Original u otra
UDCCWDFLBLU,int64,47299,9,0,0.0,SUBSTANCE USE DISORDER,,Predictor candidato,FELT BLUE OR DOWN AFTER USING LESS OR STOPPING COCAINE,DPCCBLUE,1,True,Original u otra
UDCCWDTIRED,int64,47299,8,0,0.0,SUBSTANCE USE DISORDER,,Predictor candidato,FEELING TIRED/EXHAUSTED - COC WITHDRAWAL SYMPTOM PST 12 MOS,DPCCWD_1,1,True,Original u otra
UDCCWDDREAM,int64,47299,8,0,0.0,SUBSTANCE USE DISORDER,,Predictor candidato,HAVING BAD DREAMS - COC WITHDRAWAL SYMPTOM PST 12 MOS,DPCCWD_2,1,True,Original u otra
UDCCWDSLEEP,int64,47299,8,0,0.0,SUBSTANCE USE DISORDER,,Predictor candidato,TROUBLE/MORE SLEEPING - COC WITHDRAWAL SYMPTOM PST 12 MOS,DPCCWD_3,1,True,Original u otra
UDCCWDHNGRY,int64,47299,8,0,0.0,SUBSTANCE USE DISORDER,,Predictor candidato,FEELING HUNGRY - COC WITHDRAWAL SYMPTOM PST 12 MOS,DPCCWD_4,1,True,Original u otra
UDCCWDSITST,int64,47299,8,0,0.0,SUBSTANCE USE DISORDER,,Predictor candidato,SLOWED DOWN/RESTLESS - COC WITHDRAWAL SYMPTOM PST 12 MOS,DPCCWD_5,1,True,Original u otra
UDCCAVOIDWD,int64,47299,9,0,0.0,SUBSTANCE USE DISORDER,,Predictor candidato,USE COC/OTH DRUG TO GET OVER/AVOID COC WITHDRAWAL PST 12 MOS,DPCCOVER,1,True,Original u otra
UDCCAVWCOCN,int64,47299,9,0,0.0,SUBSTANCE USE DISORDER,,Predictor candidato,USED COCAINE TO GET OVER/AVOID COC WITHDRAWAL IN PST 12 MOS,DPCCUSE_1,1,True,Original u otra
UDCCAVWMETH,int64,47299,9,0,0.0,SUBSTANCE USE DISORDER,,Predictor candidato,USED METH TO GET OVER/AVOID COC WITHDRAWAL IN PST 12 MOS,DPCCUSE_2,1,True,Original u otra
UDCCAVWSTIM,int64,47299,9,0,0.0,SUBSTANCE USE DISORDER,,Predictor candidato,USED STM TO GET OVER/AVOID COC WITHDRAWAL IN PST 12 MOS,DPCCUSE_3,1,True,Original u otra
UDCCAVWOTHR,int64,47299,9,0,0.0,SUBSTANCE USE DISORDER,,Predictor candidato,USED SOMETHING ELSE TO GET OVR/AVD COC WITHDRAWAL PST 12 MOS,DPCCUSE_4,1,True,Original u otra
UDHETIMEUSE,int64,47299,7,0,0.0,SUBSTANCE USE DISORDER,,Predictor candidato,SPENT GREAT DEAL OF TIME USING/FEEL EFF OF HEROIN PST 12 MOS,DPHEFEEL,1,True,Original u otra
UDHETIMEGET,int64,47299,8,0,0.0,SUBSTANCE USE DISORDER,,Predictor candidato,SPENT GREAT DEAL TIME TRY TO GET/GETTING HEROIN PST 12 MOS,DPHEGET,1,True,Original u otra
UDHELRGAMTS,int64,47299,7,0,0.0,SUBSTANCE USE DISORDER,,Predictor candidato,USED HER LARGER AMTS OR LONGER TIME THAN MEANT TO PST 12 MOS,DPHELRGR,1,True,Original u otra
UDHEWANTBAD,int64,47299,7,0,0.0,SUBSTANCE USE DISORDER,,Predictor candidato,WANTED TO USE HEROIN SO BADLY IN PAST 12 MOS,DPHEBDLY,1,True,Original u otra
UDHESTRURGE,int64,47299,9,0,0.0,SUBSTANCE USE DISORDER,,Predictor candidato,STRONG URGE TO USE HEROIN IN PAST 12 MOS,DPHEURGE,1,True,Original u otra
UDHENEEDMOR,int64,47299,8,0,0.0,SUBSTANCE USE DISORDER,,Predictor candidato,NEEDED A LOT MORE HEROIN TO GET FEELING YOU WANT,DPHEMORE,1,True,Original u otra
UDHELESSEFF,int64,47299,8,0,0.0,SUBSTANCE USE DISORDER,,Predictor candidato,SAME AMT HEROIN HAS LESS EFFECT THAN IT USED TO,DPHELESS,1,True,Original u otra
UDHETRYSTOP,int64,47299,7,0,0.0,SUBSTANCE USE DISORDER,,Predictor candidato,TRY TO CUT DOWN/STOP HEROIN USE IN PAST 12 MOS,DPHESTOP,1,True,Original u otra
UDHENOTSTOP,int64,47299,8,0,0.0,SUBSTANCE USE DISORDER,,Predictor candidato,UNABLE TO CUT/STOP HEROIN USE MORE THAN ONE TIME PAST 12 MOS,DPHECANT,1,True,Original u otra
UDHEWSHSTOP,int64,47299,8,0,0.0,SUBSTANCE USE DISORDER,,Predictor candidato,OFTEN WISH CUT DOWN OR STOP HEROIN USE PAST 12 MOS,DPHEWISH,1,True,Original u otra
UDHEHLTHPRB,int64,47299,7,0,0.0,SUBSTANCE USE DISORDER,,Predictor candidato,ANY LONG-LASTING PHYS PRBS CAUSED/WORSND BY HEROIN PST 12MOS,DPHEPHYS,1,True,Original u otra
UDHEHLTHCTD,int64,47299,7,0,0.0,SUBSTANCE USE DISORDER,,Predictor candidato,CONTD TO USE HEROIN DESPITE HEROIN CAUSE/WORSEN PHYS PRBS,DPHEPCNT,1,True,Original u otra
UDHEMNTLPRB,int64,47299,8,0,0.0,SUBSTANCE USE DISORDER,,Predictor candidato,ANY EMOT/MNTL HLTH PRBS CAUSED/WORSND BY HEROIN PAST 12 MOS,DPHEMNTL,1,True,Original u otra
UDHEMNTLCTD,int64,47299,7,0,0.0,SUBSTANCE USE DISORDER,,Predictor candidato,CONTD HEROIN USE DESPITE HEROIN CSE/WRSN EMOT/MNTL HLTH PRBS,DPHEMCNT,1,True,Original u otra
UDHESTOPACT,int64,47299,7,0,0.0,SUBSTANCE USE DISORDER,,Predictor candidato,LESS ACTIVITIES B/C OF HEROIN USE PAST 12 MOS,DPHEACTV,1,True,Original u otra
UDHEWORKPRB,int64,47299,7,0,0.0,SUBSTANCE USE DISORDER,,Predictor candidato,HEROIN CAUSE SERIOUS PRBS AT HOME/WORK/SCH PST 12 MOS,DPHESERI,1,True,Original u otra
UDHEFMLYPRB,int64,47299,7,0,0.0,SUBSTANCE USE DISORDER,,Predictor candidato,HEROIN CAUSE ARGUMENTS/PROBS W/FAMILY/FRIENDS PST 12 MOS,DPHEARGU,1,True,Original u otra
UDHEFMLYCTD,int64,47299,7,0,0.0,SUBSTANCE USE DISORDER,,Predictor candidato,CONTD HEROIN DESPITE HEROIN CAUSE ARGUMENTS W/FAM/FRNDS,DPHEACNT,1,True,Original u otra
UDHEGETHURT,int64,47299,7,0,0.0,SUBSTANCE USE DISORDER,,Predictor candidato,HEROIN INCREASED CHANCE GETTING HURT PST 12 MOS,DPHEHURT,1,True,Original u otra
UDHEWDFLBLU,int64,47299,7,0,0.0,SUBSTANCE USE DISORDER,,Predictor candidato,FEELING BLUE/DOWN - HEROIN WITHDRAWAL SYMPTOM PST 12 MOS,DPHEWD_1,1,True,Original u otra
UDHEWDVOMIT,int64,47299,7,0,0.0,SUBSTANCE USE DISORDER,,Predictor candidato,VOMITING/NAUSEOUS - HEROIN WITHDRAWAL SYMPTOM PST 12 MOS,DPHEWD_2,1,True,Original u otra
UDHEWDCRAMP,int64,47299,7,0,0.0,SUBSTANCE USE DISORDER,,Predictor candidato,HAVING MUSCLE CRAMPS/ACHES-HER WITHDRAWAL SYMPTOM PST 12 MOS,DPHEWD_3,1,True,Original u otra
UDHEWDRUNNY,int64,47299,8,0,0.0,SUBSTANCE USE DISORDER,,Predictor candidato,TEARY EYES/RUNNY NOSE - HER WITHDRAWAL SYMPTOM PST 12 MOS,DPHEWD_4,1,True,Original u otra
UDHEWDSWEAT,int64,47299,7,0,0.0,SUBSTANCE USE DISORDER,,Predictor candidato,SWEATY/LRG PUPILS/HAIR STNDING UP-HER W/DRWAL SYM PST 12 MOS,DPHEWD_5,1,True,Original u otra
UDHEWDDIARR,int64,47299,8,0,0.0,SUBSTANCE USE DISORDER,,Predictor candidato,HAVING DIARRHEA - HEROIN WITHDRAWAL SYMPTOM PST 12 MOS,DPHEWD_6,1,True,Original u otra
UDHEWDYAWNS,int64,47299,7,0,0.0,SUBSTANCE USE DISORDER,,Predictor candidato,YAWNING - HEROIN WITHDRAWAL SYMPTOM PST 12 MOS,DPHEWD_7,1,True,Original u otra
UDHEWDFEVER,int64,47299,8,0,0.0,SUBSTANCE USE DISORDER,,Predictor candidato,HAVING FEVER - HEROIN WITHDRAWAL SYMPTOM PST 12 MOS,DPHEWD_8,1,True,Original u otra
UDHEWDSLEEP,int64,47299,8,0,0.0,SUBSTANCE USE DISORDER,,Predictor candidato,HAVING TRBL SLEEPING - HEROIN WITHDRAWAL SYMPTOM PST 12 MOS,DPHEWD_9,1,True,Original u otra
UDHEAVOIDWD,int64,47299,7,0,0.0,SUBSTANCE USE DISORDER,,Predictor candidato,USE HEROIN TO GET OVER/AVOID HEROIN WITHDRAWAL IN PST 12 MOS,DPHEOVER,1,True,Original u otra
UDHEAVWHERN,int64,47299,7,0,0.0,SUBSTANCE USE DISORDER,,Predictor candidato,USED HEROIN TO GET OVER/AVOID HER WITHDRAWAL IN PST 12 MOS,DPHEUSE_1,1,True,Original u otra
UDHEAVWPNRL,int64,47299,8,0,0.0,SUBSTANCE USE DISORDER,,Predictor candidato,USED PN RLVR TO GET OVER/AVOID HER WITHDRAWAL IN PST 12 MOS,DPHEUSE_2,1,True,Original u otra
UDHEAVWOTHR,int64,47299,7,0,0.0,SUBSTANCE USE DISORDER,,Predictor candidato,USED SOMETHING ELSE TO GET OVR/AVD HER WITHDRAWAL PST 12 MOS,DPHEUSE_3,1,True,Original u otra
UDHATIMEUSE,int64,47299,8,0,0.0,SUBSTANCE USE DISORDER,,Predictor candidato,SPENT GREAT DEAL OF TIME USING/FEEL EFF OF HAL PST 12 MOS,DPHAFEEL,1,True,Original u otra
UDHATIMEGET,int64,47299,9,0,0.0,SUBSTANCE USE DISORDER,,Predictor candidato,SPENT GREAT DEAL TIME TRY TO GET/GETTING HAL IN PST 12 MOS,DPHAGET,1,True,Original u otra
UDHALRGAMTS,int64,47299,8,0,0.0,SUBSTANCE USE DISORDER,,Predictor candidato,USED HAL LARGER AMTS OR LONGER TIME THAN MEANT TO PST 12 MOS,DPHALRGR,1,True,Original u otra
UDHAWANTBAD,int64,47299,8,0,0.0,SUBSTANCE USE DISORDER,,Predictor candidato,WANTED TO USE HALLUC SO BADLY IN PAST 12 MOS,DPHABDLY,1,True,Original u otra
UDHASTRURGE,int64,47299,9,0,0.0,SUBSTANCE USE DISORDER,,Predictor candidato,STRONG URGE TO USE HALLUC IN PAST 12 MOS,DPHAURGE,1,True,Original u otra
UDHANEEDMOR,int64,47299,8,0,0.0,SUBSTANCE USE DISORDER,,Predictor candidato,NEEDED A LOT MORE HALLUC TO GET FEELING YOU WANT,DPHAMORE,1,True,Original u otra
UDHALESSEFF,int64,47299,9,0,0.0,SUBSTANCE USE DISORDER,,Predictor candidato,SAME AMT HALLUC HAS LESS EFFECT THAN IT USED TO,DPHALESS,1,True,Original u otra
UDHATRYSTOP,int64,47299,8,0,0.0,SUBSTANCE USE DISORDER,,Predictor candidato,TRY TO CUT DOWN/STOP HALLUC USE IN PAST 12 MOS,DPHASTOP,1,True,Original u otra
UDHANOTSTOP,int64,47299,7,0,0.0,SUBSTANCE USE DISORDER,,Predictor candidato,UNABLE TO CUT/STOP HALLUC MORE THAN ONE TIME PAST 12 MOS,DPHACANT,1,True,Original u otra
UDHAWSHSTOP,int64,47299,9,0,0.0,SUBSTANCE USE DISORDER,,Predictor candidato,OFTEN WISH CUT DOWN OR STOP HALLUC PAST 12 MOS,DPHAWISH,1,True,Original u otra
UDHAHLTHPRB,int64,47299,8,0,0.0,SUBSTANCE USE DISORDER,,Predictor candidato,ANY LONG-LASTING PHYS PRBS CAUSED/WORSND BY HAL PST 12 MOS,DPHAPHYS,1,True,Original u otra
UDHAHLTHCTD,int64,47299,7,0,0.0,SUBSTANCE USE DISORDER,,Predictor candidato,CONTD TO USE HALLUC DESPITE HALLUC CAUSE/WORSEN PHYS PRBS,DPHAPCNT,1,True,Original u otra
UDHAMNTLPRB,int64,47299,9,0,0.0,SUBSTANCE USE DISORDER,,Predictor candidato,ANY EMOT/MNTL HLTH PRBS CAUSED/WORSND BY HALLUC PAST 12 MOS,DPHAMNTL,1,True,Original u otra
UDHAMNTLCTD,int64,47299,7,0,0.0,SUBSTANCE USE DISORDER,,Predictor candidato,CONTD HALLUC USE DESPITE HAL CSE/WRSN EMOT/MNTL HLTH PRBS,DPHAMCNT,1,True,Original u otra
UDHASTOPACT,int64,47299,8,0,0.0,SUBSTANCE USE DISORDER,,Predictor candidato,LESS ACTIVITIES B/C OF HALLUC USE PAST 12 MOS,DPHAACTV,1,True,Original u otra
UDHAWORKPRB,int64,47299,8,0,0.0,SUBSTANCE USE DISORDER,,Predictor candidato,HALLUC CAUSE SERIOUS PRBS AT HOME/WORK/SCH PST 12 MOS,DPHASERI,1,True,Original u otra
UDHAFMLYPRB,int64,47299,8,0,0.0,SUBSTANCE USE DISORDER,,Predictor candidato,HALLUC CAUSE ARGUMENTS/PROBS W/FAMILY/FRIENDS PST 12 MOS,DPHAARGU,1,True,Original u otra
UDHAFMLYCTD,int64,47299,7,0,0.0,SUBSTANCE USE DISORDER,,Predictor candidato,CONTD HALLUC USE DESPITE HAL CAUSE ARGUMENTS W/FAM/FRNDS,DPHAACNT,1,True,Original u otra
UDHAGETHURT,int64,47299,8,0,0.0,SUBSTANCE USE DISORDER,,Predictor candidato,HALLUC USE INCREASED CHANCE GETTING HURT PST 12 MOS,DPHAHURT,1,True,Original u otra
UDINTIMEUSE,int64,47299,8,0,0.0,SUBSTANCE USE DISORDER,,Predictor candidato,SPENT GREAT DEAL OF TIME USING/FEEL EFF OF INH PST 12 MOS,DPINFEEL,1,True,Original u otra
UDINTIMEGET,int64,47299,8,0,0.0,SUBSTANCE USE DISORDER,,Predictor candidato,SPENT GREAT DEAL TIME TRY TO GET/GETTING INH IN PST 12 MOS,DPINGET,1,True,Original u otra
UDINLRGAMTS,int64,47299,8,0,0.0,SUBSTANCE USE DISORDER,,Predictor candidato,USED INH LARGER AMTS OR LONGER TIME THAN MEANT TO PST 12 MOS,DPINLRGR,1,True,Original u otra
UDINWANTBAD,int64,47299,8,0,0.0,SUBSTANCE USE DISORDER,,Predictor candidato,WANTED TO USE INHALANTS SO BADLY IN PAST 12 MOS,DPINBDLY,1,True,Original u otra
UDINSTRURGE,int64,47299,8,0,0.0,SUBSTANCE USE DISORDER,,Predictor candidato,STRONG URGE TO USE INHALANTS IN PAST 12 MOS,DPINURGE,1,True,Original u otra
UDINNEEDMOR,int64,47299,8,0,0.0,SUBSTANCE USE DISORDER,,Predictor candidato,NEEDED A LOT MORE INHALANTS TO GET FEELING YOU WANT,DPINMORE,1,True,Original u otra
UDINLESSEFF,int64,47299,8,0,0.0,SUBSTANCE USE DISORDER,,Predictor candidato,SAME AMT INHALANTS HAS LESS EFFECT THAN IT USED TO,DPINLESS,1,True,Original u otra
UDINTRYSTOP,int64,47299,8,0,0.0,SUBSTANCE USE DISORDER,,Predictor candidato,TRY TO CUT DOWN/STOP INHALANT USE IN PAST 12 MOS,DPINSTOP,1,True,Original u otra
UDINNOTSTOP,int64,47299,9,0,0.0,SUBSTANCE USE DISORDER,,Predictor candidato,UNABLE TO CUT/STOP INH USE MORE THAN ONE TIME PAST 12 MOS,DPINCANT,1,True,Original u otra
UDINWSHSTOP,int64,47299,8,0,0.0,SUBSTANCE USE DISORDER,,Predictor candidato,OFTEN WISH CUT DOWN OR STOP INH USE PAST 12 MOS,DPINWISH,1,True,Original u otra
UDINHLTHPRB,int64,47299,8,0,0.0,SUBSTANCE USE DISORDER,,Predictor candidato,ANY LONG-LASTING PHYS PRBS CAUSED/WORSND BY INH PST 12 MOS,DPINPHYS,1,True,Original u otra
UDINHLTHCTD,int64,47299,8,0,0.0,SUBSTANCE USE DISORDER,,Predictor candidato,CONTD TO USE INHALANTS DESPITE INH CAUSE/WORSEN PHYS PRBS,DPINPCNT,1,True,Original u otra
UDINMNTLPRB,int64,47299,8,0,0.0,SUBSTANCE USE DISORDER,,Predictor candidato,ANY EMOT/MNTL HLTH PRBS CAUSED/WORSND BY INH PAST 12 MOS,DPINMNTL,1,True,Original u otra
UDINMNTLCTD,int64,47299,7,0,0.0,SUBSTANCE USE DISORDER,,Predictor candidato,CONTD INH USE DESPITE INH CSE/WRSN EMOT/MNTL HLTH PRBS,DPINMCNT,1,True,Original u otra
UDINSTOPACT,int64,47299,8,0,0.0,SUBSTANCE USE DISORDER,,Predictor candidato,LESS ACTIVITIES B/C OF INHALANT USE PAST 12 MOS,DPINACTV,1,True,Original u otra
UDINWORKPRB,int64,47299,8,0,0.0,SUBSTANCE USE DISORDER,,Predictor candidato,INHALANTS CAUSE SERIOUS PRBS AT HOME/WORK/SCH PST 12 MOS,DPINSERI,1,True,Original u otra
UDINFMLYPRB,int64,47299,8,0,0.0,SUBSTANCE USE DISORDER,,Predictor candidato,INHALANTS CAUSE ARGUMENTS/PROBS W/FAMILY/FRIENDS PST 12 MOS,DPINARGU,1,True,Original u otra
UDINFMLYCTD,int64,47299,7,0,0.0,SUBSTANCE USE DISORDER,,Predictor candidato,CONTD INHALANT USE DESPITE INH CAUSE ARGUMENTS W/FAM/FRNDS,DPINACNT,1,True,Original u otra
UDINGETHURT,int64,47299,8,0,0.0,SUBSTANCE USE DISORDER,,Predictor candidato,INHALANT USE INCREASED CHANCE GETTING HURT PST 12 MOS,DPINHURT,1,True,Original u otra
UDMETIMEUSE,int64,47299,6,0,0.0,SUBSTANCE USE DISORDER,,Predictor candidato,SPENT GREAT DEAL OF TIME USING/FEEL EFF OF METH PST 12 MOS,DPMEFEEL,1,True,Original u otra
UDMETIMEGET,int64,47299,8,0,0.0,SUBSTANCE USE DISORDER,,Predictor candidato,SPENT GREAT DEAL TIME TRY TO GET/GETTING METH IN PST 12 MOS,DPMEGET,1,True,Original u otra
UDMELRGAMTS,int64,47299,6,0,0.0,SUBSTANCE USE DISORDER,,Predictor candidato,USED METH LARGER AMTS OR LONGER TIME THAN MEANT TO PST 12 MO,DPMELRGR,1,True,Original u otra
UDMEWANTBAD,int64,47299,7,0,0.0,SUBSTANCE USE DISORDER,,Predictor candidato,WANTED TO USE METH SO BADLY IN PAST 12 MOS,DPMEBDLY,1,True,Original u otra
UDMESTRURGE,int64,47299,7,0,0.0,SUBSTANCE USE DISORDER,,Predictor candidato,STRONG URGE TO USE METH IN PAST 12 MOS,DPMEURGE,1,True,Original u otra
UDMENEEDMOR,int64,47299,6,0,0.0,SUBSTANCE USE DISORDER,,Predictor candidato,NEEDED A LOT MORE METH TO GET FEELING YOU WANT,DPMEMORE,1,True,Original u otra
UDMELESSEFF,int64,47299,7,0,0.0,SUBSTANCE USE DISORDER,,Predictor candidato,SAME AMT METH HAS LESS EFFECT THAN IT USED TO,DPMELESS,1,True,Original u otra
UDMETRYSTOP,int64,47299,6,0,0.0,SUBSTANCE USE DISORDER,,Predictor candidato,TRY TO CUT DOWN/STOP METH USE IN PAST 12 MOS,DPMESTOP,1,True,Original u otra
UDMENOTSTOP,int64,47299,8,0,0.0,SUBSTANCE USE DISORDER,,Predictor candidato,UNABLE TO CUT/STOP METH MORE THAN ONE TIME PAST 12 MOS,DPMECANT,1,True,Original u otra
UDMEWSHSTOP,int64,47299,8,0,0.0,SUBSTANCE USE DISORDER,,Predictor candidato,OFTEN WISH CUT DOWN OR STOP METH USE PAST 12 MOS,DPMEWISH,1,True,Original u otra
UDMEHLTHPRB,int64,47299,6,0,0.0,SUBSTANCE USE DISORDER,,Predictor candidato,ANY LONG-LASTING PHYS PRBS CAUSED/WORSND BY METH PST 12 MOS,DPMEPHYS,1,True,Original u otra
UDMEHLTHCTD,int64,47299,7,0,0.0,SUBSTANCE USE DISORDER,,Predictor candidato,CONTD TO USE METH DESPITE METH CAUSE/WORSEN PHYS PRBS,DPMEPCNT,1,True,Original u otra
UDMEMNTLPRB,int64,47299,8,0,0.0,SUBSTANCE USE DISORDER,,Predictor candidato,ANY EMOT/MNTL HLTH PRBS CAUSED/WORSND BY METH PAST 12 MOS,DPMEMNTL,1,True,Original u otra
UDMEMNTLCTD,int64,47299,8,0,0.0,SUBSTANCE USE DISORDER,,Predictor candidato,CONTD METH USE DESPITE METH CSE/WRSN EMOT/MNTL HLTH PRBS,DPMEMCNT,1,True,Original u otra
UDMESTOPACT,int64,47299,6,0,0.0,SUBSTANCE USE DISORDER,,Predictor candidato,LESS ACTIVITIES B/C OF METH USE PAST 12 MOS,DPMEACTV,1,True,Original u otra
UDMEWORKPRB,int64,47299,6,0,0.0,SUBSTANCE USE DISORDER,,Predictor candidato,METH CAUSE SERIOUS PRBS AT HOME/WORK/SCH PST 12 MOS,DPMESERI,1,True,Original u otra
UDMEFMLYPRB,int64,47299,6,0,0.0,SUBSTANCE USE DISORDER,,Predictor candidato,METH CAUSE ARGUMENTS/PROBS W/FAMILY/FRIENDS PST 12 MOS,DPMEARGU,1,True,Original u otra
UDMEFMLYCTD,int64,47299,7,0,0.0,SUBSTANCE USE DISORDER,,Predictor candidato,CONTD METH USE DESPITE METH CAUSE ARGUMENTS W/FAM/FRNDS,DPMEACNT,1,True,Original u otra
UDMEGETHURT,int64,47299,6,0,0.0,SUBSTANCE USE DISORDER,,Predictor candidato,METH INCREASED CHANCE GETTING HURT PST 12 MOS,DPMEHURT,1,True,Original u otra
UDMEWDFLBLU,int64,47299,6,0,0.0,SUBSTANCE USE DISORDER,,Predictor candidato,FELT BLUE OR DOWN AFTER USING LESS OR STOPPING METH,DPMEBLUE,1,True,Original u otra
UDMEWDTIRED,int64,47299,7,0,0.0,SUBSTANCE USE DISORDER,,Predictor candidato,FEELING TIRED/EXHAUSTED - METH WITHDRAWAL SYMPTOM PST 12 MOS,DPMEWD_1,1,True,Original u otra
UDMEWDDREAM,int64,47299,7,0,0.0,SUBSTANCE USE DISORDER,,Predictor candidato,HAVING BAD DREAMS - METH WITHDRAWAL SYMPTOM PST 12 MOS,DPMEWD_2,1,True,Original u otra
UDMEWDSLEEP,int64,47299,7,0,0.0,SUBSTANCE USE DISORDER,,Predictor candidato,TROUBLE/MORE SLEEP - METH WITHDRAWAL SYMPTOM PST 12 MOS,DPMEWD_3,1,True,Original u otra
UDMEWDHNGRY,int64,47299,7,0,0.0,SUBSTANCE USE DISORDER,,Predictor candidato,FEELING HUNGRY -  METH WITHDRAWAL SYMPTOM PST 12 MOS,DPMEWD_4,1,True,Original u otra
UDMEWDSITST,int64,47299,7,0,0.0,SUBSTANCE USE DISORDER,,Predictor candidato,FEELING SLOWED DOWN/RESTLESS -MTH W/DRAWL SYMPTOM PST 12 MOS,DPMEWD_5,1,True,Original u otra
UDMEAVOIDWD,int64,47299,6,0,0.0,SUBSTANCE USE DISORDER,,Predictor candidato,USE METH TO GET OVER/AVOID METH WITHDRAWAL IN PST 12 MOS,DPMEOVER,1,True,Original u otra
UDMEAVWMETH,int64,47299,7,0,0.0,SUBSTANCE USE DISORDER,,Predictor candidato,USED METH TO GET OVER/AVOID METH WITHDRAWAL IN PST 12 MOS,DPMEUSE_1,1,True,Original u otra
UDMEAVWCOCN,int64,47299,7,0,0.0,SUBSTANCE USE DISORDER,,Predictor candidato,USED COC/CRK TO GET OVER/AVOID METH WITHDRAWAL IN PST 12 MOS,DPMEUSE_2,1,True,Original u otra
UDMEAVWSTIM,int64,47299,8,0,0.0,SUBSTANCE USE DISORDER,,Predictor candidato,USED STM TO GET OVER/AVOID METH WITHDRAWAL IN PST 12 MOS,DPMEUSE_3,1,True,Original u otra
UDMEAVWOTHR,int64,47299,7,0,0.0,SUBSTANCE USE DISORDER,,Predictor candidato,USED SOMTHING ELSE TO GET OVR/AVD METH WITHDRAWAL PST 12 MOS,DPMEUSE_4,1,True,Original u otra
UDPRTIMEUSE2,int64,47299,9,0,0.0,SUBSTANCE USE DISORDER,,Predictor candidato,SPENT GREAT DEAL OF TIME USING/FEEL EFF OF PN RLVR PST 12 MO,DPPRFEEL,1,True,Original u otra
UDPRTIMEGET2,int64,47299,10,0,0.0,SUBSTANCE USE DISORDER,,Predictor candidato,SPENT GREAT DEAL TIME TRY TO GET/GETTING PR IN PST 12 MOS,DPPRGET,1,True,Original u otra
UDPRLRGAMTS2,int64,47299,9,0,0.0,SUBSTANCE USE DISORDER,,Predictor candidato,USED PR LARGER AMTS OR LONGER TIME THAN MEANT TO PST 12 MOS,DPPRLRGR,1,True,Original u otra
UDPRWANTBAD2,int64,47299,9,0,0.0,SUBSTANCE USE DISORDER,,Predictor candidato,WANTED TO USE PN RLVR SO BADLY IN PAST 12 MOS,DPPRBDLY,1,True,Original u otra
UDPRSTRURGE2,int64,47299,10,0,0.0,SUBSTANCE USE DISORDER,,Predictor candidato,STRONG URGE TO USE PN RLVR IN PAST 12 MOS,DPPRURGE,1,True,Original u otra
UDPRNEEDMOR2,int64,47299,9,0,0.0,SUBSTANCE USE DISORDER,,Predictor candidato,NEEDED A LOT MORE PN RLVR TO GET FEELING YOU WANT,DPPRMORE,1,True,Original u otra
UDPRLESSEFF2,int64,47299,10,0,0.0,SUBSTANCE USE DISORDER,,Predictor candidato,SAME AMT PN RLVR HAS LESS EFFECT THAN IT USED TO,DPPRLESS,1,True,Original u otra
UDPRTRYSTOP2,int64,47299,9,0,0.0,SUBSTANCE USE DISORDER,,Predictor candidato,TRY TO CUT DOWN/STOP PN RLVR IN PAST 12 MOS,DPPRSTOP,1,True,Original u otra
UDPRNOTSTOP2,int64,47299,10,0,0.0,SUBSTANCE USE DISORDER,,Predictor candidato,UNABLE TO CUT/STOP PN RLVR MORE THAN ONE TIME PAST 12 MOS,DPPRCANT,1,True,Original u otra
UDPRWSHSTOP2,int64,47299,10,0,0.0,SUBSTANCE USE DISORDER,,Predictor candidato,OFTEN WISH CUT DOWN OR STOP PN RLVR PAST 12 MOS,DPPRWISH,1,True,Original u otra
UDPRHLTHPRB2,int64,47299,9,0,0.0,SUBSTANCE USE DISORDER,,Predictor candidato,ANY LONG-LASTING PHYS PRBS CAUSED/WORSND BY PR PST 12 MOS,DPPRPHYS,1,True,Original u otra
UDPRHLTHCTD2,int64,47299,10,0,0.0,SUBSTANCE USE DISORDER,,Predictor candidato,CONTD TO USE PN RLVR DESPITE PN RLVR CAUSE/WORSEN PHYS PRBS,DPPRPCNT,1,True,Original u otra
UDPRMNTLPRB2,int64,47299,10,0,0.0,SUBSTANCE USE DISORDER,,Predictor candidato,ANY EMOT/MNTL HLTH PRBS CAUSED/WORSND BY PN RLVR PAST 12 MOS,DPPRMNTL,1,True,Original u otra
UDPRMNTLCTD2,int64,47299,9,0,0.0,SUBSTANCE USE DISORDER,,Predictor candidato,CONTD PN RLVR USE DESPITE PR CSE/WRSN EMOT/MNTL HLTH PRBS,DPPRMCNT,1,True,Original u otra
UDPRSTOPACT2,int64,47299,9,0,0.0,SUBSTANCE USE DISORDER,,Predictor candidato,LESS ACTIVITIES B/C OF PN RLVR USE PAST 12 MOS,DPPRACTV,1,True,Original u otra
UDPRWORKPRB2,int64,47299,9,0,0.0,SUBSTANCE USE DISORDER,,Predictor candidato,PN RLVR CAUSE SERIOUS PRBS AT HOME/WORK/SCH PST 12 MOS,DPPRSERI,1,True,Original u otra
UDPRFMLYPRB2,int64,47299,9,0,0.0,SUBSTANCE USE DISORDER,,Predictor candidato,PN RLVR CAUSE ARGUMENTS/PROBS W/FAMILY/FRIENDS PST 12 MOS,DPPRARGU,1,True,Original u otra
UDPRFMLYCTD2,int64,47299,9,0,0.0,SUBSTANCE USE DISORDER,,Predictor candidato,CONTD PN RLVR USE DESPITE PR CAUSE ARGUMENTS W/FAM/FRNDS,DPPRACNT,1,True,Original u otra
UDPRGETHURT2,int64,47299,9,0,0.0,SUBSTANCE USE DISORDER,,Predictor candidato,PN RLVR INCREASED CHANCE GETTING HURT PST 12 MOS,DPPRHURT,1,True,Original u otra
UDPRWDFLBLU2,int64,47299,9,0,0.0,SUBSTANCE USE DISORDER,,Predictor candidato,FEELING BLUE/DOWN - PN RLVR WITHDRAWAL SYMPTOM PST 12 MOS,DPPRWD_1,1,True,Original u otra
UDPRWDVOMIT2,int64,47299,9,0,0.0,SUBSTANCE USE DISORDER,,Predictor candidato,VOMITING/NAUSEOUS - PN RLVR WITHDRAWAL SYMPTOM PST 12 MOS,DPPRWD_2,1,True,Original u otra
UDPRWDCRAMP2,int64,47299,9,0,0.0,SUBSTANCE USE DISORDER,,Predictor candidato,MUSCLE CRAMPS/ACHES - PN RLVR WITHDRAWAL SYMPTOM PST 12 MOS,DPPRWD_3,1,True,Original u otra
UDPRWDRUNNY2,int64,47299,9,0,0.0,SUBSTANCE USE DISORDER,,Predictor candidato,TEARY EYES/RUNNY NOSE - PR WITHDRAWAL SYMPTOM PST 12 MOS,DPPRWD_4,1,True,Original u otra
UDPRWDSWEAT2,int64,47299,9,0,0.0,SUBSTANCE USE DISORDER,,Predictor candidato,SWEATY/LRG PUPILS/HAIR STNDING UP-PR W/DRAWL SYMP PST 12 MOS,DPPRWD_5,1,True,Original u otra
UDPRWDDIARR2,int64,47299,9,0,0.0,SUBSTANCE USE DISORDER,,Predictor candidato,HAVING DIARRHEA -  PN RLVR WITHDRAWAL SYMPTOM PST 12 MOS,DPPRWD_6,1,True,Original u otra
UDPRWDYAWNS2,int64,47299,9,0,0.0,SUBSTANCE USE DISORDER,,Predictor candidato,YAWNING - PN RLVR WITHDRAWAL SYMPTOM PST 12 MOS,DPPRWD_7,1,True,Original u otra
UDPRWDFEVER2,int64,47299,9,0,0.0,SUBSTANCE USE DISORDER,,Predictor candidato,HAVING FEVER - PN RLVR WITHDRAWAL SYMPTOM PST 12 MOS,DPPRWD_8,1,True,Original u otra
UDPRWDSLEEP2,int64,47299,9,0,0.0,SUBSTANCE USE DISORDER,,Predictor candidato,HAVING TRBL SLEEPING - PN RLVR WITHDRAWAL SYMPTOM PST 12 MOS,DPPRWD_9,1,True,Original u otra
UDPRAVOIDWD2,int64,47299,9,0,0.0,SUBSTANCE USE DISORDER,,Predictor candidato,USE PN RLVR TO GET OVER/AVOID PR WITHDRAWAL IN PST 12 MOS,DPPROVER,1,True,Original u otra
UDPRAVWPNRL2,int64,47299,11,0,0.0,SUBSTANCE USE DISORDER,,Predictor candidato,USED PN RLVR TO GET OVER/AVOID PR WITHDRAWAL IN PST 12 MOS,DPPRUSE_1,1,True,Original u otra
UDPRAVWHERN2,int64,47299,9,0,0.0,SUBSTANCE USE DISORDER,,Predictor candidato,USED HEROIN TO GET OVER/AVOID PR WITHDRAWAL IN PST 12 MOS,DPPRUSE_2,1,True,Original u otra
UDPRAVWOTHR2,int64,47299,9,0,0.0,SUBSTANCE USE DISORDER,,Predictor candidato,USED SOMETHING ELSE TO GET OVR/AVD PR WITHDRAWAL PST 12 MOS,DPPRUSE_3,1,True,Original u otra
UDTRTIMEUSE,int64,47299,9,0,0.0,SUBSTANCE USE DISORDER,,Predictor candidato,SPENT GREAT DEAL OF TIME USING/FEEL EFF OF TRN PST 12 MOS,DPTRFEEL,1,True,Original u otra
UDTRTIMEGET,int64,47299,10,0,0.0,SUBSTANCE USE DISORDER,,Predictor candidato,SPENT GREAT DEAL TIME TRY TO GET/GETTING TRN IN PST 12 MOS,DPTRGET,1,True,Original u otra
UDTRLRGAMTS,int64,47299,9,0,0.0,SUBSTANCE USE DISORDER,,Predictor candidato,USED TRN LARGER AMTS OR LONGER TIME THAN MEANT TO PST 12 MOS,DPTRLRGR,1,True,Original u otra
UDTRWANTBAD,int64,47299,9,0,0.0,SUBSTANCE USE DISORDER,,Predictor candidato,WANTED TO USE TRN SO BADLY IN PAST 12 MOS,DPTRBDLY,1,True,Original u otra
UDTRSTRURGE,int64,47299,10,0,0.0,SUBSTANCE USE DISORDER,,Predictor candidato,STRONG URGE TO USE TRN IN PAST 12 MOS,DPTRURGE,1,True,Original u otra
UDTRNEEDMOR,int64,47299,9,0,0.0,SUBSTANCE USE DISORDER,,Predictor candidato,NEEDED A LOT MORE TRN TO GET FEELING YOU WANT,DPTRMORE,1,True,Original u otra
UDTRLESSEFF,int64,47299,10,0,0.0,SUBSTANCE USE DISORDER,,Predictor candidato,SAME AMT TRN HAS LESS EFFECT THAN IT USED TO,DPTRLESS,1,True,Original u otra
UDTRTRYSTOP,int64,47299,9,0,0.0,SUBSTANCE USE DISORDER,,Predictor candidato,TRY TO CUT DOWN/STOP TRN USE IN PAST 12 MOS,DPTRSTOP,1,True,Original u otra
UDTRNOTSTOP,int64,47299,9,0,0.0,SUBSTANCE USE DISORDER,,Predictor candidato,UNABLE TO CUT/STOP TRN MORE THAN ONE TIME PAST 12 MOS,DPTRCANT,1,True,Original u otra
UDTRWSHSTOP,int64,47299,10,0,0.0,SUBSTANCE USE DISORDER,,Predictor candidato,OFTEN WISH CUT DOWN OR STOP TRN PAST 12 MOS,DPTRWISH,1,True,Original u otra
UDTRHLTHPRB,int64,47299,9,0,0.0,SUBSTANCE USE DISORDER,,Predictor candidato,ANY LONG-LASTING PHYS PRBS CAUSED/WORSND BY TRN PST 12 MO,DPTRPHYS,1,True,Original u otra
UDTRHLTHCTD,int64,47299,10,0,0.0,SUBSTANCE USE DISORDER,,Predictor candidato,CONTD TO USE TRN DESPITE TRN CAUSE/WORSEN PHYS PRBS,DPTRPCNT,1,True,Original u otra
UDTRMNTLPRB,int64,47299,10,0,0.0,SUBSTANCE USE DISORDER,,Predictor candidato,ANY EMOT/MNTL HLTH PRBS CAUSED/WORSND BY TRN PAST 12 MOS,DPTRMNTL,1,True,Original u otra
UDTRMNTLCTD,int64,47299,9,0,0.0,SUBSTANCE USE DISORDER,,Predictor candidato,CONTD TRN DESPITE TRN CSE/WRSN EMOT/MNTL HLTH PRBS,DPTRMCNT,1,True,Original u otra
UDTRSTOPACT,int64,47299,9,0,0.0,SUBSTANCE USE DISORDER,,Predictor candidato,LESS ACTIVITIES B/C OF TRN USE PAST 12 MOS,DPTRACTV,1,True,Original u otra
UDTRWORKPRB,int64,47299,9,0,0.0,SUBSTANCE USE DISORDER,,Predictor candidato,TRN CAUSE SERIOUS PRBS AT HOME/WORK/SCH PST 12 MOS,DPTRSERI,1,True,Original u otra
UDTRFMLYPRB,int64,47299,9,0,0.0,SUBSTANCE USE DISORDER,,Predictor candidato,TRN CAUSE ARGUMENTS/PROBS W/FAMILY/FRIENDS PST 12 MOS,DPTRARGU,1,True,Original u otra
UDTRFMLYCTD,int64,47299,10,0,0.0,SUBSTANCE USE DISORDER,,Predictor candidato,CONTD TRN USE DESPITE TRN CAUSE ARGUMENTS W/FAM/FRNDS,DPTRACNT,1,True,Original u otra
UDTRGETHURT,int64,47299,9,0,0.0,SUBSTANCE USE DISORDER,,Predictor candidato,TRN USE INCREASED CHANCE GETTING HURT PST 12 MOS,DPTRHURT,1,True,Original u otra
UDTRWDSWEAT,int64,47299,9,0,0.0,SUBSTANCE USE DISORDER,,Predictor candidato,SWEATY/FAST HEARTBEAT - TRN WITHDRAWAL SYMPTOM PST 12 MO,DPTRWD_1,1,True,Original u otra
UDTRWDTRMBL,int64,47299,9,0,0.0,SUBSTANCE USE DISORDER,,Predictor candidato,HANDS TREMBLE -TRN WITHDRAWAL SYMPTOM PST 12 MOS,DPTRWD_2,1,True,Original u otra
UDTRWDSLEEP,int64,47299,9,0,0.0,SUBSTANCE USE DISORDER,,Predictor candidato,TROUBLE SLEEPING - TRN WITHDRAWAL SYMPTOM PST 12 MOS,DPTRWD_3,1,True,Original u otra
UDTRWDVOMIT,int64,47299,9,0,0.0,SUBSTANCE USE DISORDER,,Predictor candidato,VOMITING/UPSET STOMACH - TRN WITHDRAWAL SYMPTOM PST 12 MO,DPTRWD_4,1,True,Original u otra
UDTRWDHALUC,int64,47299,9,0,0.0,SUBSTANCE USE DISORDER,,Predictor candidato,SEE/HEAR/FEEL THINGS - TRN WITHDRAWAL SYMPTOM PST 12 MOS,DPTRWD_5,1,True,Original u otra
UDTRWDSITST,int64,47299,9,0,0.0,SUBSTANCE USE DISORDER,,Predictor candidato,COULDN'T SIT STILL - TRN WITHDRAWAL SYMPTOM PST 12 MOS,DPTRWD_6,1,True,Original u otra
UDTRWDFLANX,int64,47299,9,0,0.0,SUBSTANCE USE DISORDER,,Predictor candidato,FEELING ANXIOUS - TRN WITHDRAWAL SYMPTOM PST 12 MOS,DPTRWD_7,1,True,Original u otra
UDTRAVOIDWD,int64,47299,9,0,0.0,SUBSTANCE USE DISORDER,,Predictor candidato,USE TRN TO GET OVER/AVOID TRN WITHDRAWAL IN PST 12 MOS,DPTROVER,1,True,Original u otra
UDTRAVWSVTR,int64,47299,9,0,0.0,SUBSTANCE USE DISORDER,,Predictor candidato,USED TRN/SED TO GET OVER/AVOID TRN WITHDRWL IN PST 12 MOS,DPTRUSE_1,1,True,Original u otra
UDTRAVWALCO,int64,47299,9,0,0.0,SUBSTANCE USE DISORDER,,Predictor candidato,USED ALC TO GET OVER/AVOID TRN WITHDRAWAL IN PST 12 MOS,DPTRUSE_2,1,True,Original u otra
UDTRAVWOTHR,int64,47299,9,0,0.0,SUBSTANCE USE DISORDER,,Predictor candidato,USED SOMETHING ELSE TO GET OVR/AVD TRN WTHDRWAL PST 12 MOS,DPTRUSE_3,1,True,Original u otra
UDSTTIMEUSE,int64,47299,9,0,0.0,SUBSTANCE USE DISORDER,,Predictor candidato,SPENT GREAT DEAL OF TIME USING/FEEL EFF OF STM PST 12 MOS,DPSTFEEL,1,True,Original u otra
UDSTTIMEGET,int64,47299,10,0,0.0,SUBSTANCE USE DISORDER,,Predictor candidato,SPENT GREAT DEAL TIME TRY TO GET/GETTING STM IN PST 12 MOS,DPSTGET,1,True,Original u otra
UDSTLRGAMTS,int64,47299,9,0,0.0,SUBSTANCE USE DISORDER,,Predictor candidato,USE STM LARGER AMTS OR LONGER TIME THAN MEANT TO PST 12 MOS,DPSTLRGR,1,True,Original u otra
UDSTWANTBAD,int64,47299,9,0,0.0,SUBSTANCE USE DISORDER,,Predictor candidato,WANTED TO USE STM SO BADLY IN PAST 12 MOS,DPSTBDLY,1,True,Original u otra
UDSTSTRURGE,int64,47299,10,0,0.0,SUBSTANCE USE DISORDER,,Predictor candidato,STRONG URGE TO USE STM IN PAST 12 MOS,DPSTURGE,1,True,Original u otra
UDSTNEEDMOR,int64,47299,9,0,0.0,SUBSTANCE USE DISORDER,,Predictor candidato,NEEDED A LOT MORE STM TO GET FEELING YOU WANT,DPSTMORE,1,True,Original u otra
UDSTLESSEFF,int64,47299,10,0,0.0,SUBSTANCE USE DISORDER,,Predictor candidato,SAME AMT STM HAS LESS EFFECT THAN IT USED TO,DPSTLESS,1,True,Original u otra
UDSTTRYSTOP,int64,47299,9,0,0.0,SUBSTANCE USE DISORDER,,Predictor candidato,TRY TO CUT DOWN/STOP STM USE IN PAST 12 MOS,DPSTSTOP,1,True,Original u otra
UDSTNOTSTOP,int64,47299,9,0,0.0,SUBSTANCE USE DISORDER,,Predictor candidato,UNABLE TO CUT/STOP STM USE MORE THAN ONE TIME PAST 12 MOS,DPSTCANT,1,True,Original u otra
UDSTWSHSTOP,int64,47299,10,0,0.0,SUBSTANCE USE DISORDER,,Predictor candidato,OFTEN WISH CUT DOWN OR STOP STM USE PAST 12 MOS,DPSTWISH,1,True,Original u otra
UDSTHLTHPRB,int64,47299,9,0,0.0,SUBSTANCE USE DISORDER,,Predictor candidato,ANY LONG-LASTING PHYS PRBS CAUSED/WORSND BY STM PST 12 MOS,DPSTPHYS,1,True,Original u otra
UDSTHLTHCTD,int64,47299,9,0,0.0,SUBSTANCE USE DISORDER,,Predictor candidato,CONTD TO USE STM DESPITE STM CAUSE/WORSEN PHYS PRBS,DPSTPCNT,1,True,Original u otra
UDSTMNTLPRB,int64,47299,10,0,0.0,SUBSTANCE USE DISORDER,,Predictor candidato,ANY EMOT/MNTL HLTH PRBS CAUSED/WORSND BY STM PAST 12 MOS,DPSTMNTL,1,True,Original u otra
UDSTMNTLCTD,int64,47299,8,0,0.0,SUBSTANCE USE DISORDER,,Predictor candidato,CONTD STM USE DESPITE STM CSE/WRSN EMOT/MNTL HLTH PRBS,DPSTMCNT,1,True,Original u otra
UDSTSTOPACT,int64,47299,9,0,0.0,SUBSTANCE USE DISORDER,,Predictor candidato,LESS ACTIVITIES B/C OF STM USE PAST 12 MOS,DPSTACTV,1,True,Original u otra
UDSTWORKPRB,int64,47299,9,0,0.0,SUBSTANCE USE DISORDER,,Predictor candidato,STM CAUSE SERIOUS PRBS AT HOME/WORK/SCH PST 12 MOS,DPSTSERI,1,True,Original u otra
UDSTFMLYPRB,int64,47299,9,0,0.0,SUBSTANCE USE DISORDER,,Predictor candidato,STM CAUSE ARGUMENTS/PROBS W/FAMILY/FRIENDS PST 12 MOS,DPSTARGU,1,True,Original u otra
UDSTFMLYCTD,int64,47299,9,0,0.0,SUBSTANCE USE DISORDER,,Predictor candidato,CONTD STM DESPITE STM CAUSE ARGUMENTS W/FAM/FRNDS,DPSTACNT,1,True,Original u otra
UDSTGETHURT,int64,47299,9,0,0.0,SUBSTANCE USE DISORDER,,Predictor candidato,STM INCREASED CHANCE GETTING HURT PST 12 MOS,DPSTHURT,1,True,Original u otra
UDSTWDFLBLU,int64,47299,9,0,0.0,SUBSTANCE USE DISORDER,,Predictor candidato,FELT BLUE OR DOWN AFTER USING LESS OR STOPPING STM,DPSTBLUE,1,True,Original u otra
UDSTWDTIRED,int64,47299,9,0,0.0,SUBSTANCE USE DISORDER,,Predictor candidato,FEELING TIRED/EXHAUSTED - STM WITHDRAWAL SYMPTOM PST 12 MOS,DPSTWD_1,1,True,Original u otra
UDSTWDDREAM,int64,47299,9,0,0.0,SUBSTANCE USE DISORDER,,Predictor candidato,HAVING BAD DREAMS - STM WITHDRAWAL SYMPTOM PST 12 MOS,DPSTWD_2,1,True,Original u otra
UDSTWDSLEEP,int64,47299,9,0,0.0,SUBSTANCE USE DISORDER,,Predictor candidato,TROUBLE/MORE SLEEPING - STM WITHDRAWAL SYMPTOM PST 12 MOS,DPSTWD_3,1,True,Original u otra
UDSTWDHNGRY,int64,47299,10,0,0.0,SUBSTANCE USE DISORDER,,Predictor candidato,FEELING HUNGRY  -  STM WITHDRAWAL SYMPTOM PST 12 MOS,DPSTWD_4,1,True,Original u otra
UDSTWDSITST,int64,47299,9,0,0.0,SUBSTANCE USE DISORDER,,Predictor candidato,FEELING SLOWED DOWN/ -  STM W/DRAWL SYMPTOM PST 12 MOS,DPSTWD_5,1,True,Original u otra
UDSTAVOIDWD,int64,47299,9,0,0.0,SUBSTANCE USE DISORDER,,Predictor candidato,USE STM TO GET OVER/AVOID STM WITHDRAWAL IN PST 12 MOS,DPSTOVER,1,True,Original u otra
UDSTAVWSTIM,int64,47299,10,0,0.0,SUBSTANCE USE DISORDER,,Predictor candidato,USED STM TO GET OVER/AVOID STM WITHDRAWAL IN PST 12 MOS,DPSTUSE_1,1,True,Original u otra
UDSTAVWCOCN,int64,47299,9,0,0.0,SUBSTANCE USE DISORDER,,Predictor candidato,USED COC/CRK TO GET OVER/AVOID STM WITHDRAWAL IN PST 12 MOS,DPSTUSE_2,1,True,Original u otra
UDSTAVWMETH,int64,47299,9,0,0.0,SUBSTANCE USE DISORDER,,Predictor candidato,USED METH TO GET OVER/AVOID STM WITHDRAWAL IN PST 12 MOS,DPSTUSE_3,1,True,Original u otra
UDSTAVWOTHR,int64,47299,9,0,0.0,SUBSTANCE USE DISORDER,,Predictor candidato,USED SOMETHING ELSE TO GET OVR/AVD STM WITHDRAWAL PST 12 MOS,DPSTUSE_4,1,True,Original u otra
UDSVTIMEUSE,int64,47299,9,0,0.0,SUBSTANCE USE DISORDER,,Predictor candidato,SPENT GREAT DEAL OF TIME USING/FEEL EFF OF SED PST 12 MOS,DPSVFEEL,1,True,Original u otra
UDSVTIMEGET,int64,47299,9,0,0.0,SUBSTANCE USE DISORDER,,Predictor candidato,SPENT GREAT DEAL TIME TRY TO GET/GETTING SED IN PST 12 MOS,DPSVGET,1,True,Original u otra
UDSVLRGAMTS,int64,47299,9,0,0.0,SUBSTANCE USE DISORDER,,Predictor candidato,USED SED LARGER AMTS OR LONGER TIME THAN MEANT TO PST 12 MOS,DPSVLRGR,1,True,Original u otra
UDSVWANTBAD,int64,47299,8,0,0.0,SUBSTANCE USE DISORDER,,Predictor candidato,WANTED TO USE SED SO BADLY IN PAST 12 MOS,DPSVBDLY,1,True,Original u otra
UDSVSTRURGE,int64,47299,9,0,0.0,SUBSTANCE USE DISORDER,,Predictor candidato,STRONG URGE TO USE SED IN PAST 12 MOS,DPSVURGE,1,True,Original u otra
UDSVNEEDMOR,int64,47299,8,0,0.0,SUBSTANCE USE DISORDER,,Predictor candidato,NEEDED A LOT MORE SED TO GET FEELING YOU WANT,DPSVMORE,1,True,Original u otra
UDSVLESSEFF,int64,47299,10,0,0.0,SUBSTANCE USE DISORDER,,Predictor candidato,SAME AMT SED HAS LESS EFFECT THAN IT USED TO,DPSVLESS,1,True,Original u otra
UDSVTRYSTOP,int64,47299,9,0,0.0,SUBSTANCE USE DISORDER,,Predictor candidato,TRY TO CUT DOWN/STOP SED USE IN PAST 12 MOS,DPSVSTOP,1,True,Original u otra
UDSVNOTSTOP,int64,47299,9,0,0.0,SUBSTANCE USE DISORDER,,Predictor candidato,UNABLE TO CUT/STOP SED MORE THAN ONE TIME PAST 12 MOS,DPSVCANT,1,True,Original u otra
UDSVWSHSTOP,int64,47299,10,0,0.0,SUBSTANCE USE DISORDER,,Predictor candidato,OFTEN WISH CUT DOWN OR STOP SED USE PAST 12 MOS,DPSVWISH,1,True,Original u otra
UDSVHLTHPRB,int64,47299,9,0,0.0,SUBSTANCE USE DISORDER,,Predictor candidato,ANY LONG-LASTING PHYS PRBS CAUSED/WORSND BY SED PST 12 MO,DPSVPHYS,1,True,Original u otra
UDSVHLTHCTD,int64,47299,9,0,0.0,SUBSTANCE USE DISORDER,,Predictor candidato,CONTD TO USE SED DESPITE SED CAUSE/WORSEN PHYS PRBS,DPSVPCNT,1,True,Original u otra
UDSVMNTLPRB,int64,47299,10,0,0.0,SUBSTANCE USE DISORDER,,Predictor candidato,ANY EMOT/MNTL HLTH PRBS CAUSED/WORSND BY SED PAST 12 MOS,DPSVMNTL,1,True,Original u otra
UDSVMNTLCTD,int64,47299,9,0,0.0,SUBSTANCE USE DISORDER,,Predictor candidato,CONTD SED USE DESPITE SED CSE/WRSN EMOT/MNTL HLTH PRBS,DPSVMCNT,1,True,Original u otra
UDSVSTOPACT,int64,47299,9,0,0.0,SUBSTANCE USE DISORDER,,Predictor candidato,LESS ACTIVITIES B/C OF SED USE PAST 12 MOS,DPSVACTV,1,True,Original u otra
UDSVWORKPRB,int64,47299,9,0,0.0,SUBSTANCE USE DISORDER,,Predictor candidato,SED CAUSE SERIOUS PRBS AT HOME/WORK/SCH PST 12 MOS,DPSVSERI,1,True,Original u otra
UDSVFMLYPRB,int64,47299,9,0,0.0,SUBSTANCE USE DISORDER,,Predictor candidato,SED CAUSE ARGUMENTS/PROBS W/FAMILY/FRIENDS PST 12 MOS,DPSVARGU,1,True,Original u otra
UDSVFMLYCTD,int64,47299,9,0,0.0,SUBSTANCE USE DISORDER,,Predictor candidato,CONTD SED DESPITE SED CAUSE ARGUMENTS W/FAM/FRNDS,DPSVACNT,1,True,Original u otra
UDSVGETHURT,int64,47299,9,0,0.0,SUBSTANCE USE DISORDER,,Predictor candidato,SED INCREASED CHANCE GETTING HURT PST 12 MOS,DPSVHURT,1,True,Original u otra
UDSVWDSWEAT,int64,47299,9,0,0.0,SUBSTANCE USE DISORDER,,Predictor candidato,SWEATY/FAST HEARTBEAT - SED WITHDRAWAL SYMPTOM PST 12 MOS,DPSVWD_1,1,True,Original u otra
UDSVWDTRMBL,int64,47299,9,0,0.0,SUBSTANCE USE DISORDER,,Predictor candidato,HANDS TREMBLE - SED WITHDRAWAL SYMPTOM PST 12 MOS,DPSVWD_2,1,True,Original u otra
UDSVWDSLEEP,int64,47299,9,0,0.0,SUBSTANCE USE DISORDER,,Predictor candidato,TROUBLE SLEEPING - SED WITHDRAWAL SYMPTOM PST 12 MOS,DPSVWD_3,1,True,Original u otra
UDSVWDVOMIT,int64,47299,9,0,0.0,SUBSTANCE USE DISORDER,,Predictor candidato,VOMITING/UPSET STOMACH - SED WITHDRAWAL SYMPTOM PST 12 MOS,DPSVWD_4,1,True,Original u otra
UDSVWDHALUC,int64,47299,9,0,0.0,SUBSTANCE USE DISORDER,,Predictor candidato,SEE/HEAR/FEEL THINGS - SED WITHDRAWAL SYMPTOM PST 12 MOS,DPSVWD_5,1,True,Original u otra
UDSVWDSITST,int64,47299,9,0,0.0,SUBSTANCE USE DISORDER,,Predictor candidato,COULDN'T SIT STILL - SED WITHDRAWAL SYMPTOM PST 12 MOS,DPSVWD_6,1,True,Original u otra
UDSVWDFLANX,int64,47299,9,0,0.0,SUBSTANCE USE DISORDER,,Predictor candidato,FEELING ANXIOUS - SED WITHDRAWAL SYMPTOM PST 12 MOS,DPSVWD_7,1,True,Original u otra
UDSVAVOIDWD,int64,47299,9,0,0.0,SUBSTANCE USE DISORDER,,Predictor candidato,USE SED TO GET OVER/AVOID SED WITHDRAWAL IN PST 12 MOS,DPSVOVER,1,True,Original u otra
UDSVAVWSVTR,int64,47299,10,0,0.0,SUBSTANCE USE DISORDER,,Predictor candidato,USED SED/TR TO GET OVER/AVOID SED WITHDRWL IN PST 12 MOS,DPSVUSE_1,1,True,Original u otra
UDSVAVWALCO,int64,47299,10,0,0.0,SUBSTANCE USE DISORDER,,Predictor candidato,USED ALC TO GET OVER/AVOID SED WITHDRAWAL IN PST 12 MOS,DPSVUSE_2,1,True,Original u otra
UDSVAVWOTHR,int64,47299,10,0,0.0,SUBSTANCE USE DISORDER,,Predictor candidato,USED SOMETHING ELSE TO GET OVR/AVD SED WITHDRAWAL PST 12 MOS,DPSVUSE_3,1,True,Original u otra
PYUD5ALC,float64,46864,4,435,0.92,SUBSTANCE USE DISORDER,,Predictor candidato,ALCOHOL USE DISORDER IN THE PAST YEAR,"ALCYR, UDALAVWALCO, UDALAVWOTHR, UDALAVWSVTR, UDALBLCKCTD, UDALFMLYCTD, UDALFMLYPRB, UDALGETHURT, UDALHLTHCTD, UDALLESSEFF, UDALLRGAMTS, UDALMNTLCTD, UDALNEEDMOR, UDALNOTSTOP, UDALSTOPACT, UDALSTRURGE, UDALTIMEGET, UDALTIMEUSE, UDALWANTBAD, UDALWDFLANX, UDALWDHALUC, UDALWDSITST, UDALWDSLEEP, UDALWDSWEAT, UDALWDTRMBL, UDALWDVOMIT, UDALWORKPRB, UDALWSHSTOP",28,True,Original u otra
PYUD5MRJ,float64,47075,4,224,0.474,SUBSTANCE USE DISORDER,,Predictor candidato,MARIJUANA USE DISORDER IN THE PAST YEAR,,0,True,Original u otra
PYUD5COC,float64,47269,4,30,0.063,SUBSTANCE USE DISORDER,,Predictor candidato,COCAINE USE DISORDER IN THE PAST YEAR,"COCYR, CONDLREC, UDCCAVWCOCN, UDCCAVWMETH, UDCCAVWOTHR, UDCCAVWSTIM, UDCCFMLYCTD, UDCCFMLYPRB, UDCCGETHURT, UDCCHLTHCTD, UDCCLESSEFF, UDCCLRGAMTS, UDCCMNTLCTD, UDCCNEEDMOR, UDCCNOTSTOP, UDCCSTOPACT, UDCCSTRURGE, UDCCTIMEGET, UDCCTIMEUSE, UDCCWANTBAD, UDCCWDDREAM, UDCCWDFLBLU, UDCCWDHNGRY, UDCCWDSITST, UDCCWDSLEEP, UDCCWDTIRED, UDCCWORKPRB, UDCCWSHSTOP",28,True,Original u otra
PYUD5HER,float64,47290,4,9,0.019,SUBSTANCE USE DISORDER,,Predictor candidato,HEROIN USE DISORDER IN THE PAST YEAR,"HERYR, HRNDLREC, HRSMKREC, HRSNFREC, UDHEAVWHERN, UDHEAVWOTHR, UDHEAVWPNRL, UDHEFMLYCTD, UDHEFMLYPRB, UDHEGETHURT, UDHEHLTHCTD, UDHELESSEFF, UDHELRGAMTS, UDHEMNTLCTD, UDHENEEDMOR, UDHENOTSTOP, UDHESTOPACT, UDHESTRURGE, UDHETIMEGET, UDHETIMEUSE, UDHEWANTBAD, UDHEWDCRAMP, UDHEWDDIARR, UDHEWDFEVER, UDHEWDFLBLU, UDHEWDRUNNY, UDHEWDSLEEP, UDHEWDSWEAT, UDHEWDVOMIT, UDHEWDYAWNS, UDHEWORKPRB, UDHEWSHSTOP",32,True,Original u otra
PYUD5HAL,float64,47224,4,75,0.159,SUBSTANCE USE DISORDER,,Predictor candidato,HALLUCINOGEN USE DISORDER IN THE PAST YEAR,"HALLUCYR, UDHAFMLYCTD, UDHAFMLYPRB, UDHAGETHURT, UDHAHLTHCTD, UDHALESSEFF, UDHALRGAMTS, UDHAMNTLCTD, UDHANEEDMOR, UDHANOTSTOP, UDHASTOPACT, UDHASTRURGE, UDHATIMEGET, UDHATIMEUSE, UDHAWANTBAD, UDHAWORKPRB, UDHAWSHSTOP",17,True,Original u otra
PYUD5INH,float64,47280,4,19,0.04,SUBSTANCE USE DISORDER,,Predictor candidato,INHALANT USE DISORDER IN THE PAST YEAR,"INHALYR2, UDINFMLYCTD, UDINFMLYPRB, UDINGETHURT, UDINHLTHCTD, UDINLESSEFF, UDINLRGAMTS, UDINMNTLCTD, UDINNEEDMOR, UDINNOTSTOP, UDINSTOPACT, UDINSTRURGE, UDINTIMEGET, UDINTIMEUSE, UDINWANTBAD, UDINWORKPRB, UDINWSHSTOP",17,True,Original u otra
PYUD5MTH,float64,47284,4,15,0.032,SUBSTANCE USE DISORDER,,Predictor candidato,METHAMPHETAMINE USE DISORDER IN THE PAST YEAR,"METHAMYR, METHNDLRC, UDMEAVWCOCN, UDMEAVWMETH, UDMEAVWOTHR, UDMEAVWSTIM, UDMEFMLYCTD, UDMEFMLYPRB, UDMEGETHURT, UDMEHLTHCTD, UDMELESSEFF, UDMELRGAMTS, UDMEMNTLCTD, UDMENEEDMOR, UDMENOTSTOP, UDMESTOPACT, UDMESTRURGE, UDMETIMEGET, UDMETIMEUSE, UDMEWANTBAD, UDMEWDDREAM, UDMEWDFLBLU, UDMEWDHNGRY, UDMEWDSITST, UDMEWDSLEEP, UDMEWDTIRED, UDMEWORKPRB, UDMEWSHSTOP",28,True,Original u otra
EDUD5PNRMIS,float64,47246,4,53,0.112,SUBSTANCE USE DISORDER,,Predictor candidato,"PAIN RELIEVER USE DISORDER, PY MISUSERS","PNRNMYR, UDPRAVWHERN, UDPRAVWOTHR, UDPRAVWPNRL, UDPRFMLYCTD, UDPRFMLYPRB, UDPRGETHURT, UDPRHLTHCTD, UDPRLESSEFF, UDPRLRGAMTS, UDPRMNTLCTD, UDPRNEEDMOR, UDPRNOTSTOP, UDPRSTOPACT, UDPRSTRURGE, UDPRTIMEGET, UDPRTIMEUSE, UDPRWANTBAD, UDPRWDCRAMP, UDPRWDDIARR, UDPRWDFEVER, UDPRWDFLBLU, UDPRWDRUNNY, UDPRWDSLEEP, UDPRWDSWEAT, UDPRWDVOMIT, UDPRWDYAWNS, UDPRWORKPRB, UDPRWSHSTOP",29,True,Original u otra
EDUD5PNRUNM2,float64,47064,4,235,0.497,SUBSTANCE USE DISORDER,,Predictor candidato,"PAIN RELIEVER USE DISORDER, PY USERS BUT NOT MISUSERS","PNRANYYR2, PNRNMYR, UDPRFMLYCTD2, UDPRFMLYPRB2, UDPRGETHURT2, UDPRHLTHCTD2, UDPRLRGAMTS2, UDPRMNTLCTD2, UDPRNOTSTOP2, UDPRSTOPACT2, UDPRSTRURGE2, UDPRTIMEGET2, UDPRTIMEUSE2, UDPRWANTBAD2, UDPRWORKPRB2, UDPRWSHSTOP2",16,True,Original u otra
EDUD5TRQMIS,float64,47271,4,28,0.059,SUBSTANCE USE DISORDER,,Predictor candidato,"TRANQUILIZER USE DISORDER, PY MISUSERS","TRQNMYR, UDTRAVWALCO, UDTRAVWOTHR, UDTRAVWSVTR, UDTRFMLYCTD, UDTRFMLYPRB, UDTRGETHURT, UDTRHLTHCTD, UDTRLESSEFF, UDTRLRGAMTS, UDTRMNTLCTD, UDTRNEEDMOR, UDTRNOTSTOP, UDTRSTOPACT, UDTRSTRURGE, UDTRTIMEGET, UDTRTIMEUSE, UDTRWANTBAD, UDTRWDFLANX, UDTRWDHALUC, UDTRWDSITST, UDTRWDSLEEP, UDTRWDSWEAT, UDTRWDTRMBL, UDTRWDVOMIT, UDTRWORKPRB, UDTRWSHSTOP",27,True,Original u otra
EDUD5TRQUNM,float64,47192,4,107,0.226,SUBSTANCE USE DISORDER,,Predictor candidato,"TRANQUILIZER USE DISORDER, PY USERS BUT NOT MISUSERS","TRQANYYR, TRQNMYR, UDTRFMLYCTD, UDTRFMLYPRB, UDTRGETHURT, UDTRHLTHCTD, UDTRLRGAMTS, UDTRMNTLCTD, UDTRNOTSTOP, UDTRSTOPACT, UDTRSTRURGE, UDTRTIMEGET, UDTRTIMEUSE, UDTRWANTBAD, UDTRWORKPRB, UDTRWSHSTOP",16,True,Original u otra
EDUD5STMMIS,float64,47277,4,22,0.047,SUBSTANCE USE DISORDER,,Predictor candidato,"STIMULANT USE DISORDER, PY MISUSERS","STMNMYR, UDSTAVWCOCN, UDSTAVWMETH, UDSTAVWOTHR, UDSTAVWSTIM, UDSTFMLYCTD, UDSTFMLYPRB, UDSTGETHURT, UDSTHLTHCTD, UDSTLESSEFF, UDSTLRGAMTS, UDSTMNTLCTD, UDSTNEEDMOR, UDSTNOTSTOP, UDSTSTOPACT, UDSTSTRURGE, UDSTTIMEGET, UDSTTIMEUSE, UDSTWANTBAD, UDSTWDDREAM, UDSTWDFLBLU, UDSTWDHNGRY, UDSTWDSITST, UDSTWDSLEEP, UDSTWDTIRED, UDSTWORKPRB, UDSTWSHSTOP",27,True,Original u otra
EDUD5STMUNM,float64,47224,4,75,0.159,SUBSTANCE USE DISORDER,,Predictor candidato,"STIMULANT USE DISORDER, PY USERS BUT NOT MISUSERS","STMANYYR, STMNMYR, UDSTFMLYCTD, UDSTFMLYPRB, UDSTGETHURT, UDSTHLTHCTD, UDSTLRGAMTS, UDSTMNTLCTD, UDSTNOTSTOP, UDSTSTOPACT, UDSTSTRURGE, UDSTTIMEGET, UDSTTIMEUSE, UDSTWANTBAD, UDSTWORKPRB, UDSTWSHSTOP",16,True,Original u otra
EDUD5SEDMIS,float64,47291,4,8,0.017,SUBSTANCE USE DISORDER,,Predictor candidato,"SEDATIVE USE DISORDER, PY MISUSERS","SEDNMYR, UDSVAVWALCO, UDSVAVWOTHR, UDSVAVWSVTR, UDSVFMLYCTD, UDSVFMLYPRB, UDSVGETHURT, UDSVHLTHCTD, UDSVLESSEFF, UDSVLRGAMTS, UDSVMNTLCTD, UDSVNEEDMOR, UDSVNOTSTOP, UDSVSTOPACT, UDSVSTRURGE, UDSVTIMEGET, UDSVTIMEUSE, UDSVWANTBAD, UDSVWDFLANX, UDSVWDHALUC, UDSVWDSITST, UDSVWDSLEEP, UDSVWDSWEAT, UDSVWDTRMBL, UDSVWDVOMIT, UDSVWORKPRB, UDSVWSHSTOP",27,True,Original u otra
EDUD5SEDUNM,float64,47237,4,62,0.131,SUBSTANCE USE DISORDER,,Predictor candidato,"SEDATIVE USE DISORDER, PY USERS BUT NOT MISUSERS","SEDANYYR, SEDNMYR, UDSVFMLYCTD, UDSVFMLYPRB, UDSVGETHURT, UDSVHLTHCTD, UDSVLRGAMTS, UDSVMNTLCTD, UDSVNOTSTOP, UDSVSTOPACT, UDSVSTRURGE, UDSVTIMEGET, UDSVTIMEUSE, UDSVWANTBAD, UDSVWORKPRB, UDSVWSHSTOP",16,True,Original u otra
IRPYUD5ALC,int64,47299,2,0,0.0,IMPUTED SUBSTANCE USE DISORDER,,Predictor candidato,ALCOHOL USE DISORDER IN THE PAST YEAR - IMP REV,PYUD5ALC,1,True,Imputada
IIPYUD5ALC,int64,47299,3,0,0.0,IMPUTED SUBSTANCE USE DISORDER,,Predictor candidato,ALCOHOL USE DISORDER IN THE PAST YEAR - IMP IND,PYUD5ALC,1,True,Imputada
IRPYUD5MRJ,int64,47299,2,0,0.0,IMPUTED SUBSTANCE USE DISORDER,,Predictor candidato,MARIJUANA USE DISORDER IN THE PAST YEAR - IMP REV,PYUD5MRJ,1,True,Imputada
IIPYUD5MRJ,int64,47299,3,0,0.0,IMPUTED SUBSTANCE USE DISORDER,,Predictor candidato,MARIJUANA USE DISORDER IN THE PAST YEAR - IMP IND,PYUD5MRJ,1,True,Imputada
IRPYUD5COC,int64,47299,2,0,0.0,IMPUTED SUBSTANCE USE DISORDER,,Predictor candidato,COCAINE USE DISORDER IN THE PAST YEAR - IMP REV,PYUD5COC,1,True,Imputada
IIPYUD5COC,int64,47299,3,0,0.0,IMPUTED SUBSTANCE USE DISORDER,,Predictor candidato,COCAINE USE DISORDER IN THE PAST YEAR - IMP IND,PYUD5COC,1,True,Imputada
IRPYUD5HER,int64,47299,2,0,0.0,IMPUTED SUBSTANCE USE DISORDER,,Predictor candidato,HEROIN USE DISORDER IN THE PAST YEAR - IMP REV,PYUD5HER,1,True,Imputada
IIPYUD5HER,int64,47299,3,0,0.0,IMPUTED SUBSTANCE USE DISORDER,,Predictor candidato,HEROIN USE DISORDER IN THE PAST YEAR - IMP IND,PYUD5HER,1,True,Imputada
IRPYUD5HAL,int64,47299,2,0,0.0,IMPUTED SUBSTANCE USE DISORDER,,Predictor candidato,HALLUCINOGEN USE DISORDER IN THE PAST YEAR - IMP REV,PYUD5HAL,1,True,Imputada
IIPYUD5HAL,int64,47299,3,0,0.0,IMPUTED SUBSTANCE USE DISORDER,,Predictor candidato,HALLUCINOGEN USE DISORDER IN THE PAST YEAR - IMP IND,PYUD5HAL,1,True,Imputada
IRPYUD5INH,int64,47299,2,0,0.0,IMPUTED SUBSTANCE USE DISORDER,,Predictor candidato,INHALANT USE DISORDER IN THE PAST YEAR - IMP REV,PYUD5INH,1,True,Imputada
IIPYUD5INH,int64,47299,3,0,0.0,IMPUTED SUBSTANCE USE DISORDER,,Predictor candidato,INHALANT USE DISORDER IN THE PAST YEAR - IMP IND,PYUD5INH,1,True,Imputada
IRPYUD5MTH,int64,47299,2,0,0.0,IMPUTED SUBSTANCE USE DISORDER,,Predictor candidato,METHAMPHETAMINE USE DISORDER IN THE PAST YEAR - IMP REV,PYUD5MTH,1,True,Imputada
IIPYUD5MTH,int64,47299,3,0,0.0,IMPUTED SUBSTANCE USE DISORDER,,Predictor candidato,METHAMPHETAMINE USE DISORDER IN THE PAST YEAR - IMP IND,PYUD5MTH,1,True,Imputada
IRUD5PNRMIS,int64,47299,2,0,0.0,IMPUTED SUBSTANCE USE DISORDER,,Predictor candidato,"PAIN RELIEVER USE DISORDER, PY MISUERS - IMP REV",EDUD5PNRMIS,1,True,Imputada
IIUD5PNRMIS,int64,47299,3,0,0.0,IMPUTED SUBSTANCE USE DISORDER,,Predictor candidato,"PAIN RELIEVER USE DISORDER, PY MISUSERS - IMP IND",EDUD5PNRMIS,1,True,Imputada
IRUD5PNRUNM2,int64,47299,2,0,0.0,IMPUTED SUBSTANCE USE DISORDER,,Predictor candidato,"PAIN RELIEVER USE DISORD, PY USERS BUT NOT MISUSERS-IMP REV",EDUD5PNRUNM2,1,True,Imputada
IIUD5PNRUNM2,int64,47299,3,0,0.0,IMPUTED SUBSTANCE USE DISORDER,,Predictor candidato,"PAIN RELIEVER USE DISORD, PY USERS BUT NOT MISUSERS-IMP IND",EDUD5PNRUNM2,1,True,Imputada
IRUD5TRQMIS,int64,47299,2,0,0.0,IMPUTED SUBSTANCE USE DISORDER,,Predictor candidato,"TRANQUILIZER USE DISORDER, PY MISUSERS - IMP REV",EDUD5TRQMIS,1,True,Imputada
IIUD5TRQMIS,int64,47299,3,0,0.0,IMPUTED SUBSTANCE USE DISORDER,,Predictor candidato,"TRANQUILIZER USE DISORDER, PY MISUSERS - IMP IND",EDUD5TRQMIS,1,True,Imputada
IRUD5TRQUNM,int64,47299,2,0,0.0,IMPUTED SUBSTANCE USE DISORDER,,Predictor candidato,"TRANQUILIZER USE DISORDER, PY USERS BUT NOT MISUSERS-IMP REV",EDUD5TRQUNM,1,True,Imputada
IIUD5TRQUNM,int64,47299,3,0,0.0,IMPUTED SUBSTANCE USE DISORDER,,Predictor candidato,"TRANQUILIZER USE DISORDER, PY USERS BUT NOT MISUSERS-IMP IND",EDUD5TRQUNM,1,True,Imputada
IRUD5STMMIS,int64,47299,2,0,0.0,IMPUTED SUBSTANCE USE DISORDER,,Predictor candidato,"STIMULANT USE DISORDER, PY MISUSERS - IMP REV",EDUD5STMMIS,1,True,Imputada
IIUD5STMMIS,int64,47299,3,0,0.0,IMPUTED SUBSTANCE USE DISORDER,,Predictor candidato,"STIMULANT USE DISORDER, PY MISUSERS - IMP IND",EDUD5STMMIS,1,True,Imputada
IRUD5STMUNM,int64,47299,2,0,0.0,IMPUTED SUBSTANCE USE DISORDER,,Predictor candidato,"STIMULANT USE DISORDER, PY USERS BUT NOT MISUSERS - IMP REV",EDUD5STMUNM,1,True,Imputada
IIUD5STMUNM,int64,47299,3,0,0.0,IMPUTED SUBSTANCE USE DISORDER,,Predictor candidato,"STIMULANT USE DISORDER, PY USERS BUT NOT MISUSERS - IMP IND",EDUD5STMUNM,1,True,Imputada
IRUD5SEDMIS,int64,47299,2,0,0.0,IMPUTED SUBSTANCE USE DISORDER,,Predictor candidato,"SEDATIVE USE DISORDER, PY MISUSERS - IMP REV",EDUD5SEDMIS,1,True,Imputada
IIUD5SEDMIS,int64,47299,3,0,0.0,IMPUTED SUBSTANCE USE DISORDER,,Predictor candidato,"SEDATIVE USE DISORDER, PY MISUSERS - IMP IND",EDUD5SEDMIS,1,True,Imputada
IRUD5SEDUNM,int64,47299,2,0,0.0,IMPUTED SUBSTANCE USE DISORDER,,Predictor candidato,"SEDATIVE USE DISORDER, PY USERS BUT NOT MISUSERS - IMP REV",EDUD5SEDUNM,1,True,Imputada
IIUD5SEDUNM,int64,47299,3,0,0.0,IMPUTED SUBSTANCE USE DISORDER,,Predictor candidato,"SEDATIVE USE DISORDER, PY USERS BUT NOT MISUSERS - IMP IND",EDUD5SEDUNM,1,True,Imputada
IRPYSEV5ALC,int64,47299,4,0,0.0,IMPUTED SUBSTANCE USE DISORDER,,Predictor candidato,ALCOHOL USE DISORDER SEVERITY IN THE PAST YEAR - IMP REV,IRPYUD5ALC,1,True,Imputada
IIPYSEV5ALC,int64,47299,3,0,0.0,IMPUTED SUBSTANCE USE DISORDER,,Predictor candidato,ALCOHOL USE DISORDER SEVERITY IN THE PAST YEAR - IMP IND,,0,True,Imputada
IRPYSEV5MRJ,int64,47299,4,0,0.0,IMPUTED SUBSTANCE USE DISORDER,,Predictor candidato,MARIJUANA USE DISORDER SEVERITY IN THE PAST YEAR - IMP REV,IRPYUD5MRJ,1,True,Imputada
IIPYSEV5MRJ,int64,47299,3,0,0.0,IMPUTED SUBSTANCE USE DISORDER,,Predictor candidato,MARIJUANA USE DISORDER SEVERITY IN THE PAST YEAR - IMP IND,,0,True,Imputada
IRPYSEV5COC,int64,47299,4,0,0.0,IMPUTED SUBSTANCE USE DISORDER,,Predictor candidato,COCAINE USE DISORDER SEVERITY IN THE PAST YEAR - IMP REV,IRPYUD5COC,1,True,Imputada
IIPYSEV5COC,int64,47299,3,0,0.0,IMPUTED SUBSTANCE USE DISORDER,,Predictor candidato,COCAINE USE DISORDER SEVERITY IN THE PAST YEAR - IMP IND,,0,True,Imputada
IRPYSEV5HER,int64,47299,4,0,0.0,IMPUTED SUBSTANCE USE DISORDER,,Predictor candidato,HEROIN USE DISORDER SEVERITY IN THE PAST YEAR - IMP REV,IRPYUD5HER,1,True,Imputada
IIPYSEV5HER,int64,47299,3,0,0.0,IMPUTED SUBSTANCE USE DISORDER,,Predictor candidato,HEROIN USE DISORDER SEVERITY IN THE PAST YEAR - IMP IND,,0,True,Imputada
IRPYSEV5HAL,int64,47299,4,0,0.0,IMPUTED SUBSTANCE USE DISORDER,,Predictor candidato,HALLUCINOGEN USE DISORDER SEVERITY IN THE PAST YR - IMP REV,IRPYUD5HAL,1,True,Imputada
IIPYSEV5HAL,int64,47299,3,0,0.0,IMPUTED SUBSTANCE USE DISORDER,,Predictor candidato,HALLUCINOGEN USE DISORDER SEVERITY IN THE PAST YR - IMP IND,,0,True,Imputada
IRPYSEV5INH,int64,47299,4,0,0.0,IMPUTED SUBSTANCE USE DISORDER,,Predictor candidato,INHALANT USE DISORDER SEVERITY IN THE PAST YEAR - IMP REV,IRPYUD5INH,1,True,Imputada
IIPYSEV5INH,int64,47299,3,0,0.0,IMPUTED SUBSTANCE USE DISORDER,,Predictor candidato,INHALANT USE DISORDER SEVERITY IN THE PAST YEAR - IMP IND,,0,True,Imputada
IRPYSEV5MTH,int64,47299,4,0,0.0,IMPUTED SUBSTANCE USE DISORDER,,Predictor candidato,METHAMPHETAMINE USE DISORDER SEVERITY IN PAST YR - IMP REV,IRPYUD5MTH,1,True,Imputada
IIPYSEV5MTH,int64,47299,3,0,0.0,IMPUTED SUBSTANCE USE DISORDER,,Predictor candidato,METHAMPHETAMINE USE DISORDER SEVERITY IN PAST YR - IMP IND,,0,True,Imputada
IRSEVPNRMIS,int64,47299,4,0,0.0,IMPUTED SUBSTANCE USE DISORDER,,Predictor candidato,"PAIN RELIEVER USE DISORDER SEVERITY, PY MISUSERS - IMP REV",IRUD5PNRMIS,1,True,Imputada
IISEVPNRMIS,int64,47299,3,0,0.0,IMPUTED SUBSTANCE USE DISORDER,,Predictor candidato,"PAIN RELIEVER USE DISORDER SEVERITY, PY MISUSERS - IMP IND",,0,True,Imputada
IRSEVPNRUNM2,int64,47299,4,0,0.0,IMPUTED SUBSTANCE USE DISORDER,,Predictor candidato,"PAIN RELIEVER USE DIS SEV, PY USERS BUT NOT MISUSERS-IMP REV",IRUD5PNRUNM2,1,True,Imputada
IISEVPNRUNM2,int64,47299,3,0,0.0,IMPUTED SUBSTANCE USE DISORDER,,Predictor candidato,"PAIN RELIEVER USE DIS SEV, PY USERS BUT NOT MISUSERS-IMP IND",,0,True,Imputada
IRSEVTRQMIS,int64,47299,4,0,0.0,IMPUTED SUBSTANCE USE DISORDER,,Predictor candidato,"TRANQUILIZER USE DISORDER SEVERITY, PY MISUSERS - IMP REV",IRUD5TRQMIS,1,True,Imputada
IISEVTRQMIS,int64,47299,3,0,0.0,IMPUTED SUBSTANCE USE DISORDER,,Predictor candidato,"TRANQUILIZER USE DISORDER SEVERITY, PY MISUSERS - IMP IND",,0,True,Imputada
IRSEVTRQUNM,int64,47299,4,0,0.0,IMPUTED SUBSTANCE USE DISORDER,,Predictor candidato,"TRANQUILIZER USE DIS SEV, PY USERS BUT NOT MISUSERS-IMP REV",IRUD5TRQUNM,1,True,Imputada
IISEVTRQUNM,int64,47299,3,0,0.0,IMPUTED SUBSTANCE USE DISORDER,,Predictor candidato,"TRANQUILIZER USE DIS SEV, PY USERS BUT NOT MISUSERS-IMP IND",,0,True,Imputada
IRSEVSTMMIS,int64,47299,4,0,0.0,IMPUTED SUBSTANCE USE DISORDER,,Predictor candidato,"STIMULANT USE DISORDER SEVERITY, PY MISUSERS - IMP REV",IRUD5STMMIS,1,True,Imputada
IISEVSTMMIS,int64,47299,3,0,0.0,IMPUTED SUBSTANCE USE DISORDER,,Predictor candidato,"STIMULANT USE DISORDER SEVERITY, PY MISUSERS - IMP IND",,0,True,Imputada
IRSEVSTMUNM,int64,47299,4,0,0.0,IMPUTED SUBSTANCE USE DISORDER,,Predictor candidato,"STIMULANT USE DIS SEV, PY USERS BUT NOT MISUSERS - IMP REV",IRUD5STMUNM,1,True,Imputada
IISEVSTMUNM,int64,47299,3,0,0.0,IMPUTED SUBSTANCE USE DISORDER,,Predictor candidato,"STIMULANT USE DIS SEV, PY USERS BUT NOT MISUSERS - IMP IND",,0,True,Imputada
IRSEVSEDMIS,int64,47299,4,0,0.0,IMPUTED SUBSTANCE USE DISORDER,,Predictor candidato,"SEDATIVE USE DISORDER SEVERITY, PY MISUSERS - IMP REV",IRUD5SEDMIS,1,True,Imputada
IISEVSEDMIS,int64,47299,3,0,0.0,IMPUTED SUBSTANCE USE DISORDER,,Predictor candidato,"SEDATIVE USE DISORDER SEVERITY, PY MISUSERS - IMP IND",,0,True,Imputada
IRSEVSEDUNM,int64,47299,4,0,0.0,IMPUTED SUBSTANCE USE DISORDER,,Predictor candidato,"SEDATIVE USE DIS SEV, PY USERS BUT NOT MISUSERS - IMP REV",IRUD5SEDUNM,1,True,Imputada
IISEVSEDUNM,int64,47299,3,0,0.0,IMPUTED SUBSTANCE USE DISORDER,,Predictor candidato,"SEDATIVE USE DIS SEV, PY USERS BUT NOT MISUSERS - IMP IND",,0,True,Imputada
UD5TRQSDANY,int64,47299,2,0,0.0,RECODED SUBSTANCE USE DISORDER,,Predictor candidato,RC-TRANQUILIZER OR SEDATIVE USE DISORDER - PAST YEAR USERS,"UDYR5SEDANY, UDYR5TRQANY",2,True,Recodificada
UD5PSYANY,int64,47299,2,0,0.0,RECODED SUBSTANCE USE DISORDER,,Predictor candidato,RC-PSYCHOTHERAPEUTIC USE DISORDER - PAST YEAR USERS,"UDYR5PNRANY, UDYR5SEDANY, UDYR5STMANY, UDYR5TRQANY",4,True,Recodificada
UD5OPIANY2,int64,47299,2,0,0.0,RECODED SUBSTANCE USE DISORDER,,Predictor candidato,RC-OPIOID (RX OPI OR HEROIN) USE DISORDER - PAST YEAR USERS,"IRPYUD5HER, UDYR5OPPRANY",2,True,Recodificada
UD5HROPANY,int64,47299,4,0,0.0,RECODED SUBSTANCE USE DISORDER,,Predictor candidato,RC-HEROIN/RX OPIOID USE DISORDER - PAST YEAR USERS,"IRPYUD5HER, UDYR5OPPRANY",2,True,Recodificada
UD5CNSANY,int64,47299,2,0,0.0,RECODED SUBSTANCE USE DISORDER,,Predictor candidato,RC-CNS STIMULANT USE DISORDER - PAST YEAR USERS,"IRPYUD5COC, IRPYUD5MTH, UDYR5STMANY",3,True,Recodificada
UD5ILLANY,int64,47299,2,0,0.0,RECODED SUBSTANCE USE DISORDER,,Predictor candidato,RC-DRUG USE DISORDER - PAST YEAR USERS,"IRPYUD5COC, IRPYUD5HAL, IRPYUD5HER, IRPYUD5INH, IRPYUD5MRJ, IRPYUD5MTH, UDYR5PNRANY, UDYR5SEDANY, UDYR5STMANY, UDYR5TRQANY",10,True,Recodificada
UD5IEMANY,int64,47299,2,0,0.0,RECODED SUBSTANCE USE DISORDER,,Predictor candidato,RC-DRUG OTHER THAN MRJ USE DISORDER - PAST YEAR USERS,"IRPYUD5COC, IRPYUD5HAL, IRPYUD5HER, IRPYUD5INH, IRPYUD5MTH, UDYR5PNRANY, UDYR5SEDANY, UDYR5STMANY, UDYR5TRQANY",9,True,Recodificada
UD5ILALANY,int64,47299,2,0,0.0,RECODED SUBSTANCE USE DISORDER,,Predictor candidato,RC-DRUG OR ALCOHOL USE DISORDER - PAST YEAR USERS,"IRPYUD5ALC, UD5ILLANY",2,True,Recodificada
UD5ILAALANY,int64,47299,2,0,0.0,RECODED SUBSTANCE USE DISORDER,,Predictor candidato,RC-DRUG AND ALCOHOL USE DISORDER - PAST YEAR USERS,"IRPYUD5ALC, UD5ILLANY",2,True,Recodificada
UD5ILNALANY,int64,47299,2,0,0.0,RECODED SUBSTANCE USE DISORDER,,Predictor candidato,"RC-DRUG USE DISORDER, NO ALC USE DISORDER - PAST YEAR USERS","IRPYUD5ALC, UD5ILLANY",2,True,Recodificada
UD5ALNILANY,int64,47299,2,0,0.0,RECODED SUBSTANCE USE DISORDER,,Predictor candidato,"RC-ALC USE DISORDER, NO DRUG USE DISORDER - PAST YEAR USERS","IRPYUD5ALC, UD5ILLANY",2,True,Recodificada
UDYR5OPPRANY,int64,47299,2,0,0.0,RECODED SUBSTANCE USE DISORDER,,Predictor candidato,"RC-RX OPIOID USE DISORDER, PY USERS","IRRXOPANYYR, UDYR5PNRANY2",2,True,Recodificada
UDYR5PNRANY2,int64,47299,2,0,0.0,RECODED SUBSTANCE USE DISORDER,,Predictor candidato,"RC-PAIN RELIEVER USE DISORDER, PY USERS","IRUD5PNRMIS, IRUD5PNRUNM2",2,True,Recodificada
UDYR5SEDANY,int64,47299,2,0,0.0,RECODED SUBSTANCE USE DISORDER,,Predictor candidato,"RC-SEDATIVE USE DISORDER, PY USERS","IRUD5SEDMIS, IRUD5SEDUNM",2,True,Recodificada
UDYR5STMANY,int64,47299,2,0,0.0,RECODED SUBSTANCE USE DISORDER,,Predictor candidato,"RC-STIMULANT USE DISORDER, PY USERS","IRUD5STMMIS, IRUD5STMUNM",2,True,Recodificada
UDYR5TRQANY,int64,47299,2,0,0.0,RECODED SUBSTANCE USE DISORDER,,Predictor candidato,"RC-TRANQUILIZER USE DISORDER, PY USERS","IRUD5TRQMIS, IRUD5TRQUNM",2,True,Recodificada
UD5CNSGRP,int64,47299,3,0,0.0,RECODED SUBSTANCE USE DISORDER,,Predictor candidato,"RC-CNS STM USE DISORDER - PY USE, MISUSE, USE/NOT MISUSE","IRPYUD5COC, IRPYUD5MTH, IRUD5STMMIS, IRUD5STMUNM",4,True,Recodificada
UD5OPIGRP,int64,47299,3,0,0.0,RECODED SUBSTANCE USE DISORDER,,Predictor candidato,"RC-OPIOID USE DISORDER - PY USE, MISUSE, USE/NOT MISUSE","IRPYUD5HER, IRRXOPNMYR, UDYR5OPPRANY",3,True,Recodificada
UD5TRQSDGRP,int64,47299,3,0,0.0,RECODED SUBSTANCE USE DISORDER,,Predictor candidato,"RC-TRQ/STM USE DISORDER - PY USE, MISUSE, USE/NOT MISUSE","IRUD5SEDMIS, IRUD5TRQMIS, UD5TRQSDANY",3,True,Recodificada
SEVYRPNRANY2,int64,47299,4,0,0.0,RECODED SUBSTANCE USE DISORDER,,Predictor candidato,"RC-PAIN RELIEVER USE DISORDER SEVERITY, PY USERS","IRSEVPNRMIS, IRSEVPNRUNM2",2,True,Recodificada
SEVYROPPRANY,int64,47299,4,0,0.0,RECODED SUBSTANCE USE DISORDER,,Predictor candidato,"RC-RX OPIOID USE DISORDER SEVERITY, PY USERS","IRRXOPANYYR, SEVYRPNRANY2",2,True,Recodificada
SEVYRTRQANY,int64,47299,4,0,0.0,RECODED SUBSTANCE USE DISORDER,,Predictor candidato,"RC-TRANQUILIZER USE DISORDER SEVERITY, PY USERS","IRSEVTRQMIS, IRSEVTRQUNM",2,True,Recodificada
SEVYRSTMANY,int64,47299,4,0,0.0,RECODED SUBSTANCE USE DISORDER,,Predictor candidato,"RC-STIMULANT USE DISORDER SEVERITY, PY USERS","IRSEVSTMMIS, IRSEVSTMUNM",2,True,Recodificada
SEVYRSEDANY,int64,47299,4,0,0.0,RECODED SUBSTANCE USE DISORDER,,Predictor candidato,"RC-SEDATIVE USE DISORDER SEVERITY, PY USERS","IRSEVSEDMIS, IRSEVSEDUNM",2,True,Recodificada
SVYRTQSDANY,int64,47299,4,0,0.0,RECODED SUBSTANCE USE DISORDER,,Predictor candidato,"RC-TRANQUILIZER OR SEDATIVE USE DISORDER SEVERITY, PY USERS","SEVYRSEDANY, SEVYRTRQANY",2,True,Recodificada
SVYRPSYANY,int64,47299,4,0,0.0,RECODED SUBSTANCE USE DISORDER,,Predictor candidato,"RC-PSYCHOTHERAPUETIC USE DISORDER SEVERITY, PY USERS","SEVYRPNRANY2, SEVYRSEDANY, SEVYRSTMANY, SEVYRTRQANY",4,True,Recodificada
SVYROPIANY2,int64,47299,4,0,0.0,RECODED SUBSTANCE USE DISORDER,,Predictor candidato,"RC-OPIOID (RX OPIOIDS OR HEROIN) USE DISORDER SEV, PY USERS","IRPYSEV5HER, SEVYROPPRANY",2,True,Recodificada
SVYRCNSANY,int64,47299,4,0,0.0,RECODED SUBSTANCE USE DISORDER,,Predictor candidato,"RC-CNS STIMULANT USE DISORDER SEVERITY, PY USERS","IRPYSEV5COC, IRPYSEV5MTH, SEVYRSTMANY",3,True,Recodificada
SVYRDUDANY,int64,47299,4,0,0.0,RECODED SUBSTANCE USE DISORDER,,Predictor candidato,"RC-DRUG USE DISORDER SEVERITY, PY USERS","IRPYSEV5COC, IRPYSEV5HAL, IRPYSEV5HER, IRPYSEV5INH, IRPYSEV5MRJ, IRPYSEV5MTH, SEVYRPNRANY2, SEVYRSEDANY, SEVYRSTMANY, SEVYRTRQANY",10,True,Recodificada
SVYRSUDANY,int64,47299,4,0,0.0,RECODED SUBSTANCE USE DISORDER,,Predictor candidato,"RC-SUBSTANCE USE DISORDER SEVERITY, PY USERS","IRPYSEV5ALC, IRPYSEV5COC, IRPYSEV5HAL, IRPYSEV5HER, IRPYSEV5INH, IRPYSEV5MRJ, IRPYSEV5MTH, SEVYRPNRANY2, SEVYRSEDANY, SEVYRSTMANY, SEVYRTRQANY",11,True,Recodificada
SVYRTQSDMIS,int64,47299,4,0,0.0,RECODED SUBSTANCE USE DISORDER,,Predictor candidato,"RC-TRANQUILIZER/SEDATIVE USE DISORDER SEVERITY, PY MISUSERS","IRUD5SEDMIS, IRUD5TRQMIS, UD5TRQSDGRP",3,True,Recodificada
SVYROPIMIS,int64,47299,4,0,0.0,RECODED SUBSTANCE USE DISORDER,,Predictor candidato,"RC-OPIOID USE DISORDER SEVERITY, PY MISUSERS","IRPYSEV5HER, IRRXOPNMYR, SEVYROPPRANY, UD5OPIGRP",4,True,Recodificada
SVYRCNSMIS,int64,47299,4,0,0.0,RECODED SUBSTANCE USE DISORDER,,Predictor candidato,"RC-CNS STIMULANT USE DISORDER SEVERITY, PY MISUSERS","IRPYSEV5COC, IRPYSEV5MTH, IRSEVSTMMIS, UD5CNSGRP",4,True,Recodificada
SVYRTQSDUNM,int64,47299,4,0,0.0,RECODED SUBSTANCE USE DISORDER,,Predictor candidato,"RC-TRANQ/SED USE DIS SEV, PY USERS/NOT MISUSERS ONLY","IRUD5SEDUNM, IRUD5TRQUNM, UD5TRQSDGRP",3,True,Recodificada
SVYROPIUNM,int64,47299,4,0,0.0,RECODED SUBSTANCE USE DISORDER,,Predictor candidato,"RC-OPIOID USE DIS SEV, PY RX OPIOID USERS/NOT MISUSERS ONLY","SEVYROPPRANY, UD5OPIGRP",2,True,Recodificada
SVYRCNSUNM,int64,47299,4,0,0.0,RECODED SUBSTANCE USE DISORDER,,Predictor candidato,"RC-CNS STIM USE DIS SEV, PY STM USERS/ NOT MISUSERS ONLY","IRSEVSTMUNM, UD5CNSGRP",2,True,Recodificada
MRJYRBFR,int64,47299,7,0,0.0,PRIOR SUBSTANCE USE,,Predictor candidato,USE MJ/CANNABIS EVEN ONCE YR BEFORE LAST,LU01,1,True,Original u otra
MRJAGLST,int64,47299,91,0,0.0,PRIOR SUBSTANCE USE,,Predictor candidato,HOW OLD WERE YOU THE LAST TIME USED MARIJUANA/CANNABIS,LU02,1,True,Original u otra
MRJYLU,int64,47299,10,0,0.0,PRIOR SUBSTANCE USE,,Predictor candidato,YEAR OF LAST MARIJUANA/CANNABIS USE - RECODE,"LU02A, LU02B, LU02C",3,True,Original u otra
MRJMLU,int64,47299,19,0,0.0,PRIOR SUBSTANCE USE,,Predictor candidato,MONTH OF LAST MARIJUANA/CANNABIS USE - RECODE,"LU02C, LU02D",2,True,Original u otra
CIGAGLST,int64,47299,91,0,0.0,PRIOR SUBSTANCE USE,,Predictor candidato,HOW OLD WERE YOU THE LAST TIME SMOKED CIGARETTE,LU03,1,True,Original u otra
CIGYLU,int64,47299,10,0,0.0,PRIOR SUBSTANCE USE,,Predictor candidato,YEAR OF LAST CIGARETTE USE - RECODE,"LU03A, LU03B, LU03C",3,True,Original u otra
CIGMLU,int64,47299,19,0,0.0,PRIOR SUBSTANCE USE,,Predictor candidato,MONTH OF LAST CIGARETTE USE - RECODE,"LU03C, LU03D",2,True,Original u otra
CIGDLLST,int64,47299,84,0,0.0,PRIOR SUBSTANCE USE,,Predictor candidato,HOW OLD WERE YOU THE LAST TIME SMOKED CIGS DAILY,LU04,1,True,Original u otra
CIGDLYLU,int64,47299,10,0,0.0,PRIOR SUBSTANCE USE,,Predictor candidato,YEAR OF LAST CIGARETTE USE EVERY DAY - RECODE,"LU04A, LU04B, LU04C",3,True,Original u otra
CIGDLMLU,int64,47299,19,0,0.0,PRIOR SUBSTANCE USE,,Predictor candidato,MONTH OF LAST CIGARETTE USE EVERY DAY - RECODE,"LU04C, LU04D",2,True,Original u otra
SMKAGLAST,int64,47299,79,0,0.0,PRIOR SUBSTANCE USE,,Predictor candidato,HOW OLD WERE YOU LAST THE TIME USED SMOKELESS TOB,LU05,1,True,Original u otra
SMKYRLAST,int64,47299,10,0,0.0,PRIOR SUBSTANCE USE,,Predictor candidato,YEAR OF LAST SMOKELESS TOBACCO USE - RECODE,"LU05A, LU05B, LU05C",3,True,Original u otra
SMKMOLAST,int64,47299,19,0,0.0,PRIOR SUBSTANCE USE,,Predictor candidato,MONTH OF LAST SMOKELESS TOBACCO USE - RECODE,"LU05C, LU05D",2,True,Original u otra
CGRAGLST,int64,47299,85,0,0.0,PRIOR SUBSTANCE USE,,Predictor candidato,HOW OLD WERE YOU THE LAST TIME SMOKED CIGAR/CIGARILLO,LU07,1,True,Original u otra
CIGARYLU,int64,47299,10,0,0.0,PRIOR SUBSTANCE USE,,Predictor candidato,YEAR OF LAST CIGAR/CIGARILLO USE - RECODE,"LU07A, LU07B, LU07C",3,True,Original u otra
CIGARMLU,int64,47299,19,0,0.0,PRIOR SUBSTANCE USE,,Predictor candidato,MONTH OF LAST CIGAR/CIGARILLO USE - RECODE,"LU07C, LU07D",2,True,Original u otra
ALCAGLST,int64,47299,101,0,0.0,PRIOR SUBSTANCE USE,,Predictor candidato,HOW OLD WERE YOU LAST TIME DRANK ALCOHOL BEVERAGE,LU08,1,True,Original u otra
ALCYLU,int64,47299,10,0,0.0,PRIOR SUBSTANCE USE,,Predictor candidato,YEAR OF LAST ALCOHOL USE - RECODE,"LU08A, LU08B, LU08C",3,True,Original u otra
ALCMLU,int64,47299,19,0,0.0,PRIOR SUBSTANCE USE,,Predictor candidato,MONTH OF LAST ALCOHOL USE - RECODE,"LU08C, LU08D",2,True,Original u otra
COCAGLST,int64,47299,71,0,0.0,PRIOR SUBSTANCE USE,,Predictor candidato,HOW OLD WERE YOU THE LAST TIME USED COCAINE,LU09,1,True,Original u otra
COCYLU,int64,47299,10,0,0.0,PRIOR SUBSTANCE USE,,Predictor candidato,YEAR OF LAST COCAINE USE - RECODE,"LU09A, LU09B, LU09C",3,True,Original u otra
COCMLU,int64,47299,19,0,0.0,PRIOR SUBSTANCE USE,,Predictor candidato,MONTH OF LAST COCAINE USE - RECODE,"LU09C, LU09D",2,True,Original u otra
CRKAGLST,int64,47299,64,0,0.0,PRIOR SUBSTANCE USE,,Predictor candidato,HOW OLD WERE YOU THE LAST TIME USED CRACK,LU10,1,True,Original u otra
CRKYLU,int64,47299,10,0,0.0,PRIOR SUBSTANCE USE,,Predictor candidato,YEAR OF LAST CRACK USE - RECODE,"LU10A, LU10B, LU10C",3,True,Original u otra
CRKMLU,int64,47299,19,0,0.0,PRIOR SUBSTANCE USE,,Predictor candidato,MONTH OF LAST CRACK USE - RECODE,"LU10C, LU10D",2,True,Original u otra
HERAGLST,int64,47299,56,0,0.0,PRIOR SUBSTANCE USE,,Predictor candidato,HOW OLD WERE YOU THE LAST TIME USED HEROIN,LU11,1,True,Original u otra
HERYLU,int64,47299,10,0,0.0,PRIOR SUBSTANCE USE,,Predictor candidato,YEAR OF LAST HEROIN USE - RECODE,"LU11A, LU11B, LU11C",3,True,Original u otra
HERMLU,int64,47299,19,0,0.0,PRIOR SUBSTANCE USE,,Predictor candidato,MONTH OF LAST HEROIN USE - RECODE,"LU11C, LU11D",2,True,Original u otra
HALLAGLST,int64,47299,73,0,0.0,PRIOR SUBSTANCE USE,,Predictor candidato,HOW OLD WERE YOU THE LAST TIME USED HALLUCINOGEN,LU12,1,True,Original u otra
HALLYRLST,int64,47299,10,0,0.0,PRIOR SUBSTANCE USE,,Predictor candidato,YEAR OF LAST HALLUCINOGEN USE - RECODE,"LU12A, LU12B, LU12C",3,True,Original u otra
HALLMOLST,int64,47299,19,0,0.0,PRIOR SUBSTANCE USE,,Predictor candidato,MONTH OF LAST HALLUCINOGEN USE - RECODE,"LU12C, LU12D",2,True,Original u otra
LSDAGLST,int64,47299,63,0,0.0,PRIOR SUBSTANCE USE,,Predictor candidato,HOW OLD WERE YOU THE LAST TIME USED LSD,LU13,1,True,Original u otra
LSDYLU,int64,47299,10,0,0.0,PRIOR SUBSTANCE USE,,Predictor candidato,YEAR OF LAST LSD USE - RECODE,"LU13A, LU13B, LU13C",3,True,Original u otra
LSDMLU,int64,47299,19,0,0.0,PRIOR SUBSTANCE USE,,Predictor candidato,MONTH OF LAST LSD USE - RECODE,"LU13C, LU13D",2,True,Original u otra
PCPAGLST,int64,47299,51,0,0.0,PRIOR SUBSTANCE USE,,Predictor candidato,HOW OLD WERE YOU THE LAST TIME USED PCP,LU14,1,True,Original u otra
PCPYLU,int64,47299,10,0,0.0,PRIOR SUBSTANCE USE,,Predictor candidato,YEAR OF LAST PCP USE - RECODE,"LU14A, LU14B, LU14C",3,True,Original u otra
PCPMLU,int64,47299,18,0,0.0,PRIOR SUBSTANCE USE,,Predictor candidato,MONTH OF LAST PCP USE - RECODE,"LU14C, LU14D",2,True,Original u otra
ECSTMOAGL,int64,47299,58,0,0.0,PRIOR SUBSTANCE USE,,Predictor candidato,HOW OLD WERE YOU THE LAST TIME USED ECSTASY/MOLLY,LU15,1,True,Original u otra
ECSTMOYLU,int64,47299,10,0,0.0,PRIOR SUBSTANCE USE,,Predictor candidato,YEAR OF LAST ECSTASY OR MOLLY USE - RECODE,"LU15A, LU15B, LU15C",3,True,Original u otra
ECSTMOMLU,int64,47299,19,0,0.0,PRIOR SUBSTANCE USE,,Predictor candidato,MONTH OF LAST ECSTASY OR MOLLY USE - RECODE,"LU15C, LU15D",2,True,Original u otra
INHLAGLST,int64,47299,74,0,0.0,PRIOR SUBSTANCE USE,,Predictor candidato,HOW OLD WERE YOU THE LAST TIME USED INHALANTS,LU16,1,True,Original u otra
INHLYRLST,int64,47299,10,0,0.0,PRIOR SUBSTANCE USE,,Predictor candidato,YEAR OF LAST INHALANT USE - RECODE,"LU16A, LU16B, LU16C",3,True,Original u otra
INHLMOLST,int64,47299,19,0,0.0,PRIOR SUBSTANCE USE,,Predictor candidato,MONTH OF LAST INHALANT USE - RECODE,"LU16C, LU16D",2,True,Original u otra
METHAGLST,int64,47299,67,0,0.0,PRIOR SUBSTANCE USE,,Predictor candidato,HOW OLD WERE YOU THE LAST TIME USED METH,LU17,1,True,Original u otra
METHYRLST,int64,47299,10,0,0.0,PRIOR SUBSTANCE USE,,Predictor candidato,YEAR OF LAST METHAMPHETAMINE USE - RECODE,"LU17A, LU17B, LU17C",3,True,Original u otra
METHMOLST,int64,47299,19,0,0.0,PRIOR SUBSTANCE USE,,Predictor candidato,MONTH OF LAST METH USE - RECODE,"LU17C, LU17D",2,True,Original u otra
CIGYRBFR,int64,47299,8,0,0.0,PRIOR SUBSTANCE USE,,Predictor candidato,SMOKE ALL OR PART OF CIGARETTE IN YR BEFORE LAST,LU37,1,True,Original u otra
ALCYRBFR,int64,47299,7,0,0.0,PRIOR SUBSTANCE USE,,Predictor candidato,HAVE ALCOHOLIC BEVERAGE IN YEAR BEFORE LAST,LU38,1,True,Original u otra
COCYRBFR,int64,47299,7,0,0.0,PRIOR SUBSTANCE USE,,Predictor candidato,HAVE ANY FORM OF COCAINE IN YEAR BEFORE LAST,LU39,1,True,Original u otra
SUTSUPPADB,int64,47299,11,0,0.0,ALCOHOL AND DRUG TREATMENT,,Predictor candidato,SUBSTANCE TYPE (ALC/DRGS/BOTH) PRTCPTD IN SUPP GRP FOR,TXSBHELA,1,True,Original u otra
SUTOPALC2,int64,47299,10,0,0.0,ALCOHOL AND DRUG TREATMENT,,Predictor candidato,RCVD OUTPATIENT TREATMENT FOR ALCOHOL USE - PST 12 MOS,TXSBSUOA,1,True,Original u otra
SUTOPMRJ2,int64,47299,10,0,0.0,ALCOHOL AND DRUG TREATMENT,,Predictor candidato,RCVD OUTPATIENT TREATMENT FOR MARIJUANA USE - PST 12 MOS,TXSBSUOB,1,True,Original u otra
SUTOPINHL2,int64,47299,9,0,0.0,ALCOHOL AND DRUG TREATMENT,,Predictor candidato,RCVD OUTPATIENT TREATMENT FOR INHALANT USE - PST 12 MOS,TXSBSUOC,1,True,Original u otra
SUTOPHALL2,int64,47299,10,0,0.0,ALCOHOL AND DRUG TREATMENT,,Predictor candidato,RCVD OUTPATIENT TREATMENT FOR HALLUCINOGEN USE - PST 12 MOS,TXSBSUOD,1,True,Original u otra
SUTOPCOC2,int64,47299,10,0,0.0,ALCOHOL AND DRUG TREATMENT,,Predictor candidato,RCVD OUTPATIENT TREATMENT FOR COCAINE USE - PST 12 MOS,TXSBSUOE,1,True,Original u otra
SUTOPHER2,int64,47299,7,0,0.0,ALCOHOL AND DRUG TREATMENT,,Predictor candidato,RCVD OUTPATIENT TREATMENT FOR HEROIN USE - PST 12 MOS,TXSBSUOF,1,True,Original u otra
SUTOPMETH2,int64,47299,8,0,0.0,ALCOHOL AND DRUG TREATMENT,,Predictor candidato,RCVD OUTPATIENT TREATMENT FOR METHAMPHETAMINE USE-PST 12 MOS,TXSBSUOG,1,True,Original u otra
SUTOPPNR2,int64,47299,11,0,0.0,ALCOHOL AND DRUG TREATMENT,,Predictor candidato,RCVD OUTPATIENT TREATMENT FOR PAIN RELIEVER USE - PST 12 MOS,TXSBSUOH,1,True,Original u otra
SUTOPSTM2,int64,47299,10,0,0.0,ALCOHOL AND DRUG TREATMENT,,Predictor candidato,RCVD OUTPATIENT TREATMENT FOR STIMULANT USE - PST 12 MOS,TXSBSUOI,1,True,Original u otra
SUTOPTRQ2,int64,47299,11,0,0.0,ALCOHOL AND DRUG TREATMENT,,Predictor candidato,RCVD OUTPATIENT TREATMENT FOR TRANQUILIZER USE - PST 12 MOS,TXSBSUOJ,1,True,Original u otra
SUTOPSED2,int64,47299,8,0,0.0,ALCOHOL AND DRUG TREATMENT,,Predictor candidato,RCVD OUTPATIENT TREATMENT FOR SEDATIVE USE - PST 12 MOS,TXSBSUOK,1,True,Original u otra
SUTOPODG2,int64,47299,9,0,0.0,ALCOHOL AND DRUG TREATMENT,,Predictor candidato,RCVD OUTPATIENT TREATMENT FOR OTHER DRUG USE - PST 12 MOS,TXSBSUOL,1,True,Original u otra
SUTPHVIADB,int64,47299,11,0,0.0,ALCOHOL AND DRUG TREATMENT,,Predictor candidato,SUBSTANCE TYPE (ALC/DRGS/BOTH) RCVD PHONE/VIDEO SRVCS FOR,TXSBSRVA,1,True,Original u otra
SUTPEERADB,int64,47299,12,0,0.0,ALCOHOL AND DRUG TREATMENT,,Predictor candidato,SUB TYPE (ALC/DRG/BOTH) RCVD HELP FROM PEER SUPP SPCLST FOR,TXSBSRVD,1,True,Original u otra
SUTUNCOST2,int64,47299,7,0,0.0,ALCOHOL AND DRUG TREATMENT,,Predictor candidato,UNMET SUB TRMT NEED: TREATMENT COST TOO MUCH,TXSBNOA,1,True,Original u otra
SUTUNINSCV2,int64,47299,7,0,0.0,ALCOHOL AND DRUG TREATMENT,,Predictor candidato,UNMET SUB TRMT NEED: NO HEALTH INSURANCE COVERAGE FOR TRMT,TXSBNOB,1,True,Original u otra
SUTUNENFCV2,int64,47299,7,0,0.0,ALCOHOL AND DRUG TREATMENT,,Predictor candidato,UNMET SUB TRMT NEED: HEALTH INSURANCE DID NOT COVER ENOUGH,TXSBNOC,1,True,Original u otra
SUTUNWHER2,int64,47299,7,0,0.0,ALCOHOL AND DRUG TREATMENT,,Predictor candidato,UNMET SUB TRMT NEED: DID NOT KNOW HOW/WHERE TO GET TREATMENT,TXSBNOD,1,True,Original u otra
SUTUNNOFND2,int64,47299,7,0,0.0,ALCOHOL AND DRUG TREATMENT,,Predictor candidato,UNMET SUB TRMT NEED: COULD NOT FIND PREFERRED PROVIDER,TXSBNOE,1,True,Original u otra
SUTUNNOOPN2,int64,47299,7,0,0.0,ALCOHOL AND DRUG TREATMENT,,Predictor candidato,UNMET SUB TRMT NEED: NO OPENINGS WITH PREFERRED PROVIDER,TXSBNOF,1,True,Original u otra
SUTUNPROBS2,int64,47299,7,0,0.0,ALCOHOL AND DRUG TREATMENT,,Predictor candidato,"UNMET SUB TRMT NEED: PROB W/TRANS, CHILD CARE, APPT TIMES",TXSBNOG,1,True,Original u otra
SUTUNTIME2,int64,47299,7,0,0.0,ALCOHOL AND DRUG TREATMENT,,Predictor candidato,UNMET SUB TRMT NEED: NOT ENOUGH TIME FOR TREATMENT,TXSBNOH,1,True,Original u otra
SUTUNPRIV2,int64,47299,7,0,0.0,ALCOHOL AND DRUG TREATMENT,,Predictor candidato,UNMET SUB TRMT NEED: WORRIED THAT INFO NOT KEPT PRIVATE,TXSBNOI,1,True,Original u otra
SUTUNPTHNK2,int64,47299,7,0,0.0,ALCOHOL AND DRUG TREATMENT,,Predictor candidato,UNMET SUB TRMT NEED: WORRIED WHAT PEOPLE WOULD THINK OR SAY,TXSBNOJ,1,True,Original u otra
SUTUNCONSQ2,int64,47299,7,0,0.0,ALCOHOL AND DRUG TREATMENT,,Predictor candidato,"UNMET SUB TRMT NEED: WORRIED LOSS OF JOB, HOME, CHLDRN, ETC",TXSBNOK,1,True,Original u otra
SUTUNSTART2,int64,47299,7,0,0.0,ALCOHOL AND DRUG TREATMENT,,Predictor candidato,UNMET SUB TRMT NEED: NOT READY TO START TREATMENT,TXSBNOL,1,True,Original u otra
SUTUNQUIT2,int64,47299,7,0,0.0,ALCOHOL AND DRUG TREATMENT,,Predictor candidato,UNMET SUB TRMT NEED: NOT RDY TO STOP/CUT BCK ON ALC/DRUG USE,TXSBNOM,1,True,Original u otra
SUTUNHNDL2,int64,47299,7,0,0.0,ALCOHOL AND DRUG TREATMENT,,Predictor candidato,UNMET SUB TRMT NEED: THGHT COULD HANDLE ALC/DRUG USE ON OWN,TXSBNON,1,True,Original u otra
SUTUNFFLKE2,int64,47299,7,0,0.0,ALCOHOL AND DRUG TREATMENT,,Predictor candidato,UNMET SUB TRMT NEED: FAMILY/FRIENDS/RELIG GROUP WOULDNT LIKE,TXSBNOO,1,True,Original u otra
SUTUNFORCE2,int64,47299,7,0,0.0,ALCOHOL AND DRUG TREATMENT,,Predictor candidato,UNMET SUB TRMT NEED: WORRIED ABOUT BEING FORCED AGAINST WILL,TXSBNOP,1,True,Original u otra
SUTUNNOHLP2,int64,47299,7,0,0.0,ALCOHOL AND DRUG TREATMENT,,Predictor candidato,UNMET SUB TRMT NEED: DIDN'T THINK TREATMENT WOULD HELP,TXSBNOQ,1,True,Original u otra
SUTUNCARE2,int64,47299,7,0,0.0,ALCOHOL AND DRUG TREATMENT,,Predictor candidato,UNMET SUB TRMT NEED: NO ONE WOULD CARE IF YOU GOT BETTER,TXSBNOR,1,True,Original u otra
IRSUTSUPPGRP,int64,47299,2,0,0.0,IMPUTED ALCOHOL AND DRUG TREATMENT,,Predictor candidato,PARTICIPATED IN SUPPORT GRP FOR SUBSTANCE USE - PY - IMP REV,,0,True,Imputada
IISUTSUPPGRP,int64,47299,4,0,0.0,IMPUTED ALCOHOL AND DRUG TREATMENT,,Predictor candidato,PARTICIPATED IN SUPPORT GRP FOR SUBSTANCE USE - PY - IMP IND,,0,True,Imputada
IRSUTERED,int64,47299,2,0,0.0,IMPUTED ALCOHOL AND DRUG TREATMENT,,Predictor candidato,SEEN IN EMERGENCY ROOM/DEPT FOR SUBSTANCE USE - PY - IMP REV,,0,True,Imputada
IISUTERED,int64,47299,3,0,0.0,IMPUTED ALCOHOL AND DRUG TREATMENT,,Predictor candidato,SEEN IN EMERGENCY ROOM/DEPT FOR SUBSTANCE USE - PY - IMP IND,,0,True,Imputada
IRSUTINHOSP2,int64,47299,2,0,0.0,IMPUTED ALCOHOL AND DRUG TREATMENT,,Predictor candidato,RCVD SUB TRMT AT HOSPITAL AS INPATIENT - PY - IMP REV,,0,True,Imputada
IISUTINHOSP2,int64,47299,4,0,0.0,IMPUTED ALCOHOL AND DRUG TREATMENT,,Predictor candidato,RCVD SUB TRMT AT HOSPITAL AS INPATIENT - PY - IMP IND,,0,True,Imputada
IRSUTINRHAB2,int64,47299,2,0,0.0,IMPUTED ALCOHOL AND DRUG TREATMENT,,Predictor candidato,RCVD SUB TRMT AT RSDNTL SUB REHAB/TRMT CTR - PY - IMP REV,,0,True,Imputada
IISUTINRHAB2,int64,47299,3,0,0.0,IMPUTED ALCOHOL AND DRUG TREATMENT,,Predictor candidato,RCVD SUB TRMT AT RSDNTL SUB REHAB/TRMT CTR - PY - IMP IND,,0,True,Imputada
IRSUTINRSMH2,int64,47299,2,0,0.0,IMPUTED ALCOHOL AND DRUG TREATMENT,,Predictor candidato,RCVD SUB TRMT AT RSDNTL MNTL HLTH TRMT CTR - PY - IMP REV,,0,True,Imputada
IISUTINRSMH2,int64,47299,3,0,0.0,IMPUTED ALCOHOL AND DRUG TREATMENT,,Predictor candidato,RCVD SUB TRMT AT RSDNTL MNTL HLTH TRMT CTR - PY - IMP IND,,0,True,Imputada
IRSUTINOPL2,int64,47299,2,0,0.0,IMPUTED ALCOHOL AND DRUG TREATMENT,,Predictor candidato,RCVD SUB TRMT AT OTHER PLACE AS INPATIENT - PY - IMP REV,,0,True,Imputada
IISUTINOPL2,int64,47299,4,0,0.0,IMPUTED ALCOHOL AND DRUG TREATMENT,,Predictor candidato,RCVD SUB TRMT AT OTHER PLACE AS INPATIENT - PY - IMP IND,,0,True,Imputada
IRSUTOPRHAB2,int64,47299,2,0,0.0,IMPUTED ALCOHOL AND DRUG TREATMENT,,Predictor candidato,RCVD SUB TRMT AT OUTPTNT SUB REHAB/TRMT CTR - PY - IMP REV,,0,True,Imputada
IISUTOPRHAB2,int64,47299,3,0,0.0,IMPUTED ALCOHOL AND DRUG TREATMENT,,Predictor candidato,RCVD SUB TRMT AT OUTPTNT SUB REHAB/TRMT CTR - PY - IMP IND,,0,True,Imputada
IRSUTOPMHCR2,int64,47299,2,0,0.0,IMPUTED ALCOHOL AND DRUG TREATMENT,,Predictor candidato,RCVD SUB TRMT AT OUTPTNT MNTL HLTH TRMT CTR - PY - IMP REV,,0,True,Imputada
IISUTOPMHCR2,int64,47299,3,0,0.0,IMPUTED ALCOHOL AND DRUG TREATMENT,,Predictor candidato,RCVD SUB TRMT AT OUTPTNT MNTL HLTH TRMT CTR - PY - IMP IND,,0,True,Imputada
IRSUTOPTHRP2,int64,47299,2,0,0.0,IMPUTED ALCOHOL AND DRUG TREATMENT,,Predictor candidato,RCVD SUB TRMT AT THERAPIST OFFICE - PY - IMP REV,,0,True,Imputada
IISUTOPTHRP2,int64,47299,3,0,0.0,IMPUTED ALCOHOL AND DRUG TREATMENT,,Predictor candidato,RCVD SUB TRMT AT THERAPIST OFFICE - PY - IMP IND,,0,True,Imputada
IRSUTOPDOC2,int64,47299,2,0,0.0,IMPUTED ALCOHOL AND DRUG TREATMENT,,Predictor candidato,RCVD SUB TRMT AT GENERAL MEDICAL OFFICE - PY - IMP REV,,0,True,Imputada
IISUTOPDOC2,int64,47299,4,0,0.0,IMPUTED ALCOHOL AND DRUG TREATMENT,,Predictor candidato,RCVD SUB TRMT AT GENERAL MEDICAL OFFICE - PY - IMP IND,,0,True,Imputada
IRSUTOPHOSP2,int64,47299,2,0,0.0,IMPUTED ALCOHOL AND DRUG TREATMENT,,Predictor candidato,RCVD SUB TRMT AT HOSPITAL AS OUTPATIENT - PY - IMP REV,,0,True,Imputada
IISUTOPHOSP2,int64,47299,3,0,0.0,IMPUTED ALCOHOL AND DRUG TREATMENT,,Predictor candidato,RCVD SUB TRMT AT HOSPITAL AS OUTPATIENT - PY - IMP IND,,0,True,Imputada
IRSUTOPSCHL2,int64,47299,2,0,0.0,IMPUTED ALCOHOL AND DRUG TREATMENT,,Predictor candidato,RCVD SUB TRMT AT SCHOOL HEALTH/COUNSELING - PY - IMP REV,,0,True,Imputada
IISUTOPSCHL2,int64,47299,3,0,0.0,IMPUTED ALCOHOL AND DRUG TREATMENT,,Predictor candidato,RCVD SUB TRMT AT SCHOOL HEALTH/COUNSELING - PY - IMP IND,,0,True,Imputada
IRSUTOPOPL2,int64,47299,2,0,0.0,IMPUTED ALCOHOL AND DRUG TREATMENT,,Predictor candidato,RCVD SUB TRMT AT OTHER PLACE AS OUTPATIENT - PY - IMP REV,,0,True,Imputada
IISUTOPOPL2,int64,47299,3,0,0.0,IMPUTED ALCOHOL AND DRUG TREATMENT,,Predictor candidato,RCVD SUB TRMT AT OTHER PLACE AS OUTPATIENT - PY - IMP IND,,0,True,Imputada
IRSUTRXALC,int64,47299,2,0,0.0,IMPUTED ALCOHOL AND DRUG TREATMENT,,Predictor candidato,USED RX MED TO HELP CUT BACK OR STOP ALCOHOL USE - IMP REV,,0,True,Imputada
IISUTRXALC,int64,47299,3,0,0.0,IMPUTED ALCOHOL AND DRUG TREATMENT,,Predictor candidato,USED RX MED TO HELP CUT BACK OR STOP ALCOHOL USE - IMP IND,,0,True,Imputada
IRSUTRXDRG,int64,47299,2,0,0.0,IMPUTED ALCOHOL AND DRUG TREATMENT,,Predictor candidato,USED RX MED TO HELP CUT BACK/STOP HER/PNR USE - IMP REV,,0,True,Imputada
IISUTRXDRG,int64,47299,3,0,0.0,IMPUTED ALCOHOL AND DRUG TREATMENT,,Predictor candidato,USED RX MED TO HELP CUT BACK/STOP HER/PNR USE - IMP IND,,0,True,Imputada
IRSUTODRVMED,int64,47299,2,0,0.0,IMPUTED ALCOHOL AND DRUG TREATMENT,,Predictor candidato,TREATED WITH OVERDOSE REVERSAL MEDICATION - PY - IMP REV,,0,True,Imputada
IISUTODRVMED,int64,47299,3,0,0.0,IMPUTED ALCOHOL AND DRUG TREATMENT,,Predictor candidato,TREATED WITH OVERDOSE REVERSAL MEDICATION - PY - IMP IND,,0,True,Imputada
IRSUTPHVID,int64,47299,2,0,0.0,IMPUTED ALCOHOL AND DRUG TREATMENT,,Predictor candidato,RCVD PHONE/VIDEO SVCS FOR SUB USE - PY - IMP REV,,0,True,Imputada
IISUTPHVID,int64,47299,4,0,0.0,IMPUTED ALCOHOL AND DRUG TREATMENT,,Predictor candidato,RCVD PHONE/VIDEO SVCS FOR SUB USE - PY - IMP IND,,0,True,Imputada
IRSUTDETOX,int64,47299,2,0,0.0,IMPUTED ALCOHOL AND DRUG TREATMENT,,Predictor candidato,RCVD DETOX SRVCS FOR SUB USE WITHDRAWAL SYMPT - PY - IMP REV,,0,True,Imputada
IISUTDETOX,int64,47299,3,0,0.0,IMPUTED ALCOHOL AND DRUG TREATMENT,,Predictor candidato,RCVD DETOX SRVCS FOR SUB USE WITHDRAWAL SYMPT - PY - IMP IND,,0,True,Imputada
IRSUTPEERSPC,int64,47299,2,0,0.0,IMPUTED ALCOHOL AND DRUG TREATMENT,,Predictor candidato,RCVD SUB USE HELP FM PEER SUPP SPCLST/RCVY COACH-PY-IMP REV,,0,True,Imputada
IISUTPEERSPC,int64,47299,3,0,0.0,IMPUTED ALCOHOL AND DRUG TREATMENT,,Predictor candidato,RCVD SUB USE HELP FM PEER SUPP SPCLST/RCVY COACH-PY-IMP IND,,0,True,Imputada
SUTINPPY2,int64,47299,2,0,0.0,RECODED ALCOHOL AND DRUG TREATMENT,,Predictor candidato,RC-RCVD SUB USE TREATMENT AS AN INPATIENT - PAST YEAR,"IRSUTINHOSP2, IRSUTINRHAB2, IRSUTINRSMH2",3,True,Recodificada
SUTOPPY2,int64,47299,2,0,0.0,RECODED ALCOHOL AND DRUG TREATMENT,,Predictor candidato,RC-RCVD SUB USE TREATMENT AS AN OUTPATIENT - PAST YEAR,"IRSUTOPDOC2, IRSUTOPHOSP2, IRSUTOPMHCR2, IRSUTOPRHAB2, IRSUTOPSCHL2, IRSUTOPTHRP2",6,True,Recodificada
SUTOPNDOC2,int64,47299,2,0,0.0,RECODED ALCOHOL AND DRUG TREATMENT,,Predictor candidato,RC-RCVD SUB TRMT AS AN OUTPATIENT OTHER THAN GEN MED-PY,"IRSUTOPHOSP2, IRSUTOPMHCR2, IRSUTOPRHAB2, IRSUTOPSCHL2, IRSUTOPTHRP2",5,True,Recodificada
SUTOPALCPY2,int64,47299,2,0,0.0,RECODED ALCOHOL AND DRUG TREATMENT,,Predictor candidato,RC- RCVD SUB USE TRMT AS AN OUTPATIENT FOR ALCOHOL USE - PY,"SUTOPALC2, SUTOPPY2",2,True,Recodificada
SUTOPMRJPY2,int64,47299,2,0,0.0,RECODED ALCOHOL AND DRUG TREATMENT,,Predictor candidato,RC-RCVD SUB USE TRMT AS AN OUTPATIENT FOR MARIJUANA USE - PY,"SUTOPMRJ2, SUTOPPY2",2,True,Recodificada
SUTOPCOCPY2,int64,47299,2,0,0.0,RECODED ALCOHOL AND DRUG TREATMENT,,Predictor candidato,RC-RCVD SUB USE TRMT AS AN OUTPATIENT FOR COCAINE USE - PY,"SUTOPCOC2, SUTOPPY2",2,True,Recodificada
SUTOPHERPY2,int64,47299,2,0,0.0,RECODED ALCOHOL AND DRUG TREATMENT,,Predictor candidato,RC-RCVD SUB USE TRMT AS AN OUTPATIENT FOR HEROIN USE - PY,"SUTOPHER2, SUTOPPY2",2,True,Recodificada
SUTOPHALPY2,int64,47299,2,0,0.0,RECODED ALCOHOL AND DRUG TREATMENT,,Predictor candidato,RC-RCVD SUB USE TRMT AS AN OUTPATIENT FOR HALLUC USE - PY,"SUTOPHALL2, SUTOPPY2",2,True,Recodificada
SUTOPINHPY2,int64,47299,2,0,0.0,RECODED ALCOHOL AND DRUG TREATMENT,,Predictor candidato,RC-RCVD SUB USE TRMT AS AN OUTPATIENT FOR INHALANT USE - PY,"SUTOPINHL2, SUTOPPY2",2,True,Recodificada
SUTOPMTHPY2,int64,47299,2,0,0.0,RECODED ALCOHOL AND DRUG TREATMENT,,Predictor candidato,RC-RCVD SUB USE TRMT AS AN OUTPATIENT FOR METHAM USE - PY,"SUTOPMETH2, SUTOPPY2",2,True,Recodificada
SUTOPPNRPY2,int64,47299,2,0,0.0,RECODED ALCOHOL AND DRUG TREATMENT,,Predictor candidato,RC-RCVD SUB USE TRMT AS AN OUTPATIENT FOR PAIN REL USE - PY,"SUTOPPNR2, SUTOPPY2",2,True,Recodificada
SUTOPSTMPY2,int64,47299,2,0,0.0,RECODED ALCOHOL AND DRUG TREATMENT,,Predictor candidato,RC-RCVD SUB USE TRMT AS AN OUTPATIENT FOR STIM USE - PY,"SUTOPPY2, SUTOPSTM2",2,True,Recodificada
SUTOPTRQPY2,int64,47299,2,0,0.0,RECODED ALCOHOL AND DRUG TREATMENT,,Predictor candidato,RC-RCVD SUB USE TRMT AS AN OUTPATIENT FOR TRANQ USE - PY,"SUTOPPY2, SUTOPTRQ2",2,True,Recodificada
SUTOPSEDPY2,int64,47299,2,0,0.0,RECODED ALCOHOL AND DRUG TREATMENT,,Predictor candidato,RC-RCVD SUB USE TRMT AS AN OUTPATIENT FOR SEDATIVE USE-PY,"SUTOPPY2, SUTOPSED2",2,True,Recodificada
SUTOPTQSDPY2,int64,47299,2,0,0.0,RECODED ALCOHOL AND DRUG TREATMENT,,Predictor candidato,RC-RCVD SUB USE TRMT AS AN OUTPATIENT FOR TRQ OR SED USE-PY,"SUTOPSEDPY2, SUTOPTRQPY2",2,True,Recodificada
SUTOPPSYPY2,int64,47299,2,0,0.0,RECODED ALCOHOL AND DRUG TREATMENT,,Predictor candidato,RC-RCVD SUB USE TRMT AS AN OUTPATIENT FOR PSYCHO USE - PY,"SUTOPPNRPY2, SUTOPSEDPY2, SUTOPSTMPY2",3,True,Recodificada
SUTOPOPIPY2,int64,47299,2,0,0.0,RECODED ALCOHOL AND DRUG TREATMENT,,Predictor candidato,RC-RCVD SUB USE TRMT AS AN OUTPATIENT FOR OPIOID USE - PY,"SUTOPHERPY2, SUTOPPNRPY2",2,True,Recodificada
SUTOPCNSPY2,int64,47299,2,0,0.0,RECODED ALCOHOL AND DRUG TREATMENT,,Predictor candidato,RC-RCVD SUB USE TRMT AS AN OUTPATIENT FOR CNS USE - PY,"SUTOPCOCPY2, SUTOPMTHPY2, SUTOPSTMPY2",3,True,Recodificada
SUTOPDRGPY2,int64,47299,2,0,0.0,RECODED ALCOHOL AND DRUG TREATMENT,,Predictor candidato,RC-RCVD SUB USE TRMT AS AN OUTPATIENT FOR DRUG USE - PY,"SUTOPCOCPY2, SUTOPHALPY2, SUTOPHERPY2, SUTOPINHPY2, SUTOPMRJPY2, SUTOPMTHPY2, SUTOPPNRPY2, SUTOPSEDPY2, SUTOPSTMPY2, SUTOPTRQPY2",10,True,Recodificada
SUTOPDRALPY2,int64,47299,2,0,0.0,RECODED ALCOHOL AND DRUG TREATMENT,,Predictor candidato,RC-RCVD SUB USE TRMT AS AN OUTPATIENT FOR DRUGS AND ALC - PY,"SUTOPALCPY2, SUTOPDRGPY2",2,True,Recodificada
SUTOPUNSPPY2,int64,47299,2,0,0.0,RECODED ALCOHOL AND DRUG TREATMENT,,Predictor candidato,RC-RCVD SUB USE TRMT AS AN OUTPATIENT - SUB UNSPECIFIED - PY,"SUTOPALCPY2, SUTOPDRGPY2, SUTOPPY2",3,True,Recodificada
SUTPHVIDRG,float64,47257,2,42,0.089,RECODED ALCOHOL AND DRUG TREATMENT,,Predictor candidato,RC-RCVD PHONE/VIDEO SERVICES FOR DRUG USE - PAST YEAR,"ALCFLAG, ILLFLAG, IRSUTPHVID, PSYANYFLAG2, SUTPHVIADB",5,True,Recodificada
SUTPHVIALC,float64,47257,2,42,0.089,RECODED ALCOHOL AND DRUG TREATMENT,,Predictor candidato,RC-RCVD PHONE/VIDEO SERVICES FOR ALCOHOL USE - PAST YEAR,"ALCFLAG, ILLFLAG, IRSUTPHVID, PSYANYFLAG2, SUTPHVIADB",5,True,Recodificada
SUTRTPY2,int64,47299,2,0,0.0,RECODED ALCOHOL AND DRUG TREATMENT,,Predictor candidato,RC-RCVD SUBSTANCE USE TREATMENT - PAST YEAR,"IRSUTPHVID, IRSUTRXALC, IRSUTRXDRG, SUTINPPY2, SUTOPPY2",5,True,Recodificada
SUTRTDRGPY2,int64,47299,2,0,0.0,RECODED ALCOHOL AND DRUG TREATMENT,,Predictor candidato,RC-RCVD SUB USE TREATMENT FOR DRUG USE - PAST YEAR,"ALCFLAG, ILLFLAG, IRSUTRXDRG, PSYANYFLAG2, SUTOPDRGPY2, SUTPHVIDRG, SUTRTPY2",7,True,Recodificada
SUTRTALCPY2,int64,47299,2,0,0.0,RECODED ALCOHOL AND DRUG TREATMENT,,Predictor candidato,RC-RCVD SUB USE TREATMENT FOR ALCOHOL USE - PAST YEAR,"ALCFLAG, ILLFLAG, IRSUTRXALC, PSYANYFLAG2, SUTOPALCPY2, SUTPHVIALC, SUTRTPY2",7,True,Recodificada
SUTRTDRALPY2,int64,47299,2,0,0.0,RECODED ALCOHOL AND DRUG TREATMENT,,Predictor candidato,RC-RCVD SUB USE TREATMENT FOR DRUG AND ALCOHOL USE - PST YR,"SUTRTALCPY2, SUTRTDRGPY2",2,True,Recodificada
SUTRTUNSPPY2,int64,47299,2,0,0.0,RECODED ALCOHOL AND DRUG TREATMENT,,Predictor candidato,RC-RCVD SUB USE TREATMENT - SUB UNSPECIFIED - PAST YEAR,"SUTRTALCPY2, SUTRTDRGPY2, SUTRTPY2",3,True,Recodificada
SUTRTOSVPY2,int64,47299,2,0,0.0,RECODED ALCOHOL AND DRUG TREATMENT,,Predictor candidato,RC-RCVD SUB USE TREATMENT OR OTHER SERVICES - PAST YEAR,"IRSUTDETOX, IRSUTERED, IRSUTODRVMED, IRSUTPEERSPC, IRSUTSUPPGRP, SUTRTPY2",6,True,Recodificada
SUTNEEDPY2,int64,47299,2,0,0.0,RECODED ALCOHOL AND DRUG TREATMENT,,Predictor candidato,RC-CLASSIFIED AS NEEDING SUBSTANCE USE TREATMENT - PAST YEAR,"SUTRTPY2, UD5ILALANY",2,True,Recodificada
SUTNEDALCPY2,int64,47299,2,0,0.0,RECODED ALCOHOL AND DRUG TREATMENT,,Predictor candidato,RC-CLASSIFIED AS NEEDING SUB USE TRMT FOR ALC USE - PST YR,"IRPYUD5ALC, SUTRTALCPY2",2,True,Recodificada
SUTSKTHPY2,float64,44576,2,2723,5.757,RECODED ALCOHOL AND DRUG TREATMENT,,Predictor candidato,"RC-SOUGHT OR THGHT SHLD GET SUB USE TRT, DIDNT RCV TRT - PY","ALCFLAG, ILLFLAG, PSYANYFLAG2, SUTRTPY2",4,True,Recodificada
SUNTCOST2,float64,460,2,46839,99.027,RECODED ALCOHOL AND DRUG TREATMENT,,Predictor candidato,RC-UNMET PY SUB USE TRT NEED: THOUGHT COST TOO MUCH,"SUTSKTHPY2, SUTUNCOST2",2,True,Recodificada
SUNTINSCV2,float64,432,2,46867,99.087,RECODED ALCOHOL AND DRUG TREATMENT,,Predictor candidato,RC-UNMET PY SUB USE TRT NEED: NO HEALTH INSUR COVERAGE,"SUTSKTHPY2, SUTUNINSCV2",2,True,Recodificada
SUNTENCV2,float64,424,2,46875,99.104,RECODED ALCOHOL AND DRUG TREATMENT,,Predictor candidato,RC-UNMET PY SUB USE TRT NEED: HLTH INSUR DIDNT COVER ENOUGH,"SUTSKTHPY2, SUTUNENFCV2",2,True,Recodificada
SUNTWHER2,float64,462,2,46837,99.023,RECODED ALCOHOL AND DRUG TREATMENT,,Predictor candidato,RC-UNMET PY SUB USE TRT NEED: DIDNT KNOW WHERE TO GET TRT,"SUTSKTHPY2, SUTUNWHER2",2,True,Recodificada
SUNTNOFND2,float64,444,2,46855,99.061,RECODED ALCOHOL AND DRUG TREATMENT,,Predictor candidato,RC-UNMET PY SUB USE TRT NEED: COULDNT FIND PREFERRED PROVIDR,"SUTSKTHPY2, SUTUNNOFND2",2,True,Recodificada
SUNTNOOPN2,float64,431,2,46868,99.089,RECODED ALCOHOL AND DRUG TREATMENT,,Predictor candidato,RC-UNMET PY SUB USE TRT NEED: NO OPENING W/ PREFERRED PROVID,"SUTSKTHPY2, SUTUNNOOPN2",2,True,Recodificada
SUNTPROBS2,float64,454,2,46845,99.04,RECODED ALCOHOL AND DRUG TREATMENT,,Predictor candidato,"RC-UNMET PY SUB USE TRT NEED: PROB W/TRAN, CHLDCARE, APPT TM","SUTSKTHPY2, SUTUNPROBS2",2,True,Recodificada
SUNTTIME2,float64,455,2,46844,99.038,RECODED ALCOHOL AND DRUG TREATMENT,,Predictor candidato,RC-UNMET PY SUB USE TRT NEED: NOT ENOUGH TIME FOR TRT,"SUTSKTHPY2, SUTUNTIME2",2,True,Recodificada
SUNTPRIV2,float64,455,2,46844,99.038,RECODED ALCOHOL AND DRUG TREATMENT,,Predictor candidato,RC-UNMET PY SUB USE TRT NEED: WORRIED INFO NOT KEPT PRIVATE,"SUTSKTHPY2, SUTUNPRIV2",2,True,Recodificada
SUNTPTHNK2,float64,464,2,46835,99.019,RECODED ALCOHOL AND DRUG TREATMENT,,Predictor candidato,RC-UNMET PY SUB USE TRT NEED: WORRIED WHAT PEOPLE THNK/SAY,"SUTSKTHPY2, SUTUNPTHNK2",2,True,Recodificada
SUNTCONSQ2,float64,456,2,46843,99.036,RECODED ALCOHOL AND DRUG TREATMENT,,Predictor candidato,RC-UNMET PY SUB USE TRT NEED: THGHT WOULD LOSE JOB/HOME/CHLD,"SUTSKTHPY2, SUTUNCONSQ2",2,True,Recodificada
SUNTSTART2,float64,456,2,46843,99.036,RECODED ALCOHOL AND DRUG TREATMENT,,Predictor candidato,RC-UNMET PY SUB USE TRT NEED: NOT READY TO START TRT,"SUTSKTHPY2, SUTUNSTART2",2,True,Recodificada
SUNTQUIT2,float64,456,2,46843,99.036,RECODED ALCOHOL AND DRUG TREATMENT,,Predictor candidato,RC-UNMET PY SUB USE TRT NEED: NOT RDY TO STOP/CUT SUB USE,"SUTSKTHPY2, SUTUNQUIT2",2,True,Recodificada
SUNTHNDL2,float64,457,2,46842,99.034,RECODED ALCOHOL AND DRUG TREATMENT,,Predictor candidato,RC-UNMET PY SUB USE TRT NEED: THOUGHT COULD HANDLE ON OWN,"SUTSKTHPY2, SUTUNHNDL2",2,True,Recodificada
SUNTFFLKE2,float64,459,2,46840,99.03,RECODED ALCOHOL AND DRUG TREATMENT,,Predictor candidato,RC-UNMET PY SUB USE TRT NEED: FAM/FRIENDS/RELIG WOULDNT LIKE,"SUTSKTHPY2, SUTUNFFLKE2",2,True,Recodificada
SUNTFORCE2,float64,454,2,46845,99.04,RECODED ALCOHOL AND DRUG TREATMENT,,Predictor candidato,RC-UNMET PY SUB USE TRT NEED: AFRAID TO BE FORCD AGNST WILL,"SUTSKTHPY2, SUTUNFORCE2",2,True,Recodificada
SUNTNOHLP2,float64,445,2,46854,99.059,RECODED ALCOHOL AND DRUG TREATMENT,,Predictor candidato,RC-UNMET PY SUB USE TRT NEED: DIDN'T THINK TRT WOULD HELP,"SUTSKTHPY2, SUTUNNOHLP2",2,True,Recodificada
SUNTCARE2,float64,452,2,46847,99.044,RECODED ALCOHOL AND DRUG TREATMENT,,Predictor candidato,RC-UNMET PY SUB USE TRT NEED: NO ONE CARE IF YOU GOT BETTER,"SUTSKTHPY2, SUTUNCARE2",2,True,Recodificada
RSKCIGPKD,int64,47299,8,0,0.0,RISK/AVAILABILITY,,Predictor candidato,RISK SMOKING 1 OR MORE PACKS CIGARETTES PER DAY,RK01A,1,True,Original u otra
RSKMRJMON,int64,47299,8,0,0.0,RISK/AVAILABILITY,,Predictor candidato,RISK SMOKING MARIJUANA ONCE A MONTH,RK01B,1,True,Original u otra
RSKMRJWK,int64,47299,8,0,0.0,RISK/AVAILABILITY,,Predictor candidato,RISK SMOKING MARIJUANA ONCE OR TWICE A WEEK,RK01C,1,True,Original u otra
RSKLSDTRY,int64,47299,8,0,0.0,RISK/AVAILABILITY,,Predictor candidato,RISK TRYING LSD ONCE OR TWICE,RK01D,1,True,Original u otra
RSKLSDWK,int64,47299,8,0,0.0,RISK/AVAILABILITY,,Predictor candidato,RISK USING LSD ONCE OR TWICE A WEEK,RK01E,1,True,Original u otra
RSKHERTRY,int64,47299,8,0,0.0,RISK/AVAILABILITY,,Predictor candidato,RISK TRYING HEROIN ONCE OR TWICE,RK01F,1,True,Original u otra
RSKHERWK,int64,47299,8,0,0.0,RISK/AVAILABILITY,,Predictor candidato,RISK USING HEROIN ONCE OR TWICE A WEEK,RK01G,1,True,Original u otra
RSKCOCMON,int64,47299,8,0,0.0,RISK/AVAILABILITY,,Predictor candidato,RISK USING COCAINE ONCE A MONTH,RK01H,1,True,Original u otra
RSKCOCWK,int64,47299,8,0,0.0,RISK/AVAILABILITY,,Predictor candidato,RISK USING COCAINE ONCE OR TWICE A WEEK,RK01I,1,True,Original u otra
RSKBNGDLY,int64,47299,8,0,0.0,RISK/AVAILABILITY,,Predictor candidato,RISK HAVING 4 OR 5 DRINKS NEARLY EVERY DAY,RK01J,1,True,Original u otra
RSKBNGWK,int64,47299,8,0,0.0,RISK/AVAILABILITY,,Predictor candidato,RISK HAVING 5 OR MORE DRINKS ONCE OR TWICE A WEEK,RK01K,1,True,Original u otra
DIFGETMRJ,int64,47299,9,0,0.0,RISK/AVAILABILITY,,Predictor candidato,HOW DIFFICULT TO GET MARIJUANA,RK02A,1,True,Original u otra
DIFGETLSD,int64,47299,9,0,0.0,RISK/AVAILABILITY,,Predictor candidato,HOW DIFFICULT TO GET LSD,RK02B,1,True,Original u otra
DIFGETCOC,int64,47299,9,0,0.0,RISK/AVAILABILITY,,Predictor candidato,HOW DIFFICULT TO GET COCAINE,RK02C,1,True,Original u otra
DIFGETCRK,int64,47299,9,0,0.0,RISK/AVAILABILITY,,Predictor candidato,"HOW DIFFICULT TO GET ""CRACK""",RK02D,1,True,Original u otra
DIFGETHER,int64,47299,9,0,0.0,RISK/AVAILABILITY,,Predictor candidato,HOW DIFFICULT TO GET HEROIN,RK02E,1,True,Original u otra
APPDRGMON,int64,47299,6,0,0.0,RISK/AVAILABILITY,,Predictor candidato,APPROACHED BY SOMEONE SELLING ILL DRUG PST 30 DYS,RK03,1,True,Original u otra
RSKYFQDGR,int64,47299,8,0,0.0,RISK/AVAILABILITY,,Predictor candidato,GET A REAL KICK OUT OF DOING DANGEROUS THINGS,RK04A,1,True,Original u otra
RSKYFQTES,int64,47299,8,0,0.0,RISK/AVAILABILITY,,Predictor candidato,LIKE TO TEST YOURSELF BY DOING RISKY THINGS,RK04B,1,True,Original u otra
RKFQPBLT,int64,47299,8,0,0.0,RISK/AVAILABILITY,,Predictor candidato,WEAR A SEATBELT WHEN RIDE FRONT PASS SEAT OF CAR,RK04C,1,True,Original u otra
RKFQDBLT,int64,47299,9,0,0.0,RISK/AVAILABILITY,,Predictor candidato,WEAR A SEATBELT WHEN YOU DRIVE A CAR,RK04D,1,True,Original u otra
GRSKCIGPKD,float64,46744,2,555,1.173,RECODED RISK/AVAILABILITY,,Predictor candidato,RC-GREAT RISK:  SMOKE 1+ PACKS CIGARETTES PER DAY,RSKCIGPKD,1,True,Recodificada
GRSKMRJMON,float64,46628,2,671,1.419,RECODED RISK/AVAILABILITY,,Predictor candidato,RC-GREAT RISK:  USE MARIJUANA ONCE A MONTH,RSKMRJMON,1,True,Recodificada
GRSKMRJWK,float64,46605,2,694,1.467,RECODED RISK/AVAILABILITY,,Predictor candidato,RC-GREAT RISK:  USE MARIJUANA 1-2 TIMES PER WEEK,RSKMRJWK,1,True,Recodificada
GRSKCOCMON,float64,46483,2,816,1.725,RECODED RISK/AVAILABILITY,,Predictor candidato,RC-GREAT RISK:  USE COCAINE ONCE A MONTH,RSKCOCMON,1,True,Recodificada
GRSKCOCWK,float64,46503,2,796,1.683,RECODED RISK/AVAILABILITY,,Predictor candidato,RC-GREAT RISK:  USE COCAINE 1-2 TIMES PER WEEK,RSKCOCWK,1,True,Recodificada
GRSKHERTRY,float64,46482,2,817,1.727,RECODED RISK/AVAILABILITY,,Predictor candidato,RC-GREAT RISK:  TRYING HEROIN ONCE OR TWICE,RSKHERTRY,1,True,Recodificada
GRSKHERWK,float64,46521,2,778,1.645,RECODED RISK/AVAILABILITY,,Predictor candidato,RC-GREAT RISK:  USE HEROIN 1-2 TIMES PER WEEK,RSKHERWK,1,True,Recodificada
GRSKLSDTRY,float64,46273,2,1026,2.169,RECODED RISK/AVAILABILITY,,Predictor candidato,RC-GREAT RISK:  TRYING LSD ONCE OR TWICE,RSKLSDTRY,1,True,Recodificada
GRSKLSDWK,float64,46244,2,1055,2.23,RECODED RISK/AVAILABILITY,,Predictor candidato,RC-GREAT RISK:  USE LSD 1-2 TIMES PER WEEK,RSKLSDWK,1,True,Recodificada
GRSKBNGDLY,float64,46701,2,598,1.264,RECODED RISK/AVAILABILITY,,Predictor candidato,RC-GREAT RISK:  HAVE 4-5 ALC DRINKS PER DAY,RSKBNGDLY,1,True,Recodificada
GRSKBNGWK,float64,46685,2,614,1.298,RECODED RISK/AVAILABILITY,,Predictor candidato,RC-GREAT RISK:  HAVE 5+ ALC DRINKS 1-2 TIMES PER WEEK,RSKBNGWK,1,True,Recodificada
DIFOBTMRJ,float64,46277,2,1022,2.161,RECODED RISK/AVAILABILITY,,Predictor candidato,RC-MARIJUANA FAIRLY OR VERY EASY TO OBTAIN,DIFGETMRJ,1,True,Recodificada
DIFOBTCOC,float64,45766,2,1533,3.241,RECODED RISK/AVAILABILITY,,Predictor candidato,RC-COCAINE FAIRLY OR VERY EASY TO OBTAIN,DIFGETCOC,1,True,Recodificada
DIFOBTCRK,float64,45719,2,1580,3.34,RECODED RISK/AVAILABILITY,,Predictor candidato,RC-CRACK FAIRLY OR VERY EASY TO OBTAIN,DIFGETCRK,1,True,Recodificada
DIFOBTHER,float64,45703,2,1596,3.374,RECODED RISK/AVAILABILITY,,Predictor candidato,RC-HEROIN FAIRLY OR VERY EASY TO OBTAIN,DIFGETHER,1,True,Recodificada
DIFOBTLSD,float64,45627,2,1672,3.535,RECODED RISK/AVAILABILITY,,Predictor candidato,RC-LSD FAIRLY OR VERY EASY TO OBTAIN,DIFGETLSD,1,True,Recodificada
APPDRGMON2,float64,46921,2,378,0.799,RECODED RISK/AVAILABILITY,,Predictor candidato,RC-APPROACHED BY SOMEONE SELLING DRUGS,APPDRGMON,1,True,Recodificada
SNYSELL,int64,47299,9,0,0.0,SOCIAL ENVIRONMENT,,Predictor candidato,SOLD ILLEGAL DRUGS,SEN12A,1,True,Original u otra
SNYSTOLE,int64,47299,9,0,0.0,SOCIAL ENVIRONMENT,,Predictor candidato,STOLEN/TRIED TO STEAL ANYTHING WORTH > $50,SEN12B,1,True,Original u otra
SNYATTAK,int64,47299,9,0,0.0,SOCIAL ENVIRONMENT,,Predictor candidato,ATTACKED SOMEONE W/INTENT TO SERIOUSLY HURT THEM,SEN12C,1,True,Original u otra
SNAFLMJTRY,int64,47299,9,0,0.0,SOCIAL ENVIRONMENT,,Predictor candidato,HOW YOU FEEL ABOUT ADULTS TRYING MJ/CANNABIS,SEN13B,1,True,Original u otra
SNRLGIMP,int64,47299,8,0,0.0,SOCIAL ENVIRONMENT,,Predictor candidato,MY RELIGIOUS BELIEFS ARE VERY IMPORTANT,SENREBE1,1,True,Original u otra
SNRLDCSN,int64,47299,8,0,0.0,SOCIAL ENVIRONMENT,,Predictor candidato,MY RELIGIOUS BELIEFS INFLUENCE MY DECISIONS,SENREBE2,1,True,Original u otra
SNRLFRND,int64,47299,8,0,0.0,SOCIAL ENVIRONMENT,,Predictor candidato,IT IS IMPORTANT THAT MY FRIENDS SHARE REL BELIEFS,SENREBE3,1,True,Original u otra
DSTNRV30,int64,47299,9,0,0.0,ADULT MENTAL HEALTH,,Predictor candidato,HOW OFTEN FELT NERVOUS PAST 30 DAYS,NERVE30,1,True,Original u otra
DSTHOP30,int64,47299,9,0,0.0,ADULT MENTAL HEALTH,,Predictor candidato,HOW OFTEN FELT HOPELESS PAST 30 DAYS,HOPE30,1,True,Original u otra
DSTRST30,int64,47299,9,0,0.0,ADULT MENTAL HEALTH,,Predictor candidato,HOW OFTEN FELT RESTLESS/FIDGETY PST 30 DYS,FIDG30,1,True,Original u otra
DSTCHR30,int64,47299,9,0,0.0,ADULT MENTAL HEALTH,,Predictor candidato,HOW OFTEN FELT SAD NOTHING COULD CHEER YOU UP,NOCHR30,1,True,Original u otra
DSTEFF30,int64,47299,9,0,0.0,ADULT MENTAL HEALTH,,Predictor candidato,HOW OFT FELT EVERYTHING EFFORT PST 30 DYS,EFFORT30,1,True,Original u otra
DSTNGD30,int64,47299,9,0,0.0,ADULT MENTAL HEALTH,,Predictor candidato,HOW OFT FELT DOWN/WTHLSS/NO GOOD PST 30 DYS,DOWN30,1,True,Original u otra
DSTWORST,int64,47299,6,0,0.0,ADULT MENTAL HEALTH,,Predictor candidato,MON IN PST 12 MOS FELT WORSE THAN PST 30 DYS,WORST30,1,True,Original u otra
DSTNRV12,int64,47299,10,0,0.0,ADULT MENTAL HEALTH,,Predictor candidato,"HOW OFT FELT NERVOUS IN WORST MONTH, PST 12 MOS",DSNERV1,1,True,Original u otra
DSTHOP12,int64,47299,10,0,0.0,ADULT MENTAL HEALTH,,Predictor candidato,HOW OFTEN FELT HOPELESS IN WORST MONTH,DSHOPE,1,True,Original u otra
DSTRST12,int64,47299,10,0,0.0,ADULT MENTAL HEALTH,,Predictor candidato,HOW OFTEN FELT RESTLESS IN WORST MONTH,DSFIDG,1,True,Original u otra
DSTCHR12,int64,47299,10,0,0.0,ADULT MENTAL HEALTH,,Predictor candidato,HOW OFTEN COULDN'T BE CHEERED UP IN WORST MONTH,DSNOCHR,1,True,Original u otra
DSTEFF12,int64,47299,10,0,0.0,ADULT MENTAL HEALTH,,Predictor candidato,HOW OFT FELT EVERYTHING AN EFFORT IN WORST MON,DSEFFORT,1,True,Original u otra
DSTNGD12,int64,47299,10,0,0.0,ADULT MENTAL HEALTH,,Predictor candidato,HOW OFTEN FELT NO GOOD IN WORST MONTH,DSDOWN,1,True,Original u otra
IMPREMEM,int64,47299,9,0,0.0,ADULT MENTAL HEALTH,,Predictor candidato,DIFFICULTY REMEMBERING ONE MO IN PST 12 MOS,LIREMEM,1,True,Original u otra
IMPCONCN,int64,47299,9,0,0.0,ADULT MENTAL HEALTH,,Predictor candidato,DIFFICULTY CONCENTRATING ONE MO IN PST 12 MOS,LICONCEN,1,True,Original u otra
IMPGOUT,int64,47299,10,0,0.0,ADULT MENTAL HEALTH,,Predictor candidato,DIFFICULTY GOING OUT ONE MO IN PST 12 MO,LIGOOUT1,1,True,Original u otra
IMPGOUTM,int64,47299,6,0,0.0,ADULT MENTAL HEALTH,,Predictor candidato,EMOTIONAL PROBLEMS KEEP YOU FROM LEAVING HOUSE,LIGOOUT2,1,True,Original u otra
IMPPEOP,int64,47299,10,0,0.0,ADULT MENTAL HEALTH,,Predictor candidato,DIFFICULTY DEALING W STRANGERS ONE MO IN PST 12 M,LISTRAN1,1,True,Original u otra
IMPPEOPM,int64,47299,6,0,0.0,ADULT MENTAL HEALTH,,Predictor candidato,EMOTIONAL PROBLEMS KEEP YOU FROM DEALING W STRAGR,LISTRAN2,1,True,Original u otra
IMPSOC,int64,47299,10,0,0.0,ADULT MENTAL HEALTH,,Predictor candidato,DIFFICULTY PARTICIPATE IN SOCIAL ACT 1 MO /12 MO,LISOC1,1,True,Original u otra
IMPSOCM,int64,47299,6,0,0.0,ADULT MENTAL HEALTH,,Predictor candidato,EMOTIONAL PROBS KEEP YOU FROM PART IN SOCIAL,LISOC2,1,True,Original u otra
IMPHHLD,int64,47299,10,0,0.0,ADULT MENTAL HEALTH,,Predictor candidato,DIFFICULTY HOUSE RESPONS ONE MO IN PST 12 MO,LIHHRES1,1,True,Original u otra
IMPHHLDM,int64,47299,6,0,0.0,ADULT MENTAL HEALTH,,Predictor candidato,EMOTIONL PROBS MAKE KEEP YOU FRM TAKING CARE HOUS,LIHHRES2,1,True,Original u otra
IMPRESP,int64,47299,10,0,0.0,ADULT MENTAL HEALTH,,Predictor candidato,DIFFICULTY WORK RESPONS ONE MO IN PST 12 MO,LIWKRES1,1,True,Original u otra
IMPRESPM,int64,47299,6,0,0.0,ADULT MENTAL HEALTH,,Predictor candidato,DID EMOTIONAL PROBS KEEP YOU FROM WORK/SCHOOL,LIWKRES2,1,True,Original u otra
IMPWORK,int64,47299,9,0,0.0,ADULT MENTAL HEALTH,,Predictor candidato,DIFFICULTY DOING DAILY WORK ONE MO IN PST 12 MO,LIWKQUIC,1,True,Original u otra
IMPWEEKS,int64,47299,56,0,0.0,ADULT MENTAL HEALTH,,Predictor candidato,NUM WEEKS HAVE DIFFICULTIES BECAUSE OF MENTL HLTH,IMWEEK1,1,True,Original u otra
IMPDYFRQ,int64,47299,7,0,0.0,ADULT MENTAL HEALTH,,Predictor candidato,HOW MANY DAYS IN WEEK DID YOU HAVE DIFFICULTIES,IMDAYS,1,True,Original u otra
IMPYDAYS,int64,47299,235,0,0.0,ADULT MENTAL HEALTH,,Predictor candidato,HOW MANY DAY IN PAST YR YOU WERE UNABLE TO WORK,LIAD68,1,True,Original u otra
AGADNRVANX,int64,47299,8,0,0.0,ADULT MENTAL HEALTH,,Predictor candidato,"ADLT: GAD-7 - NERVOUS, ANXIOUS, OR ON EDGE LAST 2 WKS",AGAD1,1,True,Original u otra
AGADNTSTOP,int64,47299,8,0,0.0,ADULT MENTAL HEALTH,,Predictor candidato,ADLT: GAD-7 -NOT ABLE TO STOP OR CONTROL WORRYING LAST 2 WKS,AGAD2,1,True,Original u otra
AGADWRYMCH,int64,47299,8,0,0.0,ADULT MENTAL HEALTH,,Predictor candidato,ADLT: GAD-7 - WORRIED TOO MUCH ABOUT DIFF THINGS LAST 2 WKS,AGAD3,1,True,Original u otra
AGADTRBRLX,int64,47299,8,0,0.0,ADULT MENTAL HEALTH,,Predictor candidato,ADLT: GAD-7 - HAD TROUBLE RELAXING LAST 2 WKS,AGAD4,1,True,Original u otra
AGADRSTLSS,int64,47299,8,0,0.0,ADULT MENTAL HEALTH,,Predictor candidato,ADLT: GAD-7 - HARD TO SIT STILL BECAUSE RESTLESS LAST 2 WKS,AGAD5,1,True,Original u otra
AGADANNOY,int64,47299,8,0,0.0,ADULT MENTAL HEALTH,,Predictor candidato,ADLT: GAD-7 - EASILY ANNOYED OR IRRITABLE LAST 2 WKS,AGAD6,1,True,Original u otra
AGADAWFUL,int64,47299,8,0,0.0,ADULT MENTAL HEALTH,,Predictor candidato,ADLT: GAD-7 - AFRAID SOMETHING AWFUL MIGHT HAPPEN LAST 2 WKS,AGAD7,1,True,Original u otra
AGADSCED,float64,45658,22,1641,3.469,ADULT MENTAL HEALTH,,Predictor candidato,ADULT GAD-7 TOTAL SCORE - LAST 2 WEEKS,"AGADANNOY, AGADAWFUL, AGADNRVANX, AGADNTSTOP, AGADRSTLSS, AGADTRBRLX, AGADWRYMCH",7,True,Original u otra
SUICTHNK,int64,47299,6,0,0.0,ADULT MENTAL HEALTH,,Excluir por fuga de información,SERIOUSLY THINK ABOUT KILLING SELF PST 12 MOS,SUI01,1,True,Original u otra
SUIPLANYR,int64,47299,6,0,0.0,ADULT MENTAL HEALTH,,Excluir por fuga de información,ADULT MAKE PLANS TO KILL SELF PST 12 MOS,SUI02,1,True,Original u otra
KSSLR6MONED,float64,45821,25,1478,3.125,ADULT MENTAL HEALTH,,Predictor candidato,K6 TOTAL SCORE IN PAST MONTH,"DSTCHR30, DSTEFF30, DSTHOP30, DSTNGD30, DSTNRV30, DSTRST30",6,True,Original u otra
KSSLR6YRED,float64,15308,25,31991,67.636,ADULT MENTAL HEALTH,,Predictor candidato,K6 TOTAL SCORE IN PAST YEAR,"DSTCHR12, DSTEFF12, DSTHOP12, DSTNGD12, DSTNRV12, DSTRST12, DSTWORST",7,True,Original u otra
WHODASSCED,float64,45939,25,1360,2.875,ADULT MENTAL HEALTH,,Predictor candidato,WHODAS TOTAL SCORE,"IMPCONCN, IMPGOUT, IMPGOUTM, IMPHHLD, IMPHHLDM, IMPPEOP, IMPPEOPM, IMPREMEM, IMPRESP, IMPRESPM, IMPSOC, IMPSOCM, IMPWORK, KSSLR6MAX",14,True,Original u otra
WHODASDAED,float64,45939,9,1360,2.875,ADULT MENTAL HEALTH,,Predictor candidato,ALTERNATIVE WHODAS SCORE,"IMPCONCN, IMPGOUT, IMPGOUTM, IMPHHLD, IMPHHLDM, IMPPEOP, IMPPEOPM, IMPREMEM, IMPRESP, IMPRESPM, IMPSOC, IMPSOCM, IMPWORK, KSSLR6MAX",14,True,Original u otra
IRDSTNRV30,int64,47299,5,0,0.0,IMPUTED ADULT MENTAL HEALTH,,Predictor candidato,HOW OFTEN FELT NERVOUS PAST 30 DAYS - IMP REV,DSTNRV30,1,True,Imputada
IIDSTNRV30,int64,47299,2,0,0.0,IMPUTED ADULT MENTAL HEALTH,,Predictor candidato,HOW OFTEN FELT NERVOUS PAST 30 DAYS - IMP IND,DSTNRV30,1,True,Imputada
IRDSTHOP30,int64,47299,5,0,0.0,IMPUTED ADULT MENTAL HEALTH,,Predictor candidato,HOW OFTEN FELT HOPELESS PAST 30 DAYS - IMP REV,DSTHOP30,1,True,Imputada
IIDSTHOP30,int64,47299,2,0,0.0,IMPUTED ADULT MENTAL HEALTH,,Predictor candidato,HOW OFTEN FELT HOPELESS PAST 30 DAYS - IMP IND,DSTHOP30,1,True,Imputada
IRDSTRST30,int64,47299,5,0,0.0,IMPUTED ADULT MENTAL HEALTH,,Predictor candidato,HOW OFTEN FELT RESTLESS/FIDGETY PAST 30 DAYS - IMP REV,DSTRST30,1,True,Imputada
IIDSTRST30,int64,47299,2,0,0.0,IMPUTED ADULT MENTAL HEALTH,,Predictor candidato,HOW OFTEN FELT RESTLESS/FIDGETY PAST 30 DAYS - IMP IND,DSTRST30,1,True,Imputada
IRDSTCHR30,int64,47299,5,0,0.0,IMPUTED ADULT MENTAL HEALTH,,Predictor candidato,HOW OFTEN FELT COULDN'T BE CHEERED UP PST 30 DYS - IMP REV,DSTCHR30,1,True,Imputada
IIDSTCHR30,int64,47299,2,0,0.0,IMPUTED ADULT MENTAL HEALTH,,Predictor candidato,HOW OFTEN FELT COULDN'T BE CHEERED UP PST 30 DYS - IMP IND,DSTCHR30,1,True,Imputada
IRDSTEFF30,int64,47299,5,0,0.0,IMPUTED ADULT MENTAL HEALTH,,Predictor candidato,HOW OFTEN FELT EVERYTHING EFFORT PAST 30 DAYS - IMP REV,DSTEFF30,1,True,Imputada
IIDSTEFF30,int64,47299,2,0,0.0,IMPUTED ADULT MENTAL HEALTH,,Predictor candidato,HOW OFTEN FELT EVERYTHING EFFORT PAST 30 DAYS - IMP IND,DSTEFF30,1,True,Imputada
IRDSTNGD30,int64,47299,5,0,0.0,IMPUTED ADULT MENTAL HEALTH,,Predictor candidato,HOW OFTEN FELT DOWN/WTHLSS/NO GOOD PAST 30 DAYS - IMP REV,DSTNGD30,1,True,Imputada
IIDSTNGD30,int64,47299,2,0,0.0,IMPUTED ADULT MENTAL HEALTH,,Predictor candidato,HOW OFTEN FELT DOWN/WTHLSS/NO GOOD PAST 30 DAYS - IMP IND,DSTNGD30,1,True,Imputada
IRDSTWORST,int64,47299,2,0,0.0,IMPUTED ADULT MENTAL HEALTH,,Predictor candidato,MONTH IN PAST 12 MOS FELT WORSE THAN PAST 30 DAYS - IMP REV,DSTWORST,1,True,Imputada
IIDSTWORST,int64,47299,2,0,0.0,IMPUTED ADULT MENTAL HEALTH,,Predictor candidato,MONTH IN PAST 12 MOS FELT WORSE THAN PAST 30 DAYS - IMP IND,DSTWORST,1,True,Imputada
IRDSTNRV12,int64,47299,6,0,0.0,IMPUTED ADULT MENTAL HEALTH,,Predictor candidato,HOW OFTEN FELT NERVOUS WRST MONTH - IMP REV,DSTNRV12,1,True,Imputada
IIDSTNRV12,int64,47299,3,0,0.0,IMPUTED ADULT MENTAL HEALTH,,Predictor candidato,HOW OFTEN FELT NERVOUS WRST MONTH - IMP IND,DSTNRV12,1,True,Imputada
IRDSTHOP12,int64,47299,6,0,0.0,IMPUTED ADULT MENTAL HEALTH,,Predictor candidato,HOW OFTEN FELT HOPELESS WRST MONTH - IMP REV,DSTHOP12,1,True,Imputada
IIDSTHOP12,int64,47299,3,0,0.0,IMPUTED ADULT MENTAL HEALTH,,Predictor candidato,HOW OFTEN FELT HOPELESS WRST MONTH - IMP IND,DSTHOP12,1,True,Imputada
IRDSTRST12,int64,47299,6,0,0.0,IMPUTED ADULT MENTAL HEALTH,,Predictor candidato,HOW OFTEN FELT RESTLESS/FIDGETY WRST MONTH - IMP REV,DSTRST12,1,True,Imputada
IIDSTRST12,int64,47299,3,0,0.0,IMPUTED ADULT MENTAL HEALTH,,Predictor candidato,HOW OFTEN FELT RESTLESS/FIDGETY WRST MONTH - IMP IND,DSTRST12,1,True,Imputada
IRDSTCHR12,int64,47299,6,0,0.0,IMPUTED ADULT MENTAL HEALTH,,Predictor candidato,HOW OFTEN FELT COULDN'T BE CHEERED UP WRST MONTH - IMP REV,DSTCHR12,1,True,Imputada
IIDSTCHR12,int64,47299,3,0,0.0,IMPUTED ADULT MENTAL HEALTH,,Predictor candidato,HOW OFTEN FELT COULDN'T BE CHEERED UP WRST MONTH - IMP IND,DSTCHR12,1,True,Imputada
IRDSTEFF12,int64,47299,6,0,0.0,IMPUTED ADULT MENTAL HEALTH,,Predictor candidato,HOW OFTEN FELT EVERYTHING EFFORT WRST MONTH - IMP REV,DSTEFF12,1,True,Imputada
IIDSTEFF12,int64,47299,3,0,0.0,IMPUTED ADULT MENTAL HEALTH,,Predictor candidato,HOW OFTEN FELT EVERYTHING EFFORT WRST MONTH - IMP IND,DSTEFF12,1,True,Imputada
IRDSTNGD12,int64,47299,6,0,0.0,IMPUTED ADULT MENTAL HEALTH,,Predictor candidato,HOW OFTEN FELT DOWN/WTHLSS/NO GOOD WRST MONTH - IMP REV,DSTNGD12,1,True,Imputada
IIDSTNGD12,int64,47299,3,0,0.0,IMPUTED ADULT MENTAL HEALTH,,Predictor candidato,HOW OFTEN FELT DOWN/WTHLSS/NO GOOD WRST MONTH - IMP IND,DSTNGD12,1,True,Imputada
IRIMPREMEM,int64,47299,5,0,0.0,IMPUTED ADULT MENTAL HEALTH,,Predictor candidato,DIFFICULTY REMEMBERING ONE MO IN PST 12 MOS - IMP REV,IMPREMEM,1,True,Imputada
IIIMPREMEM,int64,47299,3,0,0.0,IMPUTED ADULT MENTAL HEALTH,,Predictor candidato,DIFFICULTY REMEMBERING ONE MO IN PST 12 MOS - IMP IND,IMPREMEM,1,True,Imputada
IRIMPCONCN,int64,47299,5,0,0.0,IMPUTED ADULT MENTAL HEALTH,,Predictor candidato,DIFFICULTY CONCENTRATING ONE MO IN PST 12 MOS - IMP REV,IMPCONCN,1,True,Imputada
IIIMPCONCN,int64,47299,3,0,0.0,IMPUTED ADULT MENTAL HEALTH,,Predictor candidato,DIFFICULTY CONCENTRATING ONE MO IN PST 12 MOS - IMP IND,IMPCONCN,1,True,Imputada
IRIMPGOUT,int64,47299,6,0,0.0,IMPUTED ADULT MENTAL HEALTH,,Predictor candidato,DIFFICULTY GOING OUT ONE MO IN PST 12 MOS - IMP REV,IMPGOUT,1,True,Imputada
IIIMPGOUT,int64,47299,3,0,0.0,IMPUTED ADULT MENTAL HEALTH,,Predictor candidato,DIFFICULTY GOING OUT ONE MO IN PST 12 MOS - IMP IND,IMPGOUT,1,True,Imputada
IRIMPGOUTM,int64,47299,3,0,0.0,IMPUTED ADULT MENTAL HEALTH,,Predictor candidato,EMOTIONAL PROBLEMS KEEP YOU FROM LEAVING HOUSE - IMP REV,IMPGOUTM,1,True,Imputada
IIIMPGOUTM,int64,47299,3,0,0.0,IMPUTED ADULT MENTAL HEALTH,,Predictor candidato,EMOTIONAL PROBLEMS KEEP YOU FROM LEAVING HOUSE - IMP IND,IMPGOUTM,1,True,Imputada
IRIMPPEOP,int64,47299,6,0,0.0,IMPUTED ADULT MENTAL HEALTH,,Predictor candidato,DIFFICULTY DEALING W STRNGERS ONE MO IN PST 12 MOS - IMP REV,IMPPEOP,1,True,Imputada
IIIMPPEOP,int64,47299,3,0,0.0,IMPUTED ADULT MENTAL HEALTH,,Predictor candidato,DIFFICULTY DEALING W STRNGERS ONE MO IN PST 12 MOS - IMP IND,IMPPEOP,1,True,Imputada
IRIMPPEOPM,int64,47299,3,0,0.0,IMPUTED ADULT MENTAL HEALTH,,Predictor candidato,EMOTIONAL PROBLEMS KEEP YOU FROM DEALING W STRNGRS - IMP REV,IMPPEOPM,1,True,Imputada
IIIMPPEOPM,int64,47299,3,0,0.0,IMPUTED ADULT MENTAL HEALTH,,Predictor candidato,EMOTIONAL PRBLMS KEEP YOU FROM DEALING W STRNGRS - IMP IND,IMPPEOPM,1,True,Imputada
IRIMPSOC,int64,47299,6,0,0.0,IMPUTED ADULT MENTAL HEALTH,,Predictor candidato,DIFFICULTY PART IN SOCIAL ACT ONE MO IN PST 12 MOS - IMP REV,IMPSOC,1,True,Imputada
IIIMPSOC,int64,47299,3,0,0.0,IMPUTED ADULT MENTAL HEALTH,,Predictor candidato,DIFFICULTY PART IN SOCIAL ACT ONE MO IN PST 12 MOS - IMP IND,IMPSOC,1,True,Imputada
IRIMPSOCM,int64,47299,3,0,0.0,IMPUTED ADULT MENTAL HEALTH,,Predictor candidato,EMOTIONAL PROBLEMS KEEP YOU FROM SOCIAL ACT - IMP REV,IMPSOCM,1,True,Imputada
IIIMPSOCM,int64,47299,3,0,0.0,IMPUTED ADULT MENTAL HEALTH,,Predictor candidato,EMOTIONAL PROBLEMS KEEP YOU FROM SOCIAL ACT - IMP IND,IMPSOCM,1,True,Imputada
IRIMPHHLD,int64,47299,6,0,0.0,IMPUTED ADULT MENTAL HEALTH,,Predictor candidato,DIFFICULTY HHLD RESPONS ONE MO IN PST 12 MOS - IMP REV,IMPHHLD,1,True,Imputada
IIIMPHHLD,int64,47299,3,0,0.0,IMPUTED ADULT MENTAL HEALTH,,Predictor candidato,DIFFICULTY HHLD RESPONS ONE MO IN PST 12 MOS - IMP IND,IMPHHLD,1,True,Imputada
IRIMPHHLDM,int64,47299,3,0,0.0,IMPUTED ADULT MENTAL HEALTH,,Predictor candidato,EMOTIONAL PROBLEMS KEEP YOU FROM HHLD RESP - IMP REV,IMPHHLDM,1,True,Imputada
IIIMPHHLDM,int64,47299,3,0,0.0,IMPUTED ADULT MENTAL HEALTH,,Predictor candidato,EMOTIONAL PROBLEMS KEEP YOU FROM HHLD RESP - IMP IND,IMPHHLDM,1,True,Imputada
IRIMPRESP,int64,47299,6,0,0.0,IMPUTED ADULT MENTAL HEALTH,,Predictor candidato,DIFFICULTY WORK RESPONS ONE MO IN PST 12 MOS - IMP REV,IMPRESP,1,True,Imputada
IIIMPRESP,int64,47299,3,0,0.0,IMPUTED ADULT MENTAL HEALTH,,Predictor candidato,DIFFICULTY WORK RESPONS ONE MO IN PST 12 MOS - IMP IND,IMPRESP,1,True,Imputada
IRIMPRESPM,int64,47299,3,0,0.0,IMPUTED ADULT MENTAL HEALTH,,Predictor candidato,EMOTIONAL PROBLEMS KEEP YOU FROM WORK OR SCHOOL - IMP REV,IMPRESPM,1,True,Imputada
IIIMPRESPM,int64,47299,3,0,0.0,IMPUTED ADULT MENTAL HEALTH,,Predictor candidato,EMOTIONAL PROBLEMS KEEP YOU FROM WORK OR SCHOOL - IMP IND,IMPRESPM,1,True,Imputada
IRIMPWORK,int64,47299,5,0,0.0,IMPUTED ADULT MENTAL HEALTH,,Predictor candidato,DIFFICULTY DOING DAILY WORK ONE MO IN PST 12 MOS - IMP REV,IMPWORK,1,True,Imputada
IIIMPWORK,int64,47299,3,0,0.0,IMPUTED ADULT MENTAL HEALTH,,Predictor candidato,DIFFICULTY DOING DAILY WORK ONE MO IN PST 12 MOS - IMP IND,IMPWORK,1,True,Imputada
IRSUICTHNK,float64,47299,2,0,0.0,IMPUTED ADULT MENTAL HEALTH,,Variable objetivo,ADULT SERIOUSLY THOUGHT ABOUT KILLING SELF PST YR - IMP REV,SUICTHNK,1,True,Imputada
IISUICTHNK,int64,47299,2,0,0.0,IMPUTED ADULT MENTAL HEALTH,,Indicador de imputación de variable objetivo,ADULT SERIOUSLY THOUGHT ABOUT KILLING SELF PST YR - IMP IND,SUICTHNK,1,True,Imputada
IRSUIPLANYR,float64,47299,2,0,0.0,IMPUTED ADULT MENTAL HEALTH,,Variable objetivo,ADULT MADE PLANS TO KILL SELF IN PST YR - IMP REV,SUIPLANYR,1,True,Imputada
IISUIPLANYR,int64,47299,2,0,0.0,IMPUTED ADULT MENTAL HEALTH,,Indicador de imputación de variable objetivo,ADULT MADE PLANS TO KILL SELF IN PST YR - IMP IND,SUIPLANYR,1,True,Imputada
IRSUITRYYR,float64,47299,2,0,0.0,IMPUTED ADULT MENTAL HEALTH,,Variable objetivo,ADULT ATTEMPTED TO KILL SELF IN PST YR - IMP REV,,0,True,Imputada
IISUITRYYR,int64,47299,2,0,0.0,IMPUTED ADULT MENTAL HEALTH,,Indicador de imputación de variable objetivo,ADULT ATTEMPTED TO KILL SELF IN PST YR - IMP IND,,0,True,Imputada
IRAGADNRVANX,int64,47299,4,0,0.0,IMPUTED ADULT MENTAL HEALTH,,Predictor candidato,"NERVOUS, ANXIOUS, OR ON EDGE LAST 2 WKS - IMP REV",AGADNRVANX,1,True,Imputada
IIAGADNRVANX,int64,47299,2,0,0.0,IMPUTED ADULT MENTAL HEALTH,,Predictor candidato,"NERVOUS, ANXIOUS, OR ON EDGE LAST 2 WKS - IMP IND",AGADNRVANX,1,True,Imputada
IRAGADNTSTOP,int64,47299,4,0,0.0,IMPUTED ADULT MENTAL HEALTH,,Predictor candidato,NOT ABLE TO STOP OR CONTROL WORRYING LAST 2 WKS - IMP REV,AGADNTSTOP,1,True,Imputada
IIAGADNTSTOP,int64,47299,2,0,0.0,IMPUTED ADULT MENTAL HEALTH,,Predictor candidato,NOT ABLE TO STOP OR CONTROL WORRYING LAST 2 WKS - IMP IND,AGADNTSTOP,1,True,Imputada
IRAGADWRYMCH,int64,47299,4,0,0.0,IMPUTED ADULT MENTAL HEALTH,,Predictor candidato,WORRIED TOO MUCH ABOUT DIFF THINGS LAST 2 WKS - IMP REV,AGADWRYMCH,1,True,Imputada
IIAGADWRYMCH,int64,47299,2,0,0.0,IMPUTED ADULT MENTAL HEALTH,,Predictor candidato,WORRIED TOO MUCH ABOUT DIFF THINGS LAST 2 WKS - IMP IND,AGADWRYMCH,1,True,Imputada
IRAGADTRBRLX,int64,47299,4,0,0.0,IMPUTED ADULT MENTAL HEALTH,,Predictor candidato,HAD TROUBLE RELAXING LAST 2 WKS - IMP REV,AGADTRBRLX,1,True,Imputada
IIAGADTRBRLX,int64,47299,2,0,0.0,IMPUTED ADULT MENTAL HEALTH,,Predictor candidato,HAD TROUBLE RELAXING LAST 2 WKS - IMP IND,AGADTRBRLX,1,True,Imputada
IRAGADRSTLSS,int64,47299,4,0,0.0,IMPUTED ADULT MENTAL HEALTH,,Predictor candidato,HARD TO SIT STILL BECAUSE RESTLESS LAST 2 WKS - IMP REV,AGADRSTLSS,1,True,Imputada
IIAGADRSTLSS,int64,47299,2,0,0.0,IMPUTED ADULT MENTAL HEALTH,,Predictor candidato,HARD TO SIT STILL BECAUSE RESTLESS LAST 2 WKS - IMP IND,AGADRSTLSS,1,True,Imputada
IRAGADANNOY,int64,47299,4,0,0.0,IMPUTED ADULT MENTAL HEALTH,,Predictor candidato,EASILY ANNOYED OR IRRITABLE LAST 2 WKS - IMP REV,AGADANNOY,1,True,Imputada
IIAGADANNOY,int64,47299,2,0,0.0,IMPUTED ADULT MENTAL HEALTH,,Predictor candidato,EASILY ANNOYED OR IRRITABLE LAST 2 WKS - IMP IND,AGADANNOY,1,True,Imputada
IRAGADAWFUL,int64,47299,4,0,0.0,IMPUTED ADULT MENTAL HEALTH,,Predictor candidato,AFRAID SOMETHING AWFUL MIGHT HAPPEN LAST 2 WKS - IMP REV,AGADAWFUL,1,True,Imputada
IIAGADAWFUL,int64,47299,2,0,0.0,IMPUTED ADULT MENTAL HEALTH,,Predictor candidato,AFRAID SOMETHING AWFUL MIGHT HAPPEN LAST 2 WKS - IMP IND,AGADAWFUL,1,True,Imputada
KSSLR6MON,float64,47299,25,0,0.0,RECODED ADULT MENTAL HEALTH,,Predictor candidato,RC-K6 TOTAL SCORE IN PAST MONTH,"IRDSTCHR30, IRDSTEFF30, IRDSTHOP30, IRDSTNGD30, IRDSTNRV30, IRDSTRST30",6,True,Recodificada
SPDPSTMON,float64,47299,2,0,0.0,RECODED ADULT MENTAL HEALTH,,Predictor candidato,RC-PAST MONTH SERIOUS PSCYHOLOGICAL DISTRESS INDICATOR,KSSLR6MON,1,True,Recodificada
KSSLR6YR,float64,15813,25,31486,66.568,RECODED ADULT MENTAL HEALTH,,Predictor candidato,RC-K6 TOTAL SCORE IN PAST YEAR,"IRDSTCHR12, IRDSTEFF12, IRDSTHOP12, IRDSTNGD12, IRDSTNRV12, IRDSTRST12, IRDSTWORST",7,True,Recodificada
KSSLR6MAX,float64,47299,25,0,0.0,RECODED ADULT MENTAL HEALTH,,Predictor candidato,RC-WORST K6 TOTAL SCORE IN PAST YEAR,"KSSLR6MON, KSSLR6YR",2,True,Recodificada
SPDPSTYR,float64,47299,2,0,0.0,RECODED ADULT MENTAL HEALTH,,Predictor candidato,RC-PAST YEAR SERIOUS PSCYHOLOGICAL DISTRESS INDICATOR,KSSLR6MAX,1,True,Recodificada
AKSSLR6WRST,float64,47299,18,0,0.0,RECODED ADULT MENTAL HEALTH,,Predictor candidato,RC-ALTERNATIVE WORST K6 TOTAL SCORE,KSSLR6MAX,1,True,Recodificada
WHODASTOTSC,float64,47299,25,0,0.0,RECODED ADULT MENTAL HEALTH,,Predictor candidato,RC-WHODAS TOTAL SCORE,"IRIMPCONCN, IRIMPGOUT, IRIMPGOUTM, IRIMPHHLD, IRIMPHHLDM, IRIMPPEOP, IRIMPPEOPM, IRIMPREMEM, IRIMPRESP, IRIMPRESPM, IRIMPSOC, IRIMPSOCM, IRIMPWORK, KSSLR6MAX",14,True,Recodificada
WHODASDASC,float64,47299,9,0,0.0,RECODED ADULT MENTAL HEALTH,,Predictor candidato,RC-ALTERNATIVE WHODAS SCORE,"IRIMPCONCN, IRIMPGOUT, IRIMPGOUTM, IRIMPHHLD, IRIMPHHLDM, IRIMPPEOP, IRIMPPEOPM, IRIMPREMEM, IRIMPRESP, IRIMPRESPM, IRIMPSOC, IRIMPSOCM, IRIMPWORK, KSSLR6MAX",14,True,Recodificada
SMIPPPY,float64,47299,4185,0,0.0,RECODED ADULT MENTAL HEALTH,,Excluir por fuga de información,RC-IMP PREDICTED SERIOUS MENTAL ILLNESS PROB PY,"AKSSLR6WRST, IRAMDEYR, IRSUICTHNK, WHODASDASC",4,True,Recodificada
SMIPY,float64,47299,2,0,0.0,RECODED ADULT MENTAL HEALTH,,Excluir por fuga de información,RC-IMP SMI IND (1/0) BASED ON PREDICTED SMI PROB PY,SMIPPPY,1,True,Recodificada
AMIPY,float64,47299,2,0,0.0,RECODED ADULT MENTAL HEALTH,,Excluir por fuga de información,RC-IMP AMI IND (1/0) BASED ON PREDICTED SMI PROB PY,SMIPPPY,1,True,Recodificada
SMMIPY,float64,47299,2,0,0.0,RECODED ADULT MENTAL HEALTH,,Excluir por fuga de información,RC-IMP SMMI IND (1/0) BASED ON PREDICTED SMI PROB PY,SMIPPPY,1,True,Recodificada
MMIPY,float64,47299,2,0,0.0,RECODED ADULT MENTAL HEALTH,,Excluir por fuga de información,RC-IMP MOD MI IND (1/0) BASED ON PRED SMI PROB PY,"SMIPY, SMMIPY",2,True,Recodificada
LMIPY,float64,47299,2,0,0.0,RECODED ADULT MENTAL HEALTH,,Excluir por fuga de información,RC-IMP MILD MI IND (1/0) BASED ON PRED SMI PROB PY,"AMIPY, SMMIPY",2,True,Recodificada
LMMIPY,float64,47299,2,0,0.0,RECODED ADULT MENTAL HEALTH,,Excluir por fuga de información,RC-IMP LMMI IND (1/0) BASED ON PREDICTED SMI PROB PY,"LMIPY, MMIPY",2,True,Recodificada
MICATPY,float64,47299,4,0,0.0,RECODED ADULT MENTAL HEALTH,,Excluir por fuga de información,RC-IMP CATEGORICAL MI INDICATOR PY,"LMIPY, MMIPY, SMIPY",3,True,Recodificada
SMISUD5ANY,float64,47299,2,0,0.0,RECODED ADULT MENTAL HEALTH,,Excluir por fuga de información,RC-IMP SMI AND SUB USE DISORDER - PAST YEAR-DSM-5 - ANY,"SMIPY, UD5ILALANY",2,True,Recodificada
AMISUD5ANY,float64,47299,2,0,0.0,RECODED ADULT MENTAL HEALTH,,Excluir por fuga de información,RC-IMP AMI AND SUB USE DISORDER - PAST YEAR-DSM-5 - ANY,"AMIPY, UD5ILALANY",2,True,Recodificada
LMMISUD5ANY,float64,47299,2,0,0.0,RECODED ADULT MENTAL HEALTH,,Excluir por fuga de información,RC-IMP LMMI AND SUB USE DISORDER - PAST YEAR-DSM-5 - ANY,"LMMIPY, UD5ILALANY",2,True,Recodificada
SMIRSUD5ANY,float64,47299,2,0,0.0,RECODED ADULT MENTAL HEALTH,,Excluir por fuga de información,RC-IMP SMI OR SUB USE DISORDER - PAST YEAR-DSM-5 - ANY,"SMIPY, UD5ILALANY",2,True,Recodificada
SMISUD5ANYO,float64,47299,4,0,0.0,RECODED ADULT MENTAL HEALTH,,Excluir por fuga de información,"RC-ONLY IMP SMI, ONLY SUD, BOTH, OR NEITHER - PY-DSM-5-ANY","SMIPY, UD5ILALANY",2,True,Recodificada
AMIRSUD5ANY,float64,47299,2,0,0.0,RECODED ADULT MENTAL HEALTH,,Excluir por fuga de información,RC-IMP AMI OR SUB USE DISORDER - PAST YEAR-DSM-5 - ANY,"AMIPY, UD5ILALANY",2,True,Recodificada
AMISUD5ANYO,float64,47299,4,0,0.0,RECODED ADULT MENTAL HEALTH,,Excluir por fuga de información,"RC-ONLY IMP AMI, ONLY SUD, BOTH, OR NEITHER - PY-DSM-5-ANY","AMIPY, UD5ILALANY",2,True,Recodificada
AGADTOTSC,float64,47299,22,0,0.0,RECODED ADULT MENTAL HEALTH,,Predictor candidato,RC-ADULT GAD-7 TOTAL SCORE - PAST 2 WEEKS,"IRAGADANNOY, IRAGADAWFUL, IRAGADNRVANX, IRAGADNTSTOP, IRAGADRSTLSS, IRAGADTRBRLX, IRAGADWRYMCH",7,True,Recodificada
AGADSEVSYMP,float64,47299,4,0,0.0,RECODED ADULT MENTAL HEALTH,,Predictor candidato,RC-ADULT GAD-7 SEVERITY OF SYMPTOMS - PAST 2 WEEKS,AGADTOTSC,1,True,Recodificada
AGADMODOSEV,float64,47299,3,0,0.0,RECODED ADULT MENTAL HEALTH,,Predictor candidato,RC-ADULT GAD-7 MODERATE OR SEVERE SYMPTOMS - PAST 2 WEEKS,AGADTOTSC,1,True,Recodificada
ADSUITPAYR,float64,47299,2,0,0.0,RECODED ADULT MENTAL HEALTH,,Excluir por fuga de información,"RC-ADULT THOUGHT ABOUT, PLANNED, OR ATTEMPTED SUICIDE - PY","IRSUICTHNK, IRSUIPLANYR, IRSUITRYYR",3,True,Recodificada
ADSUITPACOM,float64,47299,8,0,0.0,RECODED ADULT MENTAL HEALTH,,Excluir por fuga de información,RC-ADULT PY SUICIDE THOUGHTS/PLANS/ATTEMPTS COMBINATIONS,"IRSUICTHNK, IRSUIPLANYR, IRSUITRYYR",3,True,Recodificada
ADDPREV,int64,47299,6,0,0.0,ADULT DEPRESSION,,Excluir por fuga de información,SEVERAL DAYS OR LNGR WHEN FELT SAD/EMPTY/DPRSD,ASC21,1,True,Original u otra
ADDSCEV,int64,47299,6,0,0.0,ADULT DEPRESSION,,Excluir por fuga de información,SEVERAL DAYS OR LNGR FELT DISCOURAGED ABT LIFE,ASC22,1,True,Original u otra
ADLOSEV,int64,47299,6,0,0.0,ADULT DEPRESSION,,Excluir por fuga de información,EVER HAD PER OF TIME LST INTRST IN ENJOYABLE THGS,ASC23,1,True,Original u otra
ADDPDISC,int64,47299,7,0,0.0,ADULT DEPRESSION,,Predictor candidato,FEEL DISCRGD ABOUT LIFE WHEN SAD/EMPTY/DEPRESSED,AD01,1,True,Original u otra
ADDPLSIN,int64,47299,7,0,0.0,ADULT DEPRESSION,,Predictor candidato,EVER LOSE INT IN THINGS WHEN SAD/EMPTY/DEPRESSED,"AD01A, AD01B",2,True,Original u otra
ADDSLSIN,int64,47299,6,0,0.0,ADULT DEPRESSION,,Predictor candidato,EVER LOSE INT IN THNGS WHEN FEELING DISCOURGAGED,AD02,1,True,Original u otra
ADLSI2WK,int64,47299,6,0,0.0,ADULT DEPRESSION,,Excluir por fuga de información,PERIOD OF TIME LASTED EVERY DAY FOR 2 WKS /LNGR,AD09,1,True,Original u otra
ADDPR2WK,int64,47299,7,0,0.0,ADULT DEPRESSION,,Excluir por fuga de información,TIME WHEN [FEELFILL] LSTD EVRYDY 2 WKS OR LNGR,AD12,1,True,Original u otra
ADWRHRS,int64,47299,9,0,0.0,ADULT DEPRESSION,,Excluir por fuga de información,TIME THAT MOST SEVERE/FREQUENT MOOD LASTED,AD16,1,True,Original u otra
ADWRDST,int64,47299,8,0,0.0,ADULT DEPRESSION,,Excluir por fuga de información,HOW SEVERE WAS EMOTIONAL DISTRESS DURING 2 WKS,AD17,1,True,Original u otra
ADWRCHR,int64,47299,8,0,0.0,ADULT DEPRESSION,,Excluir por fuga de información,EMOT DISTRSS SO SEVERE NOTHING COULD CHEER YOU UP,AD18,1,True,Original u otra
ADWRIMP,int64,47299,8,0,0.0,ADULT DEPRESSION,,Excluir por fuga de información,EMOT DISTRSS SO SEVERE COULD NT DO DLY ACTIVITIES,AD19,1,True,Original u otra
ADDPPROB,int64,47299,6,0,0.0,ADULT DEPRESSION,,Excluir por fuga de información,EVER HAVE OTH PRBLMS DURING 2 WKS OR LONGER,AD21,1,True,Original u otra
ADWRPROB,int64,47299,6,0,0.0,ADULT DEPRESSION,,Predictor candidato,ONE PARTICULAR TIME THAT IS THE WORST ONE EVER,AD22,1,True,Original u otra
ADWRAGE,int64,47299,93,0,0.0,ADULT DEPRESSION,,Predictor candidato,AGE WHEN WORST PERIOD OF TIME STARTED,"AD22A, AD22C",2,True,Original u otra
ADWRDEPR,int64,47299,6,0,0.0,ADULT DEPRESSION,,Predictor candidato,WHEN PRBLMS WORST FELT SAD/EMPTY/DPRSD EVERY DAY,AD24A,1,True,Original u otra
ADWRDISC,int64,47299,6,0,0.0,ADULT DEPRESSION,,Predictor candidato,WHEN PRBLMS WORST FELT DISCRGED ABT LIFE EVERYDAY,AD24C,1,True,Original u otra
ADWRLSIN,int64,47299,6,0,0.0,ADULT DEPRESSION,,Predictor candidato,WHEN PRBLMS WORST LOSE INTRST IN ENJOYABLE THINGS,AD24E,1,True,Original u otra
ADWRPLSR,int64,47299,6,0,0.0,ADULT DEPRESSION,,Predictor candidato,WHEN PRBLMS WORST LOSE PLSURE IN GOOD THINGS,AD24F,1,True,Original u otra
ADWRELES,int64,47299,6,0,0.0,ADULT DEPRESSION,,Predictor candidato,WHEN PRBLMS WORST HAVE SMALLER APPETITE EVERY DAY,AD26A,1,True,Original u otra
ADWREMOR,int64,47299,6,0,0.0,ADULT DEPRESSION,,Predictor candidato,WHEN PRBLMS WORST HAVE LARGER APPETITE EVERY DAY,AD26B,1,True,Original u otra
ADWRGAIN,int64,47299,6,0,0.0,ADULT DEPRESSION,,Predictor candidato,WHEN PRBLMS WORST DID YOU GAIN WEIGHT W/O TRYING,AD26C,1,True,Original u otra
ADWRGROW,int64,47299,6,0,0.0,ADULT DEPRESSION,,Predictor candidato,WHEN PRBLMS WORST GAIN WGHT W/O TRYING BC GROWING,AD26C1,1,True,Original u otra
ADWRPREG,int64,47299,5,0,0.0,ADULT DEPRESSION,,Predictor candidato,WHEN PRBLMS WORST GAIN WGHT W/O TRYING BC PRGN,AD26C2,1,True,Original u otra
ADWRGNL2,int64,47299,31,0,0.0,ADULT DEPRESSION,,Predictor candidato,WHEN PRBLMS WORST # LBS GAINED WITHOUT TRYING,AD26D,1,True,Original u otra
ADWRLOSE,int64,47299,6,0,0.0,ADULT DEPRESSION,,Predictor candidato,WHEN PRBLMS WORST DID YOU LOSE WEIGHT W/O TRYING,AD26E,1,True,Original u otra
ADWRDIET,int64,47299,6,0,0.0,ADULT DEPRESSION,,Predictor candidato,WHEN PRBLMS WORST LOSE WGHT W/O TRYING BC SICK/DT,AD26E1,1,True,Original u otra
ADWRLSL2,int64,47299,32,0,0.0,ADULT DEPRESSION,,Predictor candidato,WHEN PRBLMS WORST # LBS LOST WITHOUT TRYING,AD26F,1,True,Original u otra
ADWRSLEP,int64,47299,6,0,0.0,ADULT DEPRESSION,,Predictor candidato,WHEN PRBLMS WORST HAVE PRBS SLEEPING/WAKING EARLY,AD26G,1,True,Original u otra
ADWRSMOR,int64,47299,6,0,0.0,ADULT DEPRESSION,,Predictor candidato,WHEN PRBLMS WORST SLEEP A LOT MORE THAN USUAL,AD26H,1,True,Original u otra
ADWRENRG,int64,47299,6,0,0.0,ADULT DEPRESSION,,Predictor candidato,WHEN PRBLMS WORST FEEL TIRED/LOW ON ENERGY EVRYDY,AD26J,1,True,Original u otra
ADWRSLOW,int64,47299,6,0,0.0,ADULT DEPRESSION,,Predictor candidato,WHEN PRBLMS WORST TALK/MOVE SLOWER THAN USUAL,AD26L,1,True,Original u otra
ADWRSLNO,int64,47299,6,0,0.0,ADULT DEPRESSION,,Predictor candidato,WHEN PRBLMS WORST PEOP NOTICE SLOWER THAN USUAL,AD26M,1,True,Original u otra
ADWRJITT,int64,47299,6,0,0.0,ADULT DEPRESSION,,Predictor candidato,WHEN PRBLMS WORST RSTLSS/JITTRY/PACING EVERYDAY,AD26N,1,True,Original u otra
ADWRJINO,int64,47299,6,0,0.0,ADULT DEPRESSION,,Predictor candidato,WHEN PRBLMS WORST PEOP NOTICE YOU WERE RSTLSS,AD26O,1,True,Original u otra
ADWRTHOT,int64,47299,6,0,0.0,ADULT DEPRESSION,,Predictor candidato,WHEN PRBLMS WORST THGHTS SLOWER/MORE CONFUSING,AD26P,1,True,Original u otra
ADWRCONC,int64,47299,6,0,0.0,ADULT DEPRESSION,,Predictor candidato,WHEN PRBLMS WORST HAVE TROUBLE CONCENTRATING,AD26R,1,True,Original u otra
ADWRDCSN,int64,47299,6,0,0.0,ADULT DEPRESSION,,Predictor candidato,WHEN PRBLMS WORST UNABLE TO MAKE DECISIONS,AD26S,1,True,Original u otra
ADWRNOGD,int64,47299,6,0,0.0,ADULT DEPRESSION,,Predictor candidato,WHEN PRBLMS WRST FEEL NOT AS GOOD AS OTHER PEOPLE,AD26U,1,True,Original u otra
ADWRWRTH,int64,47299,5,0,0.0,ADULT DEPRESSION,,Predictor candidato,WHEN PRBLMS WORST FEEL TOTALLY WORTHLESS EVERYDAY,AD26V,1,True,Original u otra
AD_MDEA1,int64,47299,5,0,0.0,ADULT DEPRESSION,,Predictor candidato,SAD/EMPTY/DEPRESSED MOST OF DAY OR DISCOURAGED,D_MDEA1,1,True,Original u otra
AD_MDEA2,int64,47299,5,0,0.0,ADULT DEPRESSION,,Predictor candidato,LOST INTEREST OR PLEASURE IN MOST THINGS,D_MDEA2,1,True,Original u otra
AD_MDEA3,int64,47299,5,0,0.0,ADULT DEPRESSION,,Predictor candidato,CHANGES IN APPETITE OR WT,D_MDEA3,1,True,Original u otra
AD_MDEA4,int64,47299,5,0,0.0,ADULT DEPRESSION,,Predictor candidato,SLEEP PROBLEMS,D_MDEA4,1,True,Original u otra
AD_MDEA5,int64,47299,5,0,0.0,ADULT DEPRESSION,,Predictor candidato,OTHERS NOTICED THAT R WAS RESTLESS OR LETHARGIC,D_MDEA5,1,True,Original u otra
AD_MDEA6,int64,47299,5,0,0.0,ADULT DEPRESSION,,Predictor candidato,FELT TIRED/LOW ENERGY NEARLY EVERY DAY,D_MDEA6,1,True,Original u otra
AD_MDEA7,int64,47299,4,0,0.0,ADULT DEPRESSION,,Predictor candidato,FELT WORTHLESS NEARLY EVERY DAY,D_MDEA7,1,True,Original u otra
AD_MDEA8,int64,47299,5,0,0.0,ADULT DEPRESSION,,Predictor candidato,INABILITY TO CONCENTRATE OR MAKE DECISIONS,D_MDEA8,1,True,Original u otra
ADSMMDEA,int64,47299,5,0,0.0,ADULT DEPRESSION,,Excluir por fuga de información,SCORE OF SYMPTOM INDICATORS 1 THRU 9,DSMMDEA2,1,True,Original u otra
ADPBINTF,int64,47299,9,0,0.0,ADULT DEPRESSION,,Predictor candidato,WHEN PRBLMS WORST INTERFERE WITH WORK/ PRSNL LIFE,AD28,1,True,Original u otra
ADPBDLYA,int64,47299,8,0,0.0,ADULT DEPRESSION,,Predictor candidato,WHEN PRBLMS WORST UNABLE TO CARRY OUT DLY ACTVTS,AD28A,1,True,Original u otra
ADPBRMBR,int64,47299,6,0,0.0,ADULT DEPRESSION,,Predictor candidato,RMBR AGE WHEN FIRST 2+ WK PERIOD OF TIME STARTED,AD37,1,True,Original u otra
ADPBAGE,int64,47299,90,0,0.0,ADULT DEPRESSION,,Predictor candidato,AGE WHEN FIRST 2+ WK PERIOD OF TIME STARTED,"AD37A, AD37B",2,True,Original u otra
ADPBNUM,int64,47299,146,0,0.0,ADULT DEPRESSION,,Predictor candidato,# TIMES FELT THIS WAY FOR 2 WKS/LNGR DURING LIFE,AD52,1,True,Original u otra
ADPB2WK,int64,47299,6,0,0.0,ADULT DEPRESSION,,Excluir por fuga de información,FELT THIS 2 WKS+ W/OTH PRBS DURING PAST 12 MOS,AD38,1,True,Original u otra
ADPSHMGT,int64,47299,15,0,0.0,ADULT DEPRESSION,,Predictor candidato,HOW MUCH DID FEELINGS INTERFERE WITH HOME MNGMT,AD66A,1,True,Original u otra
ADPSWORK,int64,47299,15,0,0.0,ADULT DEPRESSION,,Predictor candidato,HOW MUCH DID FEELING INTERFERE WITH ABLTY TO WORK,AD66B,1,True,Original u otra
ADPSRELS,int64,47299,15,0,0.0,ADULT DEPRESSION,,Predictor candidato,HOW MUCH DID FEELING INTERFERE WITH RELATIONSHIPS,AD66C,1,True,Original u otra
ADPSSOC,int64,47299,15,0,0.0,ADULT DEPRESSION,,Predictor candidato,HOW MUCH DID FEELINGS INTERFERE WITH SOCIAL LIFE,AD66D,1,True,Original u otra
ADPSDAYS,int64,47299,174,0,0.0,ADULT DEPRESSION,,Predictor candidato,# DYS UNABLE TO WORK/CARRY OUT DLY ACT PST 12 MOS,AD68,1,True,Original u otra
ADSEEDOC,int64,47299,6,0,0.0,ADULT DEPRESSION,,Predictor candidato,SEE/TALK TO DR/OTH PROF ABT FEELINGS PAST 12 MOS,AD86,1,True,Original u otra
ADFAMDOC,int64,47299,6,0,0.0,ADULT DEPRESSION,,Predictor candidato,GEN/FAM DOC TALKED W/ABT FEELINGS PAST 12 MOS,AD86A01,1,True,Original u otra
ADOTHDOC,int64,47299,7,0,0.0,ADULT DEPRESSION,,Predictor candidato,OTH DR TALKED W/ABOUT FEELINGS PAST 12 MOS,AD86A02,1,True,Original u otra
ADPSYCH,int64,47299,7,0,0.0,ADULT DEPRESSION,,Predictor candidato,PSYCHOLOGIST TALKED W/ABOUT FEELINGS PAST 12 MOS,AD86A03,1,True,Original u otra
ADPSYMD,int64,47299,6,0,0.0,ADULT DEPRESSION,,Predictor candidato,PSYCHIATRIST TALKED W/ABOUT FEELINGS PAST 12 MOS,AD86A04,1,True,Original u otra
ADSOCWRK,int64,47299,6,0,0.0,ADULT DEPRESSION,,Predictor candidato,SOCIAL WORKER TALKED W/ABOUT FEELINGS PAST 12 MOS,AD86A05,1,True,Original u otra
ADCOUNS,int64,47299,7,0,0.0,ADULT DEPRESSION,,Predictor candidato,COUNSELOR TALKED W/ABOUT FEELINGS PAST 12 MOS,AD86A06,1,True,Original u otra
ADOTHMHP,int64,47299,7,0,0.0,ADULT DEPRESSION,,Predictor candidato,MENTAL PROF TALKED W/ABOUT FEELINGS PAST 12 MOS,AD86A07,1,True,Original u otra
ADNURSE,int64,47299,7,0,0.0,ADULT DEPRESSION,,Predictor candidato,NURSE ETC.TALKED W/ABOUT FEELINGS PAST 12 MOS,AD86A08,1,True,Original u otra
ADRELIG,int64,47299,7,0,0.0,ADULT DEPRESSION,,Predictor candidato,RELIGIOUS ADVSR TLKED W/ABOUT FEELINGS PST 12 MOS,AD86A09,1,True,Original u otra
ADHERBAL,int64,47299,7,0,0.0,ADULT DEPRESSION,,Predictor candidato,HERBALIST TALKED W/ABOUT FEELINGS PAST 12 MOS,AD86A10,1,True,Original u otra
ADOTHHLP,int64,47299,6,0,0.0,ADULT DEPRESSION,,Predictor candidato,OTH HELP PROF TALKED W/ABOUT FEELINGS PAST 12 MOS,AD86A11,1,True,Original u otra
ADTMTNOW,int64,47299,6,0,0.0,ADULT DEPRESSION,,Predictor candidato,CURRENTLY RCVNG PROF TREATMENT/COUNSLG FOR MOOD,AD86B,1,True,Original u otra
ADRX12MO,int64,47299,6,0,0.0,ADULT DEPRESSION,,Predictor candidato,TAKE PRES MEDS PRESCRIBED FOR MOOD PAST 12 MONTHS,AD86C,1,True,Original u otra
ADRXNOW,int64,47299,6,0,0.0,ADULT DEPRESSION,,Predictor candidato,CURRENTLY TAKING PRESC MEDS PRESCRIBED FOR MOOD,AD86D,1,True,Original u otra
ADRXHLP,int64,47299,9,0,0.0,ADULT DEPRESSION,,Predictor candidato,HOW MUCH HAS PRESC MEDS FOR MOOD HELPED PST 12 MO,AD86E,1,True,Original u otra
ADTMTHLP,int64,47299,9,0,0.0,ADULT DEPRESSION,,Predictor candidato,HOW MUCH HAS TRMT/COUNSLG HELPED PST 12 MOS,AD86F,1,True,Original u otra
AMDELT,float64,45747,2,1552,3.281,ADULT DEPRESSION,,Excluir por fuga de información,ADULT: LIFETIME MAJOR DEPRESSIVE EPISODE (MDE),"ADDPPROB, ADDPR2WK, ADDPREV, ADDSCEV, ADLOSEV, ADLSI2WK, ADSMMDEA, ADWRCHR, ADWRDST, ADWRHRS, ADWRIMP",11,True,Original u otra
AMDEYR,float64,45659,2,1640,3.467,ADULT DEPRESSION,,Excluir por fuga de información,ADULT: PAST YEAR MAJOR DEPRESSIVE EPISODE (MDE),"ADPB2WK, AMDELT",2,True,Original u otra
ASDSHOM2,float64,5016,5,42283,89.395,ADULT DEPRESSION,,Predictor candidato,ADULT: DEPRESS FEELINGS ROLE IMPAIRMENT - HOME MANAGEMENT,ADPSHMGT,1,True,Original u otra
ASDSWRK2,float64,5010,5,42289,89.408,ADULT DEPRESSION,,Predictor candidato,ADULT: DEPRESS FEELINGS ROLE IMPAIRMENT - ABILITY TO WORK,ADPSWORK,1,True,Original u otra
ASDSREL2,float64,5024,5,42275,89.378,ADULT DEPRESSION,,Predictor candidato,ADULT: DEP FEELINGS ROLE IMPAIRMENT - CLOSE RELATIONSHIPS,ADPSRELS,1,True,Original u otra
ASDSSOC2,float64,5026,5,42273,89.374,ADULT DEPRESSION,,Predictor candidato,ADULT: DEPRESSIVE FEELINGS ROLE IMPAIRMENT - SOCIAL LIFE,ADPSSOC,1,True,Original u otra
AMDEIMP,float64,45617,2,1682,3.556,ADULT DEPRESSION,,Predictor candidato,ADULT: MDE WITH SEVERE ROLE IMPAIRMENT,"AMDEYR, ASDSHOM2, ASDSREL2, ASDSSOC2, ASDSWRK2",5,True,Original u otra
IRAMDELT,float64,47299,2,0,0.0,IMPUTED ADULT DEPRESSION,,Predictor candidato,ADULT: LIFETIME MAJOR DEPRESSIVE EPISODE (MDE) - IMP REV,AMDELT,1,True,Imputada
IIAMDELT,int64,47299,2,0,0.0,IMPUTED ADULT DEPRESSION,,Predictor candidato,ADULT: LIFETIME MAJOR DEPRESSIVE EPISODE (MDE) - IMP IND,AMDELT,1,True,Imputada
IRAMDEYR,float64,47299,2,0,0.0,IMPUTED ADULT DEPRESSION,,Variable objetivo,ADULT: PAST YEAR MAJOR DEPRESSIVE EPISODE (MDE) - IMP REV,AMDEYR,1,True,Imputada
IIAMDEYR,int64,47299,2,0,0.0,IMPUTED ADULT DEPRESSION,,Indicador de imputación de variable objetivo,ADULT: PAST YEAR MAJOR DEPRESSIVE EPISODE (MDE) - IMP IND,AMDEYR,1,True,Imputada
IRAMDEIMP,float64,47299,2,0,0.0,IMPUTED ADULT DEPRESSION,,Predictor candidato,ADULT: MDE WITH SEVERE ROLE IMPAIRMENT - IMP REV,AMDEIMP,1,True,Imputada
IIAMDEIMP,int64,47299,2,0,0.0,IMPUTED ADULT DEPRESSION,,Predictor candidato,ADULT: MDE WITH SEVERE ROLE IMPAIRMENT - IMP IND,AMDEIMP,1,True,Imputada
ATXMDEYR,float64,9292,2,38007,80.355,RECODED ADULT DEPRESSION,,Predictor candidato,RC-ADULT: SAW/TALK TO MD/PROF ABT DEPRESSIVE FEELNGS IN PY,ADSEEDOC,1,True,Recodificada
ARXMDEYR,float64,9292,2,38007,80.355,RECODED ADULT DEPRESSION,,Predictor candidato,RC-ADULT: USED RX MEDICATION FOR DEPRESSIVE FEELINGS IN PY,ADRX12MO,1,True,Recodificada
AMDETXRX,float64,9293,2,38006,80.353,RECODED ADULT DEPRESSION,,Predictor candidato,RC-ADULT: RCVD TRT/CNSLG OR RX MED FOR DEPRESS FEELING IN PY,"ARXMDEYR, ATXMDEYR",2,True,Recodificada
ADOCMDE,float64,9282,2,38017,80.376,RECODED ADULT DEPRESSION,,Predictor candidato,RC-ADULT: SAW/TALK TO GEN PRAC/FAM MD ABT DEP FEELINGS IN PY,"ADFAMDOC, ADSEEDOC",2,True,Recodificada
AOMDMDE,float64,9282,2,38017,80.376,RECODED ADULT DEPRESSION,,Predictor candidato,RC-ADULT: SAW/TALK TO OTHER MD ABT DEPRESSIVE FEELINGS IN PY,"ADOTHDOC, ADSEEDOC",2,True,Recodificada
APSY1MDE,float64,9282,2,38017,80.376,RECODED ADULT DEPRESSION,,Predictor candidato,RC-ADULT: SAW/TALK TO PSYCHOLOGIST ABT DEPRES FEELINGS IN PY,"ADPSYCH, ADSEEDOC",2,True,Recodificada
APSY2MDE,float64,9282,2,38017,80.376,RECODED ADULT DEPRESSION,,Predictor candidato,RC-ADULT: SAW/TALK TO PSYCHIATRIST ABT DEPRES FEELINGS IN PY,"ADPSYMD, ADSEEDOC",2,True,Recodificada
ASOCMDE,float64,9282,2,38017,80.376,RECODED ADULT DEPRESSION,,Predictor candidato,RC-ADULT: SAW/TALK TO SOCIAL WORKR ABT DEPRES FEELINGS IN PY,"ADSEEDOC, ADSOCWRK",2,True,Recodificada
ACOUNMDE,float64,9282,2,38017,80.376,RECODED ADULT DEPRESSION,,Predictor candidato,RC-ADULT: SAW/TALK TO COUNSELOR ABT DEPRESSVE FEELINGS IN PY,"ADCOUNS, ADSEEDOC",2,True,Recodificada
AOMHMDE,float64,9282,2,38017,80.376,RECODED ADULT DEPRESSION,,Predictor candidato,RC-ADULT: SAW/TALK TO OTH MENT HLTH PROF ABT DEP FEELINGS-PY,"ADOTHMHP, ADSEEDOC",2,True,Recodificada
ANURSMDE,float64,9282,2,38017,80.376,RECODED ADULT DEPRESSION,,Predictor candidato,RC-ADULT: SAW/TALK TO NURSE/OCC THERA ABT DEP FEELINGS IN PY,"ADNURSE, ADSEEDOC",2,True,Recodificada
ARELMDE,float64,9282,2,38017,80.376,RECODED ADULT DEPRESSION,,Predictor candidato,RC-ADULT: SAW/TALK TO RELIG ADVISR ABT DEPRES FEELINGS IN PY,"ADRELIG, ADSEEDOC",2,True,Recodificada
AHBCHMDE,float64,9282,2,38017,80.376,RECODED ADULT DEPRESSION,,Predictor candidato,RC-ADULT: SAW/TALK TO ANOTHER HEALER ABT DEPR FEELINGS IN PY,"ADHERBAL, ADSEEDOC",2,True,Recodificada
AHLTMDE,float64,9282,2,38017,80.376,RECODED ADULT DEPRESSION,,Predictor candidato,RC-ADULT: SAW/TALK TO HLTH PROF ABT DEPRESSVE FEELINGS IN PY,"ACOUNMDE, ADOCMDE, ANURSMDE, AOMDMDE, AOMHMDE, APSY1MDE, APSY2MDE, ASOCMDE",8,True,Recodificada
AALTMDE,float64,9282,2,38017,80.376,RECODED ADULT DEPRESSION,,Predictor candidato,RC-ADULT: SAW/TALK TO ALT SERV PROF ABT DEPRS FEELINGS IN PY,"AHBCHMDE, ARELMDE",2,True,Recodificada
MHTSEEKTX2,int64,47299,8,0,0.0,MENTAL HEALTH SERVICES UTILIZATION,,Predictor candidato,DID SEEK TRMT FOR MENTAL HEALTH (NOT RCVD TRMT)-PST 12 MOS,TXMHSEK,1,True,Original u otra
MHTSHLDTX2,int64,47299,8,0,0.0,MENTAL HEALTH SERVICES UTILIZATION,,Predictor candidato,THOUGHT SHLD GET MNTL HLTH TRMT (NOT RCVD TRMT)-PST 12 MOS,TXMHGET,1,True,Original u otra
MHTUNCOST2,int64,47299,6,0,0.0,MENTAL HEALTH SERVICES UTILIZATION,,Predictor candidato,UNMET MH TRMT NEED: TREATMENT COST TOO MUCH,TXMHNOA,1,True,Original u otra
MHTUNINSCV2,int64,47299,6,0,0.0,MENTAL HEALTH SERVICES UTILIZATION,,Predictor candidato,UNMET MH TRMT NEED: NO HEALTH INSURANCE COVERAGE FOR TRMT,TXMHNOB,1,True,Original u otra
MHTUNENFCV2,int64,47299,6,0,0.0,MENTAL HEALTH SERVICES UTILIZATION,,Predictor candidato,UNMET MH TRMT NEED: HEALTH INSURANCE DID NOT COVER ENOUGH,TXMHNOC,1,True,Original u otra
MHTUNWHER2,int64,47299,6,0,0.0,MENTAL HEALTH SERVICES UTILIZATION,,Predictor candidato,UNMET TRMT NEED: DID NOT KNOW HOW/WHERE TO GET TREATMENT,TXMHNOD,1,True,Original u otra
MHTUNNOFND2,int64,47299,6,0,0.0,MENTAL HEALTH SERVICES UTILIZATION,,Predictor candidato,UNMET MH TRMT NEED: COULD NOT FIND PREFERRED PROVIDER,TXMHNOE,1,True,Original u otra
MHTUNNOOPN2,int64,47299,6,0,0.0,MENTAL HEALTH SERVICES UTILIZATION,,Predictor candidato,UNMET MH TRMT NEED: NO OPENINGS WITH PREFERRED PROVIDER,TXMHNOF,1,True,Original u otra
MHTUNPROBS2,int64,47299,6,0,0.0,MENTAL HEALTH SERVICES UTILIZATION,,Predictor candidato,"UNMET MH TRMT NEED: PROB W/TRANS, CHILD CARE, APPT TIMES",TXMHNOG,1,True,Original u otra
MHTUNTIME2,int64,47299,6,0,0.0,MENTAL HEALTH SERVICES UTILIZATION,,Predictor candidato,UNMET MH TRMT NEED: NOT ENOUGH TIME FOR TREATMENT,TXMHNOH,1,True,Original u otra
MHTUNPRIV2,int64,47299,6,0,0.0,MENTAL HEALTH SERVICES UTILIZATION,,Predictor candidato,UNMET MH TRMT NEED: WORRIED THAT INFO NOT KEPT PRIVATE,TXMHNOI,1,True,Original u otra
MHTUNPTHNK2,int64,47299,6,0,0.0,MENTAL HEALTH SERVICES UTILIZATION,,Predictor candidato,UNMET MH TRMT NEED: WORRIED WHAT PEOPLE WOULD THINK OR SAY,TXMHNOJ,1,True,Original u otra
MHTUNCONSQ2,int64,47299,6,0,0.0,MENTAL HEALTH SERVICES UTILIZATION,,Predictor candidato,"UNMET MH TRMT NEED: WORRIED LOSS OF JOB, HOME, CHILDREN, ETC",TXMHNOK,1,True,Original u otra
MHTUNSTART2,int64,47299,6,0,0.0,MENTAL HEALTH SERVICES UTILIZATION,,Predictor candidato,UNMET MH TRMT NEED: NOT READY TO START TREATMENT,TXMHNOL,1,True,Original u otra
MHTUNHNDL2,int64,47299,6,0,0.0,MENTAL HEALTH SERVICES UTILIZATION,,Predictor candidato,UNMET MH TRMT NEED: THOUGHT COULD HANDLE MNTL HLTH ON OWN,TXMHNOM,1,True,Original u otra
MHTUNFFLKE2,int64,47299,6,0,0.0,MENTAL HEALTH SERVICES UTILIZATION,,Predictor candidato,UNMET MH TRMT NEED: FAMILY/FRIENDS/RELIG GROUP WOULDNT LIKE,TXMHNON,1,True,Original u otra
MHTUNFORCE2,int64,47299,6,0,0.0,MENTAL HEALTH SERVICES UTILIZATION,,Predictor candidato,UNMET MH TRMT NEED: WORRIED ABOUT BEING FORCED AGAINST WILL,TXMHNOO,1,True,Original u otra
MHTUNMED2,int64,47299,6,0,0.0,MENTAL HEALTH SERVICES UTILIZATION,,Predictor candidato,UNMET MH TRMT NEED: THOUGHT WOULD BE TOLD TO TAKE MEDICATION,TXMHNOP,1,True,Original u otra
MHTUNNOHLP2,int64,47299,6,0,0.0,MENTAL HEALTH SERVICES UTILIZATION,,Predictor candidato,UNMET MH TRMT NEED: DIDN'T THINK TREATMENT WOULD HELP,TXMHNOQ,1,True,Original u otra
MHTUNCARE2,int64,47299,6,0,0.0,MENTAL HEALTH SERVICES UTILIZATION,,Predictor candidato,UNMET MH TRMT NEED: NO ONE WOULD CARE IF YOU GOT BETTER,TXMHNOR,1,True,Original u otra
IRMHTSUPPGRP,int64,47299,2,0,0.0,IMPUTED MENTAL HEALTH SERVICES UTILIZATION,,Predictor candidato,PARTICIPATED IN SUPPORT GRP FOR MNTL HLTH - PY - IMP REV,,0,True,Imputada
IIMHTSUPPGRP,int64,47299,3,0,0.0,IMPUTED MENTAL HEALTH SERVICES UTILIZATION,,Predictor candidato,PARTICIPATED IN SUPPORT GRP FOR MNTL HLTH - PY - IMP IND,,0,True,Imputada
IRMHTERED,int64,47299,2,0,0.0,IMPUTED MENTAL HEALTH SERVICES UTILIZATION,,Predictor candidato,SEEN IN EMERGENCY ROOM/DEPT FOR MNTL HLTH - PY - IMP REV,,0,True,Imputada
IIMHTERED,int64,47299,2,0,0.0,IMPUTED MENTAL HEALTH SERVICES UTILIZATION,,Predictor candidato,SEEN IN EMERGENCY ROOM/DEPT FOR MNTL HLTH - PY - IMP IND,,0,True,Imputada
IRMHTINHOSP2,int64,47299,2,0,0.0,IMPUTED MENTAL HEALTH SERVICES UTILIZATION,,Predictor candidato,RCVD MNTL HLTH TRMT AT HOSPITAL AS INPATIENT - PY - IMP REV,,0,True,Imputada
IIMHTINHOSP2,int64,47299,3,0,0.0,IMPUTED MENTAL HEALTH SERVICES UTILIZATION,,Predictor candidato,RCVD MNTL HLTH TRMT AT HOSPITAL AS INPATIENT - PY - IMP IND,,0,True,Imputada
IRMHTINRSMH2,int64,47299,2,0,0.0,IMPUTED MENTAL HEALTH SERVICES UTILIZATION,,Predictor candidato,RCVD MNTL HLTH TRMT AT RSDNTL MNTL HLTH TRMT CTR-PY-IMP REV,,0,True,Imputada
IIMHTINRSMH2,int64,47299,3,0,0.0,IMPUTED MENTAL HEALTH SERVICES UTILIZATION,,Predictor candidato,RCVD MNTL HLTH TRMT AT RSDNTL MNTL HLTH TRMT CTR-PY-IMP IND,,0,True,Imputada
IRMHTINRHAB2,int64,47299,2,0,0.0,IMPUTED MENTAL HEALTH SERVICES UTILIZATION,,Predictor candidato,RCVD MNTL HLTH TRMT AT RSDNTL SUB REHAB/TRMT CTR-PY-IMP REV,,0,True,Imputada
IIMHTINRHAB2,int64,47299,2,0,0.0,IMPUTED MENTAL HEALTH SERVICES UTILIZATION,,Predictor candidato,RCVD MNTL HLTH TRMT AT RSDNTL SUB REHAB/TRMT CTR-PY-IMP IND,,0,True,Imputada
IRMHTINOPL2,int64,47299,2,0,0.0,IMPUTED MENTAL HEALTH SERVICES UTILIZATION,,Predictor candidato,RCVD MNTL HLTH TRMT AT OTHER PLACE AS INPATIENT-PY-IMP REV,,0,True,Imputada
IIMHTINOPL2,int64,47299,2,0,0.0,IMPUTED MENTAL HEALTH SERVICES UTILIZATION,,Predictor candidato,RCVD MNTL HLTH TRMT AT OTHER PLACE AS INPATIENT-PY-IMP IND,,0,True,Imputada
IRMHTOPMHCR2,int64,47299,2,0,0.0,IMPUTED MENTAL HEALTH SERVICES UTILIZATION,,Predictor candidato,RCVD MNTL HLTH TRMT AT OUTPTNT MNTL HLTH TRMT CTR-PY-IMP REV,,0,True,Imputada
IIMHTOPMHCR2,int64,47299,3,0,0.0,IMPUTED MENTAL HEALTH SERVICES UTILIZATION,,Predictor candidato,RCVD MNTL HLTH TRMT AT OUTPTNT MNTL HLTH TRMT CTR-PY-IMP IND,,0,True,Imputada
IRMHTOPRHAB2,int64,47299,2,0,0.0,IMPUTED MENTAL HEALTH SERVICES UTILIZATION,,Predictor candidato,RCVD MNTL HLTH TRMT AT OUTPTNT SUB REHAB/TRMT CTR-PY-IMP REV,,0,True,Imputada
IIMHTOPRHAB2,int64,47299,2,0,0.0,IMPUTED MENTAL HEALTH SERVICES UTILIZATION,,Predictor candidato,RCVD MNTL HLTH TRMT AT OUTPTNT SUB REHAB/TRMT CTR-PY-IMP IND,,0,True,Imputada
IRMHTOPTHRP2,int64,47299,2,0,0.0,IMPUTED MENTAL HEALTH SERVICES UTILIZATION,,Predictor candidato,RCVD MNTL HLTH TRMT AT THERAPIST OFFICE - PY - IMP REV,,0,True,Imputada
IIMHTOPTHRP2,int64,47299,3,0,0.0,IMPUTED MENTAL HEALTH SERVICES UTILIZATION,,Predictor candidato,RCVD MNTL HLTH TRMT AT THERAPIST OFFICE - PY - IMP IND,,0,True,Imputada
IRMHTOPDOC2,int64,47299,2,0,0.0,IMPUTED MENTAL HEALTH SERVICES UTILIZATION,,Predictor candidato,RCVD MNTL HLTH TRMT AT GENERAL MEDICAL OFFICE - PY - IMP REV,,0,True,Imputada
IIMHTOPDOC2,int64,47299,3,0,0.0,IMPUTED MENTAL HEALTH SERVICES UTILIZATION,,Predictor candidato,RCVD MNTL HLTH TRMT AT GENERAL MEDICAL OFFICE - PY - IMP IND,,0,True,Imputada
IRMHTOPHOSP2,int64,47299,2,0,0.0,IMPUTED MENTAL HEALTH SERVICES UTILIZATION,,Predictor candidato,RCVD MNTL HLTH TRMT AT HOSPITAL AS OUTPTNT - PY - IMP REV,,0,True,Imputada
IIMHTOPHOSP2,int64,47299,3,0,0.0,IMPUTED MENTAL HEALTH SERVICES UTILIZATION,,Predictor candidato,RCVD MNTL HLTH TRMT AT HOSPITAL AS OUTPTNT - PY - IMP IND,,0,True,Imputada
IRMHTOPSCHL2,int64,47299,2,0,0.0,IMPUTED MENTAL HEALTH SERVICES UTILIZATION,,Predictor candidato,RCVD MNTL HLTH TRMT AT SCHOOL HEALTH/COUNSELING-PY-IMP REV,,0,True,Imputada
IIMHTOPSCHL2,int64,47299,3,0,0.0,IMPUTED MENTAL HEALTH SERVICES UTILIZATION,,Predictor candidato,RCVD MNTL HLTH TRMT AT SCHOOL HEALTH/COUNSELING-PY-IMP IND,,0,True,Imputada
IRMHTOPOPL2,int64,47299,2,0,0.0,IMPUTED MENTAL HEALTH SERVICES UTILIZATION,,Predictor candidato,RCVD MNTL HLTH TRMT AT OTHER PLACE AS OUTPTNT-PY- IMP REV,,0,True,Imputada
IIMHTOPOPL2,int64,47299,3,0,0.0,IMPUTED MENTAL HEALTH SERVICES UTILIZATION,,Predictor candidato,RCVD MNTL HLTH TRMT AT OTHER PLACE AS OUTPTNT-PY- IMP IND,,0,True,Imputada
IRMHTRXMED,int64,47299,2,0,0.0,IMPUTED MENTAL HEALTH SERVICES UTILIZATION,,Predictor candidato,USED RX MEDICATION TO HELP WITH MNTL HLTH - PY - IMP REV,,0,True,Imputada
IIMHTRXMED,int64,47299,2,0,0.0,IMPUTED MENTAL HEALTH SERVICES UTILIZATION,,Predictor candidato,USED RX MEDICATION TO HELP WITH MNTL HLTH - PY - IMP IND,,0,True,Imputada
IRMHTPHVID,int64,47299,2,0,0.0,IMPUTED MENTAL HEALTH SERVICES UTILIZATION,,Predictor candidato,RCVD TRMT BY PHONE/VIDEO FOR MNTL HLTH - PY - IMP REV,,0,True,Imputada
IIMHTPHVID,int64,47299,3,0,0.0,IMPUTED MENTAL HEALTH SERVICES UTILIZATION,,Predictor candidato,RCVD TRMT BY PHONE/VIDEO FOR MNTL HLTH - PY - IMP IND,,0,True,Imputada
IRMHTPEERSPC,int64,47299,2,0,0.0,IMPUTED MENTAL HEALTH SERVICES UTILIZATION,,Predictor candidato,RCVD MNTL HLTH HLP FM PEER SUP SPCLST/RECVY COACH-PY-IMP REV,,0,True,Imputada
IIMHTPEERSPC,int64,47299,3,0,0.0,IMPUTED MENTAL HEALTH SERVICES UTILIZATION,,Predictor candidato,RCVD MNTL HLTH HLP FM PEER SUP SPCLST/RECVY COACH-PY-IMP IND,,0,True,Imputada
MHTINOTHPY2,int64,47299,2,0,0.0,RECODED MENTAL HEALTH SERVICES UTILIZATION,,Predictor candidato,RC-RCVD MH TRMT AT SOME OTHER PLACE AS AN INPATIENT - PST YR,IRMHTINOPL2,1,True,Recodificada
MHTINPPY2,int64,47299,2,0,0.0,RECODED MENTAL HEALTH SERVICES UTILIZATION,,Predictor candidato,RC-RCVD MENTAL HEALTH TREATMENT AS AN INPATIENT - PAST YEAR,"IRMHTINHOSP2, IRMHTINRHAB2, IRMHTINRSMH2, MHTINOTHPY2",4,True,Recodificada
MHTOPOTPY2,int64,47299,2,0,0.0,RECODED MENTAL HEALTH SERVICES UTILIZATION,,Predictor candidato,RC-RCVD MH TRMT AT SOME OTHER PLACE AS AN OUTPATIENT-PST YR,IRMHTOPOPL2,1,True,Recodificada
MHTOPPY2,int64,47299,2,0,0.0,RECODED MENTAL HEALTH SERVICES UTILIZATION,,Predictor candidato,RC-RCVD MENTAL HEALTH TREATMENT AS AN OUTPATIENT - PAST YEAR,"IRMHTOPDOC2, IRMHTOPHOSP2, IRMHTOPMHCR2, IRMHTOPRHAB2, IRMHTOPSCHL2, IRMHTOPTHRP2, MHTOPOTPY2",7,True,Recodificada
MHTOPNDOC2,int64,47299,2,0,0.0,RECODED MENTAL HEALTH SERVICES UTILIZATION,,Predictor candidato,RC-RCVD MH TRMT AS AN OUTPATIENT OTHER THAN GEN MED-PST YR,"IRMHTOPHOSP2, IRMHTOPMHCR2, IRMHTOPRHAB2, IRMHTOPSCHL2, IRMHTOPTHRP2, MHTOPOTPY2",6,True,Recodificada
MHTRTPY2,int64,47299,2,0,0.0,RECODED MENTAL HEALTH SERVICES UTILIZATION,,Predictor candidato,RC-RCVD MENTAL HEALTH TREATMENT - PAST YEAR,"IRMHTPHVID, IRMHTRXMED, MHTINPPY2, MHTOPPY2",4,True,Recodificada
MHTRTOSVPY2,int64,47299,2,0,0.0,RECODED MENTAL HEALTH SERVICES UTILIZATION,,Predictor candidato,RC-RCVD MENTAL HEALTH TREATMENT OR OTHER SERVICES-PAST YEAR,"IRMHTERED, IRMHTPEERSPC, IRMHTSUPPGRP, MHTRTPY2",4,True,Recodificada
MHTNSEEKPY2,float64,34082,2,13217,27.944,RECODED MENTAL HEALTH SERVICES UTILIZATION,,Predictor candidato,"RC-THGHT SHOULD GET MH TRT, DIDNT RECV OR SEEK TRT- PST YR","MHTRTPY2, MHTSHLDTX2",2,True,Recodificada
MHTSKTHPY2,float64,34072,2,13227,27.965,RECODED MENTAL HEALTH SERVICES UTILIZATION,,Predictor candidato,"RC-SOUGHT OR THGHT SHLD GET MH TRT, DIDNT RECV TRT - PST YR","MHTRTPY2, MHTSHLDTX2",2,True,Recodificada
MHNTCOST2,float64,2468,2,44831,94.782,RECODED MENTAL HEALTH SERVICES UTILIZATION,,Predictor candidato,RC-UNMET PY MNTL HLTH TRT NEED: THOUGHT COST TOO MUCH,"MHTSKTHPY2, MHTUNCOST2",2,True,Recodificada
MHNTINSCV2,float64,2308,2,44991,95.12,RECODED MENTAL HEALTH SERVICES UTILIZATION,,Predictor candidato,RC-UNMET PY MNTL HLTH TRT NEED: NO HEALTH INSUR COVERAGE,"MHTSKTHPY2, MHTUNINSCV2",2,True,Recodificada
MHNTENFCV2,float64,2206,2,45093,95.336,RECODED MENTAL HEALTH SERVICES UTILIZATION,,Predictor candidato,RC-UNMET PY MH TRT NEED: HEALTH INSUR DIDNT COVER ENOUGH,"MHTSKTHPY2, MHTUNCOST2",2,True,Recodificada
MHNTWHER2,float64,2473,2,44826,94.772,RECODED MENTAL HEALTH SERVICES UTILIZATION,,Predictor candidato,RC-UNMET PY MNTL HLTH TRT NEED: DIDNT KNOW WHERE TO GET TRT,"MHTSKTHPY2, MHTUNWHER2",2,True,Recodificada
MHNTNOFND2,float64,2385,2,44914,94.958,RECODED MENTAL HEALTH SERVICES UTILIZATION,,Predictor candidato,RC-UNMET PY MH TRT NEED: COULD NOT FIND PREFERRED PROVIDER,"MHTSKTHPY2, MHTUNNOFND2",2,True,Recodificada
MHNTNOOPN2,float64,2336,2,44963,95.061,RECODED MENTAL HEALTH SERVICES UTILIZATION,,Predictor candidato,RC-UNMET PY MH TRT NEED: NO OPENINGS WITH PREFERRED PROVIDER,"MHTSKTHPY2, MHTUNNOOPN2",2,True,Recodificada
MHNTPROBS2,float64,2444,2,44855,94.833,RECODED MENTAL HEALTH SERVICES UTILIZATION,,Predictor candidato,"RC-UNMET PY MH TRT NEED: PROB W/TRANS, CHILDCARE, APPT TIMES","MHTSKTHPY2, MHTUNPROBS2",2,True,Recodificada
MHNTTIME2,float64,2449,2,44850,94.822,RECODED MENTAL HEALTH SERVICES UTILIZATION,,Predictor candidato,RC-UNMET PY MNTL HLTH TRT NEED: NOT ENOUGH TIME FOR TRT,"MHTSKTHPY2, MHTUNTIME2",2,True,Recodificada
MHNTPRIV2,float64,2453,2,44846,94.814,RECODED MENTAL HEALTH SERVICES UTILIZATION,,Predictor candidato,RC-UNMET PY MH TRT NEED: WORRIED THAT INFO NOT KEPT PRIVATE,"MHTSKTHPY2, MHTUNPRIV2",2,True,Recodificada
MHNTPTHNK2,float64,2471,2,44828,94.776,RECODED MENTAL HEALTH SERVICES UTILIZATION,,Predictor candidato,RC-UNMET PY MH TRT NEED: WORRIED WHAT PEOPLE WOULD THNK/SAY,"MHTSKTHPY2, MHTUNPTHNK2",2,True,Recodificada
MHNTCONSQ2,float64,2454,2,44845,94.812,RECODED MENTAL HEALTH SERVICES UTILIZATION,,Predictor candidato,"RC-UNMET PY MH TRT NEED: THGHT WOULD LOSE JOB, HOME, CHILD","MHTSKTHPY2, MHTUNCONSQ2",2,True,Recodificada
MHNTSTART2,float64,2425,2,44874,94.873,RECODED MENTAL HEALTH SERVICES UTILIZATION,,Predictor candidato,RC-UNMET PY MNTL HLTH TRT NEED: NOT READY TO START TRT,"MHTSKTHPY2, MHTUNSTART2",2,True,Recodificada
MHNTHNDL2,float64,2462,2,44837,94.795,RECODED MENTAL HEALTH SERVICES UTILIZATION,,Predictor candidato,RC-UNMET PY MNTL HLTH TRT NEED: THOUGHT COULD HANDLE ON OWN,"MHTSKTHPY2, MHTUNHNDL2",2,True,Recodificada
MHNTFFLKE2,float64,2445,2,44854,94.831,RECODED MENTAL HEALTH SERVICES UTILIZATION,,Predictor candidato,RC-UNMET PY MH TRT NEED: FAM/FRIENDS/RELIG GRP WOULDNT LIKE,"MHTSKTHPY2, MHTUNFFLKE2",2,True,Recodificada
MHNTFORCE2,float64,2455,2,44844,94.81,RECODED MENTAL HEALTH SERVICES UTILIZATION,,Predictor candidato,RC-UNMET PY MH TRT NEED: AFRAID OF BEING FORCED AGAINST WILL,"MHTSKTHPY2, MHTUNFORCE2",2,True,Recodificada
MHNTMEDS2,float64,2445,2,44854,94.831,RECODED MENTAL HEALTH SERVICES UTILIZATION,,Predictor candidato,RC-UNMET PY MH TRT NEED: THOUGHT WOULD BE TOLD TO TAKE MEDS,"MHTSKTHPY2, MHTUNMED2",2,True,Recodificada
MHNTNOHLP2,float64,2417,2,44882,94.89,RECODED MENTAL HEALTH SERVICES UTILIZATION,,Predictor candidato,RC-UNMET PY MNTL HLTH TRT NEED: DIDNT THINK TRT WOULD HELP,"MHTSKTHPY2, MHTUNNOHLP2",2,True,Recodificada
MHNTCARE2,float64,2444,2,44855,94.833,RECODED MENTAL HEALTH SERVICES UTILIZATION,,Predictor candidato,RC-UNMET PY MH TRT NEED: NO ONE WOULD CARE IF YOU GOT BETTER,"MHTSKTHPY2, MHTUNCARE2",2,True,Recodificada
RCVSUTOMHT2,int64,47299,2,0,0.0,RECODED MENTAL HEALTH SERVICES UTILIZATION,,Predictor candidato,RC-RCVD SUBSTANCE USE TRT OR MENTAL HEALTH TRT IN PAST YEAR,"MHTRTPY2, SUTRTPY2",2,True,Recodificada
RCVMHTNSUT2,int64,47299,2,0,0.0,RECODED MENTAL HEALTH SERVICES UTILIZATION,,Predictor candidato,RC-RCVD MENTAL HEALTH TRT BUT NOT SUB USE TRT IN PAST YEAR,"MHTRTPY2, SUTRTPY2",2,True,Recodificada
RCVSUTNMHT2,int64,47299,2,0,0.0,RECODED MENTAL HEALTH SERVICES UTILIZATION,,Predictor candidato,RC-RCVD SUB USE TRT BUT NOT MENTAL HEALTH TRT IN PAST YEAR,"MHTRTPY2, SUTRTPY2",2,True,Recodificada
RCVSUTAMHT2,int64,47299,2,0,0.0,RECODED MENTAL HEALTH SERVICES UTILIZATION,,Predictor candidato,RC-RCVD BOTH SUB USE TRT AND MENTAL HEALTH TRT IN PAST YEAR,"MHTRTPY2, SUTRTPY2",2,True,Recodificada
PREGSTAT,int64,47299,7,0,0.0,HEALTH,,Predictor candidato,CURRENTLY PREGNANT (FEMALES AGED 12-50),HLTH02,1,True,Original u otra
HTANSWER,int64,47299,6,0,0.0,HEALTH,,Predictor candidato,PREFERRED WAY TO REPORT HEIGHT,HLTH04,1,True,Original u otra
HTINCHE2,int64,47299,25,0,0.0,HEALTH,,Predictor candidato,HEIGHT IN INCHES WITHOUT SHOES - RECODE,"HLTH05, HLTH06A, HLTH06B, HLTH07, HLTH08A, HLTH08B",6,True,Original u otra
WTANSWER,int64,47299,6,0,0.0,HEALTH,,Predictor candidato,PREFERRED WAY TO REPORT WEIGHT,HLTH09,1,True,Original u otra
WTPOUND2,int64,47299,225,0,0.0,HEALTH,,Predictor candidato,WEIGHT IN POUNDS - RECODE,"HLTH10, HLTH12, HLTH13, HLTH14",4,True,Original u otra
NMERTMT2,int64,47299,31,0,0.0,HEALTH,,Predictor candidato,# OF TIMES BEEN TREATED IN EMER ROOM PAST 12 MOS,HLTH16,1,True,Original u otra
INHOSPYR,int64,47299,6,0,0.0,HEALTH,,Predictor candidato,STAYED OVERNIGHT AS INPNT IN HOSP PAST 12 MOS,HLTH17,1,True,Original u otra
NMNGTHS2,int64,47299,36,0,0.0,HEALTH,,Predictor candidato,# NIGHTS STAYED IN HOSPITAL OVERNIGHT OR LONGER,HLTH18,1,True,Original u otra
NMVSOPT2,int64,47299,24,0,0.0,HEALTH,,Predictor candidato,# OUTPATIENT VISITS PAST 12 MOS - RECODE,HLTH19,1,True,Original u otra
NMVSOEST,int64,47299,13,0,0.0,HEALTH,,Predictor candidato,# TIMES VISITED DR ABOUT OWN HEALTH PST YR,HLTH19DK,1,True,Original u otra
TELEAPTYR,int64,47299,6,0,0.0,HEALTH,,Predictor candidato,TALK TO DOC ABOUT HEALTH OVER PHONE/EMAIL/VIDEO PST 12 MOS,HLTHTELE,1,True,Original u otra
HPUSETOB,int64,47299,7,0,0.0,HEALTH,,Predictor candidato,HEALTH PROF ASKED PST 12 MOS: TOBACCO USE,HLTH20A,1,True,Original u otra
HPUSEALC,int64,47299,7,0,0.0,HEALTH,,Predictor candidato,HEALTH PROF ASKED PST 12 MOS: ALCOHOL USE,HLTH20B,1,True,Original u otra
HPUSEDRG,int64,47299,7,0,0.0,HEALTH,,Predictor candidato,HEALTH PROF ASKED PST 12 MOS: DRUG USE,HLTH20C,1,True,Original u otra
HPQTTOB,int64,47299,9,0,0.0,HEALTH,,Predictor candidato,HEALTH PROF ADVISED YOU TO QUIT TOBACCO USE,HLTH21,1,True,Original u otra
HPALCAMT2,int64,47299,8,0,0.0,HEALTH,,Predictor candidato,DOCTOR ASKED HOW MUCH YOU DRINK,HLTH221,1,True,Original u otra
HPALCFRQ2,int64,47299,9,0,0.0,HEALTH,,Predictor candidato,DOCTOR ASKED HOW OFTEN YOU DRINK,HLTH222,1,True,Original u otra
HPALCPRB2,int64,47299,8,0,0.0,HEALTH,,Predictor candidato,DOCTOR ASKED IF ANY DRINKING PROBS,HLTH223,1,True,Original u otra
HPALCCUT2,int64,47299,8,0,0.0,HEALTH,,Predictor candidato,DOCTOR ADVISED YOU TO CUT DOWN ON DRINKING,HLTH224,1,True,Original u otra
HPALCTX2,int64,47299,8,0,0.0,HEALTH,,Predictor candidato,DOCTOR OFFERED INFO ABOUT ALCOHOL TREATMT,HLTH225,1,True,Original u otra
HPALCNOT2,int64,47299,8,0,0.0,HEALTH,,Predictor candidato,DOCTOR DIDNT DISCUSS MY ALCOHOL USE WITH ME,HLTH226,1,True,Original u otra
HPDRGTALK,int64,47299,9,0,0.0,HEALTH,,Predictor candidato,HEALTH PROF DISCUSSED MY DRUG USE WITH ME,HLTH23,1,True,Original u otra
HRTCONDEV2,int64,47299,6,0,0.0,HEALTH,,Predictor candidato,EVER TOLD HAD HEART CONDITION,HLTH2501,1,True,Original u otra
DIABETEVR2,int64,47299,6,0,0.0,HEALTH,,Predictor candidato,EVER TOLD HAD DIABETES/SUGAR DIABETES,HLTH2502,1,True,Original u otra
COPDEVER2,int64,47299,6,0,0.0,HEALTH,,Predictor candidato,EVER TOLD HAD CHRONIC BRONCHITIS OR COPD,HLTH2503,1,True,Original u otra
CIRROSEVR2,int64,47299,6,0,0.0,HEALTH,,Predictor candidato,EVER TOLD HAD CIRRHOSIS OF THE LIVER,HLTH2504,1,True,Original u otra
HEPBCEVER2,int64,47299,6,0,0.0,HEALTH,,Predictor candidato,EVER TOLD HAD HEPATITIS B OR C,HLTH2505,1,True,Original u otra
KIDNYDSEV2,int64,47299,6,0,0.0,HEALTH,,Predictor candidato,EVER TOLD HAD KIDNEY DISEASE,HLTH2506,1,True,Original u otra
ASTHMAEVR2,int64,47299,6,0,0.0,HEALTH,,Predictor candidato,EVER TOLD HAD ASTHMA,HLTH2507,1,True,Original u otra
HIVAIDSEV2,int64,47299,6,0,0.0,HEALTH,,Predictor candidato,EVER TOLD HAD HIV OR AIDS,HLTH2508,1,True,Original u otra
CANCEREVR2,int64,47299,6,0,0.0,HEALTH,,Predictor candidato,EVER TOLD HAD CANCER,HLTH2509,1,True,Original u otra
HIGHBPEVR2,int64,47299,6,0,0.0,HEALTH,,Predictor candidato,EVER TOLD HAD HIGH BLOOD PRESSURE,HLTH2510,1,True,Original u otra
NONABOVEV2,int64,47299,6,0,0.0,HEALTH,,Predictor candidato,NEVER HAD ANY OF THESE CONDITIONS,HLTH2511,1,True,Original u otra
CABLADDER,int64,47299,7,0,0.0,HEALTH,,Predictor candidato,TYPE OF CANCER: BLADDER,HLTH2601,1,True,Original u otra
CABLOLEULYM,int64,47299,7,0,0.0,HEALTH,,Predictor candidato,TYPE OF CANCER: BLOOD/LEUKEMIA/LYMPHOMA,"HLTH2602, HLTH2612, HLTH2615",3,True,Original u otra
CAOTHER2,int64,47299,7,0,0.0,HEALTH,,Predictor candidato,TYPE OF CANCER: OTHER,"HLTH2603, HLTH2604, HLTH2624, HLTH2630",4,True,Original u otra
CABREAST,int64,47299,7,0,0.0,HEALTH,,Predictor candidato,TYPE OF CANCER: BREAST,HLTH2605,1,True,Original u otra
CACERVIX,int64,47299,7,0,0.0,HEALTH,,Predictor candidato,TYPE OF CANCER: CERVIX (FEMALES ONLY),HLTH2606,1,True,Original u otra
CACOLNRECT,int64,47299,7,0,0.0,HEALTH,,Predictor candidato,TYPE OF CANCER: COLON/RECTUM,"HLTH2607, HLTH2621",2,True,Original u otra
CAESOPSTOM,int64,47299,7,0,0.0,HEALTH,,Predictor candidato,TYPE OF CANCER: ESOPHAGUS/STOMACH,"HLTH2608, HLTH2625",2,True,Original u otra
CAGALLIVPAN,int64,47299,7,0,0.0,HEALTH,,Predictor candidato,TYPE OF CANCER: GALLBLADDER/LIVER/PANCREAS,"HLTH2609, HLTH2613, HLTH2619",3,True,Original u otra
CAKIDNEY,int64,47299,7,0,0.0,HEALTH,,Predictor candidato,TYPE OF CANCER: KIDNEY,HLTH2610,1,True,Original u otra
CALARYLUNG,int64,47299,7,0,0.0,HEALTH,,Predictor candidato,TYPE OF CANCER: LARYNX/WINDPIPE/LUNG,"HLTH2611, HLTH2614",2,True,Original u otra
CAMELANOM,int64,47299,7,0,0.0,HEALTH,,Predictor candidato,TYPE OF CANCER: MELANOMA,HLTH2616,1,True,Original u otra
CAMOUTTHRO,int64,47299,7,0,0.0,HEALTH,,Predictor candidato,TYPE OF CANCER: MOUTH/TONGUE/LIP/THROAT/PHARYNX,"HLTH2617, HLTH2627",2,True,Original u otra
CAOVARY,int64,47299,7,0,0.0,HEALTH,,Predictor candidato,TYPE OF CANCER: OVARY (FEMALES ONLY),HLTH2618,1,True,Original u otra
CAPROSTEST,int64,47299,7,0,0.0,HEALTH,,Predictor candidato,TYPE OF CANCER: PROSTATE/TESTIS (MALES ONLY),"HLTH2620, HLTH2626",2,True,Original u otra
CASKINOTH,int64,47299,7,0,0.0,HEALTH,,Predictor candidato,TYPE OF CANCER: SKIN (NOT MELANOMA),HLTH2622,1,True,Original u otra
CASKINDK,int64,47299,7,0,0.0,HEALTH,,Predictor candidato,TYPE OF CANCER: SKIN DON'T KNOW WHICH KIND,HLTH2623,1,True,Original u otra
CATHYROID,int64,47299,7,0,0.0,HEALTH,,Predictor candidato,TYPE OF CANCER: THYROID,HLTH2628,1,True,Original u otra
CAUTERUS,int64,47299,7,0,0.0,HEALTH,,Predictor candidato,TYPE OF CANCER: UTERUS (FEMALES ONLY),HLTH2629,1,True,Original u otra
CANCERYR,int64,47299,9,0,0.0,HEALTH,,Predictor candidato,HAD ANY CANCER PAST 12 MONTHS,HLTH29,1,True,Original u otra
HRTCONDAG,int64,47299,96,0,0.0,HEALTH,,Predictor candidato,AGE HEART CONDITION 1ST DIAGNOSED,HLTH30,1,True,Original u otra
HRTCONDYR,int64,47299,8,0,0.0,HEALTH,,Predictor candidato,HAD HEART CONDITION PAST 12 MONTHS,HLTH31,1,True,Original u otra
DIABETEAG,int64,47299,90,0,0.0,HEALTH,,Predictor candidato,AGE DIABETES 1ST DIAGNOSED,HLTH32,1,True,Original u otra
COPDAGE,int64,47299,90,0,0.0,HEALTH,,Predictor candidato,AGE COPD 1ST DIAGNOSED,HLTH33,1,True,Original u otra
CIRROSAGE,int64,47299,59,0,0.0,HEALTH,,Predictor candidato,AGE CIRRHOSIS 1ST DIAGNOSED,HLTH34,1,True,Original u otra
HEPBCAGE,int64,47299,72,0,0.0,HEALTH,,Predictor candidato,AGE HEPATITIS 1ST DIAGNOSED,HLTH35,1,True,Original u otra
KIDNYDSAG,int64,47299,91,0,0.0,HEALTH,,Predictor candidato,AGE KIDNEY DISEASE 1ST DIAGNOSED,HLTH36,1,True,Original u otra
ASTHMAAGE,int64,47299,85,0,0.0,HEALTH,,Predictor candidato,AGE ASTHMA 1ST DIAGNOSED,HLTH37,1,True,Original u otra
ASTHMANOW,int64,47299,7,0,0.0,HEALTH,,Predictor candidato,STILL HAVE ASTHMA,HLTH38,1,True,Original u otra
HIVAIDSAG,int64,47299,40,0,0.0,HEALTH,,Predictor candidato,AGE 1ST FOUND OUT HAD HIV/AIDS,HLTH39,1,True,Original u otra
HIGHBPMED,int64,47299,7,0,0.0,HEALTH,,Predictor candidato,TAKING MEDS FOR HIGH BLOOD PRESSURE,HLTH40,1,True,Original u otra
HIGHBPAGE,int64,47299,93,0,0.0,HEALTH,,Predictor candidato,AGE WHEN HIGH BLOOD PRESSURE 1ST DIAGNOSED,HLTH41,1,True,Original u otra
PREGST,float64,46917,3,382,0.808,RECODED HEALTH,"Starting with the 2024 NSDUH, the question about current pregnancy was updated to be
administered
to respondents up to 50 years old. The previous upper age limit was 44 years old.
Thus, this new
pregnancy recode, PREGST, is defined for those aged 1",Predictor candidato,RC-PREGNANCY STATUS OF FEMALES AGED 12-50,PREGSTAT,1,True,Recodificada
BMI2,float64,45049,3067,2250,4.757,RECODED HEALTH,,Predictor candidato,RC-BODY MASS INDEX (BMI),"HTINCHE2, WTPOUND2",2,True,Recodificada
TELEAPTYR2,float64,46272,2,1027,2.171,RECODED HEALTH,,Predictor candidato,RC-TALK TO DOC ABOUT VIRTUAL SERVICE TREATMENT-PAST YEAR,TELEAPTYR,1,True,Recodificada
CASUPROB,int64,47299,6,0,0.0,EMERGING ISSUES,,Predictor candidato,THINK EVER HAD PROBLEM WITH OWN DRUG OR ALCOHOL USE,CA15,1,True,Original u otra
CASURCVR,int64,47299,7,0,0.0,EMERGING ISSUES,,Predictor candidato,THINK IN RECOVERY FROM DRUG OR ALCOHOL PROBLEM,CA16,1,True,Original u otra
CAMHPROB,int64,47299,6,0,0.0,EMERGING ISSUES,,Predictor candidato,THINK EVER HAD PROBLEM WITH OWN MENTAL HEALTH,CA17,1,True,Original u otra
CAMHRCVR,int64,47299,7,0,0.0,EMERGING ISSUES,,Predictor candidato,THINK IN RECOVERY FROM MENTAL HEALTH PROBLEM,CA18,1,True,Original u otra
KRATEVER,int64,47299,6,0,0.0,EMERGING ISSUES,,Predictor candidato,EVER USED KRATOM,KA01,1,True,Original u otra
KRATREC,int64,47299,7,0,0.0,EMERGING ISSUES,,Predictor candidato,TIME SINCE LAST USED KRATOM,KALAST3,1,True,Original u otra
FLVVAPEVR,int64,47299,6,0,0.0,EMERGING ISSUES,,Predictor candidato,EVER VAPED ONLY FLAVORING WITHOUT NICOTINE/SUBSTANCE,VPFLLIF,1,True,Original u otra
FLVVAPREC,int64,47299,7,0,0.0,EMERGING ISSUES,,Predictor candidato,TIME SINCE LAST VAPED ONLY FLAVORING,VPFLREC,1,True,Original u otra
SYNMRJEVR,int64,47299,6,0,0.0,EMERGING ISSUES,,Predictor candidato,EVER USED SYNTHETIC MARIJUANA,SMLIF,1,True,Original u otra
SYNMRJREC,int64,47299,7,0,0.0,EMERGING ISSUES,,Predictor candidato,TIME SINCE LAST USED SYNTHETIC MARIJUANA,SMREC,1,True,Original u otra
SYNSTMEVR,int64,47299,6,0,0.0,EMERGING ISSUES,,Predictor candidato,EVER USED SYNTHETIC STIMULANTS,SMLIF,1,True,Original u otra
SYNSTMREC,int64,47299,7,0,0.0,EMERGING ISSUES,,Predictor candidato,TIME SINCE LAST USED SYNTHETIC STIMULANTS,SSREC,1,True,Original u otra
IMFEVER,int64,47299,6,0,0.0,EMERGING ISSUES,,Predictor candidato,EVER USED ILLEGALLY MADE FENTANYL,IFLIF,1,True,Original u otra
IMFNDLEVER,int64,47299,6,0,0.0,EMERGING ISSUES,,Predictor candidato,EVER INJECTED ILLEGALLY MADE FENTANYL WITH NEEDLE,IFNDLLIF,1,True,Original u otra
IRKRATREC,int64,47299,4,0,0.0,IMPUTED EMERGING ISSUES,,Predictor candidato,KRATOM RECENCY - IMPUTATION REVISED,"KRATEVER, KRATREC",2,True,Imputada
IIKRATREC,int64,47299,3,0,0.0,IMPUTED EMERGING ISSUES,,Predictor candidato,KRATOM RECENCY - IMPUTATION INDICATOR,"KRATEVER, KRATREC",2,True,Imputada
IRFLVVAPREC,int64,47299,4,0,0.0,IMPUTED EMERGING ISSUES,,Predictor candidato,ONLY FLAVORING VAPING RECENCY - IMPUTATION REVISED,"FLVVAPEVR, FLVVAPREC",2,True,Imputada
IIFLVVAPREC,int64,47299,3,0,0.0,IMPUTED EMERGING ISSUES,,Predictor candidato,ONLY FLAVORING VAPING RECENCY - IMPUTATION INDICATOR,"FLVVAPEVR, FLVVAPREC",2,True,Imputada
IRSYNMRJREC,int64,47299,4,0,0.0,IMPUTED EMERGING ISSUES,,Predictor candidato,SYNTHETIC MARIJUANA RECENCY - IMPUTATION REVISED,"SYNMRJEVR, SYNMRJREC",2,True,Imputada
IISYNMRJREC,int64,47299,3,0,0.0,IMPUTED EMERGING ISSUES,,Predictor candidato,SYNTHETIC MARIJUANA RECENCY - IMPUTATION INDICATOR,"SYNMRJEVR, SYNMRJREC",2,True,Imputada
IRSYNSTMREC,int64,47299,4,0,0.0,IMPUTED EMERGING ISSUES,,Predictor candidato,SYNTHETIC STIMULANTS RECENCY - IMPUTATION REVISED,"SYNSTMEVR, SYNSTMREC",2,True,Imputada
IISYNSTMREC,int64,47299,3,0,0.0,IMPUTED EMERGING ISSUES,,Predictor candidato,SYNTHETIC STIMULANTS RECENCY - IMPUTATION INDICATOR,"SYNSTMEVR, SYNSTMREC",2,True,Imputada
IRIMFREC,int64,47299,4,0,0.0,IMPUTED EMERGING ISSUES,,Predictor candidato,ILLEGALLY MADE FENTANYL RECENCY - IMPUTATION REVISED,IMFEVER,1,True,Imputada
IIIMFREC,int64,47299,3,0,0.0,IMPUTED EMERGING ISSUES,,Predictor candidato,ILLEGALLY MADE FENTANYL RECENCY - IMPUTATION INDICATOR,IMFEVER,1,True,Imputada
CASUPROB2,float64,45714,2,1585,3.351,RECODED EMERGING ISSUES,,Predictor candidato,RC-PERCEIVED EVER HAD DRUG OR ALCOHOL USE PROBLEM,CASUPROB,1,True,Recodificada
RCVYSUBPRB,float64,45702,2,1597,3.376,RECODED EMERGING ISSUES,,Predictor candidato,RC-PERCEIVED RECOVERY FROM DRUG OR ALCOHOL USE PROBLEM,"CASUPROB2, CASURCVR",2,True,Recodificada
CAMHPROB2,float64,45737,2,1562,3.302,RECODED EMERGING ISSUES,,Predictor candidato,RC-PERCEIVED EVER HAD A MENTAL HEALTH ISSUE,CAMHPROB,1,True,Recodificada
RCVYMHPRB,float64,45622,2,1677,3.546,RECODED EMERGING ISSUES,,Predictor candidato,RC-PERCEIVED RECOVERY FROM MENTAL HEALTH ISSUE,"CAMHPROB2, CAMHRCVR",2,True,Recodificada
KRATOMFLAG,int64,47299,2,0,0.0,RECODED EMERGING ISSUES,,Predictor candidato,RC-KRATOM - EVER USED,IRKRATREC,1,True,Recodificada
KRATOMYR,int64,47299,2,0,0.0,RECODED EMERGING ISSUES,,Predictor candidato,RC-KRATOM - PAST YEAR USE,IRKRATREC,1,True,Recodificada
KRATOMMON,int64,47299,2,0,0.0,RECODED EMERGING ISSUES,,Predictor candidato,RC-KRATOM - PAST MONTH USE,IRKRATREC,1,True,Recodificada
FLVVAPFLAG,int64,47299,2,0,0.0,RECODED EMERGING ISSUES,,Predictor candidato,RC-ONLY FLAVORING VAPING - EVER USED,IRFLVVAPREC,1,True,Recodificada
FLVVAPYR,int64,47299,2,0,0.0,RECODED EMERGING ISSUES,,Predictor candidato,RC-ONLY FLAVORING VAPING - PAST YEAR USE,IRFLVVAPREC,1,True,Recodificada
FLVVAPMON,int64,47299,2,0,0.0,RECODED EMERGING ISSUES,,Predictor candidato,RC-ONLY FLAVORING VAPING - PAST MONTH USE,IRFLVVAPREC,1,True,Recodificada
SYNMRJFLAG,int64,47299,2,0,0.0,RECODED EMERGING ISSUES,,Predictor candidato,RC-SYNTHETIC MARIJUANA - EVER USED,IRSYNMRJREC,1,True,Recodificada
SYNMRJYR,int64,47299,2,0,0.0,RECODED EMERGING ISSUES,,Predictor candidato,RC-SYNTHETIC MARIJUANA - PAST YEAR USE,IRSYNMRJREC,1,True,Recodificada
SYNMRJMON,int64,47299,2,0,0.0,RECODED EMERGING ISSUES,,Predictor candidato,RC-SYNTHETIC MARIJUANA - PAST MONTH USE,IRSYNMRJREC,1,True,Recodificada
SYNSTMFLAG,int64,47299,2,0,0.0,RECODED EMERGING ISSUES,,Predictor candidato,RC-SYNTHETIC STIMULANTS - EVER USED,IRSYNSTMREC,1,True,Recodificada
SYNSTMYR,int64,47299,2,0,0.0,RECODED EMERGING ISSUES,,Predictor candidato,RC-SYNTHETIC STIMULANTS - PAST YEAR USE,IRSYNSTMREC,1,True,Recodificada
SYNSTMMON,int64,47299,2,0,0.0,RECODED EMERGING ISSUES,,Predictor candidato,RC-SYNTHETIC STIMULANTS - PAST MONTH USE,IRSYNSTMREC,1,True,Recodificada
IMFFLAG,int64,47299,2,0,0.0,RECODED EMERGING ISSUES,,Predictor candidato,RC-ILLEGALLY MADE FENTANYL - EVER USED,IRIMFREC,1,True,Recodificada
IMFYR,int64,47299,2,0,0.0,RECODED EMERGING ISSUES,,Predictor candidato,RC-ILLEGALLY MADE FENTANYL - PAST YEAR USE,IRIMFREC,1,True,Recodificada
IMFMON,int64,47299,2,0,0.0,RECODED EMERGING ISSUES,,Predictor candidato,RC-ILLEGALLY MADE FENTANYL - PAST MONTH USE,IRIMFREC,1,True,Recodificada
IMFNEDFLAG,float64,47273,2,26,0.055,RECODED EMERGING ISSUES,,Predictor candidato,RC-EVER USED A NEEDLE TO INJECT IMF,"IMFFLAG, IMFNDLEVER",2,True,Recodificada
ANYNEDFLAG,float64,47024,2,275,0.581,RECODED EMERGING ISSUES,,Predictor candidato,RC-EVER USED A NEEDLE TO INJECT DRUGS,"COCNEDEVER, HERNEDEVER, IMFNEDFLAG, MTHNEDEVER, OTDGNEDL",5,True,Recodificada
ANYNEDYR,float64,47032,2,267,0.564,RECODED EMERGING ISSUES,,Predictor candidato,RC- USED A NEEDLE TO INJECT DRUGS - PAST YEAR,OTDGNDLRC,1,True,Recodificada
FPIMFANYYR2,int64,47299,2,0,0.0,RECODED EMERGING ISSUES,,Predictor candidato,RC-FENTANYL PRODUCTS INCLUDING IMF - ANY PAST YEAR USE,"IMFYR, IRFENTANYYR2",2,True,Recodificada
FPIMFNMYR,int64,47299,2,0,0.0,RECODED EMERGING ISSUES,,Predictor candidato,RC-FENTANYL PRODUCTS INCLUDING IMF - PAST YEAR MISUSE,"IMFYR, IRFENTNMYR",2,True,Recodificada
OPIIMFNMYR2,int64,47299,2,0,0.0,RECODED EMERGING ISSUES,,Predictor candidato,RC-OPIOIDS (RX OPIOIDS OR HER) INCLUDING IMF - PST YR MISUSE,"IMFYR, OPINMYR2",2,True,Recodificada
OPIIMFNMMN2,int64,47299,2,0,0.0,RECODED EMERGING ISSUES,,Predictor candidato,RC-OPIOIDS (RX OPIOIDS OR HER) INCLUDING IMF - PST MO MISUSE,"IMFMON, OPINMMON2",2,True,Recodificada
ILIMFOTHFG,int64,47299,2,0,0.0,RECODED EMERGING ISSUES,,Predictor candidato,"RC-ILLICIT DRUG, IMF, OR OTHER SUB - EVER USED","CBDHMPFLAG, GHBFLAG, ILLFLAG, IMFFLAG, KRATOMFLAG, NPCOLDFLAG, SYNMRJFLAG, SYNSTMFLAG",8,True,Recodificada
ILIMFOTHYR,int64,47299,2,0,0.0,RECODED EMERGING ISSUES,,Predictor candidato,"RC-ILLICIT DRUG, IMF, OR OTHER SUB - PAST YEAR USE","CBDHMPYR, GHBYR, ILLYR, IMFYR, KRATOMYR, NPCOLDYR, SYNMRJYR, SYNSTMYR",8,True,Recodificada
ILIMFOTHMN,int64,47299,2,0,0.0,RECODED EMERGING ISSUES,,Predictor candidato,"RC-ILLICIT DRUG, IMF, OR OTHER SUB - PAST MONTH USE","CBDHMPMON, GHBMON, ILLMON, IMFMON, KRATOMMON, NPCOLDMON, SYNMRJMON, SYNSTMMON",8,True,Recodificada
LANGVER,int64,47299,2,0,0.0,INTERVIEW INFORMATION,,Predictor candidato,LANGUAGE VERSION,,0,True,Original u otra
GQTYPE2,str,234,2,47065,99.505,INTERVIEW INFORMATION,,Predictor candidato,TYPE OF GROUP QUARTER,,0,True,Original u otra
