variable,modulo,rol_provisional,n_unicos,pct_nan,uso_provisional,motivo_uso
QUESTID2,IDENTIFICATION,Identificador,47299,0.0,Excluir de variables de entrada,Identificador único del registro
ANALWT2_C,SAMPLE WEIGHTING AND ESTIMATION VARS,Diseño muestral,47267,0.0,Uso auxiliar,Variable del diseño muestral
VESTR_C,SAMPLE WEIGHTING AND ESTIMATION VARS,Diseño muestral,50,0.0,Uso auxiliar,Variable del diseño muestral
VEREP,SAMPLE WEIGHTING AND ESTIMATION VARS,Diseño muestral,2,0.0,Uso auxiliar,Variable del diseño muestral
PDEN10,COUNTY,Predictor candidato,3,0.0,Predictor candidato,Pendiente de revisión conceptual y estadística
COUTYP4,COUNTY,Predictor candidato,3,0.0,Predictor candidato,Pendiente de revisión conceptual y estadística
MAIIN102,SEGMENT,Predictor candidato,2,0.0,Predictor candidato,Pendiente de revisión conceptual y estadística
AIIND102,BLOCK,Predictor candidato,2,0.0,Predictor candidato,Pendiente de revisión conceptual y estadística
AGE3,DEMOGRAPHICS,Predictor demográfico y selección de población adulta,8,0.0,Predictor candidato,Pendiente de revisión conceptual y estadística
SERVICE,DEMOGRAPHICS,Predictor candidato,5,0.0,Predictor candidato,Pendiente de revisión conceptual y estadística
MILSTAT,DEMOGRAPHICS,Predictor candidato,7,0.0,Predictor candidato,Pendiente de revisión conceptual y estadística
ACTDEVER,DEMOGRAPHICS,Predictor candidato,6,0.0,Predictor candidato,Pendiente de revisión conceptual y estadística
ACTD2001,DEMOGRAPHICS,Predictor candidato,7,0.0,Predictor candidato,Pendiente de revisión conceptual y estadística
ACTD9001,DEMOGRAPHICS,Predictor candidato,7,0.0,Predictor candidato,Pendiente de revisión conceptual y estadística
ACTD7590,DEMOGRAPHICS,Predictor candidato,7,0.0,Predictor candidato,Pendiente de revisión conceptual y estadística
ACTDVIET,DEMOGRAPHICS,Predictor candidato,7,0.0,Predictor candidato,Pendiente de revisión conceptual y estadística
ACTDPRIV,DEMOGRAPHICS,Predictor candidato,7,0.0,Predictor candidato,Pendiente de revisión conceptual y estadística
COMBATPY,DEMOGRAPHICS,Predictor candidato,7,0.0,Predictor candidato,Pendiente de revisión conceptual y estadística
NOMARR2,DEMOGRAPHICS,Predictor candidato,5,0.0,Predictor candidato,Pendiente de revisión conceptual y estadística
HEALTH,DEMOGRAPHICS,Predictor candidato,7,0.0,Predictor candidato,Pendiente de revisión conceptual y estadística
MOVSINPYR2,DEMOGRAPHICS,Predictor candidato,8,0.0,Predictor candidato,Pendiente de revisión conceptual y estadística
SPEAKENGL,DEMOGRAPHICS,Predictor candidato,8,0.0,Predictor candidato,Pendiente de revisión conceptual y estadística
LVLDIFSEE2,DEMOGRAPHICS,Predictor candidato,7,0.0,Predictor candidato,Pendiente de revisión conceptual y estadística
LVLDIFHEAR2,DEMOGRAPHICS,Predictor candidato,7,0.0,Predictor candidato,Pendiente de revisión conceptual y estadística
LVLDIFWALK2,DEMOGRAPHICS,Predictor candidato,7,0.0,Predictor candidato,Pendiente de revisión conceptual y estadística
LVLDIFMEM2,DEMOGRAPHICS,Predictor candidato,7,0.0,Predictor candidato,Pendiente de revisión conceptual y estadística
LVLDIFCARE2,DEMOGRAPHICS,Predictor candidato,7,0.0,Predictor candidato,Pendiente de revisión conceptual y estadística
LVLDIFCOMM2,DEMOGRAPHICS,Predictor candidato,7,0.0,Predictor candidato,Pendiente de revisión conceptual y estadística
IRSEX,IMPUTED DEMOGRAPHICS,Predictor candidato,2,0.0,Predictor candidato,Pendiente de revisión conceptual y estadística
IRMARIT,IMPUTED DEMOGRAPHICS,Predictor candidato,4,0.0,Predictor candidato,Pendiente de revisión conceptual y estadística
IIMARIT,IMPUTED DEMOGRAPHICS,Predictor candidato,2,0.0,Predictor candidato,Pendiente de revisión conceptual y estadística
IREDUHIGHST2,IMPUTED DEMOGRAPHICS,Predictor candidato,11,0.0,Predictor candidato,Pendiente de revisión conceptual y estadística
IIEDUHIGHST2,IMPUTED DEMOGRAPHICS,Predictor candidato,2,0.0,Predictor candidato,Pendiente de revisión conceptual y estadística
CATAGE,RECODED DEMOGRAPHICS,Predictor candidato,3,0.0,Predictor candidato,Pendiente de revisión conceptual y estadística
CATAG2,RECODED DEMOGRAPHICS,Predictor candidato,2,0.0,Predictor candidato,Pendiente de revisión conceptual y estadística
CATAG3,RECODED DEMOGRAPHICS,Predictor candidato,4,0.0,Predictor candidato,Pendiente de revisión conceptual y estadística
CATAG6,RECODED DEMOGRAPHICS,Predictor candidato,5,0.0,Predictor candidato,Pendiente de revisión conceptual y estadística
CATAG7,RECODED DEMOGRAPHICS,Predictor candidato,4,0.0,Predictor candidato,Pendiente de revisión conceptual y estadística
PREGAGE2,RECODED DEMOGRAPHICS,Predictor candidato,3,0.0,Predictor candidato,Pendiente de revisión conceptual y estadística
DRVINAGE,RECODED DEMOGRAPHICS,Predictor candidato,2,0.0,Predictor candidato,Pendiente de revisión conceptual y estadística
DRVINDETAG,RECODED DEMOGRAPHICS,Predictor candidato,3,0.0,Predictor candidato,Pendiente de revisión conceptual y estadística
SEXAGE,RECODED DEMOGRAPHICS,Predictor candidato,3,0.0,Predictor candidato,Pendiente de revisión conceptual y estadística
NEWRACE2,RECODED DEMOGRAPHICS,Predictor candidato,7,0.0,Predictor candidato,Pendiente de revisión conceptual y estadística
SEXRACE,RECODED DEMOGRAPHICS,Predictor candidato,7,0.0,Predictor candidato,Pendiente de revisión conceptual y estadística
EDUHIGHCAT,RECODED DEMOGRAPHICS,Predictor candidato,4,0.0,Predictor candidato,Pendiente de revisión conceptual y estadística
HEALTH2,RECODED DEMOGRAPHICS,Predictor candidato,4,0.053,Predictor candidato,Pendiente de revisión conceptual y estadística
EDUSCHLGO,EDUCATION,Predictor candidato,7,0.0,Predictor candidato,Pendiente de revisión conceptual y estadística
EDUSCHGRD2,EDUCATION,Predictor candidato,13,0.0,Predictor candidato,Pendiente de revisión conceptual y estadística
EDUFULPAR,EDUCATION,Predictor candidato,7,0.0,Predictor candidato,Pendiente de revisión conceptual y estadística
EDUSCKMON,EDUCATION,Predictor candidato,31,0.0,Predictor candidato,Pendiente de revisión conceptual y estadística
EDUSCKEST,EDUCATION,Predictor candidato,10,0.0,Predictor candidato,Pendiente de revisión conceptual y estadística
EDUSCKCOM,EDUCATION,Predictor candidato,30,0.0,Predictor candidato,Pendiente de revisión conceptual y estadística
EDUSKPMON,EDUCATION,Predictor candidato,25,0.0,Predictor candidato,Pendiente de revisión conceptual y estadística
EDUSKPEST,EDUCATION,Predictor candidato,9,0.0,Predictor candidato,Pendiente de revisión conceptual y estadística
EDUSKPCOM,EDUCATION,Predictor candidato,25,0.0,Predictor candidato,Pendiente de revisión conceptual y estadística
MILTFAMLY,EDUCATION,Predictor candidato,6,0.0,Predictor candidato,Pendiente de revisión conceptual y estadística
MILTSPPAR,EDUCATION,Predictor candidato,7,0.0,Predictor candidato,Pendiente de revisión conceptual y estadística
MILTPARNT,EDUCATION,Predictor candidato,7,0.0,Predictor candidato,Pendiente de revisión conceptual y estadística
MILTCHLDR,EDUCATION,Predictor candidato,7,0.0,Predictor candidato,Pendiente de revisión conceptual y estadística
MILTSIBLN,EDUCATION,Predictor candidato,7,0.0,Predictor candidato,Pendiente de revisión conceptual y estadística
ENRLCOLLFT2,RECODED EDUCATION,Predictor candidato,3,0.0,Predictor candidato,Pendiente de revisión conceptual y estadística
ENRLCOLLST2,RECODED EDUCATION,Predictor candidato,5,0.0,Predictor candidato,Pendiente de revisión conceptual y estadística
WRKSTATWK2,EMPLOYMENT,Predictor candidato,10,0.0,Predictor candidato,Pendiente de revisión conceptual y estadística
WRKDPSTWK,EMPLOYMENT,Predictor candidato,7,0.0,Predictor candidato,Pendiente de revisión conceptual y estadística
WRKHADJOB,EMPLOYMENT,Predictor candidato,8,0.0,Predictor candidato,Pendiente de revisión conceptual y estadística
WRKDHRSWK2,EMPLOYMENT,Predictor candidato,66,0.0,Predictor candidato,Pendiente de revisión conceptual y estadística
WRK35WKUS,EMPLOYMENT,Predictor candidato,7,0.0,Predictor candidato,Pendiente de revisión conceptual y estadística
WRKRSNNOT,EMPLOYMENT,Predictor candidato,11,0.0,Predictor candidato,Pendiente de revisión conceptual y estadística
WRKRSNJOB,EMPLOYMENT,Predictor candidato,13,0.0,Predictor candidato,Pendiente de revisión conceptual y estadística
WRKEFFORT,EMPLOYMENT,Predictor candidato,6,0.0,Predictor candidato,Pendiente de revisión conceptual y estadística
WRKDPSTYR,EMPLOYMENT,Predictor candidato,7,0.0,Predictor candidato,Pendiente de revisión conceptual y estadística
WRKSELFEM,EMPLOYMENT,Predictor candidato,8,0.0,Predictor candidato,Pendiente de revisión conceptual y estadística
WRKNUMJOB2,EMPLOYMENT,Predictor candidato,9,0.0,Predictor candidato,Pendiente de revisión conceptual y estadística
WRKNJBPYR,EMPLOYMENT,Predictor candidato,7,0.0,Predictor candidato,Pendiente de revisión conceptual y estadística
WRKNJBWKS,EMPLOYMENT,Predictor candidato,57,0.0,Predictor candidato,Pendiente de revisión conceptual y estadística
WRKLASTYR2,EMPLOYMENT,Predictor candidato,46,0.0,Predictor candidato,Pendiente de revisión conceptual y estadística
WRKSICKMO,EMPLOYMENT,Predictor candidato,36,0.0,Predictor candidato,Pendiente de revisión conceptual y estadística
WRKSKIPMO,EMPLOYMENT,Predictor candidato,34,0.0,Predictor candidato,Pendiente de revisión conceptual y estadística
IRWRKSTAT,IMPUTED EMPLOYMENT,Predictor candidato,4,0.0,Predictor candidato,Pendiente de revisión conceptual y estadística
IIWRKSTAT,IMPUTED EMPLOYMENT,Predictor candidato,2,0.0,Predictor candidato,Pendiente de revisión conceptual y estadística
II2WRKSTAT,IMPUTED EMPLOYMENT,Predictor candidato,3,0.0,Predictor candidato,Pendiente de revisión conceptual y estadística
IRWRKSTAT18,IMPUTED EMPLOYMENT,Predictor candidato,4,0.0,Predictor candidato,Pendiente de revisión conceptual y estadística
IIWRKSTAT18,IMPUTED EMPLOYMENT,Predictor candidato,2,0.0,Predictor candidato,Pendiente de revisión conceptual y estadística
II2WRKST18,IMPUTED EMPLOYMENT,Predictor candidato,3,0.0,Predictor candidato,Pendiente de revisión conceptual y estadística
EDFAM18,HOUSEHOLD COMPOSITION (ROSTER),Predictor candidato,3,0.0,Predictor candidato,Pendiente de revisión conceptual y estadística
NRCH17_2,HOUSEHOLD COMPOSITION (ROSTER),Predictor candidato,4,3.592,Predictor candidato,Pendiente de revisión conceptual y estadística
IRHHSIZ2,IMPUTED HOUSEHOLD COMPOSITION (ROSTER),Predictor candidato,6,0.0,Predictor candidato,Pendiente de revisión conceptual y estadística
IIHHSIZ2,IMPUTED HOUSEHOLD COMPOSITION (ROSTER),Predictor candidato,2,0.0,Predictor candidato,Pendiente de revisión conceptual y estadística
IRKI17_2,IMPUTED HOUSEHOLD COMPOSITION (ROSTER),Predictor candidato,4,0.0,Predictor candidato,Pendiente de revisión conceptual y estadística
IIKI17_2,IMPUTED HOUSEHOLD COMPOSITION (ROSTER),Predictor candidato,2,0.0,Predictor candidato,Pendiente de revisión conceptual y estadística
IRHH65_2,IMPUTED HOUSEHOLD COMPOSITION (ROSTER),Predictor candidato,3,0.0,Predictor candidato,Pendiente de revisión conceptual y estadística
IIHH65_2,IMPUTED HOUSEHOLD COMPOSITION (ROSTER),Predictor candidato,2,0.0,Predictor candidato,Pendiente de revisión conceptual y estadística
PRXRETRY,PROXY INFORMATION,Predictor candidato,5,0.0,Predictor candidato,Pendiente de revisión conceptual y estadística
PRXYDATA,PROXY INFORMATION,Predictor candidato,6,0.0,Predictor candidato,Pendiente de revisión conceptual y estadística
MEDICARE,HEALTH INSURANCE,Predictor candidato,5,0.0,Predictor candidato,Pendiente de revisión conceptual y estadística
CAIDCHIP,HEALTH INSURANCE,Predictor candidato,6,0.0,Predictor candidato,Pendiente de revisión conceptual y estadística
CHAMPUS,HEALTH INSURANCE,Predictor candidato,5,0.0,Predictor candidato,Pendiente de revisión conceptual y estadística
PRVHLTIN,HEALTH INSURANCE,Predictor candidato,5,0.0,Predictor candidato,Pendiente de revisión conceptual y estadística
GRPHLTIN,HEALTH INSURANCE,Predictor candidato,6,0.0,Predictor candidato,Pendiente de revisión conceptual y estadística
HLTINALC,HEALTH INSURANCE,Predictor candidato,6,0.0,Predictor candidato,Pendiente de revisión conceptual y estadística
HLTINDRG,HEALTH INSURANCE,Predictor candidato,6,0.0,Predictor candidato,Pendiente de revisión conceptual y estadística
HLTINMNT,HEALTH INSURANCE,Predictor candidato,6,0.0,Predictor candidato,Pendiente de revisión conceptual y estadística
HLTINNOS,HEALTH INSURANCE,Predictor candidato,6,0.0,Predictor candidato,Pendiente de revisión conceptual y estadística
HLCNOTYR,HEALTH INSURANCE,Predictor candidato,7,0.0,Predictor candidato,Pendiente de revisión conceptual y estadística
HLCNOTMO,HEALTH INSURANCE,Predictor candidato,16,0.0,Predictor candidato,Pendiente de revisión conceptual y estadística
HLCLAST,HEALTH INSURANCE,Predictor candidato,9,0.0,Predictor candidato,Pendiente de revisión conceptual y estadística
HLLOSRSN,HEALTH INSURANCE,Predictor candidato,17,0.0,Predictor candidato,Pendiente de revisión conceptual y estadística
HLNVCOST,HEALTH INSURANCE,Predictor candidato,6,0.0,Predictor candidato,Pendiente de revisión conceptual y estadística
HLNVOFFR,HEALTH INSURANCE,Predictor candidato,6,0.0,Predictor candidato,Pendiente de revisión conceptual y estadística
HLNVREF,HEALTH INSURANCE,Predictor candidato,6,0.0,Predictor candidato,Pendiente de revisión conceptual y estadística
HLNVNEED,HEALTH INSURANCE,Predictor candidato,6,0.0,Predictor candidato,Pendiente de revisión conceptual y estadística
HLNVSOR,HEALTH INSURANCE,Predictor candidato,6,0.0,Predictor candidato,Pendiente de revisión conceptual y estadística
IRMEDICR,IMPUTED HEALTH INSURANCE,Predictor candidato,2,0.0,Predictor candidato,Pendiente de revisión conceptual y estadística
IIMEDICR,IMPUTED HEALTH INSURANCE,Predictor candidato,2,0.0,Predictor candidato,Pendiente de revisión conceptual y estadística
IRMCDCHP,IMPUTED HEALTH INSURANCE,Predictor candidato,2,0.0,Predictor candidato,Pendiente de revisión conceptual y estadística
IIMCDCHP,IMPUTED HEALTH INSURANCE,Predictor candidato,2,0.0,Predictor candidato,Pendiente de revisión conceptual y estadística
IRCHMPUS,IMPUTED HEALTH INSURANCE,Predictor candidato,2,0.0,Predictor candidato,Pendiente de revisión conceptual y estadística
IICHMPUS,IMPUTED HEALTH INSURANCE,Predictor candidato,2,0.0,Predictor candidato,Pendiente de revisión conceptual y estadística
IRPRVHLT,IMPUTED HEALTH INSURANCE,Predictor candidato,2,0.0,Predictor candidato,Pendiente de revisión conceptual y estadística
IIPRVHLT,IMPUTED HEALTH INSURANCE,Predictor candidato,2,0.0,Predictor candidato,Pendiente de revisión conceptual y estadística
IROTHHLT,IMPUTED HEALTH INSURANCE,Predictor candidato,3,0.0,Predictor candidato,Pendiente de revisión conceptual y estadística
IIOTHHLT,IMPUTED HEALTH INSURANCE,Predictor candidato,3,0.0,Predictor candidato,Pendiente de revisión conceptual y estadística
HLCALLFG,RECODED HEALTH INSURANCE,Predictor candidato,2,0.0,Predictor candidato,Pendiente de revisión conceptual y estadística
HLCALL99,RECODED HEALTH INSURANCE,Predictor candidato,2,0.0,Predictor candidato,Pendiente de revisión conceptual y estadística
ANYHLTI2,RECODED HEALTH INSURANCE,Predictor candidato,5,0.0,Predictor candidato,Pendiente de revisión conceptual y estadística
IRINSUR4,RECODED HEALTH INSURANCE,Predictor candidato,2,0.0,Predictor candidato,Pendiente de revisión conceptual y estadística
IIINSUR4,RECODED HEALTH INSURANCE,Predictor candidato,2,0.0,Predictor candidato,Pendiente de revisión conceptual y estadística
OTHINS,RECODED HEALTH INSURANCE,Predictor candidato,2,0.0,Predictor candidato,Pendiente de revisión conceptual y estadística
CELLWRKNG,INCOME,Predictor candidato,6,0.0,Predictor candidato,Pendiente de revisión conceptual y estadística
CELLNOTCL,INCOME,Predictor candidato,6,0.0,Predictor candidato,Pendiente de revisión conceptual y estadística
IRFAMSOC,IMPUTED INCOME,Predictor candidato,2,0.0,Predictor candidato,Pendiente de revisión conceptual y estadística
IIFAMSOC,IMPUTED INCOME,Predictor candidato,2,0.0,Predictor candidato,Pendiente de revisión conceptual y estadística
IRFAMSSI,IMPUTED INCOME,Predictor candidato,2,0.0,Predictor candidato,Pendiente de revisión conceptual y estadística
IIFAMSSI,IMPUTED INCOME,Predictor candidato,2,0.0,Predictor candidato,Pendiente de revisión conceptual y estadística
IRFSTAMP,IMPUTED INCOME,Predictor candidato,2,0.0,Predictor candidato,Pendiente de revisión conceptual y estadística
IIFSTAMP,IMPUTED INCOME,Predictor candidato,2,0.0,Predictor candidato,Pendiente de revisión conceptual y estadística
IRFAMPMT,IMPUTED INCOME,Predictor candidato,2,0.0,Predictor candidato,Pendiente de revisión conceptual y estadística
IIFAMPMT,IMPUTED INCOME,Predictor candidato,2,0.0,Predictor candidato,Pendiente de revisión conceptual y estadística
IRFAMSVC,IMPUTED INCOME,Predictor candidato,2,0.0,Predictor candidato,Pendiente de revisión conceptual y estadística
IIFAMSVC,IMPUTED INCOME,Predictor candidato,2,0.0,Predictor candidato,Pendiente de revisión conceptual y estadística
IRWELMOS,IMPUTED INCOME,Predictor candidato,13,0.0,Predictor candidato,Pendiente de revisión conceptual y estadística
IIWELMOS,IMPUTED INCOME,Predictor candidato,3,0.0,Predictor candidato,Pendiente de revisión conceptual y estadística
IRPINC3,IMPUTED INCOME,Predictor candidato,7,0.0,Predictor candidato,Pendiente de revisión conceptual y estadística
IRFAMIN3,IMPUTED INCOME,Predictor candidato,7,0.0,Predictor candidato,Pendiente de revisión conceptual y estadística
IIPINC3,IMPUTED INCOME,Predictor candidato,2,0.0,Predictor candidato,Pendiente de revisión conceptual y estadística
IIFAMIN3,IMPUTED INCOME,Predictor candidato,2,0.0,Predictor candidato,Pendiente de revisión conceptual y estadística
GOVTPROG,RECODED INCOME,Predictor candidato,2,0.0,Predictor candidato,Pendiente de revisión conceptual y estadística
INCOME,RECODED INCOME,Predictor candidato,4,0.0,Predictor candidato,Pendiente de revisión conceptual y estadística
POVERTY3,RECODED INCOME,Predictor candidato,3,0.288,Predictor candidato,Pendiente de revisión conceptual y estadística
BOOKED,SPECIAL TOPICS,Predictor candidato,7,0.0,Predictor candidato,Pendiente de revisión conceptual y estadística
NOBOOKY2,SPECIAL TOPICS,Predictor candidato,9,0.0,Predictor candidato,Pendiente de revisión conceptual y estadística
BKMVTHFT,SPECIAL TOPICS,Predictor candidato,8,0.0,Predictor candidato,Pendiente de revisión conceptual y estadística
BKLARCNY,SPECIAL TOPICS,Predictor candidato,9,0.0,Predictor candidato,Pendiente de revisión conceptual y estadística
BKBURGL,SPECIAL TOPICS,Predictor candidato,8,0.0,Predictor candidato,Pendiente de revisión conceptual y estadística
BKSRVIOL,SPECIAL TOPICS,Predictor candidato,9,0.0,Predictor candidato,Pendiente de revisión conceptual y estadística
BKSMASLT,SPECIAL TOPICS,Predictor candidato,9,0.0,Predictor candidato,Pendiente de revisión conceptual y estadística
BKROB,SPECIAL TOPICS,Predictor candidato,7,0.0,Predictor candidato,Pendiente de revisión conceptual y estadística
BKARSON,SPECIAL TOPICS,Predictor candidato,7,0.0,Predictor candidato,Pendiente de revisión conceptual y estadística
BKDRVINF,SPECIAL TOPICS,Predictor candidato,8,0.0,Predictor candidato,Pendiente de revisión conceptual y estadística
BKDRUNK,SPECIAL TOPICS,Predictor candidato,8,0.0,Predictor candidato,Pendiente de revisión conceptual y estadística
BKDRUG,SPECIAL TOPICS,Predictor candidato,8,0.0,Predictor candidato,Pendiente de revisión conceptual y estadística
BKSEXNR,SPECIAL TOPICS,Predictor candidato,7,0.0,Predictor candidato,Pendiente de revisión conceptual y estadística
BKFRAUD,SPECIAL TOPICS,Predictor candidato,9,0.0,Predictor candidato,Pendiente de revisión conceptual y estadística
BKOTH,SPECIAL TOPICS,Predictor candidato,9,0.0,Predictor candidato,Pendiente de revisión conceptual y estadística
BKOTHOF2,SPECIAL TOPICS,Predictor candidato,25,0.0,Predictor candidato,Pendiente de revisión conceptual y estadística
PROBATON,SPECIAL TOPICS,Predictor candidato,6,0.0,Predictor candidato,Pendiente de revisión conceptual y estadística
PAROLREL,SPECIAL TOPICS,Predictor candidato,6,0.0,Predictor candidato,Pendiente de revisión conceptual y estadística
DRVINALCO,SPECIAL TOPICS,Predictor candidato,7,0.0,Predictor candidato,Pendiente de revisión conceptual y estadística
DRVINMARJ,SPECIAL TOPICS,Predictor candidato,7,0.0,Predictor candidato,Pendiente de revisión conceptual y estadística
DRVINCOCN,SPECIAL TOPICS,Predictor candidato,8,0.0,Predictor candidato,Pendiente de revisión conceptual y estadística
DRVINHERN,SPECIAL TOPICS,Predictor candidato,8,0.0,Predictor candidato,Pendiente de revisión conceptual y estadística
DRVINHALL,SPECIAL TOPICS,Predictor candidato,8,0.0,Predictor candidato,Pendiente de revisión conceptual y estadística
DRVININHL,SPECIAL TOPICS,Predictor candidato,6,0.0,Predictor candidato,Pendiente de revisión conceptual y estadística
DRVINMETH,SPECIAL TOPICS,Predictor candidato,7,0.0,Predictor candidato,Pendiente de revisión conceptual y estadística
DRVINALON,SPECIAL TOPICS,Predictor candidato,6,0.0,Predictor candidato,Pendiente de revisión conceptual y estadística
MXMJPNLT,SPECIAL TOPICS,Predictor candidato,10,0.0,Predictor candidato,Pendiente de revisión conceptual y estadística
DRVINALCO2,RECODED SPECIAL TOPICS,Predictor candidato,2,1.106,Predictor candidato,Pendiente de revisión conceptual y estadística
DRVINMARJ2,RECODED SPECIAL TOPICS,Predictor candidato,2,0.668,Predictor candidato,Pendiente de revisión conceptual y estadística
DRVINDRG,RECODED SPECIAL TOPICS,Predictor candidato,2,1.438,Predictor candidato,Pendiente de revisión conceptual y estadística
DRVINDROTMJ,RECODED SPECIAL TOPICS,Predictor candidato,2,1.03,Predictor candidato,Pendiente de revisión conceptual y estadística
DRVINALDRG,RECODED SPECIAL TOPICS,Predictor candidato,2,2.08,Predictor candidato,Pendiente de revisión conceptual y estadística
PAROL,RECODED SPECIAL TOPICS,Predictor candidato,2,1.355,Predictor candidato,Pendiente de revisión conceptual y estadística
PROB,RECODED SPECIAL TOPICS,Predictor candidato,2,1.349,Predictor candidato,Pendiente de revisión conceptual y estadística
CIGEVER,NICOTINE,Predictor candidato,2,0.0,Predictor candidato,Pendiente de revisión conceptual y estadística
CIGTRY,NICOTINE,Predictor candidato,57,0.0,Predictor candidato,Pendiente de revisión conceptual y estadística
CIGYFU,NICOTINE,Predictor candidato,10,0.0,Predictor candidato,Pendiente de revisión conceptual y estadística
CIGMFU,NICOTINE,Predictor candidato,19,0.0,Predictor candidato,Pendiente de revisión conceptual y estadística
CIGREC,NICOTINE,Predictor candidato,11,0.0,Predictor candidato,Pendiente de revisión conceptual y estadística
CIG30USE,NICOTINE,Predictor candidato,35,0.0,Predictor candidato,Pendiente de revisión conceptual y estadística
CG30EST,NICOTINE,Predictor candidato,11,0.0,Predictor candidato,Pendiente de revisión conceptual y estadística
CIG30AV,NICOTINE,Predictor candidato,12,0.0,Predictor candidato,Pendiente de revisión conceptual y estadística
CIGMENTH30,NICOTINE,Predictor candidato,7,0.0,Predictor candidato,Pendiente de revisión conceptual y estadística
CIGROLL30,NICOTINE,Predictor candidato,7,0.0,Predictor candidato,Pendiente de revisión conceptual y estadística
CIGDLYMO,NICOTINE,Predictor candidato,6,0.0,Predictor candidato,Pendiente de revisión conceptual y estadística
CIGAGE,NICOTINE,Predictor candidato,63,0.0,Predictor candidato,Pendiente de revisión conceptual y estadística
CIGDLYFU,NICOTINE,Predictor candidato,10,0.0,Predictor candidato,Pendiente de revisión conceptual y estadística
CIGDLMFU,NICOTINE,Predictor candidato,19,0.0,Predictor candidato,Pendiente de revisión conceptual y estadística
CIG100LF,NICOTINE,Predictor candidato,7,0.0,Predictor candidato,Pendiente de revisión conceptual y estadística
NICVAPEVER,NICOTINE,Predictor candidato,4,0.0,Predictor candidato,Pendiente de revisión conceptual y estadística
NICVAPAGE,NICOTINE,Predictor candidato,84,0.0,Predictor candidato,Pendiente de revisión conceptual y estadística
NICVAPYFU,NICOTINE,Predictor candidato,10,0.0,Predictor candidato,Pendiente de revisión conceptual y estadística
NICVAPMFU,NICOTINE,Predictor candidato,19,0.0,Predictor candidato,Pendiente de revisión conceptual y estadística
NICVAPREC,NICOTINE,Predictor candidato,12,0.0,Predictor candidato,Pendiente de revisión conceptual y estadística
NICVAP30N,NICOTINE,Predictor candidato,35,0.0,Predictor candidato,Pendiente de revisión conceptual y estadística
SMKLSSEVR,NICOTINE,Predictor candidato,4,0.0,Predictor candidato,Pendiente de revisión conceptual y estadística
SMKLSSTRY,NICOTINE,Predictor candidato,65,0.0,Predictor candidato,Pendiente de revisión conceptual y estadística
SMKLSSYFU,NICOTINE,Predictor candidato,10,0.0,Predictor candidato,Pendiente de revisión conceptual y estadística
SMKLSSMFU,NICOTINE,Predictor candidato,19,0.0,Predictor candidato,Pendiente de revisión conceptual y estadística
SMKLSSREC,NICOTINE,Predictor candidato,14,0.0,Predictor candidato,Pendiente de revisión conceptual y estadística
SMKLSS30N,NICOTINE,Predictor candidato,35,0.0,Predictor candidato,Pendiente de revisión conceptual y estadística
SMKLSS30E,NICOTINE,Predictor candidato,10,0.0,Predictor candidato,Pendiente de revisión conceptual y estadística
CIGAREVR,NICOTINE,Predictor candidato,4,0.0,Predictor candidato,Pendiente de revisión conceptual y estadística
CIGARTRY,NICOTINE,Predictor candidato,76,0.0,Predictor candidato,Pendiente de revisión conceptual y estadística
CIGARYFU,NICOTINE,Predictor candidato,10,0.0,Predictor candidato,Pendiente de revisión conceptual y estadística
CIGARMFU,NICOTINE,Predictor candidato,19,0.0,Predictor candidato,Pendiente de revisión conceptual y estadística
CIGARREC,NICOTINE,Predictor candidato,13,0.0,Predictor candidato,Pendiente de revisión conceptual y estadística
CGR30USE,NICOTINE,Predictor candidato,34,0.0,Predictor candidato,Pendiente de revisión conceptual y estadística
CI30EST,NICOTINE,Predictor candidato,10,0.0,Predictor candidato,Pendiente de revisión conceptual y estadística
PIPEVER,NICOTINE,Predictor candidato,3,0.0,Predictor candidato,Pendiente de revisión conceptual y estadística
PIPE30DY,NICOTINE,Predictor candidato,5,0.0,Predictor candidato,Pendiente de revisión conceptual y estadística
CIGIRTBL,NICOTINE DEPENDENCE,Predictor candidato,10,0.0,Predictor candidato,Pendiente de revisión conceptual y estadística
CIGCRAVE,NICOTINE DEPENDENCE,Predictor candidato,10,0.0,Predictor candidato,Pendiente de revisión conceptual y estadística
CIGCRAGP,NICOTINE DEPENDENCE,Predictor candidato,10,0.0,Predictor candidato,Pendiente de revisión conceptual y estadística
CIGINCTL,NICOTINE DEPENDENCE,Predictor candidato,10,0.0,Predictor candidato,Pendiente de revisión conceptual y estadística
CIGAVOID,NICOTINE DEPENDENCE,Predictor candidato,10,0.0,Predictor candidato,Pendiente de revisión conceptual y estadística
CIGFNSMK,NICOTINE DEPENDENCE,Predictor candidato,7,0.0,Predictor candidato,Pendiente de revisión conceptual y estadística
CIGFNLKE,NICOTINE DEPENDENCE,Predictor candidato,11,0.0,Predictor candidato,Pendiente de revisión conceptual y estadística
CIGPLANE,NICOTINE DEPENDENCE,Predictor candidato,10,0.0,Predictor candidato,Pendiente de revisión conceptual y estadística
CIGRNOUT,NICOTINE DEPENDENCE,Predictor candidato,10,0.0,Predictor candidato,Pendiente de revisión conceptual y estadística
CIGREGDY,NICOTINE DEPENDENCE,Predictor candidato,10,0.0,Predictor candidato,Pendiente de revisión conceptual y estadística
CIGREGWK,NICOTINE DEPENDENCE,Predictor candidato,10,0.0,Predictor candidato,Pendiente de revisión conceptual y estadística
CIGREGNM,NICOTINE DEPENDENCE,Predictor candidato,10,0.0,Predictor candidato,Pendiente de revisión conceptual y estadística
CIGNMCHG,NICOTINE DEPENDENCE,Predictor candidato,10,0.0,Predictor candidato,Pendiente de revisión conceptual y estadística
CIGSVLHR,NICOTINE DEPENDENCE,Predictor candidato,10,0.0,Predictor candidato,Pendiente de revisión conceptual y estadística
CIGINFLU,NICOTINE DEPENDENCE,Predictor candidato,10,0.0,Predictor candidato,Pendiente de revisión conceptual y estadística
CIGNOINF,NICOTINE DEPENDENCE,Predictor candidato,10,0.0,Predictor candidato,Pendiente de revisión conceptual y estadística
CIGINCRS,NICOTINE DEPENDENCE,Predictor candidato,10,0.0,Predictor candidato,Pendiente de revisión conceptual y estadística
CIGSATIS,NICOTINE DEPENDENCE,Predictor candidato,10,0.0,Predictor candidato,Pendiente de revisión conceptual y estadística
CIGLOTMR,NICOTINE DEPENDENCE,Predictor candidato,10,0.0,Predictor candidato,Pendiente de revisión conceptual y estadística
CIGWAKE,NICOTINE DEPENDENCE,Predictor candidato,9,0.0,Predictor candidato,Pendiente de revisión conceptual y estadística
NDSSDEPND,NICOTINE DEPENDENCE,Predictor candidato,3,0.275,Predictor candidato,Pendiente de revisión conceptual y estadística
FTNDDEPND,NICOTINE DEPENDENCE,Predictor candidato,3,0.526,Predictor candidato,Pendiente de revisión conceptual y estadística
PMNICDEP,NICOTINE DEPENDENCE,Predictor candidato,3,0.529,Predictor candidato,Pendiente de revisión conceptual y estadística
IRPMNICDEP,IMPUTED NICOTINE DEPENDENCE,Predictor candidato,2,0.0,Predictor candidato,Pendiente de revisión conceptual y estadística
IIPMNICDEP,IMPUTED NICOTINE DEPENDENCE,Predictor candidato,3,0.0,Predictor candidato,Pendiente de revisión conceptual y estadística
ALCEVER,ALCOHOL,Predictor candidato,4,0.0,Predictor candidato,Pendiente de revisión conceptual y estadística
ALCTRY,ALCOHOL,Predictor candidato,64,0.0,Predictor candidato,Pendiente de revisión conceptual y estadística
ALCYFU,ALCOHOL,Predictor candidato,10,0.0,Predictor candidato,Pendiente de revisión conceptual y estadística
ALCMFU,ALCOHOL,Predictor candidato,19,0.0,Predictor candidato,Pendiente de revisión conceptual y estadística
ALCREC,ALCOHOL,Predictor candidato,9,0.0,Predictor candidato,Pendiente de revisión conceptual y estadística
ALCYRTOT,ALCOHOL,Predictor candidato,186,0.0,Predictor candidato,Pendiente de revisión conceptual y estadística
ALTOTFG,ALCOHOL,Predictor candidato,4,0.0,Predictor candidato,Pendiente de revisión conceptual y estadística
ALFQFLG,ALCOHOL,Predictor candidato,2,0.0,Predictor candidato,Pendiente de revisión conceptual y estadística
ALBSTWAY,ALCOHOL,Predictor candidato,12,0.0,Predictor candidato,Pendiente de revisión conceptual y estadística
ALDAYPYR,ALCOHOL,Predictor candidato,137,0.0,Predictor candidato,Pendiente de revisión conceptual y estadística
ALDAYPMO,ALCOHOL,Predictor candidato,39,0.0,Predictor candidato,Pendiente de revisión conceptual y estadística
ALDAYPWK,ALCOHOL,Predictor candidato,14,0.0,Predictor candidato,Pendiente de revisión conceptual y estadística
ALCDAYS,ALCOHOL,Predictor candidato,36,0.0,Predictor candidato,Pendiente de revisión conceptual y estadística
AL30EST,ALCOHOL,Predictor candidato,13,0.0,Predictor candidato,Pendiente de revisión conceptual y estadística
ALDYSFG,ALCOHOL,Predictor candidato,2,0.0,Predictor candidato,Pendiente de revisión conceptual y estadística
ALCUS30D,ALCOHOL,Predictor candidato,49,0.0,Predictor candidato,Pendiente de revisión conceptual y estadística
ALCBNG30D,ALCOHOL,Predictor candidato,38,0.0,Predictor candidato,Pendiente de revisión conceptual y estadística
CADRLAST,CONSUMPTION OF ALCOHOL,Predictor candidato,50,0.0,Predictor candidato,Pendiente de revisión conceptual y estadística
CADRPEOP,CONSUMPTION OF ALCOHOL,Predictor candidato,10,0.0,Predictor candidato,Pendiente de revisión conceptual y estadística
CADRCAR,CONSUMPTION OF ALCOHOL,Predictor candidato,9,0.0,Predictor candidato,Pendiente de revisión conceptual y estadística
CADRHOME,CONSUMPTION OF ALCOHOL,Predictor candidato,10,0.0,Predictor candidato,Pendiente de revisión conceptual y estadística
CADROTHM,CONSUMPTION OF ALCOHOL,Predictor candidato,9,0.0,Predictor candidato,Pendiente de revisión conceptual y estadística
CADRPUBL,CONSUMPTION OF ALCOHOL,Predictor candidato,9,0.0,Predictor candidato,Pendiente de revisión conceptual y estadística
CADRBAR,CONSUMPTION OF ALCOHOL,Predictor candidato,9,0.0,Predictor candidato,Pendiente de revisión conceptual y estadística
CADREVNT,CONSUMPTION OF ALCOHOL,Predictor candidato,8,0.0,Predictor candidato,Pendiente de revisión conceptual y estadística
CADRSCHL,CONSUMPTION OF ALCOHOL,Predictor candidato,9,0.0,Predictor candidato,Pendiente de revisión conceptual y estadística
CADROTH,CONSUMPTION OF ALCOHOL,Predictor candidato,8,0.0,Predictor candidato,Pendiente de revisión conceptual y estadística
CADROTS2,CONSUMPTION OF ALCOHOL,Predictor candidato,24,0.0,Predictor candidato,Pendiente de revisión conceptual y estadística
CABUYFRE,CONSUMPTION OF ALCOHOL,Predictor candidato,9,0.0,Predictor candidato,Pendiente de revisión conceptual y estadística
CAGVMONY,CONSUMPTION OF ALCOHOL,Predictor candidato,9,0.0,Predictor candidato,Pendiente de revisión conceptual y estadística
CABUYWHO,CONSUMPTION OF ALCOHOL,Predictor candidato,7,0.0,Predictor candidato,Pendiente de revisión conceptual y estadística
CABPLACE,CONSUMPTION OF ALCOHOL,Predictor candidato,10,0.0,Predictor candidato,Pendiente de revisión conceptual y estadística
CABUNDAG,CONSUMPTION OF ALCOHOL,Predictor candidato,6,0.0,Predictor candidato,Pendiente de revisión conceptual y estadística
CAGVWHO,CONSUMPTION OF ALCOHOL,Predictor candidato,10,0.0,Predictor candidato,Pendiente de revisión conceptual y estadística
CAFREWHO,CONSUMPTION OF ALCOHOL,Predictor candidato,17,0.0,Predictor candidato,Pendiente de revisión conceptual y estadística
CAFRESP2,CONSUMPTION OF ALCOHOL,Predictor candidato,21,0.0,Predictor candidato,Pendiente de revisión conceptual y estadística
CADRKDRUG,CONSUMPTION OF ALCOHOL,Predictor candidato,8,0.0,Predictor candidato,Pendiente de revisión conceptual y estadística
CADRKMARJ,CONSUMPTION OF ALCOHOL,Predictor candidato,7,0.0,Predictor candidato,Pendiente de revisión conceptual y estadística
CADRKCOCN,CONSUMPTION OF ALCOHOL,Predictor candidato,7,0.0,Predictor candidato,Pendiente de revisión conceptual y estadística
CADRKHERN,CONSUMPTION OF ALCOHOL,Predictor candidato,6,0.0,Predictor candidato,Pendiente de revisión conceptual y estadística
CADRKHALL,CONSUMPTION OF ALCOHOL,Predictor candidato,7,0.0,Predictor candidato,Pendiente de revisión conceptual y estadística
CADRKINHL,CONSUMPTION OF ALCOHOL,Predictor candidato,7,0.0,Predictor candidato,Pendiente de revisión conceptual y estadística
CADRKMETH,CONSUMPTION OF ALCOHOL,Predictor candidato,7,0.0,Predictor candidato,Pendiente de revisión conceptual y estadística
CABINGFLG,CONSUMPTION OF ALCOHOL,Predictor candidato,4,0.0,Predictor candidato,Pendiente de revisión conceptual y estadística
CABINGEVR,CONSUMPTION OF ALCOHOL,Predictor candidato,8,0.0,Predictor candidato,Pendiente de revisión conceptual y estadística
CABINGAGE,CONSUMPTION OF ALCOHOL,Predictor candidato,85,0.0,Predictor candidato,Pendiente de revisión conceptual y estadística
CABINGYFU,CONSUMPTION OF ALCOHOL,Predictor candidato,10,0.0,Predictor candidato,Pendiente de revisión conceptual y estadística
CABINGMFU,CONSUMPTION OF ALCOHOL,Predictor candidato,19,0.0,Predictor candidato,Pendiente de revisión conceptual y estadística
EIBINGAGE,CONSUMPTION OF ALCOHOL,Predictor candidato,2,0.0,Predictor candidato,Pendiente de revisión conceptual y estadística
EIBINGYFU,CONSUMPTION OF ALCOHOL,Predictor candidato,2,0.0,Predictor candidato,Pendiente de revisión conceptual y estadística
EIBINGMFU,CONSUMPTION OF ALCOHOL,Predictor candidato,2,0.0,Predictor candidato,Pendiente de revisión conceptual y estadística
UADPEOP,RECODED CONSUMPTION OF ALCOHOL,Predictor candidato,4,0.211,Predictor candidato,Pendiente de revisión conceptual y estadística
UADCAR,RECODED CONSUMPTION OF ALCOHOL,Predictor candidato,2,97.285,Predictor candidato,Pendiente de revisión conceptual y estadística
UADHOME,RECODED CONSUMPTION OF ALCOHOL,Predictor candidato,2,97.285,Predictor candidato,Pendiente de revisión conceptual y estadística
UADOTHM,RECODED CONSUMPTION OF ALCOHOL,Predictor candidato,2,97.285,Predictor candidato,Pendiente de revisión conceptual y estadística
UADPUBL,RECODED CONSUMPTION OF ALCOHOL,Predictor candidato,2,97.285,Predictor candidato,Pendiente de revisión conceptual y estadística
UADBAR,RECODED CONSUMPTION OF ALCOHOL,Predictor candidato,2,97.285,Predictor candidato,Pendiente de revisión conceptual y estadística
UADEVNT,RECODED CONSUMPTION OF ALCOHOL,Predictor candidato,2,97.285,Predictor candidato,Pendiente de revisión conceptual y estadística
UADSCHL,RECODED CONSUMPTION OF ALCOHOL,Predictor candidato,2,97.285,Predictor candidato,Pendiente de revisión conceptual y estadística
UADROTH,RECODED CONSUMPTION OF ALCOHOL,Predictor candidato,2,97.319,Predictor candidato,Pendiente de revisión conceptual y estadística
UADOTSP2,RECODED CONSUMPTION OF ALCOHOL,Predictor candidato,6,0.264,Predictor candidato,Pendiente de revisión conceptual y estadística
UADPAID,RECODED CONSUMPTION OF ALCOHOL,Predictor candidato,3,0.228,Predictor candidato,Pendiente de revisión conceptual y estadística
UADMONY,RECODED CONSUMPTION OF ALCOHOL,Predictor candidato,3,0.237,Predictor candidato,Pendiente de revisión conceptual y estadística
UADBWHO,RECODED CONSUMPTION OF ALCOHOL,Predictor candidato,3,0.237,Predictor candidato,Pendiente de revisión conceptual y estadística
UADPLACE,RECODED CONSUMPTION OF ALCOHOL,Predictor candidato,4,0.243,Predictor candidato,Pendiente de revisión conceptual y estadística
UADBUND,RECODED CONSUMPTION OF ALCOHOL,Predictor candidato,3,0.237,Predictor candidato,Pendiente de revisión conceptual y estadística
UADCAG,RECODED CONSUMPTION OF ALCOHOL,Predictor candidato,5,0.252,Predictor candidato,Pendiente de revisión conceptual y estadística
UADFWHO,RECODED CONSUMPTION OF ALCOHOL,Predictor candidato,8,0.319,Predictor candidato,Pendiente de revisión conceptual y estadística
UADFRD,RECODED CONSUMPTION OF ALCOHOL,Predictor candidato,3,0.319,Predictor candidato,Pendiente de revisión conceptual y estadística
CADRKMARJ2,RECODED CONSUMPTION OF ALCOHOL,Predictor candidato,2,0.753,Predictor candidato,Pendiente de revisión conceptual y estadística
CADRKCOCN2,RECODED CONSUMPTION OF ALCOHOL,Predictor candidato,2,0.099,Predictor candidato,Pendiente de revisión conceptual y estadística
CADRKHERN2,RECODED CONSUMPTION OF ALCOHOL,Predictor candidato,2,0.027,Predictor candidato,Pendiente de revisión conceptual y estadística
CADRKHALL2,RECODED CONSUMPTION OF ALCOHOL,Predictor candidato,2,0.285,Predictor candidato,Pendiente de revisión conceptual y estadística
CADRKINHL2,RECODED CONSUMPTION OF ALCOHOL,Predictor candidato,2,0.104,Predictor candidato,Pendiente de revisión conceptual y estadística
CADRKMETH2,RECODED CONSUMPTION OF ALCOHOL,Predictor candidato,2,0.055,Predictor candidato,Pendiente de revisión conceptual y estadística
CBDHMPEVR,MARIJUANA,Predictor candidato,4,0.0,Predictor candidato,Pendiente de revisión conceptual y estadística
CBDHMPREC,MARIJUANA,Predictor candidato,7,0.0,Predictor candidato,Pendiente de revisión conceptual y estadística
MJEVER,MARIJUANA,Predictor candidato,4,0.0,Predictor candidato,Pendiente de revisión conceptual y estadística
MJAGE,MARIJUANA,Predictor candidato,92,0.0,Predictor candidato,Pendiente de revisión conceptual y estadística
MJYFU,MARIJUANA,Predictor candidato,10,0.0,Predictor candidato,Pendiente de revisión conceptual y estadística
MJMFU,MARIJUANA,Predictor candidato,19,0.0,Predictor candidato,Pendiente de revisión conceptual y estadística
MJREC,MARIJUANA,Predictor candidato,9,0.0,Predictor candidato,Pendiente de revisión conceptual y estadística
MJYRTOT,MARIJUANA,Predictor candidato,206,0.0,Predictor candidato,Pendiente de revisión conceptual y estadística
MRTOTFG,MARIJUANA,Predictor candidato,3,0.0,Predictor candidato,Pendiente de revisión conceptual y estadística
MJFQFLG,MARIJUANA,Predictor candidato,2,0.0,Predictor candidato,Pendiente de revisión conceptual y estadística
MRBSTWAY,MARIJUANA,Predictor candidato,12,0.0,Predictor candidato,Pendiente de revisión conceptual y estadística
MRDAYPYR,MARIJUANA,Predictor candidato,132,0.0,Predictor candidato,Pendiente de revisión conceptual y estadística
MRDAYPMO,MARIJUANA,Predictor candidato,39,0.0,Predictor candidato,Pendiente de revisión conceptual y estadística
MRDAYPWK,MARIJUANA,Predictor candidato,14,0.0,Predictor candidato,Pendiente de revisión conceptual y estadística
MJDAY30A,MARIJUANA,Predictor candidato,35,0.0,Predictor candidato,Pendiente de revisión conceptual y estadística
MR30EST,MARIJUANA,Predictor candidato,12,0.0,Predictor candidato,Pendiente de revisión conceptual y estadística
MJYRSMOKE,MARIJUANA,Predictor candidato,9,0.0,Predictor candidato,Pendiente de revisión conceptual y estadística
MJYRVAPE,MARIJUANA,Predictor candidato,10,0.0,Predictor candidato,Pendiente de revisión conceptual y estadística
MJYRDAB,MARIJUANA,Predictor candidato,10,0.0,Predictor candidato,Pendiente de revisión conceptual y estadística
MJYREAT,MARIJUANA,Predictor candidato,10,0.0,Predictor candidato,Pendiente de revisión conceptual y estadística
MJYRMOUTH,MARIJUANA,Predictor candidato,10,0.0,Predictor candidato,Pendiente de revisión conceptual y estadística
MJYRSKIN,MARIJUANA,Predictor candidato,10,0.0,Predictor candidato,Pendiente de revisión conceptual y estadística
MJYRPILL,MARIJUANA,Predictor candidato,9,0.0,Predictor candidato,Pendiente de revisión conceptual y estadística
MJYROTHER,MARIJUANA,Predictor candidato,9,0.0,Predictor candidato,Pendiente de revisión conceptual y estadística
MJMONSMOKE,MARIJUANA,Predictor candidato,10,0.0,Predictor candidato,Pendiente de revisión conceptual y estadística
MJMONVAPE,MARIJUANA,Predictor candidato,10,0.0,Predictor candidato,Pendiente de revisión conceptual y estadística
MJMONDAB,MARIJUANA,Predictor candidato,10,0.0,Predictor candidato,Pendiente de revisión conceptual y estadística
MJMONEAT,MARIJUANA,Predictor candidato,10,0.0,Predictor candidato,Pendiente de revisión conceptual y estadística
MJMONMOUTH,MARIJUANA,Predictor candidato,8,0.0,Predictor candidato,Pendiente de revisión conceptual y estadística
MJMONSKIN,MARIJUANA,Predictor candidato,10,0.0,Predictor candidato,Pendiente de revisión conceptual y estadística
MJMONPILL,MARIJUANA,Predictor candidato,10,0.0,Predictor candidato,Pendiente de revisión conceptual y estadística
MJEVERVAPE,MARIJUANA,Predictor candidato,8,0.0,Predictor candidato,Pendiente de revisión conceptual y estadística
MJANYMEDYR,MARIJUANA,Predictor candidato,7,0.0,Predictor candidato,Pendiente de revisión conceptual y estadística
MJALLMEDYR,MARIJUANA,Predictor candidato,8,0.0,Predictor candidato,Pendiente de revisión conceptual y estadística
MEDMJPA2,MARIJUANA,Predictor candidato,2,0.0,Predictor candidato,Pendiente de revisión conceptual y estadística
MKMBGHTYR,MARKET INFORMATION FOR MARIJUANA,Predictor candidato,9,0.0,Predictor candidato,Pendiente de revisión conceptual y estadística
MKMTRADEYR,MARKET INFORMATION FOR MARIJUANA,Predictor candidato,9,0.0,Predictor candidato,Pendiente de revisión conceptual y estadística
MKMFREEYR,MARKET INFORMATION FOR MARIJUANA,Predictor candidato,9,0.0,Predictor candidato,Pendiente de revisión conceptual y estadística
MKMGREWYR,MARKET INFORMATION FOR MARIJUANA,Predictor candidato,9,0.0,Predictor candidato,Pendiente de revisión conceptual y estadística
MKMOTHWAYYR,MARKET INFORMATION FOR MARIJUANA,Predictor candidato,9,0.0,Predictor candidato,Pendiente de revisión conceptual y estadística
MKMBGHTREC,MARKET INFORMATION FOR MARIJUANA,Predictor candidato,9,0.0,Predictor candidato,Pendiente de revisión conceptual y estadística
MKMBGHT30N2,MARKET INFORMATION FOR MARIJUANA,Predictor candidato,13,0.0,Predictor candidato,Pendiente de revisión conceptual y estadística
MKMAMTPDCOM2,MARKET INFORMATION FOR MARIJUANA,Predictor candidato,15,0.0,Predictor candidato,Pendiente de revisión conceptual y estadística
MKMBGHTDISP,MARKET INFORMATION FOR MARIJUANA,Predictor candidato,9,0.0,Predictor candidato,Pendiente de revisión conceptual y estadística
MKMBGHTKNW,MARKET INFORMATION FOR MARIJUANA,Predictor candidato,9,0.0,Predictor candidato,Pendiente de revisión conceptual y estadística
MKMBGHTJNT,MARKET INFORMATION FOR MARIJUANA,Predictor candidato,9,0.0,Predictor candidato,Pendiente de revisión conceptual y estadística
MKMBGHTLOO,MARKET INFORMATION FOR MARIJUANA,Predictor candidato,9,0.0,Predictor candidato,Pendiente de revisión conceptual y estadística
MKMBGHTVAPE,MARKET INFORMATION FOR MARIJUANA,Predictor candidato,9,0.0,Predictor candidato,Pendiente de revisión conceptual y estadística
MKMBGHTDAB,MARKET INFORMATION FOR MARIJUANA,Predictor candidato,9,0.0,Predictor candidato,Pendiente de revisión conceptual y estadística
MKMBGHTEDBLE,MARKET INFORMATION FOR MARIJUANA,Predictor candidato,9,0.0,Predictor candidato,Pendiente de revisión conceptual y estadística
MKMBGHTDRPS,MARKET INFORMATION FOR MARIJUANA,Predictor candidato,9,0.0,Predictor candidato,Pendiente de revisión conceptual y estadística
MKMBGHTLTN,MARKET INFORMATION FOR MARIJUANA,Predictor candidato,9,0.0,Predictor candidato,Pendiente de revisión conceptual y estadística
MKMBGHTPILL,MARKET INFORMATION FOR MARIJUANA,Predictor candidato,9,0.0,Predictor candidato,Pendiente de revisión conceptual y estadística
MKMBGHTOTH,MARKET INFORMATION FOR MARIJUANA,Predictor candidato,9,0.0,Predictor candidato,Pendiente de revisión conceptual y estadística
MKMLOOGMCOM2,MARKET INFORMATION FOR MARIJUANA,Predictor candidato,12,0.0,Predictor candidato,Pendiente de revisión conceptual y estadística
MKMLOOOUNCE,MARKET INFORMATION FOR MARIJUANA,Predictor candidato,13,0.0,Predictor candidato,Pendiente de revisión conceptual y estadística
MKMSELLMRJ,MARKET INFORMATION FOR MARIJUANA,Predictor candidato,8,0.0,Predictor candidato,Pendiente de revisión conceptual y estadística
BLNTEVER,BLUNTS,Predictor candidato,8,0.0,Predictor candidato,Pendiente de revisión conceptual y estadística
BLNTAGE,BLUNTS,Predictor candidato,74,0.0,Predictor candidato,Pendiente de revisión conceptual y estadística
BLNTYFU,BLUNTS,Predictor candidato,11,0.0,Predictor candidato,Pendiente de revisión conceptual y estadística
BLNTMFU,BLUNTS,Predictor candidato,20,0.0,Predictor candidato,Pendiente de revisión conceptual y estadística
BLNTREC,BLUNTS,Predictor candidato,11,0.0,Predictor candidato,Pendiente de revisión conceptual y estadística
BLRECFL2,BLUNTS,Predictor candidato,2,0.0,Predictor candidato,Pendiente de revisión conceptual y estadística
BLNT30DY,BLUNTS,Predictor candidato,35,0.0,Predictor candidato,Pendiente de revisión conceptual y estadística
BLNT30C1,BLUNTS,Predictor candidato,5,0.0,Predictor candidato,Pendiente de revisión conceptual y estadística
BLNT30C2,BLUNTS,Predictor candidato,5,0.0,Predictor candidato,Pendiente de revisión conceptual y estadística
RSNOMRJ,BLUNTS,Predictor candidato,5,0.0,Predictor candidato,Pendiente de revisión conceptual y estadística
RSNMRJMO,BLUNTS,Predictor candidato,6,0.0,Predictor candidato,Pendiente de revisión conceptual y estadística
BLNTNOMJ,BLUNTS,Predictor candidato,8,0.0,Predictor candidato,Pendiente de revisión conceptual y estadística
COCEVER,COCAINE,Predictor candidato,5,0.0,Predictor candidato,Pendiente de revisión conceptual y estadística
COCAGE,COCAINE,Predictor candidato,60,0.0,Predictor candidato,Pendiente de revisión conceptual y estadística
COCYFU,COCAINE,Predictor candidato,10,0.0,Predictor candidato,Pendiente de revisión conceptual y estadística
COCMFU,COCAINE,Predictor candidato,19,0.0,Predictor candidato,Pendiente de revisión conceptual y estadística
COCREC,COCAINE,Predictor candidato,11,0.0,Predictor candidato,Pendiente de revisión conceptual y estadística
COCYRTOT,COCAINE,Predictor candidato,77,0.0,Predictor candidato,Pendiente de revisión conceptual y estadística
CCTOTFG,COCAINE,Predictor candidato,2,0.0,Predictor candidato,Pendiente de revisión conceptual y estadística
CCFQFLG,COCAINE,Predictor candidato,2,0.0,Predictor candidato,Pendiente de revisión conceptual y estadística
CCBSTWAY,COCAINE,Predictor candidato,13,0.0,Predictor candidato,Pendiente de revisión conceptual y estadística
CCDAYPYR,COCAINE,Predictor candidato,44,0.0,Predictor candidato,Pendiente de revisión conceptual y estadística
CCDAYPMO,COCAINE,Predictor candidato,26,0.0,Predictor candidato,Pendiente de revisión conceptual y estadística
CCDAYPWK,COCAINE,Predictor candidato,15,0.0,Predictor candidato,Pendiente de revisión conceptual y estadística
COCUS30A,COCAINE,Predictor candidato,31,0.0,Predictor candidato,Pendiente de revisión conceptual y estadística
CC30EST,COCAINE,Predictor candidato,6,0.0,Predictor candidato,Pendiente de revisión conceptual y estadística
CRKEVER,CRACK,Predictor candidato,7,0.0,Predictor candidato,Pendiente de revisión conceptual y estadística
CRKAGE,CRACK,Predictor candidato,54,0.0,Predictor candidato,Pendiente de revisión conceptual y estadística
CRKYFU,CRACK,Predictor candidato,10,0.0,Predictor candidato,Pendiente de revisión conceptual y estadística
CRKMFU,CRACK,Predictor candidato,18,0.0,Predictor candidato,Pendiente de revisión conceptual y estadística
CRAKREC,CRACK,Predictor candidato,9,0.0,Predictor candidato,Pendiente de revisión conceptual y estadística
CRKYRTOT,CRACK,Predictor candidato,54,0.0,Predictor candidato,Pendiente de revisión conceptual y estadística
CRTOTFG,CRACK,Predictor candidato,2,0.0,Predictor candidato,Pendiente de revisión conceptual y estadística
CRFQFLG,CRACK,Predictor candidato,2,0.0,Predictor candidato,Pendiente de revisión conceptual y estadística
CRBSTWAY,CRACK,Predictor candidato,9,0.0,Predictor candidato,Pendiente de revisión conceptual y estadística
CRDAYPYR,CRACK,Predictor candidato,29,0.0,Predictor candidato,Pendiente de revisión conceptual y estadística
CRDAYPMO,CRACK,Predictor candidato,24,0.0,Predictor candidato,Pendiente de revisión conceptual y estadística
CRDAYPWK,CRACK,Predictor candidato,13,0.0,Predictor candidato,Pendiente de revisión conceptual y estadística
CRKUS30A,CRACK,Predictor candidato,23,0.0,Predictor candidato,Pendiente de revisión conceptual y estadística
CR30EST,CRACK,Predictor candidato,5,0.0,Predictor candidato,Pendiente de revisión conceptual y estadística
HEREVER,HEROIN,Predictor candidato,5,0.0,Predictor candidato,Pendiente de revisión conceptual y estadística
HERAGE,HEROIN,Predictor candidato,53,0.0,Predictor candidato,Pendiente de revisión conceptual y estadística
HERYFU,HEROIN,Predictor candidato,10,0.0,Predictor candidato,Pendiente de revisión conceptual y estadística
HERMFU,HEROIN,Predictor candidato,15,0.0,Predictor candidato,Pendiente de revisión conceptual y estadística
HERREC,HEROIN,Predictor candidato,9,0.0,Predictor candidato,Pendiente de revisión conceptual y estadística
HERYRTOT,HEROIN,Predictor candidato,48,0.0,Predictor candidato,Pendiente de revisión conceptual y estadística
HRTOTFG,HEROIN,Predictor candidato,3,0.0,Predictor candidato,Pendiente de revisión conceptual y estadística
HRFQFLG,HEROIN,Predictor candidato,2,0.0,Predictor candidato,Pendiente de revisión conceptual y estadística
HRBSTWAY,HEROIN,Predictor candidato,8,0.0,Predictor candidato,Pendiente de revisión conceptual y estadística
HRDAYPYR,HEROIN,Predictor candidato,26,0.0,Predictor candidato,Pendiente de revisión conceptual y estadística
HRDAYPMO,HEROIN,Predictor candidato,21,0.0,Predictor candidato,Pendiente de revisión conceptual y estadística
HRDAYPWK,HEROIN,Predictor candidato,14,0.0,Predictor candidato,Pendiente de revisión conceptual y estadística
HER30USE,HEROIN,Predictor candidato,21,0.0,Predictor candidato,Pendiente de revisión conceptual y estadística
HR30EST,HEROIN,Predictor candidato,6,0.0,Predictor candidato,Pendiente de revisión conceptual y estadística
LSD,HALLUCINOGENS,Predictor candidato,7,0.0,Predictor candidato,Pendiente de revisión conceptual y estadística
PCP,HALLUCINOGENS,Predictor candidato,6,0.0,Predictor candidato,Pendiente de revisión conceptual y estadística
PEYOTE,HALLUCINOGENS,Predictor candidato,6,0.0,Predictor candidato,Pendiente de revisión conceptual y estadística
MESC,HALLUCINOGENS,Predictor candidato,7,0.0,Predictor candidato,Pendiente de revisión conceptual y estadística
PSILCY,HALLUCINOGENS,Predictor candidato,7,0.0,Predictor candidato,Pendiente de revisión conceptual y estadística
ECSTMOLLY,HALLUCINOGENS,Predictor candidato,7,0.0,Predictor candidato,Pendiente de revisión conceptual y estadística
KETMINESK,HALLUCINOGENS,Predictor candidato,7,0.0,Predictor candidato,Pendiente de revisión conceptual y estadística
DMTAMTFXY,HALLUCINOGENS,Predictor candidato,7,0.0,Predictor candidato,Pendiente de revisión conceptual y estadística
SALVIADIV,HALLUCINOGENS,Predictor candidato,6,0.0,Predictor candidato,Pendiente de revisión conceptual y estadística
HALLUCOTH,HALLUCINOGENS,Predictor candidato,7,0.0,Predictor candidato,Pendiente de revisión conceptual y estadística
HALLUCOT1,HALLUCINOGENS,Predictor candidato,125,0.0,Predictor candidato,Pendiente de revisión conceptual y estadística
HALLUCOT2,HALLUCINOGENS,Predictor candidato,65,0.0,Predictor candidato,Pendiente de revisión conceptual y estadística
HALLUCOT3,HALLUCINOGENS,Predictor candidato,39,0.0,Predictor candidato,Pendiente de revisión conceptual y estadística
HALLUCOT4,HALLUCINOGENS,Predictor candidato,21,0.0,Predictor candidato,Pendiente de revisión conceptual y estadística
HALLUCOT5,HALLUCINOGENS,Predictor candidato,17,0.0,Predictor candidato,Pendiente de revisión conceptual y estadística
HALLUCEVR,HALLUCINOGENS,Predictor candidato,3,0.0,Predictor candidato,Pendiente de revisión conceptual y estadística
HALLUCAGE,HALLUCINOGENS,Predictor candidato,70,0.0,Predictor candidato,Pendiente de revisión conceptual y estadística
HALLUCYFU,HALLUCINOGENS,Predictor candidato,10,0.0,Predictor candidato,Pendiente de revisión conceptual y estadística
HALLUCMFU,HALLUCINOGENS,Predictor candidato,19,0.0,Predictor candidato,Pendiente de revisión conceptual y estadística
HALLUCREC,HALLUCINOGENS,Predictor candidato,11,0.0,Predictor candidato,Pendiente de revisión conceptual y estadística
HALLUCYFQ,HALLUCINOGENS,Predictor candidato,70,0.0,Predictor candidato,Pendiente de revisión conceptual y estadística
HALTOTFG,HALLUCINOGENS,Predictor candidato,2,0.0,Predictor candidato,Pendiente de revisión conceptual y estadística
HALFQFLG,HALLUCINOGENS,Predictor candidato,2,0.0,Predictor candidato,Pendiente de revisión conceptual y estadística
HALLEASWY,HALLUCINOGENS,Predictor candidato,10,0.0,Predictor candidato,Pendiente de revisión conceptual y estadística
HALLDYSYR,HALLUCINOGENS,Predictor candidato,40,0.0,Predictor candidato,Pendiente de revisión conceptual y estadística
HALLDYPMO,HALLUCINOGENS,Predictor candidato,24,0.0,Predictor candidato,Pendiente de revisión conceptual y estadística
HALLDYPWK,HALLUCINOGENS,Predictor candidato,14,0.0,Predictor candidato,Pendiente de revisión conceptual y estadística
HALLUC30N,HALLUCINOGENS,Predictor candidato,24,0.0,Predictor candidato,Pendiente de revisión conceptual y estadística
HALLUC30E,HALLUCINOGENS,Predictor candidato,6,0.0,Predictor candidato,Pendiente de revisión conceptual y estadística
LSDAGE,HALLUCINOGENS,Predictor candidato,55,0.0,Predictor candidato,Pendiente de revisión conceptual y estadística
LSDYFU,HALLUCINOGENS,Predictor candidato,10,0.0,Predictor candidato,Pendiente de revisión conceptual y estadística
LSDMFU,HALLUCINOGENS,Predictor candidato,19,0.0,Predictor candidato,Pendiente de revisión conceptual y estadística
LSDREC,HALLUCINOGENS,Predictor candidato,10,0.0,Predictor candidato,Pendiente de revisión conceptual y estadística
PCPAGE,HALLUCINOGENS,Predictor candidato,43,0.0,Predictor candidato,Pendiente de revisión conceptual y estadística
PCPYFU,HALLUCINOGENS,Predictor candidato,9,0.0,Predictor candidato,Pendiente de revisión conceptual y estadística
PCPMFU,HALLUCINOGENS,Predictor candidato,12,0.0,Predictor candidato,Pendiente de revisión conceptual y estadística
PCPREC,HALLUCINOGENS,Predictor candidato,10,0.0,Predictor candidato,Pendiente de revisión conceptual y estadística
PSILCYREC,HALLUCINOGENS,Predictor candidato,10,0.0,Predictor candidato,Pendiente de revisión conceptual y estadística
ECSTMOAGE,HALLUCINOGENS,Predictor candidato,57,0.0,Predictor candidato,Pendiente de revisión conceptual y estadística
ECSTMOYFU,HALLUCINOGENS,Predictor candidato,10,0.0,Predictor candidato,Pendiente de revisión conceptual y estadística
ECSTMOMFU,HALLUCINOGENS,Predictor candidato,19,0.0,Predictor candidato,Pendiente de revisión conceptual y estadística
ECSTMOREC,HALLUCINOGENS,Predictor candidato,9,0.0,Predictor candidato,Pendiente de revisión conceptual y estadística
KETMINREC,HALLUCINOGENS,Predictor candidato,9,0.0,Predictor candidato,Pendiente de revisión conceptual y estadística
DAMTFXREC,HALLUCINOGENS,Predictor candidato,9,0.0,Predictor candidato,Pendiente de revisión conceptual y estadística
SALVIAREC,HALLUCINOGENS,Predictor candidato,9,0.0,Predictor candidato,Pendiente de revisión conceptual y estadística
AMYLNIT3,INHALANTS,Predictor candidato,7,0.0,Predictor candidato,Pendiente de revisión conceptual y estadística
CLEFLU3,INHALANTS,Predictor candidato,7,0.0,Predictor candidato,Pendiente de revisión conceptual y estadística
GAS3,INHALANTS,Predictor candidato,7,0.0,Predictor candidato,Pendiente de revisión conceptual y estadística
GLUE3,INHALANTS,Predictor candidato,7,0.0,Predictor candidato,Pendiente de revisión conceptual y estadística
ETHER3,INHALANTS,Predictor candidato,7,0.0,Predictor candidato,Pendiente de revisión conceptual y estadística
SOLVENT3,INHALANTS,Predictor candidato,6,0.0,Predictor candidato,Pendiente de revisión conceptual y estadística
LGAS3,INHALANTS,Predictor candidato,6,0.0,Predictor candidato,Pendiente de revisión conceptual y estadística
NITOXID3,INHALANTS,Predictor candidato,7,0.0,Predictor candidato,Pendiente de revisión conceptual y estadística
FELTMARKR3,INHALANTS,Predictor candidato,7,0.0,Predictor candidato,Pendiente de revisión conceptual y estadística
SPPAINT3,INHALANTS,Predictor candidato,6,0.0,Predictor candidato,Pendiente de revisión conceptual y estadística
AIRDUSTER3,INHALANTS,Predictor candidato,6,0.0,Predictor candidato,Pendiente de revisión conceptual y estadística
OTHAEROS3,INHALANTS,Predictor candidato,7,0.0,Predictor candidato,Pendiente de revisión conceptual y estadística
INHALOTH2,INHALANTS,Predictor candidato,6,0.0,Predictor candidato,Pendiente de revisión conceptual y estadística
INHALEVER2,INHALANTS,Predictor candidato,4,0.0,Predictor candidato,Pendiente de revisión conceptual y estadística
INHALAGE2,INHALANTS,Predictor candidato,58,0.0,Predictor candidato,Pendiente de revisión conceptual y estadística
INHALYFU2,INHALANTS,Predictor candidato,10,0.0,Predictor candidato,Pendiente de revisión conceptual y estadística
INHALMFU2,INHALANTS,Predictor candidato,19,0.0,Predictor candidato,Pendiente de revisión conceptual y estadística
INHALREC2,INHALANTS,Predictor candidato,9,0.0,Predictor candidato,Pendiente de revisión conceptual y estadística
INHALYFQ2,INHALANTS,Predictor candidato,57,0.0,Predictor candidato,Pendiente de revisión conceptual y estadística
INHTOTFG2,INHALANTS,Predictor candidato,2,0.0,Predictor candidato,Pendiente de revisión conceptual y estadística
INHFQFLG2,INHALANTS,Predictor candidato,2,0.0,Predictor candidato,Pendiente de revisión conceptual y estadística
INHEASWY2,INHALANTS,Predictor candidato,12,0.0,Predictor candidato,Pendiente de revisión conceptual y estadística
INHDYSYR2,INHALANTS,Predictor candidato,35,0.0,Predictor candidato,Pendiente de revisión conceptual y estadística
INHDYPMO2,INHALANTS,Predictor candidato,21,0.0,Predictor candidato,Pendiente de revisión conceptual y estadística
INHDYPWK2,INHALANTS,Predictor candidato,14,0.0,Predictor candidato,Pendiente de revisión conceptual y estadística
INHAL30N2,INHALANTS,Predictor candidato,26,0.0,Predictor candidato,Pendiente de revisión conceptual y estadística
INHAL30ES2,INHALANTS,Predictor candidato,6,0.0,Predictor candidato,Pendiente de revisión conceptual y estadística
METHAMEVR,METHAMPHETAMINE,Predictor candidato,4,0.0,Predictor candidato,Pendiente de revisión conceptual y estadística
METHAMAGE,METHAMPHETAMINE,Predictor candidato,65,0.0,Predictor candidato,Pendiente de revisión conceptual y estadística
METHAMYFU,METHAMPHETAMINE,Predictor candidato,10,0.0,Predictor candidato,Pendiente de revisión conceptual y estadística
METHAMMFU,METHAMPHETAMINE,Predictor candidato,19,0.0,Predictor candidato,Pendiente de revisión conceptual y estadística
METHAMREC,METHAMPHETAMINE,Predictor candidato,8,0.0,Predictor candidato,Pendiente de revisión conceptual y estadística
METHAMYFQ,METHAMPHETAMINE,Predictor candidato,82,0.0,Predictor candidato,Pendiente de revisión conceptual y estadística
METOTFG,METHAMPHETAMINE,Predictor candidato,2,0.0,Predictor candidato,Pendiente de revisión conceptual y estadística
MEFQFLG,METHAMPHETAMINE,Predictor candidato,2,0.0,Predictor candidato,Pendiente de revisión conceptual y estadística
METHEASWY,METHAMPHETAMINE,Predictor candidato,11,0.0,Predictor candidato,Pendiente de revisión conceptual y estadística
METHDYSYR,METHAMPHETAMINE,Predictor candidato,49,0.0,Predictor candidato,Pendiente de revisión conceptual y estadística
METHDYPMO,METHAMPHETAMINE,Predictor candidato,31,0.0,Predictor candidato,Pendiente de revisión conceptual y estadística
METHDYPWK,METHAMPHETAMINE,Predictor candidato,14,0.0,Predictor candidato,Pendiente de revisión conceptual y estadística
METHAM30N,METHAMPHETAMINE,Predictor candidato,34,0.0,Predictor candidato,Pendiente de revisión conceptual y estadística
METHAM30E,METHAMPHETAMINE,Predictor candidato,7,0.0,Predictor candidato,Pendiente de revisión conceptual y estadística
OXCNANYYR2,PAIN RELIEVERS SCREENER,Predictor candidato,11,0.0,Predictor candidato,Pendiente de revisión conceptual y estadística
PNRANYLIF2,PAIN RELIEVERS SCREENER,Predictor candidato,7,0.0,Predictor candidato,Pendiente de revisión conceptual y estadística
PNRANYREC2,PAIN RELIEVERS SCREENER,Predictor candidato,7,0.0,Predictor candidato,Pendiente de revisión conceptual y estadística
FENTANYYR2,PAIN RELIEVERS SCREENER,Predictor candidato,2,0.192,Predictor candidato,Pendiente de revisión conceptual y estadística
PNRNMLIF,PAIN RELIEVERS,Predictor candidato,8,0.0,Predictor candidato,Pendiente de revisión conceptual y estadística
OXCNNMYR,PAIN RELIEVERS,Predictor candidato,8,0.0,Predictor candidato,Pendiente de revisión conceptual y estadística
OXCNNMAGE,PAIN RELIEVERS,Predictor candidato,44,0.0,Predictor candidato,Pendiente de revisión conceptual y estadística
OXCNNMYFU,PAIN RELIEVERS,Predictor candidato,10,0.0,Predictor candidato,Pendiente de revisión conceptual y estadística
OXCNNMMFU,PAIN RELIEVERS,Predictor candidato,16,0.0,Predictor candidato,Pendiente de revisión conceptual y estadística
PNRNMREC,PAIN RELIEVERS,Predictor candidato,8,0.0,Predictor candidato,Pendiente de revisión conceptual y estadística
PNRNMINIT,PAIN RELIEVERS,Predictor candidato,9,0.0,Predictor candidato,Pendiente de revisión conceptual y estadística
PNRNMAGE,PAIN RELIEVERS,Predictor candidato,58,0.0,Predictor candidato,Pendiente de revisión conceptual y estadística
PNRNMYFU,PAIN RELIEVERS,Predictor candidato,6,0.0,Predictor candidato,Pendiente de revisión conceptual y estadística
PNRNMMFU,PAIN RELIEVERS,Predictor candidato,16,0.0,Predictor candidato,Pendiente de revisión conceptual y estadística
PNRNM30D,PAIN RELIEVERS,Predictor candidato,10,0.0,Predictor candidato,Pendiente de revisión conceptual y estadística
PNRNM30FQ,PAIN RELIEVERS,Predictor candidato,31,0.0,Predictor candidato,Pendiente de revisión conceptual y estadística
PNRNM30ES,PAIN RELIEVERS,Predictor candidato,7,0.0,Predictor candidato,Pendiente de revisión conceptual y estadística
PNRNM30AL,PAIN RELIEVERS,Predictor candidato,7,0.0,Predictor candidato,Pendiente de revisión conceptual y estadística
PNRWYNORX,PAIN RELIEVERS,Predictor candidato,9,0.0,Predictor candidato,Pendiente de revisión conceptual y estadística
PNRWYGAMT,PAIN RELIEVERS,Predictor candidato,9,0.0,Predictor candidato,Pendiente de revisión conceptual y estadística
PNRWYOFTN,PAIN RELIEVERS,Predictor candidato,8,0.0,Predictor candidato,Pendiente de revisión conceptual y estadística
PNRWYLNGR,PAIN RELIEVERS,Predictor candidato,8,0.0,Predictor candidato,Pendiente de revisión conceptual y estadística
PNRWYOTWY,PAIN RELIEVERS,Predictor candidato,9,0.0,Predictor candidato,Pendiente de revisión conceptual y estadística
PNRNMLAS1,PAIN RELIEVERS,Predictor candidato,36,0.0,Predictor candidato,Pendiente de revisión conceptual y estadística
PNRRSPAIN,PAIN RELIEVERS,Predictor candidato,10,0.0,Predictor candidato,Pendiente de revisión conceptual y estadística
PNRRSRELX,PAIN RELIEVERS,Predictor candidato,10,0.0,Predictor candidato,Pendiente de revisión conceptual y estadística
PNRRSEXPT,PAIN RELIEVERS,Predictor candidato,9,0.0,Predictor candidato,Pendiente de revisión conceptual y estadística
PNRRSHIGH,PAIN RELIEVERS,Predictor candidato,9,0.0,Predictor candidato,Pendiente de revisión conceptual y estadística
PNRRSSLEP,PAIN RELIEVERS,Predictor candidato,8,0.0,Predictor candidato,Pendiente de revisión conceptual y estadística
PNRRSEMOT,PAIN RELIEVERS,Predictor candidato,8,0.0,Predictor candidato,Pendiente de revisión conceptual y estadística
PNRRSDGFX,PAIN RELIEVERS,Predictor candidato,9,0.0,Predictor candidato,Pendiente de revisión conceptual y estadística
PNRRSHOOK,PAIN RELIEVERS,Predictor candidato,8,0.0,Predictor candidato,Pendiente de revisión conceptual y estadística
PNRRSSOR,PAIN RELIEVERS,Predictor candidato,8,0.0,Predictor candidato,Pendiente de revisión conceptual y estadística
PNRRSOTRS2,PAIN RELIEVERS,Predictor candidato,18,0.0,Predictor candidato,Pendiente de revisión conceptual y estadística
PNRRSMAIN,PAIN RELIEVERS,Predictor candidato,16,0.0,Predictor candidato,Pendiente de revisión conceptual y estadística
PNRNORXFG,PAIN RELIEVERS,Predictor candidato,2,0.0,Predictor candidato,Pendiente de revisión conceptual y estadística
FENTNMYR,PAIN RELIEVERS,Predictor candidato,2,0.04,Predictor candidato,Pendiente de revisión conceptual y estadística
TRQANYLIF,TRANQUILIZERS SCREENER,Predictor candidato,6,0.0,Predictor candidato,Pendiente de revisión conceptual y estadística
TRQANYREC,TRANQUILIZERS SCREENER,Predictor candidato,6,0.0,Predictor candidato,Pendiente de revisión conceptual y estadística
TRBZOANYYR,TRANQUILIZERS SCREENER,Predictor candidato,2,0.288,Predictor candidato,Pendiente de revisión conceptual y estadística
TRQNMLIF,TRANQUILIZERS,Predictor candidato,8,0.0,Predictor candidato,Pendiente de revisión conceptual y estadística
TRQNMREC,TRANQUILIZERS,Predictor candidato,8,0.0,Predictor candidato,Pendiente de revisión conceptual y estadística
TRQNMINIT,TRANQUILIZERS,Predictor candidato,8,0.0,Predictor candidato,Pendiente de revisión conceptual y estadística
TRQNMAGE,TRANQUILIZERS,Predictor candidato,46,0.0,Predictor candidato,Pendiente de revisión conceptual y estadística
TRQNMYFU,TRANQUILIZERS,Predictor candidato,6,0.0,Predictor candidato,Pendiente de revisión conceptual y estadística
TRQNMMFU,TRANQUILIZERS,Predictor candidato,16,0.0,Predictor candidato,Pendiente de revisión conceptual y estadística
TRQNM30D,TRANQUILIZERS,Predictor candidato,9,0.0,Predictor candidato,Pendiente de revisión conceptual y estadística
TRQNM30FQ,TRANQUILIZERS,Predictor candidato,27,0.0,Predictor candidato,Pendiente de revisión conceptual y estadística
TRQNM30ES,TRANQUILIZERS,Predictor candidato,6,0.0,Predictor candidato,Pendiente de revisión conceptual y estadística
TRQNM30AL,TRANQUILIZERS,Predictor candidato,7,0.0,Predictor candidato,Pendiente de revisión conceptual y estadística
TRQWYNORX,TRANQUILIZERS,Predictor candidato,8,0.0,Predictor candidato,Pendiente de revisión conceptual y estadística
TRQWYGAMT,TRANQUILIZERS,Predictor candidato,7,0.0,Predictor candidato,Pendiente de revisión conceptual y estadística
TRQWYOFTN,TRANQUILIZERS,Predictor candidato,7,0.0,Predictor candidato,Pendiente de revisión conceptual y estadística
TRQWYLNGR,TRANQUILIZERS,Predictor candidato,7,0.0,Predictor candidato,Pendiente de revisión conceptual y estadística
TRQWYOTWY,TRANQUILIZERS,Predictor candidato,8,0.0,Predictor candidato,Pendiente de revisión conceptual y estadística
TRQNMLAS1,TRANQUILIZERS,Predictor candidato,20,0.0,Predictor candidato,Pendiente de revisión conceptual y estadística
TRQRSRELX,TRANQUILIZERS,Predictor candidato,9,0.0,Predictor candidato,Pendiente de revisión conceptual y estadística
TRQRSEXPT,TRANQUILIZERS,Predictor candidato,9,0.0,Predictor candidato,Pendiente de revisión conceptual y estadística
TRQRSHIGH,TRANQUILIZERS,Predictor candidato,9,0.0,Predictor candidato,Pendiente de revisión conceptual y estadística
TRQRSSLEP,TRANQUILIZERS,Predictor candidato,8,0.0,Predictor candidato,Pendiente de revisión conceptual y estadística
TRQRSEMOT,TRANQUILIZERS,Predictor candidato,7,0.0,Predictor candidato,Pendiente de revisión conceptual y estadística
TRQRSDGFX,TRANQUILIZERS,Predictor candidato,7,0.0,Predictor candidato,Pendiente de revisión conceptual y estadística
TRQRSHOOK,TRANQUILIZERS,Predictor candidato,7,0.0,Predictor candidato,Pendiente de revisión conceptual y estadística
TRQRSSOR,TRANQUILIZERS,Predictor candidato,7,0.0,Predictor candidato,Pendiente de revisión conceptual y estadística
TRQRSOTRS2,TRANQUILIZERS,Predictor candidato,17,0.0,Predictor candidato,Pendiente de revisión conceptual y estadística
TRQRSMAIN,TRANQUILIZERS,Predictor candidato,15,0.0,Predictor candidato,Pendiente de revisión conceptual y estadística
TRQNORXFG,TRANQUILIZERS,Predictor candidato,2,0.0,Predictor candidato,Pendiente de revisión conceptual y estadística
TRBZONMYR,TRANQUILIZERS,Predictor candidato,2,0.29,Predictor candidato,Pendiente de revisión conceptual y estadística
STMANYLIF,STIMULANTS SCREENER,Predictor candidato,6,0.0,Predictor candidato,Pendiente de revisión conceptual y estadística
STMANYREC,STIMULANTS SCREENER,Predictor candidato,6,0.0,Predictor candidato,Pendiente de revisión conceptual y estadística
STMNMLIF,STIMULANTS,Predictor candidato,8,0.0,Predictor candidato,Pendiente de revisión conceptual y estadística
STMNMREC,STIMULANTS,Predictor candidato,8,0.0,Predictor candidato,Pendiente de revisión conceptual y estadística
STMNMINIT,STIMULANTS,Predictor candidato,7,0.0,Predictor candidato,Pendiente de revisión conceptual y estadística
STMNMAGE,STIMULANTS,Predictor candidato,33,0.0,Predictor candidato,Pendiente de revisión conceptual y estadística
STMNMYFU,STIMULANTS,Predictor candidato,6,0.0,Predictor candidato,Pendiente de revisión conceptual y estadística
STMNMMFU,STIMULANTS,Predictor candidato,16,0.0,Predictor candidato,Pendiente de revisión conceptual y estadística
STMNM30D,STIMULANTS,Predictor candidato,9,0.0,Predictor candidato,Pendiente de revisión conceptual y estadística
STMNM30FQ,STIMULANTS,Predictor candidato,28,0.0,Predictor candidato,Pendiente de revisión conceptual y estadística
STMNM30ES,STIMULANTS,Predictor candidato,6,0.0,Predictor candidato,Pendiente de revisión conceptual y estadística
STMNM30AL,STIMULANTS,Predictor candidato,7,0.0,Predictor candidato,Pendiente de revisión conceptual y estadística
STMWYNORX,STIMULANTS,Predictor candidato,8,0.0,Predictor candidato,Pendiente de revisión conceptual y estadística
STMWYGAMT,STIMULANTS,Predictor candidato,8,0.0,Predictor candidato,Pendiente de revisión conceptual y estadística
STMWYOFTN,STIMULANTS,Predictor candidato,8,0.0,Predictor candidato,Pendiente de revisión conceptual y estadística
STMWYLNGR,STIMULANTS,Predictor candidato,7,0.0,Predictor candidato,Pendiente de revisión conceptual y estadística
STMWYOTWY,STIMULANTS,Predictor candidato,9,0.0,Predictor candidato,Pendiente de revisión conceptual y estadística
STMNDLYR,STIMULANTS,Predictor candidato,7,0.0,Predictor candidato,Pendiente de revisión conceptual y estadística
STMNDLREC,STIMULANTS,Predictor candidato,8,0.0,Predictor candidato,Pendiente de revisión conceptual y estadística
STMNMLAS1,STIMULANTS,Predictor candidato,27,0.0,Predictor candidato,Pendiente de revisión conceptual y estadística
STMRSWGHT,STIMULANTS,Predictor candidato,7,0.0,Predictor candidato,Pendiente de revisión conceptual y estadística
STMRSCONC,STIMULANTS,Predictor candidato,9,0.0,Predictor candidato,Pendiente de revisión conceptual y estadística
STMRSALRT,STIMULANTS,Predictor candidato,7,0.0,Predictor candidato,Pendiente de revisión conceptual y estadística
STMRSSTDY,STIMULANTS,Predictor candidato,6,0.0,Predictor candidato,Pendiente de revisión conceptual y estadística
STMRSEXPT,STIMULANTS,Predictor candidato,7,0.0,Predictor candidato,Pendiente de revisión conceptual y estadística
STMRSHIGH,STIMULANTS,Predictor candidato,7,0.0,Predictor candidato,Pendiente de revisión conceptual y estadística
STMRSDGFX,STIMULANTS,Predictor candidato,7,0.0,Predictor candidato,Pendiente de revisión conceptual y estadística
STMRSHOOK,STIMULANTS,Predictor candidato,7,0.0,Predictor candidato,Pendiente de revisión conceptual y estadística
STMRSSOR,STIMULANTS,Predictor candidato,7,0.0,Predictor candidato,Pendiente de revisión conceptual y estadística
STMRSOTRS2,STIMULANTS,Predictor candidato,16,0.0,Predictor candidato,Pendiente de revisión conceptual y estadística
STMRSMAIN,STIMULANTS,Predictor candidato,15,0.0,Predictor candidato,Pendiente de revisión conceptual y estadística
STMNORXFG,STIMULANTS,Predictor candidato,2,0.0,Predictor candidato,Pendiente de revisión conceptual y estadística
SEDANYLIF,SEDATIVES SCREENER,Predictor candidato,6,0.0,Predictor candidato,Pendiente de revisión conceptual y estadística
SEDANYREC,SEDATIVES SCREENER,Predictor candidato,6,0.0,Predictor candidato,Pendiente de revisión conceptual y estadística
SVBZOANYYR,SEDATIVES SCREENER,Predictor candidato,2,0.471,Predictor candidato,Pendiente de revisión conceptual y estadística
SEDNMLIF,SEDATIVES,Predictor candidato,8,0.0,Predictor candidato,Pendiente de revisión conceptual y estadística
SEDNMREC,SEDATIVES,Predictor candidato,8,0.0,Predictor candidato,Pendiente de revisión conceptual y estadística
SEDNMINIT,SEDATIVES,Predictor candidato,7,0.0,Predictor candidato,Pendiente de revisión conceptual y estadística
SEDNMAGE,SEDATIVES,Predictor candidato,24,0.0,Predictor candidato,Pendiente de revisión conceptual y estadística
SEDNMYFU,SEDATIVES,Predictor candidato,6,0.0,Predictor candidato,Pendiente de revisión conceptual y estadística
SEDNMMFU,SEDATIVES,Predictor candidato,15,0.0,Predictor candidato,Pendiente de revisión conceptual y estadística
SEDNM30D,SEDATIVES,Predictor candidato,9,0.0,Predictor candidato,Pendiente de revisión conceptual y estadística
SEDNM30FQ,SEDATIVES,Predictor candidato,20,0.0,Predictor candidato,Pendiente de revisión conceptual y estadística
SEDNM30ES,SEDATIVES,Predictor candidato,4,0.0,Predictor candidato,Pendiente de revisión conceptual y estadística
SEDNM30AL,SEDATIVES,Predictor candidato,7,0.0,Predictor candidato,Pendiente de revisión conceptual y estadística
SEDWYNORX,SEDATIVES,Predictor candidato,9,0.0,Predictor candidato,Pendiente de revisión conceptual y estadística
SEDWYGAMT,SEDATIVES,Predictor candidato,9,0.0,Predictor candidato,Pendiente de revisión conceptual y estadística
SEDWYOFTN,SEDATIVES,Predictor candidato,8,0.0,Predictor candidato,Pendiente de revisión conceptual y estadística
SEDWYLNGR,SEDATIVES,Predictor candidato,8,0.0,Predictor candidato,Pendiente de revisión conceptual y estadística
SEDWYOTWY,SEDATIVES,Predictor candidato,8,0.0,Predictor candidato,Pendiente de revisión conceptual y estadística
SEDNMLAST,SEDATIVES,Predictor candidato,16,0.0,Predictor candidato,Pendiente de revisión conceptual y estadística
SEDRSRELX,SEDATIVES,Predictor candidato,8,0.0,Predictor candidato,Pendiente de revisión conceptual y estadística
SEDRSEXPT,SEDATIVES,Predictor candidato,7,0.0,Predictor candidato,Pendiente de revisión conceptual y estadística
SEDRSHIGH,SEDATIVES,Predictor candidato,7,0.0,Predictor candidato,Pendiente de revisión conceptual y estadística
SEDRSSLEP,SEDATIVES,Predictor candidato,8,0.0,Predictor candidato,Pendiente de revisión conceptual y estadística
SEDRSEMOT,SEDATIVES,Predictor candidato,7,0.0,Predictor candidato,Pendiente de revisión conceptual y estadística
SEDRSDGFX,SEDATIVES,Predictor candidato,7,0.0,Predictor candidato,Pendiente de revisión conceptual y estadística
SEDRSHOOK,SEDATIVES,Predictor candidato,7,0.0,Predictor candidato,Pendiente de revisión conceptual y estadística
SEDRSSOR,SEDATIVES,Predictor candidato,7,0.0,Predictor candidato,Pendiente de revisión conceptual y estadística
SEDRSOTRS2,SEDATIVES,Predictor candidato,9,0.0,Predictor candidato,Pendiente de revisión conceptual y estadística
SEDRSMAIN,SEDATIVES,Predictor candidato,10,0.0,Predictor candidato,Pendiente de revisión conceptual y estadística
SEDNORXFG,SEDATIVES,Predictor candidato,2,0.0,Predictor candidato,Pendiente de revisión conceptual y estadística
SVBZONMYR,SEDATIVES,Predictor candidato,2,0.463,Predictor candidato,Pendiente de revisión conceptual y estadística
IRCIGRC,RECENCY OF DRUG USE,Predictor candidato,5,0.0,Predictor candidato,Pendiente de revisión conceptual y estadística
IICIGRC,RECENCY OF DRUG USE,Predictor candidato,3,0.0,Predictor candidato,Pendiente de revisión conceptual y estadística
II2CIGRC,RECENCY OF DRUG USE,Predictor candidato,7,0.0,Predictor candidato,Pendiente de revisión conceptual y estadística
IRCGRRC,RECENCY OF DRUG USE,Predictor candidato,5,0.0,Predictor candidato,Pendiente de revisión conceptual y estadística
IICGRRC,RECENCY OF DRUG USE,Predictor candidato,2,0.0,Predictor candidato,Pendiente de revisión conceptual y estadística
II2CGRRC,RECENCY OF DRUG USE,Predictor candidato,8,0.0,Predictor candidato,Pendiente de revisión conceptual y estadística
IRPIPLF,RECENCY OF DRUG USE,Predictor candidato,2,0.0,Predictor candidato,Pendiente de revisión conceptual y estadística
IIPIPLF,RECENCY OF DRUG USE,Predictor candidato,2,0.0,Predictor candidato,Pendiente de revisión conceptual y estadística
IRPIPMN,RECENCY OF DRUG USE,Predictor candidato,3,0.0,Predictor candidato,Pendiente de revisión conceptual y estadística
IIPIPMN,RECENCY OF DRUG USE,Predictor candidato,3,0.0,Predictor candidato,Pendiente de revisión conceptual y estadística
IRNICVAPREC,RECENCY OF DRUG USE,Predictor candidato,5,0.0,Predictor candidato,Pendiente de revisión conceptual y estadística
IINICVAPREC,RECENCY OF DRUG USE,Predictor candidato,8,0.0,Predictor candidato,Pendiente de revisión conceptual y estadística
IRSMKLSSREC,RECENCY OF DRUG USE,Predictor candidato,5,0.0,Predictor candidato,Pendiente de revisión conceptual y estadística
IISMKLSSREC,RECENCY OF DRUG USE,Predictor candidato,9,0.0,Predictor candidato,Pendiente de revisión conceptual y estadística
IRALCRC,RECENCY OF DRUG USE,Predictor candidato,4,0.0,Predictor candidato,Pendiente de revisión conceptual y estadística
IIALCRC,RECENCY OF DRUG USE,Predictor candidato,3,0.0,Predictor candidato,Pendiente de revisión conceptual y estadística
II2ALCRC,RECENCY OF DRUG USE,Predictor candidato,5,0.0,Predictor candidato,Pendiente de revisión conceptual y estadística
IRCBDHMPREC,RECENCY OF DRUG USE,Predictor candidato,5,0.0,Predictor candidato,Pendiente de revisión conceptual y estadística
IICBDHMPREC,RECENCY OF DRUG USE,Predictor candidato,3,0.0,Predictor candidato,Pendiente de revisión conceptual y estadística
IRMJRC,RECENCY OF DRUG USE,Predictor candidato,4,0.0,Predictor candidato,Pendiente de revisión conceptual y estadística
IIMJRC,RECENCY OF DRUG USE,Predictor candidato,3,0.0,Predictor candidato,Pendiente de revisión conceptual y estadística
II2MJRC,RECENCY OF DRUG USE,Predictor candidato,5,0.0,Predictor candidato,Pendiente de revisión conceptual y estadística
IRMJEVERVAPE,RECENCY OF DRUG USE,Predictor candidato,3,0.0,Predictor candidato,Pendiente de revisión conceptual y estadística
IIMJEVERVAPE,RECENCY OF DRUG USE,Predictor candidato,4,0.0,Predictor candidato,Pendiente de revisión conceptual y estadística
IRMJYRSMOKE,RECENCY OF DRUG USE,Predictor candidato,3,0.0,Predictor candidato,Pendiente de revisión conceptual y estadística
IIMJYRSMOKE,RECENCY OF DRUG USE,Predictor candidato,4,0.0,Predictor candidato,Pendiente de revisión conceptual y estadística
IRMJYRVAPE,RECENCY OF DRUG USE,Predictor candidato,3,0.0,Predictor candidato,Pendiente de revisión conceptual y estadística
IIMJYRVAPE,RECENCY OF DRUG USE,Predictor candidato,4,0.0,Predictor candidato,Pendiente de revisión conceptual y estadística
IRMJYRDAB,RECENCY OF DRUG USE,Predictor candidato,3,0.0,Predictor candidato,Pendiente de revisión conceptual y estadística
IIMJYRDAB,RECENCY OF DRUG USE,Predictor candidato,4,0.0,Predictor candidato,Pendiente de revisión conceptual y estadística
IRMJYREAT,RECENCY OF DRUG USE,Predictor candidato,3,0.0,Predictor candidato,Pendiente de revisión conceptual y estadística
IIMJYREAT,RECENCY OF DRUG USE,Predictor candidato,4,0.0,Predictor candidato,Pendiente de revisión conceptual y estadística
IRMJYRMOUTH,RECENCY OF DRUG USE,Predictor candidato,3,0.0,Predictor candidato,Pendiente de revisión conceptual y estadística
IIMJYRMOUTH,RECENCY OF DRUG USE,Predictor candidato,4,0.0,Predictor candidato,Pendiente de revisión conceptual y estadística
IRMJYRSKIN,RECENCY OF DRUG USE,Predictor candidato,3,0.0,Predictor candidato,Pendiente de revisión conceptual y estadística
IIMJYRSKIN,RECENCY OF DRUG USE,Predictor candidato,4,0.0,Predictor candidato,Pendiente de revisión conceptual y estadística
IRMJYRPILL,RECENCY OF DRUG USE,Predictor candidato,3,0.0,Predictor candidato,Pendiente de revisión conceptual y estadística
IIMJYRPILL,RECENCY OF DRUG USE,Predictor candidato,4,0.0,Predictor candidato,Pendiente de revisión conceptual y estadística
IRMJYROTHER,RECENCY OF DRUG USE,Predictor candidato,3,0.0,Predictor candidato,Pendiente de revisión conceptual y estadística
IIMJYROTHER,RECENCY OF DRUG USE,Predictor candidato,4,0.0,Predictor candidato,Pendiente de revisión conceptual y estadística
IRMJMONSMOKE,RECENCY OF DRUG USE,Predictor candidato,3,0.0,Predictor candidato,Pendiente de revisión conceptual y estadística
IIMJMONSMOKE,RECENCY OF DRUG USE,Predictor candidato,4,0.0,Predictor candidato,Pendiente de revisión conceptual y estadística
IRMJMONVAPE,RECENCY OF DRUG USE,Predictor candidato,3,0.0,Predictor candidato,Pendiente de revisión conceptual y estadística
IIMJMONVAPE,RECENCY OF DRUG USE,Predictor candidato,4,0.0,Predictor candidato,Pendiente de revisión conceptual y estadística
IRMJMONDAB,RECENCY OF DRUG USE,Predictor candidato,3,0.0,Predictor candidato,Pendiente de revisión conceptual y estadística
IIMJMONDAB,RECENCY OF DRUG USE,Predictor candidato,4,0.0,Predictor candidato,Pendiente de revisión conceptual y estadística
IRMJMONEAT,RECENCY OF DRUG USE,Predictor candidato,3,0.0,Predictor candidato,Pendiente de revisión conceptual y estadística
IIMJMONEAT,RECENCY OF DRUG USE,Predictor candidato,4,0.0,Predictor candidato,Pendiente de revisión conceptual y estadística
IRMJMONMOUTH,RECENCY OF DRUG USE,Predictor candidato,3,0.0,Predictor candidato,Pendiente de revisión conceptual y estadística
IIMJMONMOUTH,RECENCY OF DRUG USE,Predictor candidato,4,0.0,Predictor candidato,Pendiente de revisión conceptual y estadística
IRMJMONSKIN,RECENCY OF DRUG USE,Predictor candidato,3,0.0,Predictor candidato,Pendiente de revisión conceptual y estadística
IIMJMONSKIN,RECENCY OF DRUG USE,Predictor candidato,4,0.0,Predictor candidato,Pendiente de revisión conceptual y estadística
IRMJMONPILL,RECENCY OF DRUG USE,Predictor candidato,3,0.0,Predictor candidato,Pendiente de revisión conceptual y estadística
IIMJMONPILL,RECENCY OF DRUG USE,Predictor candidato,4,0.0,Predictor candidato,Pendiente de revisión conceptual y estadística
IRCOCRC,RECENCY OF DRUG USE,Predictor candidato,4,0.0,Predictor candidato,Pendiente de revisión conceptual y estadística
IICOCRC,RECENCY OF DRUG USE,Predictor candidato,3,0.0,Predictor candidato,Pendiente de revisión conceptual y estadística
II2COCRC,RECENCY OF DRUG USE,Predictor candidato,5,0.0,Predictor candidato,Pendiente de revisión conceptual y estadística
IRCRKRC,RECENCY OF DRUG USE,Predictor candidato,4,0.0,Predictor candidato,Pendiente de revisión conceptual y estadística
IICRKRC,RECENCY OF DRUG USE,Predictor candidato,2,0.0,Predictor candidato,Pendiente de revisión conceptual y estadística
II2CRKRC,RECENCY OF DRUG USE,Predictor candidato,4,0.0,Predictor candidato,Pendiente de revisión conceptual y estadística
IRHERRC,RECENCY OF DRUG USE,Predictor candidato,4,0.0,Predictor candidato,Pendiente de revisión conceptual y estadística
IIHERRC,RECENCY OF DRUG USE,Predictor candidato,2,0.0,Predictor candidato,Pendiente de revisión conceptual y estadística
II2HERRC,RECENCY OF DRUG USE,Predictor candidato,4,0.0,Predictor candidato,Pendiente de revisión conceptual y estadística
IRHALLUCREC,RECENCY OF DRUG USE,Predictor candidato,4,0.0,Predictor candidato,Pendiente de revisión conceptual y estadística
IIHALLUCREC,RECENCY OF DRUG USE,Predictor candidato,5,0.0,Predictor candidato,Pendiente de revisión conceptual y estadística
IRLSDRC,RECENCY OF DRUG USE,Predictor candidato,4,0.0,Predictor candidato,Pendiente de revisión conceptual y estadística
IILSDRC,RECENCY OF DRUG USE,Predictor candidato,3,0.0,Predictor candidato,Pendiente de revisión conceptual y estadística
II2LSDRC,RECENCY OF DRUG USE,Predictor candidato,5,0.0,Predictor candidato,Pendiente de revisión conceptual y estadística
IRPCPRC,RECENCY OF DRUG USE,Predictor candidato,4,0.0,Predictor candidato,Pendiente de revisión conceptual y estadística
IIPCPRC,RECENCY OF DRUG USE,Predictor candidato,3,0.0,Predictor candidato,Pendiente de revisión conceptual y estadística
II2PCPRC,RECENCY OF DRUG USE,Predictor candidato,5,0.0,Predictor candidato,Pendiente de revisión conceptual y estadística
IRPSILCYREC,RECENCY OF DRUG USE,Predictor candidato,4,0.0,Predictor candidato,Pendiente de revisión conceptual y estadística
IIPSILCYREC,RECENCY OF DRUG USE,Predictor candidato,5,0.0,Predictor candidato,Pendiente de revisión conceptual y estadística
IRECSTMOREC,RECENCY OF DRUG USE,Predictor candidato,4,0.0,Predictor candidato,Pendiente de revisión conceptual y estadística
IIECSTMOREC,RECENCY OF DRUG USE,Predictor candidato,5,0.0,Predictor candidato,Pendiente de revisión conceptual y estadística
IRKETMINREC,RECENCY OF DRUG USE,Predictor candidato,4,0.0,Predictor candidato,Pendiente de revisión conceptual y estadística
IIKETMINREC,RECENCY OF DRUG USE,Predictor candidato,5,0.0,Predictor candidato,Pendiente de revisión conceptual y estadística
IRDAMTFXREC,RECENCY OF DRUG USE,Predictor candidato,4,0.0,Predictor candidato,Pendiente de revisión conceptual y estadística
IIDAMTFXREC,RECENCY OF DRUG USE,Predictor candidato,5,0.0,Predictor candidato,Pendiente de revisión conceptual y estadística
IRSALVIAREC,RECENCY OF DRUG USE,Predictor candidato,4,0.0,Predictor candidato,Pendiente de revisión conceptual y estadística
IISALVIAREC,RECENCY OF DRUG USE,Predictor candidato,5,0.0,Predictor candidato,Pendiente de revisión conceptual y estadística
IRINHALREC2,RECENCY OF DRUG USE,Predictor candidato,4,0.0,Predictor candidato,Pendiente de revisión conceptual y estadística
IIINHALREC2,RECENCY OF DRUG USE,Predictor candidato,4,0.0,Predictor candidato,Pendiente de revisión conceptual y estadística
IRMETHAMREC,RECENCY OF DRUG USE,Predictor candidato,4,0.0,Predictor candidato,Pendiente de revisión conceptual y estadística
IIMETHAMREC,RECENCY OF DRUG USE,Predictor candidato,4,0.0,Predictor candidato,Pendiente de revisión conceptual y estadística
IRPNRANYREC2,RECENCY OF DRUG USE,Predictor candidato,3,0.0,Predictor candidato,Pendiente de revisión conceptual y estadística
IIPNRANYREC2,RECENCY OF DRUG USE,Predictor candidato,4,0.0,Predictor candidato,Pendiente de revisión conceptual y estadística
IROXCNANYYR2,RECENCY OF DRUG USE,Predictor candidato,2,0.0,Predictor candidato,Pendiente de revisión conceptual y estadística
IIOXCNANYYR2,RECENCY OF DRUG USE,Predictor candidato,3,0.0,Predictor candidato,Pendiente de revisión conceptual y estadística
IRFENTANYYR2,RECENCY OF DRUG USE,Predictor candidato,2,0.0,Predictor candidato,Pendiente de revisión conceptual y estadística
IIFENTANYYR2,RECENCY OF DRUG USE,Predictor candidato,3,0.0,Predictor candidato,Pendiente de revisión conceptual y estadística
IRRXOPANYYR,RECENCY OF DRUG USE,Predictor candidato,2,0.0,Predictor candidato,Pendiente de revisión conceptual y estadística
IIRXOPANYYR,RECENCY OF DRUG USE,Predictor candidato,2,0.0,Predictor candidato,Pendiente de revisión conceptual y estadística
IRTRQANYREC,RECENCY OF DRUG USE,Predictor candidato,3,0.0,Predictor candidato,Pendiente de revisión conceptual y estadística
IITRQANYREC,RECENCY OF DRUG USE,Predictor candidato,3,0.0,Predictor candidato,Pendiente de revisión conceptual y estadística
IRSTMANYREC,RECENCY OF DRUG USE,Predictor candidato,3,0.0,Predictor candidato,Pendiente de revisión conceptual y estadística
IISTMANYREC,RECENCY OF DRUG USE,Predictor candidato,3,0.0,Predictor candidato,Pendiente de revisión conceptual y estadística
IRSEDANYREC,RECENCY OF DRUG USE,Predictor candidato,3,0.0,Predictor candidato,Pendiente de revisión conceptual y estadística
IISEDANYREC,RECENCY OF DRUG USE,Predictor candidato,3,0.0,Predictor candidato,Pendiente de revisión conceptual y estadística
IRBZOANYYR,RECENCY OF DRUG USE,Predictor candidato,2,0.0,Predictor candidato,Pendiente de revisión conceptual y estadística
IIBZOANYYR,RECENCY OF DRUG USE,Predictor candidato,2,0.0,Predictor candidato,Pendiente de revisión conceptual y estadística
IRPNRNMREC,RECENCY OF DRUG USE,Predictor candidato,4,0.0,Predictor candidato,Pendiente de revisión conceptual y estadística
IIPNRNMREC,RECENCY OF DRUG USE,Predictor candidato,6,0.0,Predictor candidato,Pendiente de revisión conceptual y estadística
IROXCNNMYR,RECENCY OF DRUG USE,Predictor candidato,2,0.0,Predictor candidato,Pendiente de revisión conceptual y estadística
IIOXCNNMYR,RECENCY OF DRUG USE,Predictor candidato,3,0.0,Predictor candidato,Pendiente de revisión conceptual y estadística
IRFENTNMYR,RECENCY OF DRUG USE,Predictor candidato,2,0.0,Predictor candidato,Pendiente de revisión conceptual y estadística
IIFENTNMYR,RECENCY OF DRUG USE,Predictor candidato,2,0.0,Predictor candidato,Pendiente de revisión conceptual y estadística
IRRXOPNMYR,RECENCY OF DRUG USE,Predictor candidato,2,0.0,Predictor candidato,Pendiente de revisión conceptual y estadística
IIRXOPNMYR,RECENCY OF DRUG USE,Predictor candidato,2,0.0,Predictor candidato,Pendiente de revisión conceptual y estadística
IRTRQNMREC,RECENCY OF DRUG USE,Predictor candidato,4,0.0,Predictor candidato,Pendiente de revisión conceptual y estadística
IITRQNMREC,RECENCY OF DRUG USE,Predictor candidato,6,0.0,Predictor candidato,Pendiente de revisión conceptual y estadística
IRSTMNMREC,RECENCY OF DRUG USE,Predictor candidato,4,0.0,Predictor candidato,Pendiente de revisión conceptual y estadística
IISTMNMREC,RECENCY OF DRUG USE,Predictor candidato,6,0.0,Predictor candidato,Pendiente de revisión conceptual y estadística
IRSEDNMREC,RECENCY OF DRUG USE,Predictor candidato,4,0.0,Predictor candidato,Pendiente de revisión conceptual y estadística
IISEDNMREC,RECENCY OF DRUG USE,Predictor candidato,6,0.0,Predictor candidato,Pendiente de revisión conceptual y estadística
IRBZONMYR,RECENCY OF DRUG USE,Predictor candidato,2,0.0,Predictor candidato,Pendiente de revisión conceptual y estadística
IIBZONMYR,RECENCY OF DRUG USE,Predictor candidato,2,0.0,Predictor candidato,Pendiente de revisión conceptual y estadística
IRALCFY,PAST YEAR FREQUENCY OF USE,Predictor candidato,184,0.0,Predictor candidato,Pendiente de revisión conceptual y estadística
IIALCFY,PAST YEAR FREQUENCY OF USE,Predictor candidato,4,0.0,Predictor candidato,Pendiente de revisión conceptual y estadística
II2ALCFY,PAST YEAR FREQUENCY OF USE,Predictor candidato,5,0.0,Predictor candidato,Pendiente de revisión conceptual y estadística
IRMJFY,PAST YEAR FREQUENCY OF USE,Predictor candidato,207,0.0,Predictor candidato,Pendiente de revisión conceptual y estadística
IIMJFY,PAST YEAR FREQUENCY OF USE,Predictor candidato,4,0.0,Predictor candidato,Pendiente de revisión conceptual y estadística
II2MJFY,PAST YEAR FREQUENCY OF USE,Predictor candidato,5,0.0,Predictor candidato,Pendiente de revisión conceptual y estadística
IRCOCFY,PAST YEAR FREQUENCY OF USE,Predictor candidato,73,0.0,Predictor candidato,Pendiente de revisión conceptual y estadística
IICOCFY,PAST YEAR FREQUENCY OF USE,Predictor candidato,4,0.0,Predictor candidato,Pendiente de revisión conceptual y estadística
II2COCFY,PAST YEAR FREQUENCY OF USE,Predictor candidato,5,0.0,Predictor candidato,Pendiente de revisión conceptual y estadística
IRCRKFY,PAST YEAR FREQUENCY OF USE,Predictor candidato,52,0.0,Predictor candidato,Pendiente de revisión conceptual y estadística
IICRKFY,PAST YEAR FREQUENCY OF USE,Predictor candidato,4,0.0,Predictor candidato,Pendiente de revisión conceptual y estadística
II2CRKFY,PAST YEAR FREQUENCY OF USE,Predictor candidato,5,0.0,Predictor candidato,Pendiente de revisión conceptual y estadística
IRHERFY,PAST YEAR FREQUENCY OF USE,Predictor candidato,44,0.0,Predictor candidato,Pendiente de revisión conceptual y estadística
IIHERFY,PAST YEAR FREQUENCY OF USE,Predictor candidato,4,0.0,Predictor candidato,Pendiente de revisión conceptual y estadística
II2HERFY,PAST YEAR FREQUENCY OF USE,Predictor candidato,5,0.0,Predictor candidato,Pendiente de revisión conceptual y estadística
IRHALLUCYFQ,PAST YEAR FREQUENCY OF USE,Predictor candidato,69,0.0,Predictor candidato,Pendiente de revisión conceptual y estadística
IIHALLUCYFQ,PAST YEAR FREQUENCY OF USE,Predictor candidato,5,0.0,Predictor candidato,Pendiente de revisión conceptual y estadística
IRINHALYFQ2,PAST YEAR FREQUENCY OF USE,Predictor candidato,56,0.0,Predictor candidato,Pendiente de revisión conceptual y estadística
IIINHALYFQ2,PAST YEAR FREQUENCY OF USE,Predictor candidato,5,0.0,Predictor candidato,Pendiente de revisión conceptual y estadística
IRMETHAMYFQ,PAST YEAR FREQUENCY OF USE,Predictor candidato,79,0.0,Predictor candidato,Pendiente de revisión conceptual y estadística
IIMETHAMYFQ,PAST YEAR FREQUENCY OF USE,Predictor candidato,5,0.0,Predictor candidato,Pendiente de revisión conceptual y estadística
IRCIGFM,PAST MONTH FREQUENCY OF USE,Predictor candidato,35,0.0,Predictor candidato,Pendiente de revisión conceptual y estadística
IICIGFM,PAST MONTH FREQUENCY OF USE,Predictor candidato,4,0.0,Predictor candidato,Pendiente de revisión conceptual y estadística
II2CIGFM,PAST MONTH FREQUENCY OF USE,Predictor candidato,4,0.0,Predictor candidato,Pendiente de revisión conceptual y estadística
IRCGRFM,PAST MONTH FREQUENCY OF USE,Predictor candidato,34,0.0,Predictor candidato,Pendiente de revisión conceptual y estadística
IICGRFM,PAST MONTH FREQUENCY OF USE,Predictor candidato,4,0.0,Predictor candidato,Pendiente de revisión conceptual y estadística
II2CGRFM,PAST MONTH FREQUENCY OF USE,Predictor candidato,5,0.0,Predictor candidato,Pendiente de revisión conceptual y estadística
IRSMKLSS30N,PAST MONTH FREQUENCY OF USE,Predictor candidato,35,0.0,Predictor candidato,Pendiente de revisión conceptual y estadística
IISMKLSS30N,PAST MONTH FREQUENCY OF USE,Predictor candidato,5,0.0,Predictor candidato,Pendiente de revisión conceptual y estadística
IRNICVAP30N,PAST MONTH FREQUENCY OF USE,Predictor candidato,36,0.0,Predictor candidato,Pendiente de revisión conceptual y estadística
IINICVAP30N,PAST MONTH FREQUENCY OF USE,Predictor candidato,5,0.0,Predictor candidato,Pendiente de revisión conceptual y estadística
IRALCFM,PAST MONTH FREQUENCY OF USE,Predictor candidato,37,0.0,Predictor candidato,Pendiente de revisión conceptual y estadística
IIALCFM,PAST MONTH FREQUENCY OF USE,Predictor candidato,4,0.0,Predictor candidato,Pendiente de revisión conceptual y estadística
II2ALCFM,PAST MONTH FREQUENCY OF USE,Predictor candidato,5,0.0,Predictor candidato,Pendiente de revisión conceptual y estadística
IRALCBNG30D,PAST MONTH FREQUENCY OF USE,Predictor candidato,33,0.0,Predictor candidato,Pendiente de revisión conceptual y estadística
IIALCBNG30D,PAST MONTH FREQUENCY OF USE,Predictor candidato,5,0.0,Predictor candidato,Pendiente de revisión conceptual y estadística
IRMJFM,PAST MONTH FREQUENCY OF USE,Predictor candidato,36,0.0,Predictor candidato,Pendiente de revisión conceptual y estadística
IIMJFM,PAST MONTH FREQUENCY OF USE,Predictor candidato,4,0.0,Predictor candidato,Pendiente de revisión conceptual y estadística
II2MJFM,PAST MONTH FREQUENCY OF USE,Predictor candidato,5,0.0,Predictor candidato,Pendiente de revisión conceptual y estadística
IRCOCFM,PAST MONTH FREQUENCY OF USE,Predictor candidato,27,0.0,Predictor candidato,Pendiente de revisión conceptual y estadística
IICOCFM,PAST MONTH FREQUENCY OF USE,Predictor candidato,4,0.0,Predictor candidato,Pendiente de revisión conceptual y estadística
II2COCFM,PAST MONTH FREQUENCY OF USE,Predictor candidato,5,0.0,Predictor candidato,Pendiente de revisión conceptual y estadística
IRCRKFM,PAST MONTH FREQUENCY OF USE,Predictor candidato,20,0.0,Predictor candidato,Pendiente de revisión conceptual y estadística
IICRKFM,PAST MONTH FREQUENCY OF USE,Predictor candidato,4,0.0,Predictor candidato,Pendiente de revisión conceptual y estadística
II2CRKFM,PAST MONTH FREQUENCY OF USE,Predictor candidato,5,0.0,Predictor candidato,Pendiente de revisión conceptual y estadística
IRHERFM,PAST MONTH FREQUENCY OF USE,Predictor candidato,18,0.0,Predictor candidato,Pendiente de revisión conceptual y estadística
IIHERFM,PAST MONTH FREQUENCY OF USE,Predictor candidato,4,0.0,Predictor candidato,Pendiente de revisión conceptual y estadística
II2HERFM,PAST MONTH FREQUENCY OF USE,Predictor candidato,5,0.0,Predictor candidato,Pendiente de revisión conceptual y estadística
IRHALLUC30N,PAST MONTH FREQUENCY OF USE,Predictor candidato,23,0.0,Predictor candidato,Pendiente de revisión conceptual y estadística
IIHALLUC30N,PAST MONTH FREQUENCY OF USE,Predictor candidato,5,0.0,Predictor candidato,Pendiente de revisión conceptual y estadística
IRINHAL30N2,PAST MONTH FREQUENCY OF USE,Predictor candidato,24,0.0,Predictor candidato,Pendiente de revisión conceptual y estadística
IIINHAL30N2,PAST MONTH FREQUENCY OF USE,Predictor candidato,5,0.0,Predictor candidato,Pendiente de revisión conceptual y estadística
IRMETHAM30N,PAST MONTH FREQUENCY OF USE,Predictor candidato,33,0.0,Predictor candidato,Pendiente de revisión conceptual y estadística
IIMETHAM30N,PAST MONTH FREQUENCY OF USE,Predictor candidato,5,0.0,Predictor candidato,Pendiente de revisión conceptual y estadística
IRPNRNM30FQ,PAST MONTH FREQUENCY OF USE,Predictor candidato,28,0.0,Predictor candidato,Pendiente de revisión conceptual y estadística
IIPNRNM30FQ,PAST MONTH FREQUENCY OF USE,Predictor candidato,5,0.0,Predictor candidato,Pendiente de revisión conceptual y estadística
IRTRQNM30FQ,PAST MONTH FREQUENCY OF USE,Predictor candidato,22,0.0,Predictor candidato,Pendiente de revisión conceptual y estadística
IITRQNM30FQ,PAST MONTH FREQUENCY OF USE,Predictor candidato,5,0.0,Predictor candidato,Pendiente de revisión conceptual y estadística
IRSTMNM30FQ,PAST MONTH FREQUENCY OF USE,Predictor candidato,24,0.0,Predictor candidato,Pendiente de revisión conceptual y estadística
IISTMNM30FQ,PAST MONTH FREQUENCY OF USE,Predictor candidato,5,0.0,Predictor candidato,Pendiente de revisión conceptual y estadística
IRSEDNM30FQ,PAST MONTH FREQUENCY OF USE,Predictor candidato,18,0.0,Predictor candidato,Pendiente de revisión conceptual y estadística
IISEDNM30FQ,PAST MONTH FREQUENCY OF USE,Predictor candidato,4,0.0,Predictor candidato,Pendiente de revisión conceptual y estadística
IRCIGAGE,AGE/DATE OF FIRST DRUG USE,Predictor candidato,54,0.0,Predictor candidato,Pendiente de revisión conceptual y estadística
IICIGAGE,AGE/DATE OF FIRST DRUG USE,Predictor candidato,4,0.0,Predictor candidato,Pendiente de revisión conceptual y estadística
IRCIGYFU,AGE/DATE OF FIRST DRUG USE,Predictor candidato,88,0.0,Predictor candidato,Pendiente de revisión conceptual y estadística
IICIGYFU,AGE/DATE OF FIRST DRUG USE,Predictor candidato,4,0.0,Predictor candidato,Pendiente de revisión conceptual y estadística
IRCDUAGE,AGE/DATE OF FIRST DRUG USE,Predictor candidato,59,0.0,Predictor candidato,Pendiente de revisión conceptual y estadística
IICDUAGE,AGE/DATE OF FIRST DRUG USE,Predictor candidato,3,0.0,Predictor candidato,Pendiente de revisión conceptual y estadística
IRCD2YFU,AGE/DATE OF FIRST DRUG USE,Predictor candidato,84,0.0,Predictor candidato,Pendiente de revisión conceptual y estadística
IICD2YFU,AGE/DATE OF FIRST DRUG USE,Predictor candidato,3,0.0,Predictor candidato,Pendiente de revisión conceptual y estadística
IRCGRAGE,AGE/DATE OF FIRST DRUG USE,Predictor candidato,72,0.0,Predictor candidato,Pendiente de revisión conceptual y estadística
IICGRAGE,AGE/DATE OF FIRST DRUG USE,Predictor candidato,3,0.0,Predictor candidato,Pendiente de revisión conceptual y estadística
IRCGRYFU,AGE/DATE OF FIRST DRUG USE,Predictor candidato,81,0.0,Predictor candidato,Pendiente de revisión conceptual y estadística
IICGRYFU,AGE/DATE OF FIRST DRUG USE,Predictor candidato,3,0.0,Predictor candidato,Pendiente de revisión conceptual y estadística
IRSMKLSSTRY,AGE/DATE OF FIRST DRUG USE,Predictor candidato,61,0.0,Predictor candidato,Pendiente de revisión conceptual y estadística
IISMKLSSTRY,AGE/DATE OF FIRST DRUG USE,Predictor candidato,3,0.0,Predictor candidato,Pendiente de revisión conceptual y estadística
IRSMKLSSYFU,AGE/DATE OF FIRST DRUG USE,Predictor candidato,80,0.0,Predictor candidato,Pendiente de revisión conceptual y estadística
IISMKLSSYFU,AGE/DATE OF FIRST DRUG USE,Predictor candidato,3,0.0,Predictor candidato,Pendiente de revisión conceptual y estadística
IRNICVAPAGE,AGE/DATE OF FIRST DRUG USE,Predictor candidato,80,0.0,Predictor candidato,Pendiente de revisión conceptual y estadística
IINICVAPAGE,AGE/DATE OF FIRST DRUG USE,Predictor candidato,3,0.0,Predictor candidato,Pendiente de revisión conceptual y estadística
IRNICVAPYFU,AGE/DATE OF FIRST DRUG USE,Predictor candidato,57,0.0,Predictor candidato,Pendiente de revisión conceptual y estadística
IINICVAPYFU,AGE/DATE OF FIRST DRUG USE,Predictor candidato,3,0.0,Predictor candidato,Pendiente de revisión conceptual y estadística
IRALCAGE,AGE/DATE OF FIRST DRUG USE,Predictor candidato,60,0.0,Predictor candidato,Pendiente de revisión conceptual y estadística
IIALCAGE,AGE/DATE OF FIRST DRUG USE,Predictor candidato,3,0.0,Predictor candidato,Pendiente de revisión conceptual y estadística
IRALCYFU,AGE/DATE OF FIRST DRUG USE,Predictor candidato,85,0.0,Predictor candidato,Pendiente de revisión conceptual y estadística
IIALCYFU,AGE/DATE OF FIRST DRUG USE,Predictor candidato,3,0.0,Predictor candidato,Pendiente de revisión conceptual y estadística
IRMJAGE,AGE/DATE OF FIRST DRUG USE,Predictor candidato,88,0.0,Predictor candidato,Pendiente de revisión conceptual y estadística
IIMJAGE,AGE/DATE OF FIRST DRUG USE,Predictor candidato,3,0.0,Predictor candidato,Pendiente de revisión conceptual y estadística
IRMJYFU,AGE/DATE OF FIRST DRUG USE,Predictor candidato,73,0.0,Predictor candidato,Pendiente de revisión conceptual y estadística
IIMJYFU,AGE/DATE OF FIRST DRUG USE,Predictor candidato,3,0.0,Predictor candidato,Pendiente de revisión conceptual y estadística
IRCOCAGE,AGE/DATE OF FIRST DRUG USE,Predictor candidato,56,0.0,Predictor candidato,Pendiente de revisión conceptual y estadística
IICOCAGE,AGE/DATE OF FIRST DRUG USE,Predictor candidato,4,0.0,Predictor candidato,Pendiente de revisión conceptual y estadística
IRCOCYFU,AGE/DATE OF FIRST DRUG USE,Predictor candidato,63,0.0,Predictor candidato,Pendiente de revisión conceptual y estadística
IICOCYFU,AGE/DATE OF FIRST DRUG USE,Predictor candidato,3,0.0,Predictor candidato,Pendiente de revisión conceptual y estadística
IRCRKAGE,AGE/DATE OF FIRST DRUG USE,Predictor candidato,50,0.0,Predictor candidato,Pendiente de revisión conceptual y estadística
IICRKAGE,AGE/DATE OF FIRST DRUG USE,Predictor candidato,3,0.0,Predictor candidato,Pendiente de revisión conceptual y estadística
IRCRKYFU,AGE/DATE OF FIRST DRUG USE,Predictor candidato,56,0.0,Predictor candidato,Pendiente de revisión conceptual y estadística
IICRKYFU,AGE/DATE OF FIRST DRUG USE,Predictor candidato,3,0.0,Predictor candidato,Pendiente de revisión conceptual y estadística
IRHERAGE,AGE/DATE OF FIRST DRUG USE,Predictor candidato,49,0.0,Predictor candidato,Pendiente de revisión conceptual y estadística
IIHERAGE,AGE/DATE OF FIRST DRUG USE,Predictor candidato,3,0.0,Predictor candidato,Pendiente de revisión conceptual y estadística
IRHERYFU,AGE/DATE OF FIRST DRUG USE,Predictor candidato,63,0.0,Predictor candidato,Pendiente de revisión conceptual y estadística
IIHERYFU,AGE/DATE OF FIRST DRUG USE,Predictor candidato,3,0.0,Predictor candidato,Pendiente de revisión conceptual y estadística
IRHALLUCAGE,AGE/DATE OF FIRST DRUG USE,Predictor candidato,66,0.0,Predictor candidato,Pendiente de revisión conceptual y estadística
IIHALLUCAGE,AGE/DATE OF FIRST DRUG USE,Predictor candidato,4,0.0,Predictor candidato,Pendiente de revisión conceptual y estadística
IRHALLUCYFU,AGE/DATE OF FIRST DRUG USE,Predictor candidato,69,0.0,Predictor candidato,Pendiente de revisión conceptual y estadística
IIHALLUCYFU,AGE/DATE OF FIRST DRUG USE,Predictor candidato,4,0.0,Predictor candidato,Pendiente de revisión conceptual y estadística
IRLSDAGE,AGE/DATE OF FIRST DRUG USE,Predictor candidato,52,0.0,Predictor candidato,Pendiente de revisión conceptual y estadística
IILSDAGE,AGE/DATE OF FIRST DRUG USE,Predictor candidato,4,0.0,Predictor candidato,Pendiente de revisión conceptual y estadística
IRLSDYFU,AGE/DATE OF FIRST DRUG USE,Predictor candidato,66,0.0,Predictor candidato,Pendiente de revisión conceptual y estadística
IILSDYFU,AGE/DATE OF FIRST DRUG USE,Predictor candidato,4,0.0,Predictor candidato,Pendiente de revisión conceptual y estadística
IRPCPAGE,AGE/DATE OF FIRST DRUG USE,Predictor candidato,40,0.0,Predictor candidato,Pendiente de revisión conceptual y estadística
IIPCPAGE,AGE/DATE OF FIRST DRUG USE,Predictor candidato,3,0.0,Predictor candidato,Pendiente de revisión conceptual y estadística
IRPCPYFU,AGE/DATE OF FIRST DRUG USE,Predictor candidato,61,0.0,Predictor candidato,Pendiente de revisión conceptual y estadística
IIPCPYFU,AGE/DATE OF FIRST DRUG USE,Predictor candidato,3,0.0,Predictor candidato,Pendiente de revisión conceptual y estadística
IRECSTMOAGE,AGE/DATE OF FIRST DRUG USE,Predictor candidato,53,0.0,Predictor candidato,Pendiente de revisión conceptual y estadística
IIECSTMOAGE,AGE/DATE OF FIRST DRUG USE,Predictor candidato,3,0.0,Predictor candidato,Pendiente de revisión conceptual y estadística
IRECSTMOYFU,AGE/DATE OF FIRST DRUG USE,Predictor candidato,60,0.0,Predictor candidato,Pendiente de revisión conceptual y estadística
IIECSTMOYFU,AGE/DATE OF FIRST DRUG USE,Predictor candidato,3,0.0,Predictor candidato,Pendiente de revisión conceptual y estadística
IRINHALAGE2,AGE/DATE OF FIRST DRUG USE,Predictor candidato,54,0.0,Predictor candidato,Pendiente de revisión conceptual y estadística
IIINHALAGE2,AGE/DATE OF FIRST DRUG USE,Predictor candidato,3,0.0,Predictor candidato,Pendiente de revisión conceptual y estadística
IRINHALYFU2,AGE/DATE OF FIRST DRUG USE,Predictor candidato,70,0.0,Predictor candidato,Pendiente de revisión conceptual y estadística
IIINHALYFU2,AGE/DATE OF FIRST DRUG USE,Predictor candidato,3,0.0,Predictor candidato,Pendiente de revisión conceptual y estadística
IRMETHAMAGE,AGE/DATE OF FIRST DRUG USE,Predictor candidato,61,0.0,Predictor candidato,Pendiente de revisión conceptual y estadística
IIMETHAMAGE,AGE/DATE OF FIRST DRUG USE,Predictor candidato,3,0.0,Predictor candidato,Pendiente de revisión conceptual y estadística
IRMETHAMYFU,AGE/DATE OF FIRST DRUG USE,Predictor candidato,64,0.0,Predictor candidato,Pendiente de revisión conceptual y estadística
IIMETHAMYFU,AGE/DATE OF FIRST DRUG USE,Predictor candidato,3,0.0,Predictor candidato,Pendiente de revisión conceptual y estadística
IRPNRNMINIT,AGE/DATE OF FIRST DRUG USE,Predictor candidato,4,0.0,Predictor candidato,Pendiente de revisión conceptual y estadística
IIPNRNMINIT,AGE/DATE OF FIRST DRUG USE,Predictor candidato,3,0.0,Predictor candidato,Pendiente de revisión conceptual y estadística
IRTRQNMINIT,AGE/DATE OF FIRST DRUG USE,Predictor candidato,4,0.0,Predictor candidato,Pendiente de revisión conceptual y estadística
IITRQNMINIT,AGE/DATE OF FIRST DRUG USE,Predictor candidato,3,0.0,Predictor candidato,Pendiente de revisión conceptual y estadística
IRSTMNMINIT,AGE/DATE OF FIRST DRUG USE,Predictor candidato,4,0.0,Predictor candidato,Pendiente de revisión conceptual y estadística
IISTMNMINIT,AGE/DATE OF FIRST DRUG USE,Predictor candidato,2,0.0,Predictor candidato,Pendiente de revisión conceptual y estadística
IRSEDNMINIT,AGE/DATE OF FIRST DRUG USE,Predictor candidato,4,0.0,Predictor candidato,Pendiente de revisión conceptual y estadística
IISEDNMINIT,AGE/DATE OF FIRST DRUG USE,Predictor candidato,2,0.0,Predictor candidato,Pendiente de revisión conceptual y estadística
IRPNRNMYFU,AGE/DATE OF FIRST DRUG USE,Predictor candidato,4,0.0,Predictor candidato,Pendiente de revisión conceptual y estadística
IIPNRNMYFU,AGE/DATE OF FIRST DRUG USE,Predictor candidato,4,0.0,Predictor candidato,Pendiente de revisión conceptual y estadística
IRPNRNMAGE,AGE/DATE OF FIRST DRUG USE,Predictor candidato,64,0.0,Predictor candidato,Pendiente de revisión conceptual y estadística
IIPNRNMAGE,AGE/DATE OF FIRST DRUG USE,Predictor candidato,4,0.0,Predictor candidato,Pendiente de revisión conceptual y estadística
IRTRQNMYFU,AGE/DATE OF FIRST DRUG USE,Predictor candidato,4,0.0,Predictor candidato,Pendiente de revisión conceptual y estadística
IITRQNMYFU,AGE/DATE OF FIRST DRUG USE,Predictor candidato,4,0.0,Predictor candidato,Pendiente de revisión conceptual y estadística
IRTRQNMAGE,AGE/DATE OF FIRST DRUG USE,Predictor candidato,51,0.0,Predictor candidato,Pendiente de revisión conceptual y estadística
IITRQNMAGE,AGE/DATE OF FIRST DRUG USE,Predictor candidato,4,0.0,Predictor candidato,Pendiente de revisión conceptual y estadística
IRSTMNMYFU,AGE/DATE OF FIRST DRUG USE,Predictor candidato,4,0.0,Predictor candidato,Pendiente de revisión conceptual y estadística
IISTMNMYFU,AGE/DATE OF FIRST DRUG USE,Predictor candidato,4,0.0,Predictor candidato,Pendiente de revisión conceptual y estadística
IRSTMNMAGE,AGE/DATE OF FIRST DRUG USE,Predictor candidato,32,0.0,Predictor candidato,Pendiente de revisión conceptual y estadística
IISTMNMAGE,AGE/DATE OF FIRST DRUG USE,Predictor candidato,4,0.0,Predictor candidato,Pendiente de revisión conceptual y estadística
IRSEDNMYFU,AGE/DATE OF FIRST DRUG USE,Predictor candidato,4,0.0,Predictor candidato,Pendiente de revisión conceptual y estadística
IISEDNMYFU,AGE/DATE OF FIRST DRUG USE,Predictor candidato,4,0.0,Predictor candidato,Pendiente de revisión conceptual y estadística
IRSEDNMAGE,AGE/DATE OF FIRST DRUG USE,Predictor candidato,25,0.0,Predictor candidato,Pendiente de revisión conceptual y estadística
IISEDNMAGE,AGE/DATE OF FIRST DRUG USE,Predictor candidato,4,0.0,Predictor candidato,Pendiente de revisión conceptual y estadística
CIGFLAG,RECODED DRUG USE,Predictor candidato,2,0.0,Predictor candidato,Pendiente de revisión conceptual y estadística
CIGYR,RECODED DRUG USE,Predictor candidato,2,0.0,Predictor candidato,Pendiente de revisión conceptual y estadística
CIGMON,RECODED DRUG USE,Predictor candidato,2,0.0,Predictor candidato,Pendiente de revisión conceptual y estadística
CGRFLAG,RECODED DRUG USE,Predictor candidato,2,0.0,Predictor candidato,Pendiente de revisión conceptual y estadística
CGRYR,RECODED DRUG USE,Predictor candidato,2,0.0,Predictor candidato,Pendiente de revisión conceptual y estadística
CGRMON,RECODED DRUG USE,Predictor candidato,2,0.0,Predictor candidato,Pendiente de revisión conceptual y estadística
PIPFLAG,RECODED DRUG USE,Predictor candidato,2,0.0,Predictor candidato,Pendiente de revisión conceptual y estadística
PIPMON,RECODED DRUG USE,Predictor candidato,2,0.0,Predictor candidato,Pendiente de revisión conceptual y estadística
SMKLSSFLAG,RECODED DRUG USE,Predictor candidato,2,0.0,Predictor candidato,Pendiente de revisión conceptual y estadística
SMKLSSYR,RECODED DRUG USE,Predictor candidato,2,0.0,Predictor candidato,Pendiente de revisión conceptual y estadística
SMKLSSMON,RECODED DRUG USE,Predictor candidato,2,0.0,Predictor candidato,Pendiente de revisión conceptual y estadística
TOBCIGONL,RECODED DRUG USE,Predictor candidato,4,0.0,Predictor candidato,Pendiente de revisión conceptual y estadística
TOBFLAG,RECODED DRUG USE,Predictor candidato,2,0.0,Predictor candidato,Pendiente de revisión conceptual y estadística
TOBYR,RECODED DRUG USE,Predictor candidato,2,0.0,Predictor candidato,Pendiente de revisión conceptual y estadística
TOBMON,RECODED DRUG USE,Predictor candidato,2,0.0,Predictor candidato,Pendiente de revisión conceptual y estadística
NICVAPFLAG,RECODED DRUG USE,Predictor candidato,2,0.0,Predictor candidato,Pendiente de revisión conceptual y estadística
NICVAPYR,RECODED DRUG USE,Predictor candidato,2,0.0,Predictor candidato,Pendiente de revisión conceptual y estadística
NICVAPMON,RECODED DRUG USE,Predictor candidato,2,0.0,Predictor candidato,Pendiente de revisión conceptual y estadística
TOBVNICFLAG,RECODED DRUG USE,Predictor candidato,2,0.0,Predictor candidato,Pendiente de revisión conceptual y estadística
TOBVNICYR,RECODED DRUG USE,Predictor candidato,2,0.0,Predictor candidato,Pendiente de revisión conceptual y estadística
TOBVNICMON,RECODED DRUG USE,Predictor candidato,2,0.0,Predictor candidato,Pendiente de revisión conceptual y estadística
TOBVAPONL2,RECODED DRUG USE,Predictor candidato,4,0.0,Predictor candidato,Pendiente de revisión conceptual y estadística
TOBCIGVAP2,RECODED DRUG USE,Predictor candidato,4,0.0,Predictor candidato,Pendiente de revisión conceptual y estadística
ALCFLAG,RECODED DRUG USE,Predictor candidato,2,0.0,Predictor candidato,Pendiente de revisión conceptual y estadística
ALCYR,RECODED DRUG USE,Predictor candidato,2,0.0,Predictor candidato,Pendiente de revisión conceptual y estadística
ALCMON,RECODED DRUG USE,Predictor candidato,2,0.0,Predictor candidato,Pendiente de revisión conceptual y estadística
CBDHMPFLAG,RECODED DRUG USE,Predictor candidato,2,0.0,Predictor candidato,Pendiente de revisión conceptual y estadística
CBDHMPYR,RECODED DRUG USE,Predictor candidato,2,0.0,Predictor candidato,Pendiente de revisión conceptual y estadística
CBDHMPMON,RECODED DRUG USE,Predictor candidato,2,0.0,Predictor candidato,Pendiente de revisión conceptual y estadística
MRJFLAG,RECODED DRUG USE,Predictor candidato,2,0.0,Predictor candidato,Pendiente de revisión conceptual y estadística
MRJYR,RECODED DRUG USE,Predictor candidato,2,0.0,Predictor candidato,Pendiente de revisión conceptual y estadística
MRJMON,RECODED DRUG USE,Predictor candidato,2,0.0,Predictor candidato,Pendiente de revisión conceptual y estadística
MJSMKYR,RECODED DRUG USE,Predictor candidato,2,0.0,Predictor candidato,Pendiente de revisión conceptual y estadística
MJVAPFLAG,RECODED DRUG USE,Predictor candidato,2,0.0,Predictor candidato,Pendiente de revisión conceptual y estadística
MJVAPYR,RECODED DRUG USE,Predictor candidato,2,0.0,Predictor candidato,Pendiente de revisión conceptual y estadística
MJDABYR,RECODED DRUG USE,Predictor candidato,2,0.0,Predictor candidato,Pendiente de revisión conceptual y estadística
MJEATYR,RECODED DRUG USE,Predictor candidato,2,0.0,Predictor candidato,Pendiente de revisión conceptual y estadística
MJMTHYR,RECODED DRUG USE,Predictor candidato,2,0.0,Predictor candidato,Pendiente de revisión conceptual y estadística
MJSKNYR,RECODED DRUG USE,Predictor candidato,2,0.0,Predictor candidato,Pendiente de revisión conceptual y estadística
MJPLLYR,RECODED DRUG USE,Predictor candidato,2,0.0,Predictor candidato,Pendiente de revisión conceptual y estadística
MJOTHYR,RECODED DRUG USE,Predictor candidato,2,0.0,Predictor candidato,Pendiente de revisión conceptual y estadística
MJCMOTHYR,RECODED DRUG USE,Predictor candidato,2,0.0,Predictor candidato,Pendiente de revisión conceptual y estadística
MJSMKMON,RECODED DRUG USE,Predictor candidato,2,0.0,Predictor candidato,Pendiente de revisión conceptual y estadística
MJVAPMON,RECODED DRUG USE,Predictor candidato,2,0.0,Predictor candidato,Pendiente de revisión conceptual y estadística
MRJMONVAP2,RECODED DRUG USE,Predictor candidato,3,0.0,Predictor candidato,Pendiente de revisión conceptual y estadística
MJDABMON,RECODED DRUG USE,Predictor candidato,2,0.0,Predictor candidato,Pendiente de revisión conceptual y estadística
MJEATMON,RECODED DRUG USE,Predictor candidato,2,0.0,Predictor candidato,Pendiente de revisión conceptual y estadística
MJMTHMON,RECODED DRUG USE,Predictor candidato,2,0.0,Predictor candidato,Pendiente de revisión conceptual y estadística
MJSKNMON,RECODED DRUG USE,Predictor candidato,2,0.0,Predictor candidato,Pendiente de revisión conceptual y estadística
MJPLLMON,RECODED DRUG USE,Predictor candidato,2,0.0,Predictor candidato,Pendiente de revisión conceptual y estadística
MJCMOTHMON,RECODED DRUG USE,Predictor candidato,2,0.0,Predictor candidato,Pendiente de revisión conceptual y estadística
COCFLAG,RECODED DRUG USE,Predictor candidato,2,0.0,Predictor candidato,Pendiente de revisión conceptual y estadística
COCYR,RECODED DRUG USE,Predictor candidato,2,0.0,Predictor candidato,Pendiente de revisión conceptual y estadística
COCMON,RECODED DRUG USE,Predictor candidato,2,0.0,Predictor candidato,Pendiente de revisión conceptual y estadística
CRKFLAG,RECODED DRUG USE,Predictor candidato,2,0.0,Predictor candidato,Pendiente de revisión conceptual y estadística
CRKYR,RECODED DRUG USE,Predictor candidato,2,0.0,Predictor candidato,Pendiente de revisión conceptual y estadística
CRKMON,RECODED DRUG USE,Predictor candidato,2,0.0,Predictor candidato,Pendiente de revisión conceptual y estadística
HERFLAG,RECODED DRUG USE,Predictor candidato,2,0.0,Predictor candidato,Pendiente de revisión conceptual y estadística
HERYR,RECODED DRUG USE,Predictor candidato,2,0.0,Predictor candidato,Pendiente de revisión conceptual y estadística
HERMON,RECODED DRUG USE,Predictor candidato,2,0.0,Predictor candidato,Pendiente de revisión conceptual y estadística
HALLUCFLAG,RECODED DRUG USE,Predictor candidato,2,0.0,Predictor candidato,Pendiente de revisión conceptual y estadística
HALLUCYR,RECODED DRUG USE,Predictor candidato,2,0.0,Predictor candidato,Pendiente de revisión conceptual y estadística
HALLUCMON,RECODED DRUG USE,Predictor candidato,2,0.0,Predictor candidato,Pendiente de revisión conceptual y estadística
LSDFLAG,RECODED DRUG USE,Predictor candidato,2,0.0,Predictor candidato,Pendiente de revisión conceptual y estadística
LSDYR,RECODED DRUG USE,Predictor candidato,2,0.0,Predictor candidato,Pendiente de revisión conceptual y estadística
LSDMON,RECODED DRUG USE,Predictor candidato,2,0.0,Predictor candidato,Pendiente de revisión conceptual y estadística
PCPFLAG,RECODED DRUG USE,Predictor candidato,2,0.0,Predictor candidato,Pendiente de revisión conceptual y estadística
PCPYR,RECODED DRUG USE,Predictor candidato,2,0.0,Predictor candidato,Pendiente de revisión conceptual y estadística
PCPMON,RECODED DRUG USE,Predictor candidato,2,0.0,Predictor candidato,Pendiente de revisión conceptual y estadística
PSILCYFLAG,RECODED DRUG USE,Predictor candidato,2,0.0,Predictor candidato,Pendiente de revisión conceptual y estadística
PSILCYYR,RECODED DRUG USE,Predictor candidato,2,0.0,Predictor candidato,Pendiente de revisión conceptual y estadística
PSILCYMON,RECODED DRUG USE,Predictor candidato,2,0.0,Predictor candidato,Pendiente de revisión conceptual y estadística
ECSTMOFLAG,RECODED DRUG USE,Predictor candidato,2,0.0,Predictor candidato,Pendiente de revisión conceptual y estadística
ECSTMOYR,RECODED DRUG USE,Predictor candidato,2,0.0,Predictor candidato,Pendiente de revisión conceptual y estadística
ECSTMOMON,RECODED DRUG USE,Predictor candidato,2,0.0,Predictor candidato,Pendiente de revisión conceptual y estadística
DAMTFXFLAG,RECODED DRUG USE,Predictor candidato,2,0.0,Predictor candidato,Pendiente de revisión conceptual y estadística
DAMTFXYR,RECODED DRUG USE,Predictor candidato,2,0.0,Predictor candidato,Pendiente de revisión conceptual y estadística
DAMTFXMON,RECODED DRUG USE,Predictor candidato,2,0.0,Predictor candidato,Pendiente de revisión conceptual y estadística
KETMINFLAG,RECODED DRUG USE,Predictor candidato,2,0.0,Predictor candidato,Pendiente de revisión conceptual y estadística
KETMINYR,RECODED DRUG USE,Predictor candidato,2,0.0,Predictor candidato,Pendiente de revisión conceptual y estadística
KETMINMON,RECODED DRUG USE,Predictor candidato,2,0.0,Predictor candidato,Pendiente de revisión conceptual y estadística
SALVIAFLAG,RECODED DRUG USE,Predictor candidato,2,0.0,Predictor candidato,Pendiente de revisión conceptual y estadística
SALVIAYR,RECODED DRUG USE,Predictor candidato,2,0.0,Predictor candidato,Pendiente de revisión conceptual y estadística
SALVIAMON,RECODED DRUG USE,Predictor candidato,2,0.0,Predictor candidato,Pendiente de revisión conceptual y estadística
INHALFLAG2,RECODED DRUG USE,Predictor candidato,2,0.0,Predictor candidato,Pendiente de revisión conceptual y estadística
INHALYR2,RECODED DRUG USE,Predictor candidato,2,0.0,Predictor candidato,Pendiente de revisión conceptual y estadística
INHALMON2,RECODED DRUG USE,Predictor candidato,2,0.0,Predictor candidato,Pendiente de revisión conceptual y estadística
METHAMFLAG,RECODED DRUG USE,Predictor candidato,2,0.0,Predictor candidato,Pendiente de revisión conceptual y estadística
METHAMYR,RECODED DRUG USE,Predictor candidato,2,0.0,Predictor candidato,Pendiente de revisión conceptual y estadística
METHAMMON,RECODED DRUG USE,Predictor candidato,2,0.0,Predictor candidato,Pendiente de revisión conceptual y estadística
PNRANYFLAG2,RECODED DRUG USE,Predictor candidato,2,0.0,Predictor candidato,Pendiente de revisión conceptual y estadística
PNRANYYR2,RECODED DRUG USE,Predictor candidato,2,0.0,Predictor candidato,Pendiente de revisión conceptual y estadística
OXYCNANYYR2,RECODED DRUG USE,Predictor candidato,2,0.0,Predictor candidato,Pendiente de revisión conceptual y estadística
TRQANYFLAG,RECODED DRUG USE,Predictor candidato,2,0.0,Predictor candidato,Pendiente de revisión conceptual y estadística
TRQANYYR,RECODED DRUG USE,Predictor candidato,2,0.0,Predictor candidato,Pendiente de revisión conceptual y estadística
STMANYFLAG,RECODED DRUG USE,Predictor candidato,2,0.0,Predictor candidato,Pendiente de revisión conceptual y estadística
STMANYYR,RECODED DRUG USE,Predictor candidato,2,0.0,Predictor candidato,Pendiente de revisión conceptual y estadística
SEDANYFLAG,RECODED DRUG USE,Predictor candidato,2,0.0,Predictor candidato,Pendiente de revisión conceptual y estadística
SEDANYYR,RECODED DRUG USE,Predictor candidato,2,0.0,Predictor candidato,Pendiente de revisión conceptual y estadística
TQSDANYFLG,RECODED DRUG USE,Predictor candidato,2,0.0,Predictor candidato,Pendiente de revisión conceptual y estadística
TQSDANYYR,RECODED DRUG USE,Predictor candidato,2,0.0,Predictor candidato,Pendiente de revisión conceptual y estadística
BZOANYYR,RECODED DRUG USE,Predictor candidato,2,0.101,Predictor candidato,Pendiente de revisión conceptual y estadística
PSYANYFLAG2,RECODED DRUG USE,Predictor candidato,2,0.0,Predictor candidato,Pendiente de revisión conceptual y estadística
PSYANYYR2,RECODED DRUG USE,Predictor candidato,2,0.0,Predictor candidato,Pendiente de revisión conceptual y estadística
OPIANYYR2,RECODED DRUG USE,Predictor candidato,2,0.0,Predictor candidato,Pendiente de revisión conceptual y estadística
CNSANYYR,RECODED DRUG USE,Predictor candidato,2,0.0,Predictor candidato,Pendiente de revisión conceptual y estadística
PNRNMFLAG,RECODED DRUG USE,Predictor candidato,2,0.0,Predictor candidato,Pendiente de revisión conceptual y estadística
PNRNMYR,RECODED DRUG USE,Predictor candidato,2,0.0,Predictor candidato,Pendiente de revisión conceptual y estadística
PNRNMMON,RECODED DRUG USE,Predictor candidato,2,0.0,Predictor candidato,Pendiente de revisión conceptual y estadística
OXYCNNMYR,RECODED DRUG USE,Predictor candidato,2,0.0,Predictor candidato,Pendiente de revisión conceptual y estadística
TRQNMFLAG,RECODED DRUG USE,Predictor candidato,2,0.0,Predictor candidato,Pendiente de revisión conceptual y estadística
TRQNMYR,RECODED DRUG USE,Predictor candidato,2,0.0,Predictor candidato,Pendiente de revisión conceptual y estadística
TRQNMMON,RECODED DRUG USE,Predictor candidato,2,0.0,Predictor candidato,Pendiente de revisión conceptual y estadística
STMNMFLAG,RECODED DRUG USE,Predictor candidato,2,0.0,Predictor candidato,Pendiente de revisión conceptual y estadística
STMNMYR,RECODED DRUG USE,Predictor candidato,2,0.0,Predictor candidato,Pendiente de revisión conceptual y estadística
STMNMMON,RECODED DRUG USE,Predictor candidato,2,0.0,Predictor candidato,Pendiente de revisión conceptual y estadística
SEDNMFLAG,RECODED DRUG USE,Predictor candidato,2,0.0,Predictor candidato,Pendiente de revisión conceptual y estadística
SEDNMYR,RECODED DRUG USE,Predictor candidato,2,0.0,Predictor candidato,Pendiente de revisión conceptual y estadística
SEDNMMON,RECODED DRUG USE,Predictor candidato,2,0.0,Predictor candidato,Pendiente de revisión conceptual y estadística
TQSDNMFLAG,RECODED DRUG USE,Predictor candidato,2,0.0,Predictor candidato,Pendiente de revisión conceptual y estadística
TQSDNMYR,RECODED DRUG USE,Predictor candidato,2,0.0,Predictor candidato,Pendiente de revisión conceptual y estadística
TQSDNMMON,RECODED DRUG USE,Predictor candidato,2,0.0,Predictor candidato,Pendiente de revisión conceptual y estadística
BZONMYR,RECODED DRUG USE,Predictor candidato,2,0.017,Predictor candidato,Pendiente de revisión conceptual y estadística
PSYCHFLAG,RECODED DRUG USE,Predictor candidato,2,0.0,Predictor candidato,Pendiente de revisión conceptual y estadística
PSYCHYR,RECODED DRUG USE,Predictor candidato,2,0.0,Predictor candidato,Pendiente de revisión conceptual y estadística
PSYCHMON,RECODED DRUG USE,Predictor candidato,2,0.0,Predictor candidato,Pendiente de revisión conceptual y estadística
OPINMYR2,RECODED DRUG USE,Predictor candidato,2,0.0,Predictor candidato,Pendiente de revisión conceptual y estadística
OPINMMON2,RECODED DRUG USE,Predictor candidato,2,0.0,Predictor candidato,Pendiente de revisión conceptual y estadística
HERRXOPYR,RECODED DRUG USE,Predictor candidato,4,0.0,Predictor candidato,Pendiente de revisión conceptual y estadística
CNSNMYR,RECODED DRUG USE,Predictor candidato,2,0.0,Predictor candidato,Pendiente de revisión conceptual y estadística
CNSNMMON,RECODED DRUG USE,Predictor candidato,2,0.0,Predictor candidato,Pendiente de revisión conceptual y estadística
ILLFLAG,RECODED DRUG USE,Predictor candidato,2,0.0,Predictor candidato,Pendiente de revisión conceptual y estadística
ILLYR,RECODED DRUG USE,Predictor candidato,2,0.0,Predictor candidato,Pendiente de revisión conceptual y estadística
ILLMON,RECODED DRUG USE,Predictor candidato,2,0.0,Predictor candidato,Pendiente de revisión conceptual y estadística
MJONLYFLAG2,RECODED DRUG USE,Predictor candidato,2,0.0,Predictor candidato,Pendiente de revisión conceptual y estadística
MJONLYYR2,RECODED DRUG USE,Predictor candidato,2,0.0,Predictor candidato,Pendiente de revisión conceptual y estadística
MJONLYMON2,RECODED DRUG USE,Predictor candidato,2,0.0,Predictor candidato,Pendiente de revisión conceptual y estadística
ILLEMFLAG2,RECODED DRUG USE,Predictor candidato,2,0.0,Predictor candidato,Pendiente de revisión conceptual y estadística
ILLEMYR2,RECODED DRUG USE,Predictor candidato,2,0.0,Predictor candidato,Pendiente de revisión conceptual y estadística
ILLEMMON2,RECODED DRUG USE,Predictor candidato,2,0.0,Predictor candidato,Pendiente de revisión conceptual y estadística
CDUFLAG,RECODED DRUG USE,Predictor candidato,2,0.0,Predictor candidato,Pendiente de revisión conceptual y estadística
DCIGMON,RECODED DRUG USE,Predictor candidato,2,0.0,Predictor candidato,Pendiente de revisión conceptual y estadística
CDCGMO,RECODED DRUG USE,Predictor candidato,2,0.0,Predictor candidato,Pendiente de revisión conceptual y estadística
CDNOCGMO,RECODED DRUG USE,Predictor candidato,2,0.0,Predictor candidato,Pendiente de revisión conceptual y estadística
BNGDRKMON,RECODED DRUG USE,Predictor candidato,2,0.0,Predictor candidato,Pendiente de revisión conceptual y estadística
HVYDRKMON,RECODED DRUG USE,Predictor candidato,2,0.0,Predictor candidato,Pendiente de revisión conceptual y estadística
ILTOBALCFG,RECODED DRUG USE,Predictor candidato,2,0.0,Predictor candidato,Pendiente de revisión conceptual y estadística
ILTOBALCYR,RECODED DRUG USE,Predictor candidato,2,0.0,Predictor candidato,Pendiente de revisión conceptual y estadística
ILTOBALCMN,RECODED DRUG USE,Predictor candidato,2,0.0,Predictor candidato,Pendiente de revisión conceptual y estadística
ILTOBVAPALC,RECODED DRUG USE,Predictor candidato,2,0.0,Predictor candidato,Pendiente de revisión conceptual y estadística
ILLALCMON,RECODED DRUG USE,Predictor candidato,2,0.0,Predictor candidato,Pendiente de revisión conceptual y estadística
TOBALCFLG,RECODED DRUG USE,Predictor candidato,2,0.0,Predictor candidato,Pendiente de revisión conceptual y estadística
TOBALCYR,RECODED DRUG USE,Predictor candidato,2,0.0,Predictor candidato,Pendiente de revisión conceptual y estadística
TOBALCMN,RECODED DRUG USE,Predictor candidato,2,0.0,Predictor candidato,Pendiente de revisión conceptual y estadística
ILLANDALC,RECODED DRUG USE,Predictor candidato,2,0.0,Predictor candidato,Pendiente de revisión conceptual y estadística
ILLORALC,RECODED DRUG USE,Predictor candidato,2,0.0,Predictor candidato,Pendiente de revisión conceptual y estadística
ILLALCFLG,RECODED DRUG USE,Predictor candidato,2,0.0,Predictor candidato,Pendiente de revisión conceptual y estadística
PEYOTEEVER,RECODED DRUG USE,Predictor candidato,2,0.027,Predictor candidato,Pendiente de revisión conceptual y estadística
MESCEVER,RECODED DRUG USE,Predictor candidato,2,0.042,Predictor candidato,Pendiente de revisión conceptual y estadística
AMYLNIEVER2,RECODED DRUG USE,Predictor candidato,2,0.032,Predictor candidato,Pendiente de revisión conceptual y estadística
CLEFLUEVER2,RECODED DRUG USE,Predictor candidato,2,0.011,Predictor candidato,Pendiente de revisión conceptual y estadística
GASEVER2,RECODED DRUG USE,Predictor candidato,2,0.004,Predictor candidato,Pendiente de revisión conceptual y estadística
GLUEEVER2,RECODED DRUG USE,Predictor candidato,2,0.006,Predictor candidato,Pendiente de revisión conceptual y estadística
ETHEREVER2,RECODED DRUG USE,Predictor candidato,2,0.015,Predictor candidato,Pendiente de revisión conceptual y estadística
SOLVENEVER2,RECODED DRUG USE,Predictor candidato,2,0.013,Predictor candidato,Pendiente de revisión conceptual y estadística
LGASEVER2,RECODED DRUG USE,Predictor candidato,2,0.008,Predictor candidato,Pendiente de revisión conceptual y estadística
NITOXIEVER2,RECODED DRUG USE,Predictor candidato,2,0.023,Predictor candidato,Pendiente de revisión conceptual y estadística
FLTMRKEVER2,RECODED DRUG USE,Predictor candidato,2,0.015,Predictor candidato,Pendiente de revisión conceptual y estadística
SPAINTEVER2,RECODED DRUG USE,Predictor candidato,2,0.008,Predictor candidato,Pendiente de revisión conceptual y estadística
AIRDUSEVER2,RECODED DRUG USE,Predictor candidato,2,0.006,Predictor candidato,Pendiente de revisión conceptual y estadística
OTHAEREVER2,RECODED DRUG USE,Predictor candidato,2,0.013,Predictor candidato,Pendiente de revisión conceptual y estadística
RXHYDCANY2,RECODED DRUG USE,Predictor candidato,2,0.167,Predictor candidato,Pendiente de revisión conceptual y estadística
RXZOHYANY2,RECODED DRUG USE,Predictor candidato,2,0.169,Predictor candidato,Pendiente de revisión conceptual y estadística
RXOXCOANY2,RECODED DRUG USE,Predictor candidato,2,0.178,Predictor candidato,Pendiente de revisión conceptual y estadística
RXTRAMANY2,RECODED DRUG USE,Predictor candidato,2,0.201,Predictor candidato,Pendiente de revisión conceptual y estadística
RXCODEANY2,RECODED DRUG USE,Predictor candidato,2,0.173,Predictor candidato,Pendiente de revisión conceptual y estadística
RXMORPANY2,RECODED DRUG USE,Predictor candidato,2,0.199,Predictor candidato,Pendiente de revisión conceptual y estadística
RXBUPRANY2,RECODED DRUG USE,Predictor candidato,2,0.173,Predictor candidato,Pendiente de revisión conceptual y estadística
RXOXYMANY2,RECODED DRUG USE,Predictor candidato,2,0.18,Predictor candidato,Pendiente de revisión conceptual y estadística
RXDEMEANY2,RECODED DRUG USE,Predictor candidato,2,0.197,Predictor candidato,Pendiente de revisión conceptual y estadística
RXHYDMANY2,RECODED DRUG USE,Predictor candidato,2,0.197,Predictor candidato,Pendiente de revisión conceptual y estadística
RXMTDNANY2,RECODED DRUG USE,Predictor candidato,2,0.197,Predictor candidato,Pendiente de revisión conceptual y estadística
OTHRPNRANY2,RECODED DRUG USE,Predictor candidato,2,1.0,Predictor candidato,Pendiente de revisión conceptual y estadística
RXBZOTANY,RECODED DRUG USE,Predictor candidato,2,0.051,Predictor candidato,Pendiente de revisión conceptual y estadística
RXALPRANY,RECODED DRUG USE,Predictor candidato,2,0.072,Predictor candidato,Pendiente de revisión conceptual y estadística
RXLORAANY,RECODED DRUG USE,Predictor candidato,2,0.078,Predictor candidato,Pendiente de revisión conceptual y estadística
RXCLONANY,RECODED DRUG USE,Predictor candidato,2,0.078,Predictor candidato,Pendiente de revisión conceptual y estadística
RXDIAZANY,RECODED DRUG USE,Predictor candidato,2,0.082,Predictor candidato,Pendiente de revisión conceptual y estadística
RXMRLXANY,RECODED DRUG USE,Predictor candidato,2,0.097,Predictor candidato,Pendiente de revisión conceptual y estadística
RXCYCLANY,RECODED DRUG USE,Predictor candidato,2,0.097,Predictor candidato,Pendiente de revisión conceptual y estadística
RXSOMAANY,RECODED DRUG USE,Predictor candidato,2,0.097,Predictor candidato,Pendiente de revisión conceptual y estadística
OTHRTRQANY,RECODED DRUG USE,Predictor candidato,2,0.104,Predictor candidato,Pendiente de revisión conceptual y estadística
RXAMMEANY,RECODED DRUG USE,Predictor candidato,2,0.036,Predictor candidato,Pendiente de revisión conceptual y estadística
RXAMPHANY,RECODED DRUG USE,Predictor candidato,2,0.044,Predictor candidato,Pendiente de revisión conceptual y estadística
RXMTHPANY,RECODED DRUG USE,Predictor candidato,2,0.049,Predictor candidato,Pendiente de revisión conceptual y estadística
RXANORANY,RECODED DRUG USE,Predictor candidato,2,0.053,Predictor candidato,Pendiente de revisión conceptual y estadística
RXPROVANY,RECODED DRUG USE,Predictor candidato,2,0.053,Predictor candidato,Pendiente de revisión conceptual y estadística
OTHRSTMANY,RECODED DRUG USE,Predictor candidato,2,0.068,Predictor candidato,Pendiente de revisión conceptual y estadística
RXZOLPANY,RECODED DRUG USE,Predictor candidato,2,0.044,Predictor candidato,Pendiente de revisión conceptual y estadística
RXESZOANY,RECODED DRUG USE,Predictor candidato,2,0.049,Predictor candidato,Pendiente de revisión conceptual y estadística
RXZALEANY,RECODED DRUG USE,Predictor candidato,2,0.049,Predictor candidato,Pendiente de revisión conceptual y estadística
RXBZOSANY,RECODED DRUG USE,Predictor candidato,2,0.036,Predictor candidato,Pendiente de revisión conceptual y estadística
RXTRIAANY,RECODED DRUG USE,Predictor candidato,2,0.036,Predictor candidato,Pendiente de revisión conceptual y estadística
RXTEMAANY,RECODED DRUG USE,Predictor candidato,2,0.036,Predictor candidato,Pendiente de revisión conceptual y estadística
RXFLURANY,RECODED DRUG USE,Predictor candidato,2,0.036,Predictor candidato,Pendiente de revisión conceptual y estadística
RXBARBANY,RECODED DRUG USE,Predictor candidato,2,0.051,Predictor candidato,Pendiente de revisión conceptual y estadística
OTHRSEDANY,RECODED DRUG USE,Predictor candidato,2,0.057,Predictor candidato,Pendiente de revisión conceptual y estadística
RXHYDCMIS,RECODED DRUG USE,Predictor candidato,2,0.025,Predictor candidato,Pendiente de revisión conceptual y estadística
RXZOHYMIS,RECODED DRUG USE,Predictor candidato,2,0.021,Predictor candidato,Pendiente de revisión conceptual y estadística
RXOXCOMIS,RECODED DRUG USE,Predictor candidato,2,0.038,Predictor candidato,Pendiente de revisión conceptual y estadística
RXTRAMMIS,RECODED DRUG USE,Predictor candidato,2,0.047,Predictor candidato,Pendiente de revisión conceptual y estadística
RXCODEMIS,RECODED DRUG USE,Predictor candidato,2,0.04,Predictor candidato,Pendiente de revisión conceptual y estadística
RXMORPMIS,RECODED DRUG USE,Predictor candidato,2,0.027,Predictor candidato,Pendiente de revisión conceptual y estadística
RXBUPRMIS,RECODED DRUG USE,Predictor candidato,2,0.03,Predictor candidato,Pendiente de revisión conceptual y estadística
RXOXYMMIS,RECODED DRUG USE,Predictor candidato,2,0.023,Predictor candidato,Pendiente de revisión conceptual y estadística
RXDEMEMIS,RECODED DRUG USE,Predictor candidato,2,0.025,Predictor candidato,Pendiente de revisión conceptual y estadística
RXHYDMMIS,RECODED DRUG USE,Predictor candidato,2,0.025,Predictor candidato,Pendiente de revisión conceptual y estadística
RXMTDNMIS,RECODED DRUG USE,Predictor candidato,2,0.027,Predictor candidato,Pendiente de revisión conceptual y estadística
OTHRPNRMIS,RECODED DRUG USE,Predictor candidato,2,0.129,Predictor candidato,Pendiente de revisión conceptual y estadística
RXBZOTMIS,RECODED DRUG USE,Predictor candidato,2,0.011,Predictor candidato,Pendiente de revisión conceptual y estadística
RXALPRMIS,RECODED DRUG USE,Predictor candidato,2,0.011,Predictor candidato,Pendiente de revisión conceptual y estadística
RXLORAMIS,RECODED DRUG USE,Predictor candidato,2,0.013,Predictor candidato,Pendiente de revisión conceptual y estadística
RXCLONMIS,RECODED DRUG USE,Predictor candidato,2,0.013,Predictor candidato,Pendiente de revisión conceptual y estadística
RXDIAZMIS,RECODED DRUG USE,Predictor candidato,2,0.013,Predictor candidato,Pendiente de revisión conceptual y estadística
RXMRLXMIS,RECODED DRUG USE,Predictor candidato,2,0.023,Predictor candidato,Pendiente de revisión conceptual y estadística
RXCYCLMIS,RECODED DRUG USE,Predictor candidato,2,0.019,Predictor candidato,Pendiente de revisión conceptual y estadística
RXSOMAMIS,RECODED DRUG USE,Predictor candidato,2,0.017,Predictor candidato,Pendiente de revisión conceptual y estadística
OTHRTRQMIS,RECODED DRUG USE,Predictor candidato,2,0.042,Predictor candidato,Pendiente de revisión conceptual y estadística
RXAMMEMIS,RECODED DRUG USE,Predictor candidato,2,0.006,Predictor candidato,Pendiente de revisión conceptual y estadística
RXAMPHMIS,RECODED DRUG USE,Predictor candidato,2,0.008,Predictor candidato,Pendiente de revisión conceptual y estadística
RXMTHPMIS,RECODED DRUG USE,Predictor candidato,2,0.004,Predictor candidato,Pendiente de revisión conceptual y estadística
RXANORMIS,RECODED DRUG USE,Predictor candidato,2,0.002,Predictor candidato,Pendiente de revisión conceptual y estadística
RXPROVMIS,RECODED DRUG USE,Predictor candidato,2,0.002,Predictor candidato,Pendiente de revisión conceptual y estadística
OTHRSTMMIS,RECODED DRUG USE,Predictor candidato,2,0.025,Predictor candidato,Pendiente de revisión conceptual y estadística
RXZOLPMIS,RECODED DRUG USE,Predictor candidato,2,0.0,Predictor candidato,Pendiente de revisión conceptual y estadística
RXESZOMIS,RECODED DRUG USE,Predictor candidato,2,0.002,Predictor candidato,Pendiente de revisión conceptual y estadística
OTHRSEDMIS2,RECODED DRUG USE,Predictor candidato,2,0.034,Predictor candidato,Pendiente de revisión conceptual y estadística
RXBZOSMIS,RECODED DRUG USE,Predictor candidato,2,0.002,Predictor candidato,Pendiente de revisión conceptual y estadística
RXBARBMIS,RECODED DRUG USE,Predictor candidato,2,0.004,Predictor candidato,Pendiente de revisión conceptual y estadística
ALCYDAYS,RECODED DRUG USE,Predictor candidato,6,0.0,Predictor candidato,Pendiente de revisión conceptual y estadística
MRJYDAYS,RECODED DRUG USE,Predictor candidato,6,0.0,Predictor candidato,Pendiente de revisión conceptual y estadística
COCYDAYS,RECODED DRUG USE,Predictor candidato,6,0.0,Predictor candidato,Pendiente de revisión conceptual y estadística
CRKYDAYS,RECODED DRUG USE,Predictor candidato,6,0.0,Predictor candidato,Pendiente de revisión conceptual y estadística
HERYDAYS,RECODED DRUG USE,Predictor candidato,6,0.0,Predictor candidato,Pendiente de revisión conceptual y estadística
HALLNDAYYR,RECODED DRUG USE,Predictor candidato,6,0.0,Predictor candidato,Pendiente de revisión conceptual y estadística
INHNDAYYR2,RECODED DRUG USE,Predictor candidato,6,0.0,Predictor candidato,Pendiente de revisión conceptual y estadística
METHNDAYYR,RECODED DRUG USE,Predictor candidato,6,0.0,Predictor candidato,Pendiente de revisión conceptual y estadística
CIGMDAYS,RECODED DRUG USE,Predictor candidato,6,0.0,Predictor candidato,Pendiente de revisión conceptual y estadística
CGRMDAYS,RECODED DRUG USE,Predictor candidato,5,0.0,Predictor candidato,Pendiente de revisión conceptual y estadística
SMKLSMDAYS,RECODED DRUG USE,Predictor candidato,5,0.0,Predictor candidato,Pendiente de revisión conceptual y estadística
NICVPMDAYS,RECODED DRUG USE,Predictor candidato,5,0.0,Predictor candidato,Pendiente de revisión conceptual y estadística
ALCMDAYS,RECODED DRUG USE,Predictor candidato,5,0.0,Predictor candidato,Pendiente de revisión conceptual y estadística
MRJMDAYS,RECODED DRUG USE,Predictor candidato,5,0.0,Predictor candidato,Pendiente de revisión conceptual y estadística
COCMDAYS,RECODED DRUG USE,Predictor candidato,5,0.0,Predictor candidato,Pendiente de revisión conceptual y estadística
CRKMDAYS,RECODED DRUG USE,Predictor candidato,5,0.0,Predictor candidato,Pendiente de revisión conceptual y estadística
HERMDAYS,RECODED DRUG USE,Predictor candidato,5,0.0,Predictor candidato,Pendiente de revisión conceptual y estadística
HALLNDAYPM,RECODED DRUG USE,Predictor candidato,5,0.0,Predictor candidato,Pendiente de revisión conceptual y estadística
INHNDAYPM2,RECODED DRUG USE,Predictor candidato,5,0.0,Predictor candidato,Pendiente de revisión conceptual y estadística
METHNDAYPM,RECODED DRUG USE,Predictor candidato,5,0.0,Predictor candidato,Pendiente de revisión conceptual y estadística
PNRNDAYPM,RECODED DRUG USE,Predictor candidato,5,0.0,Predictor candidato,Pendiente de revisión conceptual y estadística
TRQNDAYPM,RECODED DRUG USE,Predictor candidato,5,0.0,Predictor candidato,Pendiente de revisión conceptual y estadística
STMNDAYPM,RECODED DRUG USE,Predictor candidato,5,0.0,Predictor candidato,Pendiente de revisión conceptual y estadística
SEDNDAYPM,RECODED DRUG USE,Predictor candidato,5,0.0,Predictor candidato,Pendiente de revisión conceptual y estadística
BNGDRMDAYS,RECODED DRUG USE,Predictor candidato,5,0.0,Predictor candidato,Pendiente de revisión conceptual y estadística
CIGPDAY,RECODED DRUG USE,Predictor candidato,6,0.0,Predictor candidato,Pendiente de revisión conceptual y estadística
CIG1PACK,RECODED DRUG USE,Predictor candidato,2,92.835,Predictor candidato,Pendiente de revisión conceptual y estadística
CIGAVGD,RECODED DRUG USE,Predictor candidato,7,86.182,Predictor candidato,Pendiente de revisión conceptual y estadística
CIGAVGM,RECODED DRUG USE,Predictor candidato,142,86.182,Predictor candidato,Pendiente de revisión conceptual y estadística
ALCNUMDKPM,RECODED DRUG USE,Predictor candidato,199,52.248,Predictor candidato,Pendiente de revisión conceptual y estadística
FUCIG18,RECODED DRUG USE,Predictor candidato,2,0.0,Predictor candidato,Pendiente de revisión conceptual y estadística
FUCIG21,RECODED DRUG USE,Predictor candidato,2,0.0,Predictor candidato,Pendiente de revisión conceptual y estadística
FUCD218,RECODED DRUG USE,Predictor candidato,2,0.0,Predictor candidato,Pendiente de revisión conceptual y estadística
FUCD221,RECODED DRUG USE,Predictor candidato,2,0.0,Predictor candidato,Pendiente de revisión conceptual y estadística
FUCGR18,RECODED DRUG USE,Predictor candidato,2,0.0,Predictor candidato,Pendiente de revisión conceptual y estadística
FUCGR21,RECODED DRUG USE,Predictor candidato,2,0.0,Predictor candidato,Pendiente de revisión conceptual y estadística
FUSMKLSS18,RECODED DRUG USE,Predictor candidato,2,0.0,Predictor candidato,Pendiente de revisión conceptual y estadística
FUSMKLSS21,RECODED DRUG USE,Predictor candidato,2,0.0,Predictor candidato,Pendiente de revisión conceptual y estadística
FUNICVAP18,RECODED DRUG USE,Predictor candidato,2,0.0,Predictor candidato,Pendiente de revisión conceptual y estadística
FUNICVAP21,RECODED DRUG USE,Predictor candidato,2,0.0,Predictor candidato,Pendiente de revisión conceptual y estadística
FUALC18,RECODED DRUG USE,Predictor candidato,2,0.0,Predictor candidato,Pendiente de revisión conceptual y estadística
FUALC21,RECODED DRUG USE,Predictor candidato,2,0.0,Predictor candidato,Pendiente de revisión conceptual y estadística
FUMJ18,RECODED DRUG USE,Predictor candidato,2,0.0,Predictor candidato,Pendiente de revisión conceptual y estadística
FUMJ21,RECODED DRUG USE,Predictor candidato,2,0.0,Predictor candidato,Pendiente de revisión conceptual y estadística
FUCOC18,RECODED DRUG USE,Predictor candidato,2,0.0,Predictor candidato,Pendiente de revisión conceptual y estadística
FUCOC21,RECODED DRUG USE,Predictor candidato,2,0.0,Predictor candidato,Pendiente de revisión conceptual y estadística
FUCRK18,RECODED DRUG USE,Predictor candidato,2,0.0,Predictor candidato,Pendiente de revisión conceptual y estadística
FUCRK21,RECODED DRUG USE,Predictor candidato,2,0.0,Predictor candidato,Pendiente de revisión conceptual y estadística
FUHER18,RECODED DRUG USE,Predictor candidato,2,0.0,Predictor candidato,Pendiente de revisión conceptual y estadística
FUHER21,RECODED DRUG USE,Predictor candidato,2,0.0,Predictor candidato,Pendiente de revisión conceptual y estadística
FUHALLUC18,RECODED DRUG USE,Predictor candidato,2,0.0,Predictor candidato,Pendiente de revisión conceptual y estadística
FUHALLUC21,RECODED DRUG USE,Predictor candidato,2,0.0,Predictor candidato,Pendiente de revisión conceptual y estadística
FULSD18,RECODED DRUG USE,Predictor candidato,2,0.0,Predictor candidato,Pendiente de revisión conceptual y estadística
FULSD21,RECODED DRUG USE,Predictor candidato,2,0.0,Predictor candidato,Pendiente de revisión conceptual y estadística
FUPCP18,RECODED DRUG USE,Predictor candidato,2,0.0,Predictor candidato,Pendiente de revisión conceptual y estadística
FUPCP21,RECODED DRUG USE,Predictor candidato,2,0.0,Predictor candidato,Pendiente de revisión conceptual y estadística
FUECSTMO18,RECODED DRUG USE,Predictor candidato,2,0.0,Predictor candidato,Pendiente de revisión conceptual y estadística
FUECSTMO21,RECODED DRUG USE,Predictor candidato,2,0.0,Predictor candidato,Pendiente de revisión conceptual y estadística
FUINHAL182,RECODED DRUG USE,Predictor candidato,2,0.0,Predictor candidato,Pendiente de revisión conceptual y estadística
FUINHAL212,RECODED DRUG USE,Predictor candidato,2,0.0,Predictor candidato,Pendiente de revisión conceptual y estadística
FUMETHAM18,RECODED DRUG USE,Predictor candidato,2,0.0,Predictor candidato,Pendiente de revisión conceptual y estadística
FUMETHAM21,RECODED DRUG USE,Predictor candidato,2,0.0,Predictor candidato,Pendiente de revisión conceptual y estadística
FUPNRNM18,RECODED DRUG USE,Predictor candidato,2,0.0,Predictor candidato,Pendiente de revisión conceptual y estadística
FUPNRNM21,RECODED DRUG USE,Predictor candidato,2,0.0,Predictor candidato,Pendiente de revisión conceptual y estadística
FUTRQNM18,RECODED DRUG USE,Predictor candidato,2,0.0,Predictor candidato,Pendiente de revisión conceptual y estadística
FUTRQNM21,RECODED DRUG USE,Predictor candidato,2,0.0,Predictor candidato,Pendiente de revisión conceptual y estadística
FUSTMNM18,RECODED DRUG USE,Predictor candidato,2,0.0,Predictor candidato,Pendiente de revisión conceptual y estadística
FUSTMNM21,RECODED DRUG USE,Predictor candidato,2,0.0,Predictor candidato,Pendiente de revisión conceptual y estadística
FUSEDNM21,RECODED DRUG USE,Predictor candidato,2,0.0,Predictor candidato,Pendiente de revisión conceptual y estadística
PNRMAINRSN,RECODED DRUG USE,Predictor candidato,10,0.488,Predictor candidato,Pendiente de revisión conceptual y estadística
TRQMAINRSN,RECODED DRUG USE,Predictor candidato,9,0.383,Predictor candidato,Pendiente de revisión conceptual y estadística
STMMAINRSN,RECODED DRUG USE,Predictor candidato,10,0.457,Predictor candidato,Pendiente de revisión conceptual y estadística
SEDMAINRSN,RECODED DRUG USE,Predictor candidato,7,0.537,Predictor candidato,Pendiente de revisión conceptual y estadística
SRCPNRNM2,RECODED DRUG USE,Predictor candidato,8,97.139,Predictor candidato,Pendiente de revisión conceptual y estadística
SRCTRQNM2,RECODED DRUG USE,Predictor candidato,8,98.448,Predictor candidato,Pendiente de revisión conceptual y estadística
SRCSTMNM2,RECODED DRUG USE,Predictor candidato,8,98.243,Predictor candidato,Pendiente de revisión conceptual y estadística
SRCSEDNM2,RECODED DRUG USE,Predictor candidato,8,99.698,Predictor candidato,Pendiente de revisión conceptual y estadística
SRCFRPNRNM,RECODED DRUG USE,Predictor candidato,8,99.152,Predictor candidato,Pendiente de revisión conceptual y estadística
SRCFRTRQNM,RECODED DRUG USE,Predictor candidato,8,99.372,Predictor candidato,Pendiente de revisión conceptual y estadística
SRCFRSTMNM,RECODED DRUG USE,Predictor candidato,6,99.076,Predictor candidato,Pendiente de revisión conceptual y estadística
SRCFRSEDNM,RECODED DRUG USE,Predictor candidato,3,99.884,Predictor candidato,Pendiente de revisión conceptual y estadística
SRCCLFRPNR,RECODED DRUG USE,Predictor candidato,3,99.152,Predictor candidato,Pendiente de revisión conceptual y estadística
SRCCLFRTRQ,RECODED DRUG USE,Predictor candidato,3,99.372,Predictor candidato,Pendiente de revisión conceptual y estadística
SRCCLFRSTM,RECODED DRUG USE,Predictor candidato,3,99.076,Predictor candidato,Pendiente de revisión conceptual y estadística
SRCCLFRSED,RECODED DRUG USE,Predictor candidato,2,99.884,Predictor candidato,Pendiente de revisión conceptual y estadística
RXOPPRNMMON,RECODED DRUG USE,Predictor candidato,2,0.0,Predictor candidato,Pendiente de revisión conceptual y estadística
NOOPPRANYYR,RECODED DRUG USE,Predictor candidato,2,0.0,Predictor candidato,Pendiente de revisión conceptual y estadística
NOOPPRNMYR,RECODED DRUG USE,Predictor candidato,2,0.0,Predictor candidato,Pendiente de revisión conceptual y estadística
COLDMEDS,SPECIAL DRUGS,Predictor candidato,5,0.0,Predictor candidato,Pendiente de revisión conceptual y estadística
COLDREC,SPECIAL DRUGS,Predictor candidato,7,0.0,Predictor candidato,Pendiente de revisión conceptual y estadística
COLDYR1,SPECIAL DRUGS,Predictor candidato,78,0.0,Predictor candidato,Pendiente de revisión conceptual y estadística
COLDYR2,SPECIAL DRUGS,Predictor candidato,50,0.0,Predictor candidato,Pendiente de revisión conceptual y estadística
COLDYR3,SPECIAL DRUGS,Predictor candidato,26,0.0,Predictor candidato,Pendiente de revisión conceptual y estadística
COLDYR4,SPECIAL DRUGS,Predictor candidato,14,0.0,Predictor candidato,Pendiente de revisión conceptual y estadística
COLDYR5,SPECIAL DRUGS,Predictor candidato,13,0.0,Predictor candidato,Pendiente de revisión conceptual y estadística
OTCFLAG,SPECIAL DRUGS,Predictor candidato,3,0.0,Predictor candidato,Pendiente de revisión conceptual y estadística
GHB,SPECIAL DRUGS,Predictor candidato,5,0.0,Predictor candidato,Pendiente de revisión conceptual y estadística
GHBREC,SPECIAL DRUGS,Predictor candidato,7,0.0,Predictor candidato,Pendiente de revisión conceptual y estadística
COCNEEDL,SPECIAL DRUGS,Predictor candidato,8,0.0,Predictor candidato,Pendiente de revisión conceptual y estadística
CONDLREC,SPECIAL DRUGS,Predictor candidato,8,0.0,Predictor candidato,Pendiente de revisión conceptual y estadística
HERSMOKE,SPECIAL DRUGS,Predictor candidato,8,0.0,Predictor candidato,Pendiente de revisión conceptual y estadística
HRSMKREC,SPECIAL DRUGS,Predictor candidato,7,0.0,Predictor candidato,Pendiente de revisión conceptual y estadística
HERSNIFF,SPECIAL DRUGS,Predictor candidato,8,0.0,Predictor candidato,Pendiente de revisión conceptual y estadística
HRSNFREC,SPECIAL DRUGS,Predictor candidato,10,0.0,Predictor candidato,Pendiente de revisión conceptual y estadística
HERNEEDL,SPECIAL DRUGS,Predictor candidato,7,0.0,Predictor candidato,Pendiente de revisión conceptual y estadística
HEOTSMK,SPECIAL DRUGS,Predictor candidato,8,0.0,Predictor candidato,Pendiente de revisión conceptual y estadística
HEOTSNF,SPECIAL DRUGS,Predictor candidato,8,0.0,Predictor candidato,Pendiente de revisión conceptual y estadística
HEOTNDL,SPECIAL DRUGS,Predictor candidato,8,0.0,Predictor candidato,Pendiente de revisión conceptual y estadística
HEOTOTH,SPECIAL DRUGS,Predictor candidato,8,0.0,Predictor candidato,Pendiente de revisión conceptual y estadística
HEOTSP,SPECIAL DRUGS,Predictor candidato,9,0.0,Predictor candidato,Pendiente de revisión conceptual y estadística
HRNDLREC,SPECIAL DRUGS,Predictor candidato,9,0.0,Predictor candidato,Pendiente de revisión conceptual y estadística
METHNEEDL,SPECIAL DRUGS,Predictor candidato,7,0.0,Predictor candidato,Pendiente de revisión conceptual y estadística
METHNDLRC,SPECIAL DRUGS,Predictor candidato,9,0.0,Predictor candidato,Pendiente de revisión conceptual y estadística
OTDGNEDL,SPECIAL DRUGS,Predictor candidato,5,0.0,Predictor candidato,Pendiente de revisión conceptual y estadística
OTDGNDLA,SPECIAL DRUGS,Predictor candidato,78,0.0,Predictor candidato,Pendiente de revisión conceptual y estadística
OTDGNDLB,SPECIAL DRUGS,Predictor candidato,52,0.0,Predictor candidato,Pendiente de revisión conceptual y estadística
OTDGNDLC,SPECIAL DRUGS,Predictor candidato,37,0.0,Predictor candidato,Pendiente de revisión conceptual y estadística
OTDGNDLD,SPECIAL DRUGS,Predictor candidato,18,0.0,Predictor candidato,Pendiente de revisión conceptual y estadística
OTDGNDLE,SPECIAL DRUGS,Predictor candidato,11,0.0,Predictor candidato,Pendiente de revisión conceptual y estadística
OTDGNDLRC,SPECIAL DRUGS,Predictor candidato,9,0.0,Predictor candidato,Pendiente de revisión conceptual y estadística
GNNDREUS,SPECIAL DRUGS,Predictor candidato,7,0.0,Predictor candidato,Pendiente de revisión conceptual y estadística
GNNDLSH1,SPECIAL DRUGS,Predictor candidato,7,0.0,Predictor candidato,Pendiente de revisión conceptual y estadística
GNNDCLEN,SPECIAL DRUGS,Predictor candidato,7,0.0,Predictor candidato,Pendiente de revisión conceptual y estadística
GNNDLSH2,SPECIAL DRUGS,Predictor candidato,7,0.0,Predictor candidato,Pendiente de revisión conceptual y estadística
GNNDGET2,SPECIAL DRUGS,Predictor candidato,21,0.0,Predictor candidato,Pendiente de revisión conceptual y estadística
IRNPCOLDREC,IMPUTED SPECIAL DRUGS,Predictor candidato,4,0.0,Predictor candidato,Pendiente de revisión conceptual y estadística
IINPCOLDREC,IMPUTED SPECIAL DRUGS,Predictor candidato,3,0.0,Predictor candidato,Pendiente de revisión conceptual y estadística
IRGHBREC,IMPUTED SPECIAL DRUGS,Predictor candidato,4,0.0,Predictor candidato,Pendiente de revisión conceptual y estadística
IIGHBREC,IMPUTED SPECIAL DRUGS,Predictor candidato,3,0.0,Predictor candidato,Pendiente de revisión conceptual y estadística
ANYNDLREC,RECODED SPECIAL DRUGS,Predictor candidato,7,0.0,Predictor candidato,Pendiente de revisión conceptual y estadística
CHMNDLREC,RECODED SPECIAL DRUGS,Predictor candidato,8,0.0,Predictor candidato,Pendiente de revisión conceptual y estadística
HERNEDEVER,RECODED SPECIAL DRUGS,Predictor candidato,2,0.021,Predictor candidato,Pendiente de revisión conceptual y estadística
COCNEDEVER,RECODED SPECIAL DRUGS,Predictor candidato,2,0.093,Predictor candidato,Pendiente de revisión conceptual y estadística
MTHNEDEVER,RECODED SPECIAL DRUGS,Predictor candidato,2,0.042,Predictor candidato,Pendiente de revisión conceptual y estadística
HERSMOEVER,RECODED SPECIAL DRUGS,Predictor candidato,2,0.023,Predictor candidato,Pendiente de revisión conceptual y estadística
HERSNIEVER,RECODED SPECIAL DRUGS,Predictor candidato,2,0.023,Predictor candidato,Pendiente de revisión conceptual y estadística
NPCOLDFLAG,RECODED SPECIAL DRUGS,Predictor candidato,2,0.0,Predictor candidato,Pendiente de revisión conceptual y estadística
NPCOLDYR,RECODED SPECIAL DRUGS,Predictor candidato,2,0.0,Predictor candidato,Pendiente de revisión conceptual y estadística
NPCOLDMON,RECODED SPECIAL DRUGS,Predictor candidato,2,0.0,Predictor candidato,Pendiente de revisión conceptual y estadística
GHBFLAG,RECODED SPECIAL DRUGS,Predictor candidato,2,0.0,Predictor candidato,Pendiente de revisión conceptual y estadística
GHBYR,RECODED SPECIAL DRUGS,Predictor candidato,2,0.0,Predictor candidato,Pendiente de revisión conceptual y estadística
GHBMON,RECODED SPECIAL DRUGS,Predictor candidato,2,0.0,Predictor candidato,Pendiente de revisión conceptual y estadística
UDALTIMEUSE,SUBSTANCE USE DISORDER,Predictor candidato,8,0.0,Predictor candidato,Pendiente de revisión conceptual y estadística
UDALTIMEGET,SUBSTANCE USE DISORDER,Predictor candidato,9,0.0,Predictor candidato,Pendiente de revisión conceptual y estadística
UDALLRGAMTS,SUBSTANCE USE DISORDER,Predictor candidato,8,0.0,Predictor candidato,Pendiente de revisión conceptual y estadística
UDALWANTBAD,SUBSTANCE USE DISORDER,Predictor candidato,8,0.0,Predictor candidato,Pendiente de revisión conceptual y estadística
UDALSTRURGE,SUBSTANCE USE DISORDER,Predictor candidato,9,0.0,Predictor candidato,Pendiente de revisión conceptual y estadística
UDALNEEDMOR,SUBSTANCE USE DISORDER,Predictor candidato,8,0.0,Predictor candidato,Pendiente de revisión conceptual y estadística
UDALLESSEFF,SUBSTANCE USE DISORDER,Predictor candidato,9,0.0,Predictor candidato,Pendiente de revisión conceptual y estadística
UDALTRYSTOP,SUBSTANCE USE DISORDER,Predictor candidato,8,0.0,Predictor candidato,Pendiente de revisión conceptual y estadística
UDALNOTSTOP,SUBSTANCE USE DISORDER,Predictor candidato,9,0.0,Predictor candidato,Pendiente de revisión conceptual y estadística
UDALWSHSTOP,SUBSTANCE USE DISORDER,Predictor candidato,9,0.0,Predictor candidato,Pendiente de revisión conceptual y estadística
UDALHLTHPRB,SUBSTANCE USE DISORDER,Predictor candidato,8,0.0,Predictor candidato,Pendiente de revisión conceptual y estadística
UDALHLTHCTD,SUBSTANCE USE DISORDER,Predictor candidato,9,0.0,Predictor candidato,Pendiente de revisión conceptual y estadística
UDALMNTLPRB,SUBSTANCE USE DISORDER,Predictor candidato,9,0.0,Predictor candidato,Pendiente de revisión conceptual y estadística
UDALMNTLCTD,SUBSTANCE USE DISORDER,Predictor candidato,9,0.0,Predictor candidato,Pendiente de revisión conceptual y estadística
UDALBLCKOUT,SUBSTANCE USE DISORDER,Predictor candidato,9,0.0,Predictor candidato,Pendiente de revisión conceptual y estadística
UDALBLCKCTD,SUBSTANCE USE DISORDER,Predictor candidato,9,0.0,Predictor candidato,Pendiente de revisión conceptual y estadística
UDALSTOPACT,SUBSTANCE USE DISORDER,Predictor candidato,8,0.0,Predictor candidato,Pendiente de revisión conceptual y estadística
UDALWORKPRB,SUBSTANCE USE DISORDER,Predictor candidato,8,0.0,Predictor candidato,Pendiente de revisión conceptual y estadística
UDALFMLYPRB,SUBSTANCE USE DISORDER,Predictor candidato,8,0.0,Predictor candidato,Pendiente de revisión conceptual y estadística
UDALFMLYCTD,SUBSTANCE USE DISORDER,Predictor candidato,8,0.0,Predictor candidato,Pendiente de revisión conceptual y estadística
UDALGETHURT,SUBSTANCE USE DISORDER,Predictor candidato,8,0.0,Predictor candidato,Pendiente de revisión conceptual y estadística
UDALWDSWEAT,SUBSTANCE USE DISORDER,Predictor candidato,8,0.0,Predictor candidato,Pendiente de revisión conceptual y estadística
UDALWDTRMBL,SUBSTANCE USE DISORDER,Predictor candidato,8,0.0,Predictor candidato,Pendiente de revisión conceptual y estadística
UDALWDSLEEP,SUBSTANCE USE DISORDER,Predictor candidato,8,0.0,Predictor candidato,Pendiente de revisión conceptual y estadística
UDALWDVOMIT,SUBSTANCE USE DISORDER,Predictor candidato,8,0.0,Predictor candidato,Pendiente de revisión conceptual y estadística
UDALWDHALUC,SUBSTANCE USE DISORDER,Predictor candidato,8,0.0,Predictor candidato,Pendiente de revisión conceptual y estadística
UDALWDSITST,SUBSTANCE USE DISORDER,Predictor candidato,8,0.0,Predictor candidato,Pendiente de revisión conceptual y estadística
UDALWDFLANX,SUBSTANCE USE DISORDER,Predictor candidato,8,0.0,Predictor candidato,Pendiente de revisión conceptual y estadística
UDALAVOIDWD,SUBSTANCE USE DISORDER,Predictor candidato,8,0.0,Predictor candidato,Pendiente de revisión conceptual y estadística
UDALAVWALCO,SUBSTANCE USE DISORDER,Predictor candidato,9,0.0,Predictor candidato,Pendiente de revisión conceptual y estadística
UDALAVWSVTR,SUBSTANCE USE DISORDER,Predictor candidato,10,0.0,Predictor candidato,Pendiente de revisión conceptual y estadística
UDALAVWOTHR,SUBSTANCE USE DISORDER,Predictor candidato,9,0.0,Predictor candidato,Pendiente de revisión conceptual y estadística
UDMJTIMEUSE,SUBSTANCE USE DISORDER,Predictor candidato,8,0.0,Predictor candidato,Pendiente de revisión conceptual y estadística
UDMJTIMEGET,SUBSTANCE USE DISORDER,Predictor candidato,9,0.0,Predictor candidato,Pendiente de revisión conceptual y estadística
UDMJLRGAMTS,SUBSTANCE USE DISORDER,Predictor candidato,8,0.0,Predictor candidato,Pendiente de revisión conceptual y estadística
UDMJWANTBAD,SUBSTANCE USE DISORDER,Predictor candidato,8,0.0,Predictor candidato,Pendiente de revisión conceptual y estadística
UDMJSTRURGE,SUBSTANCE USE DISORDER,Predictor candidato,9,0.0,Predictor candidato,Pendiente de revisión conceptual y estadística
UDMJNEEDMOR,SUBSTANCE USE DISORDER,Predictor candidato,8,0.0,Predictor candidato,Pendiente de revisión conceptual y estadística
UDMJLESSEFF,SUBSTANCE USE DISORDER,Predictor candidato,9,0.0,Predictor candidato,Pendiente de revisión conceptual y estadística
UDMJTRYSTOP,SUBSTANCE USE DISORDER,Predictor candidato,8,0.0,Predictor candidato,Pendiente de revisión conceptual y estadística
UDMJNOTSTOP,SUBSTANCE USE DISORDER,Predictor candidato,9,0.0,Predictor candidato,Pendiente de revisión conceptual y estadística
UDMJWSHSTOP,SUBSTANCE USE DISORDER,Predictor candidato,9,0.0,Predictor candidato,Pendiente de revisión conceptual y estadística
UDMJHLTHPRB,SUBSTANCE USE DISORDER,Predictor candidato,8,0.0,Predictor candidato,Pendiente de revisión conceptual y estadística
UDMJHLTHCTD,SUBSTANCE USE DISORDER,Predictor candidato,9,0.0,Predictor candidato,Pendiente de revisión conceptual y estadística
UDMJMNTLPRB,SUBSTANCE USE DISORDER,Predictor candidato,9,0.0,Predictor candidato,Pendiente de revisión conceptual y estadística
UDMJMNTLCTD,SUBSTANCE USE DISORDER,Predictor candidato,8,0.0,Predictor candidato,Pendiente de revisión conceptual y estadística
UDMJSTOPACT,SUBSTANCE USE DISORDER,Predictor candidato,8,0.0,Predictor candidato,Pendiente de revisión conceptual y estadística
UDMJWORKPRB,SUBSTANCE USE DISORDER,Predictor candidato,8,0.0,Predictor candidato,Pendiente de revisión conceptual y estadística
UDMJFMLYPRB,SUBSTANCE USE DISORDER,Predictor candidato,8,0.0,Predictor candidato,Pendiente de revisión conceptual y estadística
UDMJFMLYCTD,SUBSTANCE USE DISORDER,Predictor candidato,9,0.0,Predictor candidato,Pendiente de revisión conceptual y estadística
UDMJGETHURT,SUBSTANCE USE DISORDER,Predictor candidato,8,0.0,Predictor candidato,Pendiente de revisión conceptual y estadística
UDMJWDANGRY,SUBSTANCE USE DISORDER,Predictor candidato,8,0.0,Predictor candidato,Pendiente de revisión conceptual y estadística
UDMJWDFLANX,SUBSTANCE USE DISORDER,Predictor candidato,8,0.0,Predictor candidato,Pendiente de revisión conceptual y estadística
UDMJWDSLEEP,SUBSTANCE USE DISORDER,Predictor candidato,8,0.0,Predictor candidato,Pendiente de revisión conceptual y estadística
UDMJWDAPPET,SUBSTANCE USE DISORDER,Predictor candidato,8,0.0,Predictor candidato,Pendiente de revisión conceptual y estadística
UDMJWDSITST,SUBSTANCE USE DISORDER,Predictor candidato,8,0.0,Predictor candidato,Pendiente de revisión conceptual y estadística
UDMJWDDEPRS,SUBSTANCE USE DISORDER,Predictor candidato,8,0.0,Predictor candidato,Pendiente de revisión conceptual y estadística
UDMJWDSTMCH,SUBSTANCE USE DISORDER,Predictor candidato,8,0.0,Predictor candidato,Pendiente de revisión conceptual y estadística
UDMJWDSHAKE,SUBSTANCE USE DISORDER,Predictor candidato,8,0.0,Predictor candidato,Pendiente de revisión conceptual y estadística
UDMJWDSWEAT,SUBSTANCE USE DISORDER,Predictor candidato,8,0.0,Predictor candidato,Pendiente de revisión conceptual y estadística
UDMJWDFEVER,SUBSTANCE USE DISORDER,Predictor candidato,8,0.0,Predictor candidato,Pendiente de revisión conceptual y estadística
UDMJWDCHILL,SUBSTANCE USE DISORDER,Predictor candidato,8,0.0,Predictor candidato,Pendiente de revisión conceptual y estadística
UDMJWDHEDAC,SUBSTANCE USE DISORDER,Predictor candidato,8,0.0,Predictor candidato,Pendiente de revisión conceptual y estadística
UDMJAVOIDWD,SUBSTANCE USE DISORDER,Predictor candidato,8,0.0,Predictor candidato,Pendiente de revisión conceptual y estadística
UDMJAVWMARJ,SUBSTANCE USE DISORDER,Predictor candidato,8,0.0,Predictor candidato,Pendiente de revisión conceptual y estadística
UDMJAVWOTHR,SUBSTANCE USE DISORDER,Predictor candidato,8,0.0,Predictor candidato,Pendiente de revisión conceptual y estadística
UDCCTIMEUSE,SUBSTANCE USE DISORDER,Predictor candidato,8,0.0,Predictor candidato,Pendiente de revisión conceptual y estadística
UDCCTIMEGET,SUBSTANCE USE DISORDER,Predictor candidato,8,0.0,Predictor candidato,Pendiente de revisión conceptual y estadística
UDCCLRGAMTS,SUBSTANCE USE DISORDER,Predictor candidato,9,0.0,Predictor candidato,Pendiente de revisión conceptual y estadística
UDCCWANTBAD,SUBSTANCE USE DISORDER,Predictor candidato,8,0.0,Predictor candidato,Pendiente de revisión conceptual y estadística
UDCCSTRURGE,SUBSTANCE USE DISORDER,Predictor candidato,10,0.0,Predictor candidato,Pendiente de revisión conceptual y estadística
UDCCNEEDMOR,SUBSTANCE USE DISORDER,Predictor candidato,9,0.0,Predictor candidato,Pendiente de revisión conceptual y estadística
UDCCLESSEFF,SUBSTANCE USE DISORDER,Predictor candidato,10,0.0,Predictor candidato,Pendiente de revisión conceptual y estadística
UDCCTRYSTOP,SUBSTANCE USE DISORDER,Predictor candidato,9,0.0,Predictor candidato,Pendiente de revisión conceptual y estadística
UDCCNOTSTOP,SUBSTANCE USE DISORDER,Predictor candidato,8,0.0,Predictor candidato,Pendiente de revisión conceptual y estadística
UDCCWSHSTOP,SUBSTANCE USE DISORDER,Predictor candidato,10,0.0,Predictor candidato,Pendiente de revisión conceptual y estadística
UDCCHLTHPRB,SUBSTANCE USE DISORDER,Predictor candidato,9,0.0,Predictor candidato,Pendiente de revisión conceptual y estadística
UDCCHLTHCTD,SUBSTANCE USE DISORDER,Predictor candidato,8,0.0,Predictor candidato,Pendiente de revisión conceptual y estadística
UDCCMNTLPRB,SUBSTANCE USE DISORDER,Predictor candidato,9,0.0,Predictor candidato,Pendiente de revisión conceptual y estadística
UDCCMNTLCTD,SUBSTANCE USE DISORDER,Predictor candidato,7,0.0,Predictor candidato,Pendiente de revisión conceptual y estadística
UDCCSTOPACT,SUBSTANCE USE DISORDER,Predictor candidato,9,0.0,Predictor candidato,Pendiente de revisión conceptual y estadística
UDCCWORKPRB,SUBSTANCE USE DISORDER,Predictor candidato,8,0.0,Predictor candidato,Pendiente de revisión conceptual y estadística
UDCCFMLYPRB,SUBSTANCE USE DISORDER,Predictor candidato,8,0.0,Predictor candidato,Pendiente de revisión conceptual y estadística
UDCCFMLYCTD,SUBSTANCE USE DISORDER,Predictor candidato,7,0.0,Predictor candidato,Pendiente de revisión conceptual y estadística
UDCCGETHURT,SUBSTANCE USE DISORDER,Predictor candidato,9,0.0,Predictor candidato,Pendiente de revisión conceptual y estadística
UDCCWDFLBLU,SUBSTANCE USE DISORDER,Predictor candidato,9,0.0,Predictor candidato,Pendiente de revisión conceptual y estadística
UDCCWDTIRED,SUBSTANCE USE DISORDER,Predictor candidato,8,0.0,Predictor candidato,Pendiente de revisión conceptual y estadística
UDCCWDDREAM,SUBSTANCE USE DISORDER,Predictor candidato,8,0.0,Predictor candidato,Pendiente de revisión conceptual y estadística
UDCCWDSLEEP,SUBSTANCE USE DISORDER,Predictor candidato,8,0.0,Predictor candidato,Pendiente de revisión conceptual y estadística
UDCCWDHNGRY,SUBSTANCE USE DISORDER,Predictor candidato,8,0.0,Predictor candidato,Pendiente de revisión conceptual y estadística
UDCCWDSITST,SUBSTANCE USE DISORDER,Predictor candidato,8,0.0,Predictor candidato,Pendiente de revisión conceptual y estadística
UDCCAVOIDWD,SUBSTANCE USE DISORDER,Predictor candidato,9,0.0,Predictor candidato,Pendiente de revisión conceptual y estadística
UDCCAVWCOCN,SUBSTANCE USE DISORDER,Predictor candidato,9,0.0,Predictor candidato,Pendiente de revisión conceptual y estadística
UDCCAVWMETH,SUBSTANCE USE DISORDER,Predictor candidato,9,0.0,Predictor candidato,Pendiente de revisión conceptual y estadística
UDCCAVWSTIM,SUBSTANCE USE DISORDER,Predictor candidato,9,0.0,Predictor candidato,Pendiente de revisión conceptual y estadística
UDCCAVWOTHR,SUBSTANCE USE DISORDER,Predictor candidato,9,0.0,Predictor candidato,Pendiente de revisión conceptual y estadística
UDHETIMEUSE,SUBSTANCE USE DISORDER,Predictor candidato,7,0.0,Predictor candidato,Pendiente de revisión conceptual y estadística
UDHETIMEGET,SUBSTANCE USE DISORDER,Predictor candidato,8,0.0,Predictor candidato,Pendiente de revisión conceptual y estadística
UDHELRGAMTS,SUBSTANCE USE DISORDER,Predictor candidato,7,0.0,Predictor candidato,Pendiente de revisión conceptual y estadística
UDHEWANTBAD,SUBSTANCE USE DISORDER,Predictor candidato,7,0.0,Predictor candidato,Pendiente de revisión conceptual y estadística
UDHESTRURGE,SUBSTANCE USE DISORDER,Predictor candidato,9,0.0,Predictor candidato,Pendiente de revisión conceptual y estadística
UDHENEEDMOR,SUBSTANCE USE DISORDER,Predictor candidato,8,0.0,Predictor candidato,Pendiente de revisión conceptual y estadística
UDHELESSEFF,SUBSTANCE USE DISORDER,Predictor candidato,8,0.0,Predictor candidato,Pendiente de revisión conceptual y estadística
UDHETRYSTOP,SUBSTANCE USE DISORDER,Predictor candidato,7,0.0,Predictor candidato,Pendiente de revisión conceptual y estadística
UDHENOTSTOP,SUBSTANCE USE DISORDER,Predictor candidato,8,0.0,Predictor candidato,Pendiente de revisión conceptual y estadística
UDHEWSHSTOP,SUBSTANCE USE DISORDER,Predictor candidato,8,0.0,Predictor candidato,Pendiente de revisión conceptual y estadística
UDHEHLTHPRB,SUBSTANCE USE DISORDER,Predictor candidato,7,0.0,Predictor candidato,Pendiente de revisión conceptual y estadística
UDHEHLTHCTD,SUBSTANCE USE DISORDER,Predictor candidato,7,0.0,Predictor candidato,Pendiente de revisión conceptual y estadística
UDHEMNTLPRB,SUBSTANCE USE DISORDER,Predictor candidato,8,0.0,Predictor candidato,Pendiente de revisión conceptual y estadística
UDHEMNTLCTD,SUBSTANCE USE DISORDER,Predictor candidato,7,0.0,Predictor candidato,Pendiente de revisión conceptual y estadística
UDHESTOPACT,SUBSTANCE USE DISORDER,Predictor candidato,7,0.0,Predictor candidato,Pendiente de revisión conceptual y estadística
UDHEWORKPRB,SUBSTANCE USE DISORDER,Predictor candidato,7,0.0,Predictor candidato,Pendiente de revisión conceptual y estadística
UDHEFMLYPRB,SUBSTANCE USE DISORDER,Predictor candidato,7,0.0,Predictor candidato,Pendiente de revisión conceptual y estadística
UDHEFMLYCTD,SUBSTANCE USE DISORDER,Predictor candidato,7,0.0,Predictor candidato,Pendiente de revisión conceptual y estadística
UDHEGETHURT,SUBSTANCE USE DISORDER,Predictor candidato,7,0.0,Predictor candidato,Pendiente de revisión conceptual y estadística
UDHEWDFLBLU,SUBSTANCE USE DISORDER,Predictor candidato,7,0.0,Predictor candidato,Pendiente de revisión conceptual y estadística
UDHEWDVOMIT,SUBSTANCE USE DISORDER,Predictor candidato,7,0.0,Predictor candidato,Pendiente de revisión conceptual y estadística
UDHEWDCRAMP,SUBSTANCE USE DISORDER,Predictor candidato,7,0.0,Predictor candidato,Pendiente de revisión conceptual y estadística
UDHEWDRUNNY,SUBSTANCE USE DISORDER,Predictor candidato,8,0.0,Predictor candidato,Pendiente de revisión conceptual y estadística
UDHEWDSWEAT,SUBSTANCE USE DISORDER,Predictor candidato,7,0.0,Predictor candidato,Pendiente de revisión conceptual y estadística
UDHEWDDIARR,SUBSTANCE USE DISORDER,Predictor candidato,8,0.0,Predictor candidato,Pendiente de revisión conceptual y estadística
UDHEWDYAWNS,SUBSTANCE USE DISORDER,Predictor candidato,7,0.0,Predictor candidato,Pendiente de revisión conceptual y estadística
UDHEWDFEVER,SUBSTANCE USE DISORDER,Predictor candidato,8,0.0,Predictor candidato,Pendiente de revisión conceptual y estadística
UDHEWDSLEEP,SUBSTANCE USE DISORDER,Predictor candidato,8,0.0,Predictor candidato,Pendiente de revisión conceptual y estadística
UDHEAVOIDWD,SUBSTANCE USE DISORDER,Predictor candidato,7,0.0,Predictor candidato,Pendiente de revisión conceptual y estadística
UDHEAVWHERN,SUBSTANCE USE DISORDER,Predictor candidato,7,0.0,Predictor candidato,Pendiente de revisión conceptual y estadística
UDHEAVWPNRL,SUBSTANCE USE DISORDER,Predictor candidato,8,0.0,Predictor candidato,Pendiente de revisión conceptual y estadística
UDHEAVWOTHR,SUBSTANCE USE DISORDER,Predictor candidato,7,0.0,Predictor candidato,Pendiente de revisión conceptual y estadística
UDHATIMEUSE,SUBSTANCE USE DISORDER,Predictor candidato,8,0.0,Predictor candidato,Pendiente de revisión conceptual y estadística
UDHATIMEGET,SUBSTANCE USE DISORDER,Predictor candidato,9,0.0,Predictor candidato,Pendiente de revisión conceptual y estadística
UDHALRGAMTS,SUBSTANCE USE DISORDER,Predictor candidato,8,0.0,Predictor candidato,Pendiente de revisión conceptual y estadística
UDHAWANTBAD,SUBSTANCE USE DISORDER,Predictor candidato,8,0.0,Predictor candidato,Pendiente de revisión conceptual y estadística
UDHASTRURGE,SUBSTANCE USE DISORDER,Predictor candidato,9,0.0,Predictor candidato,Pendiente de revisión conceptual y estadística
UDHANEEDMOR,SUBSTANCE USE DISORDER,Predictor candidato,8,0.0,Predictor candidato,Pendiente de revisión conceptual y estadística
UDHALESSEFF,SUBSTANCE USE DISORDER,Predictor candidato,9,0.0,Predictor candidato,Pendiente de revisión conceptual y estadística
UDHATRYSTOP,SUBSTANCE USE DISORDER,Predictor candidato,8,0.0,Predictor candidato,Pendiente de revisión conceptual y estadística
UDHANOTSTOP,SUBSTANCE USE DISORDER,Predictor candidato,7,0.0,Predictor candidato,Pendiente de revisión conceptual y estadística
UDHAWSHSTOP,SUBSTANCE USE DISORDER,Predictor candidato,9,0.0,Predictor candidato,Pendiente de revisión conceptual y estadística
UDHAHLTHPRB,SUBSTANCE USE DISORDER,Predictor candidato,8,0.0,Predictor candidato,Pendiente de revisión conceptual y estadística
UDHAHLTHCTD,SUBSTANCE USE DISORDER,Predictor candidato,7,0.0,Predictor candidato,Pendiente de revisión conceptual y estadística
UDHAMNTLPRB,SUBSTANCE USE DISORDER,Predictor candidato,9,0.0,Predictor candidato,Pendiente de revisión conceptual y estadística
UDHAMNTLCTD,SUBSTANCE USE DISORDER,Predictor candidato,7,0.0,Predictor candidato,Pendiente de revisión conceptual y estadística
UDHASTOPACT,SUBSTANCE USE DISORDER,Predictor candidato,8,0.0,Predictor candidato,Pendiente de revisión conceptual y estadística
UDHAWORKPRB,SUBSTANCE USE DISORDER,Predictor candidato,8,0.0,Predictor candidato,Pendiente de revisión conceptual y estadística
UDHAFMLYPRB,SUBSTANCE USE DISORDER,Predictor candidato,8,0.0,Predictor candidato,Pendiente de revisión conceptual y estadística
UDHAFMLYCTD,SUBSTANCE USE DISORDER,Predictor candidato,7,0.0,Predictor candidato,Pendiente de revisión conceptual y estadística
UDHAGETHURT,SUBSTANCE USE DISORDER,Predictor candidato,8,0.0,Predictor candidato,Pendiente de revisión conceptual y estadística
UDINTIMEUSE,SUBSTANCE USE DISORDER,Predictor candidato,8,0.0,Predictor candidato,Pendiente de revisión conceptual y estadística
UDINTIMEGET,SUBSTANCE USE DISORDER,Predictor candidato,8,0.0,Predictor candidato,Pendiente de revisión conceptual y estadística
UDINLRGAMTS,SUBSTANCE USE DISORDER,Predictor candidato,8,0.0,Predictor candidato,Pendiente de revisión conceptual y estadística
UDINWANTBAD,SUBSTANCE USE DISORDER,Predictor candidato,8,0.0,Predictor candidato,Pendiente de revisión conceptual y estadística
UDINSTRURGE,SUBSTANCE USE DISORDER,Predictor candidato,8,0.0,Predictor candidato,Pendiente de revisión conceptual y estadística
UDINNEEDMOR,SUBSTANCE USE DISORDER,Predictor candidato,8,0.0,Predictor candidato,Pendiente de revisión conceptual y estadística
UDINLESSEFF,SUBSTANCE USE DISORDER,Predictor candidato,8,0.0,Predictor candidato,Pendiente de revisión conceptual y estadística
UDINTRYSTOP,SUBSTANCE USE DISORDER,Predictor candidato,8,0.0,Predictor candidato,Pendiente de revisión conceptual y estadística
UDINNOTSTOP,SUBSTANCE USE DISORDER,Predictor candidato,9,0.0,Predictor candidato,Pendiente de revisión conceptual y estadística
UDINWSHSTOP,SUBSTANCE USE DISORDER,Predictor candidato,8,0.0,Predictor candidato,Pendiente de revisión conceptual y estadística
UDINHLTHPRB,SUBSTANCE USE DISORDER,Predictor candidato,8,0.0,Predictor candidato,Pendiente de revisión conceptual y estadística
UDINHLTHCTD,SUBSTANCE USE DISORDER,Predictor candidato,8,0.0,Predictor candidato,Pendiente de revisión conceptual y estadística
UDINMNTLPRB,SUBSTANCE USE DISORDER,Predictor candidato,8,0.0,Predictor candidato,Pendiente de revisión conceptual y estadística
UDINMNTLCTD,SUBSTANCE USE DISORDER,Predictor candidato,7,0.0,Predictor candidato,Pendiente de revisión conceptual y estadística
UDINSTOPACT,SUBSTANCE USE DISORDER,Predictor candidato,8,0.0,Predictor candidato,Pendiente de revisión conceptual y estadística
UDINWORKPRB,SUBSTANCE USE DISORDER,Predictor candidato,8,0.0,Predictor candidato,Pendiente de revisión conceptual y estadística
UDINFMLYPRB,SUBSTANCE USE DISORDER,Predictor candidato,8,0.0,Predictor candidato,Pendiente de revisión conceptual y estadística
UDINFMLYCTD,SUBSTANCE USE DISORDER,Predictor candidato,7,0.0,Predictor candidato,Pendiente de revisión conceptual y estadística
UDINGETHURT,SUBSTANCE USE DISORDER,Predictor candidato,8,0.0,Predictor candidato,Pendiente de revisión conceptual y estadística
UDMETIMEUSE,SUBSTANCE USE DISORDER,Predictor candidato,6,0.0,Predictor candidato,Pendiente de revisión conceptual y estadística
UDMETIMEGET,SUBSTANCE USE DISORDER,Predictor candidato,8,0.0,Predictor candidato,Pendiente de revisión conceptual y estadística
UDMELRGAMTS,SUBSTANCE USE DISORDER,Predictor candidato,6,0.0,Predictor candidato,Pendiente de revisión conceptual y estadística
UDMEWANTBAD,SUBSTANCE USE DISORDER,Predictor candidato,7,0.0,Predictor candidato,Pendiente de revisión conceptual y estadística
UDMESTRURGE,SUBSTANCE USE DISORDER,Predictor candidato,7,0.0,Predictor candidato,Pendiente de revisión conceptual y estadística
UDMENEEDMOR,SUBSTANCE USE DISORDER,Predictor candidato,6,0.0,Predictor candidato,Pendiente de revisión conceptual y estadística
UDMELESSEFF,SUBSTANCE USE DISORDER,Predictor candidato,7,0.0,Predictor candidato,Pendiente de revisión conceptual y estadística
UDMETRYSTOP,SUBSTANCE USE DISORDER,Predictor candidato,6,0.0,Predictor candidato,Pendiente de revisión conceptual y estadística
UDMENOTSTOP,SUBSTANCE USE DISORDER,Predictor candidato,8,0.0,Predictor candidato,Pendiente de revisión conceptual y estadística
UDMEWSHSTOP,SUBSTANCE USE DISORDER,Predictor candidato,8,0.0,Predictor candidato,Pendiente de revisión conceptual y estadística
UDMEHLTHPRB,SUBSTANCE USE DISORDER,Predictor candidato,6,0.0,Predictor candidato,Pendiente de revisión conceptual y estadística
UDMEHLTHCTD,SUBSTANCE USE DISORDER,Predictor candidato,7,0.0,Predictor candidato,Pendiente de revisión conceptual y estadística
UDMEMNTLPRB,SUBSTANCE USE DISORDER,Predictor candidato,8,0.0,Predictor candidato,Pendiente de revisión conceptual y estadística
UDMEMNTLCTD,SUBSTANCE USE DISORDER,Predictor candidato,8,0.0,Predictor candidato,Pendiente de revisión conceptual y estadística
UDMESTOPACT,SUBSTANCE USE DISORDER,Predictor candidato,6,0.0,Predictor candidato,Pendiente de revisión conceptual y estadística
UDMEWORKPRB,SUBSTANCE USE DISORDER,Predictor candidato,6,0.0,Predictor candidato,Pendiente de revisión conceptual y estadística
UDMEFMLYPRB,SUBSTANCE USE DISORDER,Predictor candidato,6,0.0,Predictor candidato,Pendiente de revisión conceptual y estadística
UDMEFMLYCTD,SUBSTANCE USE DISORDER,Predictor candidato,7,0.0,Predictor candidato,Pendiente de revisión conceptual y estadística
UDMEGETHURT,SUBSTANCE USE DISORDER,Predictor candidato,6,0.0,Predictor candidato,Pendiente de revisión conceptual y estadística
UDMEWDFLBLU,SUBSTANCE USE DISORDER,Predictor candidato,6,0.0,Predictor candidato,Pendiente de revisión conceptual y estadística
UDMEWDTIRED,SUBSTANCE USE DISORDER,Predictor candidato,7,0.0,Predictor candidato,Pendiente de revisión conceptual y estadística
UDMEWDDREAM,SUBSTANCE USE DISORDER,Predictor candidato,7,0.0,Predictor candidato,Pendiente de revisión conceptual y estadística
UDMEWDSLEEP,SUBSTANCE USE DISORDER,Predictor candidato,7,0.0,Predictor candidato,Pendiente de revisión conceptual y estadística
UDMEWDHNGRY,SUBSTANCE USE DISORDER,Predictor candidato,7,0.0,Predictor candidato,Pendiente de revisión conceptual y estadística
UDMEWDSITST,SUBSTANCE USE DISORDER,Predictor candidato,7,0.0,Predictor candidato,Pendiente de revisión conceptual y estadística
UDMEAVOIDWD,SUBSTANCE USE DISORDER,Predictor candidato,6,0.0,Predictor candidato,Pendiente de revisión conceptual y estadística
UDMEAVWMETH,SUBSTANCE USE DISORDER,Predictor candidato,7,0.0,Predictor candidato,Pendiente de revisión conceptual y estadística
UDMEAVWCOCN,SUBSTANCE USE DISORDER,Predictor candidato,7,0.0,Predictor candidato,Pendiente de revisión conceptual y estadística
UDMEAVWSTIM,SUBSTANCE USE DISORDER,Predictor candidato,8,0.0,Predictor candidato,Pendiente de revisión conceptual y estadística
UDMEAVWOTHR,SUBSTANCE USE DISORDER,Predictor candidato,7,0.0,Predictor candidato,Pendiente de revisión conceptual y estadística
UDPRTIMEUSE2,SUBSTANCE USE DISORDER,Predictor candidato,9,0.0,Predictor candidato,Pendiente de revisión conceptual y estadística
UDPRTIMEGET2,SUBSTANCE USE DISORDER,Predictor candidato,10,0.0,Predictor candidato,Pendiente de revisión conceptual y estadística
UDPRLRGAMTS2,SUBSTANCE USE DISORDER,Predictor candidato,9,0.0,Predictor candidato,Pendiente de revisión conceptual y estadística
UDPRWANTBAD2,SUBSTANCE USE DISORDER,Predictor candidato,9,0.0,Predictor candidato,Pendiente de revisión conceptual y estadística
UDPRSTRURGE2,SUBSTANCE USE DISORDER,Predictor candidato,10,0.0,Predictor candidato,Pendiente de revisión conceptual y estadística
UDPRNEEDMOR2,SUBSTANCE USE DISORDER,Predictor candidato,9,0.0,Predictor candidato,Pendiente de revisión conceptual y estadística
UDPRLESSEFF2,SUBSTANCE USE DISORDER,Predictor candidato,10,0.0,Predictor candidato,Pendiente de revisión conceptual y estadística
UDPRTRYSTOP2,SUBSTANCE USE DISORDER,Predictor candidato,9,0.0,Predictor candidato,Pendiente de revisión conceptual y estadística
UDPRNOTSTOP2,SUBSTANCE USE DISORDER,Predictor candidato,10,0.0,Predictor candidato,Pendiente de revisión conceptual y estadística
UDPRWSHSTOP2,SUBSTANCE USE DISORDER,Predictor candidato,10,0.0,Predictor candidato,Pendiente de revisión conceptual y estadística
UDPRHLTHPRB2,SUBSTANCE USE DISORDER,Predictor candidato,9,0.0,Predictor candidato,Pendiente de revisión conceptual y estadística
UDPRHLTHCTD2,SUBSTANCE USE DISORDER,Predictor candidato,10,0.0,Predictor candidato,Pendiente de revisión conceptual y estadística
UDPRMNTLPRB2,SUBSTANCE USE DISORDER,Predictor candidato,10,0.0,Predictor candidato,Pendiente de revisión conceptual y estadística
UDPRMNTLCTD2,SUBSTANCE USE DISORDER,Predictor candidato,9,0.0,Predictor candidato,Pendiente de revisión conceptual y estadística
UDPRSTOPACT2,SUBSTANCE USE DISORDER,Predictor candidato,9,0.0,Predictor candidato,Pendiente de revisión conceptual y estadística
UDPRWORKPRB2,SUBSTANCE USE DISORDER,Predictor candidato,9,0.0,Predictor candidato,Pendiente de revisión conceptual y estadística
UDPRFMLYPRB2,SUBSTANCE USE DISORDER,Predictor candidato,9,0.0,Predictor candidato,Pendiente de revisión conceptual y estadística
UDPRFMLYCTD2,SUBSTANCE USE DISORDER,Predictor candidato,9,0.0,Predictor candidato,Pendiente de revisión conceptual y estadística
UDPRGETHURT2,SUBSTANCE USE DISORDER,Predictor candidato,9,0.0,Predictor candidato,Pendiente de revisión conceptual y estadística
UDPRWDFLBLU2,SUBSTANCE USE DISORDER,Predictor candidato,9,0.0,Predictor candidato,Pendiente de revisión conceptual y estadística
UDPRWDVOMIT2,SUBSTANCE USE DISORDER,Predictor candidato,9,0.0,Predictor candidato,Pendiente de revisión conceptual y estadística
UDPRWDCRAMP2,SUBSTANCE USE DISORDER,Predictor candidato,9,0.0,Predictor candidato,Pendiente de revisión conceptual y estadística
UDPRWDRUNNY2,SUBSTANCE USE DISORDER,Predictor candidato,9,0.0,Predictor candidato,Pendiente de revisión conceptual y estadística
UDPRWDSWEAT2,SUBSTANCE USE DISORDER,Predictor candidato,9,0.0,Predictor candidato,Pendiente de revisión conceptual y estadística
UDPRWDDIARR2,SUBSTANCE USE DISORDER,Predictor candidato,9,0.0,Predictor candidato,Pendiente de revisión conceptual y estadística
UDPRWDYAWNS2,SUBSTANCE USE DISORDER,Predictor candidato,9,0.0,Predictor candidato,Pendiente de revisión conceptual y estadística
UDPRWDFEVER2,SUBSTANCE USE DISORDER,Predictor candidato,9,0.0,Predictor candidato,Pendiente de revisión conceptual y estadística
UDPRWDSLEEP2,SUBSTANCE USE DISORDER,Predictor candidato,9,0.0,Predictor candidato,Pendiente de revisión conceptual y estadística
UDPRAVOIDWD2,SUBSTANCE USE DISORDER,Predictor candidato,9,0.0,Predictor candidato,Pendiente de revisión conceptual y estadística
UDPRAVWPNRL2,SUBSTANCE USE DISORDER,Predictor candidato,11,0.0,Predictor candidato,Pendiente de revisión conceptual y estadística
UDPRAVWHERN2,SUBSTANCE USE DISORDER,Predictor candidato,9,0.0,Predictor candidato,Pendiente de revisión conceptual y estadística
UDPRAVWOTHR2,SUBSTANCE USE DISORDER,Predictor candidato,9,0.0,Predictor candidato,Pendiente de revisión conceptual y estadística
UDTRTIMEUSE,SUBSTANCE USE DISORDER,Predictor candidato,9,0.0,Predictor candidato,Pendiente de revisión conceptual y estadística
UDTRTIMEGET,SUBSTANCE USE DISORDER,Predictor candidato,10,0.0,Predictor candidato,Pendiente de revisión conceptual y estadística
UDTRLRGAMTS,SUBSTANCE USE DISORDER,Predictor candidato,9,0.0,Predictor candidato,Pendiente de revisión conceptual y estadística
UDTRWANTBAD,SUBSTANCE USE DISORDER,Predictor candidato,9,0.0,Predictor candidato,Pendiente de revisión conceptual y estadística
UDTRSTRURGE,SUBSTANCE USE DISORDER,Predictor candidato,10,0.0,Predictor candidato,Pendiente de revisión conceptual y estadística
UDTRNEEDMOR,SUBSTANCE USE DISORDER,Predictor candidato,9,0.0,Predictor candidato,Pendiente de revisión conceptual y estadística
UDTRLESSEFF,SUBSTANCE USE DISORDER,Predictor candidato,10,0.0,Predictor candidato,Pendiente de revisión conceptual y estadística
UDTRTRYSTOP,SUBSTANCE USE DISORDER,Predictor candidato,9,0.0,Predictor candidato,Pendiente de revisión conceptual y estadística
UDTRNOTSTOP,SUBSTANCE USE DISORDER,Predictor candidato,9,0.0,Predictor candidato,Pendiente de revisión conceptual y estadística
UDTRWSHSTOP,SUBSTANCE USE DISORDER,Predictor candidato,10,0.0,Predictor candidato,Pendiente de revisión conceptual y estadística
UDTRHLTHPRB,SUBSTANCE USE DISORDER,Predictor candidato,9,0.0,Predictor candidato,Pendiente de revisión conceptual y estadística
UDTRHLTHCTD,SUBSTANCE USE DISORDER,Predictor candidato,10,0.0,Predictor candidato,Pendiente de revisión conceptual y estadística
UDTRMNTLPRB,SUBSTANCE USE DISORDER,Predictor candidato,10,0.0,Predictor candidato,Pendiente de revisión conceptual y estadística
UDTRMNTLCTD,SUBSTANCE USE DISORDER,Predictor candidato,9,0.0,Predictor candidato,Pendiente de revisión conceptual y estadística
UDTRSTOPACT,SUBSTANCE USE DISORDER,Predictor candidato,9,0.0,Predictor candidato,Pendiente de revisión conceptual y estadística
UDTRWORKPRB,SUBSTANCE USE DISORDER,Predictor candidato,9,0.0,Predictor candidato,Pendiente de revisión conceptual y estadística
UDTRFMLYPRB,SUBSTANCE USE DISORDER,Predictor candidato,9,0.0,Predictor candidato,Pendiente de revisión conceptual y estadística
UDTRFMLYCTD,SUBSTANCE USE DISORDER,Predictor candidato,10,0.0,Predictor candidato,Pendiente de revisión conceptual y estadística
UDTRGETHURT,SUBSTANCE USE DISORDER,Predictor candidato,9,0.0,Predictor candidato,Pendiente de revisión conceptual y estadística
UDTRWDSWEAT,SUBSTANCE USE DISORDER,Predictor candidato,9,0.0,Predictor candidato,Pendiente de revisión conceptual y estadística
UDTRWDTRMBL,SUBSTANCE USE DISORDER,Predictor candidato,9,0.0,Predictor candidato,Pendiente de revisión conceptual y estadística
UDTRWDSLEEP,SUBSTANCE USE DISORDER,Predictor candidato,9,0.0,Predictor candidato,Pendiente de revisión conceptual y estadística
UDTRWDVOMIT,SUBSTANCE USE DISORDER,Predictor candidato,9,0.0,Predictor candidato,Pendiente de revisión conceptual y estadística
UDTRWDHALUC,SUBSTANCE USE DISORDER,Predictor candidato,9,0.0,Predictor candidato,Pendiente de revisión conceptual y estadística
UDTRWDSITST,SUBSTANCE USE DISORDER,Predictor candidato,9,0.0,Predictor candidato,Pendiente de revisión conceptual y estadística
UDTRWDFLANX,SUBSTANCE USE DISORDER,Predictor candidato,9,0.0,Predictor candidato,Pendiente de revisión conceptual y estadística
UDTRAVOIDWD,SUBSTANCE USE DISORDER,Predictor candidato,9,0.0,Predictor candidato,Pendiente de revisión conceptual y estadística
UDTRAVWSVTR,SUBSTANCE USE DISORDER,Predictor candidato,9,0.0,Predictor candidato,Pendiente de revisión conceptual y estadística
UDTRAVWALCO,SUBSTANCE USE DISORDER,Predictor candidato,9,0.0,Predictor candidato,Pendiente de revisión conceptual y estadística
UDTRAVWOTHR,SUBSTANCE USE DISORDER,Predictor candidato,9,0.0,Predictor candidato,Pendiente de revisión conceptual y estadística
UDSTTIMEUSE,SUBSTANCE USE DISORDER,Predictor candidato,9,0.0,Predictor candidato,Pendiente de revisión conceptual y estadística
UDSTTIMEGET,SUBSTANCE USE DISORDER,Predictor candidato,10,0.0,Predictor candidato,Pendiente de revisión conceptual y estadística
UDSTLRGAMTS,SUBSTANCE USE DISORDER,Predictor candidato,9,0.0,Predictor candidato,Pendiente de revisión conceptual y estadística
UDSTWANTBAD,SUBSTANCE USE DISORDER,Predictor candidato,9,0.0,Predictor candidato,Pendiente de revisión conceptual y estadística
UDSTSTRURGE,SUBSTANCE USE DISORDER,Predictor candidato,10,0.0,Predictor candidato,Pendiente de revisión conceptual y estadística
UDSTNEEDMOR,SUBSTANCE USE DISORDER,Predictor candidato,9,0.0,Predictor candidato,Pendiente de revisión conceptual y estadística
UDSTLESSEFF,SUBSTANCE USE DISORDER,Predictor candidato,10,0.0,Predictor candidato,Pendiente de revisión conceptual y estadística
UDSTTRYSTOP,SUBSTANCE USE DISORDER,Predictor candidato,9,0.0,Predictor candidato,Pendiente de revisión conceptual y estadística
UDSTNOTSTOP,SUBSTANCE USE DISORDER,Predictor candidato,9,0.0,Predictor candidato,Pendiente de revisión conceptual y estadística
UDSTWSHSTOP,SUBSTANCE USE DISORDER,Predictor candidato,10,0.0,Predictor candidato,Pendiente de revisión conceptual y estadística
UDSTHLTHPRB,SUBSTANCE USE DISORDER,Predictor candidato,9,0.0,Predictor candidato,Pendiente de revisión conceptual y estadística
UDSTHLTHCTD,SUBSTANCE USE DISORDER,Predictor candidato,9,0.0,Predictor candidato,Pendiente de revisión conceptual y estadística
UDSTMNTLPRB,SUBSTANCE USE DISORDER,Predictor candidato,10,0.0,Predictor candidato,Pendiente de revisión conceptual y estadística
UDSTMNTLCTD,SUBSTANCE USE DISORDER,Predictor candidato,8,0.0,Predictor candidato,Pendiente de revisión conceptual y estadística
UDSTSTOPACT,SUBSTANCE USE DISORDER,Predictor candidato,9,0.0,Predictor candidato,Pendiente de revisión conceptual y estadística
UDSTWORKPRB,SUBSTANCE USE DISORDER,Predictor candidato,9,0.0,Predictor candidato,Pendiente de revisión conceptual y estadística
UDSTFMLYPRB,SUBSTANCE USE DISORDER,Predictor candidato,9,0.0,Predictor candidato,Pendiente de revisión conceptual y estadística
UDSTFMLYCTD,SUBSTANCE USE DISORDER,Predictor candidato,9,0.0,Predictor candidato,Pendiente de revisión conceptual y estadística
UDSTGETHURT,SUBSTANCE USE DISORDER,Predictor candidato,9,0.0,Predictor candidato,Pendiente de revisión conceptual y estadística
UDSTWDFLBLU,SUBSTANCE USE DISORDER,Predictor candidato,9,0.0,Predictor candidato,Pendiente de revisión conceptual y estadística
UDSTWDTIRED,SUBSTANCE USE DISORDER,Predictor candidato,9,0.0,Predictor candidato,Pendiente de revisión conceptual y estadística
UDSTWDDREAM,SUBSTANCE USE DISORDER,Predictor candidato,9,0.0,Predictor candidato,Pendiente de revisión conceptual y estadística
UDSTWDSLEEP,SUBSTANCE USE DISORDER,Predictor candidato,9,0.0,Predictor candidato,Pendiente de revisión conceptual y estadística
UDSTWDHNGRY,SUBSTANCE USE DISORDER,Predictor candidato,10,0.0,Predictor candidato,Pendiente de revisión conceptual y estadística
UDSTWDSITST,SUBSTANCE USE DISORDER,Predictor candidato,9,0.0,Predictor candidato,Pendiente de revisión conceptual y estadística
UDSTAVOIDWD,SUBSTANCE USE DISORDER,Predictor candidato,9,0.0,Predictor candidato,Pendiente de revisión conceptual y estadística
UDSTAVWSTIM,SUBSTANCE USE DISORDER,Predictor candidato,10,0.0,Predictor candidato,Pendiente de revisión conceptual y estadística
UDSTAVWCOCN,SUBSTANCE USE DISORDER,Predictor candidato,9,0.0,Predictor candidato,Pendiente de revisión conceptual y estadística
UDSTAVWMETH,SUBSTANCE USE DISORDER,Predictor candidato,9,0.0,Predictor candidato,Pendiente de revisión conceptual y estadística
UDSTAVWOTHR,SUBSTANCE USE DISORDER,Predictor candidato,9,0.0,Predictor candidato,Pendiente de revisión conceptual y estadística
UDSVTIMEUSE,SUBSTANCE USE DISORDER,Predictor candidato,9,0.0,Predictor candidato,Pendiente de revisión conceptual y estadística
UDSVTIMEGET,SUBSTANCE USE DISORDER,Predictor candidato,9,0.0,Predictor candidato,Pendiente de revisión conceptual y estadística
UDSVLRGAMTS,SUBSTANCE USE DISORDER,Predictor candidato,9,0.0,Predictor candidato,Pendiente de revisión conceptual y estadística
UDSVWANTBAD,SUBSTANCE USE DISORDER,Predictor candidato,8,0.0,Predictor candidato,Pendiente de revisión conceptual y estadística
UDSVSTRURGE,SUBSTANCE USE DISORDER,Predictor candidato,9,0.0,Predictor candidato,Pendiente de revisión conceptual y estadística
UDSVNEEDMOR,SUBSTANCE USE DISORDER,Predictor candidato,8,0.0,Predictor candidato,Pendiente de revisión conceptual y estadística
UDSVLESSEFF,SUBSTANCE USE DISORDER,Predictor candidato,10,0.0,Predictor candidato,Pendiente de revisión conceptual y estadística
UDSVTRYSTOP,SUBSTANCE USE DISORDER,Predictor candidato,9,0.0,Predictor candidato,Pendiente de revisión conceptual y estadística
UDSVNOTSTOP,SUBSTANCE USE DISORDER,Predictor candidato,9,0.0,Predictor candidato,Pendiente de revisión conceptual y estadística
UDSVWSHSTOP,SUBSTANCE USE DISORDER,Predictor candidato,10,0.0,Predictor candidato,Pendiente de revisión conceptual y estadística
UDSVHLTHPRB,SUBSTANCE USE DISORDER,Predictor candidato,9,0.0,Predictor candidato,Pendiente de revisión conceptual y estadística
UDSVHLTHCTD,SUBSTANCE USE DISORDER,Predictor candidato,9,0.0,Predictor candidato,Pendiente de revisión conceptual y estadística
UDSVMNTLPRB,SUBSTANCE USE DISORDER,Predictor candidato,10,0.0,Predictor candidato,Pendiente de revisión conceptual y estadística
UDSVMNTLCTD,SUBSTANCE USE DISORDER,Predictor candidato,9,0.0,Predictor candidato,Pendiente de revisión conceptual y estadística
UDSVSTOPACT,SUBSTANCE USE DISORDER,Predictor candidato,9,0.0,Predictor candidato,Pendiente de revisión conceptual y estadística
UDSVWORKPRB,SUBSTANCE USE DISORDER,Predictor candidato,9,0.0,Predictor candidato,Pendiente de revisión conceptual y estadística
UDSVFMLYPRB,SUBSTANCE USE DISORDER,Predictor candidato,9,0.0,Predictor candidato,Pendiente de revisión conceptual y estadística
UDSVFMLYCTD,SUBSTANCE USE DISORDER,Predictor candidato,9,0.0,Predictor candidato,Pendiente de revisión conceptual y estadística
UDSVGETHURT,SUBSTANCE USE DISORDER,Predictor candidato,9,0.0,Predictor candidato,Pendiente de revisión conceptual y estadística
UDSVWDSWEAT,SUBSTANCE USE DISORDER,Predictor candidato,9,0.0,Predictor candidato,Pendiente de revisión conceptual y estadística
UDSVWDTRMBL,SUBSTANCE USE DISORDER,Predictor candidato,9,0.0,Predictor candidato,Pendiente de revisión conceptual y estadística
UDSVWDSLEEP,SUBSTANCE USE DISORDER,Predictor candidato,9,0.0,Predictor candidato,Pendiente de revisión conceptual y estadística
UDSVWDVOMIT,SUBSTANCE USE DISORDER,Predictor candidato,9,0.0,Predictor candidato,Pendiente de revisión conceptual y estadística
UDSVWDHALUC,SUBSTANCE USE DISORDER,Predictor candidato,9,0.0,Predictor candidato,Pendiente de revisión conceptual y estadística
UDSVWDSITST,SUBSTANCE USE DISORDER,Predictor candidato,9,0.0,Predictor candidato,Pendiente de revisión conceptual y estadística
UDSVWDFLANX,SUBSTANCE USE DISORDER,Predictor candidato,9,0.0,Predictor candidato,Pendiente de revisión conceptual y estadística
UDSVAVOIDWD,SUBSTANCE USE DISORDER,Predictor candidato,9,0.0,Predictor candidato,Pendiente de revisión conceptual y estadística
UDSVAVWSVTR,SUBSTANCE USE DISORDER,Predictor candidato,10,0.0,Predictor candidato,Pendiente de revisión conceptual y estadística
UDSVAVWALCO,SUBSTANCE USE DISORDER,Predictor candidato,10,0.0,Predictor candidato,Pendiente de revisión conceptual y estadística
UDSVAVWOTHR,SUBSTANCE USE DISORDER,Predictor candidato,10,0.0,Predictor candidato,Pendiente de revisión conceptual y estadística
PYUD5ALC,SUBSTANCE USE DISORDER,Predictor candidato,4,0.92,Predictor candidato,Pendiente de revisión conceptual y estadística
PYUD5MRJ,SUBSTANCE USE DISORDER,Predictor candidato,4,0.474,Predictor candidato,Pendiente de revisión conceptual y estadística
PYUD5COC,SUBSTANCE USE DISORDER,Predictor candidato,4,0.063,Predictor candidato,Pendiente de revisión conceptual y estadística
PYUD5HER,SUBSTANCE USE DISORDER,Predictor candidato,4,0.019,Predictor candidato,Pendiente de revisión conceptual y estadística
PYUD5HAL,SUBSTANCE USE DISORDER,Predictor candidato,4,0.159,Predictor candidato,Pendiente de revisión conceptual y estadística
PYUD5INH,SUBSTANCE USE DISORDER,Predictor candidato,4,0.04,Predictor candidato,Pendiente de revisión conceptual y estadística
PYUD5MTH,SUBSTANCE USE DISORDER,Predictor candidato,4,0.032,Predictor candidato,Pendiente de revisión conceptual y estadística
EDUD5PNRMIS,SUBSTANCE USE DISORDER,Predictor candidato,4,0.112,Predictor candidato,Pendiente de revisión conceptual y estadística
EDUD5PNRUNM2,SUBSTANCE USE DISORDER,Predictor candidato,4,0.497,Predictor candidato,Pendiente de revisión conceptual y estadística
EDUD5TRQMIS,SUBSTANCE USE DISORDER,Predictor candidato,4,0.059,Predictor candidato,Pendiente de revisión conceptual y estadística
EDUD5TRQUNM,SUBSTANCE USE DISORDER,Predictor candidato,4,0.226,Predictor candidato,Pendiente de revisión conceptual y estadística
EDUD5STMMIS,SUBSTANCE USE DISORDER,Predictor candidato,4,0.047,Predictor candidato,Pendiente de revisión conceptual y estadística
EDUD5STMUNM,SUBSTANCE USE DISORDER,Predictor candidato,4,0.159,Predictor candidato,Pendiente de revisión conceptual y estadística
EDUD5SEDMIS,SUBSTANCE USE DISORDER,Predictor candidato,4,0.017,Predictor candidato,Pendiente de revisión conceptual y estadística
EDUD5SEDUNM,SUBSTANCE USE DISORDER,Predictor candidato,4,0.131,Predictor candidato,Pendiente de revisión conceptual y estadística
IRPYUD5ALC,IMPUTED SUBSTANCE USE DISORDER,Predictor candidato,2,0.0,Predictor candidato,Pendiente de revisión conceptual y estadística
IIPYUD5ALC,IMPUTED SUBSTANCE USE DISORDER,Predictor candidato,3,0.0,Predictor candidato,Pendiente de revisión conceptual y estadística
IRPYUD5MRJ,IMPUTED SUBSTANCE USE DISORDER,Predictor candidato,2,0.0,Predictor candidato,Pendiente de revisión conceptual y estadística
IIPYUD5MRJ,IMPUTED SUBSTANCE USE DISORDER,Predictor candidato,3,0.0,Predictor candidato,Pendiente de revisión conceptual y estadística
IRPYUD5COC,IMPUTED SUBSTANCE USE DISORDER,Predictor candidato,2,0.0,Predictor candidato,Pendiente de revisión conceptual y estadística
IIPYUD5COC,IMPUTED SUBSTANCE USE DISORDER,Predictor candidato,3,0.0,Predictor candidato,Pendiente de revisión conceptual y estadística
IRPYUD5HER,IMPUTED SUBSTANCE USE DISORDER,Predictor candidato,2,0.0,Predictor candidato,Pendiente de revisión conceptual y estadística
IIPYUD5HER,IMPUTED SUBSTANCE USE DISORDER,Predictor candidato,3,0.0,Predictor candidato,Pendiente de revisión conceptual y estadística
IRPYUD5HAL,IMPUTED SUBSTANCE USE DISORDER,Predictor candidato,2,0.0,Predictor candidato,Pendiente de revisión conceptual y estadística
IIPYUD5HAL,IMPUTED SUBSTANCE USE DISORDER,Predictor candidato,3,0.0,Predictor candidato,Pendiente de revisión conceptual y estadística
IRPYUD5INH,IMPUTED SUBSTANCE USE DISORDER,Predictor candidato,2,0.0,Predictor candidato,Pendiente de revisión conceptual y estadística
IIPYUD5INH,IMPUTED SUBSTANCE USE DISORDER,Predictor candidato,3,0.0,Predictor candidato,Pendiente de revisión conceptual y estadística
IRPYUD5MTH,IMPUTED SUBSTANCE USE DISORDER,Predictor candidato,2,0.0,Predictor candidato,Pendiente de revisión conceptual y estadística
IIPYUD5MTH,IMPUTED SUBSTANCE USE DISORDER,Predictor candidato,3,0.0,Predictor candidato,Pendiente de revisión conceptual y estadística
IRUD5PNRMIS,IMPUTED SUBSTANCE USE DISORDER,Predictor candidato,2,0.0,Predictor candidato,Pendiente de revisión conceptual y estadística
IIUD5PNRMIS,IMPUTED SUBSTANCE USE DISORDER,Predictor candidato,3,0.0,Predictor candidato,Pendiente de revisión conceptual y estadística
IRUD5PNRUNM2,IMPUTED SUBSTANCE USE DISORDER,Predictor candidato,2,0.0,Predictor candidato,Pendiente de revisión conceptual y estadística
IIUD5PNRUNM2,IMPUTED SUBSTANCE USE DISORDER,Predictor candidato,3,0.0,Predictor candidato,Pendiente de revisión conceptual y estadística
IRUD5TRQMIS,IMPUTED SUBSTANCE USE DISORDER,Predictor candidato,2,0.0,Predictor candidato,Pendiente de revisión conceptual y estadística
IIUD5TRQMIS,IMPUTED SUBSTANCE USE DISORDER,Predictor candidato,3,0.0,Predictor candidato,Pendiente de revisión conceptual y estadística
IRUD5TRQUNM,IMPUTED SUBSTANCE USE DISORDER,Predictor candidato,2,0.0,Predictor candidato,Pendiente de revisión conceptual y estadística
IIUD5TRQUNM,IMPUTED SUBSTANCE USE DISORDER,Predictor candidato,3,0.0,Predictor candidato,Pendiente de revisión conceptual y estadística
IRUD5STMMIS,IMPUTED SUBSTANCE USE DISORDER,Predictor candidato,2,0.0,Predictor candidato,Pendiente de revisión conceptual y estadística
IIUD5STMMIS,IMPUTED SUBSTANCE USE DISORDER,Predictor candidato,3,0.0,Predictor candidato,Pendiente de revisión conceptual y estadística
IRUD5STMUNM,IMPUTED SUBSTANCE USE DISORDER,Predictor candidato,2,0.0,Predictor candidato,Pendiente de revisión conceptual y estadística
IIUD5STMUNM,IMPUTED SUBSTANCE USE DISORDER,Predictor candidato,3,0.0,Predictor candidato,Pendiente de revisión conceptual y estadística
IRUD5SEDMIS,IMPUTED SUBSTANCE USE DISORDER,Predictor candidato,2,0.0,Predictor candidato,Pendiente de revisión conceptual y estadística
IIUD5SEDMIS,IMPUTED SUBSTANCE USE DISORDER,Predictor candidato,3,0.0,Predictor candidato,Pendiente de revisión conceptual y estadística
IRUD5SEDUNM,IMPUTED SUBSTANCE USE DISORDER,Predictor candidato,2,0.0,Predictor candidato,Pendiente de revisión conceptual y estadística
IIUD5SEDUNM,IMPUTED SUBSTANCE USE DISORDER,Predictor candidato,3,0.0,Predictor candidato,Pendiente de revisión conceptual y estadística
IRPYSEV5ALC,IMPUTED SUBSTANCE USE DISORDER,Predictor candidato,4,0.0,Predictor candidato,Pendiente de revisión conceptual y estadística
IIPYSEV5ALC,IMPUTED SUBSTANCE USE DISORDER,Predictor candidato,3,0.0,Predictor candidato,Pendiente de revisión conceptual y estadística
IRPYSEV5MRJ,IMPUTED SUBSTANCE USE DISORDER,Predictor candidato,4,0.0,Predictor candidato,Pendiente de revisión conceptual y estadística
IIPYSEV5MRJ,IMPUTED SUBSTANCE USE DISORDER,Predictor candidato,3,0.0,Predictor candidato,Pendiente de revisión conceptual y estadística
IRPYSEV5COC,IMPUTED SUBSTANCE USE DISORDER,Predictor candidato,4,0.0,Predictor candidato,Pendiente de revisión conceptual y estadística
IIPYSEV5COC,IMPUTED SUBSTANCE USE DISORDER,Predictor candidato,3,0.0,Predictor candidato,Pendiente de revisión conceptual y estadística
IRPYSEV5HER,IMPUTED SUBSTANCE USE DISORDER,Predictor candidato,4,0.0,Predictor candidato,Pendiente de revisión conceptual y estadística
IIPYSEV5HER,IMPUTED SUBSTANCE USE DISORDER,Predictor candidato,3,0.0,Predictor candidato,Pendiente de revisión conceptual y estadística
IRPYSEV5HAL,IMPUTED SUBSTANCE USE DISORDER,Predictor candidato,4,0.0,Predictor candidato,Pendiente de revisión conceptual y estadística
IIPYSEV5HAL,IMPUTED SUBSTANCE USE DISORDER,Predictor candidato,3,0.0,Predictor candidato,Pendiente de revisión conceptual y estadística
IRPYSEV5INH,IMPUTED SUBSTANCE USE DISORDER,Predictor candidato,4,0.0,Predictor candidato,Pendiente de revisión conceptual y estadística
IIPYSEV5INH,IMPUTED SUBSTANCE USE DISORDER,Predictor candidato,3,0.0,Predictor candidato,Pendiente de revisión conceptual y estadística
IRPYSEV5MTH,IMPUTED SUBSTANCE USE DISORDER,Predictor candidato,4,0.0,Predictor candidato,Pendiente de revisión conceptual y estadística
IIPYSEV5MTH,IMPUTED SUBSTANCE USE DISORDER,Predictor candidato,3,0.0,Predictor candidato,Pendiente de revisión conceptual y estadística
IRSEVPNRMIS,IMPUTED SUBSTANCE USE DISORDER,Predictor candidato,4,0.0,Predictor candidato,Pendiente de revisión conceptual y estadística
IISEVPNRMIS,IMPUTED SUBSTANCE USE DISORDER,Predictor candidato,3,0.0,Predictor candidato,Pendiente de revisión conceptual y estadística
IRSEVPNRUNM2,IMPUTED SUBSTANCE USE DISORDER,Predictor candidato,4,0.0,Predictor candidato,Pendiente de revisión conceptual y estadística
IISEVPNRUNM2,IMPUTED SUBSTANCE USE DISORDER,Predictor candidato,3,0.0,Predictor candidato,Pendiente de revisión conceptual y estadística
IRSEVTRQMIS,IMPUTED SUBSTANCE USE DISORDER,Predictor candidato,4,0.0,Predictor candidato,Pendiente de revisión conceptual y estadística
IISEVTRQMIS,IMPUTED SUBSTANCE USE DISORDER,Predictor candidato,3,0.0,Predictor candidato,Pendiente de revisión conceptual y estadística
IRSEVTRQUNM,IMPUTED SUBSTANCE USE DISORDER,Predictor candidato,4,0.0,Predictor candidato,Pendiente de revisión conceptual y estadística
IISEVTRQUNM,IMPUTED SUBSTANCE USE DISORDER,Predictor candidato,3,0.0,Predictor candidato,Pendiente de revisión conceptual y estadística
IRSEVSTMMIS,IMPUTED SUBSTANCE USE DISORDER,Predictor candidato,4,0.0,Predictor candidato,Pendiente de revisión conceptual y estadística
IISEVSTMMIS,IMPUTED SUBSTANCE USE DISORDER,Predictor candidato,3,0.0,Predictor candidato,Pendiente de revisión conceptual y estadística
IRSEVSTMUNM,IMPUTED SUBSTANCE USE DISORDER,Predictor candidato,4,0.0,Predictor candidato,Pendiente de revisión conceptual y estadística
IISEVSTMUNM,IMPUTED SUBSTANCE USE DISORDER,Predictor candidato,3,0.0,Predictor candidato,Pendiente de revisión conceptual y estadística
IRSEVSEDMIS,IMPUTED SUBSTANCE USE DISORDER,Predictor candidato,4,0.0,Predictor candidato,Pendiente de revisión conceptual y estadística
IISEVSEDMIS,IMPUTED SUBSTANCE USE DISORDER,Predictor candidato,3,0.0,Predictor candidato,Pendiente de revisión conceptual y estadística
IRSEVSEDUNM,IMPUTED SUBSTANCE USE DISORDER,Predictor candidato,4,0.0,Predictor candidato,Pendiente de revisión conceptual y estadística
IISEVSEDUNM,IMPUTED SUBSTANCE USE DISORDER,Predictor candidato,3,0.0,Predictor candidato,Pendiente de revisión conceptual y estadística
UD5TRQSDANY,RECODED SUBSTANCE USE DISORDER,Predictor candidato,2,0.0,Predictor candidato,Pendiente de revisión conceptual y estadística
UD5PSYANY,RECODED SUBSTANCE USE DISORDER,Predictor candidato,2,0.0,Predictor candidato,Pendiente de revisión conceptual y estadística
UD5OPIANY2,RECODED SUBSTANCE USE DISORDER,Predictor candidato,2,0.0,Predictor candidato,Pendiente de revisión conceptual y estadística
UD5HROPANY,RECODED SUBSTANCE USE DISORDER,Predictor candidato,4,0.0,Predictor candidato,Pendiente de revisión conceptual y estadística
UD5CNSANY,RECODED SUBSTANCE USE DISORDER,Predictor candidato,2,0.0,Predictor candidato,Pendiente de revisión conceptual y estadística
UD5ILLANY,RECODED SUBSTANCE USE DISORDER,Predictor candidato,2,0.0,Predictor candidato,Pendiente de revisión conceptual y estadística
UD5IEMANY,RECODED SUBSTANCE USE DISORDER,Predictor candidato,2,0.0,Predictor candidato,Pendiente de revisión conceptual y estadística
UD5ILALANY,RECODED SUBSTANCE USE DISORDER,Predictor candidato,2,0.0,Predictor candidato,Pendiente de revisión conceptual y estadística
UD5ILAALANY,RECODED SUBSTANCE USE DISORDER,Predictor candidato,2,0.0,Predictor candidato,Pendiente de revisión conceptual y estadística
UD5ILNALANY,RECODED SUBSTANCE USE DISORDER,Predictor candidato,2,0.0,Predictor candidato,Pendiente de revisión conceptual y estadística
UD5ALNILANY,RECODED SUBSTANCE USE DISORDER,Predictor candidato,2,0.0,Predictor candidato,Pendiente de revisión conceptual y estadística
UDYR5OPPRANY,RECODED SUBSTANCE USE DISORDER,Predictor candidato,2,0.0,Predictor candidato,Pendiente de revisión conceptual y estadística
UDYR5PNRANY2,RECODED SUBSTANCE USE DISORDER,Predictor candidato,2,0.0,Predictor candidato,Pendiente de revisión conceptual y estadística
UDYR5SEDANY,RECODED SUBSTANCE USE DISORDER,Predictor candidato,2,0.0,Predictor candidato,Pendiente de revisión conceptual y estadística
UDYR5STMANY,RECODED SUBSTANCE USE DISORDER,Predictor candidato,2,0.0,Predictor candidato,Pendiente de revisión conceptual y estadística
UDYR5TRQANY,RECODED SUBSTANCE USE DISORDER,Predictor candidato,2,0.0,Predictor candidato,Pendiente de revisión conceptual y estadística
UD5CNSGRP,RECODED SUBSTANCE USE DISORDER,Predictor candidato,3,0.0,Predictor candidato,Pendiente de revisión conceptual y estadística
UD5OPIGRP,RECODED SUBSTANCE USE DISORDER,Predictor candidato,3,0.0,Predictor candidato,Pendiente de revisión conceptual y estadística
UD5TRQSDGRP,RECODED SUBSTANCE USE DISORDER,Predictor candidato,3,0.0,Predictor candidato,Pendiente de revisión conceptual y estadística
SEVYRPNRANY2,RECODED SUBSTANCE USE DISORDER,Predictor candidato,4,0.0,Predictor candidato,Pendiente de revisión conceptual y estadística
SEVYROPPRANY,RECODED SUBSTANCE USE DISORDER,Predictor candidato,4,0.0,Predictor candidato,Pendiente de revisión conceptual y estadística
SEVYRTRQANY,RECODED SUBSTANCE USE DISORDER,Predictor candidato,4,0.0,Predictor candidato,Pendiente de revisión conceptual y estadística
SEVYRSTMANY,RECODED SUBSTANCE USE DISORDER,Predictor candidato,4,0.0,Predictor candidato,Pendiente de revisión conceptual y estadística
SEVYRSEDANY,RECODED SUBSTANCE USE DISORDER,Predictor candidato,4,0.0,Predictor candidato,Pendiente de revisión conceptual y estadística
SVYRTQSDANY,RECODED SUBSTANCE USE DISORDER,Predictor candidato,4,0.0,Predictor candidato,Pendiente de revisión conceptual y estadística
SVYRPSYANY,RECODED SUBSTANCE USE DISORDER,Predictor candidato,4,0.0,Predictor candidato,Pendiente de revisión conceptual y estadística
SVYROPIANY2,RECODED SUBSTANCE USE DISORDER,Predictor candidato,4,0.0,Predictor candidato,Pendiente de revisión conceptual y estadística
SVYRCNSANY,RECODED SUBSTANCE USE DISORDER,Predictor candidato,4,0.0,Predictor candidato,Pendiente de revisión conceptual y estadística
SVYRDUDANY,RECODED SUBSTANCE USE DISORDER,Predictor candidato,4,0.0,Predictor candidato,Pendiente de revisión conceptual y estadística
SVYRSUDANY,RECODED SUBSTANCE USE DISORDER,Predictor candidato,4,0.0,Predictor candidato,Pendiente de revisión conceptual y estadística
SVYRTQSDMIS,RECODED SUBSTANCE USE DISORDER,Predictor candidato,4,0.0,Predictor candidato,Pendiente de revisión conceptual y estadística
SVYROPIMIS,RECODED SUBSTANCE USE DISORDER,Predictor candidato,4,0.0,Predictor candidato,Pendiente de revisión conceptual y estadística
SVYRCNSMIS,RECODED SUBSTANCE USE DISORDER,Predictor candidato,4,0.0,Predictor candidato,Pendiente de revisión conceptual y estadística
SVYRTQSDUNM,RECODED SUBSTANCE USE DISORDER,Predictor candidato,4,0.0,Predictor candidato,Pendiente de revisión conceptual y estadística
SVYROPIUNM,RECODED SUBSTANCE USE DISORDER,Predictor candidato,4,0.0,Predictor candidato,Pendiente de revisión conceptual y estadística
SVYRCNSUNM,RECODED SUBSTANCE USE DISORDER,Predictor candidato,4,0.0,Predictor candidato,Pendiente de revisión conceptual y estadística
MRJYRBFR,PRIOR SUBSTANCE USE,Predictor candidato,7,0.0,Predictor candidato,Pendiente de revisión conceptual y estadística
MRJAGLST,PRIOR SUBSTANCE USE,Predictor candidato,91,0.0,Predictor candidato,Pendiente de revisión conceptual y estadística
MRJYLU,PRIOR SUBSTANCE USE,Predictor candidato,10,0.0,Predictor candidato,Pendiente de revisión conceptual y estadística
MRJMLU,PRIOR SUBSTANCE USE,Predictor candidato,19,0.0,Predictor candidato,Pendiente de revisión conceptual y estadística
CIGAGLST,PRIOR SUBSTANCE USE,Predictor candidato,91,0.0,Predictor candidato,Pendiente de revisión conceptual y estadística
CIGYLU,PRIOR SUBSTANCE USE,Predictor candidato,10,0.0,Predictor candidato,Pendiente de revisión conceptual y estadística
CIGMLU,PRIOR SUBSTANCE USE,Predictor candidato,19,0.0,Predictor candidato,Pendiente de revisión conceptual y estadística
CIGDLLST,PRIOR SUBSTANCE USE,Predictor candidato,84,0.0,Predictor candidato,Pendiente de revisión conceptual y estadística
CIGDLYLU,PRIOR SUBSTANCE USE,Predictor candidato,10,0.0,Predictor candidato,Pendiente de revisión conceptual y estadística
CIGDLMLU,PRIOR SUBSTANCE USE,Predictor candidato,19,0.0,Predictor candidato,Pendiente de revisión conceptual y estadística
SMKAGLAST,PRIOR SUBSTANCE USE,Predictor candidato,79,0.0,Predictor candidato,Pendiente de revisión conceptual y estadística
SMKYRLAST,PRIOR SUBSTANCE USE,Predictor candidato,10,0.0,Predictor candidato,Pendiente de revisión conceptual y estadística
SMKMOLAST,PRIOR SUBSTANCE USE,Predictor candidato,19,0.0,Predictor candidato,Pendiente de revisión conceptual y estadística
CGRAGLST,PRIOR SUBSTANCE USE,Predictor candidato,85,0.0,Predictor candidato,Pendiente de revisión conceptual y estadística
CIGARYLU,PRIOR SUBSTANCE USE,Predictor candidato,10,0.0,Predictor candidato,Pendiente de revisión conceptual y estadística
CIGARMLU,PRIOR SUBSTANCE USE,Predictor candidato,19,0.0,Predictor candidato,Pendiente de revisión conceptual y estadística
ALCAGLST,PRIOR SUBSTANCE USE,Predictor candidato,101,0.0,Predictor candidato,Pendiente de revisión conceptual y estadística
ALCYLU,PRIOR SUBSTANCE USE,Predictor candidato,10,0.0,Predictor candidato,Pendiente de revisión conceptual y estadística
ALCMLU,PRIOR SUBSTANCE USE,Predictor candidato,19,0.0,Predictor candidato,Pendiente de revisión conceptual y estadística
COCAGLST,PRIOR SUBSTANCE USE,Predictor candidato,71,0.0,Predictor candidato,Pendiente de revisión conceptual y estadística
COCYLU,PRIOR SUBSTANCE USE,Predictor candidato,10,0.0,Predictor candidato,Pendiente de revisión conceptual y estadística
COCMLU,PRIOR SUBSTANCE USE,Predictor candidato,19,0.0,Predictor candidato,Pendiente de revisión conceptual y estadística
CRKAGLST,PRIOR SUBSTANCE USE,Predictor candidato,64,0.0,Predictor candidato,Pendiente de revisión conceptual y estadística
CRKYLU,PRIOR SUBSTANCE USE,Predictor candidato,10,0.0,Predictor candidato,Pendiente de revisión conceptual y estadística
CRKMLU,PRIOR SUBSTANCE USE,Predictor candidato,19,0.0,Predictor candidato,Pendiente de revisión conceptual y estadística
HERAGLST,PRIOR SUBSTANCE USE,Predictor candidato,56,0.0,Predictor candidato,Pendiente de revisión conceptual y estadística
HERYLU,PRIOR SUBSTANCE USE,Predictor candidato,10,0.0,Predictor candidato,Pendiente de revisión conceptual y estadística
HERMLU,PRIOR SUBSTANCE USE,Predictor candidato,19,0.0,Predictor candidato,Pendiente de revisión conceptual y estadística
HALLAGLST,PRIOR SUBSTANCE USE,Predictor candidato,73,0.0,Predictor candidato,Pendiente de revisión conceptual y estadística
HALLYRLST,PRIOR SUBSTANCE USE,Predictor candidato,10,0.0,Predictor candidato,Pendiente de revisión conceptual y estadística
HALLMOLST,PRIOR SUBSTANCE USE,Predictor candidato,19,0.0,Predictor candidato,Pendiente de revisión conceptual y estadística
LSDAGLST,PRIOR SUBSTANCE USE,Predictor candidato,63,0.0,Predictor candidato,Pendiente de revisión conceptual y estadística
LSDYLU,PRIOR SUBSTANCE USE,Predictor candidato,10,0.0,Predictor candidato,Pendiente de revisión conceptual y estadística
LSDMLU,PRIOR SUBSTANCE USE,Predictor candidato,19,0.0,Predictor candidato,Pendiente de revisión conceptual y estadística
PCPAGLST,PRIOR SUBSTANCE USE,Predictor candidato,51,0.0,Predictor candidato,Pendiente de revisión conceptual y estadística
PCPYLU,PRIOR SUBSTANCE USE,Predictor candidato,10,0.0,Predictor candidato,Pendiente de revisión conceptual y estadística
PCPMLU,PRIOR SUBSTANCE USE,Predictor candidato,18,0.0,Predictor candidato,Pendiente de revisión conceptual y estadística
ECSTMOAGL,PRIOR SUBSTANCE USE,Predictor candidato,58,0.0,Predictor candidato,Pendiente de revisión conceptual y estadística
ECSTMOYLU,PRIOR SUBSTANCE USE,Predictor candidato,10,0.0,Predictor candidato,Pendiente de revisión conceptual y estadística
ECSTMOMLU,PRIOR SUBSTANCE USE,Predictor candidato,19,0.0,Predictor candidato,Pendiente de revisión conceptual y estadística
INHLAGLST,PRIOR SUBSTANCE USE,Predictor candidato,74,0.0,Predictor candidato,Pendiente de revisión conceptual y estadística
INHLYRLST,PRIOR SUBSTANCE USE,Predictor candidato,10,0.0,Predictor candidato,Pendiente de revisión conceptual y estadística
INHLMOLST,PRIOR SUBSTANCE USE,Predictor candidato,19,0.0,Predictor candidato,Pendiente de revisión conceptual y estadística
METHAGLST,PRIOR SUBSTANCE USE,Predictor candidato,67,0.0,Predictor candidato,Pendiente de revisión conceptual y estadística
METHYRLST,PRIOR SUBSTANCE USE,Predictor candidato,10,0.0,Predictor candidato,Pendiente de revisión conceptual y estadística
METHMOLST,PRIOR SUBSTANCE USE,Predictor candidato,19,0.0,Predictor candidato,Pendiente de revisión conceptual y estadística
CIGYRBFR,PRIOR SUBSTANCE USE,Predictor candidato,8,0.0,Predictor candidato,Pendiente de revisión conceptual y estadística
ALCYRBFR,PRIOR SUBSTANCE USE,Predictor candidato,7,0.0,Predictor candidato,Pendiente de revisión conceptual y estadística
COCYRBFR,PRIOR SUBSTANCE USE,Predictor candidato,7,0.0,Predictor candidato,Pendiente de revisión conceptual y estadística
SUTSUPPADB,ALCOHOL AND DRUG TREATMENT,Predictor candidato,11,0.0,Predictor candidato,Pendiente de revisión conceptual y estadística
SUTOPALC2,ALCOHOL AND DRUG TREATMENT,Predictor candidato,10,0.0,Predictor candidato,Pendiente de revisión conceptual y estadística
SUTOPMRJ2,ALCOHOL AND DRUG TREATMENT,Predictor candidato,10,0.0,Predictor candidato,Pendiente de revisión conceptual y estadística
SUTOPINHL2,ALCOHOL AND DRUG TREATMENT,Predictor candidato,9,0.0,Predictor candidato,Pendiente de revisión conceptual y estadística
SUTOPHALL2,ALCOHOL AND DRUG TREATMENT,Predictor candidato,10,0.0,Predictor candidato,Pendiente de revisión conceptual y estadística
SUTOPCOC2,ALCOHOL AND DRUG TREATMENT,Predictor candidato,10,0.0,Predictor candidato,Pendiente de revisión conceptual y estadística
SUTOPHER2,ALCOHOL AND DRUG TREATMENT,Predictor candidato,7,0.0,Predictor candidato,Pendiente de revisión conceptual y estadística
SUTOPMETH2,ALCOHOL AND DRUG TREATMENT,Predictor candidato,8,0.0,Predictor candidato,Pendiente de revisión conceptual y estadística
SUTOPPNR2,ALCOHOL AND DRUG TREATMENT,Predictor candidato,11,0.0,Predictor candidato,Pendiente de revisión conceptual y estadística
SUTOPSTM2,ALCOHOL AND DRUG TREATMENT,Predictor candidato,10,0.0,Predictor candidato,Pendiente de revisión conceptual y estadística
SUTOPTRQ2,ALCOHOL AND DRUG TREATMENT,Predictor candidato,11,0.0,Predictor candidato,Pendiente de revisión conceptual y estadística
SUTOPSED2,ALCOHOL AND DRUG TREATMENT,Predictor candidato,8,0.0,Predictor candidato,Pendiente de revisión conceptual y estadística
SUTOPODG2,ALCOHOL AND DRUG TREATMENT,Predictor candidato,9,0.0,Predictor candidato,Pendiente de revisión conceptual y estadística
SUTPHVIADB,ALCOHOL AND DRUG TREATMENT,Predictor candidato,11,0.0,Predictor candidato,Pendiente de revisión conceptual y estadística
SUTPEERADB,ALCOHOL AND DRUG TREATMENT,Predictor candidato,12,0.0,Predictor candidato,Pendiente de revisión conceptual y estadística
SUTUNCOST2,ALCOHOL AND DRUG TREATMENT,Predictor candidato,7,0.0,Predictor candidato,Pendiente de revisión conceptual y estadística
SUTUNINSCV2,ALCOHOL AND DRUG TREATMENT,Predictor candidato,7,0.0,Predictor candidato,Pendiente de revisión conceptual y estadística
SUTUNENFCV2,ALCOHOL AND DRUG TREATMENT,Predictor candidato,7,0.0,Predictor candidato,Pendiente de revisión conceptual y estadística
SUTUNWHER2,ALCOHOL AND DRUG TREATMENT,Predictor candidato,7,0.0,Predictor candidato,Pendiente de revisión conceptual y estadística
SUTUNNOFND2,ALCOHOL AND DRUG TREATMENT,Predictor candidato,7,0.0,Predictor candidato,Pendiente de revisión conceptual y estadística
SUTUNNOOPN2,ALCOHOL AND DRUG TREATMENT,Predictor candidato,7,0.0,Predictor candidato,Pendiente de revisión conceptual y estadística
SUTUNPROBS2,ALCOHOL AND DRUG TREATMENT,Predictor candidato,7,0.0,Predictor candidato,Pendiente de revisión conceptual y estadística
SUTUNTIME2,ALCOHOL AND DRUG TREATMENT,Predictor candidato,7,0.0,Predictor candidato,Pendiente de revisión conceptual y estadística
SUTUNPRIV2,ALCOHOL AND DRUG TREATMENT,Predictor candidato,7,0.0,Predictor candidato,Pendiente de revisión conceptual y estadística
SUTUNPTHNK2,ALCOHOL AND DRUG TREATMENT,Predictor candidato,7,0.0,Predictor candidato,Pendiente de revisión conceptual y estadística
SUTUNCONSQ2,ALCOHOL AND DRUG TREATMENT,Predictor candidato,7,0.0,Predictor candidato,Pendiente de revisión conceptual y estadística
SUTUNSTART2,ALCOHOL AND DRUG TREATMENT,Predictor candidato,7,0.0,Predictor candidato,Pendiente de revisión conceptual y estadística
SUTUNQUIT2,ALCOHOL AND DRUG TREATMENT,Predictor candidato,7,0.0,Predictor candidato,Pendiente de revisión conceptual y estadística
SUTUNHNDL2,ALCOHOL AND DRUG TREATMENT,Predictor candidato,7,0.0,Predictor candidato,Pendiente de revisión conceptual y estadística
SUTUNFFLKE2,ALCOHOL AND DRUG TREATMENT,Predictor candidato,7,0.0,Predictor candidato,Pendiente de revisión conceptual y estadística
SUTUNFORCE2,ALCOHOL AND DRUG TREATMENT,Predictor candidato,7,0.0,Predictor candidato,Pendiente de revisión conceptual y estadística
SUTUNNOHLP2,ALCOHOL AND DRUG TREATMENT,Predictor candidato,7,0.0,Predictor candidato,Pendiente de revisión conceptual y estadística
SUTUNCARE2,ALCOHOL AND DRUG TREATMENT,Predictor candidato,7,0.0,Predictor candidato,Pendiente de revisión conceptual y estadística
IRSUTSUPPGRP,IMPUTED ALCOHOL AND DRUG TREATMENT,Predictor candidato,2,0.0,Predictor candidato,Pendiente de revisión conceptual y estadística
IISUTSUPPGRP,IMPUTED ALCOHOL AND DRUG TREATMENT,Predictor candidato,4,0.0,Predictor candidato,Pendiente de revisión conceptual y estadística
IRSUTERED,IMPUTED ALCOHOL AND DRUG TREATMENT,Predictor candidato,2,0.0,Predictor candidato,Pendiente de revisión conceptual y estadística
IISUTERED,IMPUTED ALCOHOL AND DRUG TREATMENT,Predictor candidato,3,0.0,Predictor candidato,Pendiente de revisión conceptual y estadística
IRSUTINHOSP2,IMPUTED ALCOHOL AND DRUG TREATMENT,Predictor candidato,2,0.0,Predictor candidato,Pendiente de revisión conceptual y estadística
IISUTINHOSP2,IMPUTED ALCOHOL AND DRUG TREATMENT,Predictor candidato,4,0.0,Predictor candidato,Pendiente de revisión conceptual y estadística
IRSUTINRHAB2,IMPUTED ALCOHOL AND DRUG TREATMENT,Predictor candidato,2,0.0,Predictor candidato,Pendiente de revisión conceptual y estadística
IISUTINRHAB2,IMPUTED ALCOHOL AND DRUG TREATMENT,Predictor candidato,3,0.0,Predictor candidato,Pendiente de revisión conceptual y estadística
IRSUTINRSMH2,IMPUTED ALCOHOL AND DRUG TREATMENT,Predictor candidato,2,0.0,Predictor candidato,Pendiente de revisión conceptual y estadística
IISUTINRSMH2,IMPUTED ALCOHOL AND DRUG TREATMENT,Predictor candidato,3,0.0,Predictor candidato,Pendiente de revisión conceptual y estadística
IRSUTINOPL2,IMPUTED ALCOHOL AND DRUG TREATMENT,Predictor candidato,2,0.0,Predictor candidato,Pendiente de revisión conceptual y estadística
IISUTINOPL2,IMPUTED ALCOHOL AND DRUG TREATMENT,Predictor candidato,4,0.0,Predictor candidato,Pendiente de revisión conceptual y estadística
IRSUTOPRHAB2,IMPUTED ALCOHOL AND DRUG TREATMENT,Predictor candidato,2,0.0,Predictor candidato,Pendiente de revisión conceptual y estadística
IISUTOPRHAB2,IMPUTED ALCOHOL AND DRUG TREATMENT,Predictor candidato,3,0.0,Predictor candidato,Pendiente de revisión conceptual y estadística
IRSUTOPMHCR2,IMPUTED ALCOHOL AND DRUG TREATMENT,Predictor candidato,2,0.0,Predictor candidato,Pendiente de revisión conceptual y estadística
IISUTOPMHCR2,IMPUTED ALCOHOL AND DRUG TREATMENT,Predictor candidato,3,0.0,Predictor candidato,Pendiente de revisión conceptual y estadística
IRSUTOPTHRP2,IMPUTED ALCOHOL AND DRUG TREATMENT,Predictor candidato,2,0.0,Predictor candidato,Pendiente de revisión conceptual y estadística
IISUTOPTHRP2,IMPUTED ALCOHOL AND DRUG TREATMENT,Predictor candidato,3,0.0,Predictor candidato,Pendiente de revisión conceptual y estadística
IRSUTOPDOC2,IMPUTED ALCOHOL AND DRUG TREATMENT,Predictor candidato,2,0.0,Predictor candidato,Pendiente de revisión conceptual y estadística
IISUTOPDOC2,IMPUTED ALCOHOL AND DRUG TREATMENT,Predictor candidato,4,0.0,Predictor candidato,Pendiente de revisión conceptual y estadística
IRSUTOPHOSP2,IMPUTED ALCOHOL AND DRUG TREATMENT,Predictor candidato,2,0.0,Predictor candidato,Pendiente de revisión conceptual y estadística
IISUTOPHOSP2,IMPUTED ALCOHOL AND DRUG TREATMENT,Predictor candidato,3,0.0,Predictor candidato,Pendiente de revisión conceptual y estadística
IRSUTOPSCHL2,IMPUTED ALCOHOL AND DRUG TREATMENT,Predictor candidato,2,0.0,Predictor candidato,Pendiente de revisión conceptual y estadística
IISUTOPSCHL2,IMPUTED ALCOHOL AND DRUG TREATMENT,Predictor candidato,3,0.0,Predictor candidato,Pendiente de revisión conceptual y estadística
IRSUTOPOPL2,IMPUTED ALCOHOL AND DRUG TREATMENT,Predictor candidato,2,0.0,Predictor candidato,Pendiente de revisión conceptual y estadística
IISUTOPOPL2,IMPUTED ALCOHOL AND DRUG TREATMENT,Predictor candidato,3,0.0,Predictor candidato,Pendiente de revisión conceptual y estadística
IRSUTRXALC,IMPUTED ALCOHOL AND DRUG TREATMENT,Predictor candidato,2,0.0,Predictor candidato,Pendiente de revisión conceptual y estadística
IISUTRXALC,IMPUTED ALCOHOL AND DRUG TREATMENT,Predictor candidato,3,0.0,Predictor candidato,Pendiente de revisión conceptual y estadística
IRSUTRXDRG,IMPUTED ALCOHOL AND DRUG TREATMENT,Predictor candidato,2,0.0,Predictor candidato,Pendiente de revisión conceptual y estadística
IISUTRXDRG,IMPUTED ALCOHOL AND DRUG TREATMENT,Predictor candidato,3,0.0,Predictor candidato,Pendiente de revisión conceptual y estadística
IRSUTODRVMED,IMPUTED ALCOHOL AND DRUG TREATMENT,Predictor candidato,2,0.0,Predictor candidato,Pendiente de revisión conceptual y estadística
IISUTODRVMED,IMPUTED ALCOHOL AND DRUG TREATMENT,Predictor candidato,3,0.0,Predictor candidato,Pendiente de revisión conceptual y estadística
IRSUTPHVID,IMPUTED ALCOHOL AND DRUG TREATMENT,Predictor candidato,2,0.0,Predictor candidato,Pendiente de revisión conceptual y estadística
IISUTPHVID,IMPUTED ALCOHOL AND DRUG TREATMENT,Predictor candidato,4,0.0,Predictor candidato,Pendiente de revisión conceptual y estadística
IRSUTDETOX,IMPUTED ALCOHOL AND DRUG TREATMENT,Predictor candidato,2,0.0,Predictor candidato,Pendiente de revisión conceptual y estadística
IISUTDETOX,IMPUTED ALCOHOL AND DRUG TREATMENT,Predictor candidato,3,0.0,Predictor candidato,Pendiente de revisión conceptual y estadística
IRSUTPEERSPC,IMPUTED ALCOHOL AND DRUG TREATMENT,Predictor candidato,2,0.0,Predictor candidato,Pendiente de revisión conceptual y estadística
IISUTPEERSPC,IMPUTED ALCOHOL AND DRUG TREATMENT,Predictor candidato,3,0.0,Predictor candidato,Pendiente de revisión conceptual y estadística
SUTINPPY2,RECODED ALCOHOL AND DRUG TREATMENT,Predictor candidato,2,0.0,Predictor candidato,Pendiente de revisión conceptual y estadística
SUTOPPY2,RECODED ALCOHOL AND DRUG TREATMENT,Predictor candidato,2,0.0,Predictor candidato,Pendiente de revisión conceptual y estadística
SUTOPNDOC2,RECODED ALCOHOL AND DRUG TREATMENT,Predictor candidato,2,0.0,Predictor candidato,Pendiente de revisión conceptual y estadística
SUTOPALCPY2,RECODED ALCOHOL AND DRUG TREATMENT,Predictor candidato,2,0.0,Predictor candidato,Pendiente de revisión conceptual y estadística
SUTOPMRJPY2,RECODED ALCOHOL AND DRUG TREATMENT,Predictor candidato,2,0.0,Predictor candidato,Pendiente de revisión conceptual y estadística
SUTOPCOCPY2,RECODED ALCOHOL AND DRUG TREATMENT,Predictor candidato,2,0.0,Predictor candidato,Pendiente de revisión conceptual y estadística
SUTOPHERPY2,RECODED ALCOHOL AND DRUG TREATMENT,Predictor candidato,2,0.0,Predictor candidato,Pendiente de revisión conceptual y estadística
SUTOPHALPY2,RECODED ALCOHOL AND DRUG TREATMENT,Predictor candidato,2,0.0,Predictor candidato,Pendiente de revisión conceptual y estadística
SUTOPINHPY2,RECODED ALCOHOL AND DRUG TREATMENT,Predictor candidato,2,0.0,Predictor candidato,Pendiente de revisión conceptual y estadística
SUTOPMTHPY2,RECODED ALCOHOL AND DRUG TREATMENT,Predictor candidato,2,0.0,Predictor candidato,Pendiente de revisión conceptual y estadística
SUTOPPNRPY2,RECODED ALCOHOL AND DRUG TREATMENT,Predictor candidato,2,0.0,Predictor candidato,Pendiente de revisión conceptual y estadística
SUTOPSTMPY2,RECODED ALCOHOL AND DRUG TREATMENT,Predictor candidato,2,0.0,Predictor candidato,Pendiente de revisión conceptual y estadística
SUTOPTRQPY2,RECODED ALCOHOL AND DRUG TREATMENT,Predictor candidato,2,0.0,Predictor candidato,Pendiente de revisión conceptual y estadística
SUTOPSEDPY2,RECODED ALCOHOL AND DRUG TREATMENT,Predictor candidato,2,0.0,Predictor candidato,Pendiente de revisión conceptual y estadística
SUTOPTQSDPY2,RECODED ALCOHOL AND DRUG TREATMENT,Predictor candidato,2,0.0,Predictor candidato,Pendiente de revisión conceptual y estadística
SUTOPPSYPY2,RECODED ALCOHOL AND DRUG TREATMENT,Predictor candidato,2,0.0,Predictor candidato,Pendiente de revisión conceptual y estadística
SUTOPOPIPY2,RECODED ALCOHOL AND DRUG TREATMENT,Predictor candidato,2,0.0,Predictor candidato,Pendiente de revisión conceptual y estadística
SUTOPCNSPY2,RECODED ALCOHOL AND DRUG TREATMENT,Predictor candidato,2,0.0,Predictor candidato,Pendiente de revisión conceptual y estadística
SUTOPDRGPY2,RECODED ALCOHOL AND DRUG TREATMENT,Predictor candidato,2,0.0,Predictor candidato,Pendiente de revisión conceptual y estadística
SUTOPDRALPY2,RECODED ALCOHOL AND DRUG TREATMENT,Predictor candidato,2,0.0,Predictor candidato,Pendiente de revisión conceptual y estadística
SUTOPUNSPPY2,RECODED ALCOHOL AND DRUG TREATMENT,Predictor candidato,2,0.0,Predictor candidato,Pendiente de revisión conceptual y estadística
SUTPHVIDRG,RECODED ALCOHOL AND DRUG TREATMENT,Predictor candidato,2,0.089,Predictor candidato,Pendiente de revisión conceptual y estadística
SUTPHVIALC,RECODED ALCOHOL AND DRUG TREATMENT,Predictor candidato,2,0.089,Predictor candidato,Pendiente de revisión conceptual y estadística
SUTRTPY2,RECODED ALCOHOL AND DRUG TREATMENT,Predictor candidato,2,0.0,Predictor candidato,Pendiente de revisión conceptual y estadística
SUTRTDRGPY2,RECODED ALCOHOL AND DRUG TREATMENT,Predictor candidato,2,0.0,Predictor candidato,Pendiente de revisión conceptual y estadística
SUTRTALCPY2,RECODED ALCOHOL AND DRUG TREATMENT,Predictor candidato,2,0.0,Predictor candidato,Pendiente de revisión conceptual y estadística
SUTRTDRALPY2,RECODED ALCOHOL AND DRUG TREATMENT,Predictor candidato,2,0.0,Predictor candidato,Pendiente de revisión conceptual y estadística
SUTRTUNSPPY2,RECODED ALCOHOL AND DRUG TREATMENT,Predictor candidato,2,0.0,Predictor candidato,Pendiente de revisión conceptual y estadística
SUTRTOSVPY2,RECODED ALCOHOL AND DRUG TREATMENT,Predictor candidato,2,0.0,Predictor candidato,Pendiente de revisión conceptual y estadística
SUTNEEDPY2,RECODED ALCOHOL AND DRUG TREATMENT,Predictor candidato,2,0.0,Predictor candidato,Pendiente de revisión conceptual y estadística
SUTNEDALCPY2,RECODED ALCOHOL AND DRUG TREATMENT,Predictor candidato,2,0.0,Predictor candidato,Pendiente de revisión conceptual y estadística
SUTSKTHPY2,RECODED ALCOHOL AND DRUG TREATMENT,Predictor candidato,2,5.757,Predictor candidato,Pendiente de revisión conceptual y estadística
SUNTCOST2,RECODED ALCOHOL AND DRUG TREATMENT,Predictor candidato,2,99.027,Predictor candidato,Pendiente de revisión conceptual y estadística
SUNTINSCV2,RECODED ALCOHOL AND DRUG TREATMENT,Predictor candidato,2,99.087,Predictor candidato,Pendiente de revisión conceptual y estadística
SUNTENCV2,RECODED ALCOHOL AND DRUG TREATMENT,Predictor candidato,2,99.104,Predictor candidato,Pendiente de revisión conceptual y estadística
SUNTWHER2,RECODED ALCOHOL AND DRUG TREATMENT,Predictor candidato,2,99.023,Predictor candidato,Pendiente de revisión conceptual y estadística
SUNTNOFND2,RECODED ALCOHOL AND DRUG TREATMENT,Predictor candidato,2,99.061,Predictor candidato,Pendiente de revisión conceptual y estadística
SUNTNOOPN2,RECODED ALCOHOL AND DRUG TREATMENT,Predictor candidato,2,99.089,Predictor candidato,Pendiente de revisión conceptual y estadística
SUNTPROBS2,RECODED ALCOHOL AND DRUG TREATMENT,Predictor candidato,2,99.04,Predictor candidato,Pendiente de revisión conceptual y estadística
SUNTTIME2,RECODED ALCOHOL AND DRUG TREATMENT,Predictor candidato,2,99.038,Predictor candidato,Pendiente de revisión conceptual y estadística
SUNTPRIV2,RECODED ALCOHOL AND DRUG TREATMENT,Predictor candidato,2,99.038,Predictor candidato,Pendiente de revisión conceptual y estadística
SUNTPTHNK2,RECODED ALCOHOL AND DRUG TREATMENT,Predictor candidato,2,99.019,Predictor candidato,Pendiente de revisión conceptual y estadística
SUNTCONSQ2,RECODED ALCOHOL AND DRUG TREATMENT,Predictor candidato,2,99.036,Predictor candidato,Pendiente de revisión conceptual y estadística
SUNTSTART2,RECODED ALCOHOL AND DRUG TREATMENT,Predictor candidato,2,99.036,Predictor candidato,Pendiente de revisión conceptual y estadística
SUNTQUIT2,RECODED ALCOHOL AND DRUG TREATMENT,Predictor candidato,2,99.036,Predictor candidato,Pendiente de revisión conceptual y estadística
SUNTHNDL2,RECODED ALCOHOL AND DRUG TREATMENT,Predictor candidato,2,99.034,Predictor candidato,Pendiente de revisión conceptual y estadística
SUNTFFLKE2,RECODED ALCOHOL AND DRUG TREATMENT,Predictor candidato,2,99.03,Predictor candidato,Pendiente de revisión conceptual y estadística
SUNTFORCE2,RECODED ALCOHOL AND DRUG TREATMENT,Predictor candidato,2,99.04,Predictor candidato,Pendiente de revisión conceptual y estadística
SUNTNOHLP2,RECODED ALCOHOL AND DRUG TREATMENT,Predictor candidato,2,99.059,Predictor candidato,Pendiente de revisión conceptual y estadística
SUNTCARE2,RECODED ALCOHOL AND DRUG TREATMENT,Predictor candidato,2,99.044,Predictor candidato,Pendiente de revisión conceptual y estadística
RSKCIGPKD,RISK/AVAILABILITY,Predictor candidato,8,0.0,Predictor candidato,Pendiente de revisión conceptual y estadística
RSKMRJMON,RISK/AVAILABILITY,Predictor candidato,8,0.0,Predictor candidato,Pendiente de revisión conceptual y estadística
RSKMRJWK,RISK/AVAILABILITY,Predictor candidato,8,0.0,Predictor candidato,Pendiente de revisión conceptual y estadística
RSKLSDTRY,RISK/AVAILABILITY,Predictor candidato,8,0.0,Predictor candidato,Pendiente de revisión conceptual y estadística
RSKLSDWK,RISK/AVAILABILITY,Predictor candidato,8,0.0,Predictor candidato,Pendiente de revisión conceptual y estadística
RSKHERTRY,RISK/AVAILABILITY,Predictor candidato,8,0.0,Predictor candidato,Pendiente de revisión conceptual y estadística
RSKHERWK,RISK/AVAILABILITY,Predictor candidato,8,0.0,Predictor candidato,Pendiente de revisión conceptual y estadística
RSKCOCMON,RISK/AVAILABILITY,Predictor candidato,8,0.0,Predictor candidato,Pendiente de revisión conceptual y estadística
RSKCOCWK,RISK/AVAILABILITY,Predictor candidato,8,0.0,Predictor candidato,Pendiente de revisión conceptual y estadística
RSKBNGDLY,RISK/AVAILABILITY,Predictor candidato,8,0.0,Predictor candidato,Pendiente de revisión conceptual y estadística
RSKBNGWK,RISK/AVAILABILITY,Predictor candidato,8,0.0,Predictor candidato,Pendiente de revisión conceptual y estadística
DIFGETMRJ,RISK/AVAILABILITY,Predictor candidato,9,0.0,Predictor candidato,Pendiente de revisión conceptual y estadística
DIFGETLSD,RISK/AVAILABILITY,Predictor candidato,9,0.0,Predictor candidato,Pendiente de revisión conceptual y estadística
DIFGETCOC,RISK/AVAILABILITY,Predictor candidato,9,0.0,Predictor candidato,Pendiente de revisión conceptual y estadística
DIFGETCRK,RISK/AVAILABILITY,Predictor candidato,9,0.0,Predictor candidato,Pendiente de revisión conceptual y estadística
DIFGETHER,RISK/AVAILABILITY,Predictor candidato,9,0.0,Predictor candidato,Pendiente de revisión conceptual y estadística
APPDRGMON,RISK/AVAILABILITY,Predictor candidato,6,0.0,Predictor candidato,Pendiente de revisión conceptual y estadística
RSKYFQDGR,RISK/AVAILABILITY,Predictor candidato,8,0.0,Predictor candidato,Pendiente de revisión conceptual y estadística
RSKYFQTES,RISK/AVAILABILITY,Predictor candidato,8,0.0,Predictor candidato,Pendiente de revisión conceptual y estadística
RKFQPBLT,RISK/AVAILABILITY,Predictor candidato,8,0.0,Predictor candidato,Pendiente de revisión conceptual y estadística
RKFQDBLT,RISK/AVAILABILITY,Predictor candidato,9,0.0,Predictor candidato,Pendiente de revisión conceptual y estadística
GRSKCIGPKD,RECODED RISK/AVAILABILITY,Predictor candidato,2,1.173,Predictor candidato,Pendiente de revisión conceptual y estadística
GRSKMRJMON,RECODED RISK/AVAILABILITY,Predictor candidato,2,1.419,Predictor candidato,Pendiente de revisión conceptual y estadística
GRSKMRJWK,RECODED RISK/AVAILABILITY,Predictor candidato,2,1.467,Predictor candidato,Pendiente de revisión conceptual y estadística
GRSKCOCMON,RECODED RISK/AVAILABILITY,Predictor candidato,2,1.725,Predictor candidato,Pendiente de revisión conceptual y estadística
GRSKCOCWK,RECODED RISK/AVAILABILITY,Predictor candidato,2,1.683,Predictor candidato,Pendiente de revisión conceptual y estadística
GRSKHERTRY,RECODED RISK/AVAILABILITY,Predictor candidato,2,1.727,Predictor candidato,Pendiente de revisión conceptual y estadística
GRSKHERWK,RECODED RISK/AVAILABILITY,Predictor candidato,2,1.645,Predictor candidato,Pendiente de revisión conceptual y estadística
GRSKLSDTRY,RECODED RISK/AVAILABILITY,Predictor candidato,2,2.169,Predictor candidato,Pendiente de revisión conceptual y estadística
GRSKLSDWK,RECODED RISK/AVAILABILITY,Predictor candidato,2,2.23,Predictor candidato,Pendiente de revisión conceptual y estadística
GRSKBNGDLY,RECODED RISK/AVAILABILITY,Predictor candidato,2,1.264,Predictor candidato,Pendiente de revisión conceptual y estadística
GRSKBNGWK,RECODED RISK/AVAILABILITY,Predictor candidato,2,1.298,Predictor candidato,Pendiente de revisión conceptual y estadística
DIFOBTMRJ,RECODED RISK/AVAILABILITY,Predictor candidato,2,2.161,Predictor candidato,Pendiente de revisión conceptual y estadística
DIFOBTCOC,RECODED RISK/AVAILABILITY,Predictor candidato,2,3.241,Predictor candidato,Pendiente de revisión conceptual y estadística
DIFOBTCRK,RECODED RISK/AVAILABILITY,Predictor candidato,2,3.34,Predictor candidato,Pendiente de revisión conceptual y estadística
DIFOBTHER,RECODED RISK/AVAILABILITY,Predictor candidato,2,3.374,Predictor candidato,Pendiente de revisión conceptual y estadística
DIFOBTLSD,RECODED RISK/AVAILABILITY,Predictor candidato,2,3.535,Predictor candidato,Pendiente de revisión conceptual y estadística
APPDRGMON2,RECODED RISK/AVAILABILITY,Predictor candidato,2,0.799,Predictor candidato,Pendiente de revisión conceptual y estadística
SNYSELL,SOCIAL ENVIRONMENT,Predictor candidato,9,0.0,Predictor candidato,Pendiente de revisión conceptual y estadística
SNYSTOLE,SOCIAL ENVIRONMENT,Predictor candidato,9,0.0,Predictor candidato,Pendiente de revisión conceptual y estadística
SNYATTAK,SOCIAL ENVIRONMENT,Predictor candidato,9,0.0,Predictor candidato,Pendiente de revisión conceptual y estadística
SNAFLMJTRY,SOCIAL ENVIRONMENT,Predictor candidato,9,0.0,Predictor candidato,Pendiente de revisión conceptual y estadística
SNRLGIMP,SOCIAL ENVIRONMENT,Predictor candidato,8,0.0,Predictor candidato,Pendiente de revisión conceptual y estadística
SNRLDCSN,SOCIAL ENVIRONMENT,Predictor candidato,8,0.0,Predictor candidato,Pendiente de revisión conceptual y estadística
SNRLFRND,SOCIAL ENVIRONMENT,Predictor candidato,8,0.0,Predictor candidato,Pendiente de revisión conceptual y estadística
DSTNRV30,ADULT MENTAL HEALTH,Predictor candidato,9,0.0,Predictor candidato,Pendiente de revisión conceptual y estadística
DSTHOP30,ADULT MENTAL HEALTH,Predictor candidato,9,0.0,Predictor candidato,Pendiente de revisión conceptual y estadística
DSTRST30,ADULT MENTAL HEALTH,Predictor candidato,9,0.0,Predictor candidato,Pendiente de revisión conceptual y estadística
DSTCHR30,ADULT MENTAL HEALTH,Predictor candidato,9,0.0,Predictor candidato,Pendiente de revisión conceptual y estadística
DSTEFF30,ADULT MENTAL HEALTH,Predictor candidato,9,0.0,Predictor candidato,Pendiente de revisión conceptual y estadística
DSTNGD30,ADULT MENTAL HEALTH,Predictor candidato,9,0.0,Predictor candidato,Pendiente de revisión conceptual y estadística
DSTWORST,ADULT MENTAL HEALTH,Predictor candidato,6,0.0,Predictor candidato,Pendiente de revisión conceptual y estadística
DSTNRV12,ADULT MENTAL HEALTH,Predictor candidato,10,0.0,Predictor candidato,Pendiente de revisión conceptual y estadística
DSTHOP12,ADULT MENTAL HEALTH,Predictor candidato,10,0.0,Predictor candidato,Pendiente de revisión conceptual y estadística
DSTRST12,ADULT MENTAL HEALTH,Predictor candidato,10,0.0,Predictor candidato,Pendiente de revisión conceptual y estadística
DSTCHR12,ADULT MENTAL HEALTH,Predictor candidato,10,0.0,Predictor candidato,Pendiente de revisión conceptual y estadística
DSTEFF12,ADULT MENTAL HEALTH,Predictor candidato,10,0.0,Predictor candidato,Pendiente de revisión conceptual y estadística
DSTNGD12,ADULT MENTAL HEALTH,Predictor candidato,10,0.0,Predictor candidato,Pendiente de revisión conceptual y estadística
IMPREMEM,ADULT MENTAL HEALTH,Predictor candidato,9,0.0,Predictor candidato,Pendiente de revisión conceptual y estadística
IMPCONCN,ADULT MENTAL HEALTH,Predictor candidato,9,0.0,Predictor candidato,Pendiente de revisión conceptual y estadística
IMPGOUT,ADULT MENTAL HEALTH,Predictor candidato,10,0.0,Predictor candidato,Pendiente de revisión conceptual y estadística
IMPGOUTM,ADULT MENTAL HEALTH,Predictor candidato,6,0.0,Predictor candidato,Pendiente de revisión conceptual y estadística
IMPPEOP,ADULT MENTAL HEALTH,Predictor candidato,10,0.0,Predictor candidato,Pendiente de revisión conceptual y estadística
IMPPEOPM,ADULT MENTAL HEALTH,Predictor candidato,6,0.0,Predictor candidato,Pendiente de revisión conceptual y estadística
IMPSOC,ADULT MENTAL HEALTH,Predictor candidato,10,0.0,Predictor candidato,Pendiente de revisión conceptual y estadística
IMPSOCM,ADULT MENTAL HEALTH,Predictor candidato,6,0.0,Predictor candidato,Pendiente de revisión conceptual y estadística
IMPHHLD,ADULT MENTAL HEALTH,Predictor candidato,10,0.0,Predictor candidato,Pendiente de revisión conceptual y estadística
IMPHHLDM,ADULT MENTAL HEALTH,Predictor candidato,6,0.0,Predictor candidato,Pendiente de revisión conceptual y estadística
IMPRESP,ADULT MENTAL HEALTH,Predictor candidato,10,0.0,Predictor candidato,Pendiente de revisión conceptual y estadística
IMPRESPM,ADULT MENTAL HEALTH,Predictor candidato,6,0.0,Predictor candidato,Pendiente de revisión conceptual y estadística
IMPWORK,ADULT MENTAL HEALTH,Predictor candidato,9,0.0,Predictor candidato,Pendiente de revisión conceptual y estadística
IMPWEEKS,ADULT MENTAL HEALTH,Predictor candidato,56,0.0,Predictor candidato,Pendiente de revisión conceptual y estadística
IMPDYFRQ,ADULT MENTAL HEALTH,Predictor candidato,7,0.0,Predictor candidato,Pendiente de revisión conceptual y estadística
IMPYDAYS,ADULT MENTAL HEALTH,Predictor candidato,235,0.0,Predictor candidato,Pendiente de revisión conceptual y estadística
AGADNRVANX,ADULT MENTAL HEALTH,Predictor candidato,8,0.0,Predictor candidato,Pendiente de revisión conceptual y estadística
AGADNTSTOP,ADULT MENTAL HEALTH,Predictor candidato,8,0.0,Predictor candidato,Pendiente de revisión conceptual y estadística
AGADWRYMCH,ADULT MENTAL HEALTH,Predictor candidato,8,0.0,Predictor candidato,Pendiente de revisión conceptual y estadística
AGADTRBRLX,ADULT MENTAL HEALTH,Predictor candidato,8,0.0,Predictor candidato,Pendiente de revisión conceptual y estadística
AGADRSTLSS,ADULT MENTAL HEALTH,Predictor candidato,8,0.0,Predictor candidato,Pendiente de revisión conceptual y estadística
AGADANNOY,ADULT MENTAL HEALTH,Predictor candidato,8,0.0,Predictor candidato,Pendiente de revisión conceptual y estadística
AGADAWFUL,ADULT MENTAL HEALTH,Predictor candidato,8,0.0,Predictor candidato,Pendiente de revisión conceptual y estadística
AGADSCED,ADULT MENTAL HEALTH,Predictor candidato,22,3.469,Predictor candidato,Pendiente de revisión conceptual y estadística
SUICTHNK,ADULT MENTAL HEALTH,Excluir por fuga de información,6,0.0,Excluir de variables de entrada,Fuga de información confirmada documentalmente
SUIPLANYR,ADULT MENTAL HEALTH,Excluir por fuga de información,6,0.0,Excluir de variables de entrada,Fuga de información confirmada documentalmente
KSSLR6MONED,ADULT MENTAL HEALTH,Predictor candidato,25,3.125,Predictor candidato,Pendiente de revisión conceptual y estadística
KSSLR6YRED,ADULT MENTAL HEALTH,Predictor candidato,25,67.636,Predictor candidato,Pendiente de revisión conceptual y estadística
WHODASSCED,ADULT MENTAL HEALTH,Predictor candidato,25,2.875,Predictor candidato,Pendiente de revisión conceptual y estadística
WHODASDAED,ADULT MENTAL HEALTH,Predictor candidato,9,2.875,Predictor candidato,Pendiente de revisión conceptual y estadística
IRDSTNRV30,IMPUTED ADULT MENTAL HEALTH,Predictor candidato,5,0.0,Predictor candidato,Pendiente de revisión conceptual y estadística
IIDSTNRV30,IMPUTED ADULT MENTAL HEALTH,Predictor candidato,2,0.0,Predictor candidato,Pendiente de revisión conceptual y estadística
IRDSTHOP30,IMPUTED ADULT MENTAL HEALTH,Predictor candidato,5,0.0,Predictor candidato,Pendiente de revisión conceptual y estadística
IIDSTHOP30,IMPUTED ADULT MENTAL HEALTH,Predictor candidato,2,0.0,Predictor candidato,Pendiente de revisión conceptual y estadística
IRDSTRST30,IMPUTED ADULT MENTAL HEALTH,Predictor candidato,5,0.0,Predictor candidato,Pendiente de revisión conceptual y estadística
IIDSTRST30,IMPUTED ADULT MENTAL HEALTH,Predictor candidato,2,0.0,Predictor candidato,Pendiente de revisión conceptual y estadística
IRDSTCHR30,IMPUTED ADULT MENTAL HEALTH,Predictor candidato,5,0.0,Predictor candidato,Pendiente de revisión conceptual y estadística
IIDSTCHR30,IMPUTED ADULT MENTAL HEALTH,Predictor candidato,2,0.0,Predictor candidato,Pendiente de revisión conceptual y estadística
IRDSTEFF30,IMPUTED ADULT MENTAL HEALTH,Predictor candidato,5,0.0,Predictor candidato,Pendiente de revisión conceptual y estadística
IIDSTEFF30,IMPUTED ADULT MENTAL HEALTH,Predictor candidato,2,0.0,Predictor candidato,Pendiente de revisión conceptual y estadística
IRDSTNGD30,IMPUTED ADULT MENTAL HEALTH,Predictor candidato,5,0.0,Predictor candidato,Pendiente de revisión conceptual y estadística
IIDSTNGD30,IMPUTED ADULT MENTAL HEALTH,Predictor candidato,2,0.0,Predictor candidato,Pendiente de revisión conceptual y estadística
IRDSTWORST,IMPUTED ADULT MENTAL HEALTH,Predictor candidato,2,0.0,Predictor candidato,Pendiente de revisión conceptual y estadística
IIDSTWORST,IMPUTED ADULT MENTAL HEALTH,Predictor candidato,2,0.0,Predictor candidato,Pendiente de revisión conceptual y estadística
IRDSTNRV12,IMPUTED ADULT MENTAL HEALTH,Predictor candidato,6,0.0,Predictor candidato,Pendiente de revisión conceptual y estadística
IIDSTNRV12,IMPUTED ADULT MENTAL HEALTH,Predictor candidato,3,0.0,Predictor candidato,Pendiente de revisión conceptual y estadística
IRDSTHOP12,IMPUTED ADULT MENTAL HEALTH,Predictor candidato,6,0.0,Predictor candidato,Pendiente de revisión conceptual y estadística
IIDSTHOP12,IMPUTED ADULT MENTAL HEALTH,Predictor candidato,3,0.0,Predictor candidato,Pendiente de revisión conceptual y estadística
IRDSTRST12,IMPUTED ADULT MENTAL HEALTH,Predictor candidato,6,0.0,Predictor candidato,Pendiente de revisión conceptual y estadística
IIDSTRST12,IMPUTED ADULT MENTAL HEALTH,Predictor candidato,3,0.0,Predictor candidato,Pendiente de revisión conceptual y estadística
IRDSTCHR12,IMPUTED ADULT MENTAL HEALTH,Predictor candidato,6,0.0,Predictor candidato,Pendiente de revisión conceptual y estadística
IIDSTCHR12,IMPUTED ADULT MENTAL HEALTH,Predictor candidato,3,0.0,Predictor candidato,Pendiente de revisión conceptual y estadística
IRDSTEFF12,IMPUTED ADULT MENTAL HEALTH,Predictor candidato,6,0.0,Predictor candidato,Pendiente de revisión conceptual y estadística
IIDSTEFF12,IMPUTED ADULT MENTAL HEALTH,Predictor candidato,3,0.0,Predictor candidato,Pendiente de revisión conceptual y estadística
IRDSTNGD12,IMPUTED ADULT MENTAL HEALTH,Predictor candidato,6,0.0,Predictor candidato,Pendiente de revisión conceptual y estadística
IIDSTNGD12,IMPUTED ADULT MENTAL HEALTH,Predictor candidato,3,0.0,Predictor candidato,Pendiente de revisión conceptual y estadística
IRIMPREMEM,IMPUTED ADULT MENTAL HEALTH,Predictor candidato,5,0.0,Predictor candidato,Pendiente de revisión conceptual y estadística
IIIMPREMEM,IMPUTED ADULT MENTAL HEALTH,Predictor candidato,3,0.0,Predictor candidato,Pendiente de revisión conceptual y estadística
IRIMPCONCN,IMPUTED ADULT MENTAL HEALTH,Predictor candidato,5,0.0,Predictor candidato,Pendiente de revisión conceptual y estadística
IIIMPCONCN,IMPUTED ADULT MENTAL HEALTH,Predictor candidato,3,0.0,Predictor candidato,Pendiente de revisión conceptual y estadística
IRIMPGOUT,IMPUTED ADULT MENTAL HEALTH,Predictor candidato,6,0.0,Predictor candidato,Pendiente de revisión conceptual y estadística
IIIMPGOUT,IMPUTED ADULT MENTAL HEALTH,Predictor candidato,3,0.0,Predictor candidato,Pendiente de revisión conceptual y estadística
IRIMPGOUTM,IMPUTED ADULT MENTAL HEALTH,Predictor candidato,3,0.0,Predictor candidato,Pendiente de revisión conceptual y estadística
IIIMPGOUTM,IMPUTED ADULT MENTAL HEALTH,Predictor candidato,3,0.0,Predictor candidato,Pendiente de revisión conceptual y estadística
IRIMPPEOP,IMPUTED ADULT MENTAL HEALTH,Predictor candidato,6,0.0,Predictor candidato,Pendiente de revisión conceptual y estadística
IIIMPPEOP,IMPUTED ADULT MENTAL HEALTH,Predictor candidato,3,0.0,Predictor candidato,Pendiente de revisión conceptual y estadística
IRIMPPEOPM,IMPUTED ADULT MENTAL HEALTH,Predictor candidato,3,0.0,Predictor candidato,Pendiente de revisión conceptual y estadística
IIIMPPEOPM,IMPUTED ADULT MENTAL HEALTH,Predictor candidato,3,0.0,Predictor candidato,Pendiente de revisión conceptual y estadística
IRIMPSOC,IMPUTED ADULT MENTAL HEALTH,Predictor candidato,6,0.0,Predictor candidato,Pendiente de revisión conceptual y estadística
IIIMPSOC,IMPUTED ADULT MENTAL HEALTH,Predictor candidato,3,0.0,Predictor candidato,Pendiente de revisión conceptual y estadística
IRIMPSOCM,IMPUTED ADULT MENTAL HEALTH,Predictor candidato,3,0.0,Predictor candidato,Pendiente de revisión conceptual y estadística
IIIMPSOCM,IMPUTED ADULT MENTAL HEALTH,Predictor candidato,3,0.0,Predictor candidato,Pendiente de revisión conceptual y estadística
IRIMPHHLD,IMPUTED ADULT MENTAL HEALTH,Predictor candidato,6,0.0,Predictor candidato,Pendiente de revisión conceptual y estadística
IIIMPHHLD,IMPUTED ADULT MENTAL HEALTH,Predictor candidato,3,0.0,Predictor candidato,Pendiente de revisión conceptual y estadística
IRIMPHHLDM,IMPUTED ADULT MENTAL HEALTH,Predictor candidato,3,0.0,Predictor candidato,Pendiente de revisión conceptual y estadística
IIIMPHHLDM,IMPUTED ADULT MENTAL HEALTH,Predictor candidato,3,0.0,Predictor candidato,Pendiente de revisión conceptual y estadística
IRIMPRESP,IMPUTED ADULT MENTAL HEALTH,Predictor candidato,6,0.0,Predictor candidato,Pendiente de revisión conceptual y estadística
IIIMPRESP,IMPUTED ADULT MENTAL HEALTH,Predictor candidato,3,0.0,Predictor candidato,Pendiente de revisión conceptual y estadística
IRIMPRESPM,IMPUTED ADULT MENTAL HEALTH,Predictor candidato,3,0.0,Predictor candidato,Pendiente de revisión conceptual y estadística
IIIMPRESPM,IMPUTED ADULT MENTAL HEALTH,Predictor candidato,3,0.0,Predictor candidato,Pendiente de revisión conceptual y estadística
IRIMPWORK,IMPUTED ADULT MENTAL HEALTH,Predictor candidato,5,0.0,Predictor candidato,Pendiente de revisión conceptual y estadística
IIIMPWORK,IMPUTED ADULT MENTAL HEALTH,Predictor candidato,3,0.0,Predictor candidato,Pendiente de revisión conceptual y estadística
IRSUICTHNK,IMPUTED ADULT MENTAL HEALTH,Variable objetivo,2,0.0,Variable objetivo,Salida del sistema multisalida
IISUICTHNK,IMPUTED ADULT MENTAL HEALTH,Indicador de imputación de variable objetivo,2,0.0,Uso auxiliar,Indicador de imputación de una variable objetivo
IRSUIPLANYR,IMPUTED ADULT MENTAL HEALTH,Variable objetivo,2,0.0,Variable objetivo,Salida del sistema multisalida
IISUIPLANYR,IMPUTED ADULT MENTAL HEALTH,Indicador de imputación de variable objetivo,2,0.0,Uso auxiliar,Indicador de imputación de una variable objetivo
IRSUITRYYR,IMPUTED ADULT MENTAL HEALTH,Variable objetivo,2,0.0,Variable objetivo,Salida del sistema multisalida
IISUITRYYR,IMPUTED ADULT MENTAL HEALTH,Indicador de imputación de variable objetivo,2,0.0,Uso auxiliar,Indicador de imputación de una variable objetivo
IRAGADNRVANX,IMPUTED ADULT MENTAL HEALTH,Predictor candidato,4,0.0,Predictor candidato,Pendiente de revisión conceptual y estadística
IIAGADNRVANX,IMPUTED ADULT MENTAL HEALTH,Predictor candidato,2,0.0,Predictor candidato,Pendiente de revisión conceptual y estadística
IRAGADNTSTOP,IMPUTED ADULT MENTAL HEALTH,Predictor candidato,4,0.0,Predictor candidato,Pendiente de revisión conceptual y estadística
IIAGADNTSTOP,IMPUTED ADULT MENTAL HEALTH,Predictor candidato,2,0.0,Predictor candidato,Pendiente de revisión conceptual y estadística
IRAGADWRYMCH,IMPUTED ADULT MENTAL HEALTH,Predictor candidato,4,0.0,Predictor candidato,Pendiente de revisión conceptual y estadística
IIAGADWRYMCH,IMPUTED ADULT MENTAL HEALTH,Predictor candidato,2,0.0,Predictor candidato,Pendiente de revisión conceptual y estadística
IRAGADTRBRLX,IMPUTED ADULT MENTAL HEALTH,Predictor candidato,4,0.0,Predictor candidato,Pendiente de revisión conceptual y estadística
IIAGADTRBRLX,IMPUTED ADULT MENTAL HEALTH,Predictor candidato,2,0.0,Predictor candidato,Pendiente de revisión conceptual y estadística
IRAGADRSTLSS,IMPUTED ADULT MENTAL HEALTH,Predictor candidato,4,0.0,Predictor candidato,Pendiente de revisión conceptual y estadística
IIAGADRSTLSS,IMPUTED ADULT MENTAL HEALTH,Predictor candidato,2,0.0,Predictor candidato,Pendiente de revisión conceptual y estadística
IRAGADANNOY,IMPUTED ADULT MENTAL HEALTH,Predictor candidato,4,0.0,Predictor candidato,Pendiente de revisión conceptual y estadística
IIAGADANNOY,IMPUTED ADULT MENTAL HEALTH,Predictor candidato,2,0.0,Predictor candidato,Pendiente de revisión conceptual y estadística
IRAGADAWFUL,IMPUTED ADULT MENTAL HEALTH,Predictor candidato,4,0.0,Predictor candidato,Pendiente de revisión conceptual y estadística
IIAGADAWFUL,IMPUTED ADULT MENTAL HEALTH,Predictor candidato,2,0.0,Predictor candidato,Pendiente de revisión conceptual y estadística
KSSLR6MON,RECODED ADULT MENTAL HEALTH,Predictor candidato,25,0.0,Predictor candidato,Pendiente de revisión conceptual y estadística
SPDPSTMON,RECODED ADULT MENTAL HEALTH,Predictor candidato,2,0.0,Predictor candidato,Pendiente de revisión conceptual y estadística
KSSLR6YR,RECODED ADULT MENTAL HEALTH,Predictor candidato,25,66.568,Predictor candidato,Pendiente de revisión conceptual y estadística
KSSLR6MAX,RECODED ADULT MENTAL HEALTH,Predictor candidato,25,0.0,Predictor candidato,Pendiente de revisión conceptual y estadística
SPDPSTYR,RECODED ADULT MENTAL HEALTH,Predictor candidato,2,0.0,Predictor candidato,Pendiente de revisión conceptual y estadística
AKSSLR6WRST,RECODED ADULT MENTAL HEALTH,Predictor candidato,18,0.0,Predictor candidato,Pendiente de revisión conceptual y estadística
WHODASTOTSC,RECODED ADULT MENTAL HEALTH,Predictor candidato,25,0.0,Predictor candidato,Pendiente de revisión conceptual y estadística
WHODASDASC,RECODED ADULT MENTAL HEALTH,Predictor candidato,9,0.0,Predictor candidato,Pendiente de revisión conceptual y estadística
SMIPPPY,RECODED ADULT MENTAL HEALTH,Excluir por fuga de información,4185,0.0,Excluir de variables de entrada,Fuga de información confirmada documentalmente
SMIPY,RECODED ADULT MENTAL HEALTH,Excluir por fuga de información,2,0.0,Excluir de variables de entrada,Fuga de información confirmada documentalmente
AMIPY,RECODED ADULT MENTAL HEALTH,Excluir por fuga de información,2,0.0,Excluir de variables de entrada,Fuga de información confirmada documentalmente
SMMIPY,RECODED ADULT MENTAL HEALTH,Excluir por fuga de información,2,0.0,Excluir de variables de entrada,Fuga de información confirmada documentalmente
MMIPY,RECODED ADULT MENTAL HEALTH,Excluir por fuga de información,2,0.0,Excluir de variables de entrada,Fuga de información confirmada documentalmente
LMIPY,RECODED ADULT MENTAL HEALTH,Excluir por fuga de información,2,0.0,Excluir de variables de entrada,Fuga de información confirmada documentalmente
LMMIPY,RECODED ADULT MENTAL HEALTH,Excluir por fuga de información,2,0.0,Excluir de variables de entrada,Fuga de información confirmada documentalmente
MICATPY,RECODED ADULT MENTAL HEALTH,Excluir por fuga de información,4,0.0,Excluir de variables de entrada,Fuga de información confirmada documentalmente
SMISUD5ANY,RECODED ADULT MENTAL HEALTH,Excluir por fuga de información,2,0.0,Excluir de variables de entrada,Fuga de información confirmada documentalmente
AMISUD5ANY,RECODED ADULT MENTAL HEALTH,Excluir por fuga de información,2,0.0,Excluir de variables de entrada,Fuga de información confirmada documentalmente
LMMISUD5ANY,RECODED ADULT MENTAL HEALTH,Excluir por fuga de información,2,0.0,Excluir de variables de entrada,Fuga de información confirmada documentalmente
SMIRSUD5ANY,RECODED ADULT MENTAL HEALTH,Excluir por fuga de información,2,0.0,Excluir de variables de entrada,Fuga de información confirmada documentalmente
SMISUD5ANYO,RECODED ADULT MENTAL HEALTH,Excluir por fuga de información,4,0.0,Excluir de variables de entrada,Fuga de información confirmada documentalmente
AMIRSUD5ANY,RECODED ADULT MENTAL HEALTH,Excluir por fuga de información,2,0.0,Excluir de variables de entrada,Fuga de información confirmada documentalmente
AMISUD5ANYO,RECODED ADULT MENTAL HEALTH,Excluir por fuga de información,4,0.0,Excluir de variables de entrada,Fuga de información confirmada documentalmente
AGADTOTSC,RECODED ADULT MENTAL HEALTH,Predictor candidato,22,0.0,Predictor candidato,Pendiente de revisión conceptual y estadística
AGADSEVSYMP,RECODED ADULT MENTAL HEALTH,Predictor candidato,4,0.0,Predictor candidato,Pendiente de revisión conceptual y estadística
AGADMODOSEV,RECODED ADULT MENTAL HEALTH,Predictor candidato,3,0.0,Predictor candidato,Pendiente de revisión conceptual y estadística
ADSUITPAYR,RECODED ADULT MENTAL HEALTH,Excluir por fuga de información,2,0.0,Excluir de variables de entrada,Fuga de información confirmada documentalmente
ADSUITPACOM,RECODED ADULT MENTAL HEALTH,Excluir por fuga de información,8,0.0,Excluir de variables de entrada,Fuga de información confirmada documentalmente
ADDPREV,ADULT DEPRESSION,Excluir por fuga de información,6,0.0,Excluir de variables de entrada,Fuga de información confirmada documentalmente
ADDSCEV,ADULT DEPRESSION,Excluir por fuga de información,6,0.0,Excluir de variables de entrada,Fuga de información confirmada documentalmente
ADLOSEV,ADULT DEPRESSION,Excluir por fuga de información,6,0.0,Excluir de variables de entrada,Fuga de información confirmada documentalmente
ADDPDISC,ADULT DEPRESSION,Predictor candidato,7,0.0,Predictor candidato,Pendiente de revisión conceptual y estadística
ADDPLSIN,ADULT DEPRESSION,Predictor candidato,7,0.0,Predictor candidato,Pendiente de revisión conceptual y estadística
ADDSLSIN,ADULT DEPRESSION,Predictor candidato,6,0.0,Predictor candidato,Pendiente de revisión conceptual y estadística
ADLSI2WK,ADULT DEPRESSION,Excluir por fuga de información,6,0.0,Excluir de variables de entrada,Fuga de información confirmada documentalmente
ADDPR2WK,ADULT DEPRESSION,Excluir por fuga de información,7,0.0,Excluir de variables de entrada,Fuga de información confirmada documentalmente
ADWRHRS,ADULT DEPRESSION,Excluir por fuga de información,9,0.0,Excluir de variables de entrada,Fuga de información confirmada documentalmente
ADWRDST,ADULT DEPRESSION,Excluir por fuga de información,8,0.0,Excluir de variables de entrada,Fuga de información confirmada documentalmente
ADWRCHR,ADULT DEPRESSION,Excluir por fuga de información,8,0.0,Excluir de variables de entrada,Fuga de información confirmada documentalmente
ADWRIMP,ADULT DEPRESSION,Excluir por fuga de información,8,0.0,Excluir de variables de entrada,Fuga de información confirmada documentalmente
ADDPPROB,ADULT DEPRESSION,Excluir por fuga de información,6,0.0,Excluir de variables de entrada,Fuga de información confirmada documentalmente
ADWRPROB,ADULT DEPRESSION,Predictor candidato,6,0.0,Predictor candidato,Pendiente de revisión conceptual y estadística
ADWRAGE,ADULT DEPRESSION,Predictor candidato,93,0.0,Predictor candidato,Pendiente de revisión conceptual y estadística
ADWRDEPR,ADULT DEPRESSION,Predictor candidato,6,0.0,Predictor candidato,Pendiente de revisión conceptual y estadística
ADWRDISC,ADULT DEPRESSION,Predictor candidato,6,0.0,Predictor candidato,Pendiente de revisión conceptual y estadística
ADWRLSIN,ADULT DEPRESSION,Predictor candidato,6,0.0,Predictor candidato,Pendiente de revisión conceptual y estadística
ADWRPLSR,ADULT DEPRESSION,Predictor candidato,6,0.0,Predictor candidato,Pendiente de revisión conceptual y estadística
ADWRELES,ADULT DEPRESSION,Predictor candidato,6,0.0,Predictor candidato,Pendiente de revisión conceptual y estadística
ADWREMOR,ADULT DEPRESSION,Predictor candidato,6,0.0,Predictor candidato,Pendiente de revisión conceptual y estadística
ADWRGAIN,ADULT DEPRESSION,Predictor candidato,6,0.0,Predictor candidato,Pendiente de revisión conceptual y estadística
ADWRGROW,ADULT DEPRESSION,Predictor candidato,6,0.0,Predictor candidato,Pendiente de revisión conceptual y estadística
ADWRPREG,ADULT DEPRESSION,Predictor candidato,5,0.0,Predictor candidato,Pendiente de revisión conceptual y estadística
ADWRGNL2,ADULT DEPRESSION,Predictor candidato,31,0.0,Predictor candidato,Pendiente de revisión conceptual y estadística
ADWRLOSE,ADULT DEPRESSION,Predictor candidato,6,0.0,Predictor candidato,Pendiente de revisión conceptual y estadística
ADWRDIET,ADULT DEPRESSION,Predictor candidato,6,0.0,Predictor candidato,Pendiente de revisión conceptual y estadística
ADWRLSL2,ADULT DEPRESSION,Predictor candidato,32,0.0,Predictor candidato,Pendiente de revisión conceptual y estadística
ADWRSLEP,ADULT DEPRESSION,Predictor candidato,6,0.0,Predictor candidato,Pendiente de revisión conceptual y estadística
ADWRSMOR,ADULT DEPRESSION,Predictor candidato,6,0.0,Predictor candidato,Pendiente de revisión conceptual y estadística
ADWRENRG,ADULT DEPRESSION,Predictor candidato,6,0.0,Predictor candidato,Pendiente de revisión conceptual y estadística
ADWRSLOW,ADULT DEPRESSION,Predictor candidato,6,0.0,Predictor candidato,Pendiente de revisión conceptual y estadística
ADWRSLNO,ADULT DEPRESSION,Predictor candidato,6,0.0,Predictor candidato,Pendiente de revisión conceptual y estadística
ADWRJITT,ADULT DEPRESSION,Predictor candidato,6,0.0,Predictor candidato,Pendiente de revisión conceptual y estadística
ADWRJINO,ADULT DEPRESSION,Predictor candidato,6,0.0,Predictor candidato,Pendiente de revisión conceptual y estadística
ADWRTHOT,ADULT DEPRESSION,Predictor candidato,6,0.0,Predictor candidato,Pendiente de revisión conceptual y estadística
ADWRCONC,ADULT DEPRESSION,Predictor candidato,6,0.0,Predictor candidato,Pendiente de revisión conceptual y estadística
ADWRDCSN,ADULT DEPRESSION,Predictor candidato,6,0.0,Predictor candidato,Pendiente de revisión conceptual y estadística
ADWRNOGD,ADULT DEPRESSION,Predictor candidato,6,0.0,Predictor candidato,Pendiente de revisión conceptual y estadística
ADWRWRTH,ADULT DEPRESSION,Predictor candidato,5,0.0,Predictor candidato,Pendiente de revisión conceptual y estadística
AD_MDEA1,ADULT DEPRESSION,Predictor candidato,5,0.0,Predictor candidato,Pendiente de revisión conceptual y estadística
AD_MDEA2,ADULT DEPRESSION,Predictor candidato,5,0.0,Predictor candidato,Pendiente de revisión conceptual y estadística
AD_MDEA3,ADULT DEPRESSION,Predictor candidato,5,0.0,Predictor candidato,Pendiente de revisión conceptual y estadística
AD_MDEA4,ADULT DEPRESSION,Predictor candidato,5,0.0,Predictor candidato,Pendiente de revisión conceptual y estadística
AD_MDEA5,ADULT DEPRESSION,Predictor candidato,5,0.0,Predictor candidato,Pendiente de revisión conceptual y estadística
AD_MDEA6,ADULT DEPRESSION,Predictor candidato,5,0.0,Predictor candidato,Pendiente de revisión conceptual y estadística
AD_MDEA7,ADULT DEPRESSION,Predictor candidato,4,0.0,Predictor candidato,Pendiente de revisión conceptual y estadística
AD_MDEA8,ADULT DEPRESSION,Predictor candidato,5,0.0,Predictor candidato,Pendiente de revisión conceptual y estadística
ADSMMDEA,ADULT DEPRESSION,Excluir por fuga de información,5,0.0,Excluir de variables de entrada,Fuga de información confirmada documentalmente
ADPBINTF,ADULT DEPRESSION,Predictor candidato,9,0.0,Predictor candidato,Pendiente de revisión conceptual y estadística
ADPBDLYA,ADULT DEPRESSION,Predictor candidato,8,0.0,Predictor candidato,Pendiente de revisión conceptual y estadística
ADPBRMBR,ADULT DEPRESSION,Predictor candidato,6,0.0,Predictor candidato,Pendiente de revisión conceptual y estadística
ADPBAGE,ADULT DEPRESSION,Predictor candidato,90,0.0,Predictor candidato,Pendiente de revisión conceptual y estadística
ADPBNUM,ADULT DEPRESSION,Predictor candidato,146,0.0,Predictor candidato,Pendiente de revisión conceptual y estadística
ADPB2WK,ADULT DEPRESSION,Excluir por fuga de información,6,0.0,Excluir de variables de entrada,Fuga de información confirmada documentalmente
ADPSHMGT,ADULT DEPRESSION,Predictor candidato,15,0.0,Predictor candidato,Pendiente de revisión conceptual y estadística
ADPSWORK,ADULT DEPRESSION,Predictor candidato,15,0.0,Predictor candidato,Pendiente de revisión conceptual y estadística
ADPSRELS,ADULT DEPRESSION,Predictor candidato,15,0.0,Predictor candidato,Pendiente de revisión conceptual y estadística
ADPSSOC,ADULT DEPRESSION,Predictor candidato,15,0.0,Predictor candidato,Pendiente de revisión conceptual y estadística
ADPSDAYS,ADULT DEPRESSION,Predictor candidato,174,0.0,Predictor candidato,Pendiente de revisión conceptual y estadística
ADSEEDOC,ADULT DEPRESSION,Predictor candidato,6,0.0,Predictor candidato,Pendiente de revisión conceptual y estadística
ADFAMDOC,ADULT DEPRESSION,Predictor candidato,6,0.0,Predictor candidato,Pendiente de revisión conceptual y estadística
ADOTHDOC,ADULT DEPRESSION,Predictor candidato,7,0.0,Predictor candidato,Pendiente de revisión conceptual y estadística
ADPSYCH,ADULT DEPRESSION,Predictor candidato,7,0.0,Predictor candidato,Pendiente de revisión conceptual y estadística
ADPSYMD,ADULT DEPRESSION,Predictor candidato,6,0.0,Predictor candidato,Pendiente de revisión conceptual y estadística
ADSOCWRK,ADULT DEPRESSION,Predictor candidato,6,0.0,Predictor candidato,Pendiente de revisión conceptual y estadística
ADCOUNS,ADULT DEPRESSION,Predictor candidato,7,0.0,Predictor candidato,Pendiente de revisión conceptual y estadística
ADOTHMHP,ADULT DEPRESSION,Predictor candidato,7,0.0,Predictor candidato,Pendiente de revisión conceptual y estadística
ADNURSE,ADULT DEPRESSION,Predictor candidato,7,0.0,Predictor candidato,Pendiente de revisión conceptual y estadística
ADRELIG,ADULT DEPRESSION,Predictor candidato,7,0.0,Predictor candidato,Pendiente de revisión conceptual y estadística
ADHERBAL,ADULT DEPRESSION,Predictor candidato,7,0.0,Predictor candidato,Pendiente de revisión conceptual y estadística
ADOTHHLP,ADULT DEPRESSION,Predictor candidato,6,0.0,Predictor candidato,Pendiente de revisión conceptual y estadística
ADTMTNOW,ADULT DEPRESSION,Predictor candidato,6,0.0,Predictor candidato,Pendiente de revisión conceptual y estadística
ADRX12MO,ADULT DEPRESSION,Predictor candidato,6,0.0,Predictor candidato,Pendiente de revisión conceptual y estadística
ADRXNOW,ADULT DEPRESSION,Predictor candidato,6,0.0,Predictor candidato,Pendiente de revisión conceptual y estadística
ADRXHLP,ADULT DEPRESSION,Predictor candidato,9,0.0,Predictor candidato,Pendiente de revisión conceptual y estadística
ADTMTHLP,ADULT DEPRESSION,Predictor candidato,9,0.0,Predictor candidato,Pendiente de revisión conceptual y estadística
AMDELT,ADULT DEPRESSION,Excluir por fuga de información,2,3.281,Excluir de variables de entrada,Fuga de información confirmada documentalmente
AMDEYR,ADULT DEPRESSION,Excluir por fuga de información,2,3.467,Excluir de variables de entrada,Fuga de información confirmada documentalmente
ASDSHOM2,ADULT DEPRESSION,Predictor candidato,5,89.395,Predictor candidato,Pendiente de revisión conceptual y estadística
ASDSWRK2,ADULT DEPRESSION,Predictor candidato,5,89.408,Predictor candidato,Pendiente de revisión conceptual y estadística
ASDSREL2,ADULT DEPRESSION,Predictor candidato,5,89.378,Predictor candidato,Pendiente de revisión conceptual y estadística
ASDSSOC2,ADULT DEPRESSION,Predictor candidato,5,89.374,Predictor candidato,Pendiente de revisión conceptual y estadística
AMDEIMP,ADULT DEPRESSION,Predictor candidato,2,3.556,Predictor candidato,Pendiente de revisión conceptual y estadística
IRAMDELT,IMPUTED ADULT DEPRESSION,Predictor candidato,2,0.0,Predictor candidato,Pendiente de revisión conceptual y estadística
IIAMDELT,IMPUTED ADULT DEPRESSION,Predictor candidato,2,0.0,Predictor candidato,Pendiente de revisión conceptual y estadística
IRAMDEYR,IMPUTED ADULT DEPRESSION,Variable objetivo,2,0.0,Variable objetivo,Salida del sistema multisalida
IIAMDEYR,IMPUTED ADULT DEPRESSION,Indicador de imputación de variable objetivo,2,0.0,Uso auxiliar,Indicador de imputación de una variable objetivo
IRAMDEIMP,IMPUTED ADULT DEPRESSION,Predictor candidato,2,0.0,Predictor candidato,Pendiente de revisión conceptual y estadística
IIAMDEIMP,IMPUTED ADULT DEPRESSION,Predictor candidato,2,0.0,Predictor candidato,Pendiente de revisión conceptual y estadística
ATXMDEYR,RECODED ADULT DEPRESSION,Predictor candidato,2,80.355,Predictor candidato,Pendiente de revisión conceptual y estadística
ARXMDEYR,RECODED ADULT DEPRESSION,Predictor candidato,2,80.355,Predictor candidato,Pendiente de revisión conceptual y estadística
AMDETXRX,RECODED ADULT DEPRESSION,Predictor candidato,2,80.353,Predictor candidato,Pendiente de revisión conceptual y estadística
ADOCMDE,RECODED ADULT DEPRESSION,Predictor candidato,2,80.376,Predictor candidato,Pendiente de revisión conceptual y estadística
AOMDMDE,RECODED ADULT DEPRESSION,Predictor candidato,2,80.376,Predictor candidato,Pendiente de revisión conceptual y estadística
APSY1MDE,RECODED ADULT DEPRESSION,Predictor candidato,2,80.376,Predictor candidato,Pendiente de revisión conceptual y estadística
APSY2MDE,RECODED ADULT DEPRESSION,Predictor candidato,2,80.376,Predictor candidato,Pendiente de revisión conceptual y estadística
ASOCMDE,RECODED ADULT DEPRESSION,Predictor candidato,2,80.376,Predictor candidato,Pendiente de revisión conceptual y estadística
ACOUNMDE,RECODED ADULT DEPRESSION,Predictor candidato,2,80.376,Predictor candidato,Pendiente de revisión conceptual y estadística
AOMHMDE,RECODED ADULT DEPRESSION,Predictor candidato,2,80.376,Predictor candidato,Pendiente de revisión conceptual y estadística
ANURSMDE,RECODED ADULT DEPRESSION,Predictor candidato,2,80.376,Predictor candidato,Pendiente de revisión conceptual y estadística
ARELMDE,RECODED ADULT DEPRESSION,Predictor candidato,2,80.376,Predictor candidato,Pendiente de revisión conceptual y estadística
AHBCHMDE,RECODED ADULT DEPRESSION,Predictor candidato,2,80.376,Predictor candidato,Pendiente de revisión conceptual y estadística
AHLTMDE,RECODED ADULT DEPRESSION,Predictor candidato,2,80.376,Predictor candidato,Pendiente de revisión conceptual y estadística
AALTMDE,RECODED ADULT DEPRESSION,Predictor candidato,2,80.376,Predictor candidato,Pendiente de revisión conceptual y estadística
MHTSEEKTX2,MENTAL HEALTH SERVICES UTILIZATION,Predictor candidato,8,0.0,Predictor candidato,Pendiente de revisión conceptual y estadística
MHTSHLDTX2,MENTAL HEALTH SERVICES UTILIZATION,Predictor candidato,8,0.0,Predictor candidato,Pendiente de revisión conceptual y estadística
MHTUNCOST2,MENTAL HEALTH SERVICES UTILIZATION,Predictor candidato,6,0.0,Predictor candidato,Pendiente de revisión conceptual y estadística
MHTUNINSCV2,MENTAL HEALTH SERVICES UTILIZATION,Predictor candidato,6,0.0,Predictor candidato,Pendiente de revisión conceptual y estadística
MHTUNENFCV2,MENTAL HEALTH SERVICES UTILIZATION,Predictor candidato,6,0.0,Predictor candidato,Pendiente de revisión conceptual y estadística
MHTUNWHER2,MENTAL HEALTH SERVICES UTILIZATION,Predictor candidato,6,0.0,Predictor candidato,Pendiente de revisión conceptual y estadística
MHTUNNOFND2,MENTAL HEALTH SERVICES UTILIZATION,Predictor candidato,6,0.0,Predictor candidato,Pendiente de revisión conceptual y estadística
MHTUNNOOPN2,MENTAL HEALTH SERVICES UTILIZATION,Predictor candidato,6,0.0,Predictor candidato,Pendiente de revisión conceptual y estadística
MHTUNPROBS2,MENTAL HEALTH SERVICES UTILIZATION,Predictor candidato,6,0.0,Predictor candidato,Pendiente de revisión conceptual y estadística
MHTUNTIME2,MENTAL HEALTH SERVICES UTILIZATION,Predictor candidato,6,0.0,Predictor candidato,Pendiente de revisión conceptual y estadística
MHTUNPRIV2,MENTAL HEALTH SERVICES UTILIZATION,Predictor candidato,6,0.0,Predictor candidato,Pendiente de revisión conceptual y estadística
MHTUNPTHNK2,MENTAL HEALTH SERVICES UTILIZATION,Predictor candidato,6,0.0,Predictor candidato,Pendiente de revisión conceptual y estadística
MHTUNCONSQ2,MENTAL HEALTH SERVICES UTILIZATION,Predictor candidato,6,0.0,Predictor candidato,Pendiente de revisión conceptual y estadística
MHTUNSTART2,MENTAL HEALTH SERVICES UTILIZATION,Predictor candidato,6,0.0,Predictor candidato,Pendiente de revisión conceptual y estadística
MHTUNHNDL2,MENTAL HEALTH SERVICES UTILIZATION,Predictor candidato,6,0.0,Predictor candidato,Pendiente de revisión conceptual y estadística
MHTUNFFLKE2,MENTAL HEALTH SERVICES UTILIZATION,Predictor candidato,6,0.0,Predictor candidato,Pendiente de revisión conceptual y estadística
MHTUNFORCE2,MENTAL HEALTH SERVICES UTILIZATION,Predictor candidato,6,0.0,Predictor candidato,Pendiente de revisión conceptual y estadística
MHTUNMED2,MENTAL HEALTH SERVICES UTILIZATION,Predictor candidato,6,0.0,Predictor candidato,Pendiente de revisión conceptual y estadística
MHTUNNOHLP2,MENTAL HEALTH SERVICES UTILIZATION,Predictor candidato,6,0.0,Predictor candidato,Pendiente de revisión conceptual y estadística
MHTUNCARE2,MENTAL HEALTH SERVICES UTILIZATION,Predictor candidato,6,0.0,Predictor candidato,Pendiente de revisión conceptual y estadística
IRMHTSUPPGRP,IMPUTED MENTAL HEALTH SERVICES UTILIZATION,Predictor candidato,2,0.0,Predictor candidato,Pendiente de revisión conceptual y estadística
IIMHTSUPPGRP,IMPUTED MENTAL HEALTH SERVICES UTILIZATION,Predictor candidato,3,0.0,Predictor candidato,Pendiente de revisión conceptual y estadística
IRMHTERED,IMPUTED MENTAL HEALTH SERVICES UTILIZATION,Predictor candidato,2,0.0,Predictor candidato,Pendiente de revisión conceptual y estadística
IIMHTERED,IMPUTED MENTAL HEALTH SERVICES UTILIZATION,Predictor candidato,2,0.0,Predictor candidato,Pendiente de revisión conceptual y estadística
IRMHTINHOSP2,IMPUTED MENTAL HEALTH SERVICES UTILIZATION,Predictor candidato,2,0.0,Predictor candidato,Pendiente de revisión conceptual y estadística
IIMHTINHOSP2,IMPUTED MENTAL HEALTH SERVICES UTILIZATION,Predictor candidato,3,0.0,Predictor candidato,Pendiente de revisión conceptual y estadística
IRMHTINRSMH2,IMPUTED MENTAL HEALTH SERVICES UTILIZATION,Predictor candidato,2,0.0,Predictor candidato,Pendiente de revisión conceptual y estadística
IIMHTINRSMH2,IMPUTED MENTAL HEALTH SERVICES UTILIZATION,Predictor candidato,3,0.0,Predictor candidato,Pendiente de revisión conceptual y estadística
IRMHTINRHAB2,IMPUTED MENTAL HEALTH SERVICES UTILIZATION,Predictor candidato,2,0.0,Predictor candidato,Pendiente de revisión conceptual y estadística
IIMHTINRHAB2,IMPUTED MENTAL HEALTH SERVICES UTILIZATION,Predictor candidato,2,0.0,Predictor candidato,Pendiente de revisión conceptual y estadística
IRMHTINOPL2,IMPUTED MENTAL HEALTH SERVICES UTILIZATION,Predictor candidato,2,0.0,Predictor candidato,Pendiente de revisión conceptual y estadística
IIMHTINOPL2,IMPUTED MENTAL HEALTH SERVICES UTILIZATION,Predictor candidato,2,0.0,Predictor candidato,Pendiente de revisión conceptual y estadística
IRMHTOPMHCR2,IMPUTED MENTAL HEALTH SERVICES UTILIZATION,Predictor candidato,2,0.0,Predictor candidato,Pendiente de revisión conceptual y estadística
IIMHTOPMHCR2,IMPUTED MENTAL HEALTH SERVICES UTILIZATION,Predictor candidato,3,0.0,Predictor candidato,Pendiente de revisión conceptual y estadística
IRMHTOPRHAB2,IMPUTED MENTAL HEALTH SERVICES UTILIZATION,Predictor candidato,2,0.0,Predictor candidato,Pendiente de revisión conceptual y estadística
IIMHTOPRHAB2,IMPUTED MENTAL HEALTH SERVICES UTILIZATION,Predictor candidato,2,0.0,Predictor candidato,Pendiente de revisión conceptual y estadística
IRMHTOPTHRP2,IMPUTED MENTAL HEALTH SERVICES UTILIZATION,Predictor candidato,2,0.0,Predictor candidato,Pendiente de revisión conceptual y estadística
IIMHTOPTHRP2,IMPUTED MENTAL HEALTH SERVICES UTILIZATION,Predictor candidato,3,0.0,Predictor candidato,Pendiente de revisión conceptual y estadística
IRMHTOPDOC2,IMPUTED MENTAL HEALTH SERVICES UTILIZATION,Predictor candidato,2,0.0,Predictor candidato,Pendiente de revisión conceptual y estadística
IIMHTOPDOC2,IMPUTED MENTAL HEALTH SERVICES UTILIZATION,Predictor candidato,3,0.0,Predictor candidato,Pendiente de revisión conceptual y estadística
IRMHTOPHOSP2,IMPUTED MENTAL HEALTH SERVICES UTILIZATION,Predictor candidato,2,0.0,Predictor candidato,Pendiente de revisión conceptual y estadística
IIMHTOPHOSP2,IMPUTED MENTAL HEALTH SERVICES UTILIZATION,Predictor candidato,3,0.0,Predictor candidato,Pendiente de revisión conceptual y estadística
IRMHTOPSCHL2,IMPUTED MENTAL HEALTH SERVICES UTILIZATION,Predictor candidato,2,0.0,Predictor candidato,Pendiente de revisión conceptual y estadística
IIMHTOPSCHL2,IMPUTED MENTAL HEALTH SERVICES UTILIZATION,Predictor candidato,3,0.0,Predictor candidato,Pendiente de revisión conceptual y estadística
IRMHTOPOPL2,IMPUTED MENTAL HEALTH SERVICES UTILIZATION,Predictor candidato,2,0.0,Predictor candidato,Pendiente de revisión conceptual y estadística
IIMHTOPOPL2,IMPUTED MENTAL HEALTH SERVICES UTILIZATION,Predictor candidato,3,0.0,Predictor candidato,Pendiente de revisión conceptual y estadística
IRMHTRXMED,IMPUTED MENTAL HEALTH SERVICES UTILIZATION,Predictor candidato,2,0.0,Predictor candidato,Pendiente de revisión conceptual y estadística
IIMHTRXMED,IMPUTED MENTAL HEALTH SERVICES UTILIZATION,Predictor candidato,2,0.0,Predictor candidato,Pendiente de revisión conceptual y estadística
IRMHTPHVID,IMPUTED MENTAL HEALTH SERVICES UTILIZATION,Predictor candidato,2,0.0,Predictor candidato,Pendiente de revisión conceptual y estadística
IIMHTPHVID,IMPUTED MENTAL HEALTH SERVICES UTILIZATION,Predictor candidato,3,0.0,Predictor candidato,Pendiente de revisión conceptual y estadística
IRMHTPEERSPC,IMPUTED MENTAL HEALTH SERVICES UTILIZATION,Predictor candidato,2,0.0,Predictor candidato,Pendiente de revisión conceptual y estadística
IIMHTPEERSPC,IMPUTED MENTAL HEALTH SERVICES UTILIZATION,Predictor candidato,3,0.0,Predictor candidato,Pendiente de revisión conceptual y estadística
MHTINOTHPY2,RECODED MENTAL HEALTH SERVICES UTILIZATION,Predictor candidato,2,0.0,Predictor candidato,Pendiente de revisión conceptual y estadística
MHTINPPY2,RECODED MENTAL HEALTH SERVICES UTILIZATION,Predictor candidato,2,0.0,Predictor candidato,Pendiente de revisión conceptual y estadística
MHTOPOTPY2,RECODED MENTAL HEALTH SERVICES UTILIZATION,Predictor candidato,2,0.0,Predictor candidato,Pendiente de revisión conceptual y estadística
MHTOPPY2,RECODED MENTAL HEALTH SERVICES UTILIZATION,Predictor candidato,2,0.0,Predictor candidato,Pendiente de revisión conceptual y estadística
MHTOPNDOC2,RECODED MENTAL HEALTH SERVICES UTILIZATION,Predictor candidato,2,0.0,Predictor candidato,Pendiente de revisión conceptual y estadística
MHTRTPY2,RECODED MENTAL HEALTH SERVICES UTILIZATION,Predictor candidato,2,0.0,Predictor candidato,Pendiente de revisión conceptual y estadística
MHTRTOSVPY2,RECODED MENTAL HEALTH SERVICES UTILIZATION,Predictor candidato,2,0.0,Predictor candidato,Pendiente de revisión conceptual y estadística
MHTNSEEKPY2,RECODED MENTAL HEALTH SERVICES UTILIZATION,Predictor candidato,2,27.944,Predictor candidato,Pendiente de revisión conceptual y estadística
MHTSKTHPY2,RECODED MENTAL HEALTH SERVICES UTILIZATION,Predictor candidato,2,27.965,Predictor candidato,Pendiente de revisión conceptual y estadística
MHNTCOST2,RECODED MENTAL HEALTH SERVICES UTILIZATION,Predictor candidato,2,94.782,Predictor candidato,Pendiente de revisión conceptual y estadística
MHNTINSCV2,RECODED MENTAL HEALTH SERVICES UTILIZATION,Predictor candidato,2,95.12,Predictor candidato,Pendiente de revisión conceptual y estadística
MHNTENFCV2,RECODED MENTAL HEALTH SERVICES UTILIZATION,Predictor candidato,2,95.336,Predictor candidato,Pendiente de revisión conceptual y estadística
MHNTWHER2,RECODED MENTAL HEALTH SERVICES UTILIZATION,Predictor candidato,2,94.772,Predictor candidato,Pendiente de revisión conceptual y estadística
MHNTNOFND2,RECODED MENTAL HEALTH SERVICES UTILIZATION,Predictor candidato,2,94.958,Predictor candidato,Pendiente de revisión conceptual y estadística
MHNTNOOPN2,RECODED MENTAL HEALTH SERVICES UTILIZATION,Predictor candidato,2,95.061,Predictor candidato,Pendiente de revisión conceptual y estadística
MHNTPROBS2,RECODED MENTAL HEALTH SERVICES UTILIZATION,Predictor candidato,2,94.833,Predictor candidato,Pendiente de revisión conceptual y estadística
MHNTTIME2,RECODED MENTAL HEALTH SERVICES UTILIZATION,Predictor candidato,2,94.822,Predictor candidato,Pendiente de revisión conceptual y estadística
MHNTPRIV2,RECODED MENTAL HEALTH SERVICES UTILIZATION,Predictor candidato,2,94.814,Predictor candidato,Pendiente de revisión conceptual y estadística
MHNTPTHNK2,RECODED MENTAL HEALTH SERVICES UTILIZATION,Predictor candidato,2,94.776,Predictor candidato,Pendiente de revisión conceptual y estadística
MHNTCONSQ2,RECODED MENTAL HEALTH SERVICES UTILIZATION,Predictor candidato,2,94.812,Predictor candidato,Pendiente de revisión conceptual y estadística
MHNTSTART2,RECODED MENTAL HEALTH SERVICES UTILIZATION,Predictor candidato,2,94.873,Predictor candidato,Pendiente de revisión conceptual y estadística
MHNTHNDL2,RECODED MENTAL HEALTH SERVICES UTILIZATION,Predictor candidato,2,94.795,Predictor candidato,Pendiente de revisión conceptual y estadística
MHNTFFLKE2,RECODED MENTAL HEALTH SERVICES UTILIZATION,Predictor candidato,2,94.831,Predictor candidato,Pendiente de revisión conceptual y estadística
MHNTFORCE2,RECODED MENTAL HEALTH SERVICES UTILIZATION,Predictor candidato,2,94.81,Predictor candidato,Pendiente de revisión conceptual y estadística
MHNTMEDS2,RECODED MENTAL HEALTH SERVICES UTILIZATION,Predictor candidato,2,94.831,Predictor candidato,Pendiente de revisión conceptual y estadística
MHNTNOHLP2,RECODED MENTAL HEALTH SERVICES UTILIZATION,Predictor candidato,2,94.89,Predictor candidato,Pendiente de revisión conceptual y estadística
MHNTCARE2,RECODED MENTAL HEALTH SERVICES UTILIZATION,Predictor candidato,2,94.833,Predictor candidato,Pendiente de revisión conceptual y estadística
RCVSUTOMHT2,RECODED MENTAL HEALTH SERVICES UTILIZATION,Predictor candidato,2,0.0,Predictor candidato,Pendiente de revisión conceptual y estadística
RCVMHTNSUT2,RECODED MENTAL HEALTH SERVICES UTILIZATION,Predictor candidato,2,0.0,Predictor candidato,Pendiente de revisión conceptual y estadística
RCVSUTNMHT2,RECODED MENTAL HEALTH SERVICES UTILIZATION,Predictor candidato,2,0.0,Predictor candidato,Pendiente de revisión conceptual y estadística
RCVSUTAMHT2,RECODED MENTAL HEALTH SERVICES UTILIZATION,Predictor candidato,2,0.0,Predictor candidato,Pendiente de revisión conceptual y estadística
PREGSTAT,HEALTH,Predictor candidato,7,0.0,Predictor candidato,Pendiente de revisión conceptual y estadística
HTANSWER,HEALTH,Predictor candidato,6,0.0,Predictor candidato,Pendiente de revisión conceptual y estadística
HTINCHE2,HEALTH,Predictor candidato,25,0.0,Predictor candidato,Pendiente de revisión conceptual y estadística
WTANSWER,HEALTH,Predictor candidato,6,0.0,Predictor candidato,Pendiente de revisión conceptual y estadística
WTPOUND2,HEALTH,Predictor candidato,225,0.0,Predictor candidato,Pendiente de revisión conceptual y estadística
NMERTMT2,HEALTH,Predictor candidato,31,0.0,Predictor candidato,Pendiente de revisión conceptual y estadística
INHOSPYR,HEALTH,Predictor candidato,6,0.0,Predictor candidato,Pendiente de revisión conceptual y estadística
NMNGTHS2,HEALTH,Predictor candidato,36,0.0,Predictor candidato,Pendiente de revisión conceptual y estadística
NMVSOPT2,HEALTH,Predictor candidato,24,0.0,Predictor candidato,Pendiente de revisión conceptual y estadística
NMVSOEST,HEALTH,Predictor candidato,13,0.0,Predictor candidato,Pendiente de revisión conceptual y estadística
TELEAPTYR,HEALTH,Predictor candidato,6,0.0,Predictor candidato,Pendiente de revisión conceptual y estadística
HPUSETOB,HEALTH,Predictor candidato,7,0.0,Predictor candidato,Pendiente de revisión conceptual y estadística
HPUSEALC,HEALTH,Predictor candidato,7,0.0,Predictor candidato,Pendiente de revisión conceptual y estadística
HPUSEDRG,HEALTH,Predictor candidato,7,0.0,Predictor candidato,Pendiente de revisión conceptual y estadística
HPQTTOB,HEALTH,Predictor candidato,9,0.0,Predictor candidato,Pendiente de revisión conceptual y estadística
HPALCAMT2,HEALTH,Predictor candidato,8,0.0,Predictor candidato,Pendiente de revisión conceptual y estadística
HPALCFRQ2,HEALTH,Predictor candidato,9,0.0,Predictor candidato,Pendiente de revisión conceptual y estadística
HPALCPRB2,HEALTH,Predictor candidato,8,0.0,Predictor candidato,Pendiente de revisión conceptual y estadística
HPALCCUT2,HEALTH,Predictor candidato,8,0.0,Predictor candidato,Pendiente de revisión conceptual y estadística
HPALCTX2,HEALTH,Predictor candidato,8,0.0,Predictor candidato,Pendiente de revisión conceptual y estadística
HPALCNOT2,HEALTH,Predictor candidato,8,0.0,Predictor candidato,Pendiente de revisión conceptual y estadística
HPDRGTALK,HEALTH,Predictor candidato,9,0.0,Predictor candidato,Pendiente de revisión conceptual y estadística
HRTCONDEV2,HEALTH,Predictor candidato,6,0.0,Predictor candidato,Pendiente de revisión conceptual y estadística
DIABETEVR2,HEALTH,Predictor candidato,6,0.0,Predictor candidato,Pendiente de revisión conceptual y estadística
COPDEVER2,HEALTH,Predictor candidato,6,0.0,Predictor candidato,Pendiente de revisión conceptual y estadística
CIRROSEVR2,HEALTH,Predictor candidato,6,0.0,Predictor candidato,Pendiente de revisión conceptual y estadística
HEPBCEVER2,HEALTH,Predictor candidato,6,0.0,Predictor candidato,Pendiente de revisión conceptual y estadística
KIDNYDSEV2,HEALTH,Predictor candidato,6,0.0,Predictor candidato,Pendiente de revisión conceptual y estadística
ASTHMAEVR2,HEALTH,Predictor candidato,6,0.0,Predictor candidato,Pendiente de revisión conceptual y estadística
HIVAIDSEV2,HEALTH,Predictor candidato,6,0.0,Predictor candidato,Pendiente de revisión conceptual y estadística
CANCEREVR2,HEALTH,Predictor candidato,6,0.0,Predictor candidato,Pendiente de revisión conceptual y estadística
HIGHBPEVR2,HEALTH,Predictor candidato,6,0.0,Predictor candidato,Pendiente de revisión conceptual y estadística
NONABOVEV2,HEALTH,Predictor candidato,6,0.0,Predictor candidato,Pendiente de revisión conceptual y estadística
CABLADDER,HEALTH,Predictor candidato,7,0.0,Predictor candidato,Pendiente de revisión conceptual y estadística
CABLOLEULYM,HEALTH,Predictor candidato,7,0.0,Predictor candidato,Pendiente de revisión conceptual y estadística
CAOTHER2,HEALTH,Predictor candidato,7,0.0,Predictor candidato,Pendiente de revisión conceptual y estadística
CABREAST,HEALTH,Predictor candidato,7,0.0,Predictor candidato,Pendiente de revisión conceptual y estadística
CACERVIX,HEALTH,Predictor candidato,7,0.0,Predictor candidato,Pendiente de revisión conceptual y estadística
CACOLNRECT,HEALTH,Predictor candidato,7,0.0,Predictor candidato,Pendiente de revisión conceptual y estadística
CAESOPSTOM,HEALTH,Predictor candidato,7,0.0,Predictor candidato,Pendiente de revisión conceptual y estadística
CAGALLIVPAN,HEALTH,Predictor candidato,7,0.0,Predictor candidato,Pendiente de revisión conceptual y estadística
CAKIDNEY,HEALTH,Predictor candidato,7,0.0,Predictor candidato,Pendiente de revisión conceptual y estadística
CALARYLUNG,HEALTH,Predictor candidato,7,0.0,Predictor candidato,Pendiente de revisión conceptual y estadística
CAMELANOM,HEALTH,Predictor candidato,7,0.0,Predictor candidato,Pendiente de revisión conceptual y estadística
CAMOUTTHRO,HEALTH,Predictor candidato,7,0.0,Predictor candidato,Pendiente de revisión conceptual y estadística
CAOVARY,HEALTH,Predictor candidato,7,0.0,Predictor candidato,Pendiente de revisión conceptual y estadística
CAPROSTEST,HEALTH,Predictor candidato,7,0.0,Predictor candidato,Pendiente de revisión conceptual y estadística
CASKINOTH,HEALTH,Predictor candidato,7,0.0,Predictor candidato,Pendiente de revisión conceptual y estadística
CASKINDK,HEALTH,Predictor candidato,7,0.0,Predictor candidato,Pendiente de revisión conceptual y estadística
CATHYROID,HEALTH,Predictor candidato,7,0.0,Predictor candidato,Pendiente de revisión conceptual y estadística
CAUTERUS,HEALTH,Predictor candidato,7,0.0,Predictor candidato,Pendiente de revisión conceptual y estadística
CANCERYR,HEALTH,Predictor candidato,9,0.0,Predictor candidato,Pendiente de revisión conceptual y estadística
HRTCONDAG,HEALTH,Predictor candidato,96,0.0,Predictor candidato,Pendiente de revisión conceptual y estadística
HRTCONDYR,HEALTH,Predictor candidato,8,0.0,Predictor candidato,Pendiente de revisión conceptual y estadística
DIABETEAG,HEALTH,Predictor candidato,90,0.0,Predictor candidato,Pendiente de revisión conceptual y estadística
COPDAGE,HEALTH,Predictor candidato,90,0.0,Predictor candidato,Pendiente de revisión conceptual y estadística
CIRROSAGE,HEALTH,Predictor candidato,59,0.0,Predictor candidato,Pendiente de revisión conceptual y estadística
HEPBCAGE,HEALTH,Predictor candidato,72,0.0,Predictor candidato,Pendiente de revisión conceptual y estadística
KIDNYDSAG,HEALTH,Predictor candidato,91,0.0,Predictor candidato,Pendiente de revisión conceptual y estadística
ASTHMAAGE,HEALTH,Predictor candidato,85,0.0,Predictor candidato,Pendiente de revisión conceptual y estadística
ASTHMANOW,HEALTH,Predictor candidato,7,0.0,Predictor candidato,Pendiente de revisión conceptual y estadística
HIVAIDSAG,HEALTH,Predictor candidato,40,0.0,Predictor candidato,Pendiente de revisión conceptual y estadística
HIGHBPMED,HEALTH,Predictor candidato,7,0.0,Predictor candidato,Pendiente de revisión conceptual y estadística
HIGHBPAGE,HEALTH,Predictor candidato,93,0.0,Predictor candidato,Pendiente de revisión conceptual y estadística
PREGST,RECODED HEALTH,Predictor candidato,3,0.808,Predictor candidato,Pendiente de revisión conceptual y estadística
BMI2,RECODED HEALTH,Predictor candidato,3067,4.757,Predictor candidato,Pendiente de revisión conceptual y estadística
TELEAPTYR2,RECODED HEALTH,Predictor candidato,2,2.171,Predictor candidato,Pendiente de revisión conceptual y estadística
CASUPROB,EMERGING ISSUES,Predictor candidato,6,0.0,Predictor candidato,Pendiente de revisión conceptual y estadística
CASURCVR,EMERGING ISSUES,Predictor candidato,7,0.0,Predictor candidato,Pendiente de revisión conceptual y estadística
CAMHPROB,EMERGING ISSUES,Predictor candidato,6,0.0,Predictor candidato,Pendiente de revisión conceptual y estadística
CAMHRCVR,EMERGING ISSUES,Predictor candidato,7,0.0,Predictor candidato,Pendiente de revisión conceptual y estadística
KRATEVER,EMERGING ISSUES,Predictor candidato,6,0.0,Predictor candidato,Pendiente de revisión conceptual y estadística
KRATREC,EMERGING ISSUES,Predictor candidato,7,0.0,Predictor candidato,Pendiente de revisión conceptual y estadística
FLVVAPEVR,EMERGING ISSUES,Predictor candidato,6,0.0,Predictor candidato,Pendiente de revisión conceptual y estadística
FLVVAPREC,EMERGING ISSUES,Predictor candidato,7,0.0,Predictor candidato,Pendiente de revisión conceptual y estadística
SYNMRJEVR,EMERGING ISSUES,Predictor candidato,6,0.0,Predictor candidato,Pendiente de revisión conceptual y estadística
SYNMRJREC,EMERGING ISSUES,Predictor candidato,7,0.0,Predictor candidato,Pendiente de revisión conceptual y estadística
SYNSTMEVR,EMERGING ISSUES,Predictor candidato,6,0.0,Predictor candidato,Pendiente de revisión conceptual y estadística
SYNSTMREC,EMERGING ISSUES,Predictor candidato,7,0.0,Predictor candidato,Pendiente de revisión conceptual y estadística
IMFEVER,EMERGING ISSUES,Predictor candidato,6,0.0,Predictor candidato,Pendiente de revisión conceptual y estadística
IMFNDLEVER,EMERGING ISSUES,Predictor candidato,6,0.0,Predictor candidato,Pendiente de revisión conceptual y estadística
IRKRATREC,IMPUTED EMERGING ISSUES,Predictor candidato,4,0.0,Predictor candidato,Pendiente de revisión conceptual y estadística
IIKRATREC,IMPUTED EMERGING ISSUES,Predictor candidato,3,0.0,Predictor candidato,Pendiente de revisión conceptual y estadística
IRFLVVAPREC,IMPUTED EMERGING ISSUES,Predictor candidato,4,0.0,Predictor candidato,Pendiente de revisión conceptual y estadística
IIFLVVAPREC,IMPUTED EMERGING ISSUES,Predictor candidato,3,0.0,Predictor candidato,Pendiente de revisión conceptual y estadística
IRSYNMRJREC,IMPUTED EMERGING ISSUES,Predictor candidato,4,0.0,Predictor candidato,Pendiente de revisión conceptual y estadística
IISYNMRJREC,IMPUTED EMERGING ISSUES,Predictor candidato,3,0.0,Predictor candidato,Pendiente de revisión conceptual y estadística
IRSYNSTMREC,IMPUTED EMERGING ISSUES,Predictor candidato,4,0.0,Predictor candidato,Pendiente de revisión conceptual y estadística
IISYNSTMREC,IMPUTED EMERGING ISSUES,Predictor candidato,3,0.0,Predictor candidato,Pendiente de revisión conceptual y estadística
IRIMFREC,IMPUTED EMERGING ISSUES,Predictor candidato,4,0.0,Predictor candidato,Pendiente de revisión conceptual y estadística
IIIMFREC,IMPUTED EMERGING ISSUES,Predictor candidato,3,0.0,Predictor candidato,Pendiente de revisión conceptual y estadística
CASUPROB2,RECODED EMERGING ISSUES,Predictor candidato,2,3.351,Predictor candidato,Pendiente de revisión conceptual y estadística
RCVYSUBPRB,RECODED EMERGING ISSUES,Predictor candidato,2,3.376,Predictor candidato,Pendiente de revisión conceptual y estadística
CAMHPROB2,RECODED EMERGING ISSUES,Predictor candidato,2,3.302,Predictor candidato,Pendiente de revisión conceptual y estadística
RCVYMHPRB,RECODED EMERGING ISSUES,Predictor candidato,2,3.546,Predictor candidato,Pendiente de revisión conceptual y estadística
KRATOMFLAG,RECODED EMERGING ISSUES,Predictor candidato,2,0.0,Predictor candidato,Pendiente de revisión conceptual y estadística
KRATOMYR,RECODED EMERGING ISSUES,Predictor candidato,2,0.0,Predictor candidato,Pendiente de revisión conceptual y estadística
KRATOMMON,RECODED EMERGING ISSUES,Predictor candidato,2,0.0,Predictor candidato,Pendiente de revisión conceptual y estadística
FLVVAPFLAG,RECODED EMERGING ISSUES,Predictor candidato,2,0.0,Predictor candidato,Pendiente de revisión conceptual y estadística
FLVVAPYR,RECODED EMERGING ISSUES,Predictor candidato,2,0.0,Predictor candidato,Pendiente de revisión conceptual y estadística
FLVVAPMON,RECODED EMERGING ISSUES,Predictor candidato,2,0.0,Predictor candidato,Pendiente de revisión conceptual y estadística
SYNMRJFLAG,RECODED EMERGING ISSUES,Predictor candidato,2,0.0,Predictor candidato,Pendiente de revisión conceptual y estadística
SYNMRJYR,RECODED EMERGING ISSUES,Predictor candidato,2,0.0,Predictor candidato,Pendiente de revisión conceptual y estadística
SYNMRJMON,RECODED EMERGING ISSUES,Predictor candidato,2,0.0,Predictor candidato,Pendiente de revisión conceptual y estadística
SYNSTMFLAG,RECODED EMERGING ISSUES,Predictor candidato,2,0.0,Predictor candidato,Pendiente de revisión conceptual y estadística
SYNSTMYR,RECODED EMERGING ISSUES,Predictor candidato,2,0.0,Predictor candidato,Pendiente de revisión conceptual y estadística
SYNSTMMON,RECODED EMERGING ISSUES,Predictor candidato,2,0.0,Predictor candidato,Pendiente de revisión conceptual y estadística
IMFFLAG,RECODED EMERGING ISSUES,Predictor candidato,2,0.0,Predictor candidato,Pendiente de revisión conceptual y estadística
IMFYR,RECODED EMERGING ISSUES,Predictor candidato,2,0.0,Predictor candidato,Pendiente de revisión conceptual y estadística
IMFMON,RECODED EMERGING ISSUES,Predictor candidato,2,0.0,Predictor candidato,Pendiente de revisión conceptual y estadística
IMFNEDFLAG,RECODED EMERGING ISSUES,Predictor candidato,2,0.055,Predictor candidato,Pendiente de revisión conceptual y estadística
ANYNEDFLAG,RECODED EMERGING ISSUES,Predictor candidato,2,0.581,Predictor candidato,Pendiente de revisión conceptual y estadística
ANYNEDYR,RECODED EMERGING ISSUES,Predictor candidato,2,0.564,Predictor candidato,Pendiente de revisión conceptual y estadística
FPIMFANYYR2,RECODED EMERGING ISSUES,Predictor candidato,2,0.0,Predictor candidato,Pendiente de revisión conceptual y estadística
FPIMFNMYR,RECODED EMERGING ISSUES,Predictor candidato,2,0.0,Predictor candidato,Pendiente de revisión conceptual y estadística
OPIIMFNMYR2,RECODED EMERGING ISSUES,Predictor candidato,2,0.0,Predictor candidato,Pendiente de revisión conceptual y estadística
OPIIMFNMMN2,RECODED EMERGING ISSUES,Predictor candidato,2,0.0,Predictor candidato,Pendiente de revisión conceptual y estadística
ILIMFOTHFG,RECODED EMERGING ISSUES,Predictor candidato,2,0.0,Predictor candidato,Pendiente de revisión conceptual y estadística
ILIMFOTHYR,RECODED EMERGING ISSUES,Predictor candidato,2,0.0,Predictor candidato,Pendiente de revisión conceptual y estadística
ILIMFOTHMN,RECODED EMERGING ISSUES,Predictor candidato,2,0.0,Predictor candidato,Pendiente de revisión conceptual y estadística
LANGVER,INTERVIEW INFORMATION,Predictor candidato,2,0.0,Predictor candidato,Pendiente de revisión conceptual y estadística
GQTYPE2,INTERVIEW INFORMATION,Predictor candidato,2,99.505,Predictor candidato,Pendiente de revisión conceptual y estadística
