variable,etiqueta_codebook,modulo,tipo_version,n_informativos,pct_valores_informativos,es_tecnica,es_residual,es_sensibilidad,decision_funcional
ADCOUNS,COUNSELOR TALKED W/ABOUT FEELINGS PAST 12 MOS,ADULT DEPRESSION,Original u otra,4482,9.476,False,False,False,Conservar como predictor principal
ADDPDISC,FEEL DISCRGD ABOUT LIFE WHEN SAD/EMPTY/DEPRESSED,ADULT DEPRESSION,Original u otra,16012,33.853,False,False,False,Conservar como predictor principal
ADDPLSIN,EVER LOSE INT IN THINGS WHEN SAD/EMPTY/DEPRESSED,ADULT DEPRESSION,Original u otra,16015,33.859,False,False,False,Conservar como predictor principal
ADDSLSIN,EVER LOSE INT IN THNGS WHEN FEELING DISCOURGAGED,ADULT DEPRESSION,Original u otra,2761,5.837,False,False,False,Conservar como predictor principal
ADFAMDOC,GEN/FAM DOC TALKED W/ABT FEELINGS PAST 12 MOS,ADULT DEPRESSION,Original u otra,4487,9.486,False,False,False,Conservar como predictor principal
ADHERBAL,HERBALIST TALKED W/ABOUT FEELINGS PAST 12 MOS,ADULT DEPRESSION,Original u otra,4486,9.484,False,False,False,Conservar como predictor principal
ADNURSE,NURSE ETC.TALKED W/ABOUT FEELINGS PAST 12 MOS,ADULT DEPRESSION,Original u otra,4476,9.463,False,False,False,Conservar como predictor principal
ADOTHDOC,OTH DR TALKED W/ABOUT FEELINGS PAST 12 MOS,ADULT DEPRESSION,Original u otra,4485,9.482,False,False,False,Conservar como predictor principal
ADOTHHLP,OTH HELP PROF TALKED W/ABOUT FEELINGS PAST 12 MOS,ADULT DEPRESSION,Original u otra,4487,9.486,False,False,False,Conservar como predictor principal
ADOTHMHP,MENTAL PROF TALKED W/ABOUT FEELINGS PAST 12 MOS,ADULT DEPRESSION,Original u otra,4486,9.484,False,False,False,Conservar como predictor principal
ADPBAGE,AGE WHEN FIRST 2+ WK PERIOD OF TIME STARTED,ADULT DEPRESSION,Original u otra,9060,19.155,False,False,False,Conservar como predictor principal
ADPBDLYA,WHEN PRBLMS WORST UNABLE TO CARRY OUT DLY ACTVTS,ADULT DEPRESSION,Original u otra,9096,19.231,False,False,False,Conservar como predictor principal
ADPBINTF,WHEN PRBLMS WORST INTERFERE WITH WORK/ PRSNL LIFE,ADULT DEPRESSION,Original u otra,9308,19.679,False,False,False,Conservar como predictor principal
ADPBNUM,# TIMES FELT THIS WAY FOR 2 WKS/LNGR DURING LIFE,ADULT DEPRESSION,Original u otra,8776,18.554,False,False,False,Conservar como predictor principal
ADPBRMBR,RMBR AGE WHEN FIRST 2+ WK PERIOD OF TIME STARTED,ADULT DEPRESSION,Original u otra,9260,19.578,False,False,False,Conservar como predictor principal
ADPSDAYS,# DYS UNABLE TO WORK/CARRY OUT DLY ACT PST 12 MOS,ADULT DEPRESSION,Original u otra,4876,10.309,False,False,False,Conservar como predictor principal
ADPSHMGT,HOW MUCH DID FEELINGS INTERFERE WITH HOME MNGMT,ADULT DEPRESSION,Original u otra,5016,10.605,False,False,False,Conservar como predictor principal
ADPSRELS,HOW MUCH DID FEELING INTERFERE WITH RELATIONSHIPS,ADULT DEPRESSION,Original u otra,5024,10.622,False,False,False,Conservar como predictor principal
ADPSSOC,HOW MUCH DID FEELINGS INTERFERE WITH SOCIAL LIFE,ADULT DEPRESSION,Original u otra,5026,10.626,False,False,False,Conservar como predictor principal
ADPSWORK,HOW MUCH DID FEELING INTERFERE WITH ABLTY TO WORK,ADULT DEPRESSION,Original u otra,5010,10.592,False,False,False,Conservar como predictor principal
ADPSYCH,PSYCHOLOGIST TALKED W/ABOUT FEELINGS PAST 12 MOS,ADULT DEPRESSION,Original u otra,4486,9.484,False,False,False,Conservar como predictor principal
ADPSYMD,PSYCHIATRIST TALKED W/ABOUT FEELINGS PAST 12 MOS,ADULT DEPRESSION,Original u otra,4487,9.486,False,False,False,Conservar como predictor principal
ADRELIG,RELIGIOUS ADVSR TLKED W/ABOUT FEELINGS PST 12 MOS,ADULT DEPRESSION,Original u otra,4481,9.474,False,False,False,Conservar como predictor principal
ADRX12MO,TAKE PRES MEDS PRESCRIBED FOR MOOD PAST 12 MONTHS,ADULT DEPRESSION,Original u otra,9292,19.645,False,False,False,Conservar como predictor principal
ADRXHLP,HOW MUCH HAS PRESC MEDS FOR MOOD HELPED PST 12 MO,ADULT DEPRESSION,Original u otra,3833,8.104,False,False,False,Conservar como predictor principal
ADRXNOW,CURRENTLY TAKING PRESC MEDS PRESCRIBED FOR MOOD,ADULT DEPRESSION,Original u otra,3846,8.131,False,False,False,Conservar como predictor principal
ADSEEDOC,SEE/TALK TO DR/OTH PROF ABT FEELINGS PAST 12 MOS,ADULT DEPRESSION,Original u otra,9292,19.645,False,False,False,Conservar como predictor principal
ADSOCWRK,SOCIAL WORKER TALKED W/ABOUT FEELINGS PAST 12 MOS,ADULT DEPRESSION,Original u otra,4487,9.486,False,False,False,Conservar como predictor principal
ADTMTHLP,HOW MUCH HAS TRMT/COUNSLG HELPED PST 12 MOS,ADULT DEPRESSION,Original u otra,4451,9.41,False,False,False,Conservar como predictor principal
ADTMTNOW,CURRENTLY RCVNG PROF TREATMENT/COUNSLG FOR MOOD,ADULT DEPRESSION,Original u otra,4494,9.501,False,False,False,Conservar como predictor principal
ADWRAGE,AGE WHEN WORST PERIOD OF TIME STARTED,ADULT DEPRESSION,Original u otra,10226,21.62,False,False,False,Conservar como predictor principal
ADWRCONC,WHEN PRBLMS WORST HAVE TROUBLE CONCENTRATING,ADULT DEPRESSION,Original u otra,9816,20.753,False,False,False,Conservar como predictor principal
ADWRDCSN,WHEN PRBLMS WORST UNABLE TO MAKE DECISIONS,ADULT DEPRESSION,Original u otra,9797,20.713,False,False,False,Conservar como predictor principal
ADWRDEPR,WHEN PRBLMS WORST FELT SAD/EMPTY/DPRSD EVERY DAY,ADULT DEPRESSION,Original u otra,10383,21.952,False,False,False,Conservar como predictor principal
ADWRDIET,WHEN PRBLMS WORST LOSE WGHT W/O TRYING BC SICK/DT,ADULT DEPRESSION,Original u otra,4691,9.918,False,False,False,Conservar como predictor principal
ADWRDISC,WHEN PRBLMS WORST FELT DISCRGED ABT LIFE EVERYDAY,ADULT DEPRESSION,Original u otra,10381,21.948,False,False,False,Conservar como predictor principal
ADWRELES,WHEN PRBLMS WORST HAVE SMALLER APPETITE EVERY DAY,ADULT DEPRESSION,Original u otra,9813,20.747,False,False,False,Conservar como predictor principal
ADWREMOR,WHEN PRBLMS WORST HAVE LARGER APPETITE EVERY DAY,ADULT DEPRESSION,Original u otra,3668,7.755,False,False,False,Conservar como predictor principal
ADWRENRG,WHEN PRBLMS WORST FEEL TIRED/LOW ON ENERGY EVRYDY,ADULT DEPRESSION,Original u otra,9857,20.84,False,False,False,Conservar como predictor principal
ADWRGAIN,WHEN PRBLMS WORST DID YOU GAIN WEIGHT W/O TRYING,ADULT DEPRESSION,Original u otra,3664,7.746,False,False,False,Conservar como predictor principal
ADWRGNL2,WHEN PRBLMS WORST # LBS GAINED WITHOUT TRYING,ADULT DEPRESSION,Original u otra,1700,3.594,False,False,False,Conservar como predictor principal
ADWRGROW,WHEN PRBLMS WORST GAIN WGHT W/O TRYING BC GROWING,ADULT DEPRESSION,Original u otra,831,1.757,False,False,False,Conservar como predictor principal
ADWRJINO,WHEN PRBLMS WORST PEOP NOTICE YOU WERE RSTLSS,ADULT DEPRESSION,Original u otra,1143,2.417,False,False,False,Conservar como predictor principal
ADWRJITT,WHEN PRBLMS WORST RSTLSS/JITTRY/PACING EVERYDAY,ADULT DEPRESSION,Original u otra,4795,10.138,False,False,False,Conservar como predictor principal
ADWRLOSE,WHEN PRBLMS WORST DID YOU LOSE WEIGHT W/O TRYING,ADULT DEPRESSION,Original u otra,7812,16.516,False,False,False,Conservar como predictor principal
ADWRLSIN,WHEN PRBLMS WORST LOSE INTRST IN ENJOYABLE THINGS,ADULT DEPRESSION,Original u otra,10390,21.967,False,False,False,Conservar como predictor principal
ADWRLSL2,WHEN PRBLMS WORST # LBS LOST WITHOUT TRYING,ADULT DEPRESSION,Original u otra,3660,7.738,False,False,False,Conservar como predictor principal
ADWRNOGD,WHEN PRBLMS WRST FEEL NOT AS GOOD AS OTHER PEOPLE,ADULT DEPRESSION,Original u otra,9830,20.783,False,False,False,Conservar como predictor principal
ADWRPLSR,WHEN PRBLMS WORST LOSE PLSURE IN GOOD THINGS,ADULT DEPRESSION,Original u otra,10380,21.945,False,False,False,Conservar como predictor principal
ADWRPREG,WHEN PRBLMS WORST GAIN WGHT W/O TRYING BC PRGN,ADULT DEPRESSION,Original u otra,1211,2.56,False,False,False,Conservar como predictor principal
ADWRPROB,ONE PARTICULAR TIME THAT IS THE WORST ONE EVER,ADULT DEPRESSION,Original u otra,10372,21.929,False,False,False,Conservar como predictor principal
ADWRSLEP,WHEN PRBLMS WORST HAVE PRBS SLEEPING/WAKING EARLY,ADULT DEPRESSION,Original u otra,9838,20.8,False,False,False,Conservar como predictor principal
ADWRSLNO,WHEN PRBLMS WORST PEOP NOTICE SLOWER THAN USUAL,ADULT DEPRESSION,Original u otra,4990,10.55,False,False,False,Conservar como predictor principal
ADWRSLOW,WHEN PRBLMS WORST TALK/MOVE SLOWER THAN USUAL,ADULT DEPRESSION,Original u otra,9774,20.664,False,False,False,Conservar como predictor principal
ADWRSMOR,WHEN PRBLMS WORST SLEEP A LOT MORE THAN USUAL,ADULT DEPRESSION,Original u otra,1947,4.116,False,False,False,Conservar como predictor principal
ADWRTHOT,WHEN PRBLMS WORST THGHTS SLOWER/MORE CONFUSING,ADULT DEPRESSION,Original u otra,9775,20.666,False,False,False,Conservar como predictor principal
ADWRWRTH,WHEN PRBLMS WORST FEEL TOTALLY WORTHLESS EVERYDAY,ADULT DEPRESSION,Original u otra,7834,16.563,False,False,False,Conservar como predictor principal
AD_MDEA1,SAD/EMPTY/DEPRESSED MOST OF DAY OR DISCOURAGED,ADULT DEPRESSION,Original u otra,10385,21.956,False,False,False,Conservar como predictor principal
AD_MDEA2,LOST INTEREST OR PLEASURE IN MOST THINGS,ADULT DEPRESSION,Original u otra,10390,21.967,False,False,False,Conservar como predictor principal
AD_MDEA3,CHANGES IN APPETITE OR WT,ADULT DEPRESSION,Original u otra,9769,20.654,False,False,False,Conservar como predictor principal
AD_MDEA4,SLEEP PROBLEMS,ADULT DEPRESSION,Original u otra,9842,20.808,False,False,False,Conservar como predictor principal
AD_MDEA5,OTHERS NOTICED THAT R WAS RESTLESS OR LETHARGIC,ADULT DEPRESSION,Original u otra,9814,20.749,False,False,False,Conservar como predictor principal
AD_MDEA6,FELT TIRED/LOW ENERGY NEARLY EVERY DAY,ADULT DEPRESSION,Original u otra,9857,20.84,False,False,False,Conservar como predictor principal
AD_MDEA7,FELT WORTHLESS NEARLY EVERY DAY,ADULT DEPRESSION,Original u otra,9854,20.833,False,False,False,Conservar como predictor principal
AD_MDEA8,INABILITY TO CONCENTRATE OR MAKE DECISIONS,ADULT DEPRESSION,Original u otra,9825,20.772,False,False,False,Conservar como predictor principal
AMDEIMP,ADULT: MDE WITH SEVERE ROLE IMPAIRMENT,ADULT DEPRESSION,Original u otra,45617,96.444,False,False,False,Conservar como predictor principal
ASDSHOM2,ADULT: DEPRESS FEELINGS ROLE IMPAIRMENT - HOME MANAGEMENT,ADULT DEPRESSION,Original u otra,5016,10.605,False,False,False,Conservar como predictor principal
ASDSREL2,ADULT: DEP FEELINGS ROLE IMPAIRMENT - CLOSE RELATIONSHIPS,ADULT DEPRESSION,Original u otra,5024,10.622,False,False,False,Conservar como predictor principal
ASDSSOC2,ADULT: DEPRESSIVE FEELINGS ROLE IMPAIRMENT - SOCIAL LIFE,ADULT DEPRESSION,Original u otra,5026,10.626,False,False,False,Conservar como predictor principal
ASDSWRK2,ADULT: DEPRESS FEELINGS ROLE IMPAIRMENT - ABILITY TO WORK,ADULT DEPRESSION,Original u otra,5010,10.592,False,False,False,Conservar como predictor principal
AGADANNOY,ADLT: GAD-7 - EASILY ANNOYED OR IRRITABLE LAST 2 WKS,ADULT MENTAL HEALTH,Original u otra,45882,97.004,False,False,False,Conservar como predictor principal
AGADAWFUL,ADLT: GAD-7 - AFRAID SOMETHING AWFUL MIGHT HAPPEN LAST 2 WKS,ADULT MENTAL HEALTH,Original u otra,45880,97.0,False,False,False,Conservar como predictor principal
AGADNRVANX,"ADLT: GAD-7 - NERVOUS, ANXIOUS, OR ON EDGE LAST 2 WKS",ADULT MENTAL HEALTH,Original u otra,45876,96.991,False,False,False,Conservar como predictor principal
AGADNTSTOP,ADLT: GAD-7 -NOT ABLE TO STOP OR CONTROL WORRYING LAST 2 WKS,ADULT MENTAL HEALTH,Original u otra,45861,96.96,False,False,False,Conservar como predictor principal
AGADRSTLSS,ADLT: GAD-7 - HARD TO SIT STILL BECAUSE RESTLESS LAST 2 WKS,ADULT MENTAL HEALTH,Original u otra,45887,97.015,False,False,False,Conservar como predictor principal
AGADSCED,ADULT GAD-7 TOTAL SCORE - LAST 2 WEEKS,ADULT MENTAL HEALTH,Original u otra,45658,96.531,False,False,False,Conservar como predictor principal
AGADTRBRLX,ADLT: GAD-7 - HAD TROUBLE RELAXING LAST 2 WKS,ADULT MENTAL HEALTH,Original u otra,45896,97.034,False,False,False,Conservar como predictor principal
AGADWRYMCH,ADLT: GAD-7 - WORRIED TOO MUCH ABOUT DIFF THINGS LAST 2 WKS,ADULT MENTAL HEALTH,Original u otra,45863,96.964,False,False,False,Conservar como predictor principal
DSTCHR12,HOW OFTEN COULDN'T BE CHEERED UP IN WORST MONTH,ADULT MENTAL HEALTH,Original u otra,15353,32.459,False,False,False,Conservar como predictor principal
DSTCHR30,HOW OFTEN FELT SAD NOTHING COULD CHEER YOU UP,ADULT MENTAL HEALTH,Original u otra,46065,97.391,False,False,False,Conservar como predictor principal
DSTEFF12,HOW OFT FELT EVERYTHING AN EFFORT IN WORST MON,ADULT MENTAL HEALTH,Original u otra,15341,32.434,False,False,False,Conservar como predictor principal
DSTEFF30,HOW OFT FELT EVERYTHING EFFORT PST 30 DYS,ADULT MENTAL HEALTH,Original u otra,45952,97.152,False,False,False,Conservar como predictor principal
DSTHOP12,HOW OFTEN FELT HOPELESS IN WORST MONTH,ADULT MENTAL HEALTH,Original u otra,15360,32.474,False,False,False,Conservar como predictor principal
DSTHOP30,HOW OFTEN FELT HOPELESS PAST 30 DAYS,ADULT MENTAL HEALTH,Original u otra,46053,97.366,False,False,False,Conservar como predictor principal
DSTNGD12,HOW OFTEN FELT NO GOOD IN WORST MONTH,ADULT MENTAL HEALTH,Original u otra,15353,32.459,False,False,False,Conservar como predictor principal
DSTNGD30,HOW OFT FELT DOWN/WTHLSS/NO GOOD PST 30 DYS,ADULT MENTAL HEALTH,Original u otra,46049,97.357,False,False,False,Conservar como predictor principal
DSTNRV12,"HOW OFT FELT NERVOUS IN WORST MONTH, PST 12 MOS",ADULT MENTAL HEALTH,Original u otra,15357,32.468,False,False,False,Conservar como predictor principal
DSTNRV30,HOW OFTEN FELT NERVOUS PAST 30 DAYS,ADULT MENTAL HEALTH,Original u otra,46072,97.406,False,False,False,Conservar como predictor principal
DSTRST12,HOW OFTEN FELT RESTLESS IN WORST MONTH,ADULT MENTAL HEALTH,Original u otra,15352,32.457,False,False,False,Conservar como predictor principal
DSTRST30,HOW OFTEN FELT RESTLESS/FIDGETY PST 30 DYS,ADULT MENTAL HEALTH,Original u otra,46053,97.366,False,False,False,Conservar como predictor principal
DSTWORST,MON IN PST 12 MOS FELT WORSE THAN PST 30 DYS,ADULT MENTAL HEALTH,Original u otra,45974,97.199,False,False,False,Conservar como predictor principal
IMPCONCN,DIFFICULTY CONCENTRATING ONE MO IN PST 12 MOS,ADULT MENTAL HEALTH,Original u otra,35694,75.465,False,False,False,Conservar como predictor principal
IMPDYFRQ,HOW MANY DAYS IN WEEK DID YOU HAVE DIFFICULTIES,ADULT MENTAL HEALTH,Original u otra,26515,56.058,False,False,False,Conservar como predictor principal
IMPGOUT,DIFFICULTY GOING OUT ONE MO IN PST 12 MO,ADULT MENTAL HEALTH,Original u otra,35699,75.475,False,False,False,Conservar como predictor principal
IMPGOUTM,EMOTIONAL PROBLEMS KEEP YOU FROM LEAVING HOUSE,ADULT MENTAL HEALTH,Original u otra,1204,2.546,False,False,False,Conservar como predictor principal
IMPHHLD,DIFFICULTY HOUSE RESPONS ONE MO IN PST 12 MO,ADULT MENTAL HEALTH,Original u otra,35713,75.505,False,False,False,Conservar como predictor principal
IMPHHLDM,EMOTIONL PROBS MAKE KEEP YOU FRM TAKING CARE HOUS,ADULT MENTAL HEALTH,Original u otra,618,1.307,False,False,False,Conservar como predictor principal
IMPPEOP,DIFFICULTY DEALING W STRANGERS ONE MO IN PST 12 M,ADULT MENTAL HEALTH,Original u otra,35706,75.49,False,False,False,Conservar como predictor principal
IMPPEOPM,EMOTIONAL PROBLEMS KEEP YOU FROM DEALING W STRAGR,ADULT MENTAL HEALTH,Original u otra,1491,3.152,False,False,False,Conservar como predictor principal
IMPREMEM,DIFFICULTY REMEMBERING ONE MO IN PST 12 MOS,ADULT MENTAL HEALTH,Original u otra,35690,75.456,False,False,False,Conservar como predictor principal
IMPRESP,DIFFICULTY WORK RESPONS ONE MO IN PST 12 MO,ADULT MENTAL HEALTH,Original u otra,35696,75.469,False,False,False,Conservar como predictor principal
IMPRESPM,DID EMOTIONAL PROBS KEEP YOU FROM WORK/SCHOOL,ADULT MENTAL HEALTH,Original u otra,2253,4.763,False,False,False,Conservar como predictor principal
IMPSOC,DIFFICULTY PARTICIPATE IN SOCIAL ACT 1 MO /12 MO,ADULT MENTAL HEALTH,Original u otra,35699,75.475,False,False,False,Conservar como predictor principal
IMPSOCM,EMOTIONAL PROBS KEEP YOU FROM PART IN SOCIAL,ADULT MENTAL HEALTH,Original u otra,2172,4.592,False,False,False,Conservar como predictor principal
IMPWEEKS,NUM WEEKS HAVE DIFFICULTIES BECAUSE OF MENTL HLTH,ADULT MENTAL HEALTH,Original u otra,26596,56.23,False,False,False,Conservar como predictor principal
IMPWORK,DIFFICULTY DOING DAILY WORK ONE MO IN PST 12 MO,ADULT MENTAL HEALTH,Original u otra,33433,70.684,False,False,False,Conservar como predictor principal
IMPYDAYS,HOW MANY DAY IN PAST YR YOU WERE UNABLE TO WORK,ADULT MENTAL HEALTH,Original u otra,26898,56.868,False,False,False,Conservar como predictor principal
KSSLR6MONED,K6 TOTAL SCORE IN PAST MONTH,ADULT MENTAL HEALTH,Original u otra,45821,96.875,False,False,False,Conservar como predictor principal
KSSLR6YRED,K6 TOTAL SCORE IN PAST YEAR,ADULT MENTAL HEALTH,Original u otra,15308,32.364,False,False,False,Conservar como predictor principal
WHODASDAED,ALTERNATIVE WHODAS SCORE,ADULT MENTAL HEALTH,Original u otra,45939,97.125,False,False,False,Conservar como predictor principal
WHODASSCED,WHODAS TOTAL SCORE,ADULT MENTAL HEALTH,Original u otra,45939,97.125,False,False,False,Conservar como predictor principal
IRALCAGE,ALCOHOL AGE OF FIRST USE - IMPUTATION REVISED,AGE/DATE OF FIRST DRUG USE,Original u otra,47299,100.0,False,False,False,Conservar como predictor principal
IRALCYFU,ALCOHOL YEAR OF FIRST USE - IMPUTATION REVISED,AGE/DATE OF FIRST DRUG USE,Original u otra,47299,100.0,False,False,False,Conservar como predictor principal
IRCD2YFU,DAILY CIGARETTE YFU - USING CIGDLYFU - IMPUTATION REVISED,AGE/DATE OF FIRST DRUG USE,Original u otra,47299,100.0,False,False,False,Conservar como predictor principal
IRCDUAGE,DAILY CIGARETTE AGE OF FIRST USE - IMPUTATION REVISED,AGE/DATE OF FIRST DRUG USE,Original u otra,47299,100.0,False,False,False,Conservar como predictor principal
IRCGRAGE,CIGAR AGE OF FIRST USE - IMPUTATION REVISED,AGE/DATE OF FIRST DRUG USE,Original u otra,47299,100.0,False,False,False,Conservar como predictor principal
IRCGRYFU,CIGAR YEAR OF FIRST USE - IMPUTATION REVISED,AGE/DATE OF FIRST DRUG USE,Original u otra,47299,100.0,False,False,False,Conservar como predictor principal
IRCIGAGE,CIGARETTE AGE OF FIRST USE - IMPUTATION REVISED,AGE/DATE OF FIRST DRUG USE,Original u otra,47299,100.0,False,False,False,Conservar como predictor principal
IRCIGYFU,CIGARETTE YEAR OF FIRST USE - IMPUTATION REVISED,AGE/DATE OF FIRST DRUG USE,Original u otra,47299,100.0,False,False,False,Conservar como predictor principal
IRCOCAGE,COCAINE AGE OF FIRST USE - IMPUTATION REVISED,AGE/DATE OF FIRST DRUG USE,Original u otra,47299,100.0,False,False,False,Conservar como predictor principal
IRCOCYFU,COCAINE YEAR OF FIRST USE - IMPUTATION REVISED,AGE/DATE OF FIRST DRUG USE,Original u otra,47299,100.0,False,False,False,Conservar como predictor principal
IRCRKAGE,CRACK AGE OF FIRST USE - IMPUTATION REVISED,AGE/DATE OF FIRST DRUG USE,Original u otra,47299,100.0,False,False,False,Conservar como predictor principal
IRCRKYFU,CRACK YEAR OF FIRST USE - IMPUTATION REVISED,AGE/DATE OF FIRST DRUG USE,Original u otra,47299,100.0,False,False,False,Conservar como predictor principal
IRECSTMOAGE,ECSTASY AGE OF FIRST USE - IMPUTATION REVISED,AGE/DATE OF FIRST DRUG USE,Original u otra,47299,100.0,False,False,False,Conservar como predictor principal
IRECSTMOYFU,ECSTASY YEAR OF FIRST USE - IMPUTATION REVISED,AGE/DATE OF FIRST DRUG USE,Original u otra,47299,100.0,False,False,False,Conservar como predictor principal
IRHALLUCAGE,HALLUCINOGEN AGE OF FIRST USE - IMPUTATION REVISED,AGE/DATE OF FIRST DRUG USE,Original u otra,47299,100.0,False,False,False,Conservar como predictor principal
IRHALLUCYFU,HALLUCINOGEN YEAR OF FIRST USE - IMPUTATION REVISED,AGE/DATE OF FIRST DRUG USE,Original u otra,47299,100.0,False,False,False,Conservar como predictor principal
IRHERAGE,HEROIN AGE OF FIRST USE - IMPUTATION REVISED,AGE/DATE OF FIRST DRUG USE,Original u otra,47299,100.0,False,False,False,Conservar como predictor principal
IRHERYFU,HEROIN YEAR OF FIRST USE - IMPUTATION REVISED,AGE/DATE OF FIRST DRUG USE,Original u otra,47299,100.0,False,False,False,Conservar como predictor principal
IRINHALAGE2,INHALANTS AGE OF FIRST USE - IMPUTATION REVISED,AGE/DATE OF FIRST DRUG USE,Original u otra,47299,100.0,False,False,False,Conservar como predictor principal
IRINHALYFU2,INHALANTS YEAR OF FIRST USE - IMPUTATION REVISED,AGE/DATE OF FIRST DRUG USE,Original u otra,47299,100.0,False,False,False,Conservar como predictor principal
IRLSDAGE,LSD AGE OF FIRST USE - IMPUTATION REVISED,AGE/DATE OF FIRST DRUG USE,Original u otra,47299,100.0,False,False,False,Conservar como predictor principal
IRLSDYFU,LSD YEAR OF FIRST USE - IMPUTATION REVISED,AGE/DATE OF FIRST DRUG USE,Original u otra,47299,100.0,False,False,False,Conservar como predictor principal
IRMETHAMAGE,METHAMPHETAMINE AGE OF FIRST USE - IMPUTATION REVISED,AGE/DATE OF FIRST DRUG USE,Original u otra,47299,100.0,False,False,False,Conservar como predictor principal
IRMETHAMYFU,METHAMPHETAMINE YEAR OF FIRST USE - IMPUTATION REVISED,AGE/DATE OF FIRST DRUG USE,Original u otra,47299,100.0,False,False,False,Conservar como predictor principal
IRMJAGE,MARIJUANA AGE OF FIRST USE - IMPUTATION REVISED,AGE/DATE OF FIRST DRUG USE,Original u otra,47299,100.0,False,False,False,Conservar como predictor principal
IRMJYFU,MARIJUANA YEAR OF FIRST USE - IMPUTATION REVISED,AGE/DATE OF FIRST DRUG USE,Original u otra,47299,100.0,False,False,False,Conservar como predictor principal
IRNICVAPAGE,NICOTINE VAPING AGE OF FIRST USE - IMPUTATION REVISED,AGE/DATE OF FIRST DRUG USE,Original u otra,47299,100.0,False,False,False,Conservar como predictor principal
IRNICVAPYFU,NICOTINE VAPING YEAR OF FIRST USE - IMPUTATION REVISED,AGE/DATE OF FIRST DRUG USE,Original u otra,47299,100.0,False,False,False,Conservar como predictor principal
IRPCPAGE,PCP AGE OF FIRST USE - IMPUTATION REVISED,AGE/DATE OF FIRST DRUG USE,Original u otra,47299,100.0,False,False,False,Conservar como predictor principal
IRPCPYFU,PCP YEAR OF FIRST USE - IMPUTATION REVISED,AGE/DATE OF FIRST DRUG USE,Original u otra,47299,100.0,False,False,False,Conservar como predictor principal
IRPNRNMAGE,PAIN RELIEVER AGE OF FIRST MISUSE - IMPUTATION REVISED,AGE/DATE OF FIRST DRUG USE,Original u otra,47299,100.0,False,False,False,Conservar como predictor principal
IRPNRNMINIT,PAST YR INITIATE PAIN RELIEVERS MISUSE - IMPUTATION REVISED,AGE/DATE OF FIRST DRUG USE,Original u otra,47299,100.0,False,False,False,Conservar como predictor principal
IRPNRNMYFU,PAIN RELIEVER YEAR OF FIRST MISUSE - IMPUTATION REVISED,AGE/DATE OF FIRST DRUG USE,Original u otra,47299,100.0,False,False,False,Conservar como predictor principal
IRSEDNMAGE,SEDATIVES AGE OF FIRST MISUSE - IMPUTATION REVISED,AGE/DATE OF FIRST DRUG USE,Original u otra,47299,100.0,False,False,False,Conservar como predictor principal
IRSEDNMINIT,PAST YR INITIATE SEDATIVE MISUSE - IMPUTATION REVISED,AGE/DATE OF FIRST DRUG USE,Original u otra,47299,100.0,False,False,False,Conservar como predictor principal
IRSEDNMYFU,SEDATIVES YEAR OF FIRST MISUSE - IMPUTATION REVISED,AGE/DATE OF FIRST DRUG USE,Original u otra,47299,100.0,False,False,False,Conservar como predictor principal
IRSMKLSSTRY,SMOKELESS TOBACCO AGE OF FIRST USE - IMPUTATION REVISED,AGE/DATE OF FIRST DRUG USE,Original u otra,47299,100.0,False,False,False,Conservar como predictor principal
IRSMKLSSYFU,SMOKELESS TOBACCO YEAR OF FIRST USE - IMPUTATION REVISED,AGE/DATE OF FIRST DRUG USE,Original u otra,47299,100.0,False,False,False,Conservar como predictor principal
IRSTMNMAGE,STIMULANTS AGE OF FIRST MISUSE - IMPUTATION REVISED,AGE/DATE OF FIRST DRUG USE,Original u otra,47299,100.0,False,False,False,Conservar como predictor principal
IRSTMNMINIT,PAST YR INITIATE STIMULANT MISUSE - IMPUTATION REVISED,AGE/DATE OF FIRST DRUG USE,Original u otra,47299,100.0,False,False,False,Conservar como predictor principal
IRSTMNMYFU,STIMULANTS YEAR OF FIRST MISUSE - IMPUTATION REVISED,AGE/DATE OF FIRST DRUG USE,Original u otra,47299,100.0,False,False,False,Conservar como predictor principal
IRTRQNMAGE,TRANQUILIZER AGE OF FIRST MISUSE - IMPUTATION REVISED,AGE/DATE OF FIRST DRUG USE,Original u otra,47299,100.0,False,False,False,Conservar como predictor principal
IRTRQNMINIT,PAST YR INITIATE TRANQUILIZER MISUSE - IMPUTATION REVISED,AGE/DATE OF FIRST DRUG USE,Original u otra,47299,100.0,False,False,False,Conservar como predictor principal
IRTRQNMYFU,TRANQUILIZER YEAR OF FIRST MISUSE - IMPUTATION REVISED,AGE/DATE OF FIRST DRUG USE,Original u otra,47299,100.0,False,False,False,Conservar como predictor principal
AL30EST,BEST ESTIMATE # DAYS HAD ONE OR MORE DRINKS,ALCOHOL,Original u otra,23252,49.16,False,False,False,Conservar como predictor principal
ALBSTWAY,EASIEST WAY TO TELL US # DAYS DRANK ALCOHOL,ALCOHOL,Original u otra,47058,99.49,False,False,False,Conservar como predictor principal
ALCBNG30D,# DAYS HAD FOUR/FIVE OR MORE DRINKS PAST 30 DYS,ALCOHOL,Original u otra,46775,98.892,False,False,False,Conservar como predictor principal
ALCDAYS,# DAYS HAD ONE OR MORE DRINKS PAST 30 DAYS,ALCOHOL,Original u otra,46858,99.068,False,False,False,Conservar como predictor principal
ALCEVER,EVER HAD DRINK OF ALCOHOLIC BEVERAGE,ALCOHOL,Original u otra,47291,99.983,False,False,False,Conservar como predictor principal
ALCMFU,MONTH OF FIRST ALCOHOL USE - RECODE,ALCOHOL,Original u otra,9556,20.203,False,False,False,Conservar como predictor principal
ALCREC,TIME SINCE LAST DRANK ALCOHOLIC BEVERAGE,ALCOHOL,Original u otra,47287,99.975,False,False,False,Conservar como predictor principal
ALCTRY,AGE WHEN FIRST DRANK ALCOHOLIC BEVERAGE,ALCOHOL,Original u otra,47053,99.48,False,False,False,Conservar como predictor principal
ALCUS30D,USUAL # OF DRINKS PER DAY PAST 30 DAYS,ALCOHOL,Original u otra,45732,96.687,False,False,False,Conservar como predictor principal
ALCYFU,YEAR OF FIRST ALCOHOL USE - RECODE,ALCOHOL,Original u otra,9594,20.284,False,False,False,Conservar como predictor principal
ALCYRTOT,TOTAL # OF DAYS USED ALCOHOL IN PAST 12 MOS,ALCOHOL,Original u otra,46973,99.311,False,False,False,Conservar como predictor principal
ALDAYPMO,# DAYS PER MONTH DRANK ALCOHOL IN PAST 12 MOS,ALCOHOL,Original u otra,26907,56.887,False,False,False,Conservar como predictor principal
ALDAYPWK,# DAYS PER WEEK DRANK ALCOHOL IN PAST 12 MOS,ALCOHOL,Original u otra,25761,54.464,False,False,False,Conservar como predictor principal
ALDAYPYR,NUMBER DAYS DRANK ALCOHOL IN PAST 12 MOS,ALCOHOL,Original u otra,24761,52.35,False,False,False,Conservar como predictor principal
AIIND102,AMER INDIAN AREA INDICATOR,BLOCK,Original u otra,47299,100.0,False,False,False,Conservar como predictor principal
BLNT30C1,"BL02/MJ01 DISAGREE, WHICH IS CORRECT",BLUNTS,Original u otra,51,0.108,False,False,False,Conservar como predictor principal
BLNT30C2,"BL02 AND MJ RECENCY DISAGREE, WHICH IS CORRECT",BLUNTS,Original u otra,89,0.188,False,False,False,Conservar como predictor principal
BLNT30DY,# DAYS USED CIGAR WITH MJ IN IT PAST 30 DAYS,BLUNTS,Original u otra,46815,98.977,False,False,False,Conservar como predictor principal
BLNTAGE,AGE WHEN FIRST SMOKED CIGAR WITH MJ IN IT,BLUNTS,Original u otra,46750,98.839,False,False,False,Conservar como predictor principal
BLNTEVER,EVER SMOKED CIGAR WITH MARIJUANA IN IT,BLUNTS,Original u otra,46858,99.068,False,False,False,Conservar como predictor principal
BLNTMFU,MONTH OF FIRST USE OF CIGAR W/MJ IN IT - RECODE,BLUNTS,Original u otra,34720,73.405,False,False,False,Conservar como predictor principal
BLNTNOMJ,SMOKE CIGARS WITH NO MARIJUANA PAST 30 DAYS,BLUNTS,Original u otra,45552,96.306,False,False,False,Conservar como predictor principal
BLNTREC,TIME SINCE LAST SMOKED CIGAR WITH MJ IN IT,BLUNTS,Original u otra,46820,98.987,False,False,False,Conservar como predictor principal
BLNTYFU,YEAR OF FIRST USE OF CIGAR WITH MJ IN IT - RECODE,BLUNTS,Original u otra,34746,73.46,False,False,False,Conservar como predictor principal
RSNMRJMO,WHY REPRT EARLIER NOT USE MJ/CANNABIS PAST 30 DAYS,BLUNTS,Original u otra,53,0.112,False,False,False,Conservar como predictor principal
RSNOMRJ,WHY REPORT EARLIER THAT NEVER USED MJ/CANNABIS,BLUNTS,Original u otra,33,0.07,False,False,False,Conservar como predictor principal
CC30EST,BEST ESTIMATE # DAYS USED COCAINE PAST 30 DAYS,COCAINE,Original u otra,46918,99.194,False,False,False,Conservar como predictor principal
CCBSTWAY,EASIEST WAY TO TELL US # DAYS USED COCAINE,COCAINE,Original u otra,47227,99.848,False,False,False,Conservar como predictor principal
CCDAYPMO,# DAYS PER MONTH USED COCAINE PAST 12 MONTHS,COCAINE,Original u otra,46516,98.345,False,False,False,Conservar como predictor principal
CCDAYPWK,# DAYS PER WEEK USED COCAINE PAST 12 MONTHS,COCAINE,Original u otra,46448,98.201,False,False,False,Conservar como predictor principal
CCDAYPYR,# DAYS USED COCAINE PAST 12 MONTHS,COCAINE,Original u otra,46877,99.108,False,False,False,Conservar como predictor principal
COCAGE,AGE WHEN FIRST USED COCAINE,COCAINE,Original u otra,47252,99.901,False,False,False,Conservar como predictor principal
COCEVER,EVER USED COCAINE,COCAINE,Original u otra,47284,99.968,False,False,False,Conservar como predictor principal
COCMFU,MONTH OF FIRST COCAINE USE - RECODE,COCAINE,Original u otra,40804,86.268,False,False,False,Conservar como predictor principal
COCREC,TIME SINCE LAST USED COCAINE,COCAINE,Original u otra,47267,99.932,False,False,False,Conservar como predictor principal
COCUS30A,# DAYS USED COCAINE PAST 30 DAYS,COCAINE,Original u otra,47235,99.865,False,False,False,Conservar como predictor principal
COCYFU,YEAR OF FIRST COCAINE USE - RECODE,COCAINE,Original u otra,40812,86.285,False,False,False,Conservar como predictor principal
COCYRTOT,TOTAL # OF DAYS USED COCAINE IN PAST 12 MONTHS,COCAINE,Original u otra,47227,99.848,False,False,False,Conservar como predictor principal
CABINGAGE,AGE 1ST TIME HAD 4 OR 5 OR MORE DRINKS SAME OCCASION,CONSUMPTION OF ALCOHOL,Original u otra,30738,64.987,False,False,False,Conservar como predictor principal
CABINGEVR,EVER HAD 4/5 OR MORE DRINKS ON THE SAME OCCASION,CONSUMPTION OF ALCOHOL,Original u otra,35072,74.15,False,False,False,Conservar como predictor principal
CABINGFLG,ANY REPORT OF 4+ OR 5+ DRINKS FROM ALCOHOL MODULE,CONSUMPTION OF ALCOHOL,Original u otra,11075,23.415,False,False,False,Conservar como predictor principal
CABINGMFU,MONTH OF 4 OR 5+ DRINKS ON SAME OCCASION - RECODE,CONSUMPTION OF ALCOHOL,Original u otra,10117,21.389,False,False,False,Conservar como predictor principal
CABINGYFU,YEAR OF FIRST 4 OR 5 + DRINKS ON SAME OCCASION - RECODE,CONSUMPTION OF ALCOHOL,Original u otra,10200,21.565,False,False,False,Conservar como predictor principal
CABPLACE,WHERE YOU BOUGHT LAST ALCOHOLIC BEVERAGE,CONSUMPTION OF ALCOHOL,Original u otra,23332,49.329,False,False,False,Conservar como predictor principal
CABUNDAG,BUY LAST ALCOHOLIC BEVERAGE FR SOMEONE <21 OR 21+,CONSUMPTION OF ALCOHOL,Original u otra,23148,48.94,False,False,False,Conservar como predictor principal
CABUYFRE,PAY FOR THE LAST ALCOHOLIC BEVERAGE THAT U DRANK,CONSUMPTION OF ALCOHOL,Original u otra,24431,51.652,False,False,False,Conservar como predictor principal
CABUYWHO,STATEMENT BEST DESCRIBES PURCHASE OF LAST ALCOHOL,CONSUMPTION OF ALCOHOL,Original u otra,23355,49.377,False,False,False,Conservar como predictor principal
CADRBAR,"I DRANK IN A RESTAURANT, BAR OR CLUB",CONSUMPTION OF ALCOHOL,Original u otra,24427,51.644,False,False,False,Conservar como predictor principal
CADRCAR,I DRANK IN A CAR OR OTHER VEHICLE,CONSUMPTION OF ALCOHOL,Original u otra,24430,51.65,False,False,False,Conservar como predictor principal
CADREVNT,I DRANK AT A CONCERT OR SPORTS GAME,CONSUMPTION OF ALCOHOL,Original u otra,24430,51.65,False,False,False,Conservar como predictor principal
CADRHOME,I DRANK AT MY HOME,CONSUMPTION OF ALCOHOL,Original u otra,24428,51.646,False,False,False,Conservar como predictor principal
CADRKCOCN,USED COCAINE OR 'CRACK' WHILE YOU WERE DRINKING,CONSUMPTION OF ALCOHOL,Original u otra,40481,85.585,False,False,False,Conservar como predictor principal
CADRKDRUG,ALSO USED DRUGS WHILE YOU WERE DRINKING,CONSUMPTION OF ALCOHOL,Original u otra,46737,98.812,False,False,False,Conservar como predictor principal
CADRKHALL,USED HALLUCINOGENS WHILE YOU WERE DRINKING,CONSUMPTION OF ALCOHOL,Original u otra,40579,85.793,False,False,False,Conservar como predictor principal
CADRKHERN,USED HEROIN WHILE YOU WERE DRINKING,CONSUMPTION OF ALCOHOL,Original u otra,40328,85.262,False,False,False,Conservar como predictor principal
CADRKINHL,USED INHALANTS WHILE YOU WERE DRINKING,CONSUMPTION OF ALCOHOL,Original u otra,40394,85.401,False,False,False,Conservar como predictor principal
CADRKMARJ,USED MARIJUANA OR CANNABIS WHILE YOU WERE DRINKING,CONSUMPTION OF ALCOHOL,Original u otra,43608,92.196,False,False,False,Conservar como predictor principal
CADRKMETH,USED METHAMPHETAMINE WHILE YOU WERE DRINKING,CONSUMPTION OF ALCOHOL,Original u otra,40420,85.456,False,False,False,Conservar como predictor principal
CADRLAST,# OF DRINKS THE LAST TIME DRANK IN PAST 30 DAYS,CONSUMPTION OF ALCOHOL,Original u otra,46286,97.858,False,False,False,Conservar como predictor principal
CADROTH,I DRANK AT SOME OTHER PLACE,CONSUMPTION OF ALCOHOL,Original u otra,24430,51.65,False,False,False,Conservar como predictor principal
CADROTHM,I DRANK AT SOMEONE ELSE'S HOME,CONSUMPTION OF ALCOHOL,Original u otra,24422,51.633,False,False,False,Conservar como predictor principal
CADROTS2,OTHER PLACE YOU LAST DRANK ALCOHOL,CONSUMPTION OF ALCOHOL,Original u otra,23233,49.119,False,False,False,Conservar como predictor principal
CADRPEOP,ALONE OR W/ MORE THAN ONE PERSON LAST TIME DRANK,CONSUMPTION OF ALCOHOL,Original u otra,24439,51.669,False,False,False,Conservar como predictor principal
CADRPUBL,"I DRANK AT A PARK, ON A BEACH OR IN A PARKING LOT",CONSUMPTION OF ALCOHOL,Original u otra,24425,51.64,False,False,False,Conservar como predictor principal
CADRSCHL,I DRANK AT SCHOOL,CONSUMPTION OF ALCOHOL,Original u otra,24429,51.648,False,False,False,Conservar como predictor principal
CAFRESP2,OTHER WAY YOU GOT THE LAST ALCOHOLIC BEVERAGE,CONSUMPTION OF ALCOHOL,Original u otra,23227,49.107,False,False,False,Conservar como predictor principal
CAFREWHO,HOW DID U GET THE LAST ALCOHOLIC BEVERAGE U DRANK,CONSUMPTION OF ALCOHOL,Original u otra,23523,49.733,False,False,False,Conservar como predictor principal
CAGVMONY,DID YOU/SOMEONE ELSE BUY LAST ALCOHOLIC BEVERAGE,CONSUMPTION OF ALCOHOL,Original u otra,23590,49.874,False,False,False,Conservar como predictor principal
CAGVWHO,WHO BOUGHT THE ALCOHOLIC BEVERAGE FOR YOU,CONSUMPTION OF ALCOHOL,Original u otra,23184,49.016,False,False,False,Conservar como predictor principal
COUTYP4,COUNTY METRO/NONMETRO STATUS (2013 3-LEVEL),COUNTY,Original u otra,47299,100.0,False,False,False,Conservar como predictor principal
PDEN10,POPULATION DENSITY 2010 - THREE LEVELS,COUNTY,Original u otra,47299,100.0,False,False,False,Conservar como predictor principal
CR30EST,BEST ESTIMATE # DAYS USED CRACK PAST 30 DAYS,CRACK,Original u otra,47214,99.82,False,False,False,Conservar como predictor principal
CRAKREC,TIME SINCE LAST USED CRACK,CRACK,Original u otra,47281,99.962,False,False,False,Conservar como predictor principal
CRBSTWAY,EASIEST WAY TO TELL US # DAYS USED CRACK,CRACK,Original u otra,47275,99.949,False,False,False,Conservar como predictor principal
CRDAYPMO,# DAYS PER MONTH USED CRACK PAST 12 MONTHS,CRACK,Original u otra,47172,99.731,False,False,False,Conservar como predictor principal
CRDAYPWK,# DAYS PER WEEK USED CRACK PAST 12 MONTHS,CRACK,Original u otra,47171,99.729,False,False,False,Conservar como predictor principal
CRDAYPYR,# DAYS USED CRACK PAST 12 MONTHS,CRACK,Original u otra,47192,99.774,False,False,False,Conservar como predictor principal
CRKAGE,AGE WHEN FIRST USED CRACK,CRACK,Original u otra,47270,99.939,False,False,False,Conservar como predictor principal
CRKEVER,EVER USED CRACK,CRACK,Original u otra,47281,99.962,False,False,False,Conservar como predictor principal
CRKMFU,MONTH OF FIRST CRACK USE - RECODE,CRACK,Original u otra,45699,96.617,False,False,False,Conservar como predictor principal
CRKUS30A,# DAYS USED CRACK PAST 30 DAYS,CRACK,Original u otra,47275,99.949,False,False,False,Conservar como predictor principal
CRKYFU,YEAR OF FIRST CRACK USE - RECODE,CRACK,Original u otra,45699,96.617,False,False,False,Conservar como predictor principal
CRKYRTOT,TOTAL # DAYS USED CRACK IN PAST 12 MONTHS,CRACK,Original u otra,47275,99.949,False,False,False,Conservar como predictor principal
ACTD2001,SEPTEMBER 2001 OR LATER,DEMOGRAPHICS,Original u otra,1773,3.748,False,False,False,Conservar como predictor principal
ACTD7590,MAY 1975 TO JULY 1990,DEMOGRAPHICS,Original u otra,1771,3.744,False,False,False,Conservar como predictor principal
ACTD9001,AUG 1990 TO AUG 2001 (INCLUDING PERSIAN GULF WAR),DEMOGRAPHICS,Original u otra,1773,3.748,False,False,False,Conservar como predictor principal
ACTDEVER,EVER ON ACTIVE DUTY IN US MILITARY/RESERV,DEMOGRAPHICS,Original u otra,2354,4.977,False,False,False,Conservar como predictor principal
ACTDPRIV,ANY TIME BEFORE VIETNAM ERA (MARCH 1961),DEMOGRAPHICS,Original u otra,1771,3.744,False,False,False,Conservar como predictor principal
ACTDVIET,VIETNAM ERA (MARCH 1961 TO APRIL 1975),DEMOGRAPHICS,Original u otra,1773,3.748,False,False,False,Conservar como predictor principal
AGE3,RECODE - FINAL EDITED AGE,DEMOGRAPHICS,Original u otra,47299,100.0,False,False,False,Conservar como predictor principal
COMBATPY,EVER IN COMBAT ZONE ON ACTIVE DUTY,DEMOGRAPHICS,Original u otra,1771,3.744,False,False,False,Conservar como predictor principal
HEALTH,OVERALL HEALTH,DEMOGRAPHICS,Original u otra,47274,99.947,False,False,False,Conservar como predictor principal
LVLDIFCARE2,LEVEL OF DIFFICULTY WITH SELF-CARE,DEMOGRAPHICS,Original u otra,45724,96.67,False,False,False,Conservar como predictor principal
LVLDIFCOMM2,LEVEL OF DIFFICULTY COMMUNICATING USING YOUR USUAL LANGUAGE,DEMOGRAPHICS,Original u otra,45722,96.666,False,False,False,Conservar como predictor principal
LVLDIFHEAR2,LEVEL OF DIFFICULTY HEARING EVEN WITH HEARING AIDS,DEMOGRAPHICS,Original u otra,45674,96.564,False,False,False,Conservar como predictor principal
LVLDIFMEM2,LEVEL OF DIFFICULTY REMEMBERING OR CONCENTRATING,DEMOGRAPHICS,Original u otra,45723,96.668,False,False,False,Conservar como predictor principal
LVLDIFSEE2,LEVEL OF DIFFICULTY SEEING EVEN WITH GLASSES,DEMOGRAPHICS,Original u otra,45709,96.638,False,False,False,Conservar como predictor principal
LVLDIFWALK2,LEVEL OF DIFFICULTY WALKING OR CLIMBING STEPS,DEMOGRAPHICS,Original u otra,45727,96.676,False,False,False,Conservar como predictor principal
MILSTAT,CURRENT MILITARY STATUS,DEMOGRAPHICS,Original u otra,2350,4.968,False,False,False,Conservar como predictor principal
MOVSINPYR2,# TIMES MOVED PAST 12 MONTHS- RECODED,DEMOGRAPHICS,Original u otra,45448,96.087,False,False,False,Conservar como predictor principal
NOMARR2,NUMBER OF TIMES MARRIED,DEMOGRAPHICS,Original u otra,24851,52.54,False,False,False,Conservar como predictor principal
SERVICE,EVER BEEN IN THE US ARMED FORCES,DEMOGRAPHICS,Original u otra,47274,99.947,False,False,False,Conservar como predictor principal
SPEAKENGL,HOW WELL SPEAK ENGLISH,DEMOGRAPHICS,Original u otra,45770,96.767,False,False,False,Conservar como predictor principal
EDUFULPAR,FULL OR PART TIME,EDUCATION,Original u otra,6772,14.317,False,False,False,Conservar como predictor principal
EDUSCHGRD2,WHAT GRADE IN NOW/WILL BE IN,EDUCATION,Original u otra,6512,13.768,False,False,False,Conservar como predictor principal
EDUSCHLGO,NOW GOING TO SCHOOL,EDUCATION,Original u otra,45378,95.939,False,False,False,Conservar como predictor principal
EDUSCKCOM,RC - HOW MANY DAYS MISSED SCHOOL FROM SICK (COMBINED),EDUCATION,Original u otra,4682,9.899,False,False,False,Conservar como predictor principal
EDUSCKEST,BEST ESTIMATE # DAYS MISSED BECAUSE SICK OR INURED,EDUCATION,Original u otra,38,0.08,False,False,False,Conservar como predictor principal
EDUSCKMON,HOW MANY DAYS MISSED SCHOOL FROM SICK,EDUCATION,Original u otra,4644,9.818,False,False,False,Conservar como predictor principal
EDUSKPCOM,RC - HOW MANY DAYS MISSED SCHOOL FROM SKIPPING (COMBINED),EDUCATION,Original u otra,4187,8.852,False,False,False,Conservar como predictor principal
EDUSKPEST,BEST ESTIMATE # DAYS MISSED BECAUSE SKIPPED OR CUT,EDUCATION,Original u otra,29,0.061,False,False,False,Conservar como predictor principal
EDUSKPMON,HOW MANY DAYS MISSED SCHOOL FROM SKIPPING,EDUCATION,Original u otra,4158,8.791,False,False,False,Conservar como predictor principal
MILTCHLDR,SON OR DAUGHTER IN MILITARY,EDUCATION,Original u otra,2867,6.061,False,False,False,Conservar como predictor principal
MILTFAMLY,ANY IMMEDIATE FAMILY CURRENTLY IN US MILITARY,EDUCATION,Original u otra,45358,95.896,False,False,False,Conservar como predictor principal
MILTPARNT,FATHER OR MOTHER IN MILITARY,EDUCATION,Original u otra,2875,6.078,False,False,False,Conservar como predictor principal
MILTSIBLN,SISTER OR BROTHER IN MILITARY,EDUCATION,Original u otra,2885,6.099,False,False,False,Conservar como predictor principal
MILTSPPAR,SPOUSE OR PARTNER IN MILITARY,EDUCATION,Original u otra,2885,6.099,False,False,False,Conservar como predictor principal
CAMHPROB,THINK EVER HAD PROBLEM WITH OWN MENTAL HEALTH,EMERGING ISSUES,Original u otra,45737,96.698,False,False,False,Conservar como predictor principal
CAMHRCVR,THINK IN RECOVERY FROM MENTAL HEALTH PROBLEM,EMERGING ISSUES,Original u otra,14517,30.692,False,False,False,Conservar como predictor principal
CASUPROB,THINK EVER HAD PROBLEM WITH OWN DRUG OR ALCOHOL USE,EMERGING ISSUES,Original u otra,45714,96.649,False,False,False,Conservar como predictor principal
CASURCVR,THINK IN RECOVERY FROM DRUG OR ALCOHOL PROBLEM,EMERGING ISSUES,Original u otra,5633,11.909,False,False,False,Conservar como predictor principal
FLVVAPEVR,EVER VAPED ONLY FLAVORING WITHOUT NICOTINE/SUBSTANCE,EMERGING ISSUES,Original u otra,45785,96.799,False,False,False,Conservar como predictor principal
FLVVAPREC,TIME SINCE LAST VAPED ONLY FLAVORING,EMERGING ISSUES,Original u otra,45766,96.759,False,False,False,Conservar como predictor principal
IMFEVER,EVER USED ILLEGALLY MADE FENTANYL,EMERGING ISSUES,Original u otra,45815,96.863,False,False,False,Conservar como predictor principal
IMFNDLEVER,EVER INJECTED ILLEGALLY MADE FENTANYL WITH NEEDLE,EMERGING ISSUES,Original u otra,45812,96.856,False,False,False,Conservar como predictor principal
KRATEVER,EVER USED KRATOM,EMERGING ISSUES,Original u otra,45764,96.755,False,False,False,Conservar como predictor principal
KRATREC,TIME SINCE LAST USED KRATOM,EMERGING ISSUES,Original u otra,45764,96.755,False,False,False,Conservar como predictor principal
SYNMRJEVR,EVER USED SYNTHETIC MARIJUANA,EMERGING ISSUES,Original u otra,45795,96.82,False,False,False,Conservar como predictor principal
SYNMRJREC,TIME SINCE LAST USED SYNTHETIC MARIJUANA,EMERGING ISSUES,Original u otra,45788,96.805,False,False,False,Conservar como predictor principal
SYNSTMEVR,EVER USED SYNTHETIC STIMULANTS,EMERGING ISSUES,Original u otra,45826,96.886,False,False,False,Conservar como predictor principal
SYNSTMREC,TIME SINCE LAST USED SYNTHETIC STIMULANTS,EMERGING ISSUES,Original u otra,45824,96.882,False,False,False,Conservar como predictor principal
WRK35WKUS,USUALLY WORK 35 OR MORE HRS PER WEEK,EMPLOYMENT,Original u otra,29006,61.325,False,False,False,Conservar como predictor principal
WRKDHRSWK2,HOW MANY HOURS WORKED LAST WEEK,EMPLOYMENT,Original u otra,26318,55.642,False,False,False,Conservar como predictor principal
WRKDPSTWK,WORK AT JOB LAST WEEK,EMPLOYMENT,Original u otra,45421,96.03,False,False,False,Conservar como predictor principal
WRKDPSTYR,"PAST 12 MOS, WORKED AT ANY JOB",EMPLOYMENT,Original u otra,16387,34.646,False,False,False,Conservar como predictor principal
WRKEFFORT,"PAST 30 DAYS, MAKE EFFORT TO FIND WORK",EMPLOYMENT,Original u otra,3229,6.827,False,False,False,Conservar como predictor principal
WRKHADJOB,DID YOU HAVE A JOB OR BUSINESS,EMPLOYMENT,Original u otra,18870,39.895,False,False,False,Conservar como predictor principal
WRKLASTYR2,WHAT YEAR LAST WORKED,EMPLOYMENT,Original u otra,15631,33.047,False,False,False,Conservar como predictor principal
WRKNJBPYR,"PAST 12 MOS, TIME WITH NO JOB",EMPLOYMENT,Original u otra,28974,61.257,False,False,False,Conservar como predictor principal
WRKNJBWKS,HOW MANY WKS W/O JOB IN PAST 12 MOS,EMPLOYMENT,Original u otra,4156,8.787,False,False,False,Conservar como predictor principal
WRKNUMJOB2,"PAST 12 MOS, HOW MANY EMPLOYERS",EMPLOYMENT,Original u otra,33232,70.259,False,False,False,Conservar como predictor principal
WRKRSNJOB,REASON FOR NOT HAVING A JOB - PAST WK,EMPLOYMENT,Original u otra,16138,34.119,False,False,False,Conservar como predictor principal
WRKRSNNOT,REASON FOR NOT WORKING AT JOB - PAST WK,EMPLOYMENT,Original u otra,2543,5.376,False,False,False,Conservar como predictor principal
WRKSELFEM,"PAST 12 MOS, SELF EMPLOYED",EMPLOYMENT,Original u otra,33163,70.114,False,False,False,Conservar como predictor principal
WRKSICKMO,# DAYS MISSED WORK FOR INJURY/ILLNESS PAST 30 DAYS,EMPLOYMENT,Original u otra,28740,60.762,False,False,False,Conservar como predictor principal
WRKSKIPMO,# DAYS SKIPPED WORK PAST 30 DAYS,EMPLOYMENT,Original u otra,28753,60.79,False,False,False,Conservar como predictor principal
WRKSTATWK2,WORK SITUATION IN PAST WEEK - RECODE,EMPLOYMENT,Original u otra,45428,96.044,False,False,False,Conservar como predictor principal
DAMTFXREC,TIME SINCE LAST USED DMT/AMT/FOXY,HALLUCINOGENS,Original u otra,47255,99.907,False,False,False,Conservar como predictor principal
DMTAMTFXY,"EVER USED DMT, AMT, FOXY",HALLUCINOGENS,Original u otra,47254,99.905,False,False,False,Conservar como predictor principal
ECSTMOAGE,AGE WHEN FIRST USED ECSTASY OR MOLLY,HALLUCINOGENS,Original u otra,47242,99.879,False,False,False,Conservar como predictor principal
ECSTMOLLY,EVER USED 'ECSTASY' OR 'MOLLY' (MDMA),HALLUCINOGENS,Original u otra,47276,99.951,False,False,False,Conservar como predictor principal
ECSTMOMFU,MONTH OF FIRST ECSTASY OR MOLLY USE - RECODE,HALLUCINOGENS,Original u otra,42936,90.776,False,False,False,Conservar como predictor principal
ECSTMOREC,TIME SINCE LAST USED ECSTASY OR MOLLY,HALLUCINOGENS,Original u otra,47276,99.951,False,False,False,Conservar como predictor principal
ECSTMOYFU,YEAR OF FIRST ECSTASY OR MOLLY USE - RECODE,HALLUCINOGENS,Original u otra,42942,90.788,False,False,False,Conservar como predictor principal
HALLDYPMO,# DAYS PER MONTH USED HALLUCINOGEN PAST 12 MONTHS,HALLUCINOGENS,Original u otra,44991,95.12,False,False,False,Conservar como predictor principal
HALLDYPWK,# DAYS PER WEEK USED HALLUCINOGEN PAST 12 MONTHS,HALLUCINOGENS,Original u otra,44874,94.873,False,False,False,Conservar como predictor principal
HALLDYSYR,# DAYS USED HALLUCINOGEN PAST 12 MONTHS,HALLUCINOGENS,Original u otra,46434,98.171,False,False,False,Conservar como predictor principal
HALLEASWY,EASIEST WAY TO TELL US # DAYS USED HALLUCINOGEN,HALLUCINOGENS,Original u otra,46871,99.095,False,False,False,Conservar como predictor principal
HALLUC30E,BEST EST. # DAYS USED HALLUCINOGENS PAST 30 DAYS,HALLUCINOGENS,Original u otra,46411,98.123,False,False,False,Conservar como predictor principal
HALLUC30N,# DAYS USED HALLUCINOGEN PAST 30 DAYS,HALLUCINOGENS,Original u otra,46965,99.294,False,False,False,Conservar como predictor principal
HALLUCAGE,AGE WHEN FIRST USED HALLUCINOGENS,HALLUCINOGENS,Original u otra,47087,99.552,False,False,False,Conservar como predictor principal
HALLUCEVR,EVER USED HALLUCINOGENS,HALLUCINOGENS,Original u otra,47196,99.782,False,False,False,Conservar como predictor principal
HALLUCMFU,MONTH OF FIRST HALLUCINOGEN USE - RECODE,HALLUCINOGENS,Original u otra,38421,81.23,False,False,False,Conservar como predictor principal
HALLUCOT1,OTHER HALLUCINOGEN - SPECIFY 1,HALLUCINOGENS,Original u otra,38358,81.097,False,False,False,Conservar como predictor principal
HALLUCOT2,OTHER HALLUCINOGEN - SPECIFY 2,HALLUCINOGENS,Original u otra,37958,80.251,False,False,False,Conservar como predictor principal
HALLUCOT3,OTHER HALLUCINOGEN - SPECIFY 3,HALLUCINOGENS,Original u otra,37874,80.074,False,False,False,Conservar como predictor principal
HALLUCOT4,OTHER HALLUCINOGEN - SPECIFY 4,HALLUCINOGENS,Original u otra,37856,80.036,False,False,False,Conservar como predictor principal
HALLUCOT5,OTHER HALLUCINOGEN - SPECIFY 5,HALLUCINOGENS,Original u otra,37846,80.014,False,False,False,Conservar como predictor principal
HALLUCOTH,EVER USED OTHER HALLUCINOGEN,HALLUCINOGENS,Original u otra,47129,99.641,False,False,False,Conservar como predictor principal
HALLUCREC,TIME SINCE LAST USED HALLUCINOGENS,HALLUCINOGENS,Original u otra,47159,99.704,False,False,False,Conservar como predictor principal
HALLUCYFQ,TOTAL # OF DAYS USED HALLUCINOGENS IN PAST 12 MOS,HALLUCINOGENS,Original u otra,46869,99.091,False,False,False,Conservar como predictor principal
HALLUCYFU,YEAR OF FIRST HALLUCINOGEN USE - RECODE,HALLUCINOGENS,Original u otra,38449,81.289,False,False,False,Conservar como predictor principal
KETMINESK,EVER USED KETAMINE,HALLUCINOGENS,Original u otra,47272,99.943,False,False,False,Conservar como predictor principal
KETMINREC,TIME SINCE LAST USED KETAMINE,HALLUCINOGENS,Original u otra,47272,99.943,False,False,False,Conservar como predictor principal
LSD,"EVER USED LSD (""ACID"")",HALLUCINOGENS,Original u otra,47276,99.951,False,False,False,Conservar como predictor principal
LSDAGE,AGE WHEN FIRST USED LSD,HALLUCINOGENS,Original u otra,47202,99.795,False,False,False,Conservar como predictor principal
LSDMFU,MONTH OF FIRST LSD USE - RECODE,HALLUCINOGENS,Original u otra,42225,89.273,False,False,False,Conservar como predictor principal
LSDREC,TIME SINCE LAST USED LSD,HALLUCINOGENS,Original u otra,47280,99.96,False,False,False,Conservar como predictor principal
LSDYFU,YEAR OF FIRST LSD USE - RECODE,HALLUCINOGENS,Original u otra,42234,89.292,False,False,False,Conservar como predictor principal
MESC,EVER USED MESCALINE,HALLUCINOGENS,Original u otra,47244,99.884,False,False,False,Conservar como predictor principal
PCP,"EVER USED PCP (""ANGEL DUST,"" PHENCYCLIDINE)",HALLUCINOGENS,Original u otra,47280,99.96,False,False,False,Conservar como predictor principal
PCPAGE,AGE WHEN FIRST USED PCP,HALLUCINOGENS,Original u otra,47259,99.915,False,False,False,Conservar como predictor principal
PCPMFU,MONTH OF FIRST PCP USE - RECODE,HALLUCINOGENS,Original u otra,46486,98.281,False,False,False,Conservar como predictor principal
PCPREC,TIME SINCE LAST USED PCP,HALLUCINOGENS,Original u otra,47279,99.958,False,False,False,Conservar como predictor principal
PCPYFU,YEAR OF FIRST PCP USE - RECODE,HALLUCINOGENS,Original u otra,46487,98.283,False,False,False,Conservar como predictor principal
PEYOTE,EVER USED PEYOTE,HALLUCINOGENS,Original u otra,47261,99.92,False,False,False,Conservar como predictor principal
PSILCY,EVER USED PSILOCYBIN (MUSHROOMS),HALLUCINOGENS,Original u otra,47217,99.827,False,False,False,Conservar como predictor principal
PSILCYREC,TIME SINCE LAST USED PSILOCYBIN,HALLUCINOGENS,Original u otra,47256,99.909,False,False,False,Conservar como predictor principal
SALVIADIV,EVER USED SALVIA DIVINORUM,HALLUCINOGENS,Original u otra,47247,99.89,False,False,False,Conservar como predictor principal
SALVIAREC,TIME SINCE LAST USED SALVIA DIVINORUM,HALLUCINOGENS,Original u otra,47246,99.888,False,False,False,Conservar como predictor principal
ASTHMAAGE,AGE ASTHMA 1ST DIAGNOSED,HEALTH,Original u otra,5309,11.224,False,False,False,Conservar como predictor principal
ASTHMAEVR2,EVER TOLD HAD ASTHMA,HEALTH,Original u otra,45963,97.175,False,False,False,Conservar como predictor principal
ASTHMANOW,STILL HAVE ASTHMA,HEALTH,Original u otra,5426,11.472,False,False,False,Conservar como predictor principal
CABLADDER,TYPE OF CANCER: BLADDER,HEALTH,Original u otra,1950,4.123,False,False,False,Conservar como predictor principal
CABLOLEULYM,TYPE OF CANCER: BLOOD/LEUKEMIA/LYMPHOMA,HEALTH,Original u otra,1950,4.123,False,False,False,Conservar como predictor principal
CABREAST,TYPE OF CANCER: BREAST,HEALTH,Original u otra,1950,4.123,False,False,False,Conservar como predictor principal
CACERVIX,TYPE OF CANCER: CERVIX (FEMALES ONLY),HEALTH,Original u otra,1145,2.421,False,False,False,Conservar como predictor principal
CACOLNRECT,TYPE OF CANCER: COLON/RECTUM,HEALTH,Original u otra,1950,4.123,False,False,False,Conservar como predictor principal
CAESOPSTOM,TYPE OF CANCER: ESOPHAGUS/STOMACH,HEALTH,Original u otra,1950,4.123,False,False,False,Conservar como predictor principal
CAGALLIVPAN,TYPE OF CANCER: GALLBLADDER/LIVER/PANCREAS,HEALTH,Original u otra,1950,4.123,False,False,False,Conservar como predictor principal
CAKIDNEY,TYPE OF CANCER: KIDNEY,HEALTH,Original u otra,1950,4.123,False,False,False,Conservar como predictor principal
CALARYLUNG,TYPE OF CANCER: LARYNX/WINDPIPE/LUNG,HEALTH,Original u otra,1950,4.123,False,False,False,Conservar como predictor principal
CAMELANOM,TYPE OF CANCER: MELANOMA,HEALTH,Original u otra,1950,4.123,False,False,False,Conservar como predictor principal
CAMOUTTHRO,TYPE OF CANCER: MOUTH/TONGUE/LIP/THROAT/PHARYNX,HEALTH,Original u otra,1950,4.123,False,False,False,Conservar como predictor principal
CANCEREVR2,EVER TOLD HAD CANCER,HEALTH,Original u otra,45963,97.175,False,False,False,Conservar como predictor principal
CANCERYR,HAD ANY CANCER PAST 12 MONTHS,HEALTH,Original u otra,1838,3.886,False,False,False,Conservar como predictor principal
CAOTHER2,TYPE OF CANCER: OTHER,HEALTH,Original u otra,1950,4.123,False,False,False,Conservar como predictor principal
CAOVARY,TYPE OF CANCER: OVARY (FEMALES ONLY),HEALTH,Original u otra,1145,2.421,False,False,False,Conservar como predictor principal
CAPROSTEST,TYPE OF CANCER: PROSTATE/TESTIS (MALES ONLY),HEALTH,Original u otra,805,1.702,False,False,False,Conservar como predictor principal
CASKINDK,TYPE OF CANCER: SKIN DON'T KNOW WHICH KIND,HEALTH,Original u otra,1950,4.123,False,False,False,Conservar como predictor principal
CASKINOTH,TYPE OF CANCER: SKIN (NOT MELANOMA),HEALTH,Original u otra,1950,4.123,False,False,False,Conservar como predictor principal
CATHYROID,TYPE OF CANCER: THYROID,HEALTH,Original u otra,1950,4.123,False,False,False,Conservar como predictor principal
CAUTERUS,TYPE OF CANCER: UTERUS (FEMALES ONLY),HEALTH,Original u otra,1145,2.421,False,False,False,Conservar como predictor principal
CIRROSAGE,AGE CIRRHOSIS 1ST DIAGNOSED,HEALTH,Original u otra,115,0.243,False,False,False,Conservar como predictor principal
CIRROSEVR2,EVER TOLD HAD CIRRHOSIS OF THE LIVER,HEALTH,Original u otra,45963,97.175,False,False,False,Conservar como predictor principal
COPDAGE,AGE COPD 1ST DIAGNOSED,HEALTH,Original u otra,1111,2.349,False,False,False,Conservar como predictor principal
COPDEVER2,EVER TOLD HAD CHRONIC BRONCHITIS OR COPD,HEALTH,Original u otra,45963,97.175,False,False,False,Conservar como predictor principal
DIABETEAG,AGE DIABETES 1ST DIAGNOSED,HEALTH,Original u otra,3660,7.738,False,False,False,Conservar como predictor principal
DIABETEVR2,EVER TOLD HAD DIABETES/SUGAR DIABETES,HEALTH,Original u otra,45963,97.175,False,False,False,Conservar como predictor principal
HEPBCAGE,AGE HEPATITIS 1ST DIAGNOSED,HEALTH,Original u otra,449,0.949,False,False,False,Conservar como predictor principal
HEPBCEVER2,EVER TOLD HAD HEPATITIS B OR C,HEALTH,Original u otra,45963,97.175,False,False,False,Conservar como predictor principal
HIGHBPAGE,AGE WHEN HIGH BLOOD PRESSURE 1ST DIAGNOSED,HEALTH,Original u otra,4925,10.412,False,False,False,Conservar como predictor principal
HIGHBPEVR2,EVER TOLD HAD HIGH BLOOD PRESSURE,HEALTH,Original u otra,45963,97.175,False,False,False,Conservar como predictor principal
HIGHBPMED,TAKING MEDS FOR HIGH BLOOD PRESSURE,HEALTH,Original u otra,6502,13.747,False,False,False,Conservar como predictor principal
HIVAIDSAG,AGE 1ST FOUND OUT HAD HIV/AIDS,HEALTH,Original u otra,113,0.239,False,False,False,Conservar como predictor principal
HIVAIDSEV2,EVER TOLD HAD HIV OR AIDS,HEALTH,Original u otra,45963,97.175,False,False,False,Conservar como predictor principal
HPALCAMT2,DOCTOR ASKED HOW MUCH YOU DRINK,HEALTH,Original u otra,40085,84.748,False,False,False,Conservar como predictor principal
HPALCCUT2,DOCTOR ADVISED YOU TO CUT DOWN ON DRINKING,HEALTH,Original u otra,40085,84.748,False,False,False,Conservar como predictor principal
HPALCFRQ2,DOCTOR ASKED HOW OFTEN YOU DRINK,HEALTH,Original u otra,40085,84.748,False,False,False,Conservar como predictor principal
HPALCNOT2,DOCTOR DIDNT DISCUSS MY ALCOHOL USE WITH ME,HEALTH,Original u otra,40085,84.748,False,False,False,Conservar como predictor principal
HPALCPRB2,DOCTOR ASKED IF ANY DRINKING PROBS,HEALTH,Original u otra,40085,84.748,False,False,False,Conservar como predictor principal
HPALCTX2,DOCTOR OFFERED INFO ABOUT ALCOHOL TREATMT,HEALTH,Original u otra,40085,84.748,False,False,False,Conservar como predictor principal
HPDRGTALK,HEALTH PROF DISCUSSED MY DRUG USE WITH ME,HEALTH,Original u otra,43822,92.649,False,False,False,Conservar como predictor principal
HPQTTOB,HEALTH PROF ADVISED YOU TO QUIT TOBACCO USE,HEALTH,Original u otra,44098,93.232,False,False,False,Conservar como predictor principal
HPUSEALC,HEALTH PROF ASKED PST 12 MOS: ALCOHOL USE,HEALTH,Original u otra,36213,76.562,False,False,False,Conservar como predictor principal
HPUSEDRG,HEALTH PROF ASKED PST 12 MOS: DRUG USE,HEALTH,Original u otra,36175,76.482,False,False,False,Conservar como predictor principal
HPUSETOB,HEALTH PROF ASKED PST 12 MOS: TOBACCO USE,HEALTH,Original u otra,36208,76.551,False,False,False,Conservar como predictor principal
HRTCONDAG,AGE HEART CONDITION 1ST DIAGNOSED,HEALTH,Original u otra,3509,7.419,False,False,False,Conservar como predictor principal
HRTCONDEV2,EVER TOLD HAD HEART CONDITION,HEALTH,Original u otra,45963,97.175,False,False,False,Conservar como predictor principal
HRTCONDYR,HAD HEART CONDITION PAST 12 MONTHS,HEALTH,Original u otra,3393,7.174,False,False,False,Conservar como predictor principal
HTANSWER,PREFERRED WAY TO REPORT HEIGHT,HEALTH,Original u otra,45907,97.057,False,False,False,Conservar como predictor principal
HTINCHE2,HEIGHT IN INCHES WITHOUT SHOES - RECODE,HEALTH,Original u otra,45450,96.091,False,False,False,Conservar como predictor principal
INHOSPYR,STAYED OVERNIGHT AS INPNT IN HOSP PAST 12 MOS,HEALTH,Original u otra,46311,97.911,False,False,False,Conservar como predictor principal
KIDNYDSAG,AGE KIDNEY DISEASE 1ST DIAGNOSED,HEALTH,Original u otra,815,1.723,False,False,False,Conservar como predictor principal
KIDNYDSEV2,EVER TOLD HAD KIDNEY DISEASE,HEALTH,Original u otra,45963,97.175,False,False,False,Conservar como predictor principal
NMERTMT2,# OF TIMES BEEN TREATED IN EMER ROOM PAST 12 MOS,HEALTH,Original u otra,45877,96.994,False,False,False,Conservar como predictor principal
NMNGTHS2,# NIGHTS STAYED IN HOSPITAL OVERNIGHT OR LONGER,HEALTH,Original u otra,3394,7.176,False,False,False,Conservar como predictor principal
NMVSOEST,# TIMES VISITED DR ABOUT OWN HEALTH PST YR,HEALTH,Original u otra,507,1.072,False,False,False,Conservar como predictor principal
NMVSOPT2,# OUTPATIENT VISITS PAST 12 MOS - RECODE,HEALTH,Original u otra,45691,96.6,False,False,False,Conservar como predictor principal
NONABOVEV2,NEVER HAD ANY OF THESE CONDITIONS,HEALTH,Original u otra,45963,97.175,False,False,False,Conservar como predictor principal
PREGSTAT,CURRENTLY PREGNANT (FEMALES AGED 12-50),HEALTH,Original u otra,19839,41.944,False,False,False,Conservar como predictor principal
TELEAPTYR,TALK TO DOC ABOUT HEALTH OVER PHONE/EMAIL/VIDEO PST 12 MOS,HEALTH,Original u otra,46272,97.829,False,False,False,Conservar como predictor principal
WTANSWER,PREFERRED WAY TO REPORT WEIGHT,HEALTH,Original u otra,45814,96.86,False,False,False,Conservar como predictor principal
WTPOUND2,WEIGHT IN POUNDS - RECODE,HEALTH,Original u otra,45427,96.042,False,False,False,Conservar como predictor principal
CAIDCHIP,COVERED BY MEDICAID/CHIP,HEALTH INSURANCE,Original u otra,45287,95.746,False,False,False,Conservar como predictor principal
CHAMPUS,"COV BY TRICARE, CHAMPUS, CHAMPVA, VA, MILITARY",HEALTH INSURANCE,Original u otra,45535,96.271,False,False,False,Conservar como predictor principal
GRPHLTIN,PRIVATE PLAN OFFERED THROUGH EMPLOYER OR UNION,HEALTH INSURANCE,Original u otra,26714,56.479,False,False,False,Conservar como predictor principal
HLCLAST,TIME SINCE LAST HAD HEALTH CARE COVERAGE,HEALTH INSURANCE,Original u otra,4849,10.252,False,False,False,Conservar como predictor principal
HLCNOTMO,"PAST 12 MOS, HOW MANY MOS W/O COVERAGE",HEALTH INSURANCE,Original u otra,2498,5.281,False,False,False,Conservar como predictor principal
HLCNOTYR,ANYTIME DID NOT HAVE HEALTH INS/COVER PAST 12 MOS,HEALTH INSURANCE,Original u otra,40211,85.014,False,False,False,Conservar como predictor principal
HLLOSRSN,MAIN REASON STOPPED COVERED BY HEALTH INSURANCE,HEALTH INSURANCE,Original u otra,3693,7.808,False,False,False,Conservar como predictor principal
HLNVCOST,NEVER HAD HEALTH INSURANCE BECAUSE COST TOO HIGH,HEALTH INSURANCE,Original u otra,1093,2.311,False,False,False,Conservar como predictor principal
HLNVNEED,NEVER HAD HEALTH INSURANCE BECAUSE DON'T NEED IT,HEALTH INSURANCE,Original u otra,1093,2.311,False,False,False,Conservar como predictor principal
HLNVOFFR,NEVER HAD HEALTH INSURANCE BECAUSE EMPLOYER DOESN'T OFFER,HEALTH INSURANCE,Original u otra,1093,2.311,False,False,False,Conservar como predictor principal
HLNVREF,NEVER HAD HEALTH INSURANCE BC INS COMPANY REFUSED COVERAGE,HEALTH INSURANCE,Original u otra,1093,2.311,False,False,False,Conservar como predictor principal
HLNVSOR,NEVER HAD HEALTH INSURANCE BECAUSE OF SOME OTHER REASON,HEALTH INSURANCE,Original u otra,1093,2.311,False,False,False,Conservar como predictor principal
HLTINALC,PRIVATE INSURANCE COVERS TRMT FOR ALCOHOL ABUSE/ALCOHOLISM,HEALTH INSURANCE,Original u otra,20451,43.238,False,False,False,Conservar como predictor principal
HLTINDRG,PRIVATE INSURANCE COVERS TRMT FOR DRUG ABUSE,HEALTH INSURANCE,Original u otra,20516,43.375,False,False,False,Conservar como predictor principal
HLTINMNT,PRIVATE INSURANCE COVERS TRMT FOR MENTAL/EMOTIONAL PROBLEMS,HEALTH INSURANCE,Original u otra,23819,50.358,False,False,False,Conservar como predictor principal
HLTINNOS,COVERED BY HEALTH INSUR (NOT OTHERWISE SPECIFIED),HEALTH INSURANCE,Original u otra,6101,12.899,False,False,False,Conservar como predictor principal
MEDICARE,COVERED BY MEDICARE,HEALTH INSURANCE,Original u otra,45473,96.139,False,False,False,Conservar como predictor principal
PRVHLTIN,COVERED BY PRIVATE INSURANCE,HEALTH INSURANCE,Original u otra,45337,95.852,False,False,False,Conservar como predictor principal
HER30USE,# DAYS USED HEROIN PAST 30 DAYS,HEROIN,Original u otra,47283,99.966,False,False,False,Conservar como predictor principal
HERAGE,AGE WHEN FIRST USED HEROIN,HEROIN,Original u otra,47284,99.968,False,False,False,Conservar como predictor principal
HEREVER,EVER USED HEROIN,HEROIN,Original u otra,47293,99.987,False,False,False,Conservar como predictor principal
HERMFU,MONTH OF FIRST HEROIN USE - RECODE,HEROIN,Original u otra,46124,97.516,False,False,False,Conservar como predictor principal
HERREC,TIME SINCE LAST USED HEROIN,HEROIN,Original u otra,47293,99.987,False,False,False,Conservar como predictor principal
HERYFU,YEAR OF FIRST HEROIN USE - RECODE,HEROIN,Original u otra,46126,97.52,False,False,False,Conservar como predictor principal
HERYRTOT,TOTAL # OF DAYS USED HEROIN IN PAST 12 MONTHS,HEROIN,Original u otra,47281,99.962,False,False,False,Conservar como predictor principal
HR30EST,BEST EST. # DAYS USED HEROIN PAST 30 DAYS,HEROIN,Original u otra,47215,99.822,False,False,False,Conservar como predictor principal
HRBSTWAY,EASIEST WAY TO TELL US # DAYS USED HEROIN,HEROIN,Original u otra,47283,99.966,False,False,False,Conservar como predictor principal
HRDAYPMO,# DAYS PER MONTH USED HEROIN PAST 12 MONTHS,HEROIN,Original u otra,47187,99.763,False,False,False,Conservar como predictor principal
HRDAYPWK,# DAYS PER WEEK USED HEROIN PAST 12 MONTHS,HEROIN,Original u otra,47213,99.818,False,False,False,Conservar como predictor principal
HRDAYPYR,# DAYS USED HEROIN PAST 12 MONTHS,HEROIN,Original u otra,47193,99.776,False,False,False,Conservar como predictor principal
EDFAM18,RC-EDITED INDICATOR: FAMILY IN HH 18 OR OLDER,HOUSEHOLD COMPOSITION (ROSTER),Original u otra,45742,96.708,False,False,False,Conservar como predictor principal
NRCH17_2,RECODED # R's CHILDREN < 18 IN HOUSEHOLD,HOUSEHOLD COMPOSITION (ROSTER),Original u otra,45600,96.408,False,False,False,Conservar como predictor principal
IRAMDEIMP,ADULT: MDE WITH SEVERE ROLE IMPAIRMENT - IMP REV,IMPUTED ADULT DEPRESSION,Imputada,47299,100.0,False,False,False,Conservar como predictor principal
IRAMDELT,ADULT: LIFETIME MAJOR DEPRESSIVE EPISODE (MDE) - IMP REV,IMPUTED ADULT DEPRESSION,Imputada,47299,100.0,False,False,False,Conservar como predictor principal
IRAGADANNOY,EASILY ANNOYED OR IRRITABLE LAST 2 WKS - IMP REV,IMPUTED ADULT MENTAL HEALTH,Imputada,47299,100.0,False,False,False,Conservar como predictor principal
IRAGADAWFUL,AFRAID SOMETHING AWFUL MIGHT HAPPEN LAST 2 WKS - IMP REV,IMPUTED ADULT MENTAL HEALTH,Imputada,47299,100.0,False,False,False,Conservar como predictor principal
IRAGADNRVANX,"NERVOUS, ANXIOUS, OR ON EDGE LAST 2 WKS - IMP REV",IMPUTED ADULT MENTAL HEALTH,Imputada,47299,100.0,False,False,False,Conservar como predictor principal
IRAGADNTSTOP,NOT ABLE TO STOP OR CONTROL WORRYING LAST 2 WKS - IMP REV,IMPUTED ADULT MENTAL HEALTH,Imputada,47299,100.0,False,False,False,Conservar como predictor principal
IRAGADRSTLSS,HARD TO SIT STILL BECAUSE RESTLESS LAST 2 WKS - IMP REV,IMPUTED ADULT MENTAL HEALTH,Imputada,47299,100.0,False,False,False,Conservar como predictor principal
IRAGADTRBRLX,HAD TROUBLE RELAXING LAST 2 WKS - IMP REV,IMPUTED ADULT MENTAL HEALTH,Imputada,47299,100.0,False,False,False,Conservar como predictor principal
IRAGADWRYMCH,WORRIED TOO MUCH ABOUT DIFF THINGS LAST 2 WKS - IMP REV,IMPUTED ADULT MENTAL HEALTH,Imputada,47299,100.0,False,False,False,Conservar como predictor principal
IRDSTCHR12,HOW OFTEN FELT COULDN'T BE CHEERED UP WRST MONTH - IMP REV,IMPUTED ADULT MENTAL HEALTH,Imputada,15813,33.432,False,False,False,Conservar como predictor principal
IRDSTCHR30,HOW OFTEN FELT COULDN'T BE CHEERED UP PST 30 DYS - IMP REV,IMPUTED ADULT MENTAL HEALTH,Imputada,47299,100.0,False,False,False,Conservar como predictor principal
IRDSTEFF12,HOW OFTEN FELT EVERYTHING EFFORT WRST MONTH - IMP REV,IMPUTED ADULT MENTAL HEALTH,Imputada,15813,33.432,False,False,False,Conservar como predictor principal
IRDSTEFF30,HOW OFTEN FELT EVERYTHING EFFORT PAST 30 DAYS - IMP REV,IMPUTED ADULT MENTAL HEALTH,Imputada,47299,100.0,False,False,False,Conservar como predictor principal
IRDSTHOP12,HOW OFTEN FELT HOPELESS WRST MONTH - IMP REV,IMPUTED ADULT MENTAL HEALTH,Imputada,15813,33.432,False,False,False,Conservar como predictor principal
IRDSTHOP30,HOW OFTEN FELT HOPELESS PAST 30 DAYS - IMP REV,IMPUTED ADULT MENTAL HEALTH,Imputada,47299,100.0,False,False,False,Conservar como predictor principal
IRDSTNGD12,HOW OFTEN FELT DOWN/WTHLSS/NO GOOD WRST MONTH - IMP REV,IMPUTED ADULT MENTAL HEALTH,Imputada,15813,33.432,False,False,False,Conservar como predictor principal
IRDSTNGD30,HOW OFTEN FELT DOWN/WTHLSS/NO GOOD PAST 30 DAYS - IMP REV,IMPUTED ADULT MENTAL HEALTH,Imputada,47299,100.0,False,False,False,Conservar como predictor principal
IRDSTNRV12,HOW OFTEN FELT NERVOUS WRST MONTH - IMP REV,IMPUTED ADULT MENTAL HEALTH,Imputada,15813,33.432,False,False,False,Conservar como predictor principal
IRDSTNRV30,HOW OFTEN FELT NERVOUS PAST 30 DAYS - IMP REV,IMPUTED ADULT MENTAL HEALTH,Imputada,47299,100.0,False,False,False,Conservar como predictor principal
IRDSTRST12,HOW OFTEN FELT RESTLESS/FIDGETY WRST MONTH - IMP REV,IMPUTED ADULT MENTAL HEALTH,Imputada,15813,33.432,False,False,False,Conservar como predictor principal
IRDSTRST30,HOW OFTEN FELT RESTLESS/FIDGETY PAST 30 DAYS - IMP REV,IMPUTED ADULT MENTAL HEALTH,Imputada,47299,100.0,False,False,False,Conservar como predictor principal
IRDSTWORST,MONTH IN PAST 12 MOS FELT WORSE THAN PAST 30 DAYS - IMP REV,IMPUTED ADULT MENTAL HEALTH,Imputada,47299,100.0,False,False,False,Conservar como predictor principal
IRIMPCONCN,DIFFICULTY CONCENTRATING ONE MO IN PST 12 MOS - IMP REV,IMPUTED ADULT MENTAL HEALTH,Imputada,36841,77.89,False,False,False,Conservar como predictor principal
IRIMPGOUT,DIFFICULTY GOING OUT ONE MO IN PST 12 MOS - IMP REV,IMPUTED ADULT MENTAL HEALTH,Imputada,36841,77.89,False,False,False,Conservar como predictor principal
IRIMPGOUTM,EMOTIONAL PROBLEMS KEEP YOU FROM LEAVING HOUSE - IMP REV,IMPUTED ADULT MENTAL HEALTH,Imputada,1256,2.655,False,False,False,Conservar como predictor principal
IRIMPHHLD,DIFFICULTY HHLD RESPONS ONE MO IN PST 12 MOS - IMP REV,IMPUTED ADULT MENTAL HEALTH,Imputada,36841,77.89,False,False,False,Conservar como predictor principal
IRIMPHHLDM,EMOTIONAL PROBLEMS KEEP YOU FROM HHLD RESP - IMP REV,IMPUTED ADULT MENTAL HEALTH,Imputada,649,1.372,False,False,False,Conservar como predictor principal
IRIMPPEOP,DIFFICULTY DEALING W STRNGERS ONE MO IN PST 12 MOS - IMP REV,IMPUTED ADULT MENTAL HEALTH,Imputada,36841,77.89,False,False,False,Conservar como predictor principal
IRIMPPEOPM,EMOTIONAL PROBLEMS KEEP YOU FROM DEALING W STRNGRS - IMP REV,IMPUTED ADULT MENTAL HEALTH,Imputada,1559,3.296,False,False,False,Conservar como predictor principal
IRIMPREMEM,DIFFICULTY REMEMBERING ONE MO IN PST 12 MOS - IMP REV,IMPUTED ADULT MENTAL HEALTH,Imputada,36841,77.89,False,False,False,Conservar como predictor principal
IRIMPRESP,DIFFICULTY WORK RESPONS ONE MO IN PST 12 MOS - IMP REV,IMPUTED ADULT MENTAL HEALTH,Imputada,36841,77.89,False,False,False,Conservar como predictor principal
IRIMPRESPM,EMOTIONAL PROBLEMS KEEP YOU FROM WORK OR SCHOOL - IMP REV,IMPUTED ADULT MENTAL HEALTH,Imputada,2360,4.99,False,False,False,Conservar como predictor principal
IRIMPSOC,DIFFICULTY PART IN SOCIAL ACT ONE MO IN PST 12 MOS - IMP REV,IMPUTED ADULT MENTAL HEALTH,Imputada,36841,77.89,False,False,False,Conservar como predictor principal
IRIMPSOCM,EMOTIONAL PROBLEMS KEEP YOU FROM SOCIAL ACT - IMP REV,IMPUTED ADULT MENTAL HEALTH,Imputada,2261,4.78,False,False,False,Conservar como predictor principal
IRIMPWORK,DIFFICULTY DOING DAILY WORK ONE MO IN PST 12 MOS - IMP REV,IMPUTED ADULT MENTAL HEALTH,Imputada,34481,72.9,False,False,False,Conservar como predictor principal
IREDUHIGHST2,EDUCATION - RECODED IMPUTATION REVISED,IMPUTED DEMOGRAPHICS,Imputada,47299,100.0,False,False,False,Conservar como predictor principal
IRMARIT,IMPUTATION REVISED MARITAL STATUS,IMPUTED DEMOGRAPHICS,Imputada,47299,100.0,False,False,False,Conservar como predictor principal
IRSEX,RESPONDENT SEX - IMPUTATION REVISED,IMPUTED DEMOGRAPHICS,Imputada,47299,100.0,False,False,False,Conservar como predictor principal
IRFLVVAPREC,ONLY FLAVORING VAPING RECENCY - IMPUTATION REVISED,IMPUTED EMERGING ISSUES,Imputada,47299,100.0,False,False,False,Conservar como predictor principal
IRIMFREC,ILLEGALLY MADE FENTANYL RECENCY - IMPUTATION REVISED,IMPUTED EMERGING ISSUES,Imputada,47299,100.0,False,False,False,Conservar como predictor principal
IRKRATREC,KRATOM RECENCY - IMPUTATION REVISED,IMPUTED EMERGING ISSUES,Imputada,47299,100.0,False,False,False,Conservar como predictor principal
IRSYNMRJREC,SYNTHETIC MARIJUANA RECENCY - IMPUTATION REVISED,IMPUTED EMERGING ISSUES,Imputada,47299,100.0,False,False,False,Conservar como predictor principal
IRSYNSTMREC,SYNTHETIC STIMULANTS RECENCY - IMPUTATION REVISED,IMPUTED EMERGING ISSUES,Imputada,47299,100.0,False,False,False,Conservar como predictor principal
IRWRKSTAT,EMPLOYMENT STATUS - IMPUTATION REVISED,IMPUTED EMPLOYMENT,Imputada,47299,100.0,False,False,False,Conservar como predictor principal
IRWRKSTAT18,EMPLOYMENT STATUS 18+ - IMPUTATION REVISED,IMPUTED EMPLOYMENT,Imputada,47299,100.0,False,False,False,Conservar como predictor principal
IRCHMPUS,CHAMPUS - IMPUTATION REVISED,IMPUTED HEALTH INSURANCE,Imputada,47299,100.0,False,False,False,Conservar como predictor principal
IRMCDCHP,MEDICAID/CHIP - IMPUTATION REVISED,IMPUTED HEALTH INSURANCE,Imputada,47299,100.0,False,False,False,Conservar como predictor principal
IRMEDICR,MEDICARE - IMPUTATION REVISED,IMPUTED HEALTH INSURANCE,Imputada,47299,100.0,False,False,False,Conservar como predictor principal
IROTHHLT,OTHER HEALTH INSURANCE - IMPUTATION REVISED,IMPUTED HEALTH INSURANCE,Imputada,6496,13.734,False,False,False,Conservar como predictor principal
IRPRVHLT,PRIVATE HEALTH INSURANCE - IMPUTATION REVISED,IMPUTED HEALTH INSURANCE,Imputada,47299,100.0,False,False,False,Conservar como predictor principal
IRHH65_2,REC - IMPUTATION-REVISED # OF PER IN HH AGED>=65,IMPUTED HOUSEHOLD COMPOSITION (ROSTER),Imputada,47299,100.0,False,False,False,Conservar como predictor principal
IRHHSIZ2,RECODE - IMPUTATION-REVISED # PERSONS IN HH,IMPUTED HOUSEHOLD COMPOSITION (ROSTER),Imputada,47299,100.0,False,False,False,Conservar como predictor principal
IRKI17_2,RECODE - IMPUTATION-REVISED # KIDS AGED<18 IN HH,IMPUTED HOUSEHOLD COMPOSITION (ROSTER),Imputada,47299,100.0,False,False,False,Conservar como predictor principal
IRFAMIN3,RECODE - TOT FAM INCOME - IMPUTATION REVISED,IMPUTED INCOME,Imputada,47299,100.0,False,False,False,Conservar como predictor principal
IRFAMPMT,FAM RECEIVE PUBLIC ASSIST - IMPUTATION REVISED,IMPUTED INCOME,Imputada,47299,100.0,False,False,False,Conservar como predictor principal
IRFAMSOC,FAM RECEIVE SS OR RR PAYMENTS - IMPUTATION REVISED,IMPUTED INCOME,Imputada,47299,100.0,False,False,False,Conservar como predictor principal
IRFAMSSI,FAM RECEIVE SSI - IMPUTATION REVISED,IMPUTED INCOME,Imputada,47299,100.0,False,False,False,Conservar como predictor principal
IRFAMSVC,FAM REC WELFARE/JOB PL/CHILDCARE - IMPUTATION REVISED,IMPUTED INCOME,Imputada,47299,100.0,False,False,False,Conservar como predictor principal
IRFSTAMP,RESP/OTH FAM MEM REC FOOD STAMPS - IMPUTATION REVISED,IMPUTED INCOME,Imputada,47299,100.0,False,False,False,Conservar como predictor principal
IRPINC3,RECODE -RESP TOT INCOME - IMPUTATION REVISED,IMPUTED INCOME,Imputada,47299,100.0,False,False,False,Conservar como predictor principal
IRWELMOS,NO OF MONTHS ON WELFARE - IMPUTATION REVISED,IMPUTED INCOME,Imputada,1905,4.028,False,False,False,Conservar como predictor principal
IRPMNICDEP,NICOTINE DEPENDENCE IN PAST MONTH - IMPUTATION REVISED,IMPUTED NICOTINE DEPENDENCE,Imputada,47299,100.0,False,False,False,Conservar como predictor principal
IINPCOLDREC,NONPRESCRIPTION COUGH OR COLD MEDS RECENCY - IMPUTATION IND,IMPUTED SPECIAL DRUGS,Imputada,47299,100.0,False,False,False,Conservar como predictor principal
IRGHBREC,GHB RECENCY - IMPUTATION REVISED,IMPUTED SPECIAL DRUGS,Imputada,47299,100.0,False,False,False,Conservar como predictor principal
IRNPCOLDREC,NONPRESCRIPTION COUGH OR COLD MEDS RECENCY - IMPUTATION REV,IMPUTED SPECIAL DRUGS,Imputada,47299,100.0,False,False,False,Conservar como predictor principal
IRPYSEV5ALC,ALCOHOL USE DISORDER SEVERITY IN THE PAST YEAR - IMP REV,IMPUTED SUBSTANCE USE DISORDER,Imputada,47299,100.0,False,False,False,Conservar como predictor principal
IRPYSEV5COC,COCAINE USE DISORDER SEVERITY IN THE PAST YEAR - IMP REV,IMPUTED SUBSTANCE USE DISORDER,Imputada,47299,100.0,False,False,False,Conservar como predictor principal
IRPYSEV5HAL,HALLUCINOGEN USE DISORDER SEVERITY IN THE PAST YR - IMP REV,IMPUTED SUBSTANCE USE DISORDER,Imputada,47299,100.0,False,False,False,Conservar como predictor principal
IRPYSEV5HER,HEROIN USE DISORDER SEVERITY IN THE PAST YEAR - IMP REV,IMPUTED SUBSTANCE USE DISORDER,Imputada,47299,100.0,False,False,False,Conservar como predictor principal
IRPYSEV5INH,INHALANT USE DISORDER SEVERITY IN THE PAST YEAR - IMP REV,IMPUTED SUBSTANCE USE DISORDER,Imputada,47299,100.0,False,False,False,Conservar como predictor principal
IRPYSEV5MRJ,MARIJUANA USE DISORDER SEVERITY IN THE PAST YEAR - IMP REV,IMPUTED SUBSTANCE USE DISORDER,Imputada,47299,100.0,False,False,False,Conservar como predictor principal
IRPYSEV5MTH,METHAMPHETAMINE USE DISORDER SEVERITY IN PAST YR - IMP REV,IMPUTED SUBSTANCE USE DISORDER,Imputada,47299,100.0,False,False,False,Conservar como predictor principal
IRPYUD5ALC,ALCOHOL USE DISORDER IN THE PAST YEAR - IMP REV,IMPUTED SUBSTANCE USE DISORDER,Imputada,47299,100.0,False,False,False,Conservar como predictor principal
IRPYUD5COC,COCAINE USE DISORDER IN THE PAST YEAR - IMP REV,IMPUTED SUBSTANCE USE DISORDER,Imputada,47299,100.0,False,False,False,Conservar como predictor principal
IRPYUD5HAL,HALLUCINOGEN USE DISORDER IN THE PAST YEAR - IMP REV,IMPUTED SUBSTANCE USE DISORDER,Imputada,47299,100.0,False,False,False,Conservar como predictor principal
IRPYUD5HER,HEROIN USE DISORDER IN THE PAST YEAR - IMP REV,IMPUTED SUBSTANCE USE DISORDER,Imputada,47299,100.0,False,False,False,Conservar como predictor principal
IRPYUD5INH,INHALANT USE DISORDER IN THE PAST YEAR - IMP REV,IMPUTED SUBSTANCE USE DISORDER,Imputada,47299,100.0,False,False,False,Conservar como predictor principal
IRPYUD5MRJ,MARIJUANA USE DISORDER IN THE PAST YEAR - IMP REV,IMPUTED SUBSTANCE USE DISORDER,Imputada,47299,100.0,False,False,False,Conservar como predictor principal
IRPYUD5MTH,METHAMPHETAMINE USE DISORDER IN THE PAST YEAR - IMP REV,IMPUTED SUBSTANCE USE DISORDER,Imputada,47299,100.0,False,False,False,Conservar como predictor principal
IRSEVPNRMIS,"PAIN RELIEVER USE DISORDER SEVERITY, PY MISUSERS - IMP REV",IMPUTED SUBSTANCE USE DISORDER,Imputada,374,0.791,False,False,False,Conservar como predictor principal
IRSEVPNRUNM2,"PAIN RELIEVER USE DIS SEV, PY USERS BUT NOT MISUSERS-IMP REV",IMPUTED SUBSTANCE USE DISORDER,Imputada,410,0.867,False,False,False,Conservar como predictor principal
IRSEVSEDMIS,"SEDATIVE USE DISORDER SEVERITY, PY MISUSERS - IMP REV",IMPUTED SUBSTANCE USE DISORDER,Imputada,48,0.101,False,False,False,Conservar como predictor principal
IRSEVSEDUNM,"SEDATIVE USE DIS SEV, PY USERS BUT NOT MISUSERS - IMP REV",IMPUTED SUBSTANCE USE DISORDER,Imputada,112,0.237,False,False,False,Conservar como predictor principal
IRSEVSTMMIS,"STIMULANT USE DISORDER SEVERITY, PY MISUSERS - IMP REV",IMPUTED SUBSTANCE USE DISORDER,Imputada,178,0.376,False,False,False,Conservar como predictor principal
IRSEVSTMUNM,"STIMULANT USE DIS SEV, PY USERS BUT NOT MISUSERS - IMP REV",IMPUTED SUBSTANCE USE DISORDER,Imputada,269,0.569,False,False,False,Conservar como predictor principal
IRSEVTRQMIS,"TRANQUILIZER USE DISORDER SEVERITY, PY MISUSERS - IMP REV",IMPUTED SUBSTANCE USE DISORDER,Imputada,157,0.332,False,False,False,Conservar como predictor principal
IRSEVTRQUNM,"TRANQUILIZER USE DIS SEV, PY USERS BUT NOT MISUSERS-IMP REV",IMPUTED SUBSTANCE USE DISORDER,Imputada,175,0.37,False,False,False,Conservar como predictor principal
IRUD5PNRMIS,"PAIN RELIEVER USE DISORDER, PY MISUERS - IMP REV",IMPUTED SUBSTANCE USE DISORDER,Imputada,47299,100.0,False,False,False,Conservar como predictor principal
IRUD5PNRUNM2,"PAIN RELIEVER USE DISORD, PY USERS BUT NOT MISUSERS-IMP REV",IMPUTED SUBSTANCE USE DISORDER,Imputada,47299,100.0,False,False,False,Conservar como predictor principal
IRUD5SEDMIS,"SEDATIVE USE DISORDER, PY MISUSERS - IMP REV",IMPUTED SUBSTANCE USE DISORDER,Imputada,47299,100.0,False,False,False,Conservar como predictor principal
IRUD5SEDUNM,"SEDATIVE USE DISORDER, PY USERS BUT NOT MISUSERS - IMP REV",IMPUTED SUBSTANCE USE DISORDER,Imputada,47299,100.0,False,False,False,Conservar como predictor principal
IRUD5STMMIS,"STIMULANT USE DISORDER, PY MISUSERS - IMP REV",IMPUTED SUBSTANCE USE DISORDER,Imputada,47299,100.0,False,False,False,Conservar como predictor principal
IRUD5STMUNM,"STIMULANT USE DISORDER, PY USERS BUT NOT MISUSERS - IMP REV",IMPUTED SUBSTANCE USE DISORDER,Imputada,47299,100.0,False,False,False,Conservar como predictor principal
IRUD5TRQMIS,"TRANQUILIZER USE DISORDER, PY MISUSERS - IMP REV",IMPUTED SUBSTANCE USE DISORDER,Imputada,47299,100.0,False,False,False,Conservar como predictor principal
IRUD5TRQUNM,"TRANQUILIZER USE DISORDER, PY USERS BUT NOT MISUSERS-IMP REV",IMPUTED SUBSTANCE USE DISORDER,Imputada,47299,100.0,False,False,False,Conservar como predictor principal
CELLNOTCL,NOT A CELL PHONE,INCOME,Original u otra,45395,95.975,False,False,False,Conservar como predictor principal
CELLWRKNG,WORKING CELL PHONE,INCOME,Original u otra,45380,95.943,False,False,False,Conservar como predictor principal
AIRDUSTER3,EVER INHALED COMPUTER KEYBOARD CLEANER/AIR DUSTER,INHALANTS,Original u otra,47285,99.97,False,False,False,Conservar como predictor principal
AMYLNIT3,"EVER INHALED AMYL NITRITE, 'POPPERS,' RUSH, ETC.",INHALANTS,Original u otra,47258,99.913,False,False,False,Conservar como predictor principal
CLEFLU3,"EVER INHALED CORRECTION FLUID, DEGREASER, ETC.",INHALANTS,Original u otra,47278,99.956,False,False,False,Conservar como predictor principal
ETHER3,"EVER INHALED HALOTHANE, ETHER, OR OTHER ANESTHETIC",INHALANTS,Original u otra,47278,99.956,False,False,False,Conservar como predictor principal
FELTMARKR3,EVER INHALED FELT-TIP PENS/MARKERS,INHALANTS,Original u otra,47270,99.939,False,False,False,Conservar como predictor principal
GAS3,EVER INHALED GASOLINE OR LIGHTER FLUID,INHALANTS,Original u otra,47284,99.968,False,False,False,Conservar como predictor principal
GLUE3,"EVER INHALED GLUE, SHOE POLISH, OR TOLUENE",INHALANTS,Original u otra,47282,99.964,False,False,False,Conservar como predictor principal
INHAL30ES2,BEST ESTIMATE # DAYS USED INHALANTS PAST 30 DAYS,INHALANTS,Original u otra,46962,99.288,False,False,False,Conservar como predictor principal
INHAL30N2,# DAYS USED INHALANT PAST 30 DAYS,INHALANTS,Original u otra,47176,99.74,False,False,False,Conservar como predictor principal
INHALAGE2,AGE WHEN FIRST USED INHALANTS,INHALANTS,Original u otra,46994,99.355,False,False,False,Conservar como predictor principal
INHALEVER2,EVER USED INHALANTS,INHALANTS,Original u otra,47231,99.856,False,False,False,Conservar como predictor principal
INHALMFU2,MONTH OF FIRST INHALANT USE - RECODE,INHALANTS,Original u otra,42145,89.103,False,False,False,Conservar como predictor principal
INHALOTH2,EVER USED OTHER INHALANTS,INHALANTS,Original u otra,47272,99.943,False,False,False,Conservar como predictor principal
INHALREC2,TIME SINCE LAST USED INHALANTS,INHALANTS,Original u otra,47231,99.856,False,False,False,Conservar como predictor principal
INHALYFQ2,TOTAL # OF DAYS USED INHALANT PAST 12 MONTHS,INHALANTS,Original u otra,47171,99.729,False,False,False,Conservar como predictor principal
INHALYFU2,YEAR OF FIRST INHALANT USE - RECODE,INHALANTS,Original u otra,42154,89.122,False,False,False,Conservar como predictor principal
INHDYPMO2,# DAYS PER MONTH USED INHALANT PAST 12 MONTHS,INHALANTS,Original u otra,46723,98.782,False,False,False,Conservar como predictor principal
INHDYPWK2,# DAYS PER WEEK USED INHALANT PAST 12 MONTHS,INHALANTS,Original u otra,46706,98.746,False,False,False,Conservar como predictor principal
INHDYSYR2,# DAYS USED INHALANT PAST 12 MONTHS,INHALANTS,Original u otra,46975,99.315,False,False,False,Conservar como predictor principal
INHEASWY2,EASIEST WAY TO TELL US # DAYS USED INHALANTS,INHALANTS,Original u otra,47174,99.736,False,False,False,Conservar como predictor principal
LGAS3,"EVER INHALED LIGHTER GASES (BUTANE, PROPANE)",INHALANTS,Original u otra,47284,99.968,False,False,False,Conservar como predictor principal
NITOXID3,EVER INHALED NITROUS OXIDE OR 'WHIPPITS',INHALANTS,Original u otra,47268,99.934,False,False,False,Conservar como predictor principal
OTHAEROS3,EVER INHALED OTHER AEROSOL SPRAYS,INHALANTS,Original u otra,47278,99.956,False,False,False,Conservar como predictor principal
SOLVENT3,"EVER INHALED LACQUER THINNER, OTHER PAINT SOLVENTS",INHALANTS,Original u otra,47281,99.962,False,False,False,Conservar como predictor principal
SPPAINT3,EVER INHALED SPRAY PAINTS,INHALANTS,Original u otra,47283,99.966,False,False,False,Conservar como predictor principal
GQTYPE2,TYPE OF GROUP QUARTER,INTERVIEW INFORMATION,Original u otra,47299,100.0,False,False,False,Conservar como predictor principal
LANGVER,LANGUAGE VERSION,INTERVIEW INFORMATION,Original u otra,47299,100.0,False,False,False,Conservar como predictor principal
CBDHMPEVR,EVER USED CBD OR HEMP PRODUCTS,MARIJUANA,Original u otra,47185,99.759,False,False,False,Conservar como predictor principal
CBDHMPREC,TIME SINCE LAST USED CBD OR HEMP PRODUCT,MARIJUANA,Original u otra,47185,99.759,False,False,False,Conservar como predictor principal
MEDMJPA2,STATE MEDICAL MJ LAW PASSED AT TIME OF INTERVIEW,MARIJUANA,Original u otra,47299,100.0,False,False,False,Conservar como predictor principal
MJAGE,AGE WHEN FIRST USED MARIJUANA/CANNABIS,MARIJUANA,Original u otra,47164,99.715,False,False,False,Conservar como predictor principal
MJALLMEDYR,ALL MARIJUANA USE IN PAST 12 MONTHS RECOMMENDED BY DR,MARIJUANA,Original u otra,36220,76.577,False,False,False,Conservar como predictor principal
MJANYMEDYR,ANY MARIJUANA USE IN PAST 12 MONTHS RECOMMENDED BY DR,MARIJUANA,Original u otra,47171,99.729,False,False,False,Conservar como predictor principal
MJDAY30A,# DAYS USED MARIJUANA/CANNABIS PAST 30 DAYS,MARIJUANA,Original u otra,47045,99.463,False,False,False,Conservar como predictor principal
MJEVER,EVER USED MARIJUANA/CANNABIS,MARIJUANA,Original u otra,47276,99.951,False,False,False,Conservar como predictor principal
MJEVERVAPE,EVER VAPED MARIJUANA,MARIJUANA,Original u otra,41514,87.769,False,False,False,Conservar como predictor principal
MJMFU,MONTH OF FIRST MARIJUANA/CANNABIS USE - RECODE,MARIJUANA,Original u otra,23267,49.191,False,False,False,Conservar como predictor principal
MJMONDAB,"MRJ USE - DABBING WAXES, SHATTER, OR CONC - PAST 30 DAYS",MARIJUANA,Original u otra,47081,99.539,False,False,False,Conservar como predictor principal
MJMONEAT,MRJ USE - EATING OR DRINKING - PAST 30 DAYS,MARIJUANA,Original u otra,47052,99.478,False,False,False,Conservar como predictor principal
MJMONMOUTH,MRJ USE - DROPS/STRIPS/LOZENGES/SPRAYS IN MOUTH - PST 30 DAY,MARIJUANA,Original u otra,47085,99.548,False,False,False,Conservar como predictor principal
MJMONPILL,MRJ USE - PILLS - PAST 30 DAYS,MARIJUANA,Original u otra,47081,99.539,False,False,False,Conservar como predictor principal
MJMONSKIN,MRJ USE - LOTION/CREAM/PATCH TO SKIN - PAST 30 DAYS,MARIJUANA,Original u otra,47079,99.535,False,False,False,Conservar como predictor principal
MJMONSMOKE,MRJ USE - SMOKING - PAST 30 DAYS,MARIJUANA,Original u otra,47074,99.524,False,False,False,Conservar como predictor principal
MJMONVAPE,MRJ USE - VAPING - PAST 30 DAYS,MARIJUANA,Original u otra,47071,99.518,False,False,False,Conservar como predictor principal
MJREC,TIME SINCE LAST USED MARIJUANA/CANNABIS,MARIJUANA,Original u otra,47274,99.947,False,False,False,Conservar como predictor principal
MJYFU,YEAR OF FIRST MARIJUANA/CANNABIS USE - RECODE,MARIJUANA,Original u otra,23310,49.282,False,False,False,Conservar como predictor principal
MJYRDAB,"MRJ USE - DABBING WAXES, SHATTER, OR CONC - PAST 12 MOS",MARIJUANA,Original u otra,47088,99.554,False,False,False,Conservar como predictor principal
MJYREAT,MRJ USE - EATING OR DRINKING - PAST 12 MONTHS,MARIJUANA,Original u otra,46955,99.273,False,False,False,Conservar como predictor principal
MJYRMOUTH,MRJ USE - DROPS/STRIPS/LOZENGES/SPRAYS IN MOUTH - PST 12 MOS,MARIJUANA,Original u otra,47128,99.638,False,False,False,Conservar como predictor principal
MJYROTHER,MRJ USE - SOME OTHER WAY - PAST 12 MONTHS,MARIJUANA,Original u otra,47156,99.698,False,False,False,Conservar como predictor principal
MJYRPILL,MRJ USE - PILLS - PAST 12 MONTHS,MARIJUANA,Original u otra,47160,99.706,False,False,False,Conservar como predictor principal
MJYRSKIN,MRJ USE - LOTION/CREAM/PATCH TO SKIN - PAST 12 MONTHS,MARIJUANA,Original u otra,47142,99.668,False,False,False,Conservar como predictor principal
MJYRSMOKE,MRJ USE - SMOKING - PAST 12 MONTHS,MARIJUANA,Original u otra,47065,99.505,False,False,False,Conservar como predictor principal
MJYRTOT,TOTAL # OF DAYS USED MARIJUANA/CANNABIS IN PAST 12 MOS,MARIJUANA,Original u otra,47029,99.429,False,False,False,Conservar como predictor principal
MJYRVAPE,MRJ USE - VAPING - PAST 12 MONTHS,MARIJUANA,Original u otra,46936,99.233,False,False,False,Conservar como predictor principal
MR30EST,BEST EST. # DAYS USED MARIJUANA/CANNABIS PAST 30 DAYS,MARIJUANA,Original u otra,38048,80.441,False,False,False,Conservar como predictor principal
MRBSTWAY,EASIEST WAY TO TELL US # DAYS USED MARIJUANA/CANNABIS,MARIJUANA,Original u otra,47068,99.512,False,False,False,Conservar como predictor principal
MRDAYPMO,# DAYS PER MO USED MARIJUANA/CANNABIS PAST 12 MOS,MARIJUANA,Original u otra,36855,77.919,False,False,False,Conservar como predictor principal
MRDAYPWK,# DAYS PER WEEK USED MARIJUANA/CANNABIS PAST 12 MOS,MARIJUANA,Original u otra,39867,84.287,False,False,False,Conservar como predictor principal
MRDAYPYR,# DAYS USED MARIJUANA/CANNABIS PAST 12 MONTHS,MARIJUANA,Original u otra,38257,80.883,False,False,False,Conservar como predictor principal
MKMAMTPDCOM2,AMT PAID FOR LAST MRJ BOUGHT - CAT - PST 12 MOS (COMBINED),MARKET INFORMATION FOR MARIJUANA,Original u otra,42525,89.907,False,False,False,Conservar como predictor principal
MKMBGHT30N2,# OF DAYS PAID FOR OR BOUGHT MARIJUANA - PAST 30 DAYS,MARKET INFORMATION FOR MARIJUANA,Original u otra,38667,81.75,False,False,False,Conservar como predictor principal
MKMBGHTDAB,LAST BOUGHT MRJ IN WAXES/SHATTER/CONCENTRATE - PST 12 MOS,MARKET INFORMATION FOR MARIJUANA,Original u otra,42558,89.977,False,False,False,Conservar como predictor principal
MKMBGHTDISP,BGHT LAST MARIJUANA FROM STORE OR DISPENSARY - PST 12 MOS,MARKET INFORMATION FOR MARIJUANA,Original u otra,42548,89.955,False,False,False,Conservar como predictor principal
MKMBGHTDRPS,LAST BOUGHT MRJ IN DROP/STRIP/LOZENGE/SPRAY - PST 12 MOS,MARKET INFORMATION FOR MARIJUANA,Original u otra,42555,89.97,False,False,False,Conservar como predictor principal
MKMBGHTEDBLE,LAST BOUGHT MRJ IN EDIBLES FOR EAT OR DRINK - PST 12 MOS,MARKET INFORMATION FOR MARIJUANA,Original u otra,42556,89.972,False,False,False,Conservar como predictor principal
MKMBGHTJNT,LAST BOUGHT MRJ IN PRE-ROLLED JOINTS - PST 12 MOS,MARKET INFORMATION FOR MARIJUANA,Original u otra,42562,89.985,False,False,False,Conservar como predictor principal
MKMBGHTKNW,HOW WELL KNOW PERSON BOUGHT LAST MRJ FROM - PST 12 MOS,MARKET INFORMATION FOR MARIJUANA,Original u otra,36016,76.145,False,False,False,Conservar como predictor principal
MKMBGHTLOO,LAST BOUGHT MRJ IN LOOSE FORM - PST 12 MOS,MARKET INFORMATION FOR MARIJUANA,Original u otra,42563,89.987,False,False,False,Conservar como predictor principal
MKMBGHTLTN,LAST BOUGHT MRJ IN LOTION/CREAM/PATCH - PST 12 MOS,MARKET INFORMATION FOR MARIJUANA,Original u otra,42556,89.972,False,False,False,Conservar como predictor principal
MKMBGHTOTH,LAST BOUGHT MRJ IN OTHER FORM - PST 12 MOS,MARKET INFORMATION FOR MARIJUANA,Original u otra,42456,89.761,False,False,False,Conservar como predictor principal
MKMBGHTPILL,LAST BOUGHT MRJ IN PILLS - PST 12 MOS,MARKET INFORMATION FOR MARIJUANA,Original u otra,42559,89.979,False,False,False,Conservar como predictor principal
MKMBGHTREC,TIME SINCE LAST PAID FOR OR BOUGHT MARIJUANA,MARKET INFORMATION FOR MARIJUANA,Original u otra,42525,89.907,False,False,False,Conservar como predictor principal
MKMBGHTVAPE,LAST BOUGHT MRJ IN VAPING CATRIDGE/OIL/PEN - PST 12 MOS,MARKET INFORMATION FOR MARIJUANA,Original u otra,42558,89.977,False,False,False,Conservar como predictor principal
MKMBGHTYR,PAID FOR OR BOUGHT MARIJUANA - PAST 12 MONTHS,MARKET INFORMATION FOR MARIJUANA,Original u otra,46696,98.725,False,False,False,Conservar como predictor principal
MKMFREEYR,GOT FOR FREE OR SHARED SOMEONE ELSE'S MARIJUANA - PST 12 MOS,MARKET INFORMATION FOR MARIJUANA,Original u otra,46689,98.71,False,False,False,Conservar como predictor principal
MKMGREWYR,GREW OWN MARIJUANA - PAST 12 MONTHS,MARKET INFORMATION FOR MARIJUANA,Original u otra,46720,98.776,False,False,False,Conservar como predictor principal
MKMLOOGMCOM2,EST AMT OF LOOSE MRJ BGHT LAST TIME IN GRAMS-CAT (COMBINED),MARKET INFORMATION FOR MARIJUANA,Original u otra,36191,76.515,False,False,False,Conservar como predictor principal
MKMLOOOUNCE,AMT OF LOOSE MARIJUANA BOUGHT LAST TIME IN OUNCES - CAT,MARKET INFORMATION FOR MARIJUANA,Original u otra,36275,76.693,False,False,False,Conservar como predictor principal
MKMOTHWAYYR,GOT MARIJUANA IN SOME OTHER WAY - PAST 12 MONTHS,MARKET INFORMATION FOR MARIJUANA,Original u otra,44970,95.076,False,False,False,Conservar como predictor principal
MKMSELLMRJ,SOLD MARIJUANA IN THE PAST 12 MONTHS,MARKET INFORMATION FOR MARIJUANA,Original u otra,46722,98.78,False,False,False,Conservar como predictor principal
MKMTRADEYR,TRADED SOMETHING FOR MARIJUANA - PAST 12 MONTHS,MARKET INFORMATION FOR MARIJUANA,Original u otra,46720,98.776,False,False,False,Conservar como predictor principal
METHAM30E,BEST ESTIMATE # DAYS USED METH PAST 30 DAYS,METHAMPHETAMINE,Original u otra,46934,99.228,False,False,False,Conservar como predictor principal
METHAM30N,# DAYS USED METHAMPHETAMINE PAST 30 DAYS,METHAMPHETAMINE,Original u otra,47237,99.869,False,False,False,Conservar como predictor principal
METHAMAGE,AGE 1ST USED METHAMPHETAMINE,METHAMPHETAMINE,Original u otra,47247,99.89,False,False,False,Conservar como predictor principal
METHAMEVR,EVER USED METHAMPHETAMINE,METHAMPHETAMINE,Original u otra,47265,99.928,False,False,False,Conservar como predictor principal
METHAMMFU,MONTH 1ST USED METHAMPHETAMINE,METHAMPHETAMINE,Original u otra,44710,94.526,False,False,False,Conservar como predictor principal
METHAMREC,TIME SINCE LAST USED METHAMPHETAMINE,METHAMPHETAMINE,Original u otra,47265,99.928,False,False,False,Conservar como predictor principal
METHAMYFQ,TOTAL # DAYS USED METHAMPHETAMINE PAST 12 MONTHS,METHAMPHETAMINE,Original u otra,47233,99.86,False,False,False,Conservar como predictor principal
METHAMYFU,YEAR 1ST USED METHAMPHETAMINE,METHAMPHETAMINE,Original u otra,44712,94.531,False,False,False,Conservar como predictor principal
METHDYPMO,# DAYS PER MO USED METHAMPHETAMINE PAST 12 MONTHS,METHAMPHETAMINE,Original u otra,46849,99.049,False,False,False,Conservar como predictor principal
METHDYPWK,# DAYS PER WK USED METHAMPHETAMINE PAST 12 MONTHS,METHAMPHETAMINE,Original u otra,46947,99.256,False,False,False,Conservar como predictor principal
METHDYSYR,# DAYS USED METHAMPHETAMINE PAST 12 MONTHS,METHAMPHETAMINE,Original u otra,46892,99.14,False,False,False,Conservar como predictor principal
METHEASWY,EASIEST WAY TO TELL # DAYS USED METHAMPHETAMINE,METHAMPHETAMINE,Original u otra,47235,99.865,False,False,False,Conservar como predictor principal
CG30EST,BEST EST. # DAYS SMOKED CIG PAST 30 DAYS,NICOTINE,Original u otra,40761,86.177,False,False,False,Conservar como predictor principal
CGR30USE,HOW MANY DAYS SMOKED CIGAR IN PAST 30 DAYS,NICOTINE,Original u otra,47275,99.949,False,False,False,Conservar como predictor principal
CI30EST,BEST EST. # DAYS SMOKED CIGAR PAST 30 DAYS,NICOTINE,Original u otra,45392,95.968,False,False,False,Conservar como predictor principal
CIG100LF,HAVE YOU SMOKED 100 CIGS IN YOUR LIFE,NICOTINE,Original u otra,44422,93.917,False,False,False,Conservar como predictor principal
CIG30AV,AVG # CIGS SMOKED PER DAY/ON DAY SMOKED,NICOTINE,Original u otra,47268,99.934,False,False,False,Conservar como predictor principal
CIG30USE,HOW MANY DAYS SMOKED CIG IN PAST 30 DAYS,NICOTINE,Original u otra,47246,99.888,False,False,False,Conservar como predictor principal
CIGAGE,AGE WHEN FIRST STARTED SMOKING CIGARETTES EVERYDAY,NICOTINE,Original u otra,35357,74.752,False,False,False,Conservar como predictor principal
CIGAREVR,EVER SMOKED PART OR ALL OF CIGAR,NICOTINE,Original u otra,47290,99.981,False,False,False,Conservar como predictor principal
CIGARMFU,MONTH OF FIRST CIGAR USE - RECODE,NICOTINE,Original u otra,33506,70.839,False,False,False,Conservar como predictor principal
CIGARREC,TIME SINCE LAST SMOKED CIGAR,NICOTINE,Original u otra,47289,99.979,False,False,False,Conservar como predictor principal
CIGARTRY,AGE WHEN FIRST SMOKED CIGAR,NICOTINE,Original u otra,47099,99.577,False,False,False,Conservar como predictor principal
CIGARYFU,YEAR OF FIRST CIGAR USE - RECODE,NICOTINE,Original u otra,33529,70.887,False,False,False,Conservar como predictor principal
CIGDLMFU,MONTH OF FIRST CIGARETTE USE EVERY DAY - RECODE,NICOTINE,Original u otra,23182,49.012,False,False,False,Conservar como predictor principal
CIGDLYFU,YEAR OF FIRST CIGARETTE USE EVERY DAY - RECODE,NICOTINE,Original u otra,23184,49.016,False,False,False,Conservar como predictor principal
CIGDLYMO,EVER SMOKED CIG EVERY DAY FOR 30 DAYS,NICOTINE,Original u otra,43895,92.803,False,False,False,Conservar como predictor principal
CIGEVER,EVER SMOKED A CIGARETTE,NICOTINE,Original u otra,47299,100.0,False,False,False,Conservar como predictor principal
CIGMENTH30,MENTHOL CIGARETTES SMOKED MOST OFTEN IN PAST 30 DAYS,NICOTINE,Original u otra,47260,99.918,False,False,False,Conservar como predictor principal
CIGMFU,MONTH OF FIRST CIGARETTE USE - RECODE,NICOTINE,Original u otra,23629,49.957,False,False,False,Conservar como predictor principal
CIGREC,TIME SINCE LAST SMOKED CIGARETTES,NICOTINE,Original u otra,47298,99.998,False,False,False,Conservar como predictor principal
CIGROLL30,SMOKED A ROLL-YOUR-OWN CIGARETTE IN THE PAST 30 DAYS,NICOTINE,Original u otra,47276,99.951,False,False,False,Conservar como predictor principal
CIGTRY,AGE WHEN FIRST SMOKED A CIGARETTE,NICOTINE,Original u otra,47164,99.715,False,False,False,Conservar como predictor principal
CIGYFU,YEAR OF FIRST CIGARETTE USE - RECODE,NICOTINE,Original u otra,23654,50.01,False,False,False,Conservar como predictor principal
NICVAP30N,# DAYS VAPED NICOTINE W/ E-CIG OR VAP DEVICE IN PAST 30 DAYS,NICOTINE,Original u otra,47226,99.846,False,False,False,Conservar como predictor principal
NICVAPAGE,AGE WHEN FIRST VAPED NICOTINE WITH E-CIG OR VAPING DEVICE,NICOTINE,Original u otra,47017,99.404,False,False,False,Conservar como predictor principal
NICVAPEVER,EVER VAPED NICOTINE WITH E-CIGARETTE OR OTHER VAPING DEVICE,NICOTINE,Original u otra,47286,99.973,False,False,False,Conservar como predictor principal
NICVAPMFU,MONTH FIRST VAPED NICOTINE W/ E-CIG OR VAPE DEVICE - RECODE,NICOTINE,Original u otra,32305,68.3,False,False,False,Conservar como predictor principal
NICVAPREC,TIME SINCE LAST VAPED NICOTINE WITH E-CIG OR VAPING DEVICE,NICOTINE,Original u otra,47272,99.943,False,False,False,Conservar como predictor principal
NICVAPYFU,YEAR FIRST VAPED NICOTINE W/ E-CIG OR VAPE DEVICE - RECODE,NICOTINE,Original u otra,32377,68.452,False,False,False,Conservar como predictor principal
PIPE30DY,HAVE YOU SMOKED PIPE TOBACCO IN PAST 30 DAYS,NICOTINE,Original u otra,47291,99.983,False,False,False,Conservar como predictor principal
PIPEVER,EVER SMOKED PIPE TOBACCO,NICOTINE,Original u otra,47293,99.987,False,False,False,Conservar como predictor principal
SMKLSS30E,BEST EST. HOW MANY DAYS USED SMKLSS TOB PST 30 DYS,NICOTINE,Original u otra,45889,97.019,False,False,False,Conservar como predictor principal
SMKLSS30N,HOW MANY DAYS USED SMOKELESS TOBACCO PAST 30 DAYS,NICOTINE,Original u otra,47259,99.915,False,False,False,Conservar como predictor principal
SMKLSSEVR,EVER USED SMOKELESS TOBACCO,NICOTINE,Original u otra,47282,99.964,False,False,False,Conservar como predictor principal
SMKLSSMFU,MONTH OF FIRST SMOKELESS TOBACCO USE - RECODE,NICOTINE,Original u otra,41031,86.748,False,False,False,Conservar como predictor principal
SMKLSSREC,TIME SINCE LAST USED SMOKELESS TOBACCO,NICOTINE,Original u otra,47280,99.96,False,False,False,Conservar como predictor principal
SMKLSSTRY,AGE WHEN FIRST USED SMOKELESS TOBACCO,NICOTINE,Original u otra,47208,99.808,False,False,False,Conservar como predictor principal
SMKLSSYFU,YEAR OF FIRST SMOKELESS TOBACCO  USE - RECODE,NICOTINE,Original u otra,41046,86.78,False,False,False,Conservar como predictor principal
CIGAVOID,TEND TO AVOID PLACES THAT DON'T ALLOW SMOKING,NICOTINE DEPENDENCE,Original u otra,47181,99.751,False,False,False,Conservar como predictor principal
CIGCRAGP,CRAVING OF CIGS LIKE STRONG FORCE CAN'T CONTROL,NICOTINE DEPENDENCE,Original u otra,47190,99.77,False,False,False,Conservar como predictor principal
CIGCRAVE,START TO CRAVE CIGS WHEN DON'T SMOKE FOR FEW HRS,NICOTINE DEPENDENCE,Original u otra,47192,99.774,False,False,False,Conservar como predictor principal
CIGFNLKE,CHOOSE NOT TO BE AROUND FRIENDS WHO DON'T SMOKE,NICOTINE DEPENDENCE,Original u otra,46610,98.543,False,False,False,Conservar como predictor principal
CIGFNSMK,HAVE FRIENDS WHO DO NOT SMOKE CIGARETTES,NICOTINE DEPENDENCE,Original u otra,47194,99.778,False,False,False,Conservar como predictor principal
CIGINCRS,AMOUNT OF SMOKING HAS INCR. SINCE STARTED SMOKING,NICOTINE DEPENDENCE,Original u otra,47171,99.729,False,False,False,Conservar como predictor principal
CIGINCTL,FEEL A SENSE OF CONTROL OVER YOUR SMOKING,NICOTINE DEPENDENCE,Original u otra,47184,99.757,False,False,False,Conservar como predictor principal
CIGINFLU,# OF CIGS SMOKE PER DAY INFLUENCED BY OTHER THINGS,NICOTINE DEPENDENCE,Original u otra,47169,99.725,False,False,False,Conservar como predictor principal
CIGIRTBL,NEED TO SMOKE TO FEEL LESS IRRITABLE,NICOTINE DEPENDENCE,Original u otra,47182,99.753,False,False,False,Conservar como predictor principal
CIGLOTMR,SMOKE MUCH MORE NOW BEFORE FEEL ANYTHING,NICOTINE DEPENDENCE,Original u otra,47151,99.687,False,False,False,Conservar como predictor principal
CIGNMCHG,NUMBER OF CIGS SMOKE PER DAY OFTEN CHANGES,NICOTINE DEPENDENCE,Original u otra,47173,99.734,False,False,False,Conservar como predictor principal
CIGNOINF,SMOKING NOT AFFECTED BY OTHER THINGS,NICOTINE DEPENDENCE,Original u otra,47161,99.708,False,False,False,Conservar como predictor principal
CIGPLANE,RATHER NOT TRAVEL BY AIRPLANE B/C NO SMOKING,NICOTINE DEPENDENCE,Original u otra,47174,99.736,False,False,False,Conservar como predictor principal
CIGREGDY,SMOKE CIGS FAIRLY REGULARLY THROUGHOUT THE DAY,NICOTINE DEPENDENCE,Original u otra,47181,99.751,False,False,False,Conservar como predictor principal
CIGREGNM,SMOKE SAME NUMBER OF CIGS FROM DAY TO DAY,NICOTINE DEPENDENCE,Original u otra,47171,99.729,False,False,False,Conservar como predictor principal
CIGREGWK,SMOKE SAME AMOUNT ON WEEKENDS AS ON WEEKDAYS,NICOTINE DEPENDENCE,Original u otra,47169,99.725,False,False,False,Conservar como predictor principal
CIGRNOUT,SOMETIMES WORRY THAT YOU WILL RUN OUT OF CIGS,NICOTINE DEPENDENCE,Original u otra,47182,99.753,False,False,False,Conservar como predictor principal
CIGSATIS,NEED TO SMOKE A LOT MORE TO BE SATISFIED,NICOTINE DEPENDENCE,Original u otra,47164,99.715,False,False,False,Conservar como predictor principal
CIGSVLHR,"HAVE MANY CIGS IN HR, THEN NO CIGS TIL HRS LATER",NICOTINE DEPENDENCE,Original u otra,47168,99.723,False,False,False,Conservar como predictor principal
CIGWAKE,HOW SOON AFTER WAKING DO YOU HAVE YOUR FIRST CIG,NICOTINE DEPENDENCE,Original u otra,47039,99.45,False,False,False,Conservar como predictor principal
FTNDDEPND,NICOTINE DEPENDENCE BASED ON FTND SCALE,NICOTINE DEPENDENCE,Original u otra,47050,99.474,False,False,False,Conservar como predictor principal
NDSSDEPND,NICOTINE DEPENDENCE BASED ON NDSS SCORE,NICOTINE DEPENDENCE,Original u otra,47169,99.725,False,False,False,Conservar como predictor principal
PMNICDEP,NICOTINE DEPENDENCE IN PAST MONTH,NICOTINE DEPENDENCE,Original u otra,47049,99.471,False,False,False,Conservar como predictor principal
FENTNMYR,RC-FENTANYL PRODUCTS - PAST YEAR MISUSE,PAIN RELIEVERS,Original u otra,47280,99.96,False,False,False,Conservar como predictor principal
OXCNNMAGE,AGE 1ST USED OXYCONTIN NOT DIRECTED BY DR,PAIN RELIEVERS,Original u otra,47233,99.86,False,False,False,Conservar como predictor principal
OXCNNMMFU,MONTH 1ST USED OXYCONTIN NOT DIRECTED BY DR,PAIN RELIEVERS,Original u otra,47080,99.537,False,False,False,Conservar como predictor principal
OXCNNMYFU,YEAR 1ST USED OXYCONTIN NOT DIRECTED BY DR,PAIN RELIEVERS,Original u otra,47080,99.537,False,False,False,Conservar como predictor principal
OXCNNMYR,USED OXYCONTIN NOT DIRECTED BY DR PAST 12 MOS,PAIN RELIEVERS,Original u otra,47236,99.867,False,False,False,Conservar como predictor principal
PNRNM30AL,USED PAIN RLVR NOT DIRECTED BY DR W/ALC PST 30 DYS,PAIN RELIEVERS,Original u otra,46944,99.249,False,False,False,Conservar como predictor principal
PNRNM30D,USED PAIN RLVR NOT DIRECTED BY DR PAST 30 DAYS,PAIN RELIEVERS,Original u otra,47085,99.548,False,False,False,Conservar como predictor principal
PNRNM30ES,EST # DAYS USED PAIN RLVR NOT DIRECTED PST 30 DYS,PAIN RELIEVERS,Original u otra,46730,98.797,False,False,False,Conservar como predictor principal
PNRNM30FQ,# DAYS USED PAIN RLVR NOT DIRECTD BY DR PST 30 DYS,PAIN RELIEVERS,Original u otra,47103,99.586,False,False,False,Conservar como predictor principal
PNRNMAGE,RC - AGE AT 1ST MISUSE FOR PAST YR PNRLV INITIATES,PAIN RELIEVERS,Original u otra,47046,99.465,False,False,False,Conservar como predictor principal
PNRNMINIT,PAST YEAR INITIATE FOR ANY PAIN RELIEVER MISUSE,PAIN RELIEVERS,Original u otra,46831,99.011,False,False,False,Conservar como predictor principal
PNRNMLAS1,LAST PAIN RLVR USED NOT DIRECTED BY DR PST 12 MOS,PAIN RELIEVERS,Original u otra,47001,99.37,False,False,False,Conservar como predictor principal
PNRNMLIF,EVER USED PAIN RELIEVER NOT DIRECTED BY DR,PAIN RELIEVERS,Original u otra,45439,96.068,False,False,False,Conservar como predictor principal
PNRNMMFU,RC - MO 1ST MISUSED FOR PAST YR PAIN RLVR INITIATES,PAIN RELIEVERS,Original u otra,46754,98.848,False,False,False,Conservar como predictor principal
PNRNMREC,RC - MOST RECENT PAIN RELIEVER MISUSE (RECODE),PAIN RELIEVERS,Original u otra,47154,99.693,False,False,False,Conservar como predictor principal
PNRNMYFU,RC - YR 1ST MISUSED FOR PAST YR PAIN RLVR INITIATES,PAIN RELIEVERS,Original u otra,46759,98.858,False,False,False,Conservar como predictor principal
PNRNORXFG,ONLY PST YR MISUSE W/O RX BUT RX FOR LAST PNR,PAIN RELIEVERS,Original u otra,100,0.211,False,False,False,Conservar como predictor principal
PNRRSDGFX,USED LAST PAIN RLVR (NOT DIRECTED) OTH DRUG EFFECT,PAIN RELIEVERS,Original u otra,47081,99.539,False,False,False,Conservar como predictor principal
PNRRSEMOT,USED LAST PAIN RLVR (NOT DIRECTED) FOR EMOTIONS,PAIN RELIEVERS,Original u otra,47082,99.541,False,False,False,Conservar como predictor principal
PNRRSEXPT,USED LAST PAIN RLVR (NOT DIRECTED) TO EXPERIMENT,PAIN RELIEVERS,Original u otra,47082,99.541,False,False,False,Conservar como predictor principal
PNRRSHIGH,USED LAST PAIN RLVR (NOT DIRECTED) TO GET HIGH,PAIN RELIEVERS,Original u otra,47078,99.533,False,False,False,Conservar como predictor principal
PNRRSHOOK,USED LAST PAIN RLVR (NOT DIRECTED) BECAUSE HOOKED,PAIN RELIEVERS,Original u otra,47082,99.541,False,False,False,Conservar como predictor principal
PNRRSMAIN,MAIN REASON USED LAST PAIN RLVR (NOT DIRECTED),PAIN RELIEVERS,Original u otra,46139,97.548,False,False,False,Conservar como predictor principal
PNRRSOTRS2,REASON USED LAST PAIN RLVR (NOT DIRECTED),PAIN RELIEVERS,Original u otra,45732,96.687,False,False,False,Conservar como predictor principal
PNRRSPAIN,USED LAST PAIN RLVR (NOT DIRECTED) TO RLV PAIN,PAIN RELIEVERS,Original u otra,47074,99.524,False,False,False,Conservar como predictor principal
PNRRSRELX,USED LAST PAIN RLVR (NOT DIRECTED) TO RELAX,PAIN RELIEVERS,Original u otra,47081,99.539,False,False,False,Conservar como predictor principal
PNRRSSLEP,USED LAST PAIN RLVR (NOT DIRECTED) FOR SLEEP,PAIN RELIEVERS,Original u otra,47082,99.541,False,False,False,Conservar como predictor principal
PNRRSSOR,USED LAST PAIN RLVR (NOT DIRECTED) OTHER REASON,PAIN RELIEVERS,Original u otra,47082,99.541,False,False,False,Conservar como predictor principal
PNRWYGAMT,USED PAIN RLVR IN GREATER AMTS THAN RX PST 12 MOS,PAIN RELIEVERS,Original u otra,46987,99.34,False,False,False,Conservar como predictor principal
PNRWYLNGR,USED PAIN RLVR LONGER THAN RX PAST 12 MONTHS,PAIN RELIEVERS,Original u otra,46987,99.34,False,False,False,Conservar como predictor principal
PNRWYNORX,USED PAIN RLVR W/O OWN RX PAST 12 MONTHS,PAIN RELIEVERS,Original u otra,46986,99.338,False,False,False,Conservar como predictor principal
PNRWYOFTN,USED PAIN RLVR MORE OFTEN THAN RX PAST 12 MONTHS,PAIN RELIEVERS,Original u otra,46970,99.304,False,False,False,Conservar como predictor principal
PNRWYOTWY,USED PAIN RLVR OTHER WAY NOT DIRECTED PST 12 MOS,PAIN RELIEVERS,Original u otra,46986,99.338,False,False,False,Conservar como predictor principal
FENTANYYR2,RC-FENTANYL PRODUCTS - ANY PAST YEAR USE,PAIN RELIEVERS SCREENER,Original u otra,47208,99.808,False,False,False,Conservar como predictor principal
OXCNANYYR2,ANY OXYCONTIN USE PAST 12 MOS,PAIN RELIEVERS SCREENER,Original u otra,47119,99.619,False,False,False,Conservar como predictor principal
PNRANYLIF2,ANY PAIN RELIEVER USE IN LIFETIME,PAIN RELIEVERS SCREENER,Original u otra,35993,76.097,False,False,False,Conservar como predictor principal
PNRANYREC2,RC - MOST RECENT ANY PAIN RELIEVER USE (RECODE),PAIN RELIEVERS SCREENER,Original u otra,47202,99.795,False,False,False,Conservar como predictor principal
IRALCBNG30D,BINGE ALCOHOL FREQUENCY PAST MONTH - IMPUTATION REVISED,PAST MONTH FREQUENCY OF USE,Original u otra,47299,100.0,False,False,False,Conservar como predictor principal
IRALCFM,ALCOHOL FREQUENCY PAST MONTH - IMPUTATION REVISED,PAST MONTH FREQUENCY OF USE,Original u otra,47299,100.0,False,False,False,Conservar como predictor principal
IRCGRFM,CIGAR FREQUENCY PAST MONTH - IMPUTATION REVISED,PAST MONTH FREQUENCY OF USE,Original u otra,47299,100.0,False,False,False,Conservar como predictor principal
IRCIGFM,CIG FREQUENCY PAST MONTH - IMPUTATION REVISED,PAST MONTH FREQUENCY OF USE,Original u otra,47299,100.0,False,False,False,Conservar como predictor principal
IRCOCFM,COCAINE FREQUENCY PAST MONTH - IMPUTATION REVISED,PAST MONTH FREQUENCY OF USE,Original u otra,47299,100.0,False,False,False,Conservar como predictor principal
IRCRKFM,CRACK FREQUENCY PAST MONTH - IMPUTATION REVISED,PAST MONTH FREQUENCY OF USE,Original u otra,47299,100.0,False,False,False,Conservar como predictor principal
IRHALLUC30N,HALLUCINOGEN FREQUENCY PAST MONTH - IMPUTATION REVISED,PAST MONTH FREQUENCY OF USE,Original u otra,47299,100.0,False,False,False,Conservar como predictor principal
IRHERFM,HEROIN FREQUENCY PAST MONTH - IMPUTATION REVISED,PAST MONTH FREQUENCY OF USE,Original u otra,47299,100.0,False,False,False,Conservar como predictor principal
IRINHAL30N2,INHALANT FREQUENCY PAST MONTH - IMPUTATION REVISED,PAST MONTH FREQUENCY OF USE,Original u otra,47299,100.0,False,False,False,Conservar como predictor principal
IRMETHAM30N,METHAMPHETAMINE FREQUENCY PAST MONTH - IMPUTATION REVISED,PAST MONTH FREQUENCY OF USE,Original u otra,47299,100.0,False,False,False,Conservar como predictor principal
IRMJFM,MARIJUANA FREQUENCY PAST MONTH - IMPUTATION REVISED,PAST MONTH FREQUENCY OF USE,Original u otra,47299,100.0,False,False,False,Conservar como predictor principal
IRNICVAP30N,NICOTINE VAPING FREQUENCY PAST MONTH - IMPUTATION REVISED,PAST MONTH FREQUENCY OF USE,Original u otra,47299,100.0,False,False,False,Conservar como predictor principal
IRPNRNM30FQ,PAIN RELIEVERS MISUSE FREQ PAST MONTH - IMPUTATION REVISED,PAST MONTH FREQUENCY OF USE,Original u otra,47299,100.0,False,False,False,Conservar como predictor principal
IRSEDNM30FQ,SEDATIVES MISUSE FREQUENCY PAST MONTH - IMPUTATION REVISED,PAST MONTH FREQUENCY OF USE,Original u otra,47299,100.0,False,False,False,Conservar como predictor principal
IRSMKLSS30N,SMOKELESS TOBACCO FREQUENCY PAST MONTH - IMPUTATION REVISED,PAST MONTH FREQUENCY OF USE,Original u otra,47299,100.0,False,False,False,Conservar como predictor principal
IRSTMNM30FQ,STIMULANTS MISUSE FREQUENCY PAST MONTH - IMPUTATION REVISED,PAST MONTH FREQUENCY OF USE,Original u otra,47299,100.0,False,False,False,Conservar como predictor principal
IRTRQNM30FQ,TRANQUILIZERS MISUSE FREQ PAST MONTH - IMPUTATION REVISED,PAST MONTH FREQUENCY OF USE,Original u otra,47299,100.0,False,False,False,Conservar como predictor principal
IRALCFY,ALCOHOL FREQUENCY PAST YEAR - IMPUTATION REVISED,PAST YEAR FREQUENCY OF USE,Original u otra,47299,100.0,False,False,False,Conservar como predictor principal
IRCOCFY,COCAINE FREQUENCY PAST YEAR - IMPUTATION REVISED,PAST YEAR FREQUENCY OF USE,Original u otra,47299,100.0,False,False,False,Conservar como predictor principal
IRCRKFY,CRACK FREQUENCY PAST YEAR - IMPUTATION REVISED,PAST YEAR FREQUENCY OF USE,Original u otra,47299,100.0,False,False,False,Conservar como predictor principal
IRHALLUCYFQ,HALL FREQUENCY PAST YEAR - IMPUTATION REVISED,PAST YEAR FREQUENCY OF USE,Original u otra,47299,100.0,False,False,False,Conservar como predictor principal
IRHERFY,HEROIN FREQUENCY PAST YEAR - IMPUTATION REVISED,PAST YEAR FREQUENCY OF USE,Original u otra,47299,100.0,False,False,False,Conservar como predictor principal
IRINHALYFQ2,INHALANT FREQUENCY PAST YEAR - IMPUTATION REVISED,PAST YEAR FREQUENCY OF USE,Original u otra,47299,100.0,False,False,False,Conservar como predictor principal
IRMETHAMYFQ,METH FREQUENCY PAST YEAR - IMPUTATION REVISED,PAST YEAR FREQUENCY OF USE,Original u otra,47299,100.0,False,False,False,Conservar como predictor principal
IRMJFY,MARIJUANA FREQUENCY PAST YEAR - IMPUTATION REVISED,PAST YEAR FREQUENCY OF USE,Original u otra,47299,100.0,False,False,False,Conservar como predictor principal
ALCAGLST,HOW OLD WERE YOU LAST TIME DRANK ALCOHOL BEVERAGE,PRIOR SUBSTANCE USE,Original u otra,22695,47.982,False,False,False,Conservar como predictor principal
ALCMLU,MONTH OF LAST ALCOHOL USE - RECODE,PRIOR SUBSTANCE USE,Original u otra,16730,35.371,False,False,False,Conservar como predictor principal
ALCYLU,YEAR OF LAST ALCOHOL USE - RECODE,PRIOR SUBSTANCE USE,Original u otra,16922,35.777,False,False,False,Conservar como predictor principal
ALCYRBFR,HAVE ALCOHOLIC BEVERAGE IN YEAR BEFORE LAST,PRIOR SUBSTANCE USE,Original u otra,46487,98.283,False,False,False,Conservar como predictor principal
CGRAGLST,HOW OLD WERE YOU THE LAST TIME SMOKED CIGAR/CIGARILLO,PRIOR SUBSTANCE USE,Original u otra,44182,93.41,False,False,False,Conservar como predictor principal
CIGAGLST,HOW OLD WERE YOU THE LAST TIME SMOKED CIGARETTE,PRIOR SUBSTANCE USE,Original u otra,39816,84.179,False,False,False,Conservar como predictor principal
CIGARMLU,MONTH OF LAST CIGAR/CIGARILLO USE - RECODE,PRIOR SUBSTANCE USE,Original u otra,35036,74.073,False,False,False,Conservar como predictor principal
CIGARYLU,YEAR OF LAST CIGAR/CIGARILLO USE - RECODE,PRIOR SUBSTANCE USE,Original u otra,35136,74.285,False,False,False,Conservar como predictor principal
CIGDLLST,HOW OLD WERE YOU THE LAST TIME SMOKED CIGS DAILY,PRIOR SUBSTANCE USE,Original u otra,31639,66.891,False,False,False,Conservar como predictor principal
CIGDLMLU,MONTH OF LAST CIGARETTE USE EVERY DAY - RECODE,PRIOR SUBSTANCE USE,Original u otra,24219,51.204,False,False,False,Conservar como predictor principal
CIGDLYLU,YEAR OF LAST CIGARETTE USE EVERY DAY - RECODE,PRIOR SUBSTANCE USE,Original u otra,24247,51.263,False,False,False,Conservar como predictor principal
CIGMLU,MONTH OF LAST CIGARETTE USE - RECODE,PRIOR SUBSTANCE USE,Original u otra,25536,53.988,False,False,False,Conservar como predictor principal
CIGYLU,YEAR OF LAST CIGARETTE USE - RECODE,PRIOR SUBSTANCE USE,Original u otra,25673,54.278,False,False,False,Conservar como predictor principal
CIGYRBFR,SMOKE ALL OR PART OF CIGARETTE IN YR BEFORE LAST,PRIOR SUBSTANCE USE,Original u otra,33938,71.752,False,False,False,Conservar como predictor principal
COCAGLST,HOW OLD WERE YOU THE LAST TIME USED COCAINE,PRIOR SUBSTANCE USE,Original u otra,46348,97.989,False,False,False,Conservar como predictor principal
COCMLU,MONTH OF LAST COCAINE USE - RECODE,PRIOR SUBSTANCE USE,Original u otra,41376,87.478,False,False,False,Conservar como predictor principal
COCYLU,YEAR OF LAST COCAINE USE - RECODE,PRIOR SUBSTANCE USE,Original u otra,41424,87.579,False,False,False,Conservar como predictor principal
COCYRBFR,HAVE ANY FORM OF COCAINE IN YEAR BEFORE LAST,PRIOR SUBSTANCE USE,Original u otra,47122,99.626,False,False,False,Conservar como predictor principal
CRKAGLST,HOW OLD WERE YOU THE LAST TIME USED CRACK,PRIOR SUBSTANCE USE,Original u otra,47002,99.372,False,False,False,Conservar como predictor principal
CRKMLU,MONTH OF LAST CRACK USE - RECODE,PRIOR SUBSTANCE USE,Original u otra,45779,96.786,False,False,False,Conservar como predictor principal
CRKYLU,YEAR OF LAST CRACK USE - RECODE,PRIOR SUBSTANCE USE,Original u otra,45782,96.793,False,False,False,Conservar como predictor principal
ECSTMOAGL,HOW OLD WERE YOU THE LAST TIME USED ECSTASY/MOLLY,PRIOR SUBSTANCE USE,Original u otra,46671,98.672,False,False,False,Conservar como predictor principal
ECSTMOMLU,MONTH OF LAST ECSTASY OR MOLLY USE - RECODE,PRIOR SUBSTANCE USE,Original u otra,43252,91.444,False,False,False,Conservar como predictor principal
ECSTMOYLU,YEAR OF LAST ECSTASY OR MOLLY USE - RECODE,PRIOR SUBSTANCE USE,Original u otra,43272,91.486,False,False,False,Conservar como predictor principal
HALLAGLST,HOW OLD WERE YOU THE LAST TIME USED HALLUCINOGEN,PRIOR SUBSTANCE USE,Original u otra,45786,96.801,False,False,False,Conservar como predictor principal
HALLMOLST,MONTH OF LAST HALLUCINOGEN USE - RECODE,PRIOR SUBSTANCE USE,Original u otra,39709,83.953,False,False,False,Conservar como predictor principal
HALLYRLST,YEAR OF LAST HALLUCINOGEN USE - RECODE,PRIOR SUBSTANCE USE,Original u otra,39817,84.181,False,False,False,Conservar como predictor principal
HERAGLST,HOW OLD WERE YOU THE LAST TIME USED HEROIN,PRIOR SUBSTANCE USE,Original u otra,47051,99.476,False,False,False,Conservar como predictor principal
HERMLU,MONTH OF LAST HEROIN USE - RECODE,PRIOR SUBSTANCE USE,Original u otra,46194,97.664,False,False,False,Conservar como predictor principal
HERYLU,YEAR OF LAST HEROIN USE - RECODE,PRIOR SUBSTANCE USE,Original u otra,46195,97.666,False,False,False,Conservar como predictor principal
INHLAGLST,HOW OLD WERE YOU THE LAST TIME USED INHALANTS,PRIOR SUBSTANCE USE,Original u otra,46262,97.808,False,False,False,Conservar como predictor principal
INHLMOLST,MONTH OF LAST INHALANT USE - RECODE,PRIOR SUBSTANCE USE,Original u otra,42396,89.634,False,False,False,Conservar como predictor principal
INHLYRLST,YEAR OF LAST INHALANT USE - RECODE,PRIOR SUBSTANCE USE,Original u otra,42424,89.693,False,False,False,Conservar como predictor principal
LSDAGLST,HOW OLD WERE YOU THE LAST TIME USED LSD,PRIOR SUBSTANCE USE,Original u otra,46675,98.681,False,False,False,Conservar como predictor principal
LSDMLU,MONTH OF LAST LSD USE - RECODE,PRIOR SUBSTANCE USE,Original u otra,42534,89.926,False,False,False,Conservar como predictor principal
LSDYLU,YEAR OF LAST LSD USE - RECODE,PRIOR SUBSTANCE USE,Original u otra,42558,89.977,False,False,False,Conservar como predictor principal
METHAGLST,HOW OLD WERE YOU THE LAST TIME USED METH,PRIOR SUBSTANCE USE,Original u otra,46686,98.704,False,False,False,Conservar como predictor principal
METHMOLST,MONTH OF LAST METH USE - RECODE,PRIOR SUBSTANCE USE,Original u otra,44930,94.991,False,False,False,Conservar como predictor principal
METHYRLST,YEAR OF LAST METHAMPHETAMINE USE - RECODE,PRIOR SUBSTANCE USE,Original u otra,44942,95.017,False,False,False,Conservar como predictor principal
MRJAGLST,HOW OLD WERE YOU THE LAST TIME USED MARIJUANA/CANNABIS,PRIOR SUBSTANCE USE,Original u otra,37273,78.803,False,False,False,Conservar como predictor principal
MRJMLU,MONTH OF LAST MARIJUANA/CANNABIS USE - RECODE,PRIOR SUBSTANCE USE,Original u otra,26892,56.855,False,False,False,Conservar como predictor principal
MRJYLU,YEAR OF LAST MARIJUANA/CANNABIS USE - RECODE,PRIOR SUBSTANCE USE,Original u otra,27123,57.344,False,False,False,Conservar como predictor principal
MRJYRBFR,USE MJ/CANNABIS EVEN ONCE YR BEFORE LAST,PRIOR SUBSTANCE USE,Original u otra,46794,98.932,False,False,False,Conservar como predictor principal
PCPAGLST,HOW OLD WERE YOU THE LAST TIME USED PCP,PRIOR SUBSTANCE USE,Original u otra,47130,99.643,False,False,False,Conservar como predictor principal
PCPMLU,MONTH OF LAST PCP USE - RECODE,PRIOR SUBSTANCE USE,Original u otra,46498,98.307,False,False,False,Conservar como predictor principal
PCPYLU,YEAR OF LAST PCP USE - RECODE,PRIOR SUBSTANCE USE,Original u otra,46500,98.311,False,False,False,Conservar como predictor principal
SMKAGLAST,HOW OLD WERE YOU LAST THE TIME USED SMOKELESS TOB,PRIOR SUBSTANCE USE,Original u otra,45370,95.922,False,False,False,Conservar como predictor principal
SMKMOLAST,MONTH OF LAST SMOKELESS TOBACCO USE - RECODE,PRIOR SUBSTANCE USE,Original u otra,41384,87.494,False,False,False,Conservar como predictor principal
SMKYRLAST,YEAR OF LAST SMOKELESS TOBACCO USE - RECODE,PRIOR SUBSTANCE USE,Original u otra,41425,87.581,False,False,False,Conservar como predictor principal
PRXRETRY,"SELECTED PROXY UNAVAILABLE, OTHER PROXY AVAILABLE?",PROXY INFORMATION,Original u otra,747,1.579,False,False,False,Conservar como predictor principal
PRXYDATA,IS PROXY ANSWERING INSURANCE/INCOME QS,PROXY INFORMATION,Original u otra,4521,9.558,False,False,False,Conservar como predictor principal
IRALCRC,ALCOHOL RECENCY - IMPUTATION REVISED,RECENCY OF DRUG USE,Original u otra,47299,100.0,False,False,False,Conservar como predictor principal
IRBZOANYYR,ANY BENZODIAZEPINES - PAST YEAR USE - IMPUTATION REVISED,RECENCY OF DRUG USE,Original u otra,47299,100.0,False,False,False,Conservar como predictor principal
IRBZONMYR,ANY BENZODIAZEPINES - PAST YEAR MISUSE - IMPUTATION REVISED,RECENCY OF DRUG USE,Original u otra,47299,100.0,False,False,False,Conservar como predictor principal
IRCBDHMPREC,CBD OR HEMP RECENCY - IMPUTATION REVISED,RECENCY OF DRUG USE,Original u otra,47299,100.0,False,False,False,Conservar como predictor principal
IRCGRRC,CIGAR RECENCY - IMPUTATION REVISED,RECENCY OF DRUG USE,Original u otra,47299,100.0,False,False,False,Conservar como predictor principal
IRCIGRC,CIGARETTE RECENCY - IMPUTATION REVISED,RECENCY OF DRUG USE,Original u otra,47299,100.0,False,False,False,Conservar como predictor principal
IRCOCRC,COCAINE RECENCY - IMPUTATION REVISED,RECENCY OF DRUG USE,Original u otra,47299,100.0,False,False,False,Conservar como predictor principal
IRCRKRC,CRACK RECENCY - IMPUTATION REVISED,RECENCY OF DRUG USE,Original u otra,47299,100.0,False,False,False,Conservar como predictor principal
IRDAMTFXREC,DMT/AMT/FOXY RECENCY - IMPUTATION REVISED,RECENCY OF DRUG USE,Original u otra,47299,100.0,False,False,False,Conservar como predictor principal
IRECSTMOREC,ECSTASY RECENCY - IMPUTATION REVISED,RECENCY OF DRUG USE,Original u otra,47299,100.0,False,False,False,Conservar como predictor principal
IRFENTANYYR2,FENTANYL PRODUCTS - ANY PAST YEAR USE - IMP REV,RECENCY OF DRUG USE,Original u otra,47299,100.0,False,False,False,Conservar como predictor principal
IRFENTNMYR,FENTANYL PRODUCTS - PAST YEAR MISUSE - IMP REV,RECENCY OF DRUG USE,Original u otra,47299,100.0,False,False,False,Conservar como predictor principal
IRHALLUCREC,HALLUCINOGEN RECENCY - IMPUTATION REVISED,RECENCY OF DRUG USE,Original u otra,47299,100.0,False,False,False,Conservar como predictor principal
IRHERRC,HEROIN RECENCY - IMPUTATION REVISED,RECENCY OF DRUG USE,Original u otra,47299,100.0,False,False,False,Conservar como predictor principal
IRINHALREC2,INHALANT RECENCY - IMPUTATION REVISED,RECENCY OF DRUG USE,Original u otra,47299,100.0,False,False,False,Conservar como predictor principal
IRKETMINREC,KETAMINE RECENCY - IMPUTATION REVISED,RECENCY OF DRUG USE,Original u otra,47299,100.0,False,False,False,Conservar como predictor principal
IRLSDRC,LSD RECENCY - IMPUTATION REVISED,RECENCY OF DRUG USE,Original u otra,47299,100.0,False,False,False,Conservar como predictor principal
IRMETHAMREC,METHAMPHETAMINE RECENCY - IMPUTATION REVISED,RECENCY OF DRUG USE,Original u otra,47299,100.0,False,False,False,Conservar como predictor principal
IRMJEVERVAPE,MARIJUANA VAPING LIFETIME - IMPUTATION REVISED,RECENCY OF DRUG USE,Original u otra,47299,100.0,False,False,False,Conservar como predictor principal
IRMJMONDAB,"MARIJUANA DABBING WAXES, SHATTER, OR CONC PAST MONTH-IMP REV",RECENCY OF DRUG USE,Original u otra,47299,100.0,False,False,False,Conservar como predictor principal
IRMJMONEAT,MARIJUANA EATING OR DRINKING PAST MONTH - IMPUTATION REVISED,RECENCY OF DRUG USE,Original u otra,47299,100.0,False,False,False,Conservar como predictor principal
IRMJMONMOUTH,MARIJUANA DRPS/STRPS/LZNGS/SPRYS IN MOUTH PAST MONTH-IMP REV,RECENCY OF DRUG USE,Original u otra,47299,100.0,False,False,False,Conservar como predictor principal
IRMJMONPILL,MARIJUANA PILLS PAST MONTH - IMPUTATION REVISED,RECENCY OF DRUG USE,Original u otra,47299,100.0,False,False,False,Conservar como predictor principal
IRMJMONSKIN,MARIJUANA LOTION/CREAM/PATCH TO SKIN PAST MONTH - IMP REV,RECENCY OF DRUG USE,Original u otra,47299,100.0,False,False,False,Conservar como predictor principal
IRMJMONSMOKE,MARIJUANA SMOKING PAST MONTH - IMPUTATION REVISED,RECENCY OF DRUG USE,Original u otra,47299,100.0,False,False,False,Conservar como predictor principal
IRMJMONVAPE,MARIJUANA VAPING PAST MONTH - IMPUTATION REVISED,RECENCY OF DRUG USE,Original u otra,47299,100.0,False,False,False,Conservar como predictor principal
IRMJRC,MARIJUANA RECENCY - IMPUTATION REVISED,RECENCY OF DRUG USE,Original u otra,47299,100.0,False,False,False,Conservar como predictor principal
IRMJYRDAB,"MARIJUANA DABBING WAXES, SHATTER, OR CONC PAST YEAR-IMP REV",RECENCY OF DRUG USE,Original u otra,47299,100.0,False,False,False,Conservar como predictor principal
IRMJYREAT,MARIJUANA EATING OR DRINKING PAST YEAR - IMPUTATION REVISED,RECENCY OF DRUG USE,Original u otra,47299,100.0,False,False,False,Conservar como predictor principal
IRMJYRMOUTH,MARIJUANA DRPS/STRPS/LZNGS/SPRYS IN MOUTH PAST YR - IMP REV,RECENCY OF DRUG USE,Original u otra,47299,100.0,False,False,False,Conservar como predictor principal
IRMJYROTHER,MARIJUANA OTHER WAY PAST YEAR - IMPUTATION REVISED,RECENCY OF DRUG USE,Original u otra,47299,100.0,False,False,False,Conservar como predictor principal
IRMJYRPILL,MARIJUANA PILLS PAST YEAR - IMPUTATION REVISED,RECENCY OF DRUG USE,Original u otra,47299,100.0,False,False,False,Conservar como predictor principal
IRMJYRSKIN,MARIJUANA LOTION/CREAM/PATCH TO SKIN PAST YEAR - IMP REV,RECENCY OF DRUG USE,Original u otra,47299,100.0,False,False,False,Conservar como predictor principal
IRMJYRSMOKE,MARIJUANA SMOKING PAST YEAR - IMPUTATION REVISED,RECENCY OF DRUG USE,Original u otra,47299,100.0,False,False,False,Conservar como predictor principal
IRMJYRVAPE,MARIJUANA VAPING PAST YEAR - IMPUTATION REVISED,RECENCY OF DRUG USE,Original u otra,47299,100.0,False,False,False,Conservar como predictor principal
IRNICVAPREC,NICOTINE VAPING RECENCY - IMPUTATION REVISED,RECENCY OF DRUG USE,Original u otra,47299,100.0,False,False,False,Conservar como predictor principal
IROXCNANYYR2,ANY OXYCONTIN RECENCY - IMPUTATION REVISED,RECENCY OF DRUG USE,Original u otra,47299,100.0,False,False,False,Conservar como predictor principal
IROXCNNMYR,OXYCONTIN PAST YEAR MISUSE - IMPUTATION REVISED,RECENCY OF DRUG USE,Original u otra,47299,100.0,False,False,False,Conservar como predictor principal
IRPCPRC,PCP RECENCY - IMPUTATION REVISED,RECENCY OF DRUG USE,Original u otra,47299,100.0,False,False,False,Conservar como predictor principal
IRPIPLF,LIFETIME PIPE USE - IMPUTATION REVISED,RECENCY OF DRUG USE,Original u otra,47299,100.0,False,False,False,Conservar como predictor principal
IRPIPMN,PAST MONTH PIPE USE - IMPUTATION REVISED,RECENCY OF DRUG USE,Original u otra,47299,100.0,False,False,False,Conservar como predictor principal
IRPNRANYREC2,ANY PAIN RELIEVER RECENCY - IMPUTATION REVISED,RECENCY OF DRUG USE,Original u otra,47299,100.0,False,False,False,Conservar como predictor principal
IRPNRNMREC,PAIN RELIEVER MISUSE RECENCY - IMPUTATION REVISED,RECENCY OF DRUG USE,Original u otra,47299,100.0,False,False,False,Conservar como predictor principal
IRPSILCYREC,PSILOCYBIN RECENCY - IMPUTATION REVISED,RECENCY OF DRUG USE,Original u otra,47299,100.0,False,False,False,Conservar como predictor principal
IRRXOPANYYR,PRESCRIPTION OPIOIDS - ANY PAST YEAR USE - IMP REV,RECENCY OF DRUG USE,Original u otra,47299,100.0,False,False,False,Conservar como predictor principal
IRRXOPNMYR,PRESCRIPTION OPIOIDS - PAST YEAR MISUSE - IMP REV,RECENCY OF DRUG USE,Original u otra,47299,100.0,False,False,False,Conservar como predictor principal
IRSALVIAREC,SALVIA RECENCY - IMPUTATION REVISED,RECENCY OF DRUG USE,Original u otra,47299,100.0,False,False,False,Conservar como predictor principal
IRSEDANYREC,ANY SEDATIVES RECENCY - IMPUTATION REVISED,RECENCY OF DRUG USE,Original u otra,47299,100.0,False,False,False,Conservar como predictor principal
IRSEDNMREC,SEDATIVE MISUSE RECENCY - IMPUTATION REVISED,RECENCY OF DRUG USE,Original u otra,47299,100.0,False,False,False,Conservar como predictor principal
IRSMKLSSREC,SMOKELESS TOBACCO RECENCY - IMPUTATION REVISED,RECENCY OF DRUG USE,Original u otra,47299,100.0,False,False,False,Conservar como predictor principal
IRSTMANYREC,ANY STIMULANTS RECENCY - IMPUTATION REVISED,RECENCY OF DRUG USE,Original u otra,47299,100.0,False,False,False,Conservar como predictor principal
IRSTMNMREC,STIMULANT MISUSE RECENCY - IMPUTATION REVISED,RECENCY OF DRUG USE,Original u otra,47299,100.0,False,False,False,Conservar como predictor principal
IRTRQANYREC,ANY TRANQUILIZERS RECENCY - IMPUTATION REVISED,RECENCY OF DRUG USE,Original u otra,47299,100.0,False,False,False,Conservar como predictor principal
IRTRQNMREC,TRANQUILIZER MISUSE RECENCY - IMPUTATION REVISED,RECENCY OF DRUG USE,Original u otra,47299,100.0,False,False,False,Conservar como predictor principal
AALTMDE,RC-ADULT: SAW/TALK TO ALT SERV PROF ABT DEPRS FEELINGS IN PY,RECODED ADULT DEPRESSION,Recodificada,9282,19.624,False,False,False,Conservar como predictor principal
ACOUNMDE,RC-ADULT: SAW/TALK TO COUNSELOR ABT DEPRESSVE FEELINGS IN PY,RECODED ADULT DEPRESSION,Recodificada,9282,19.624,False,False,False,Conservar como predictor principal
ADOCMDE,RC-ADULT: SAW/TALK TO GEN PRAC/FAM MD ABT DEP FEELINGS IN PY,RECODED ADULT DEPRESSION,Recodificada,9282,19.624,False,False,False,Conservar como predictor principal
AHBCHMDE,RC-ADULT: SAW/TALK TO ANOTHER HEALER ABT DEPR FEELINGS IN PY,RECODED ADULT DEPRESSION,Recodificada,9282,19.624,False,False,False,Conservar como predictor principal
AHLTMDE,RC-ADULT: SAW/TALK TO HLTH PROF ABT DEPRESSVE FEELINGS IN PY,RECODED ADULT DEPRESSION,Recodificada,9282,19.624,False,False,False,Conservar como predictor principal
AMDETXRX,RC-ADULT: RCVD TRT/CNSLG OR RX MED FOR DEPRESS FEELING IN PY,RECODED ADULT DEPRESSION,Recodificada,9293,19.647,False,False,False,Conservar como predictor principal
ANURSMDE,RC-ADULT: SAW/TALK TO NURSE/OCC THERA ABT DEP FEELINGS IN PY,RECODED ADULT DEPRESSION,Recodificada,9282,19.624,False,False,False,Conservar como predictor principal
AOMDMDE,RC-ADULT: SAW/TALK TO OTHER MD ABT DEPRESSIVE FEELINGS IN PY,RECODED ADULT DEPRESSION,Recodificada,9282,19.624,False,False,False,Conservar como predictor principal
AOMHMDE,RC-ADULT: SAW/TALK TO OTH MENT HLTH PROF ABT DEP FEELINGS-PY,RECODED ADULT DEPRESSION,Recodificada,9282,19.624,False,False,False,Conservar como predictor principal
APSY1MDE,RC-ADULT: SAW/TALK TO PSYCHOLOGIST ABT DEPRES FEELINGS IN PY,RECODED ADULT DEPRESSION,Recodificada,9282,19.624,False,False,False,Conservar como predictor principal
APSY2MDE,RC-ADULT: SAW/TALK TO PSYCHIATRIST ABT DEPRES FEELINGS IN PY,RECODED ADULT DEPRESSION,Recodificada,9282,19.624,False,False,False,Conservar como predictor principal
ARELMDE,RC-ADULT: SAW/TALK TO RELIG ADVISR ABT DEPRES FEELINGS IN PY,RECODED ADULT DEPRESSION,Recodificada,9282,19.624,False,False,False,Conservar como predictor principal
ARXMDEYR,RC-ADULT: USED RX MEDICATION FOR DEPRESSIVE FEELINGS IN PY,RECODED ADULT DEPRESSION,Recodificada,9292,19.645,False,False,False,Conservar como predictor principal
ASOCMDE,RC-ADULT: SAW/TALK TO SOCIAL WORKR ABT DEPRES FEELINGS IN PY,RECODED ADULT DEPRESSION,Recodificada,9282,19.624,False,False,False,Conservar como predictor principal
ATXMDEYR,RC-ADULT: SAW/TALK TO MD/PROF ABT DEPRESSIVE FEELNGS IN PY,RECODED ADULT DEPRESSION,Recodificada,9292,19.645,False,False,False,Conservar como predictor principal
AGADMODOSEV,RC-ADULT GAD-7 MODERATE OR SEVERE SYMPTOMS - PAST 2 WEEKS,RECODED ADULT MENTAL HEALTH,Recodificada,47299,100.0,False,False,False,Conservar como predictor principal
AGADSEVSYMP,RC-ADULT GAD-7 SEVERITY OF SYMPTOMS - PAST 2 WEEKS,RECODED ADULT MENTAL HEALTH,Recodificada,47299,100.0,False,False,False,Conservar como predictor principal
AGADTOTSC,RC-ADULT GAD-7 TOTAL SCORE - PAST 2 WEEKS,RECODED ADULT MENTAL HEALTH,Recodificada,47299,100.0,False,False,False,Conservar como predictor principal
AKSSLR6WRST,RC-ALTERNATIVE WORST K6 TOTAL SCORE,RECODED ADULT MENTAL HEALTH,Recodificada,47299,100.0,False,False,False,Conservar como predictor principal
KSSLR6MAX,RC-WORST K6 TOTAL SCORE IN PAST YEAR,RECODED ADULT MENTAL HEALTH,Recodificada,47299,100.0,False,False,False,Conservar como predictor principal
KSSLR6MON,RC-K6 TOTAL SCORE IN PAST MONTH,RECODED ADULT MENTAL HEALTH,Recodificada,47299,100.0,False,False,False,Conservar como predictor principal
KSSLR6YR,RC-K6 TOTAL SCORE IN PAST YEAR,RECODED ADULT MENTAL HEALTH,Recodificada,15813,33.432,False,False,False,Conservar como predictor principal
SPDPSTMON,RC-PAST MONTH SERIOUS PSCYHOLOGICAL DISTRESS INDICATOR,RECODED ADULT MENTAL HEALTH,Recodificada,47299,100.0,False,False,False,Conservar como predictor principal
SPDPSTYR,RC-PAST YEAR SERIOUS PSCYHOLOGICAL DISTRESS INDICATOR,RECODED ADULT MENTAL HEALTH,Recodificada,47299,100.0,False,False,False,Conservar como predictor principal
WHODASDASC,RC-ALTERNATIVE WHODAS SCORE,RECODED ADULT MENTAL HEALTH,Recodificada,47299,100.0,False,False,False,Conservar como predictor principal
WHODASTOTSC,RC-WHODAS TOTAL SCORE,RECODED ADULT MENTAL HEALTH,Recodificada,47299,100.0,False,False,False,Conservar como predictor principal
CADRKCOCN2,RC-USED COCAINE WITH LAST ALCOHOL USE,RECODED CONSUMPTION OF ALCOHOL,Recodificada,47252,99.901,False,False,False,Conservar como predictor principal
CADRKHALL2,RC-USED HALLUCINOGENS WITH LAST ALCOHOL USE,RECODED CONSUMPTION OF ALCOHOL,Recodificada,47164,99.715,False,False,False,Conservar como predictor principal
CADRKHERN2,RC-USED HEROIN WITH LAST ALCOHOL USE,RECODED CONSUMPTION OF ALCOHOL,Recodificada,47286,99.973,False,False,False,Conservar como predictor principal
CADRKINHL2,RC-USED INHALANTS WITH LAST ALCOHOL USE,RECODED CONSUMPTION OF ALCOHOL,Recodificada,47250,99.896,False,False,False,Conservar como predictor principal
CADRKMARJ2,RC-USED MARIJUANA WITH LAST ALCOHOL USE,RECODED CONSUMPTION OF ALCOHOL,Recodificada,46943,99.247,False,False,False,Conservar como predictor principal
CADRKMETH2,RC-USED METHAMPHETAMINE WITH LAST ALCOHOL USE,RECODED CONSUMPTION OF ALCOHOL,Recodificada,47273,99.945,False,False,False,Conservar como predictor principal
UADBAR,"RC-MOST RECENT ALCOHOL USE AT RESTAURANT, BAR, OR CLUB",RECODED CONSUMPTION OF ALCOHOL,Recodificada,1284,2.715,False,False,False,Conservar como predictor principal
UADBUND,RC-AGE PERSON WHO PURCHASED ALC FOR UNDERAGE DRINKER,RECODED CONSUMPTION OF ALCOHOL,Recodificada,47169,99.725,False,False,False,Conservar como predictor principal
UADBWHO,RC-HOW UNDERAGE DRINKER PURCHASED MOST RECNT ALCOHOL,RECODED CONSUMPTION OF ALCOHOL,Recodificada,47187,99.763,False,False,False,Conservar como predictor principal
UADCAG,RC-WHO PURCHASED UNDERAGE DRINKER MOST RECENT ALCOHOL,RECODED CONSUMPTION OF ALCOHOL,Recodificada,46990,99.347,False,False,False,Conservar como predictor principal
UADCAR,RC-MOST RECENT ALCOHOL USE IN A CAR,RECODED CONSUMPTION OF ALCOHOL,Recodificada,1284,2.715,False,False,False,Conservar como predictor principal
UADEVNT,RC-MOST RECENT ALCOHOL USE AT CONCERT OR SPORTS GAME,RECODED CONSUMPTION OF ALCOHOL,Recodificada,1284,2.715,False,False,False,Conservar como predictor principal
UADFRD,"RC-MOST RECENT ALCOHOL FROM FRIEND, UNSPEC AGE/METHOD",RECODED CONSUMPTION OF ALCOHOL,Recodificada,47148,99.681,False,False,False,Conservar como predictor principal
UADFWHO,RC-WHO GAVE UNDERAGE DRINKER MOST RECENT ALCOHOL,RECODED CONSUMPTION OF ALCOHOL,Recodificada,46709,98.753,False,False,False,Conservar como predictor principal
UADHOME,RC-MOST RECENT ALCOHOL USE AT HOME,RECODED CONSUMPTION OF ALCOHOL,Recodificada,1284,2.715,False,False,False,Conservar como predictor principal
UADMONY,RC-UNDERAGE DRINKER PURCHASED MOST RECENT ALCOHOL,RECODED CONSUMPTION OF ALCOHOL,Recodificada,47187,99.763,False,False,False,Conservar como predictor principal
UADOTHM,RC-MOST RECENT ALCOHOL USE AT SOMEONE ELSE'S HOME,RECODED CONSUMPTION OF ALCOHOL,Recodificada,1284,2.715,False,False,False,Conservar como predictor principal
UADOTSP2,RC-OTHER LOCATIONS OF MOST RECENT ALCOHOL USE,RECODED CONSUMPTION OF ALCOHOL,Recodificada,40,0.085,False,False,False,Conservar como predictor principal
UADPAID,RC-UNDERAGE DRINKER PAID FOR MOST RECENT ALCOHOL,RECODED CONSUMPTION OF ALCOHOL,Recodificada,47191,99.772,False,False,False,Conservar como predictor principal
UADPEOP,RC-SOCIAL CONTEXT OF MOST RECENT ALCOHOL USE,RECODED CONSUMPTION OF ALCOHOL,Recodificada,47199,99.789,False,False,False,Conservar como predictor principal
UADPLACE,RC-WHERE UNDERAGE DRINKER PURCHSD MOST RECNT ALCOHOL,RECODED CONSUMPTION OF ALCOHOL,Recodificada,47184,99.757,False,False,False,Conservar como predictor principal
UADPUBL,"RC-MOST RECENT ALCOHOL USE AT A PARK, BEACH, OR LOT",RECODED CONSUMPTION OF ALCOHOL,Recodificada,1284,2.715,False,False,False,Conservar como predictor principal
UADROTH,RC-MOST RECENT ALCOHOL USE AT SOME OTHER PLACE,RECODED CONSUMPTION OF ALCOHOL,Recodificada,1268,2.681,False,False,False,Conservar como predictor principal
UADSCHL,RC-MOST RECENT ALCOHOL USE AT SCHOOL,RECODED CONSUMPTION OF ALCOHOL,Recodificada,1284,2.715,False,False,False,Conservar como predictor principal
CATAG2,RC-AGE CATEGORY RECODE (3 LEVELS),RECODED DEMOGRAPHICS,Recodificada,47299,100.0,False,False,False,Conservar como predictor principal
CATAG3,RC-AGE CATEGORY RECODE (5 LEVELS),RECODED DEMOGRAPHICS,Recodificada,47299,100.0,False,False,False,Conservar como predictor principal
CATAG6,RC-AGE CATEGORY RECODE (6 LEVELS),RECODED DEMOGRAPHICS,Recodificada,47299,100.0,False,False,False,Conservar como predictor principal
CATAG7,RC-AGE CATEGORY RECODE (7 LEVELS),RECODED DEMOGRAPHICS,Recodificada,47299,100.0,False,False,False,Conservar como predictor principal
CATAGE,RC-AGE CATEGORY,RECODED DEMOGRAPHICS,Recodificada,47299,100.0,False,False,False,Conservar como predictor principal
DRVINAGE,RC-DUI AGE CATEGORY RECODE,RECODED DEMOGRAPHICS,Recodificada,47299,100.0,False,False,False,Conservar como predictor principal
DRVINDETAG,RC-DUI DETAILED AGE CATEGORY RECODE,RECODED DEMOGRAPHICS,Recodificada,47299,100.0,False,False,False,Conservar como predictor principal
EDUHIGHCAT,RC-EDUCATION CATEGORIES,RECODED DEMOGRAPHICS,Recodificada,47299,100.0,False,False,False,Conservar como predictor principal
HEALTH2,RC-OVERALL HEALTH RECODE,RECODED DEMOGRAPHICS,Recodificada,47274,99.947,False,False,False,Conservar como predictor principal
NEWRACE2,RC-RACE/HISPANICITY RECODE (7 LEVELS),RECODED DEMOGRAPHICS,Recodificada,47299,100.0,False,False,False,Conservar como predictor principal
PREGAGE2,RC-PREGNANCY AGE CATEGORY RECODE,RECODED DEMOGRAPHICS,Recodificada,32803,69.352,False,False,False,Conservar como predictor principal
SEXAGE,RC-COMBINED SEX BY AGE CATEGORY INDICATOR,RECODED DEMOGRAPHICS,Recodificada,14136,29.886,False,False,False,Conservar como predictor principal
SEXRACE,RC-COMBINED SEX BY RACE INDICATOR,RECODED DEMOGRAPHICS,Recodificada,42171,89.158,False,False,False,Conservar como predictor principal
AIRDUSEVER2,RC-EVER USED COMPUTER CLEANER/AIR DUSTER TO GET HIGH,RECODED DRUG USE,Recodificada,47296,99.994,False,False,False,Conservar como predictor principal
ALCFLAG,RC-ALCOHOL - EVER USED,RECODED DRUG USE,Recodificada,47299,100.0,False,False,False,Conservar como predictor principal
ALCMDAYS,RC-# OF DAYS USED ALCOHOL IN PAST MONTH,RECODED DRUG USE,Recodificada,47299,100.0,False,False,False,Conservar como predictor principal
ALCMON,RC-ALCOHOL - PAST MONTH USE,RECODED DRUG USE,Recodificada,47299,100.0,False,False,False,Conservar como predictor principal
ALCNUMDKPM,RC-NUMBER OF ALC BEVS DRANK PER USER IN PAST MONTH,RECODED DRUG USE,Recodificada,47299,100.0,False,False,False,Conservar como predictor principal
ALCYDAYS,RC-# OF DAYS USED ALCOHOL IN PAST YEAR,RECODED DRUG USE,Recodificada,47299,100.0,False,False,False,Conservar como predictor principal
ALCYR,RC-ALCOHOL - PAST YEAR USE,RECODED DRUG USE,Recodificada,47299,100.0,False,False,False,Conservar como predictor principal
AMYLNIEVER2,"RC-EVER INHALED AMYL NITRITE, ""POPPERS"", RUSH, ETC.",RECODED DRUG USE,Recodificada,47284,99.968,False,False,False,Conservar como predictor principal
BNGDRKMON,RC-BINGE ALCOHOL USE PAST 30 DAYS,RECODED DRUG USE,Recodificada,47299,100.0,False,False,False,Conservar como predictor principal
BNGDRMDAYS,RC-# OF DAYS BINGE USED ALCOHOL IN PAST MONTH,RECODED DRUG USE,Recodificada,47299,100.0,False,False,False,Conservar como predictor principal
BZOANYYR,RC - ANY BENZODIAZEPINES - PAST YEAR USE,RECODED DRUG USE,Recodificada,47251,99.899,False,False,False,Conservar como predictor principal
BZONMYR,RC - ANY BENZODIAZEPINES - PAST YEAR MISUSE,RECODED DRUG USE,Recodificada,47291,99.983,False,False,False,Conservar como predictor principal
CBDHMPFLAG,RC-CBD OR HEMP - EVER USED,RECODED DRUG USE,Recodificada,47299,100.0,False,False,False,Conservar como predictor principal
CBDHMPMON,RC-CBD OR HEMP - PAST MONTH USE,RECODED DRUG USE,Recodificada,47299,100.0,False,False,False,Conservar como predictor principal
CBDHMPYR,RC-CBD OR HEMP - PAST YEAR USE,RECODED DRUG USE,Recodificada,47299,100.0,False,False,False,Conservar como predictor principal
CDCGMO,RC-EVER USED CIG DAILY AND PAST MONTH CIG USE,RECODED DRUG USE,Recodificada,5231,11.059,False,False,False,Conservar como predictor principal
CDNOCGMO,RC-EVER USED CIG DAILY AND NO PAST MONTH CIG USE,RECODED DRUG USE,Recodificada,7110,15.032,False,False,False,Conservar como predictor principal
CDUFLAG,RC-CIGARETTES DAILY - EVER USED,RECODED DRUG USE,Recodificada,12341,26.091,False,False,False,Conservar como predictor principal
CGRFLAG,RC-CIGARS - EVER USED,RECODED DRUG USE,Recodificada,47299,100.0,False,False,False,Conservar como predictor principal
CGRMDAYS,RC-# OF DAYS USED CIGARS IN PAST MONTH,RECODED DRUG USE,Recodificada,47299,100.0,False,False,False,Conservar como predictor principal
CGRMON,RC-CIGARS - PAST MONTH USE,RECODED DRUG USE,Recodificada,47299,100.0,False,False,False,Conservar como predictor principal
CGRYR,RC-CIGARS - PAST YEAR USE,RECODED DRUG USE,Recodificada,47299,100.0,False,False,False,Conservar como predictor principal
CIG1PACK,RC-SMKED 1+ PCK OF CIGS PER DAY AMNG DLY SMKERS (1/0),RECODED DRUG USE,Recodificada,3389,7.165,False,False,False,Conservar como predictor principal
CIGAVGD,RC-AVG NUMBER OF CIGARETTES SMOKED PER DAY,RECODED DRUG USE,Recodificada,6536,13.818,False,False,False,Conservar como predictor principal
CIGAVGM,RC-NUMBER OF CIGARETTES SMOKED PER USER IN PAST MONTH,RECODED DRUG USE,Recodificada,47299,100.0,False,False,False,Conservar como predictor principal
CIGFLAG,RC-CIGARETTES - EVER USED,RECODED DRUG USE,Recodificada,47299,100.0,False,False,False,Conservar como predictor principal
CIGMDAYS,RC-# OF DAYS USED CIGARETTES IN PAST MONTH,RECODED DRUG USE,Recodificada,47299,100.0,False,False,False,Conservar como predictor principal
CIGMON,RC-CIGARETTES - PAST MONTH USE,RECODED DRUG USE,Recodificada,47299,100.0,False,False,False,Conservar como predictor principal
CIGPDAY,RC-# OF CIGARETTES SMOKED PER DAY AMONG DAILY SMOKERS,RECODED DRUG USE,Recodificada,47299,100.0,False,False,False,Conservar como predictor principal
CIGYR,RC-CIGARETTES - PAST YEAR USE,RECODED DRUG USE,Recodificada,47299,100.0,False,False,False,Conservar como predictor principal
CLEFLUEVER2,"RC-EVER INHALED CORRECTION FLUID, DEGREASER, ETC.",RECODED DRUG USE,Recodificada,47294,99.989,False,False,False,Conservar como predictor principal
CNSANYYR,RC-ANY CENTRAL NERVOUS SYSTEM STIMULANTS - PAST YEAR USE,RECODED DRUG USE,Recodificada,5036,10.647,False,False,False,Conservar como predictor principal
CNSNMMON,RC-CENTRAL NERVOUS SYSTEM STIMULANTS - PAST MONTH MISUSE,RECODED DRUG USE,Recodificada,813,1.719,False,False,False,Conservar como predictor principal
CNSNMYR,RC-CENTRAL NERVOUS SYSTEM STIMULANTS - PAST YEAR MISUSE,RECODED DRUG USE,Recodificada,1943,4.108,False,False,False,Conservar como predictor principal
COCFLAG,RC-COCAINE - EVER USED,RECODED DRUG USE,Recodificada,47299,100.0,False,False,False,Conservar como predictor principal
COCMDAYS,RC-# OF DAYS USED COCAINE IN PAST MONTH,RECODED DRUG USE,Recodificada,47299,100.0,False,False,False,Conservar como predictor principal
COCMON,RC-COCAINE - PAST MONTH USE,RECODED DRUG USE,Recodificada,47299,100.0,False,False,False,Conservar como predictor principal
COCYDAYS,RC-# OF DAYS USED COCAINE IN PAST YEAR,RECODED DRUG USE,Recodificada,47299,100.0,False,False,False,Conservar como predictor principal
COCYR,RC-COCAINE - PAST YEAR USE,RECODED DRUG USE,Recodificada,47299,100.0,False,False,False,Conservar como predictor principal
CRKFLAG,"RC-""CRACK"" - EVER USED",RECODED DRUG USE,Recodificada,47299,100.0,False,False,False,Conservar como predictor principal
CRKMDAYS,RC-# OF DAYS USED CRACK IN PAST MONTH,RECODED DRUG USE,Recodificada,47299,100.0,False,False,False,Conservar como predictor principal
CRKMON,"RC-""CRACK"" - PAST MONTH USE",RECODED DRUG USE,Recodificada,47299,100.0,False,False,False,Conservar como predictor principal
CRKYDAYS,RC-# OF DAYS USED CRACK IN PAST YEAR,RECODED DRUG USE,Recodificada,47299,100.0,False,False,False,Conservar como predictor principal
CRKYR,"RC-""CRACK"" - PAST YEAR USE",RECODED DRUG USE,Recodificada,47299,100.0,False,False,False,Conservar como predictor principal
DAMTFXFLAG,RC-DMT/AMT/FOXY - EVER USED,RECODED DRUG USE,Recodificada,47299,100.0,False,False,False,Conservar como predictor principal
DAMTFXMON,RC-DMT/AMT/FOXY - PAST MONTH USE,RECODED DRUG USE,Recodificada,47299,100.0,False,False,False,Conservar como predictor principal
DAMTFXYR,RC-DMT/AMT/FOXY - PAST YEAR USE,RECODED DRUG USE,Recodificada,47299,100.0,False,False,False,Conservar como predictor principal
DCIGMON,RC-PAST MONTH DAILY CIGARETTE USE,RECODED DRUG USE,Recodificada,47299,100.0,False,False,False,Conservar como predictor principal
ECSTMOFLAG,RC-ECSTASY - EVER USED,RECODED DRUG USE,Recodificada,47299,100.0,False,False,False,Conservar como predictor principal
ECSTMOMON,RC-ECSTASY - PAST MONTH USE,RECODED DRUG USE,Recodificada,47299,100.0,False,False,False,Conservar como predictor principal
ECSTMOYR,RC-ECSTASY - PAST YEAR USE,RECODED DRUG USE,Recodificada,47299,100.0,False,False,False,Conservar como predictor principal
ETHEREVER2,"RC-EVER INHALED HALOTHANE, ETHER, OR OTHER ANESTHETIC",RECODED DRUG USE,Recodificada,47292,99.985,False,False,False,Conservar como predictor principal
FLTMRKEVER2,RC-EVER USED FELT-TIP PENS/MARKERS TO GET HIGH,RECODED DRUG USE,Recodificada,47292,99.985,False,False,False,Conservar como predictor principal
FUALC18,RC-FIRST USED ALCOHOL PRIOR TO AGE 18,RECODED DRUG USE,Recodificada,47299,100.0,False,False,False,Conservar como predictor principal
FUALC21,RC-FIRST USED ALCOHOL PRIOR TO AGE 21,RECODED DRUG USE,Recodificada,47299,100.0,False,False,False,Conservar como predictor principal
FUCD218,RC-FIRST USED CIGARETTES DAILY PRIOR TO AGE 18,RECODED DRUG USE,Recodificada,47299,100.0,False,False,False,Conservar como predictor principal
FUCD221,RC-FIRST USED CIGARETTES DAILY PRIOR TO AGE 21,RECODED DRUG USE,Recodificada,47299,100.0,False,False,False,Conservar como predictor principal
FUCGR18,RC-FIRST USED CIGARS PRIOR TO AGE 18,RECODED DRUG USE,Recodificada,47299,100.0,False,False,False,Conservar como predictor principal
FUCGR21,RC-FIRST USED CIGARS PRIOR TO AGE 21,RECODED DRUG USE,Recodificada,47299,100.0,False,False,False,Conservar como predictor principal
FUCIG18,RC-FIRST USED CIGARETTES PRIOR TO AGE 18,RECODED DRUG USE,Recodificada,47299,100.0,False,False,False,Conservar como predictor principal
FUCIG21,RC-FIRST USED CIGARETTES PRIOR TO AGE 21,RECODED DRUG USE,Recodificada,47299,100.0,False,False,False,Conservar como predictor principal
FUCOC18,RC-FIRST USED COCAINE PRIOR TO AGE 18,RECODED DRUG USE,Recodificada,47299,100.0,False,False,False,Conservar como predictor principal
FUCOC21,RC-FIRST USED COCAINE PRIOR TO AGE 21,RECODED DRUG USE,Recodificada,47299,100.0,False,False,False,Conservar como predictor principal
FUCRK18,RC-FIRST USED CRACK PRIOR TO AGE 18,RECODED DRUG USE,Recodificada,47299,100.0,False,False,False,Conservar como predictor principal
FUCRK21,RC-FIRST USED CRACK PRIOR TO AGE 21,RECODED DRUG USE,Recodificada,47299,100.0,False,False,False,Conservar como predictor principal
FUECSTMO18,RC-FIRST USED ECSTASY PRIOR TO AGE 18,RECODED DRUG USE,Recodificada,47299,100.0,False,False,False,Conservar como predictor principal
FUECSTMO21,RC-FIRST USED ECSTASY PRIOR TO AGE 21,RECODED DRUG USE,Recodificada,47299,100.0,False,False,False,Conservar como predictor principal
FUHALLUC18,RC-FIRST USED HALLUCINOGENS PRIOR TO AGE 18,RECODED DRUG USE,Recodificada,47299,100.0,False,False,False,Conservar como predictor principal
FUHALLUC21,RC-FIRST USED HALLUCINOGENS PRIOR TO AGE 21,RECODED DRUG USE,Recodificada,47299,100.0,False,False,False,Conservar como predictor principal
FUHER18,RC-FIRST USED HEROIN PRIOR TO AGE 18,RECODED DRUG USE,Recodificada,47299,100.0,False,False,False,Conservar como predictor principal
FUHER21,RC-FIRST USED HEROIN PRIOR TO AGE 21,RECODED DRUG USE,Recodificada,47299,100.0,False,False,False,Conservar como predictor principal
FUINHAL182,RC-FIRST USED INHALANTS PRIOR TO AGE 18,RECODED DRUG USE,Recodificada,47299,100.0,False,False,False,Conservar como predictor principal
FUINHAL212,RC-FIRST USED INHALANTS PRIOR TO AGE 21,RECODED DRUG USE,Recodificada,47299,100.0,False,False,False,Conservar como predictor principal
FULSD18,RC-FIRST USED LSD PRIOR TO AGE 18,RECODED DRUG USE,Recodificada,47299,100.0,False,False,False,Conservar como predictor principal
FULSD21,RC-FIRST USED LSD PRIOR TO AGE 21,RECODED DRUG USE,Recodificada,47299,100.0,False,False,False,Conservar como predictor principal
FUMETHAM18,RC-FIRST USED METHAMPHETAMINE PRIOR TO AGE 18,RECODED DRUG USE,Recodificada,47299,100.0,False,False,False,Conservar como predictor principal
FUMETHAM21,RC-FIRST USED METHAMPHETAMINE PRIOR TO AGE 21,RECODED DRUG USE,Recodificada,47299,100.0,False,False,False,Conservar como predictor principal
FUMJ18,RC-FIRST USED MARIJUANA PRIOR TO AGE 18,RECODED DRUG USE,Recodificada,47299,100.0,False,False,False,Conservar como predictor principal
FUMJ21,RC-FIRST USED MARIJUANA PRIOR TO AGE 21,RECODED DRUG USE,Recodificada,47299,100.0,False,False,False,Conservar como predictor principal
FUNICVAP18,RC-FIRST VAPED NICOTINE PRIOR TO AGE 18,RECODED DRUG USE,Recodificada,47299,100.0,False,False,False,Conservar como predictor principal
FUNICVAP21,RC-FIRST VAPED NICOTINE PRIOR TO AGE 21,RECODED DRUG USE,Recodificada,47299,100.0,False,False,False,Conservar como predictor principal
FUPCP18,RC-FIRST USED PCP PRIOR TO AGE 18,RECODED DRUG USE,Recodificada,47299,100.0,False,False,False,Conservar como predictor principal
FUPCP21,RC-FIRST USED PCP PRIOR TO AGE 21,RECODED DRUG USE,Recodificada,47299,100.0,False,False,False,Conservar como predictor principal
FUPNRNM18,RC-FIRST MISUSED PAIN RELIEVERS PRIOR TO AGE 18,RECODED DRUG USE,Recodificada,47299,100.0,False,False,False,Conservar como predictor principal
FUPNRNM21,RC-FIRST MISUSED PAIN RELIEVERS PRIOR TO AGE 21,RECODED DRUG USE,Recodificada,47299,100.0,False,False,False,Conservar como predictor principal
FUSEDNM21,RC-FIRST MISUSED SEDATIVES PRIOR TO AGE 21,RECODED DRUG USE,Recodificada,47299,100.0,False,False,False,Conservar como predictor principal
FUSMKLSS18,RC-FIRST USED SMOKELESS TOBACCO PRIOR TO AGE 18,RECODED DRUG USE,Recodificada,47299,100.0,False,False,False,Conservar como predictor principal
FUSMKLSS21,RC-FIRST USED SMOKELESS TOBACCO PRIOR TO AGE 21,RECODED DRUG USE,Recodificada,47299,100.0,False,False,False,Conservar como predictor principal
FUSTMNM18,RC-FIRST MISUSED STIMULANTS PRIOR TO AGE 18,RECODED DRUG USE,Recodificada,47299,100.0,False,False,False,Conservar como predictor principal
FUSTMNM21,RC-FIRST MISUSED STIMULANTS PRIOR TO AGE 21,RECODED DRUG USE,Recodificada,47299,100.0,False,False,False,Conservar como predictor principal
FUTRQNM18,RC-FIRST MISUSED TRANQUILIZERS PRIOR TO AGE 18,RECODED DRUG USE,Recodificada,47299,100.0,False,False,False,Conservar como predictor principal
FUTRQNM21,RC-FIRST MISUSED TRANQUILIZERS PRIOR TO AGE 21,RECODED DRUG USE,Recodificada,47299,100.0,False,False,False,Conservar como predictor principal
GASEVER2,RC-EVER INHALED GASOLINE OR LIGHTER FLUID,RECODED DRUG USE,Recodificada,47297,99.996,False,False,False,Conservar como predictor principal
GLUEEVER2,"RC-EVER INHALED GLUE, SHOE POLISH, OR TOLUENE",RECODED DRUG USE,Recodificada,47296,99.994,False,False,False,Conservar como predictor principal
HALLNDAYPM,RC-# OF DAYS USED HALLUCINOGENS IN PAST MONTH,RECODED DRUG USE,Recodificada,47299,100.0,False,False,False,Conservar como predictor principal
HALLNDAYYR,RC-# OF DAYS USED HALLUCINOGENS IN PAST YEAR,RECODED DRUG USE,Recodificada,47299,100.0,False,False,False,Conservar como predictor principal
HALLUCFLAG,RC-HALLUCINOGENS - EVER USED,RECODED DRUG USE,Recodificada,47299,100.0,False,False,False,Conservar como predictor principal
HALLUCMON,RC-HALLUCINOGENS - PAST MONTH USE,RECODED DRUG USE,Recodificada,47299,100.0,False,False,False,Conservar como predictor principal
HALLUCYR,RC-HALLUCINOGENS - PAST YEAR USE,RECODED DRUG USE,Recodificada,47299,100.0,False,False,False,Conservar como predictor principal
HERFLAG,RC-HEROIN - EVER USED,RECODED DRUG USE,Recodificada,47299,100.0,False,False,False,Conservar como predictor principal
HERMDAYS,RC-# OF DAYS USED HEROIN IN PAST MONTH,RECODED DRUG USE,Recodificada,47299,100.0,False,False,False,Conservar como predictor principal
HERMON,RC-HEROIN - PAST MONTH USE,RECODED DRUG USE,Recodificada,47299,100.0,False,False,False,Conservar como predictor principal
HERRXOPYR,RC-HEROIN USE AND/OR RX OPIOID MISUSE - PAST YEAR,RECODED DRUG USE,Recodificada,47299,100.0,False,False,False,Conservar como predictor principal
HERYDAYS,RC-# OF DAYS USED HEROIN IN PAST YEAR,RECODED DRUG USE,Recodificada,47299,100.0,False,False,False,Conservar como predictor principal
HERYR,RC-HEROIN - PAST YEAR USE,RECODED DRUG USE,Recodificada,47299,100.0,False,False,False,Conservar como predictor principal
HVYDRKMON,RC-HEAVY ALCOHOL USE PAST 30 DAYS,RECODED DRUG USE,Recodificada,47299,100.0,False,False,False,Conservar como predictor principal
ILLALCFLG,RC-ILLICIT DRUG OR ALCOHOL - EVER USED,RECODED DRUG USE,Recodificada,40333,85.272,False,False,False,Conservar como predictor principal
ILLALCMON,RC-ILLICIT DRUG OR ALCOHOL - PAST MONTH USE,RECODED DRUG USE,Recodificada,27079,57.251,False,False,False,Conservar como predictor principal
ILLANDALC,RC-ILLICIT DRUG AND ALCOHOL USE - PAST YEAR USE,RECODED DRUG USE,Recodificada,12585,26.607,False,False,False,Conservar como predictor principal
ILLEMFLAG2,RC-ILLICIT DRUG OTHER THAN MARIJUANA - EVER USED,RECODED DRUG USE,Recodificada,47299,100.0,False,False,False,Conservar como predictor principal
ILLEMMON2,RC-ILLICIT DRUG OTHER THAN MARIJUANA-PAST MONTH,RECODED DRUG USE,Recodificada,47299,100.0,False,False,False,Conservar como predictor principal
ILLEMYR2,RC-ILLICIT DRUG OTHER THAN MARIJUANA - PAST YEAR,RECODED DRUG USE,Recodificada,47299,100.0,False,False,False,Conservar como predictor principal
ILLFLAG,RC-ANY ILLICIT DRUG - EVER USED,RECODED DRUG USE,Recodificada,47299,100.0,False,False,False,Conservar como predictor principal
ILLMON,RC-ANY ILLICIT DRUG - PAST MONTH USE,RECODED DRUG USE,Recodificada,47299,100.0,False,False,False,Conservar como predictor principal
ILLORALC,RC-ILLICIT DRUG OR ALCOHOL USE - PAST YEAR USE,RECODED DRUG USE,Recodificada,34230,72.369,False,False,False,Conservar como predictor principal
ILLYR,RC-ANY ILLICIT DRUG - PAST YEAR USE,RECODED DRUG USE,Recodificada,47299,100.0,False,False,False,Conservar como predictor principal
ILTOBALCFG,"RC-ILLICIT DRUG, TOBACCO PRD, OR ALCOHOL - EVER USED",RECODED DRUG USE,Recodificada,41094,86.881,False,False,False,Conservar como predictor principal
ILTOBALCMN,"RC-ILLICIT DRUG, TOBACCO PRD, OR ALC - PAST MONTH USE",RECODED DRUG USE,Recodificada,29157,61.644,False,False,False,Conservar como predictor principal
ILTOBALCYR,"RC-ILLICIT DRUG, TOBACCO PRD, OR ALCOHOL - PAST YEAR USE",RECODED DRUG USE,Recodificada,35559,75.179,False,False,False,Conservar como predictor principal
ILTOBVAPALC,"RC-TOBACCO, NICOTINE VAPING, ALCOHOL, ILLICIT DRUG - PST MON",RECODED DRUG USE,Recodificada,47299,100.0,False,False,False,Conservar como predictor principal
INHALFLAG2,RC-INHALANTS - EVER USED,RECODED DRUG USE,Recodificada,47299,100.0,False,False,False,Conservar como predictor principal
INHALMON2,RC-INHALANTS - PAST MONTH USE,RECODED DRUG USE,Recodificada,47299,100.0,False,False,False,Conservar como predictor principal
INHALYR2,RC-INHALANTS - PAST YEAR USE,RECODED DRUG USE,Recodificada,47299,100.0,False,False,False,Conservar como predictor principal
INHNDAYPM2,RC-# OF DAYS USED INHALANTS IN PAST MONTH,RECODED DRUG USE,Recodificada,47299,100.0,False,False,False,Conservar como predictor principal
INHNDAYYR2,RC-# OF DAYS USED INHALANTS IN PAST YEAR,RECODED DRUG USE,Recodificada,47299,100.0,False,False,False,Conservar como predictor principal
KETMINFLAG,RC-KETAMINE - EVER USED,RECODED DRUG USE,Recodificada,47299,100.0,False,False,False,Conservar como predictor principal
KETMINMON,RC-KETAMINE - PAST MONTH USE,RECODED DRUG USE,Recodificada,47299,100.0,False,False,False,Conservar como predictor principal
KETMINYR,RC-KETAMINE - PAST YEAR USE,RECODED DRUG USE,Recodificada,47299,100.0,False,False,False,Conservar como predictor principal
LGASEVER2,"RC-EVER INHALED LIGHTER GASES (BUTANE, PROPANE)",RECODED DRUG USE,Recodificada,47295,99.992,False,False,False,Conservar como predictor principal
LSDFLAG,RC-LSD - EVER USED,RECODED DRUG USE,Recodificada,47299,100.0,False,False,False,Conservar como predictor principal
LSDMON,RC-LSD - PAST MONTH USE,RECODED DRUG USE,Recodificada,47299,100.0,False,False,False,Conservar como predictor principal
LSDYR,RC-LSD - PAST YEAR USE,RECODED DRUG USE,Recodificada,47299,100.0,False,False,False,Conservar como predictor principal
MESCEVER,RC-EVER USED MESCALINE,RECODED DRUG USE,Recodificada,47279,99.958,False,False,False,Conservar como predictor principal
METHAMFLAG,RC-METHAMPHETAMINE - EVER USED,RECODED DRUG USE,Recodificada,47299,100.0,False,False,False,Conservar como predictor principal
METHAMMON,RC-METHAMPHETAMINE - PAST MONTH USE,RECODED DRUG USE,Recodificada,47299,100.0,False,False,False,Conservar como predictor principal
METHAMYR,RC-METHAMPHETAMINE - PAST YEAR USE,RECODED DRUG USE,Recodificada,47299,100.0,False,False,False,Conservar como predictor principal
METHNDAYPM,RC-# OF DAYS USED METHAMPHETAMINE IN PAST MONTH,RECODED DRUG USE,Recodificada,47299,100.0,False,False,False,Conservar como predictor principal
METHNDAYYR,RC-# OF DAYS USED METHAMPHETAMINE IN PAST YEAR,RECODED DRUG USE,Recodificada,47299,100.0,False,False,False,Conservar como predictor principal
MJCMOTHMON,RC-COMBINED OTHER MARIJUANA MODES - PAST MONTH USE,RECODED DRUG USE,Recodificada,47299,100.0,False,False,False,Conservar como predictor principal
MJCMOTHYR,RC-COMBINED OTHER MARIJUANA MODES - PAST YEAR USE,RECODED DRUG USE,Recodificada,47299,100.0,False,False,False,Conservar como predictor principal
MJDABMON,"RC-MARIJUANA DABBING WAXES, SHATTER, OR CONC-PAST MONTH USE",RECODED DRUG USE,Recodificada,47299,100.0,False,False,False,Conservar como predictor principal
MJDABYR,"RC-MARIJUANA DABBING WAXES, SHATTER, OR CONC - PAST YEAR USE",RECODED DRUG USE,Recodificada,47299,100.0,False,False,False,Conservar como predictor principal
MJEATMON,RC-MARIJUANA EATING OR DRINKING - PAST MONTH USE,RECODED DRUG USE,Recodificada,47299,100.0,False,False,False,Conservar como predictor principal
MJEATYR,RC-MARIJUANA EATING OR DRINKING - PAST YEAR USE,RECODED DRUG USE,Recodificada,47299,100.0,False,False,False,Conservar como predictor principal
MJMTHMON,RC-MARIJUANA DRPS/STRPS/LZNGS/SPRYS IN MOUTH-PAST MONTH USE,RECODED DRUG USE,Recodificada,47299,100.0,False,False,False,Conservar como predictor principal
MJMTHYR,RC-MARIJUANA DRPS/STRPS/LZNGS/SPRYS IN MOUTH - PAST YEAR USE,RECODED DRUG USE,Recodificada,47299,100.0,False,False,False,Conservar como predictor principal
MJONLYFLAG2,RC-MARIJUANA ONLY - EVER USED,RECODED DRUG USE,Recodificada,47299,100.0,False,False,False,Conservar como predictor principal
MJONLYMON2,RC-MARIJUANA ONLY - PAST MONTH USE,RECODED DRUG USE,Recodificada,47299,100.0,False,False,False,Conservar como predictor principal
MJONLYYR2,RC-MARIJUANA ONLY - PAST YEAR USE,RECODED DRUG USE,Recodificada,47299,100.0,False,False,False,Conservar como predictor principal
MJOTHYR,RC-MARIJUANA USE - SOME OTHER MODE - PAST YEAR,RECODED DRUG USE,Recodificada,47299,100.0,False,False,False,Conservar como predictor principal
MJPLLMON,RC-MARIJUANA PILLS - PAST MONTH USE,RECODED DRUG USE,Recodificada,47299,100.0,False,False,False,Conservar como predictor principal
MJPLLYR,RC-MARIJUANA PILLS - PAST YEAR USE,RECODED DRUG USE,Recodificada,47299,100.0,False,False,False,Conservar como predictor principal
MJSKNMON,RC-MARIJUANA LOTION/CREAM/PATCH TO SKIN - PAST MONTH USE,RECODED DRUG USE,Recodificada,47299,100.0,False,False,False,Conservar como predictor principal
MJSKNYR,RC-MARIJUANA LOTION/CREAM/PATCH TO SKIN - PAST YEAR USE,RECODED DRUG USE,Recodificada,47299,100.0,False,False,False,Conservar como predictor principal
MJSMKMON,RC-MARIJUANA SMOKING - PAST MONTH USE,RECODED DRUG USE,Recodificada,47299,100.0,False,False,False,Conservar como predictor principal
MJSMKYR,RC-MARIJUANA SMOKING - PAST YEAR USE,RECODED DRUG USE,Recodificada,47299,100.0,False,False,False,Conservar como predictor principal
MJVAPFLAG,RC-MARIJUANA VAPING - EVER USED,RECODED DRUG USE,Recodificada,47299,100.0,False,False,False,Conservar como predictor principal
MJVAPMON,RC-MARIJUANA VAPING - PAST MONTH USE,RECODED DRUG USE,Recodificada,47299,100.0,False,False,False,Conservar como predictor principal
MJVAPYR,RC-MARIJUANA VAPING - PAST YEAR USE,RECODED DRUG USE,Recodificada,47299,100.0,False,False,False,Conservar como predictor principal
MRJFLAG,RC-MARIJUANA - EVER USED,RECODED DRUG USE,Recodificada,47299,100.0,False,False,False,Conservar como predictor principal
MRJMDAYS,RC-# OF DAYS USED MARIJUANA IN PAST MONTH,RECODED DRUG USE,Recodificada,47299,100.0,False,False,False,Conservar como predictor principal
MRJMON,RC-MARIJUANA - PAST MONTH USE,RECODED DRUG USE,Recodificada,47299,100.0,False,False,False,Conservar como predictor principal
MRJMONVAP2,"RC-MRJ VAPE, MRJ USE BUT NOT VAPE, OR NO MRJ USE - PAST MON",RECODED DRUG USE,Recodificada,47299,100.0,False,False,False,Conservar como predictor principal
MRJYDAYS,RC-# OF DAYS USED MARIJUANA IN PAST YEAR,RECODED DRUG USE,Recodificada,47299,100.0,False,False,False,Conservar como predictor principal
MRJYR,RC-MARIJUANA - PAST YEAR USE,RECODED DRUG USE,Recodificada,47299,100.0,False,False,False,Conservar como predictor principal
NICVAPFLAG,RC-NICOTINE VAPING - EVER USED,RECODED DRUG USE,Recodificada,47299,100.0,False,False,False,Conservar como predictor principal
NICVAPMON,RC-NICOTINE VAPING - PAST MONTH USE,RECODED DRUG USE,Recodificada,47299,100.0,False,False,False,Conservar como predictor principal
NICVAPYR,RC-NICOTINE VAPING - PAST YEAR USE,RECODED DRUG USE,Recodificada,47299,100.0,False,False,False,Conservar como predictor principal
NICVPMDAYS,RC-# OF DAYS VAPED NICOTINE IN PAST MONTH,RECODED DRUG USE,Recodificada,47299,100.0,False,False,False,Conservar como predictor principal
NITOXIEVER2,"RC-EVER INHALED NITROUS OXIDE OR ""WHIPPITS""",RECODED DRUG USE,Recodificada,47288,99.977,False,False,False,Conservar como predictor principal
NOOPPRANYYR,RC-NONOPIOID PRESCRIPTION PNR - ANY PAST YEAR USE,RECODED DRUG USE,Recodificada,994,2.102,False,False,False,Conservar como predictor principal
NOOPPRNMYR,RC-NONOPIOID PRESCRIPTION PNR - PAST YEAR MISUSE,RECODED DRUG USE,Recodificada,65,0.137,False,False,False,Conservar como predictor principal
OPIANYYR2,RC-ANY OPIOIDS (RX OPIOIDS OR HEROIN) - PAST YEAR USE,RECODED DRUG USE,Recodificada,9466,20.013,False,False,False,Conservar como predictor principal
OPINMMON2,RC-OPIOIDS (RX OPIOIDS OR HEROIN) - PAST MONTH MISUSE,RECODED DRUG USE,Recodificada,410,0.867,False,False,False,Conservar como predictor principal
OPINMYR2,RC-OPIOIDS (RX OPIOIDS OR HEROIN) - PAST YEAR MISUSE,RECODED DRUG USE,Recodificada,1441,3.047,False,False,False,Conservar como predictor principal
OTHAEREVER2,RC-EVER USED OTHER AEROSOL SPRAY,RECODED DRUG USE,Recodificada,47293,99.987,False,False,False,Conservar como predictor principal
OTHRPNRANY2,RC-OTHER PAIN RELIEVER PRODUCTS - ANY PAST YEAR USE,RECODED DRUG USE,Recodificada,46826,99.0,False,False,False,Conservar como predictor principal
OTHRPNRMIS,RC-OTHER PAIN RELIEVER PRODUCTS - PAST YEAR MISUSE,RECODED DRUG USE,Recodificada,47238,99.871,False,False,False,Conservar como predictor principal
OTHRSEDANY,RC-OTHER SEDATIVE - ANY PAST YEAR USE,RECODED DRUG USE,Recodificada,47272,99.943,False,False,False,Conservar como predictor principal
OTHRSEDMIS2,RC-OTHER SEDATIVE PRODUCTS - PAST YEAR MISUSE,RECODED DRUG USE,Recodificada,47283,99.966,False,False,False,Conservar como predictor principal
OTHRSTMANY,RC-OTHER STIMULANT - ANY PAST YEAR USE,RECODED DRUG USE,Recodificada,47267,99.932,False,False,False,Conservar como predictor principal
OTHRSTMMIS,RC-OTHER STIMULANT PRODUCTS - PAST YEAR MISUSE,RECODED DRUG USE,Recodificada,47287,99.975,False,False,False,Conservar como predictor principal
OTHRTRQANY,RC-OTHER TRANQUILIZER- ANY PAST YEAR USE,RECODED DRUG USE,Recodificada,47250,99.896,False,False,False,Conservar como predictor principal
OTHRTRQMIS,RC-OTHER TRANQUILIZER PRODUCTS - PAST YEAR MISUSE,RECODED DRUG USE,Recodificada,47279,99.958,False,False,False,Conservar como predictor principal
OXYCNANYYR2,RC-OXYCONTIN - PAST YEAR USE,RECODED DRUG USE,Recodificada,47299,100.0,False,False,False,Conservar como predictor principal
OXYCNNMYR,RC-OXYCONTIN - PAST YEAR MISUSE,RECODED DRUG USE,Recodificada,47299,100.0,False,False,False,Conservar como predictor principal
PCPFLAG,RC-PCP - EVER USED,RECODED DRUG USE,Recodificada,47299,100.0,False,False,False,Conservar como predictor principal
PCPMON,RC-PCP - PAST MONTH USE,RECODED DRUG USE,Recodificada,47299,100.0,False,False,False,Conservar como predictor principal
PCPYR,RC-PCP - PAST YEAR USE,RECODED DRUG USE,Recodificada,47299,100.0,False,False,False,Conservar como predictor principal
PEYOTEEVER,RC-EVER USED PEYOTE,RECODED DRUG USE,Recodificada,47286,99.973,False,False,False,Conservar como predictor principal
PIPFLAG,RC-PIPES - EVER USED,RECODED DRUG USE,Recodificada,47299,100.0,False,False,False,Conservar como predictor principal
PIPMON,RC-PIPES - PAST MONTH USE,RECODED DRUG USE,Recodificada,47299,100.0,False,False,False,Conservar como predictor principal
PNRANYFLAG2,RC-ANY PAIN RELIEVER - EVER USED,RECODED DRUG USE,Recodificada,47299,100.0,False,False,False,Conservar como predictor principal
PNRANYYR2,RC-ANY PAIN RELIEVER - PAST YEAR USE,RECODED DRUG USE,Recodificada,47299,100.0,False,False,False,Conservar como predictor principal
PNRMAINRSN,RC-MAIN REASON FOR MISUSING PAIN RELIEVERS LAST EPISODE,RECODED DRUG USE,Recodificada,47068,99.512,False,False,False,Conservar como predictor principal
PNRNDAYPM,RC-# OF DAYS MISUSED PAIN RELIEVERS IN PAST MONTH,RECODED DRUG USE,Recodificada,47299,100.0,False,False,False,Conservar como predictor principal
PNRNMFLAG,RC-PAIN RELIEVERS - EVER MISUSED,RECODED DRUG USE,Recodificada,47299,100.0,False,False,False,Conservar como predictor principal
PNRNMMON,RC-PAIN RELIEVERS - PAST MONTH MISUSE,RECODED DRUG USE,Recodificada,47299,100.0,False,False,False,Conservar como predictor principal
PNRNMYR,RC-PAIN RELIEVERS - PAST YEAR MISUSE,RECODED DRUG USE,Recodificada,47299,100.0,False,False,False,Conservar como predictor principal
PSILCYFLAG,RC-PSILOCYBIN - EVER USED,RECODED DRUG USE,Recodificada,47299,100.0,False,False,False,Conservar como predictor principal
PSILCYMON,RC-PSILOCYBIN - PAST MONTH USE,RECODED DRUG USE,Recodificada,47299,100.0,False,False,False,Conservar como predictor principal
PSILCYYR,RC-PSILOCYBIN - PAST YEAR USE,RECODED DRUG USE,Recodificada,47299,100.0,False,False,False,Conservar como predictor principal
PSYANYFLAG2,RC-ANY PSYCHOTHERAPEUTICS - EVER USED,RECODED DRUG USE,Recodificada,47299,100.0,False,False,False,Conservar como predictor principal
PSYANYYR2,RC-ANY PSYCHOTHERAPEUTICS - PAST YEAR USE,RECODED DRUG USE,Recodificada,47299,100.0,False,False,False,Conservar como predictor principal
PSYCHFLAG,RC-ANY PSYCHOTHERAPEUTICS - EVER MISUSED,RECODED DRUG USE,Recodificada,47299,100.0,False,False,False,Conservar como predictor principal
PSYCHMON,RC-ANY PSYCHOTHERAPEUTICS - PAST MONTH MISUSE,RECODED DRUG USE,Recodificada,47299,100.0,False,False,False,Conservar como predictor principal
PSYCHYR,RC-ANY PSYCHOTHERAPEUTICS - PAST YEAR MISUSE,RECODED DRUG USE,Recodificada,47299,100.0,False,False,False,Conservar como predictor principal
RXALPRANY,RC-ALPRAZOLEM PRODUCTS - ANY PAST YEAR USE,RECODED DRUG USE,Recodificada,47265,99.928,False,False,False,Conservar como predictor principal
RXALPRMIS,RC-ALPRAZOLEM PRODUCTS - PAST YEAR MISUSE,RECODED DRUG USE,Recodificada,47294,99.989,False,False,False,Conservar como predictor principal
RXAMMEANY,RC-AMPHETAMINE OR METHYLPHENIDATE PRODS - ANY PAST YEAR USE,RECODED DRUG USE,Recodificada,47282,99.964,False,False,False,Conservar como predictor principal
RXAMMEMIS,RC-AMPHETAMINE OR METHYLPHENIDATE PRODS - PAST YEAR MISUSE,RECODED DRUG USE,Recodificada,47296,99.994,False,False,False,Conservar como predictor principal
RXAMPHANY,RC-AMPHETAMINE - ANY PAST YEAR USE,RECODED DRUG USE,Recodificada,47278,99.956,False,False,False,Conservar como predictor principal
RXAMPHMIS,RC-AMPHETAMINE - PAST YEAR MISUSE,RECODED DRUG USE,Recodificada,47295,99.992,False,False,False,Conservar como predictor principal
RXANORANY,RC-ANORECTIC STIMULANTS - ANY PAST YEAR USE,RECODED DRUG USE,Recodificada,47274,99.947,False,False,False,Conservar como predictor principal
RXANORMIS,RC-ANORECTIC STIMULANTS - PAST YEAR MISUSE,RECODED DRUG USE,Recodificada,47298,99.998,False,False,False,Conservar como predictor principal
RXBARBANY,RC-BARBITUATES - ANY PAST YEAR USE,RECODED DRUG USE,Recodificada,47275,99.949,False,False,False,Conservar como predictor principal
RXBARBMIS,RC-BARBITURATES - PAST YEAR MISUSE,RECODED DRUG USE,Recodificada,47297,99.996,False,False,False,Conservar como predictor principal
RXBUPRANY2,RC-BUPRENORPHINE PRODUCTS - ANY PAST YEAR USE,RECODED DRUG USE,Recodificada,47217,99.827,False,False,False,Conservar como predictor principal
RXBUPRMIS,RC-BUPRENORPHINE PRODUCTS - PAST YEAR MISUSE,RECODED DRUG USE,Recodificada,47285,99.97,False,False,False,Conservar como predictor principal
RXBZOSANY,RC-BENZODIAZEPINE SEDATIVES - ANY PAST YEAR USE,RECODED DRUG USE,Recodificada,47282,99.964,False,False,False,Conservar como predictor principal
RXBZOSMIS,RC-BENZODIAZEPINE SEDATIVES - PAST YEAR MISUSE,RECODED DRUG USE,Recodificada,47298,99.998,False,False,False,Conservar como predictor principal
RXBZOTANY,RC-BENZODIAZEPINE TRANQUILIZERS - ANY PAST YEAR USE,RECODED DRUG USE,Recodificada,47275,99.949,False,False,False,Conservar como predictor principal
RXBZOTMIS,RC-BENZODIAZEPINE TRANQUILIZERS - PAST YEAR MISUSE,RECODED DRUG USE,Recodificada,47294,99.989,False,False,False,Conservar como predictor principal
RXCLONANY,RC-CLONAZEP AM PRODUCTS - ANY PAST YEAR USE,RECODED DRUG USE,Recodificada,47262,99.922,False,False,False,Conservar como predictor principal
RXCLONMIS,RC-CLONAZEPAM PRODUCTS - PAST YEAR MISUSE,RECODED DRUG USE,Recodificada,47293,99.987,False,False,False,Conservar como predictor principal
RXCODEANY2,RC-CODEINE PRODUCTS - ANY PAST YEAR USE,RECODED DRUG USE,Recodificada,47217,99.827,False,False,False,Conservar como predictor principal
RXCODEMIS,RC-CODEINE PRODUCTS - PAST YEAR MISUSE,RECODED DRUG USE,Recodificada,47280,99.96,False,False,False,Conservar como predictor principal
RXCYCLANY,RC-CYCLOBENZAPRINE PRODUCTS - ANY PAST YEAR USE,RECODED DRUG USE,Recodificada,47253,99.903,False,False,False,Conservar como predictor principal
RXCYCLMIS,RC-CYCLOBENZAPRINE PRODUCTS - PAST YEAR MISUSE,RECODED DRUG USE,Recodificada,47290,99.981,False,False,False,Conservar como predictor principal
RXDEMEANY2,RC-DEMEROL PRODUCTS - ANY PAST YEAR USE,RECODED DRUG USE,Recodificada,47206,99.803,False,False,False,Conservar como predictor principal
RXDEMEMIS,RC-DEMEROL PRODUCTS - PAST YEAR MISUSE,RECODED DRUG USE,Recodificada,47287,99.975,False,False,False,Conservar como predictor principal
RXDIAZANY,RC-DIAZEPAM PRODUCTS - ANY PAST YEAR USE,RECODED DRUG USE,Recodificada,47260,99.918,False,False,False,Conservar como predictor principal
RXDIAZMIS,RC-DIAZEPAM PRODUCTS - PAST YEAR MISUSE,RECODED DRUG USE,Recodificada,47293,99.987,False,False,False,Conservar como predictor principal
RXESZOANY,RC-ESZOPICLONE PRODUCTS - ANY PAST YEAR USE,RECODED DRUG USE,Recodificada,47276,99.951,False,False,False,Conservar como predictor principal
RXESZOMIS,RC-ESZOPICLONE PRODUCTS - PAST YEAR MISUSE,RECODED DRUG USE,Recodificada,47298,99.998,False,False,False,Conservar como predictor principal
RXFLURANY,RC-FLURAZEPAM PRODUCTS - ANY PAST YEAR USE,RECODED DRUG USE,Recodificada,47282,99.964,False,False,False,Conservar como predictor principal
RXHYDCANY2,RC-HYDROCODONE PRODUCTS - ANY PAST YEAR USE,RECODED DRUG USE,Recodificada,47220,99.833,False,False,False,Conservar como predictor principal
RXHYDCMIS,RC-HYDROCODONE PRODUCTS - PAST YEAR MISUSE,RECODED DRUG USE,Recodificada,47287,99.975,False,False,False,Conservar como predictor principal
RXHYDMANY2,RC-HYDROMORPHONE PRODUCTS - ANY PAST YEAR USE,RECODED DRUG USE,Recodificada,47206,99.803,False,False,False,Conservar como predictor principal
RXHYDMMIS,RC-HYDROMORPHONE PRODUCTS - PAST YEAR MISUSE,RECODED DRUG USE,Recodificada,47287,99.975,False,False,False,Conservar como predictor principal
RXLORAANY,RC-LORAZEPAM PRODUCTS - ANY PAST YEAR USE,RECODED DRUG USE,Recodificada,47262,99.922,False,False,False,Conservar como predictor principal
RXLORAMIS,RC-LORAZEPAM PRODUCTS - PAST YEAR MISUSE,RECODED DRUG USE,Recodificada,47293,99.987,False,False,False,Conservar como predictor principal
RXMORPANY2,RC-MORPHINE PRODUCTS - ANY PAST YEAR USE,RECODED DRUG USE,Recodificada,47205,99.801,False,False,False,Conservar como predictor principal
RXMORPMIS,RC-MORPHINE PRODUCTS - PAST YEAR MISUSE,RECODED DRUG USE,Recodificada,47286,99.973,False,False,False,Conservar como predictor principal
RXMRLXANY,RC-MUSCLE RELAXANTS - ANY PAST YEAR USE,RECODED DRUG USE,Recodificada,47253,99.903,False,False,False,Conservar como predictor principal
RXMRLXMIS,RC-MUSCLE RELAXANTS - PAST YEAR MISUSE,RECODED DRUG USE,Recodificada,47288,99.977,False,False,False,Conservar como predictor principal
RXMTDNANY2,RC-METHADONE PRODUCTS - ANY PAST YEAR USE,RECODED DRUG USE,Recodificada,47206,99.803,False,False,False,Conservar como predictor principal
RXMTDNMIS,RC-METHADONE PRODUCTS - PAST YEAR MISUSE,RECODED DRUG USE,Recodificada,47286,99.973,False,False,False,Conservar como predictor principal
RXMTHPANY,RC-METHYLPHENIDATE PRODUCTS - ANY PAST YEAR USE,RECODED DRUG USE,Recodificada,47276,99.951,False,False,False,Conservar como predictor principal
RXMTHPMIS,RC-METHYLPHENIDATE PRODUCTS - PAST YEAR MISUSE,RECODED DRUG USE,Recodificada,47297,99.996,False,False,False,Conservar como predictor principal
RXOPPRNMMON,RC-PRESCRIPTION OPIOIDS - PAST MONTH MISUSE,RECODED DRUG USE,Recodificada,357,0.755,False,False,False,Conservar como predictor principal
RXOXCOANY2,RC-OXYCODONE PRODUCTS - ANY PAST YEAR USE,RECODED DRUG USE,Recodificada,47215,99.822,False,False,False,Conservar como predictor principal
RXOXCOMIS,RC-OXYCODONE PRODUCTS - PAST YEAR MISUSE,RECODED DRUG USE,Recodificada,47281,99.962,False,False,False,Conservar como predictor principal
RXOXYMANY2,RC-OXYMORPHONE PRODUCTS - ANY PAST YEAR USE,RECODED DRUG USE,Recodificada,47214,99.82,False,False,False,Conservar como predictor principal
RXOXYMMIS,RC-OXYMORPHONE PRODUCTS - PAST YEAR MISUSE,RECODED DRUG USE,Recodificada,47288,99.977,False,False,False,Conservar como predictor principal
RXPROVANY,RC-PROVIGIL PRODUCTS- ANY PAST YEAR USE,RECODED DRUG USE,Recodificada,47274,99.947,False,False,False,Conservar como predictor principal
RXPROVMIS,RC-PROVIGIL PRODUCTS- PAST YEAR MISUSE,RECODED DRUG USE,Recodificada,47298,99.998,False,False,False,Conservar como predictor principal
RXSOMAANY,RC-SOMA PRODUCTS - ANY PAST YEAR USE,RECODED DRUG USE,Recodificada,47253,99.903,False,False,False,Conservar como predictor principal
RXSOMAMIS,RC-SOMA PRODUCTS - PAST YEAR MISUSE,RECODED DRUG USE,Recodificada,47291,99.983,False,False,False,Conservar como predictor principal
RXTEMAANY,RC-TEMAZEPAM PRODUCTS - ANY PAST YEAR USE,RECODED DRUG USE,Recodificada,47282,99.964,False,False,False,Conservar como predictor principal
RXTRAMANY2,RC-TRAMADOL PRODUCTS - ANY PAST YEAR USE,RECODED DRUG USE,Recodificada,47204,99.799,False,False,False,Conservar como predictor principal
RXTRAMMIS,RC-TRAMADOL PRODUCTS - PAST YEAR MISUSE,RECODED DRUG USE,Recodificada,47277,99.953,False,False,False,Conservar como predictor principal
RXTRIAANY,RC-TRIAZOLAM PRODUCTS - ANY PAST YEAR USE,RECODED DRUG USE,Recodificada,47282,99.964,False,False,False,Conservar como predictor principal
RXZALEANY,RC-ZALEPLON PRODUCTS - ANY PAST YEAR USE,RECODED DRUG USE,Recodificada,47276,99.951,False,False,False,Conservar como predictor principal
RXZOHYANY2,RC-ZOHYDRO ER - ANY PAST YEAR USE,RECODED DRUG USE,Recodificada,47219,99.831,False,False,False,Conservar como predictor principal
RXZOHYMIS,RC-ZOHYDRO ER - PAST YEAR MISUSE,RECODED DRUG USE,Recodificada,47289,99.979,False,False,False,Conservar como predictor principal
RXZOLPANY,RC-ZOLPIDEM PRODUCTS - ANY PAST YEAR USE,RECODED DRUG USE,Recodificada,47278,99.956,False,False,False,Conservar como predictor principal
RXZOLPMIS,RC-ZOLPIDEM PRODUCTS - PAST YEAR MISUSE,RECODED DRUG USE,Recodificada,47299,100.0,False,False,False,Conservar como predictor principal
SALVIAFLAG,RC-SALVIA - EVER USED,RECODED DRUG USE,Recodificada,47299,100.0,False,False,False,Conservar como predictor principal
SALVIAMON,RC-SALVIA - PAST MONTH USE,RECODED DRUG USE,Recodificada,47299,100.0,False,False,False,Conservar como predictor principal
SALVIAYR,RC-SALVIA - PAST YEAR USE,RECODED DRUG USE,Recodificada,47299,100.0,False,False,False,Conservar como predictor principal
SEDANYFLAG,RC-ANY SEDATIVES - EVER USED,RECODED DRUG USE,Recodificada,47299,100.0,False,False,False,Conservar como predictor principal
SEDANYYR,RC-ANY SEDATIVES - PAST YEAR USE,RECODED DRUG USE,Recodificada,47299,100.0,False,False,False,Conservar como predictor principal
SEDMAINRSN,RC-MAIN REASON FOR MISUSING SEDATIVES LAST EPISODE,RECODED DRUG USE,Recodificada,47045,99.463,False,False,False,Conservar como predictor principal
SEDNDAYPM,RC-# OF DAYS MISUSED SEDATIVES IN PAST MONTH,RECODED DRUG USE,Recodificada,47299,100.0,False,False,False,Conservar como predictor principal
SEDNMFLAG,RC-SEDATIVES - EVER MISUSED,RECODED DRUG USE,Recodificada,47299,100.0,False,False,False,Conservar como predictor principal
SEDNMMON,RC-SEDATIVES - PAST MONTH MISUSE,RECODED DRUG USE,Recodificada,47299,100.0,False,False,False,Conservar como predictor principal
SEDNMYR,RC-SEDATIVES - PAST YEAR MISUSE,RECODED DRUG USE,Recodificada,47299,100.0,False,False,False,Conservar como predictor principal
SMKLSMDAYS,RC-# OF DAYS USED SMOKELESS TOBACCO IN PAST MONTH,RECODED DRUG USE,Recodificada,47299,100.0,False,False,False,Conservar como predictor principal
SMKLSSFLAG,RC-SMOKELESS TOBACCO - EVER USED,RECODED DRUG USE,Recodificada,47299,100.0,False,False,False,Conservar como predictor principal
SMKLSSMON,RC-SMOKELESS TOBACCO - PAST MONTH USE,RECODED DRUG USE,Recodificada,47299,100.0,False,False,False,Conservar como predictor principal
SMKLSSYR,RC-SMOKELESS TOBACCO - PAST YEAR USE,RECODED DRUG USE,Recodificada,47299,100.0,False,False,False,Conservar como predictor principal
SOLVENEVER2,"RC-EVER INHALED LACQUER THINNER, OTHER PAINT SOLVENTS",RECODED DRUG USE,Recodificada,47293,99.987,False,False,False,Conservar como predictor principal
SPAINTEVER2,RC-EVER INHALED SPRAY PAINTS,RECODED DRUG USE,Recodificada,47295,99.992,False,False,False,Conservar como predictor principal
SRCCLFRPNR,RC-COLLAPSED SOURCE OF FRND/REL PAIN RLVRS FOR LAST MISUSE,RECODED DRUG USE,Recodificada,401,0.848,False,False,False,Conservar como predictor principal
SRCCLFRSED,RC-COLLAPSED SOURCE OF FRND/REL SEDATIVES FOR LAST MISUSE,RECODED DRUG USE,Recodificada,55,0.116,False,False,False,Conservar como predictor principal
SRCCLFRSTM,RC-COLLAPSED SOURCE OF FRND/REL STIMULANTS FOR LAST MISUSE,RECODED DRUG USE,Recodificada,437,0.924,False,False,False,Conservar como predictor principal
SRCCLFRTRQ,RC-COLLAPSED SOURCE OF FRND/REL TRANQLZRS FOR LAST MISUSE,RECODED DRUG USE,Recodificada,297,0.628,False,False,False,Conservar como predictor principal
SRCFRPNRNM,RC-SOURCE OF FRIEND/RELATIVE PAIN RELIEVERS FOR LAST MISUSE,RECODED DRUG USE,Recodificada,401,0.848,False,False,False,Conservar como predictor principal
SRCFRSEDNM,RC-SOURCE OF FRIEND/RELATIVE SEDATIVES FOR LAST MISUSE,RECODED DRUG USE,Recodificada,55,0.116,False,False,False,Conservar como predictor principal
SRCFRSTMNM,RC-SOURCE OF FRIEND/RELATIVE STIMULANTS FOR LAST MISUSE,RECODED DRUG USE,Recodificada,437,0.924,False,False,False,Conservar como predictor principal
SRCFRTRQNM,RC-SOURCE OF FRIEND/RELATIVE TRANQUILIZERS FOR LAST MISUSE,RECODED DRUG USE,Recodificada,297,0.628,False,False,False,Conservar como predictor principal
SRCPNRNM2,RC-SOURCE OF PAIN RELIEVERS FOR LAST MISUSE,RECODED DRUG USE,Recodificada,47299,100.0,False,False,False,Conservar como predictor principal
SRCSEDNM2,RC-SOURCE OF SEDATIVES FOR LAST MISUSE,RECODED DRUG USE,Recodificada,47299,100.0,False,False,False,Conservar como predictor principal
SRCSTMNM2,RC-SOURCE OF STIMULANTS FOR LAST MISUSE,RECODED DRUG USE,Recodificada,47299,100.0,False,False,False,Conservar como predictor principal
SRCTRQNM2,RC-SOURCE OF TRANQUILIZERS FOR LAST MISUSE,RECODED DRUG USE,Recodificada,47299,100.0,False,False,False,Conservar como predictor principal
STMANYFLAG,RC-ANY STIMULANTS - EVER USED,RECODED DRUG USE,Recodificada,47299,100.0,False,False,False,Conservar como predictor principal
STMANYYR,RC-ANY STIMULANTS - PAST YEAR USE,RECODED DRUG USE,Recodificada,47299,100.0,False,False,False,Conservar como predictor principal
STMMAINRSN,RC-MAIN REASON FOR MISUSING STIMULANTS LAST EPISODE,RECODED DRUG USE,Recodificada,47083,99.543,False,False,False,Conservar como predictor principal
STMNDAYPM,RC-# OF DAYS MISUSED STIMULANTS IN PAST MONTH,RECODED DRUG USE,Recodificada,47299,100.0,False,False,False,Conservar como predictor principal
STMNMFLAG,RC-STIMULANTS - EVER MISUSED,RECODED DRUG USE,Recodificada,47299,100.0,False,False,False,Conservar como predictor principal
STMNMMON,RC-STIMULANTS - PAST MONTH MISUSE,RECODED DRUG USE,Recodificada,47299,100.0,False,False,False,Conservar como predictor principal
STMNMYR,RC-STIMULANTS - PAST YEAR MISUSE,RECODED DRUG USE,Recodificada,47299,100.0,False,False,False,Conservar como predictor principal
TOBALCFLG,RC-TOBACCO PRODUCT OR ALCOHOL - EVER USED,RECODED DRUG USE,Recodificada,40345,85.298,False,False,False,Conservar como predictor principal
TOBALCMN,RC-TOBACCO PRODUCT OR ALCOHOL - PAST MONTH USE,RECODED DRUG USE,Recodificada,27317,57.754,False,False,False,Conservar como predictor principal
TOBALCYR,RC-TOBACCO PRODUCT OR ALCOHOL - PAST YEAR USE,RECODED DRUG USE,Recodificada,34297,72.511,False,False,False,Conservar como predictor principal
TOBCIGONL,RC-CIGARETTE/NONCIGARETTE TOBACCO ONLY - PAST MONTH USE,RECODED DRUG USE,Recodificada,8501,17.973,False,False,False,Conservar como predictor principal
TOBCIGVAP2,RC-NIC VAPING AND CIG/NONCIG TOBACCO COMBINATIONS-PM USE,RECODED DRUG USE,Recodificada,47299,100.0,False,False,False,Conservar como predictor principal
TOBFLAG,RC-ANY TOBACCO - EVER USED,RECODED DRUG USE,Recodificada,47299,100.0,False,False,False,Conservar como predictor principal
TOBMON,RC-ANY TOBACCO - PAST MONTH USE,RECODED DRUG USE,Recodificada,47299,100.0,False,False,False,Conservar como predictor principal
TOBVAPONL2,RC-NIC VAPING / TOBACCO PRODUCTS ONLY - PAST MONTH USE,RECODED DRUG USE,Recodificada,47299,100.0,False,False,False,Conservar como predictor principal
TOBVNICFLAG,RC-ANY TOBACCO PRODUCTS OR NICOTINE VAPING - EVER USED,RECODED DRUG USE,Recodificada,47299,100.0,False,False,False,Conservar como predictor principal
TOBVNICMON,RC-ANY TOBACCO PRODUCTS OR NICOTINE VAPING - PAST MONTH USE,RECODED DRUG USE,Recodificada,47299,100.0,False,False,False,Conservar como predictor principal
TOBVNICYR,RC-ANY TOBACCO PRODUCTS OR NICOTINE VAPING - PAST YEAR USE,RECODED DRUG USE,Recodificada,47299,100.0,False,False,False,Conservar como predictor principal
TOBYR,RC-ANY TOBACCO - PAST YEAR USE,RECODED DRUG USE,Recodificada,47299,100.0,False,False,False,Conservar como predictor principal
TQSDANYFLG,RC-ANY TRANQUILIZERS OR SEDATIVES - EVER USED,RECODED DRUG USE,Recodificada,10902,23.049,False,False,False,Conservar como predictor principal
TQSDANYYR,RC-ANY TRANQUILIZERS OR SEDATIVES - PAST YEAR USE,RECODED DRUG USE,Recodificada,6304,13.328,False,False,False,Conservar como predictor principal
TQSDNMFLAG,RC-TRANQUILIZERS OR SEDATIVES - EVER MISUSED,RECODED DRUG USE,Recodificada,2287,4.835,False,False,False,Conservar como predictor principal
TQSDNMMON,RC-TRANQUILIZERS OR SEDATIVES - PAST MONTH MISUSE,RECODED DRUG USE,Recodificada,265,0.56,False,False,False,Conservar como predictor principal
TQSDNMYR,RC-TRANQUILIZERS OR SEDATIVES - PAST YEAR MISUSE,RECODED DRUG USE,Recodificada,874,1.848,False,False,False,Conservar como predictor principal
TRQANYFLAG,RC-ANY TRANQUILIZERS - EVER USED,RECODED DRUG USE,Recodificada,47299,100.0,False,False,False,Conservar como predictor principal
TRQANYYR,RC-ANY TRANQUILIZERS - PAST YEAR USE,RECODED DRUG USE,Recodificada,47299,100.0,False,False,False,Conservar como predictor principal
TRQMAINRSN,RC-MAIN REASON FOR MISUSING TRANQUILIZERS LAST EPISODE,RECODED DRUG USE,Recodificada,47118,99.617,False,False,False,Conservar como predictor principal
TRQNDAYPM,RC-# OF DAYS MISUSED TRANQUILIZERS IN PAST MONTH,RECODED DRUG USE,Recodificada,47299,100.0,False,False,False,Conservar como predictor principal
TRQNMFLAG,RC-TRANQUILIZERS - EVER MISUSED,RECODED DRUG USE,Recodificada,47299,100.0,False,False,False,Conservar como predictor principal
TRQNMMON,RC-TRANQUILIZERS - PAST MONTH MISUSE,RECODED DRUG USE,Recodificada,47299,100.0,False,False,False,Conservar como predictor principal
TRQNMYR,RC-TRANQUILIZERS - PAST YEAR MISUSE,RECODED DRUG USE,Recodificada,47299,100.0,False,False,False,Conservar como predictor principal
ENRLCOLLFT2,RC-COLLEGE ENROLLMENT-FULL TIME,RECODED EDUCATION,Recodificada,47299,100.0,False,False,False,Conservar como predictor principal
ENRLCOLLST2,RC-COLLEGE ENROLLMENT,RECODED EDUCATION,Recodificada,47299,100.0,False,False,False,Conservar como predictor principal
ANYNEDFLAG,RC-EVER USED A NEEDLE TO INJECT DRUGS,RECODED EMERGING ISSUES,Recodificada,47024,99.419,False,False,False,Conservar como predictor principal
ANYNEDYR,RC- USED A NEEDLE TO INJECT DRUGS - PAST YEAR,RECODED EMERGING ISSUES,Recodificada,47032,99.436,False,False,False,Conservar como predictor principal
CAMHPROB2,RC-PERCEIVED EVER HAD A MENTAL HEALTH ISSUE,RECODED EMERGING ISSUES,Recodificada,45737,96.698,False,False,False,Conservar como predictor principal
CASUPROB2,RC-PERCEIVED EVER HAD DRUG OR ALCOHOL USE PROBLEM,RECODED EMERGING ISSUES,Recodificada,45714,96.649,False,False,False,Conservar como predictor principal
FLVVAPFLAG,RC-ONLY FLAVORING VAPING - EVER USED,RECODED EMERGING ISSUES,Recodificada,47299,100.0,False,False,False,Conservar como predictor principal
FLVVAPMON,RC-ONLY FLAVORING VAPING - PAST MONTH USE,RECODED EMERGING ISSUES,Recodificada,47299,100.0,False,False,False,Conservar como predictor principal
FLVVAPYR,RC-ONLY FLAVORING VAPING - PAST YEAR USE,RECODED EMERGING ISSUES,Recodificada,47299,100.0,False,False,False,Conservar como predictor principal
FPIMFANYYR2,RC-FENTANYL PRODUCTS INCLUDING IMF - ANY PAST YEAR USE,RECODED EMERGING ISSUES,Recodificada,582,1.23,False,False,False,Conservar como predictor principal
FPIMFNMYR,RC-FENTANYL PRODUCTS INCLUDING IMF - PAST YEAR MISUSE,RECODED EMERGING ISSUES,Recodificada,197,0.416,False,False,False,Conservar como predictor principal
ILIMFOTHFG,"RC-ILLICIT DRUG, IMF, OR OTHER SUB - EVER USED",RECODED EMERGING ISSUES,Recodificada,47299,100.0,False,False,False,Conservar como predictor principal
ILIMFOTHMN,"RC-ILLICIT DRUG, IMF, OR OTHER SUB - PAST MONTH USE",RECODED EMERGING ISSUES,Recodificada,47299,100.0,False,False,False,Conservar como predictor principal
ILIMFOTHYR,"RC-ILLICIT DRUG, IMF, OR OTHER SUB - PAST YEAR USE",RECODED EMERGING ISSUES,Recodificada,47299,100.0,False,False,False,Conservar como predictor principal
IMFFLAG,RC-ILLEGALLY MADE FENTANYL - EVER USED,RECODED EMERGING ISSUES,Recodificada,47299,100.0,False,False,False,Conservar como predictor principal
IMFMON,RC-ILLEGALLY MADE FENTANYL - PAST MONTH USE,RECODED EMERGING ISSUES,Recodificada,47299,100.0,False,False,False,Conservar como predictor principal
IMFNEDFLAG,RC-EVER USED A NEEDLE TO INJECT IMF,RECODED EMERGING ISSUES,Recodificada,47273,99.945,False,False,False,Conservar como predictor principal
IMFYR,RC-ILLEGALLY MADE FENTANYL - PAST YEAR USE,RECODED EMERGING ISSUES,Recodificada,47299,100.0,False,False,False,Conservar como predictor principal
KRATOMFLAG,RC-KRATOM - EVER USED,RECODED EMERGING ISSUES,Recodificada,47299,100.0,False,False,False,Conservar como predictor principal
KRATOMMON,RC-KRATOM - PAST MONTH USE,RECODED EMERGING ISSUES,Recodificada,47299,100.0,False,False,False,Conservar como predictor principal
KRATOMYR,RC-KRATOM - PAST YEAR USE,RECODED EMERGING ISSUES,Recodificada,47299,100.0,False,False,False,Conservar como predictor principal
OPIIMFNMMN2,RC-OPIOIDS (RX OPIOIDS OR HER) INCLUDING IMF - PST MO MISUSE,RECODED EMERGING ISSUES,Recodificada,446,0.943,False,False,False,Conservar como predictor principal
OPIIMFNMYR2,RC-OPIOIDS (RX OPIOIDS OR HER) INCLUDING IMF - PST YR MISUSE,RECODED EMERGING ISSUES,Recodificada,1484,3.137,False,False,False,Conservar como predictor principal
RCVYMHPRB,RC-PERCEIVED RECOVERY FROM MENTAL HEALTH ISSUE,RECODED EMERGING ISSUES,Recodificada,45622,96.454,False,False,False,Conservar como predictor principal
RCVYSUBPRB,RC-PERCEIVED RECOVERY FROM DRUG OR ALCOHOL USE PROBLEM,RECODED EMERGING ISSUES,Recodificada,45702,96.624,False,False,False,Conservar como predictor principal
SYNMRJFLAG,RC-SYNTHETIC MARIJUANA - EVER USED,RECODED EMERGING ISSUES,Recodificada,47299,100.0,False,False,False,Conservar como predictor principal
SYNMRJMON,RC-SYNTHETIC MARIJUANA - PAST MONTH USE,RECODED EMERGING ISSUES,Recodificada,47299,100.0,False,False,False,Conservar como predictor principal
SYNMRJYR,RC-SYNTHETIC MARIJUANA - PAST YEAR USE,RECODED EMERGING ISSUES,Recodificada,47299,100.0,False,False,False,Conservar como predictor principal
SYNSTMFLAG,RC-SYNTHETIC STIMULANTS - EVER USED,RECODED EMERGING ISSUES,Recodificada,47299,100.0,False,False,False,Conservar como predictor principal
SYNSTMMON,RC-SYNTHETIC STIMULANTS - PAST MONTH USE,RECODED EMERGING ISSUES,Recodificada,47299,100.0,False,False,False,Conservar como predictor principal
SYNSTMYR,RC-SYNTHETIC STIMULANTS - PAST YEAR USE,RECODED EMERGING ISSUES,Recodificada,47299,100.0,False,False,False,Conservar como predictor principal
BMI2,RC-BODY MASS INDEX (BMI),RECODED HEALTH,Recodificada,45049,95.243,False,False,False,Conservar como predictor principal
PREGST,RC-PREGNANCY STATUS OF FEMALES AGED 12-50,RECODED HEALTH,Recodificada,19839,41.944,False,False,False,Conservar como predictor principal
TELEAPTYR2,RC-TALK TO DOC ABOUT VIRTUAL SERVICE TREATMENT-PAST YEAR,RECODED HEALTH,Recodificada,46272,97.829,False,False,False,Conservar como predictor principal
ANYHLTI2,COVERED BY ANY HEALTH INSURANCE - RECODE,RECODED HEALTH INSURANCE,Recodificada,45248,95.664,False,False,False,Conservar como predictor principal
HLCALL99,YES TO MEDICARE/MEDICAID/CHAMPUS/PRVHLTIN,RECODED HEALTH INSURANCE,Recodificada,18,0.038,False,False,False,Conservar como predictor principal
IRINSUR4,RC-OVERALL HEALTH INSURANCE - IMPUTATION REVISED,RECODED HEALTH INSURANCE,Recodificada,47299,100.0,False,False,False,Conservar como predictor principal
OTHINS,"RC-HEALTH INSURANCE OTHER THAN PRIVATE, MEDICAID/CHIP",RECODED HEALTH INSURANCE,Recodificada,9348,19.764,False,False,False,Conservar como predictor principal
GOVTPROG,RC-PARTICIPATED IN ONE OR MORE GOVT ASSIST PROGRAMS,RECODED INCOME,Recodificada,47299,100.0,False,False,False,Conservar como predictor principal
INCOME,RC-TOTAL FAMILY INCOME RECODE,RECODED INCOME,Recodificada,47299,100.0,False,False,False,Conservar como predictor principal
POVERTY3,RC-POVERTY LEVEL (% OF US CENSUS POVERTY THRESHOLD),RECODED INCOME,Recodificada,47163,99.712,False,False,False,Conservar como predictor principal
APPDRGMON2,RC-APPROACHED BY SOMEONE SELLING DRUGS,RECODED RISK/AVAILABILITY,Recodificada,46921,99.201,False,False,False,Conservar como predictor principal
DIFOBTCOC,RC-COCAINE FAIRLY OR VERY EASY TO OBTAIN,RECODED RISK/AVAILABILITY,Recodificada,9550,20.191,False,False,False,Conservar como predictor principal
DIFOBTCRK,RC-CRACK FAIRLY OR VERY EASY TO OBTAIN,RECODED RISK/AVAILABILITY,Recodificada,6868,14.52,False,False,False,Conservar como predictor principal
DIFOBTHER,RC-HEROIN FAIRLY OR VERY EASY TO OBTAIN,RECODED RISK/AVAILABILITY,Recodificada,6152,13.007,False,False,False,Conservar como predictor principal
DIFOBTLSD,RC-LSD FAIRLY OR VERY EASY TO OBTAIN,RECODED RISK/AVAILABILITY,Recodificada,6654,14.068,False,False,False,Conservar como predictor principal
DIFOBTMRJ,RC-MARIJUANA FAIRLY OR VERY EASY TO OBTAIN,RECODED RISK/AVAILABILITY,Recodificada,33684,71.215,False,False,False,Conservar como predictor principal
GRSKBNGDLY,RC-GREAT RISK:  HAVE 4-5 ALC DRINKS PER DAY,RECODED RISK/AVAILABILITY,Recodificada,32448,68.602,False,False,False,Conservar como predictor principal
GRSKBNGWK,RC-GREAT RISK:  HAVE 5+ ALC DRINKS 1-2 TIMES PER WEEK,RECODED RISK/AVAILABILITY,Recodificada,21176,44.771,False,False,False,Conservar como predictor principal
GRSKCIGPKD,RC-GREAT RISK:  SMOKE 1+ PACKS CIGARETTES PER DAY,RECODED RISK/AVAILABILITY,Recodificada,30939,65.412,False,False,False,Conservar como predictor principal
GRSKCOCMON,RC-GREAT RISK:  USE COCAINE ONCE A MONTH,RECODED RISK/AVAILABILITY,Recodificada,29886,63.185,False,False,False,Conservar como predictor principal
GRSKCOCWK,RC-GREAT RISK:  USE COCAINE 1-2 TIMES PER WEEK,RECODED RISK/AVAILABILITY,Recodificada,38520,81.439,False,False,False,Conservar como predictor principal
GRSKHERTRY,RC-GREAT RISK:  TRYING HEROIN ONCE OR TWICE,RECODED RISK/AVAILABILITY,Recodificada,37676,79.655,False,False,False,Conservar como predictor principal
GRSKHERWK,RC-GREAT RISK:  USE HEROIN 1-2 TIMES PER WEEK,RECODED RISK/AVAILABILITY,Recodificada,42879,90.655,False,False,False,Conservar como predictor principal
GRSKLSDTRY,RC-GREAT RISK:  TRYING LSD ONCE OR TWICE,RECODED RISK/AVAILABILITY,Recodificada,23642,49.984,False,False,False,Conservar como predictor principal
GRSKLSDWK,RC-GREAT RISK:  USE LSD 1-2 TIMES PER WEEK,RECODED RISK/AVAILABILITY,Recodificada,31765,67.158,False,False,False,Conservar como predictor principal
GRSKMRJMON,RC-GREAT RISK:  USE MARIJUANA ONCE A MONTH,RECODED RISK/AVAILABILITY,Recodificada,8026,16.969,False,False,False,Conservar como predictor principal
GRSKMRJWK,RC-GREAT RISK:  USE MARIJUANA 1-2 TIMES PER WEEK,RECODED RISK/AVAILABILITY,Recodificada,9746,20.605,False,False,False,Conservar como predictor principal
ANYNDLREC,RC-MOST RECENT USE OF ANY DRUG WITH A NEEDLE,RECODED SPECIAL DRUGS,Recodificada,47028,99.427,False,False,False,Conservar como predictor principal
CHMNDLREC,RC-MOST RECENT USE OF COC/HER/METH WITH A NEEDLE,RECODED SPECIAL DRUGS,Recodificada,47192,99.774,False,False,False,Conservar como predictor principal
COCNEDEVER,RC-EVER USED A NEEDLE TO INJECT COCAINE,RECODED SPECIAL DRUGS,Recodificada,47255,99.907,False,False,False,Conservar como predictor principal
GHBFLAG,RC-GHB - EVER USED,RECODED SPECIAL DRUGS,Recodificada,47299,100.0,False,False,False,Conservar como predictor principal
GHBMON,RC-GHB - PAST MONTH USE,RECODED SPECIAL DRUGS,Recodificada,47299,100.0,False,False,False,Conservar como predictor principal
GHBYR,RC-GHB - PAST YEAR USE,RECODED SPECIAL DRUGS,Recodificada,47299,100.0,False,False,False,Conservar como predictor principal
HERNEDEVER,RC-EVER USED A NEEDLE TO INJECT HEROIN,RECODED SPECIAL DRUGS,Recodificada,47289,99.979,False,False,False,Conservar como predictor principal
HERSMOEVER,RC-EVER SMOKED HEROIN,RECODED SPECIAL DRUGS,Recodificada,47288,99.977,False,False,False,Conservar como predictor principal
HERSNIEVER,RC-EVER SNIFFED HEROIN,RECODED SPECIAL DRUGS,Recodificada,47288,99.977,False,False,False,Conservar como predictor principal
MTHNEDEVER,RC-EVER USED NEEDLE TO INJECT METHAMPHETAMINE,RECODED SPECIAL DRUGS,Recodificada,47279,99.958,False,False,False,Conservar como predictor principal
NPCOLDFLAG,RC-NONPRESCRIPTION COUGH OR COLD MEDS - EVER USED,RECODED SPECIAL DRUGS,Recodificada,47299,100.0,False,False,False,Conservar como predictor principal
NPCOLDMON,RC-NONPRESCRIPTION COUGH OR COLD MEDS - PAST MONTH USE,RECODED SPECIAL DRUGS,Recodificada,47299,100.0,False,False,False,Conservar como predictor principal
NPCOLDYR,RC-NONPRESCRIPTION COUGH OR COLD MEDS - PAST YEAR USE,RECODED SPECIAL DRUGS,Recodificada,47299,100.0,False,False,False,Conservar como predictor principal
DRVINALCO2,RC-DROVE UNDER INFLUENCE OF ALCOHOL IN PAST YEAR,RECODED SPECIAL TOPICS,Recodificada,46776,98.894,False,False,False,Conservar como predictor principal
DRVINALDRG,RC-DROVE UNDER INFLUENCE OF ALC OR SELECTED ILL DRG IN PY,RECODED SPECIAL TOPICS,Recodificada,46315,97.92,False,False,False,Conservar como predictor principal
DRVINDRG,RC-DROVE UNDER INFLUENCE OF SELECTED ILL DRUGS IN PAST YR,RECODED SPECIAL TOPICS,Recodificada,46619,98.562,False,False,False,Conservar como predictor principal
DRVINDROTMJ,RC-DROVE UNDER INFLUENCE OF SELECTED ILL DRG OTH MRJ IN PY,RECODED SPECIAL TOPICS,Recodificada,46812,98.97,False,False,False,Conservar como predictor principal
DRVINMARJ2,RC-DROVE UNDER INFLUENCE OF MARIJUANA IN PAST YEAR,RECODED SPECIAL TOPICS,Recodificada,46983,99.332,False,False,False,Conservar como predictor principal
PAROL,RC-PAROLE/SUPERVISED RELEASE STATUS IN THE PAST YEAR,RECODED SPECIAL TOPICS,Recodificada,46658,98.645,False,False,False,Conservar como predictor principal
PROB,RC-PROBATION STATUS IN THE PAST YEAR,RECODED SPECIAL TOPICS,Recodificada,46661,98.651,False,False,False,Conservar como predictor principal
SEVYROPPRANY,"RC-RX OPIOID USE DISORDER SEVERITY, PY USERS",RECODED SUBSTANCE USE DISORDER,Recodificada,747,1.579,False,False,False,Conservar como predictor principal
SEVYRPNRANY2,"RC-PAIN RELIEVER USE DISORDER SEVERITY, PY USERS",RECODED SUBSTANCE USE DISORDER,Recodificada,784,1.658,False,False,False,Conservar como predictor principal
SEVYRSEDANY,"RC-SEDATIVE USE DISORDER SEVERITY, PY USERS",RECODED SUBSTANCE USE DISORDER,Recodificada,160,0.338,False,False,False,Conservar como predictor principal
SEVYRSTMANY,"RC-STIMULANT USE DISORDER SEVERITY, PY USERS",RECODED SUBSTANCE USE DISORDER,Recodificada,447,0.945,False,False,False,Conservar como predictor principal
SEVYRTRQANY,"RC-TRANQUILIZER USE DISORDER SEVERITY, PY USERS",RECODED SUBSTANCE USE DISORDER,Recodificada,332,0.702,False,False,False,Conservar como predictor principal
SVYRCNSANY,"RC-CNS STIMULANT USE DISORDER SEVERITY, PY USERS",RECODED SUBSTANCE USE DISORDER,Recodificada,47299,100.0,False,False,False,Conservar como predictor principal
SVYRCNSMIS,"RC-CNS STIMULANT USE DISORDER SEVERITY, PY MISUSERS",RECODED SUBSTANCE USE DISORDER,Recodificada,47299,100.0,False,False,False,Conservar como predictor principal
SVYRCNSUNM,"RC-CNS STIM USE DIS SEV, PY STM USERS/ NOT MISUSERS ONLY",RECODED SUBSTANCE USE DISORDER,Recodificada,47299,100.0,False,False,False,Conservar como predictor principal
SVYRDUDANY,"RC-DRUG USE DISORDER SEVERITY, PY USERS",RECODED SUBSTANCE USE DISORDER,Recodificada,47299,100.0,False,False,False,Conservar como predictor principal
SVYROPIANY2,"RC-OPIOID (RX OPIOIDS OR HEROIN) USE DISORDER SEV, PY USERS",RECODED SUBSTANCE USE DISORDER,Recodificada,47299,100.0,False,False,False,Conservar como predictor principal
SVYROPIMIS,"RC-OPIOID USE DISORDER SEVERITY, PY MISUSERS",RECODED SUBSTANCE USE DISORDER,Recodificada,47299,100.0,False,False,False,Conservar como predictor principal
SVYROPIUNM,"RC-OPIOID USE DIS SEV, PY RX OPIOID USERS/NOT MISUSERS ONLY",RECODED SUBSTANCE USE DISORDER,Recodificada,47299,100.0,False,False,False,Conservar como predictor principal
SVYRPSYANY,"RC-PSYCHOTHERAPUETIC USE DISORDER SEVERITY, PY USERS",RECODED SUBSTANCE USE DISORDER,Recodificada,47299,100.0,False,False,False,Conservar como predictor principal
SVYRSUDANY,"RC-SUBSTANCE USE DISORDER SEVERITY, PY USERS",RECODED SUBSTANCE USE DISORDER,Recodificada,47299,100.0,False,False,False,Conservar como predictor principal
SVYRTQSDANY,"RC-TRANQUILIZER OR SEDATIVE USE DISORDER SEVERITY, PY USERS",RECODED SUBSTANCE USE DISORDER,Recodificada,47299,100.0,False,False,False,Conservar como predictor principal
SVYRTQSDMIS,"RC-TRANQUILIZER/SEDATIVE USE DISORDER SEVERITY, PY MISUSERS",RECODED SUBSTANCE USE DISORDER,Recodificada,47299,100.0,False,False,False,Conservar como predictor principal
SVYRTQSDUNM,"RC-TRANQ/SED USE DIS SEV, PY USERS/NOT MISUSERS ONLY",RECODED SUBSTANCE USE DISORDER,Recodificada,47299,100.0,False,False,False,Conservar como predictor principal
UD5ALNILANY,"RC-ALC USE DISORDER, NO DRUG USE DISORDER - PAST YEAR USERS",RECODED SUBSTANCE USE DISORDER,Recodificada,47299,100.0,False,False,False,Conservar como predictor principal
UD5CNSANY,RC-CNS STIMULANT USE DISORDER - PAST YEAR USERS,RECODED SUBSTANCE USE DISORDER,Recodificada,47299,100.0,False,False,False,Conservar como predictor principal
UD5CNSGRP,"RC-CNS STM USE DISORDER - PY USE, MISUSE, USE/NOT MISUSE",RECODED SUBSTANCE USE DISORDER,Recodificada,47299,100.0,False,False,False,Conservar como predictor principal
UD5HROPANY,RC-HEROIN/RX OPIOID USE DISORDER - PAST YEAR USERS,RECODED SUBSTANCE USE DISORDER,Recodificada,47299,100.0,False,False,False,Conservar como predictor principal
UD5IEMANY,RC-DRUG OTHER THAN MRJ USE DISORDER - PAST YEAR USERS,RECODED SUBSTANCE USE DISORDER,Recodificada,47299,100.0,False,False,False,Conservar como predictor principal
UD5ILAALANY,RC-DRUG AND ALCOHOL USE DISORDER - PAST YEAR USERS,RECODED SUBSTANCE USE DISORDER,Recodificada,47299,100.0,False,False,False,Conservar como predictor principal
UD5ILALANY,RC-DRUG OR ALCOHOL USE DISORDER - PAST YEAR USERS,RECODED SUBSTANCE USE DISORDER,Recodificada,47299,100.0,False,False,False,Conservar como predictor principal
UD5ILLANY,RC-DRUG USE DISORDER - PAST YEAR USERS,RECODED SUBSTANCE USE DISORDER,Recodificada,47299,100.0,False,False,False,Conservar como predictor principal
UD5ILNALANY,"RC-DRUG USE DISORDER, NO ALC USE DISORDER - PAST YEAR USERS",RECODED SUBSTANCE USE DISORDER,Recodificada,47299,100.0,False,False,False,Conservar como predictor principal
UD5OPIANY2,RC-OPIOID (RX OPI OR HEROIN) USE DISORDER - PAST YEAR USERS,RECODED SUBSTANCE USE DISORDER,Recodificada,47299,100.0,False,False,False,Conservar como predictor principal
UD5OPIGRP,"RC-OPIOID USE DISORDER - PY USE, MISUSE, USE/NOT MISUSE",RECODED SUBSTANCE USE DISORDER,Recodificada,47299,100.0,False,False,False,Conservar como predictor principal
UD5PSYANY,RC-PSYCHOTHERAPEUTIC USE DISORDER - PAST YEAR USERS,RECODED SUBSTANCE USE DISORDER,Recodificada,47299,100.0,False,False,False,Conservar como predictor principal
UD5TRQSDANY,RC-TRANQUILIZER OR SEDATIVE USE DISORDER - PAST YEAR USERS,RECODED SUBSTANCE USE DISORDER,Recodificada,47299,100.0,False,False,False,Conservar como predictor principal
UD5TRQSDGRP,"RC-TRQ/STM USE DISORDER - PY USE, MISUSE, USE/NOT MISUSE",RECODED SUBSTANCE USE DISORDER,Recodificada,47299,100.0,False,False,False,Conservar como predictor principal
UDYR5OPPRANY,"RC-RX OPIOID USE DISORDER, PY USERS",RECODED SUBSTANCE USE DISORDER,Recodificada,47299,100.0,False,False,False,Conservar como predictor principal
UDYR5PNRANY2,"RC-PAIN RELIEVER USE DISORDER, PY USERS",RECODED SUBSTANCE USE DISORDER,Recodificada,47299,100.0,False,False,False,Conservar como predictor principal
UDYR5SEDANY,"RC-SEDATIVE USE DISORDER, PY USERS",RECODED SUBSTANCE USE DISORDER,Recodificada,47299,100.0,False,False,False,Conservar como predictor principal
UDYR5STMANY,"RC-STIMULANT USE DISORDER, PY USERS",RECODED SUBSTANCE USE DISORDER,Recodificada,47299,100.0,False,False,False,Conservar como predictor principal
UDYR5TRQANY,"RC-TRANQUILIZER USE DISORDER, PY USERS",RECODED SUBSTANCE USE DISORDER,Recodificada,47299,100.0,False,False,False,Conservar como predictor principal
APPDRGMON,APPROACHED BY SOMEONE SELLING ILL DRUG PST 30 DYS,RISK/AVAILABILITY,Original u otra,46921,99.201,False,False,False,Conservar como predictor principal
DIFGETCOC,HOW DIFFICULT TO GET COCAINE,RISK/AVAILABILITY,Original u otra,45766,96.759,False,False,False,Conservar como predictor principal
DIFGETCRK,"HOW DIFFICULT TO GET ""CRACK""",RISK/AVAILABILITY,Original u otra,45719,96.66,False,False,False,Conservar como predictor principal
DIFGETHER,HOW DIFFICULT TO GET HEROIN,RISK/AVAILABILITY,Original u otra,45703,96.626,False,False,False,Conservar como predictor principal
DIFGETLSD,HOW DIFFICULT TO GET LSD,RISK/AVAILABILITY,Original u otra,45627,96.465,False,False,False,Conservar como predictor principal
DIFGETMRJ,HOW DIFFICULT TO GET MARIJUANA,RISK/AVAILABILITY,Original u otra,46277,97.839,False,False,False,Conservar como predictor principal
RKFQDBLT,WEAR A SEATBELT WHEN YOU DRIVE A CAR,RISK/AVAILABILITY,Original u otra,46922,99.203,False,False,False,Conservar como predictor principal
RKFQPBLT,WEAR A SEATBELT WHEN RIDE FRONT PASS SEAT OF CAR,RISK/AVAILABILITY,Original u otra,46920,99.199,False,False,False,Conservar como predictor principal
RSKBNGDLY,RISK HAVING 4 OR 5 DRINKS NEARLY EVERY DAY,RISK/AVAILABILITY,Original u otra,46701,98.736,False,False,False,Conservar como predictor principal
RSKBNGWK,RISK HAVING 5 OR MORE DRINKS ONCE OR TWICE A WEEK,RISK/AVAILABILITY,Original u otra,46685,98.702,False,False,False,Conservar como predictor principal
RSKCIGPKD,RISK SMOKING 1 OR MORE PACKS CIGARETTES PER DAY,RISK/AVAILABILITY,Original u otra,46744,98.827,False,False,False,Conservar como predictor principal
RSKCOCMON,RISK USING COCAINE ONCE A MONTH,RISK/AVAILABILITY,Original u otra,46483,98.275,False,False,False,Conservar como predictor principal
RSKCOCWK,RISK USING COCAINE ONCE OR TWICE A WEEK,RISK/AVAILABILITY,Original u otra,46503,98.317,False,False,False,Conservar como predictor principal
RSKHERTRY,RISK TRYING HEROIN ONCE OR TWICE,RISK/AVAILABILITY,Original u otra,46482,98.273,False,False,False,Conservar como predictor principal
RSKHERWK,RISK USING HEROIN ONCE OR TWICE A WEEK,RISK/AVAILABILITY,Original u otra,46521,98.355,False,False,False,Conservar como predictor principal
RSKLSDTRY,RISK TRYING LSD ONCE OR TWICE,RISK/AVAILABILITY,Original u otra,46273,97.831,False,False,False,Conservar como predictor principal
RSKLSDWK,RISK USING LSD ONCE OR TWICE A WEEK,RISK/AVAILABILITY,Original u otra,46244,97.77,False,False,False,Conservar como predictor principal
RSKMRJMON,RISK SMOKING MARIJUANA ONCE A MONTH,RISK/AVAILABILITY,Original u otra,46628,98.581,False,False,False,Conservar como predictor principal
RSKMRJWK,RISK SMOKING MARIJUANA ONCE OR TWICE A WEEK,RISK/AVAILABILITY,Original u otra,46605,98.533,False,False,False,Conservar como predictor principal
RSKYFQDGR,GET A REAL KICK OUT OF DOING DANGEROUS THINGS,RISK/AVAILABILITY,Original u otra,46748,98.835,False,False,False,Conservar como predictor principal
RSKYFQTES,LIKE TO TEST YOURSELF BY DOING RISKY THINGS,RISK/AVAILABILITY,Original u otra,46828,99.004,False,False,False,Conservar como predictor principal
SEDNM30AL,USED SEDATIVE NOT DIRECTED BY DR W/ALC PST 30 DYS,SEDATIVES,Original u otra,47031,99.433,False,False,False,Conservar como predictor principal
SEDNM30D,USED SEDATIVE NOT DIRECTED BY DR PAST 30 DAYS,SEDATIVES,Original u otra,47048,99.469,False,False,False,Conservar como predictor principal
SEDNM30ES,EST # DAYS USED SEDATIVE NOT DIRECTED PST 30 DYS,SEDATIVES,Original u otra,47001,99.37,False,False,False,Conservar como predictor principal
SEDNM30FQ,# DAYS USED SEDATIVE NOT DIRECTD BY DR PST 30 DYS,SEDATIVES,Original u otra,47050,99.474,False,False,False,Conservar como predictor principal
SEDNMAGE,RC - AGE AT 1ST MISUSE FOR PAST YR SED INITIATES,SEDATIVES,Original u otra,47048,99.469,False,False,False,Conservar como predictor principal
SEDNMINIT,PAST YEAR INITIATE FOR ANY SEDATIVE MISUSE,SEDATIVES,Original u otra,46939,99.239,False,False,False,Conservar como predictor principal
SEDNMLAST,LAST SEDATIVE USED NOT DIRECTED BY DR PST 12 MOS,SEDATIVES,Original u otra,47051,99.476,False,False,False,Conservar como predictor principal
SEDNMLIF,EVER USED SEDATIVE NOT DIRECTED BY DR,SEDATIVES,Original u otra,46793,98.93,False,False,False,Conservar como predictor principal
SEDNMMFU,RC - MO 1ST MISUSED FOR PAST YR SED INITIATES,SEDATIVES,Original u otra,46935,99.23,False,False,False,Conservar como predictor principal
SEDNMREC,RC - MOST RECENT SEDATIVE MISUSE (RECODE),SEDATIVES,Original u otra,47055,99.484,False,False,False,Conservar como predictor principal
SEDNMYFU,RC - YR 1ST MISUSED FOR PAST YR SED INITIATES,SEDATIVES,Original u otra,46936,99.233,False,False,False,Conservar como predictor principal
SEDNORXFG,ONLY PST YR MISUSE W/O RX BUT RX FOR LAST SED,SEDATIVES,Original u otra,8,0.017,False,False,False,Conservar como predictor principal
SEDRSDGFX,USED LAST SEDATIVE (NOT DIRECTED) OTH DRUG EFFECT,SEDATIVES,Original u otra,47050,99.474,False,False,False,Conservar como predictor principal
SEDRSEMOT,USED LAST SEDATIVE (NOT DIRECTED) FOR EMOTIONS,SEDATIVES,Original u otra,47050,99.474,False,False,False,Conservar como predictor principal
SEDRSEXPT,USED LAST SEDATIVE (NOT DIRECTED) TO EXPERIMENT,SEDATIVES,Original u otra,47050,99.474,False,False,False,Conservar como predictor principal
SEDRSHIGH,USED LAST SEDATIVE (NOT DIRECTED) TO GET HIGH,SEDATIVES,Original u otra,47050,99.474,False,False,False,Conservar como predictor principal
SEDRSHOOK,USED LAST SEDATIVE (NOT DIRECTED) BECAUSE HOOKED,SEDATIVES,Original u otra,47050,99.474,False,False,False,Conservar como predictor principal
SEDRSMAIN,MAIN REASON USED LAST SEDATIVE (NOT DIRECTED),SEDATIVES,Original u otra,46945,99.252,False,False,False,Conservar como predictor principal
SEDRSOTRS2,REASON USED LAST SEDATIVE (NOT DIRECTED),SEDATIVES,Original u otra,46903,99.163,False,False,False,Conservar como predictor principal
SEDRSRELX,USED LAST SEDATIVE (NOT DIRECTED) TO RELAX,SEDATIVES,Original u otra,47050,99.474,False,False,False,Conservar como predictor principal
SEDRSSLEP,USED LAST SEDATIVE (NOT DIRECTED) FOR SLEEP,SEDATIVES,Original u otra,47049,99.471,False,False,False,Conservar como predictor principal
SEDRSSOR,USED LAST SEDATIVE (NOT DIRECTED) OTHER REASON,SEDATIVES,Original u otra,47050,99.474,False,False,False,Conservar como predictor principal
SEDWYGAMT,USED SEDATIVE IN GREATER AMTS THAN RX PST 12 MOS,SEDATIVES,Original u otra,47046,99.465,False,False,False,Conservar como predictor principal
SEDWYLNGR,USED SEDATIVE LONGER THAN RX PAST 12 MONTHS,SEDATIVES,Original u otra,47046,99.465,False,False,False,Conservar como predictor principal
SEDWYNORX,USED SEDATIVE W/O OWN RX PAST 12 MONTHS,SEDATIVES,Original u otra,47046,99.465,False,False,False,Conservar como predictor principal
SEDWYOFTN,USED SEDATIVE MORE OFTEN THAN RX PAST 12 MONTHS,SEDATIVES,Original u otra,47042,99.457,False,False,False,Conservar como predictor principal
SEDWYOTWY,USED SEDATIVE OTHER WAY NOT DIRECTED PST 12 MOS,SEDATIVES,Original u otra,47046,99.465,False,False,False,Conservar como predictor principal
SVBZONMYR,RC - BENZODIAZEPINES SEDATIVES - PAST YEAR MISUSE,SEDATIVES,Original u otra,47080,99.537,False,False,False,Conservar como predictor principal
SEDANYLIF,ANY SEDATIVE USE IN LIFETIME,SEDATIVES SCREENER,Original u otra,44994,95.127,False,False,False,Conservar como predictor principal
SEDANYREC,RC - MOST RECENT ANY SEDATIVE USE (RECODE),SEDATIVES SCREENER,Original u otra,47063,99.501,False,False,False,Conservar como predictor principal
SVBZOANYYR,RC - BENZODIAZEPINES SEDATIVES - ANY PAST YEAR USE,SEDATIVES SCREENER,Original u otra,47076,99.529,False,False,False,Conservar como predictor principal
MAIIN102,MAJORITY AMER INDIAN AREA INDICATOR FOR SEGMENT,SEGMENT,Original u otra,47299,100.0,False,False,False,Conservar como predictor principal
SNAFLMJTRY,HOW YOU FEEL ABOUT ADULTS TRYING MJ/CANNABIS,SOCIAL ENVIRONMENT,Original u otra,45880,97.0,False,False,False,Conservar como predictor principal
SNRLDCSN,MY RELIGIOUS BELIEFS INFLUENCE MY DECISIONS,SOCIAL ENVIRONMENT,Original u otra,45684,96.586,False,False,False,Conservar como predictor principal
SNRLFRND,IT IS IMPORTANT THAT MY FRIENDS SHARE REL BELIEFS,SOCIAL ENVIRONMENT,Original u otra,45672,96.56,False,False,False,Conservar como predictor principal
SNRLGIMP,MY RELIGIOUS BELIEFS ARE VERY IMPORTANT,SOCIAL ENVIRONMENT,Original u otra,45653,96.52,False,False,False,Conservar como predictor principal
SNYATTAK,ATTACKED SOMEONE W/INTENT TO SERIOUSLY HURT THEM,SOCIAL ENVIRONMENT,Original u otra,46214,97.706,False,False,False,Conservar como predictor principal
SNYSELL,SOLD ILLEGAL DRUGS,SOCIAL ENVIRONMENT,Original u otra,46211,97.7,False,False,False,Conservar como predictor principal
SNYSTOLE,STOLEN/TRIED TO STEAL ANYTHING WORTH > $50,SOCIAL ENVIRONMENT,Original u otra,46216,97.71,False,False,False,Conservar como predictor principal
COCNEEDL,EVER USED NEEDLE TO INJECT COCAINE,SPECIAL DRUGS,Original u otra,47238,99.871,False,False,False,Conservar como predictor principal
COLDMEDS,TAKEN A NONPRESCRIPTION COUGH MED TO GET HIGH,SPECIAL DRUGS,Original u otra,47035,99.442,False,False,False,Conservar como predictor principal
COLDREC,TIME SINCE LAST USED COUGH/COLD MED,SPECIAL DRUGS,Original u otra,47035,99.442,False,False,False,Conservar como predictor principal
COLDYR1,OTHER COUGH/COLD MED USED PAST 12 MOS - SPECIFY 1,SPECIAL DRUGS,Original u otra,46852,99.055,False,False,False,Conservar como predictor principal
COLDYR2,OTHER COUGH/COLD MED USED PAST 12 MOS - SPECIFY 2,SPECIAL DRUGS,Original u otra,46607,98.537,False,False,False,Conservar como predictor principal
COLDYR3,OTHER COUGH/COLD MED USED PAST 12 MOS - SPECIFY 3,SPECIAL DRUGS,Original u otra,46534,98.383,False,False,False,Conservar como predictor principal
COLDYR4,OTHER COUGH/COLD MED USED PAST 12 MOS - SPECIFY 4,SPECIAL DRUGS,Original u otra,46510,98.332,False,False,False,Conservar como predictor principal
COLDYR5,OTHER COUGH/COLD MED USED PAST 12 MOS - SPECIFY 5,SPECIAL DRUGS,Original u otra,46503,98.317,False,False,False,Conservar como predictor principal
CONDLREC,TIME SINCE LAST USED NEEDLE TO INJECT COCAINE,SPECIAL DRUGS,Original u otra,47238,99.871,False,False,False,Conservar como predictor principal
GHB,EVER USED GHB,SPECIAL DRUGS,Original u otra,47007,99.383,False,False,False,Conservar como predictor principal
GHBREC,TIME SINCE LAST USED GHB,SPECIAL DRUGS,Original u otra,47007,99.383,False,False,False,Conservar como predictor principal
GNNDCLEN,USED BLEACH TO CLEAN LAST NEEDLE BEFORE USE,SPECIAL DRUGS,Original u otra,1047,2.214,False,False,False,Conservar como predictor principal
GNNDGET2,HOW DID YOU GET THE NEEDLE LAST TIME,SPECIAL DRUGS,Original u otra,1036,2.19,False,False,False,Conservar como predictor principal
GNNDLSH1,LAST NEEDLE HAD BEEN USED BY SOMEONE ELSE,SPECIAL DRUGS,Original u otra,1044,2.207,False,False,False,Conservar como predictor principal
GNNDLSH2,SOMEONE ELSE USED LAST NEEDLE AFTER YOU,SPECIAL DRUGS,Original u otra,1044,2.207,False,False,False,Conservar como predictor principal
GNNDREUS,LAST TIME REUSED NEEDLE USED BEFORE,SPECIAL DRUGS,Original u otra,1045,2.209,False,False,False,Conservar como predictor principal
HEOTNDL,HOW USED HEROIN: INJECTED IT WITH A NEEDLE,SPECIAL DRUGS,Original u otra,46156,97.583,False,False,False,Conservar como predictor principal
HEOTOTH,HOW USED HEROIN: SOME OTHER WAY,SPECIAL DRUGS,Original u otra,46156,97.583,False,False,False,Conservar como predictor principal
HEOTSMK,HOW USED HEROIN: SMOKED IT,SPECIAL DRUGS,Original u otra,46156,97.583,False,False,False,Conservar como predictor principal
HEOTSNF,HOW USED HEROIN: SNIFFED IT,SPECIAL DRUGS,Original u otra,46156,97.583,False,False,False,Conservar como predictor principal
HEOTSP,HOW USED HEROIN: SPECIFY,SPECIAL DRUGS,Original u otra,46120,97.507,False,False,False,Conservar como predictor principal
HERNEEDL,EVER USED NEEDLE TO INJECT HEROIN,SPECIAL DRUGS,Original u otra,47271,99.941,False,False,False,Conservar como predictor principal
HERSMOKE,EVER SMOKED HEROIN,SPECIAL DRUGS,Original u otra,47268,99.934,False,False,False,Conservar como predictor principal
HERSNIFF,EVER SNIFFED HEROIN,SPECIAL DRUGS,Original u otra,47256,99.909,False,False,False,Conservar como predictor principal
HRNDLREC,TIME SINCE LAST USED NEEDLE TO INJECT HEROIN,SPECIAL DRUGS,Original u otra,47273,99.945,False,False,False,Conservar como predictor principal
HRSMKREC,TIME SINCE LAST SMOKED HEROIN,SPECIAL DRUGS,Original u otra,47277,99.953,False,False,False,Conservar como predictor principal
HRSNFREC,TIME SINCE LAST SNIFFED HEROIN,SPECIAL DRUGS,Original u otra,47276,99.951,False,False,False,Conservar como predictor principal
METHNDLRC,TIME SINCE LAST USED NEEDLE TO INJECT METH,SPECIAL DRUGS,Original u otra,47243,99.882,False,False,False,Conservar como predictor principal
METHNEEDL,EVER USED NEEDLE TO INJECT METHAMPHETAMINE,SPECIAL DRUGS,Original u otra,47243,99.882,False,False,False,Conservar como predictor principal
OTDGNDLRC,TIME SINCE LAST USED A NEEDLE TO INJECT OTHER DRUG,SPECIAL DRUGS,Original u otra,47034,99.44,False,False,False,Conservar como predictor principal
OTDGNEDL,EVER USED NEEDLE TO INJECT ANY OTHER DRUG,SPECIAL DRUGS,Original u otra,47037,99.446,False,False,False,Conservar como predictor principal
BKARSON,ARRSTD & BOOKED FOR ARSON PAST 12 MONTHS,SPECIAL TOPICS,Original u otra,844,1.784,False,False,False,Conservar como predictor principal
BKBURGL,ARRSTD & BOOKED FOR BURGLARY/B & E PAST 12 MOS,SPECIAL TOPICS,Original u otra,842,1.78,False,False,False,Conservar como predictor principal
BKDRUG,ARRSTD & BOOKED FOR POSSES/SALE DRUGS PAST 12 MOS,SPECIAL TOPICS,Original u otra,832,1.759,False,False,False,Conservar como predictor principal
BKDRUNK,ARRSTD & BOOKED FOR DRUNKENNESS PAST 12 MONTHS,SPECIAL TOPICS,Original u otra,839,1.774,False,False,False,Conservar como predictor principal
BKDRVINF,ARRSTD & BOOKED FOR DUI PAST 12 MONTHS,SPECIAL TOPICS,Original u otra,836,1.767,False,False,False,Conservar como predictor principal
BKFRAUD,ARRSTD & BOOKED FOR FRAUD/STOL GOODS PAST 12 MOS,SPECIAL TOPICS,Original u otra,831,1.757,False,False,False,Conservar como predictor principal
BKLARCNY,ARRSTD & BOOKED FOR LARCENY/THEFT PAST 12 MONTHS,SPECIAL TOPICS,Original u otra,840,1.776,False,False,False,Conservar como predictor principal
BKMVTHFT,ARRSTD & BOOKED FOR MOT VEH THEFT PAST 12 MONTHS,SPECIAL TOPICS,Original u otra,842,1.78,False,False,False,Conservar como predictor principal
BKOTH,ARRSTD & BOOKED FOR SOME OTHER OFF PAST 12 MOS,SPECIAL TOPICS,Original u otra,703,1.486,False,False,False,Conservar como predictor principal
BKROB,ARRSTD & BOOKED FOR ROBBERY PAST 12 MONTHS,SPECIAL TOPICS,Original u otra,843,1.782,False,False,False,Conservar como predictor principal
BKSEXNR,ARRSTD & BOOKED SEX OFFENSE EXCL RAPE PST 12 MOS,SPECIAL TOPICS,Original u otra,844,1.784,False,False,False,Conservar como predictor principal
BKSMASLT,ARRSTD & BOOKED FOR OTHER ASSAULT PAST 12 MONTHS,SPECIAL TOPICS,Original u otra,820,1.734,False,False,False,Conservar como predictor principal
BKSRVIOL,ARRSTD & BOOKED SERIOUS VIOL OFFENSE PST 12 MOS,SPECIAL TOPICS,Original u otra,840,1.776,False,False,False,Conservar como predictor principal
BOOKED,EVER ARRESTED AND BOOKED FOR BREAKING THE LAW,SPECIAL TOPICS,Original u otra,46483,98.275,False,False,False,Conservar como predictor principal
DRVINALCO,DROVE UNDER INFLUENCE OF ALCOHOL PST 12 MOS,SPECIAL TOPICS,Original u otra,46776,98.894,False,False,False,Conservar como predictor principal
DRVINALON,DROVE UNDER INFLUENCE OF ONLY ALCOHOL PST 12 MOS,SPECIAL TOPICS,Original u otra,16139,34.121,False,False,False,Conservar como predictor principal
DRVINCOCN,DROVE UNDER INFLU OF COCAINE PST 12 MOS,SPECIAL TOPICS,Original u otra,47203,99.797,False,False,False,Conservar como predictor principal
DRVINHALL,DROVE UNDER INFLU OF HALLUCINOGENS PAST 12 MOS,SPECIAL TOPICS,Original u otra,47023,99.416,False,False,False,Conservar como predictor principal
DRVINHERN,DROVE UNDER INFLUENCE OF HEROIN PAST 12 MOS,SPECIAL TOPICS,Original u otra,47259,99.915,False,False,False,Conservar como predictor principal
DRVININHL,DROVE UNDER INFLUENCE OF INHALANTS PAST 12 MOS,SPECIAL TOPICS,Original u otra,47171,99.729,False,False,False,Conservar como predictor principal
DRVINMARJ,DROVE UNDER INFLUENCE OF MARIJUANA PST 12 MOS,SPECIAL TOPICS,Original u otra,46983,99.332,False,False,False,Conservar como predictor principal
DRVINMETH,DROVE UNDER INFLU OF METHAMPHETAMINE PAST 12 MOS,SPECIAL TOPICS,Original u otra,47225,99.844,False,False,False,Conservar como predictor principal
MXMJPNLT,MAX PENALTY FOR 1ST MJ POSS < OUNCE IN YOUR STATE,SPECIAL TOPICS,Original u otra,39787,84.118,False,False,False,Conservar como predictor principal
NOBOOKY2,# TIMES ARRESTED AND BOOKED PAST 12 MONTHS,SPECIAL TOPICS,Original u otra,6113,12.924,False,False,False,Conservar como predictor principal
PAROLREL,ON PAROLE/SUPRV RELEASE PAST 12 MONTHS,SPECIAL TOPICS,Original u otra,46658,98.645,False,False,False,Conservar como predictor principal
PROBATON,ON PROBATION AT ANY TIME PAST 12 MONTHS,SPECIAL TOPICS,Original u otra,46661,98.651,False,False,False,Conservar como predictor principal
STMNDLREC,TIME SINCE LAST USED NEEDLE TO INJECT STIMULANT,STIMULANTS,Original u otra,46259,97.801,False,False,False,Conservar como predictor principal
STMNDLYR,USED STIMULANT WITH A NEEDLE PAST 12 MONTHS,STIMULANTS,Original u otra,47091,99.56,False,False,False,Conservar como predictor principal
STMNM30AL,USED STIMULANT NOT DIRECTED BY DR W/ALC PST 30 DYS,STIMULANTS,Original u otra,47029,99.429,False,False,False,Conservar como predictor principal
STMNM30D,USED STIMULANT NOT DIRECTED BY DR PAST 30 DAYS,STIMULANTS,Original u otra,47079,99.535,False,False,False,Conservar como predictor principal
STMNM30ES,EST # DAYS USED STIMULANT NOT DIRECTED PST 30 DYS,STIMULANTS,Original u otra,46848,99.046,False,False,False,Conservar como predictor principal
STMNM30FQ,# DAYS USED STIMULANT NOT DIRECTD BY DR PST 30 DYS,STIMULANTS,Original u otra,47088,99.554,False,False,False,Conservar como predictor principal
STMNMAGE,RC - AGE 1ST MISUSED FOR PAST YR STIM INITIATES,STIMULANTS,Original u otra,47088,99.554,False,False,False,Conservar como predictor principal
STMNMINIT,PAST YEAR INITIATE FOR ANY STIMULANT MISUSE,STIMULANTS,Original u otra,47023,99.416,False,False,False,Conservar como predictor principal
STMNMLAS1,LAST STIMULANT USED NOT DIRECTED BY DR PST 12 MOS,STIMULANTS,Original u otra,47087,99.552,False,False,False,Conservar como predictor principal
STMNMLIF,EVER USED STIMULANT NOT DIRECTED BY DR,STIMULANTS,Original u otra,46176,97.626,False,False,False,Conservar como predictor principal
STMNMMFU,RC - MONTH 1ST MISUSED FOR PAST YR STIM INITIATES,STIMULANTS,Original u otra,47009,99.387,False,False,False,Conservar como predictor principal
STMNMREC,RC - MOST RECENT STIMULANT MISUSE (RECODE),STIMULANTS,Original u otra,47094,99.567,False,False,False,Conservar como predictor principal
STMNMYFU,RC - YR 1ST MISUSED FOR PAST YR STIM INITIATES,STIMULANTS,Original u otra,47016,99.402,False,False,False,Conservar como predictor principal
STMNORXFG,ONLY PST YR MISUSE W/O RX BUT RX FOR LAST STIM,STIMULANTS,Original u otra,18,0.038,False,False,False,Conservar como predictor principal
STMRSALRT,USED LAST STIMULANT (NOT DIRECTED) TO BE ALERT,STIMULANTS,Original u otra,47088,99.554,False,False,False,Conservar como predictor principal
STMRSCONC,USED LAST STIMULANT (NOT DIRECTED) TO CONCENTRATE,STIMULANTS,Original u otra,47086,99.55,False,False,False,Conservar como predictor principal
STMRSDGFX,USED LAST STIMULANT (NOT DIRECTED) OTH DRUG EFFECT,STIMULANTS,Original u otra,47086,99.55,False,False,False,Conservar como predictor principal
STMRSEXPT,USED LAST STIMULANT (NOT DIRECTED) TO EXPERIMENT,STIMULANTS,Original u otra,47087,99.552,False,False,False,Conservar como predictor principal
STMRSHIGH,USED LAST STIMULANT (NOT DIRECTED) TO GET HIGH,STIMULANTS,Original u otra,47087,99.552,False,False,False,Conservar como predictor principal
STMRSHOOK,USED LAST STIMULANT (NOT DIRECTED) BECAUSE HOOKED,STIMULANTS,Original u otra,47088,99.554,False,False,False,Conservar como predictor principal
STMRSMAIN,MAIN REASON USED LAST STIMULANT (NOT DIRECTED),STIMULANTS,Original u otra,46673,98.677,False,False,False,Conservar como predictor principal
STMRSOTRS2,REASON USED LAST STIMULANT (NOT DIRECTED),STIMULANTS,Original u otra,46287,97.86,False,False,False,Conservar como predictor principal
STMRSSOR,USED LAST STIMULANT (NOT DIRECTED) OTHER REASON,STIMULANTS,Original u otra,47088,99.554,False,False,False,Conservar como predictor principal
STMRSSTDY,USED LAST STIMULANT (NOT DIRECTED) TO STUDY,STIMULANTS,Original u otra,47088,99.554,False,False,False,Conservar como predictor principal
STMRSWGHT,USED LAST STIMULANT (NOT DIRECTED) TO LOSE WEIGHT,STIMULANTS,Original u otra,47088,99.554,False,False,False,Conservar como predictor principal
STMWYGAMT,USED STIMULANT IN GREATER AMTS THAN RX PST 12 MOS,STIMULANTS,Original u otra,47073,99.522,False,False,False,Conservar como predictor principal
STMWYLNGR,USED STIMULANT LONGER THAN RX PAST 12 MONTHS,STIMULANTS,Original u otra,47073,99.522,False,False,False,Conservar como predictor principal
STMWYNORX,USED STIMULANT W/O OWN RX PAST 12 MONTHS,STIMULANTS,Original u otra,47073,99.522,False,False,False,Conservar como predictor principal
STMWYOFTN,USED STIMULANT MORE OFTEN THAN RX PAST 12 MONTHS,STIMULANTS,Original u otra,47072,99.52,False,False,False,Conservar como predictor principal
STMWYOTWY,USED STIMULANT OTHER WAY NOT DIRECTED PST 12 MOS,STIMULANTS,Original u otra,47073,99.522,False,False,False,Conservar como predictor principal
STMANYLIF,ANY STIMULANT USE IN LIFETIME,STIMULANTS SCREENER,Original u otra,42944,90.793,False,False,False,Conservar como predictor principal
STMANYREC,RC - MOST RECENT ANY STIMULANT USE (RECODE),STIMULANTS SCREENER,Original u otra,47107,99.594,False,False,False,Conservar como predictor principal
EDUD5PNRMIS,"PAIN RELIEVER USE DISORDER, PY MISUSERS",SUBSTANCE USE DISORDER,Original u otra,47246,99.888,False,False,False,Conservar como predictor principal
EDUD5PNRUNM2,"PAIN RELIEVER USE DISORDER, PY USERS BUT NOT MISUSERS",SUBSTANCE USE DISORDER,Original u otra,47064,99.503,False,False,False,Conservar como predictor principal
EDUD5SEDMIS,"SEDATIVE USE DISORDER, PY MISUSERS",SUBSTANCE USE DISORDER,Original u otra,47291,99.983,False,False,False,Conservar como predictor principal
EDUD5SEDUNM,"SEDATIVE USE DISORDER, PY USERS BUT NOT MISUSERS",SUBSTANCE USE DISORDER,Original u otra,47237,99.869,False,False,False,Conservar como predictor principal
EDUD5STMMIS,"STIMULANT USE DISORDER, PY MISUSERS",SUBSTANCE USE DISORDER,Original u otra,47277,99.953,False,False,False,Conservar como predictor principal
EDUD5STMUNM,"STIMULANT USE DISORDER, PY USERS BUT NOT MISUSERS",SUBSTANCE USE DISORDER,Original u otra,47224,99.841,False,False,False,Conservar como predictor principal
EDUD5TRQMIS,"TRANQUILIZER USE DISORDER, PY MISUSERS",SUBSTANCE USE DISORDER,Original u otra,47271,99.941,False,False,False,Conservar como predictor principal
EDUD5TRQUNM,"TRANQUILIZER USE DISORDER, PY USERS BUT NOT MISUSERS",SUBSTANCE USE DISORDER,Original u otra,47192,99.774,False,False,False,Conservar como predictor principal
PYUD5ALC,ALCOHOL USE DISORDER IN THE PAST YEAR,SUBSTANCE USE DISORDER,Original u otra,46864,99.08,False,False,False,Conservar como predictor principal
PYUD5COC,COCAINE USE DISORDER IN THE PAST YEAR,SUBSTANCE USE DISORDER,Original u otra,47269,99.937,False,False,False,Conservar como predictor principal
PYUD5HAL,HALLUCINOGEN USE DISORDER IN THE PAST YEAR,SUBSTANCE USE DISORDER,Original u otra,47224,99.841,False,False,False,Conservar como predictor principal
PYUD5HER,HEROIN USE DISORDER IN THE PAST YEAR,SUBSTANCE USE DISORDER,Original u otra,47290,99.981,False,False,False,Conservar como predictor principal
PYUD5INH,INHALANT USE DISORDER IN THE PAST YEAR,SUBSTANCE USE DISORDER,Original u otra,47280,99.96,False,False,False,Conservar como predictor principal
PYUD5MRJ,MARIJUANA USE DISORDER IN THE PAST YEAR,SUBSTANCE USE DISORDER,Original u otra,47075,99.526,False,False,False,Conservar como predictor principal
PYUD5MTH,METHAMPHETAMINE USE DISORDER IN THE PAST YEAR,SUBSTANCE USE DISORDER,Original u otra,47284,99.968,False,False,False,Conservar como predictor principal
UDALAVOIDWD,USE ALC/DRG TO GET OVER/AVOID ALC WITHDRAWAL IN PST 12 MOS,SUBSTANCE USE DISORDER,Original u otra,46905,99.167,False,False,False,Conservar como predictor principal
UDALAVWALCO,USED ALCOHOL TO GET OVER/AVOID ALC WITHDRAWAL IN PST 12 MOS,SUBSTANCE USE DISORDER,Original u otra,20767,43.906,False,False,False,Conservar como predictor principal
UDALAVWOTHR,USED SOMETHING ELSE TO GET OVR/AVD ALC WITHDRAWAL PST 12 MOS,SUBSTANCE USE DISORDER,Original u otra,20766,43.904,False,False,False,Conservar como predictor principal
UDALAVWSVTR,USED SED/TRQ/SLP PILLS/DWNRS TO AVOID ALC WDRWAL PST 12 MOS,SUBSTANCE USE DISORDER,Original u otra,20764,43.899,False,False,False,Conservar como predictor principal
UDALBLCKCTD,CONTINUE DRINKING ALCOHOL EVEN AFTER BLACKOUTS,SUBSTANCE USE DISORDER,Original u otra,20971,44.337,False,False,False,Conservar como predictor principal
UDALBLCKOUT,REPEATED BLACKOUTS WHILE OR AFTER DRINKING ALC PAST 12 MOS,SUBSTANCE USE DISORDER,Original u otra,45519,96.237,False,False,False,Conservar como predictor principal
UDALFMLYCTD,CONTD ALCOHOL USE DESPITE ALC CAUSE ARGUMENTS W/FAM/FRNDS,SUBSTANCE USE DISORDER,Original u otra,21464,45.379,False,False,False,Conservar como predictor principal
UDALFMLYPRB,ALCOHOL CAUSE ARGUMENTS/PROBS W/FAMILY/FRIENDS PST 12 MOS,SUBSTANCE USE DISORDER,Original u otra,46910,99.178,False,False,False,Conservar como predictor principal
UDALGETHURT,ALCOHOL USE INCREASED CHANCE GETTING HURT PST 12 MOS,SUBSTANCE USE DISORDER,Original u otra,46898,99.152,False,False,False,Conservar como predictor principal
UDALHLTHCTD,CONTD TO USE ALCOHOL DESPITE ALCOHOL CAUSE/WORSEN PHYS PRBS,SUBSTANCE USE DISORDER,Original u otra,21110,44.631,False,False,False,Conservar como predictor principal
UDALHLTHPRB,ANY LONG-LASTING PHYS PRBS CAUSED/WORSND BY ALC PST 12 MOS,SUBSTANCE USE DISORDER,Original u otra,46899,99.154,False,False,False,Conservar como predictor principal
UDALLESSEFF,SAME AMT ALCOHOL HAS LESS EFFECT THAN IT USED TO,SUBSTANCE USE DISORDER,Original u otra,44953,95.04,False,False,False,Conservar como predictor principal
UDALLRGAMTS,DRANK ALC LARGER AMTS OR LONGER TIME THAN MEANT TO PST 12MOS,SUBSTANCE USE DISORDER,Original u otra,46942,99.245,False,False,False,Conservar como predictor principal
UDALMNTLCTD,CONTD ALCOHOL USE DESPITE ALC CSE/WRSN EMOT/MNTL HLTH PRBS,SUBSTANCE USE DISORDER,Original u otra,21542,45.544,False,False,False,Conservar como predictor principal
UDALMNTLPRB,ANY EMOT/MNTL HLTH PRBS CAUSED/WORSND BY ALCOHOL PAST 12 MOS,SUBSTANCE USE DISORDER,Original u otra,46322,97.934,False,False,False,Conservar como predictor principal
UDALNEEDMOR,NEEDED A LOT MORE ALCOHOL TO GET FEELING YOU WANT,SUBSTANCE USE DISORDER,Original u otra,46924,99.207,False,False,False,Conservar como predictor principal
UDALNOTSTOP,UNABLE TO CUT/STOP ALC USE MORE THAN ONE TIME PAST 12 MOS,SUBSTANCE USE DISORDER,Original u otra,28448,60.145,False,False,False,Conservar como predictor principal
UDALSTOPACT,LESS ACTIVITIES B/C OF ALCOHOL USE PAST 12 MOS,SUBSTANCE USE DISORDER,Original u otra,46906,99.169,False,False,False,Conservar como predictor principal
UDALSTRURGE,STRONG URGE TO DRINK ALCOHOL IN PST 12 MOS,SUBSTANCE USE DISORDER,Original u otra,45794,96.818,False,False,False,Conservar como predictor principal
UDALTIMEGET,SPENT GREAT DEAL TIME TRY TO GET/GETTING ALC IN PST 12 MOS,SUBSTANCE USE DISORDER,Original u otra,43579,92.135,False,False,False,Conservar como predictor principal
UDALTIMEUSE,SPENT GREAT DEAL OF TIME USING/FEEL EFF OF ALCOHOL PST 12MOS,SUBSTANCE USE DISORDER,Original u otra,46932,99.224,False,False,False,Conservar como predictor principal
UDALTRYSTOP,TRY TO CUT DOWN/STOP ALCOHOL USE IN PAST 12 MOS,SUBSTANCE USE DISORDER,Original u otra,46875,99.104,False,False,False,Conservar como predictor principal
UDALWANTBAD,WANTED TO USE ALCOHOL SO BADLY IN PAST 12 MOS,SUBSTANCE USE DISORDER,Original u otra,46938,99.237,False,False,False,Conservar como predictor principal
UDALWDFLANX,FEELING ANXIOUS - ALC WITHDRAWAL SYMPTOM PST 12 MOS,SUBSTANCE USE DISORDER,Original u otra,46882,99.118,False,False,False,Conservar como predictor principal
UDALWDHALUC,SEE/HEAR/FEEL THINGS - ALC WITHDRAWAL SYMPTOM PST 12 MOS,SUBSTANCE USE DISORDER,Original u otra,46879,99.112,False,False,False,Conservar como predictor principal
UDALWDSITST,COULD NOT SIT STILL - ALC WITHDRAWAL SYMPTOM PST 12 MOS,SUBSTANCE USE DISORDER,Original u otra,46884,99.123,False,False,False,Conservar como predictor principal
UDALWDSLEEP,TROUBLE SLEEPING - ALC WITHDRAWAL SYMPTOM PST 12 MOS,SUBSTANCE USE DISORDER,Original u otra,46884,99.123,False,False,False,Conservar como predictor principal
UDALWDSWEAT,SWEATING/RAPID HEARTBEAT - ALC WITHDRAWAL SYMPTOM PST 12 MOS,SUBSTANCE USE DISORDER,Original u otra,46856,99.063,False,False,False,Conservar como predictor principal
UDALWDTRMBL,HANDS TREMBLE - ALC WITHDRAWAL SYMPTOM PST 12 MOS,SUBSTANCE USE DISORDER,Original u otra,46877,99.108,False,False,False,Conservar como predictor principal
UDALWDVOMIT,VOMITING/UPSET STOMACH - ALC WITHDRAWAL SYMPTOM PST 12 MOS,SUBSTANCE USE DISORDER,Original u otra,46886,99.127,False,False,False,Conservar como predictor principal
UDALWORKPRB,ALCOHOL CAUSE SERIOUS PRBS AT HOME/WORK/SCH PST 12 MOS,SUBSTANCE USE DISORDER,Original u otra,46908,99.173,False,False,False,Conservar como predictor principal
UDALWSHSTOP,OFTEN WISH CUT DOWN OR STOP ALCOHOL USE PAST 12 MOS,SUBSTANCE USE DISORDER,Original u otra,38600,81.608,False,False,False,Conservar como predictor principal
UDCCAVOIDWD,USE COC/OTH DRUG TO GET OVER/AVOID COC WITHDRAWAL PST 12 MOS,SUBSTANCE USE DISORDER,Original u otra,47244,99.884,False,False,False,Conservar como predictor principal
UDCCAVWCOCN,USED COCAINE TO GET OVER/AVOID COC WITHDRAWAL IN PST 12 MOS,SUBSTANCE USE DISORDER,Original u otra,46365,98.025,False,False,False,Conservar como predictor principal
UDCCAVWMETH,USED METH TO GET OVER/AVOID COC WITHDRAWAL IN PST 12 MOS,SUBSTANCE USE DISORDER,Original u otra,46365,98.025,False,False,False,Conservar como predictor principal
UDCCAVWOTHR,USED SOMETHING ELSE TO GET OVR/AVD COC WITHDRAWAL PST 12 MOS,SUBSTANCE USE DISORDER,Original u otra,46365,98.025,False,False,False,Conservar como predictor principal
UDCCAVWSTIM,USED STM TO GET OVER/AVOID COC WITHDRAWAL IN PST 12 MOS,SUBSTANCE USE DISORDER,Original u otra,46365,98.025,False,False,False,Conservar como predictor principal
UDCCFMLYCTD,CONTD COCAINE USE DESPITE COC CAUSE ARGUMENTS W/FAM/FRNDS,SUBSTANCE USE DISORDER,Original u otra,46405,98.11,False,False,False,Conservar como predictor principal
UDCCFMLYPRB,COCAINE CAUSE ARGUMENTS/PROBS W/FAMILY/FRIENDS PST 12 MOS,SUBSTANCE USE DISORDER,Original u otra,47246,99.888,False,False,False,Conservar como predictor principal
UDCCGETHURT,COCAINE USE INCREASED CHANCE GETTING HURT PST 12 MOS,SUBSTANCE USE DISORDER,Original u otra,47245,99.886,False,False,False,Conservar como predictor principal
UDCCHLTHCTD,CONTD TO USE COCAINE DESPITE COCAINE CAUSE/WORSEN PHYS PRBS,SUBSTANCE USE DISORDER,Original u otra,46378,98.053,False,False,False,Conservar como predictor principal
UDCCHLTHPRB,ANY LONG-LASTING PHYS PRBS CAUSED/WORSND BY COC PST 12 MOS,SUBSTANCE USE DISORDER,Original u otra,47246,99.888,False,False,False,Conservar como predictor principal
UDCCLESSEFF,SAME AMT COCAINE HAS LESS EFFECT THAN IT USED TO,SUBSTANCE USE DISORDER,Original u otra,47127,99.636,False,False,False,Conservar como predictor principal
UDCCLRGAMTS,USED COC LARGER AMTS OR LONGER TIME THAN MEANT TO PST 12 MOS,SUBSTANCE USE DISORDER,Original u otra,47246,99.888,False,False,False,Conservar como predictor principal
UDCCMNTLCTD,CONTD COCAINE USE DESPITE COC CSE/WRSN EMOT/MNTL HLTH PRBS,SUBSTANCE USE DISORDER,Original u otra,46380,98.057,False,False,False,Conservar como predictor principal
UDCCMNTLPRB,ANY EMOT/MNTL HLTH PRBS CAUSED/WORSND BY COCAINE PAST 12 MOS,SUBSTANCE USE DISORDER,Original u otra,47192,99.774,False,False,False,Conservar como predictor principal
UDCCNEEDMOR,NEEDED A LOT MORE COCAINE TO GET FEELING YOU WANT,SUBSTANCE USE DISORDER,Original u otra,47244,99.884,False,False,False,Conservar como predictor principal
UDCCNOTSTOP,UNABLE TO CUT/STOP COCAINE MORE THAN ONE TIME PAST 12 MOS,SUBSTANCE USE DISORDER,Original u otra,46616,98.556,False,False,False,Conservar como predictor principal
UDCCSTOPACT,LESS ACTIVITIES B/C OF COCAINE USE PAST 12 MOS,SUBSTANCE USE DISORDER,Original u otra,47246,99.888,False,False,False,Conservar como predictor principal
UDCCSTRURGE,STRONG URGE TO USE COCAINE IN PAST 12 MOS,SUBSTANCE USE DISORDER,Original u otra,47131,99.645,False,False,False,Conservar como predictor principal
UDCCTIMEGET,SPENT GREAT DEAL TIME TRY TO GET/GETTING COCAINE PST 12 MOS,SUBSTANCE USE DISORDER,Original u otra,47106,99.592,False,False,False,Conservar como predictor principal
UDCCTIMEUSE,SPENT GREAT DEAL OF TIME USING/FEEL EFF OF COCAINE PST 12MOS,SUBSTANCE USE DISORDER,Original u otra,47248,99.892,False,False,False,Conservar como predictor principal
UDCCTRYSTOP,TRY TO CUT DOWN/STOP COCAINE USE IN PAST 12 MOS,SUBSTANCE USE DISORDER,Original u otra,47245,99.886,False,False,False,Conservar como predictor principal
UDCCWANTBAD,WANTED TO USE COCAINE SO BADLY IN PAST 12 MOS,SUBSTANCE USE DISORDER,Original u otra,47247,99.89,False,False,False,Conservar como predictor principal
UDCCWDDREAM,HAVING BAD DREAMS - COC WITHDRAWAL SYMPTOM PST 12 MOS,SUBSTANCE USE DISORDER,Original u otra,46442,98.188,False,False,False,Conservar como predictor principal
UDCCWDFLBLU,FELT BLUE OR DOWN AFTER USING LESS OR STOPPING COCAINE,SUBSTANCE USE DISORDER,Original u otra,47245,99.886,False,False,False,Conservar como predictor principal
UDCCWDHNGRY,FEELING HUNGRY - COC WITHDRAWAL SYMPTOM PST 12 MOS,SUBSTANCE USE DISORDER,Original u otra,46442,98.188,False,False,False,Conservar como predictor principal
UDCCWDSITST,SLOWED DOWN/RESTLESS - COC WITHDRAWAL SYMPTOM PST 12 MOS,SUBSTANCE USE DISORDER,Original u otra,46442,98.188,False,False,False,Conservar como predictor principal
UDCCWDSLEEP,TROUBLE/MORE SLEEPING - COC WITHDRAWAL SYMPTOM PST 12 MOS,SUBSTANCE USE DISORDER,Original u otra,46442,98.188,False,False,False,Conservar como predictor principal
UDCCWDTIRED,FEELING TIRED/EXHAUSTED - COC WITHDRAWAL SYMPTOM PST 12 MOS,SUBSTANCE USE DISORDER,Original u otra,46442,98.188,False,False,False,Conservar como predictor principal
UDCCWORKPRB,COCAINE CAUSE SERIOUS PRBS AT HOME/WORK/SCH PST 12 MOS,SUBSTANCE USE DISORDER,Original u otra,47247,99.89,False,False,False,Conservar como predictor principal
UDCCWSHSTOP,OFTEN WISH CUT DOWN OR STOP COCAINE USE PAST 12 MOS,SUBSTANCE USE DISORDER,Original u otra,46930,99.22,False,False,False,Conservar como predictor principal
UDHAFMLYCTD,CONTD HALLUC USE DESPITE HAL CAUSE ARGUMENTS W/FAM/FRNDS,SUBSTANCE USE DISORDER,Original u otra,44748,94.607,False,False,False,Conservar como predictor principal
UDHAFMLYPRB,HALLUC CAUSE ARGUMENTS/PROBS W/FAMILY/FRIENDS PST 12 MOS,SUBSTANCE USE DISORDER,Original u otra,47030,99.431,False,False,False,Conservar como predictor principal
UDHAGETHURT,HALLUC USE INCREASED CHANCE GETTING HURT PST 12 MOS,SUBSTANCE USE DISORDER,Original u otra,47028,99.427,False,False,False,Conservar como predictor principal
UDHAHLTHCTD,CONTD TO USE HALLUC DESPITE HALLUC CAUSE/WORSEN PHYS PRBS,SUBSTANCE USE DISORDER,Original u otra,44734,94.577,False,False,False,Conservar como predictor principal
UDHAHLTHPRB,ANY LONG-LASTING PHYS PRBS CAUSED/WORSND BY HAL PST 12 MOS,SUBSTANCE USE DISORDER,Original u otra,47030,99.431,False,False,False,Conservar como predictor principal
UDHALESSEFF,SAME AMT HALLUC HAS LESS EFFECT THAN IT USED TO,SUBSTANCE USE DISORDER,Original u otra,46973,99.311,False,False,False,Conservar como predictor principal
UDHALRGAMTS,USED HAL LARGER AMTS OR LONGER TIME THAN MEANT TO PST 12 MOS,SUBSTANCE USE DISORDER,Original u otra,47032,99.436,False,False,False,Conservar como predictor principal
UDHAMNTLCTD,CONTD HALLUC USE DESPITE HAL CSE/WRSN EMOT/MNTL HLTH PRBS,SUBSTANCE USE DISORDER,Original u otra,44756,94.624,False,False,False,Conservar como predictor principal
UDHAMNTLPRB,ANY EMOT/MNTL HLTH PRBS CAUSED/WORSND BY HALLUC PAST 12 MOS,SUBSTANCE USE DISORDER,Original u otra,47014,99.397,False,False,False,Conservar como predictor principal
UDHANEEDMOR,NEEDED A LOT MORE HALLUC TO GET FEELING YOU WANT,SUBSTANCE USE DISORDER,Original u otra,47030,99.431,False,False,False,Conservar como predictor principal
UDHANOTSTOP,UNABLE TO CUT/STOP HALLUC MORE THAN ONE TIME PAST 12 MOS,SUBSTANCE USE DISORDER,Original u otra,44890,94.907,False,False,False,Conservar como predictor principal
UDHASTOPACT,LESS ACTIVITIES B/C OF HALLUC USE PAST 12 MOS,SUBSTANCE USE DISORDER,Original u otra,47029,99.429,False,False,False,Conservar como predictor principal
UDHASTRURGE,STRONG URGE TO USE HALLUC IN PAST 12 MOS,SUBSTANCE USE DISORDER,Original u otra,46981,99.328,False,False,False,Conservar como predictor principal
UDHATIMEGET,SPENT GREAT DEAL TIME TRY TO GET/GETTING HAL IN PST 12 MOS,SUBSTANCE USE DISORDER,Original u otra,46970,99.304,False,False,False,Conservar como predictor principal
UDHATIMEUSE,SPENT GREAT DEAL OF TIME USING/FEEL EFF OF HAL PST 12 MOS,SUBSTANCE USE DISORDER,Original u otra,47031,99.433,False,False,False,Conservar como predictor principal
UDHATRYSTOP,TRY TO CUT DOWN/STOP HALLUC USE IN PAST 12 MOS,SUBSTANCE USE DISORDER,Original u otra,47027,99.425,False,False,False,Conservar como predictor principal
UDHAWANTBAD,WANTED TO USE HALLUC SO BADLY IN PAST 12 MOS,SUBSTANCE USE DISORDER,Original u otra,47032,99.436,False,False,False,Conservar como predictor principal
UDHAWORKPRB,HALLUC CAUSE SERIOUS PRBS AT HOME/WORK/SCH PST 12 MOS,SUBSTANCE USE DISORDER,Original u otra,47030,99.431,False,False,False,Conservar como predictor principal
UDHAWSHSTOP,OFTEN WISH CUT DOWN OR STOP HALLUC PAST 12 MOS,SUBSTANCE USE DISORDER,Original u otra,46850,99.051,False,False,False,Conservar como predictor principal
UDHEAVOIDWD,USE HEROIN TO GET OVER/AVOID HEROIN WITHDRAWAL IN PST 12 MOS,SUBSTANCE USE DISORDER,Original u otra,47274,99.947,False,False,False,Conservar como predictor principal
UDHEAVWHERN,USED HEROIN TO GET OVER/AVOID HER WITHDRAWAL IN PST 12 MOS,SUBSTANCE USE DISORDER,Original u otra,47207,99.805,False,False,False,Conservar como predictor principal
UDHEAVWOTHR,USED SOMETHING ELSE TO GET OVR/AVD HER WITHDRAWAL PST 12 MOS,SUBSTANCE USE DISORDER,Original u otra,47206,99.803,False,False,False,Conservar como predictor principal
UDHEAVWPNRL,USED PN RLVR TO GET OVER/AVOID HER WITHDRAWAL IN PST 12 MOS,SUBSTANCE USE DISORDER,Original u otra,47194,99.778,False,False,False,Conservar como predictor principal
UDHEFMLYCTD,CONTD HEROIN DESPITE HEROIN CAUSE ARGUMENTS W/FAM/FRNDS,SUBSTANCE USE DISORDER,Original u otra,47200,99.791,False,False,False,Conservar como predictor principal
UDHEFMLYPRB,HEROIN CAUSE ARGUMENTS/PROBS W/FAMILY/FRIENDS PST 12 MOS,SUBSTANCE USE DISORDER,Original u otra,47274,99.947,False,False,False,Conservar como predictor principal
UDHEGETHURT,HEROIN INCREASED CHANCE GETTING HURT PST 12 MOS,SUBSTANCE USE DISORDER,Original u otra,47274,99.947,False,False,False,Conservar como predictor principal
UDHEHLTHCTD,CONTD TO USE HEROIN DESPITE HEROIN CAUSE/WORSEN PHYS PRBS,SUBSTANCE USE DISORDER,Original u otra,47181,99.751,False,False,False,Conservar como predictor principal
UDHEHLTHPRB,ANY LONG-LASTING PHYS PRBS CAUSED/WORSND BY HEROIN PST 12MOS,SUBSTANCE USE DISORDER,Original u otra,47275,99.949,False,False,False,Conservar como predictor principal
UDHELESSEFF,SAME AMT HEROIN HAS LESS EFFECT THAN IT USED TO,SUBSTANCE USE DISORDER,Original u otra,47193,99.776,False,False,False,Conservar como predictor principal
UDHELRGAMTS,USED HER LARGER AMTS OR LONGER TIME THAN MEANT TO PST 12 MOS,SUBSTANCE USE DISORDER,Original u otra,47275,99.949,False,False,False,Conservar como predictor principal
UDHEMNTLCTD,CONTD HEROIN USE DESPITE HEROIN CSE/WRSN EMOT/MNTL HLTH PRBS,SUBSTANCE USE DISORDER,Original u otra,47147,99.679,False,False,False,Conservar como predictor principal
UDHEMNTLPRB,ANY EMOT/MNTL HLTH PRBS CAUSED/WORSND BY HEROIN PAST 12 MOS,SUBSTANCE USE DISORDER,Original u otra,47222,99.837,False,False,False,Conservar como predictor principal
UDHENEEDMOR,NEEDED A LOT MORE HEROIN TO GET FEELING YOU WANT,SUBSTANCE USE DISORDER,Original u otra,47274,99.947,False,False,False,Conservar como predictor principal
UDHENOTSTOP,UNABLE TO CUT/STOP HEROIN USE MORE THAN ONE TIME PAST 12 MOS,SUBSTANCE USE DISORDER,Original u otra,47217,99.827,False,False,False,Conservar como predictor principal
UDHESTOPACT,LESS ACTIVITIES B/C OF HEROIN USE PAST 12 MOS,SUBSTANCE USE DISORDER,Original u otra,47274,99.947,False,False,False,Conservar como predictor principal
UDHESTRURGE,STRONG URGE TO USE HEROIN IN PAST 12 MOS,SUBSTANCE USE DISORDER,Original u otra,47184,99.757,False,False,False,Conservar como predictor principal
UDHETIMEGET,SPENT GREAT DEAL TIME TRY TO GET/GETTING HEROIN PST 12 MOS,SUBSTANCE USE DISORDER,Original u otra,47189,99.767,False,False,False,Conservar como predictor principal
UDHETIMEUSE,SPENT GREAT DEAL OF TIME USING/FEEL EFF OF HEROIN PST 12 MOS,SUBSTANCE USE DISORDER,Original u otra,47275,99.949,False,False,False,Conservar como predictor principal
UDHETRYSTOP,TRY TO CUT DOWN/STOP HEROIN USE IN PAST 12 MOS,SUBSTANCE USE DISORDER,Original u otra,47275,99.949,False,False,False,Conservar como predictor principal
UDHEWANTBAD,WANTED TO USE HEROIN SO BADLY IN PAST 12 MOS,SUBSTANCE USE DISORDER,Original u otra,47275,99.949,False,False,False,Conservar como predictor principal
UDHEWDCRAMP,HAVING MUSCLE CRAMPS/ACHES-HER WITHDRAWAL SYMPTOM PST 12 MOS,SUBSTANCE USE DISORDER,Original u otra,47274,99.947,False,False,False,Conservar como predictor principal
UDHEWDDIARR,HAVING DIARRHEA - HEROIN WITHDRAWAL SYMPTOM PST 12 MOS,SUBSTANCE USE DISORDER,Original u otra,47273,99.945,False,False,False,Conservar como predictor principal
UDHEWDFEVER,HAVING FEVER - HEROIN WITHDRAWAL SYMPTOM PST 12 MOS,SUBSTANCE USE DISORDER,Original u otra,47272,99.943,False,False,False,Conservar como predictor principal
UDHEWDFLBLU,FEELING BLUE/DOWN - HEROIN WITHDRAWAL SYMPTOM PST 12 MOS,SUBSTANCE USE DISORDER,Original u otra,47273,99.945,False,False,False,Conservar como predictor principal
UDHEWDRUNNY,TEARY EYES/RUNNY NOSE - HER WITHDRAWAL SYMPTOM PST 12 MOS,SUBSTANCE USE DISORDER,Original u otra,47273,99.945,False,False,False,Conservar como predictor principal
UDHEWDSLEEP,HAVING TRBL SLEEPING - HEROIN WITHDRAWAL SYMPTOM PST 12 MOS,SUBSTANCE USE DISORDER,Original u otra,47273,99.945,False,False,False,Conservar como predictor principal
UDHEWDSWEAT,SWEATY/LRG PUPILS/HAIR STNDING UP-HER W/DRWAL SYM PST 12 MOS,SUBSTANCE USE DISORDER,Original u otra,47274,99.947,False,False,False,Conservar como predictor principal
UDHEWDVOMIT,VOMITING/NAUSEOUS - HEROIN WITHDRAWAL SYMPTOM PST 12 MOS,SUBSTANCE USE DISORDER,Original u otra,47273,99.945,False,False,False,Conservar como predictor principal
UDHEWDYAWNS,YAWNING - HEROIN WITHDRAWAL SYMPTOM PST 12 MOS,SUBSTANCE USE DISORDER,Original u otra,47274,99.947,False,False,False,Conservar como predictor principal
UDHEWORKPRB,HEROIN CAUSE SERIOUS PRBS AT HOME/WORK/SCH PST 12 MOS,SUBSTANCE USE DISORDER,Original u otra,47274,99.947,False,False,False,Conservar como predictor principal
UDHEWSHSTOP,OFTEN WISH CUT DOWN OR STOP HEROIN USE PAST 12 MOS,SUBSTANCE USE DISORDER,Original u otra,47183,99.755,False,False,False,Conservar como predictor principal
UDINFMLYCTD,CONTD INHALANT USE DESPITE INH CAUSE ARGUMENTS W/FAM/FRNDS,SUBSTANCE USE DISORDER,Original u otra,46632,98.59,False,False,False,Conservar como predictor principal
UDINFMLYPRB,INHALANTS CAUSE ARGUMENTS/PROBS W/FAMILY/FRIENDS PST 12 MOS,SUBSTANCE USE DISORDER,Original u otra,47172,99.731,False,False,False,Conservar como predictor principal
UDINGETHURT,INHALANT USE INCREASED CHANCE GETTING HURT PST 12 MOS,SUBSTANCE USE DISORDER,Original u otra,47172,99.731,False,False,False,Conservar como predictor principal
UDINHLTHCTD,CONTD TO USE INHALANTS DESPITE INH CAUSE/WORSEN PHYS PRBS,SUBSTANCE USE DISORDER,Original u otra,46638,98.603,False,False,False,Conservar como predictor principal
UDINHLTHPRB,ANY LONG-LASTING PHYS PRBS CAUSED/WORSND BY INH PST 12 MOS,SUBSTANCE USE DISORDER,Original u otra,47171,99.729,False,False,False,Conservar como predictor principal
UDINLESSEFF,SAME AMT INHALANTS HAS LESS EFFECT THAN IT USED TO,SUBSTANCE USE DISORDER,Original u otra,47129,99.641,False,False,False,Conservar como predictor principal
UDINLRGAMTS,USED INH LARGER AMTS OR LONGER TIME THAN MEANT TO PST 12 MOS,SUBSTANCE USE DISORDER,Original u otra,47172,99.731,False,False,False,Conservar como predictor principal
UDINMNTLCTD,CONTD INH USE DESPITE INH CSE/WRSN EMOT/MNTL HLTH PRBS,SUBSTANCE USE DISORDER,Original u otra,46622,98.569,False,False,False,Conservar como predictor principal
UDINMNTLPRB,ANY EMOT/MNTL HLTH PRBS CAUSED/WORSND BY INH PAST 12 MOS,SUBSTANCE USE DISORDER,Original u otra,47153,99.691,False,False,False,Conservar como predictor principal
UDINNEEDMOR,NEEDED A LOT MORE INHALANTS TO GET FEELING YOU WANT,SUBSTANCE USE DISORDER,Original u otra,47172,99.731,False,False,False,Conservar como predictor principal
UDINNOTSTOP,UNABLE TO CUT/STOP INH USE MORE THAN ONE TIME PAST 12 MOS,SUBSTANCE USE DISORDER,Original u otra,46701,98.736,False,False,False,Conservar como predictor principal
UDINSTOPACT,LESS ACTIVITIES B/C OF INHALANT USE PAST 12 MOS,SUBSTANCE USE DISORDER,Original u otra,47173,99.734,False,False,False,Conservar como predictor principal
UDINSTRURGE,STRONG URGE TO USE INHALANTS IN PAST 12 MOS,SUBSTANCE USE DISORDER,Original u otra,47147,99.679,False,False,False,Conservar como predictor principal
UDINTIMEGET,SPENT GREAT DEAL TIME TRY TO GET/GETTING INH IN PST 12 MOS,SUBSTANCE USE DISORDER,Original u otra,47142,99.668,False,False,False,Conservar como predictor principal
UDINTIMEUSE,SPENT GREAT DEAL OF TIME USING/FEEL EFF OF INH PST 12 MOS,SUBSTANCE USE DISORDER,Original u otra,47172,99.731,False,False,False,Conservar como predictor principal
UDINTRYSTOP,TRY TO CUT DOWN/STOP INHALANT USE IN PAST 12 MOS,SUBSTANCE USE DISORDER,Original u otra,47170,99.727,False,False,False,Conservar como predictor principal
UDINWANTBAD,WANTED TO USE INHALANTS SO BADLY IN PAST 12 MOS,SUBSTANCE USE DISORDER,Original u otra,47172,99.731,False,False,False,Conservar como predictor principal
UDINWORKPRB,INHALANTS CAUSE SERIOUS PRBS AT HOME/WORK/SCH PST 12 MOS,SUBSTANCE USE DISORDER,Original u otra,47172,99.731,False,False,False,Conservar como predictor principal
UDINWSHSTOP,OFTEN WISH CUT DOWN OR STOP INH USE PAST 12 MOS,SUBSTANCE USE DISORDER,Original u otra,47086,99.55,False,False,False,Conservar como predictor principal
UDMEAVOIDWD,USE METH TO GET OVER/AVOID METH WITHDRAWAL IN PST 12 MOS,SUBSTANCE USE DISORDER,Original u otra,47241,99.877,False,False,False,Conservar como predictor principal
UDMEAVWCOCN,USED COC/CRK TO GET OVER/AVOID METH WITHDRAWAL IN PST 12 MOS,SUBSTANCE USE DISORDER,Original u otra,46867,99.087,False,False,False,Conservar como predictor principal
UDMEAVWMETH,USED METH TO GET OVER/AVOID METH WITHDRAWAL IN PST 12 MOS,SUBSTANCE USE DISORDER,Original u otra,46867,99.087,False,False,False,Conservar como predictor principal
UDMEAVWOTHR,USED SOMTHING ELSE TO GET OVR/AVD METH WITHDRAWAL PST 12 MOS,SUBSTANCE USE DISORDER,Original u otra,46866,99.085,False,False,False,Conservar como predictor principal
UDMEAVWSTIM,USED STM TO GET OVER/AVOID METH WITHDRAWAL IN PST 12 MOS,SUBSTANCE USE DISORDER,Original u otra,46866,99.085,False,False,False,Conservar como predictor principal
UDMEFMLYCTD,CONTD METH USE DESPITE METH CAUSE ARGUMENTS W/FAM/FRNDS,SUBSTANCE USE DISORDER,Original u otra,46921,99.201,False,False,False,Conservar como predictor principal
UDMEFMLYPRB,METH CAUSE ARGUMENTS/PROBS W/FAMILY/FRIENDS PST 12 MOS,SUBSTANCE USE DISORDER,Original u otra,47242,99.879,False,False,False,Conservar como predictor principal
UDMEGETHURT,METH INCREASED CHANCE GETTING HURT PST 12 MOS,SUBSTANCE USE DISORDER,Original u otra,47242,99.879,False,False,False,Conservar como predictor principal
UDMEHLTHCTD,CONTD TO USE METH DESPITE METH CAUSE/WORSEN PHYS PRBS,SUBSTANCE USE DISORDER,Original u otra,46868,99.089,False,False,False,Conservar como predictor principal
UDMEHLTHPRB,ANY LONG-LASTING PHYS PRBS CAUSED/WORSND BY METH PST 12 MOS,SUBSTANCE USE DISORDER,Original u otra,47243,99.882,False,False,False,Conservar como predictor principal
UDMELESSEFF,SAME AMT METH HAS LESS EFFECT THAN IT USED TO,SUBSTANCE USE DISORDER,Original u otra,47029,99.429,False,False,False,Conservar como predictor principal
UDMELRGAMTS,USED METH LARGER AMTS OR LONGER TIME THAN MEANT TO PST 12 MO,SUBSTANCE USE DISORDER,Original u otra,47244,99.884,False,False,False,Conservar como predictor principal
UDMEMNTLCTD,CONTD METH USE DESPITE METH CSE/WRSN EMOT/MNTL HLTH PRBS,SUBSTANCE USE DISORDER,Original u otra,46797,98.939,False,False,False,Conservar como predictor principal
UDMEMNTLPRB,ANY EMOT/MNTL HLTH PRBS CAUSED/WORSND BY METH PAST 12 MOS,SUBSTANCE USE DISORDER,Original u otra,47115,99.611,False,False,False,Conservar como predictor principal
UDMENEEDMOR,NEEDED A LOT MORE METH TO GET FEELING YOU WANT,SUBSTANCE USE DISORDER,Original u otra,47244,99.884,False,False,False,Conservar como predictor principal
UDMENOTSTOP,UNABLE TO CUT/STOP METH MORE THAN ONE TIME PAST 12 MOS,SUBSTANCE USE DISORDER,Original u otra,47012,99.393,False,False,False,Conservar como predictor principal
UDMESTOPACT,LESS ACTIVITIES B/C OF METH USE PAST 12 MOS,SUBSTANCE USE DISORDER,Original u otra,47243,99.882,False,False,False,Conservar como predictor principal
UDMESTRURGE,STRONG URGE TO USE METH IN PAST 12 MOS,SUBSTANCE USE DISORDER,Original u otra,47033,99.438,False,False,False,Conservar como predictor principal
UDMETIMEGET,SPENT GREAT DEAL TIME TRY TO GET/GETTING METH IN PST 12 MOS,SUBSTANCE USE DISORDER,Original u otra,46964,99.292,False,False,False,Conservar como predictor principal
UDMETIMEUSE,SPENT GREAT DEAL OF TIME USING/FEEL EFF OF METH PST 12 MOS,SUBSTANCE USE DISORDER,Original u otra,47243,99.882,False,False,False,Conservar como predictor principal
UDMETRYSTOP,TRY TO CUT DOWN/STOP METH USE IN PAST 12 MOS,SUBSTANCE USE DISORDER,Original u otra,47244,99.884,False,False,False,Conservar como predictor principal
UDMEWANTBAD,WANTED TO USE METH SO BADLY IN PAST 12 MOS,SUBSTANCE USE DISORDER,Original u otra,47244,99.884,False,False,False,Conservar como predictor principal
UDMEWDDREAM,HAVING BAD DREAMS - METH WITHDRAWAL SYMPTOM PST 12 MOS,SUBSTANCE USE DISORDER,Original u otra,46968,99.3,False,False,False,Conservar como predictor principal
UDMEWDFLBLU,FELT BLUE OR DOWN AFTER USING LESS OR STOPPING METH,SUBSTANCE USE DISORDER,Original u otra,47242,99.879,False,False,False,Conservar como predictor principal
UDMEWDHNGRY,FEELING HUNGRY -  METH WITHDRAWAL SYMPTOM PST 12 MOS,SUBSTANCE USE DISORDER,Original u otra,46968,99.3,False,False,False,Conservar como predictor principal
UDMEWDSITST,FEELING SLOWED DOWN/RESTLESS -MTH W/DRAWL SYMPTOM PST 12 MOS,SUBSTANCE USE DISORDER,Original u otra,46968,99.3,False,False,False,Conservar como predictor principal
UDMEWDSLEEP,TROUBLE/MORE SLEEP - METH WITHDRAWAL SYMPTOM PST 12 MOS,SUBSTANCE USE DISORDER,Original u otra,46968,99.3,False,False,False,Conservar como predictor principal
UDMEWDTIRED,FEELING TIRED/EXHAUSTED - METH WITHDRAWAL SYMPTOM PST 12 MOS,SUBSTANCE USE DISORDER,Original u otra,46968,99.3,False,False,False,Conservar como predictor principal
UDMEWORKPRB,METH CAUSE SERIOUS PRBS AT HOME/WORK/SCH PST 12 MOS,SUBSTANCE USE DISORDER,Original u otra,47242,99.879,False,False,False,Conservar como predictor principal
UDMEWSHSTOP,OFTEN WISH CUT DOWN OR STOP METH USE PAST 12 MOS,SUBSTANCE USE DISORDER,Original u otra,46945,99.252,False,False,False,Conservar como predictor principal
UDMJAVOIDWD,USE MJ/DRG TO GET OVER/AVOID MJ WITHDRAWAL IN PST 12 MOS,SUBSTANCE USE DISORDER,Original u otra,47052,99.478,False,False,False,Conservar como predictor principal
UDMJAVWMARJ,USED MARIJUANA TO GET OVER/AVOID MJ WITHDRAWAL IN PST 12 MOS,SUBSTANCE USE DISORDER,Original u otra,37077,78.389,False,False,False,Conservar como predictor principal
UDMJAVWOTHR,USED SOMETHING ELSE TO GET OVR/AVD MJ WITHDRAWAL PST 12 MOS,SUBSTANCE USE DISORDER,Original u otra,37073,78.38,False,False,False,Conservar como predictor principal
UDMJFMLYCTD,CONTD MARIJUANA USE DESPITE MJ CAUSE ARGUMENTS W/FAM/FRNDS,SUBSTANCE USE DISORDER,Original u otra,36846,77.9,False,False,False,Conservar como predictor principal
UDMJFMLYPRB,MARIJUANA CAUSE ARGUMENTS/PROBS W/FAMILY/FRIENDS PST 12 MOS,SUBSTANCE USE DISORDER,Original u otra,47053,99.48,False,False,False,Conservar como predictor principal
UDMJGETHURT,MARIJUANA USE INCREASED CHANCE GETTING HURT PST 12 MOS,SUBSTANCE USE DISORDER,Original u otra,47053,99.48,False,False,False,Conservar como predictor principal
UDMJHLTHCTD,CONTD TO USE MARIJUANA DESPITE MJ CAUSE/WORSEN PHYS PRBS,SUBSTANCE USE DISORDER,Original u otra,36868,77.947,False,False,False,Conservar como predictor principal
UDMJHLTHPRB,ANY LONG-LASTING PHYS PRBS CAUSED/WORSND BY MJ PST 12 MOS,SUBSTANCE USE DISORDER,Original u otra,47058,99.49,False,False,False,Conservar como predictor principal
UDMJLESSEFF,SAME AMT MARIJUANA HAS LESS EFFECT THAN IT USED TO,SUBSTANCE USE DISORDER,Original u otra,44864,94.852,False,False,False,Conservar como predictor principal
UDMJLRGAMTS,USED MJ LARGER AMTS OR LONGER TIME THAN MEANT TO PST 12 MOS,SUBSTANCE USE DISORDER,Original u otra,47061,99.497,False,False,False,Conservar como predictor principal
UDMJMNTLCTD,CONTD MARIJUANA USE DESPITE MJ CSE/WRSN EMOT/MNTL HLTH PRBS,SUBSTANCE USE DISORDER,Original u otra,36930,78.078,False,False,False,Conservar como predictor principal
UDMJMNTLPRB,ANY EMOT/MNTL HLTH PRBS CAUSED/WORSND BY MJ PAST 12 MOS,SUBSTANCE USE DISORDER,Original u otra,46699,98.731,False,False,False,Conservar como predictor principal
UDMJNEEDMOR,NEEDED A LOT MORE MARIJUANA TO GET FEELING YOU WANT,SUBSTANCE USE DISORDER,Original u otra,47060,99.495,False,False,False,Conservar como predictor principal
UDMJNOTSTOP,UNABLE TO CUT/STOP MJ USE MORE THAN ONE TIME PAST 12 MOS,SUBSTANCE USE DISORDER,Original u otra,39755,84.05,False,False,False,Conservar como predictor principal
UDMJSTOPACT,LESS ACTIVITIES B/C OF MARIJUANA USE PAST 12 MOS,SUBSTANCE USE DISORDER,Original u otra,47051,99.476,False,False,False,Conservar como predictor principal
UDMJSTRURGE,STRONG URGE TO USE MARIJUANA IN PAST 12 MOS,SUBSTANCE USE DISORDER,Original u otra,45681,96.579,False,False,False,Conservar como predictor principal
UDMJTIMEGET,SPENT GREAT DEAL TIME TRY TO GET/GETTING MJ IN PST 12 MOS,SUBSTANCE USE DISORDER,Original u otra,42688,90.251,False,False,False,Conservar como predictor principal
UDMJTIMEUSE,SPENT GREAT DEAL OF TIME USING/FEEL EFF OF MJ PST 12 MOS,SUBSTANCE USE DISORDER,Original u otra,47060,99.495,False,False,False,Conservar como predictor principal
UDMJTRYSTOP,TRY TO CUT DOWN/STOP MARIJUANA USE IN PAST 12 MOS,SUBSTANCE USE DISORDER,Original u otra,47054,99.482,False,False,False,Conservar como predictor principal
UDMJWANTBAD,WANTED TO USE MARIJUANA SO BADLY IN PAST 12 MOS,SUBSTANCE USE DISORDER,Original u otra,47064,99.503,False,False,False,Conservar como predictor principal
UDMJWDANGRY,FEELING IRRITABLE OR ANGRY-MJ WITHDRAWAL SYMPTOM PST 12 MOS,SUBSTANCE USE DISORDER,Original u otra,47049,99.471,False,False,False,Conservar como predictor principal
UDMJWDAPPET,LOSING APPETITE OR WEIGHT - MJ WITHDRAWAL SYMPTOM PST 12 MOS,SUBSTANCE USE DISORDER,Original u otra,47047,99.467,False,False,False,Conservar como predictor principal
UDMJWDCHILL,CHILLS - MJ WITHDRAWAL SYMPTOM PST 12 MOS,SUBSTANCE USE DISORDER,Original u otra,47049,99.471,False,False,False,Conservar como predictor principal
UDMJWDDEPRS,FEELING DEPRESSED - MJ WITHDRAWAL SYMPTOM PST 12 MOS,SUBSTANCE USE DISORDER,Original u otra,47043,99.459,False,False,False,Conservar como predictor principal
UDMJWDFEVER,FEVER - MJ WITHDRAWAL SYMPTOM PST 12 MOS,SUBSTANCE USE DISORDER,Original u otra,47050,99.474,False,False,False,Conservar como predictor principal
UDMJWDFLANX,FEELING ANXIOUS/NERVOUS - MJ WITHDRAWAL SYMPTOM PST 12 MOS,SUBSTANCE USE DISORDER,Original u otra,47048,99.469,False,False,False,Conservar como predictor principal
UDMJWDHEDAC,HEADACHE - MJ WITHDRAWAL SYMPTOM PST 12 MOS,SUBSTANCE USE DISORDER,Original u otra,47046,99.465,False,False,False,Conservar como predictor principal
UDMJWDSHAKE,SHAKING OR TREMORS - MJ WITHDRAWAL SYMPTOM PST 12 MOS,SUBSTANCE USE DISORDER,Original u otra,47049,99.471,False,False,False,Conservar como predictor principal
UDMJWDSITST,COULDN'T SIT STILL - MJ WITHDRAWAL SYMPTOM PST 12 MOS,SUBSTANCE USE DISORDER,Original u otra,47048,99.469,False,False,False,Conservar como predictor principal
UDMJWDSLEEP,HAVING TROUBLE SLEEPING - MJ WITHDRAWAL SYMPTOM PST 12 MOS,SUBSTANCE USE DISORDER,Original u otra,47045,99.463,False,False,False,Conservar como predictor principal
UDMJWDSTMCH,STOMACH ACHE - MJ WITHDRAWAL SYMPTOM PST 12 MOS,SUBSTANCE USE DISORDER,Original u otra,47050,99.474,False,False,False,Conservar como predictor principal
UDMJWDSWEAT,SWEATING - MJ WITHDRAWAL SYMPTOM PST 12 MOS,SUBSTANCE USE DISORDER,Original u otra,47050,99.474,False,False,False,Conservar como predictor principal
UDMJWORKPRB,MARIJUANA CAUSE SERIOUS PRBS AT HOME/WORK/SCH PST 12 MOS,SUBSTANCE USE DISORDER,Original u otra,47053,99.48,False,False,False,Conservar como predictor principal
UDMJWSHSTOP,OFTEN WISH CUT DOWN OR STOP MJ USE PAST 12 MOS,SUBSTANCE USE DISORDER,Original u otra,43715,92.423,False,False,False,Conservar como predictor principal
UDPRAVOIDWD2,USE PN RLVR TO GET OVER/AVOID PR WITHDRAWAL IN PST 12 MOS,SUBSTANCE USE DISORDER,Original u otra,46964,99.292,False,False,False,Conservar como predictor principal
UDPRAVWHERN2,USED HEROIN TO GET OVER/AVOID PR WITHDRAWAL IN PST 12 MOS,SUBSTANCE USE DISORDER,Original u otra,37013,78.253,False,False,False,Conservar como predictor principal
UDPRAVWOTHR2,USED SOMETHING ELSE TO GET OVR/AVD PR WITHDRAWAL PST 12 MOS,SUBSTANCE USE DISORDER,Original u otra,37013,78.253,False,False,False,Conservar como predictor principal
UDPRAVWPNRL2,USED PN RLVR TO GET OVER/AVOID PR WITHDRAWAL IN PST 12 MOS,SUBSTANCE USE DISORDER,Original u otra,36992,78.209,False,False,False,Conservar como predictor principal
UDPRFMLYCTD2,CONTD PN RLVR USE DESPITE PR CAUSE ARGUMENTS W/FAM/FRNDS,SUBSTANCE USE DISORDER,Original u otra,36947,78.114,False,False,False,Conservar como predictor principal
UDPRFMLYPRB2,PN RLVR CAUSE ARGUMENTS/PROBS W/FAMILY/FRIENDS PST 12 MOS,SUBSTANCE USE DISORDER,Original u otra,46961,99.285,False,False,False,Conservar como predictor principal
UDPRGETHURT2,PN RLVR INCREASED CHANCE GETTING HURT PST 12 MOS,SUBSTANCE USE DISORDER,Original u otra,46961,99.285,False,False,False,Conservar como predictor principal
UDPRHLTHCTD2,CONTD TO USE PN RLVR DESPITE PN RLVR CAUSE/WORSEN PHYS PRBS,SUBSTANCE USE DISORDER,Original u otra,36978,78.179,False,False,False,Conservar como predictor principal
UDPRHLTHPRB2,ANY LONG-LASTING PHYS PRBS CAUSED/WORSND BY PR PST 12 MOS,SUBSTANCE USE DISORDER,Original u otra,46956,99.275,False,False,False,Conservar como predictor principal
UDPRLESSEFF2,SAME AMT PN RLVR HAS LESS EFFECT THAN IT USED TO,SUBSTANCE USE DISORDER,Original u otra,46615,98.554,False,False,False,Conservar como predictor principal
UDPRLRGAMTS2,USED PR LARGER AMTS OR LONGER TIME THAN MEANT TO PST 12 MOS,SUBSTANCE USE DISORDER,Original u otra,46978,99.321,False,False,False,Conservar como predictor principal
UDPRMNTLCTD2,CONTD PN RLVR USE DESPITE PR CSE/WRSN EMOT/MNTL HLTH PRBS,SUBSTANCE USE DISORDER,Original u otra,36898,78.01,False,False,False,Conservar como predictor principal
UDPRMNTLPRB2,ANY EMOT/MNTL HLTH PRBS CAUSED/WORSND BY PN RLVR PAST 12 MOS,SUBSTANCE USE DISORDER,Original u otra,46852,99.055,False,False,False,Conservar como predictor principal
UDPRNEEDMOR2,NEEDED A LOT MORE PN RLVR TO GET FEELING YOU WANT,SUBSTANCE USE DISORDER,Original u otra,46978,99.321,False,False,False,Conservar como predictor principal
UDPRNOTSTOP2,UNABLE TO CUT/STOP PN RLVR MORE THAN ONE TIME PAST 12 MOS,SUBSTANCE USE DISORDER,Original u otra,38361,81.103,False,False,False,Conservar como predictor principal
UDPRSTOPACT2,LESS ACTIVITIES B/C OF PN RLVR USE PAST 12 MOS,SUBSTANCE USE DISORDER,Original u otra,46961,99.285,False,False,False,Conservar como predictor principal
UDPRSTRURGE2,STRONG URGE TO USE PN RLVR IN PAST 12 MOS,SUBSTANCE USE DISORDER,Original u otra,46673,98.677,False,False,False,Conservar como predictor principal
UDPRTIMEGET2,SPENT GREAT DEAL TIME TRY TO GET/GETTING PR IN PST 12 MOS,SUBSTANCE USE DISORDER,Original u otra,46285,97.856,False,False,False,Conservar como predictor principal
UDPRTIMEUSE2,SPENT GREAT DEAL OF TIME USING/FEEL EFF OF PN RLVR PST 12 MO,SUBSTANCE USE DISORDER,Original u otra,46956,99.275,False,False,False,Conservar como predictor principal
UDPRTRYSTOP2,TRY TO CUT DOWN/STOP PN RLVR IN PAST 12 MOS,SUBSTANCE USE DISORDER,Original u otra,46917,99.192,False,False,False,Conservar como predictor principal
UDPRWANTBAD2,WANTED TO USE PN RLVR SO BADLY IN PAST 12 MOS,SUBSTANCE USE DISORDER,Original u otra,46976,99.317,False,False,False,Conservar como predictor principal
UDPRWDCRAMP2,MUSCLE CRAMPS/ACHES - PN RLVR WITHDRAWAL SYMPTOM PST 12 MOS,SUBSTANCE USE DISORDER,Original u otra,46939,99.239,False,False,False,Conservar como predictor principal
UDPRWDDIARR2,HAVING DIARRHEA -  PN RLVR WITHDRAWAL SYMPTOM PST 12 MOS,SUBSTANCE USE DISORDER,Original u otra,46937,99.235,False,False,False,Conservar como predictor principal
UDPRWDFEVER2,HAVING FEVER - PN RLVR WITHDRAWAL SYMPTOM PST 12 MOS,SUBSTANCE USE DISORDER,Original u otra,46941,99.243,False,False,False,Conservar como predictor principal
UDPRWDFLBLU2,FEELING BLUE/DOWN - PN RLVR WITHDRAWAL SYMPTOM PST 12 MOS,SUBSTANCE USE DISORDER,Original u otra,46932,99.224,False,False,False,Conservar como predictor principal
UDPRWDRUNNY2,TEARY EYES/RUNNY NOSE - PR WITHDRAWAL SYMPTOM PST 12 MOS,SUBSTANCE USE DISORDER,Original u otra,46941,99.243,False,False,False,Conservar como predictor principal
UDPRWDSLEEP2,HAVING TRBL SLEEPING - PN RLVR WITHDRAWAL SYMPTOM PST 12 MOS,SUBSTANCE USE DISORDER,Original u otra,46941,99.243,False,False,False,Conservar como predictor principal
UDPRWDSWEAT2,SWEATY/LRG PUPILS/HAIR STNDING UP-PR W/DRAWL SYMP PST 12 MOS,SUBSTANCE USE DISORDER,Original u otra,46933,99.226,False,False,False,Conservar como predictor principal
UDPRWDVOMIT2,VOMITING/NAUSEOUS - PN RLVR WITHDRAWAL SYMPTOM PST 12 MOS,SUBSTANCE USE DISORDER,Original u otra,46939,99.239,False,False,False,Conservar como predictor principal
UDPRWDYAWNS2,YAWNING - PN RLVR WITHDRAWAL SYMPTOM PST 12 MOS,SUBSTANCE USE DISORDER,Original u otra,46939,99.239,False,False,False,Conservar como predictor principal
UDPRWORKPRB2,PN RLVR CAUSE SERIOUS PRBS AT HOME/WORK/SCH PST 12 MOS,SUBSTANCE USE DISORDER,Original u otra,46962,99.288,False,False,False,Conservar como predictor principal
UDPRWSHSTOP2,OFTEN WISH CUT DOWN OR STOP PN RLVR PAST 12 MOS,SUBSTANCE USE DISORDER,Original u otra,45333,95.843,False,False,False,Conservar como predictor principal
UDSTAVOIDWD,USE STM TO GET OVER/AVOID STM WITHDRAWAL IN PST 12 MOS,SUBSTANCE USE DISORDER,Original u otra,47034,99.44,False,False,False,Conservar como predictor principal
UDSTAVWCOCN,USED COC/CRK TO GET OVER/AVOID STM WITHDRAWAL IN PST 12 MOS,SUBSTANCE USE DISORDER,Original u otra,43081,91.082,False,False,False,Conservar como predictor principal
UDSTAVWMETH,USED METH TO GET OVER/AVOID STM WITHDRAWAL IN PST 12 MOS,SUBSTANCE USE DISORDER,Original u otra,43081,91.082,False,False,False,Conservar como predictor principal
UDSTAVWOTHR,USED SOMETHING ELSE TO GET OVR/AVD STM WITHDRAWAL PST 12 MOS,SUBSTANCE USE DISORDER,Original u otra,43081,91.082,False,False,False,Conservar como predictor principal
UDSTAVWSTIM,USED STM TO GET OVER/AVOID STM WITHDRAWAL IN PST 12 MOS,SUBSTANCE USE DISORDER,Original u otra,43080,91.08,False,False,False,Conservar como predictor principal
UDSTFMLYCTD,CONTD STM DESPITE STM CAUSE ARGUMENTS W/FAM/FRNDS,SUBSTANCE USE DISORDER,Original u otra,43108,91.139,False,False,False,Conservar como predictor principal
UDSTFMLYPRB,STM CAUSE ARGUMENTS/PROBS W/FAMILY/FRIENDS PST 12 MOS,SUBSTANCE USE DISORDER,Original u otra,47033,99.438,False,False,False,Conservar como predictor principal
UDSTGETHURT,STM INCREASED CHANCE GETTING HURT PST 12 MOS,SUBSTANCE USE DISORDER,Original u otra,47034,99.44,False,False,False,Conservar como predictor principal
UDSTHLTHCTD,CONTD TO USE STM DESPITE STM CAUSE/WORSEN PHYS PRBS,SUBSTANCE USE DISORDER,Original u otra,43145,91.218,False,False,False,Conservar como predictor principal
UDSTHLTHPRB,ANY LONG-LASTING PHYS PRBS CAUSED/WORSND BY STM PST 12 MOS,SUBSTANCE USE DISORDER,Original u otra,47036,99.444,False,False,False,Conservar como predictor principal
UDSTLESSEFF,SAME AMT STM HAS LESS EFFECT THAN IT USED TO,SUBSTANCE USE DISORDER,Original u otra,46843,99.036,False,False,False,Conservar como predictor principal
UDSTLRGAMTS,USE STM LARGER AMTS OR LONGER TIME THAN MEANT TO PST 12 MOS,SUBSTANCE USE DISORDER,Original u otra,47042,99.457,False,False,False,Conservar como predictor principal
UDSTMNTLCTD,CONTD STM USE DESPITE STM CSE/WRSN EMOT/MNTL HLTH PRBS,SUBSTANCE USE DISORDER,Original u otra,43126,91.177,False,False,False,Conservar como predictor principal
UDSTMNTLPRB,ANY EMOT/MNTL HLTH PRBS CAUSED/WORSND BY STM PAST 12 MOS,SUBSTANCE USE DISORDER,Original u otra,46939,99.239,False,False,False,Conservar como predictor principal
UDSTNEEDMOR,NEEDED A LOT MORE STM TO GET FEELING YOU WANT,SUBSTANCE USE DISORDER,Original u otra,47044,99.461,False,False,False,Conservar como predictor principal
UDSTNOTSTOP,UNABLE TO CUT/STOP STM USE MORE THAN ONE TIME PAST 12 MOS,SUBSTANCE USE DISORDER,Original u otra,43476,91.917,False,False,False,Conservar como predictor principal
UDSTSTOPACT,LESS ACTIVITIES B/C OF STM USE PAST 12 MOS,SUBSTANCE USE DISORDER,Original u otra,47038,99.448,False,False,False,Conservar como predictor principal
UDSTSTRURGE,STRONG URGE TO USE STM IN PAST 12 MOS,SUBSTANCE USE DISORDER,Original u otra,46911,99.18,False,False,False,Conservar como predictor principal
UDSTTIMEGET,SPENT GREAT DEAL TIME TRY TO GET/GETTING STM IN PST 12 MOS,SUBSTANCE USE DISORDER,Original u otra,46351,97.996,False,False,False,Conservar como predictor principal
UDSTTIMEUSE,SPENT GREAT DEAL OF TIME USING/FEEL EFF OF STM PST 12 MOS,SUBSTANCE USE DISORDER,Original u otra,47032,99.436,False,False,False,Conservar como predictor principal
UDSTTRYSTOP,TRY TO CUT DOWN/STOP STM USE IN PAST 12 MOS,SUBSTANCE USE DISORDER,Original u otra,47032,99.436,False,False,False,Conservar como predictor principal
UDSTWANTBAD,WANTED TO USE STM SO BADLY IN PAST 12 MOS,SUBSTANCE USE DISORDER,Original u otra,47045,99.463,False,False,False,Conservar como predictor principal
UDSTWDDREAM,HAVING BAD DREAMS - STM WITHDRAWAL SYMPTOM PST 12 MOS,SUBSTANCE USE DISORDER,Original u otra,43434,91.829,False,False,False,Conservar como predictor principal
UDSTWDFLBLU,FELT BLUE OR DOWN AFTER USING LESS OR STOPPING STM,SUBSTANCE USE DISORDER,Original u otra,47031,99.433,False,False,False,Conservar como predictor principal
UDSTWDHNGRY,FEELING HUNGRY  -  STM WITHDRAWAL SYMPTOM PST 12 MOS,SUBSTANCE USE DISORDER,Original u otra,43433,91.826,False,False,False,Conservar como predictor principal
UDSTWDSITST,FEELING SLOWED DOWN/ -  STM W/DRAWL SYMPTOM PST 12 MOS,SUBSTANCE USE DISORDER,Original u otra,43435,91.831,False,False,False,Conservar como predictor principal
UDSTWDSLEEP,TROUBLE/MORE SLEEPING - STM WITHDRAWAL SYMPTOM PST 12 MOS,SUBSTANCE USE DISORDER,Original u otra,43435,91.831,False,False,False,Conservar como predictor principal
UDSTWDTIRED,FEELING TIRED/EXHAUSTED - STM WITHDRAWAL SYMPTOM PST 12 MOS,SUBSTANCE USE DISORDER,Original u otra,43435,91.831,False,False,False,Conservar como predictor principal
UDSTWORKPRB,STM CAUSE SERIOUS PRBS AT HOME/WORK/SCH PST 12 MOS,SUBSTANCE USE DISORDER,Original u otra,47037,99.446,False,False,False,Conservar como predictor principal
UDSTWSHSTOP,OFTEN WISH CUT DOWN OR STOP STM USE PAST 12 MOS,SUBSTANCE USE DISORDER,Original u otra,46541,98.397,False,False,False,Conservar como predictor principal
UDSVAVOIDWD,USE SED TO GET OVER/AVOID SED WITHDRAWAL IN PST 12 MOS,SUBSTANCE USE DISORDER,Original u otra,47011,99.391,False,False,False,Conservar como predictor principal
UDSVAVWALCO,USED ALC TO GET OVER/AVOID SED WITHDRAWAL IN PST 12 MOS,SUBSTANCE USE DISORDER,Original u otra,45110,95.372,False,False,False,Conservar como predictor principal
UDSVAVWOTHR,USED SOMETHING ELSE TO GET OVR/AVD SED WITHDRAWAL PST 12 MOS,SUBSTANCE USE DISORDER,Original u otra,45110,95.372,False,False,False,Conservar como predictor principal
UDSVAVWSVTR,USED SED/TR TO GET OVER/AVOID SED WITHDRWL IN PST 12 MOS,SUBSTANCE USE DISORDER,Original u otra,45110,95.372,False,False,False,Conservar como predictor principal
UDSVFMLYCTD,CONTD SED DESPITE SED CAUSE ARGUMENTS W/FAM/FRNDS,SUBSTANCE USE DISORDER,Original u otra,45111,95.374,False,False,False,Conservar como predictor principal
UDSVFMLYPRB,SED CAUSE ARGUMENTS/PROBS W/FAMILY/FRIENDS PST 12 MOS,SUBSTANCE USE DISORDER,Original u otra,47009,99.387,False,False,False,Conservar como predictor principal
UDSVGETHURT,SED INCREASED CHANCE GETTING HURT PST 12 MOS,SUBSTANCE USE DISORDER,Original u otra,47010,99.389,False,False,False,Conservar como predictor principal
UDSVHLTHCTD,CONTD TO USE SED DESPITE SED CAUSE/WORSEN PHYS PRBS,SUBSTANCE USE DISORDER,Original u otra,45102,95.355,False,False,False,Conservar como predictor principal
UDSVHLTHPRB,ANY LONG-LASTING PHYS PRBS CAUSED/WORSND BY SED PST 12 MO,SUBSTANCE USE DISORDER,Original u otra,47011,99.391,False,False,False,Conservar como predictor principal
UDSVLESSEFF,SAME AMT SED HAS LESS EFFECT THAN IT USED TO,SUBSTANCE USE DISORDER,Original u otra,46941,99.243,False,False,False,Conservar como predictor principal
UDSVLRGAMTS,USED SED LARGER AMTS OR LONGER TIME THAN MEANT TO PST 12 MOS,SUBSTANCE USE DISORDER,Original u otra,47011,99.391,False,False,False,Conservar como predictor principal
UDSVMNTLCTD,CONTD SED USE DESPITE SED CSE/WRSN EMOT/MNTL HLTH PRBS,SUBSTANCE USE DISORDER,Original u otra,45107,95.366,False,False,False,Conservar como predictor principal
UDSVMNTLPRB,ANY EMOT/MNTL HLTH PRBS CAUSED/WORSND BY SED PAST 12 MOS,SUBSTANCE USE DISORDER,Original u otra,46988,99.342,False,False,False,Conservar como predictor principal
UDSVNEEDMOR,NEEDED A LOT MORE SED TO GET FEELING YOU WANT,SUBSTANCE USE DISORDER,Original u otra,47015,99.4,False,False,False,Conservar como predictor principal
UDSVNOTSTOP,UNABLE TO CUT/STOP SED MORE THAN ONE TIME PAST 12 MOS,SUBSTANCE USE DISORDER,Original u otra,45289,95.75,False,False,False,Conservar como predictor principal
UDSVSTOPACT,LESS ACTIVITIES B/C OF SED USE PAST 12 MOS,SUBSTANCE USE DISORDER,Original u otra,47010,99.389,False,False,False,Conservar como predictor principal
UDSVSTRURGE,STRONG URGE TO USE SED IN PAST 12 MOS,SUBSTANCE USE DISORDER,Original u otra,46978,99.321,False,False,False,Conservar como predictor principal
UDSVTIMEGET,SPENT GREAT DEAL TIME TRY TO GET/GETTING SED IN PST 12 MOS,SUBSTANCE USE DISORDER,Original u otra,46900,99.156,False,False,False,Conservar como predictor principal
UDSVTIMEUSE,SPENT GREAT DEAL OF TIME USING/FEEL EFF OF SED PST 12 MOS,SUBSTANCE USE DISORDER,Original u otra,47014,99.397,False,False,False,Conservar como predictor principal
UDSVTRYSTOP,TRY TO CUT DOWN/STOP SED USE IN PAST 12 MOS,SUBSTANCE USE DISORDER,Original u otra,47010,99.389,False,False,False,Conservar como predictor principal
UDSVWANTBAD,WANTED TO USE SED SO BADLY IN PAST 12 MOS,SUBSTANCE USE DISORDER,Original u otra,47014,99.397,False,False,False,Conservar como predictor principal
UDSVWDFLANX,FEELING ANXIOUS - SED WITHDRAWAL SYMPTOM PST 12 MOS,SUBSTANCE USE DISORDER,Original u otra,47005,99.378,False,False,False,Conservar como predictor principal
UDSVWDHALUC,SEE/HEAR/FEEL THINGS - SED WITHDRAWAL SYMPTOM PST 12 MOS,SUBSTANCE USE DISORDER,Original u otra,47005,99.378,False,False,False,Conservar como predictor principal
UDSVWDSITST,COULDN'T SIT STILL - SED WITHDRAWAL SYMPTOM PST 12 MOS,SUBSTANCE USE DISORDER,Original u otra,47007,99.383,False,False,False,Conservar como predictor principal
UDSVWDSLEEP,TROUBLE SLEEPING - SED WITHDRAWAL SYMPTOM PST 12 MOS,SUBSTANCE USE DISORDER,Original u otra,47004,99.376,False,False,False,Conservar como predictor principal
UDSVWDSWEAT,SWEATY/FAST HEARTBEAT - SED WITHDRAWAL SYMPTOM PST 12 MOS,SUBSTANCE USE DISORDER,Original u otra,47005,99.378,False,False,False,Conservar como predictor principal
UDSVWDTRMBL,HANDS TREMBLE - SED WITHDRAWAL SYMPTOM PST 12 MOS,SUBSTANCE USE DISORDER,Original u otra,47005,99.378,False,False,False,Conservar como predictor principal
UDSVWDVOMIT,VOMITING/UPSET STOMACH - SED WITHDRAWAL SYMPTOM PST 12 MOS,SUBSTANCE USE DISORDER,Original u otra,47003,99.374,False,False,False,Conservar como predictor principal
UDSVWORKPRB,SED CAUSE SERIOUS PRBS AT HOME/WORK/SCH PST 12 MOS,SUBSTANCE USE DISORDER,Original u otra,47009,99.387,False,False,False,Conservar como predictor principal
UDSVWSHSTOP,OFTEN WISH CUT DOWN OR STOP SED USE PAST 12 MOS,SUBSTANCE USE DISORDER,Original u otra,46787,98.918,False,False,False,Conservar como predictor principal
UDTRAVOIDWD,USE TRN TO GET OVER/AVOID TRN WITHDRAWAL IN PST 12 MOS,SUBSTANCE USE DISORDER,Original u otra,47056,99.486,False,False,False,Conservar como predictor principal
UDTRAVWALCO,USED ALC TO GET OVER/AVOID TRN WITHDRAWAL IN PST 12 MOS,SUBSTANCE USE DISORDER,Original u otra,42060,88.924,False,False,False,Conservar como predictor principal
UDTRAVWOTHR,USED SOMETHING ELSE TO GET OVR/AVD TRN WTHDRWAL PST 12 MOS,SUBSTANCE USE DISORDER,Original u otra,42060,88.924,False,False,False,Conservar como predictor principal
UDTRAVWSVTR,USED TRN/SED TO GET OVER/AVOID TRN WITHDRWL IN PST 12 MOS,SUBSTANCE USE DISORDER,Original u otra,42060,88.924,False,False,False,Conservar como predictor principal
UDTRFMLYCTD,CONTD TRN USE DESPITE TRN CAUSE ARGUMENTS W/FAM/FRNDS,SUBSTANCE USE DISORDER,Original u otra,42082,88.97,False,False,False,Conservar como predictor principal
UDTRFMLYPRB,TRN CAUSE ARGUMENTS/PROBS W/FAMILY/FRIENDS PST 12 MOS,SUBSTANCE USE DISORDER,Original u otra,47053,99.48,False,False,False,Conservar como predictor principal
UDTRGETHURT,TRN USE INCREASED CHANCE GETTING HURT PST 12 MOS,SUBSTANCE USE DISORDER,Original u otra,47052,99.478,False,False,False,Conservar como predictor principal
UDTRHLTHCTD,CONTD TO USE TRN DESPITE TRN CAUSE/WORSEN PHYS PRBS,SUBSTANCE USE DISORDER,Original u otra,42063,88.93,False,False,False,Conservar como predictor principal
UDTRHLTHPRB,ANY LONG-LASTING PHYS PRBS CAUSED/WORSND BY TRN PST 12 MO,SUBSTANCE USE DISORDER,Original u otra,47050,99.474,False,False,False,Conservar como predictor principal
UDTRLESSEFF,SAME AMT TRN HAS LESS EFFECT THAN IT USED TO,SUBSTANCE USE DISORDER,Original u otra,46935,99.23,False,False,False,Conservar como predictor principal
UDTRLRGAMTS,USED TRN LARGER AMTS OR LONGER TIME THAN MEANT TO PST 12 MOS,SUBSTANCE USE DISORDER,Original u otra,47061,99.497,False,False,False,Conservar como predictor principal
UDTRMNTLCTD,CONTD TRN DESPITE TRN CSE/WRSN EMOT/MNTL HLTH PRBS,SUBSTANCE USE DISORDER,Original u otra,42076,88.957,False,False,False,Conservar como predictor principal
UDTRMNTLPRB,ANY EMOT/MNTL HLTH PRBS CAUSED/WORSND BY TRN PAST 12 MOS,SUBSTANCE USE DISORDER,Original u otra,47011,99.391,False,False,False,Conservar como predictor principal
UDTRNEEDMOR,NEEDED A LOT MORE TRN TO GET FEELING YOU WANT,SUBSTANCE USE DISORDER,Original u otra,47062,99.499,False,False,False,Conservar como predictor principal
UDTRNOTSTOP,UNABLE TO CUT/STOP TRN MORE THAN ONE TIME PAST 12 MOS,SUBSTANCE USE DISORDER,Original u otra,42597,90.059,False,False,False,Conservar como predictor principal
UDTRSTOPACT,LESS ACTIVITIES B/C OF TRN USE PAST 12 MOS,SUBSTANCE USE DISORDER,Original u otra,47057,99.488,False,False,False,Conservar como predictor principal
UDTRSTRURGE,STRONG URGE TO USE TRN IN PAST 12 MOS,SUBSTANCE USE DISORDER,Original u otra,46948,99.258,False,False,False,Conservar como predictor principal
UDTRTIMEGET,SPENT GREAT DEAL TIME TRY TO GET/GETTING TRN IN PST 12 MOS,SUBSTANCE USE DISORDER,Original u otra,46834,99.017,False,False,False,Conservar como predictor principal
UDTRTIMEUSE,SPENT GREAT DEAL OF TIME USING/FEEL EFF OF TRN PST 12 MOS,SUBSTANCE USE DISORDER,Original u otra,47057,99.488,False,False,False,Conservar como predictor principal
UDTRTRYSTOP,TRY TO CUT DOWN/STOP TRN USE IN PAST 12 MOS,SUBSTANCE USE DISORDER,Original u otra,47041,99.455,False,False,False,Conservar como predictor principal
UDTRWANTBAD,WANTED TO USE TRN SO BADLY IN PAST 12 MOS,SUBSTANCE USE DISORDER,Original u otra,47064,99.503,False,False,False,Conservar como predictor principal
UDTRWDFLANX,FEELING ANXIOUS - TRN WITHDRAWAL SYMPTOM PST 12 MOS,SUBSTANCE USE DISORDER,Original u otra,47046,99.465,False,False,False,Conservar como predictor principal
UDTRWDHALUC,SEE/HEAR/FEEL THINGS - TRN WITHDRAWAL SYMPTOM PST 12 MOS,SUBSTANCE USE DISORDER,Original u otra,47045,99.463,False,False,False,Conservar como predictor principal
UDTRWDSITST,COULDN'T SIT STILL - TRN WITHDRAWAL SYMPTOM PST 12 MOS,SUBSTANCE USE DISORDER,Original u otra,47049,99.471,False,False,False,Conservar como predictor principal
UDTRWDSLEEP,TROUBLE SLEEPING - TRN WITHDRAWAL SYMPTOM PST 12 MOS,SUBSTANCE USE DISORDER,Original u otra,47049,99.471,False,False,False,Conservar como predictor principal
UDTRWDSWEAT,SWEATY/FAST HEARTBEAT - TRN WITHDRAWAL SYMPTOM PST 12 MO,SUBSTANCE USE DISORDER,Original u otra,47047,99.467,False,False,False,Conservar como predictor principal
UDTRWDTRMBL,HANDS TREMBLE -TRN WITHDRAWAL SYMPTOM PST 12 MOS,SUBSTANCE USE DISORDER,Original u otra,47049,99.471,False,False,False,Conservar como predictor principal
UDTRWDVOMIT,VOMITING/UPSET STOMACH - TRN WITHDRAWAL SYMPTOM PST 12 MO,SUBSTANCE USE DISORDER,Original u otra,47047,99.467,False,False,False,Conservar como predictor principal
UDTRWORKPRB,TRN CAUSE SERIOUS PRBS AT HOME/WORK/SCH PST 12 MOS,SUBSTANCE USE DISORDER,Original u otra,47054,99.482,False,False,False,Conservar como predictor principal
UDTRWSHSTOP,OFTEN WISH CUT DOWN OR STOP TRN PAST 12 MOS,SUBSTANCE USE DISORDER,Original u otra,46436,98.175,False,False,False,Conservar como predictor principal
TRBZONMYR,RC - BENZODIAZEPINES TRANQUILIZERS - PAST YEAR MISUSE,TRANQUILIZERS,Original u otra,47162,99.71,False,False,False,Conservar como predictor principal
TRQNM30AL,USED TRANQ NOT DIRECTED BY DR W/ALC PST 30 DYS,TRANQUILIZERS,Original u otra,47067,99.51,False,False,False,Conservar como predictor principal
TRQNM30D,USED TRANQ NOT DIRECTED BY DR PAST 30 DAYS,TRANQUILIZERS,Original u otra,47126,99.634,False,False,False,Conservar como predictor principal
TRQNM30ES,EST # DAYS USED TRANQ NOT DIRECTED PST 30 DYS,TRANQUILIZERS,Original u otra,46915,99.188,False,False,False,Conservar como predictor principal
TRQNM30FQ,# DAYS USED TRANQ NOT DIRECTD BY DR PST 30 DYS,TRANQUILIZERS,Original u otra,47133,99.649,False,False,False,Conservar como predictor principal
TRQNMAGE,RC - AGE AT 1ST MISUSE FOR PAST YR TRANQ INITIATES,TRANQUILIZERS,Original u otra,47121,99.624,False,False,False,Conservar como predictor principal
TRQNMINIT,PAST YEAR INITIATE FOR ANY TRANQUILIZER MISUSE,TRANQUILIZERS,Original u otra,47022,99.414,False,False,False,Conservar como predictor principal
TRQNMLAS1,LAST TRANQ USED NOT DIRECTED BY DR PST 12 MOS,TRANQUILIZERS,Original u otra,47135,99.653,False,False,False,Conservar como predictor principal
TRQNMLIF,EVER USED TRANQUILIZER NOT DIRECTED BY DR,TRANQUILIZERS,Original u otra,46269,97.822,False,False,False,Conservar como predictor principal
TRQNMMFU,RC - MO 1ST MISUSED FOR PAST YR TRANQ INITIATES,TRANQUILIZERS,Original u otra,47004,99.376,False,False,False,Conservar como predictor principal
TRQNMREC,RC - MOST RECENT TRANQUILIZER MISUSE (RECODE),TRANQUILIZERS,Original u otra,47144,99.672,False,False,False,Conservar como predictor principal
TRQNMYFU,RC - YR 1ST MISUSED FOR PAST YR TRANQ INITIATES,TRANQUILIZERS,Original u otra,47006,99.381,False,False,False,Conservar como predictor principal
TRQNORXFG,ONLY PST YR MISUSE W/O RX BUT RX FOR LAST TRANQ,TRANQUILIZERS,Original u otra,27,0.057,False,False,False,Conservar como predictor principal
TRQRSDGFX,USED LAST TRANQ (NOT DIRECTED) OTH DRUG EFFECT,TRANQUILIZERS,Original u otra,47126,99.634,False,False,False,Conservar como predictor principal
TRQRSEMOT,USED LAST TRANQ (NOT DIRECTED) FOR EMOTIONS,TRANQUILIZERS,Original u otra,47126,99.634,False,False,False,Conservar como predictor principal
TRQRSEXPT,USED LAST TRANQ (NOT DIRECTED) TO EXPERIMENT,TRANQUILIZERS,Original u otra,47124,99.63,False,False,False,Conservar como predictor principal
TRQRSHIGH,USED LAST TRANQ (NOT DIRECTED) TO GET HIGH,TRANQUILIZERS,Original u otra,47124,99.63,False,False,False,Conservar como predictor principal
TRQRSHOOK,USED LAST TRANQ (NOT DIRECTED) BECAUSE HOOKED,TRANQUILIZERS,Original u otra,47126,99.634,False,False,False,Conservar como predictor principal
TRQRSMAIN,MAIN REASON USED LAST TRANQ (NOT DIRECTED),TRANQUILIZERS,Original u otra,46702,98.738,False,False,False,Conservar como predictor principal
TRQRSOTRS2,REASON USED LAST TRANQ (NOT DIRECTED),TRANQUILIZERS,Original u otra,46429,98.161,False,False,False,Conservar como predictor principal
TRQRSRELX,USED LAST TRANQ (NOT DIRECTED) TO RELAX,TRANQUILIZERS,Original u otra,47121,99.624,False,False,False,Conservar como predictor principal
TRQRSSLEP,USED LAST TRANQ (NOT DIRECTED) FOR SLEEP,TRANQUILIZERS,Original u otra,47125,99.632,False,False,False,Conservar como predictor principal
TRQRSSOR,USED LAST TRANQ (NOT DIRECTED) OTHER REASON,TRANQUILIZERS,Original u otra,47126,99.634,False,False,False,Conservar como predictor principal
TRQWYGAMT,USED TRANQ IN GREATER AMTS THAN RX PST 12 MOS,TRANQUILIZERS,Original u otra,47099,99.577,False,False,False,Conservar como predictor principal
TRQWYLNGR,USED TRANQ LONGER THAN RX PAST 12 MONTHS,TRANQUILIZERS,Original u otra,47099,99.577,False,False,False,Conservar como predictor principal
TRQWYNORX,USED TRANQ W/O OWN RX PAST 12 MONTHS,TRANQUILIZERS,Original u otra,47099,99.577,False,False,False,Conservar como predictor principal
TRQWYOFTN,USED TRANQ MORE OFTEN THAN RX PAST 12 MONTHS,TRANQUILIZERS,Original u otra,47099,99.577,False,False,False,Conservar como predictor principal
TRQWYOTWY,USED TRANQ OTHER WAY NOT DIRECTED PST 12 MOS,TRANQUILIZERS,Original u otra,47099,99.577,False,False,False,Conservar como predictor principal
TRBZOANYYR,RC - BENZODIAZEPINES TRANQUILIZERS - ANY PAST YEAR USE,TRANQUILIZERS SCREENER,Original u otra,47163,99.712,False,False,False,Conservar como predictor principal
TRQANYLIF,ANY TRANQUILIZER USE IN LIFETIME,TRANQUILIZERS SCREENER,Original u otra,41908,88.602,False,False,False,Conservar como predictor principal
TRQANYREC,RC - MOST RECENT ANY TRANQUILIZER USE (RECODE),TRANQUILIZERS SCREENER,Original u otra,47163,99.712,False,False,False,Conservar como predictor principal
