variable,etiqueta_codebook,modulo,tipo_version,n_informativos,pct_valores_informativos,es_tecnica,es_residual,es_sensibilidad,decision_funcional,decision_modulo,justificacion
AIIND102,AMER INDIAN AREA INDICATOR,BLOCK,Original u otra,47299,100.0,False,False,False,Conservar como predictor principal,Excluir: contexto técnico o de entrevista,"Información geográfica, auxiliar o propia de la entrevista"
COUTYP4,COUNTY METRO/NONMETRO STATUS (2013 3-LEVEL),COUNTY,Original u otra,47299,100.0,False,False,False,Conservar como predictor principal,Excluir: contexto técnico o de entrevista,"Información geográfica, auxiliar o propia de la entrevista"
PDEN10,POPULATION DENSITY 2010 - THREE LEVELS,COUNTY,Original u otra,47299,100.0,False,False,False,Conservar como predictor principal,Excluir: contexto técnico o de entrevista,"Información geográfica, auxiliar o propia de la entrevista"
GQTYPE2,TYPE OF GROUP QUARTER,INTERVIEW INFORMATION,Original u otra,47299,100.0,False,False,False,Conservar como predictor principal,Excluir: contexto técnico o de entrevista,"Información geográfica, auxiliar o propia de la entrevista"
LANGVER,LANGUAGE VERSION,INTERVIEW INFORMATION,Original u otra,47299,100.0,False,False,False,Conservar como predictor principal,Excluir: contexto técnico o de entrevista,"Información geográfica, auxiliar o propia de la entrevista"
PRXRETRY,"SELECTED PROXY UNAVAILABLE, OTHER PROXY AVAILABLE?",PROXY INFORMATION,Original u otra,747,1.579,False,False,False,Conservar como predictor principal,Excluir: contexto técnico o de entrevista,"Información geográfica, auxiliar o propia de la entrevista"
PRXYDATA,IS PROXY ANSWERING INSURANCE/INCOME QS,PROXY INFORMATION,Original u otra,4521,9.558,False,False,False,Conservar como predictor principal,Excluir: contexto técnico o de entrevista,"Información geográfica, auxiliar o propia de la entrevista"
MAIIN102,MAJORITY AMER INDIAN AREA INDICATOR FOR SEGMENT,SEGMENT,Original u otra,47299,100.0,False,False,False,Conservar como predictor principal,Excluir: contexto técnico o de entrevista,"Información geográfica, auxiliar o propia de la entrevista"
IRALCAGE,ALCOHOL AGE OF FIRST USE - IMPUTATION REVISED,AGE/DATE OF FIRST DRUG USE,Original u otra,47299,100.0,False,False,False,Conservar como predictor principal,Excluir: detalle sustituido por versiones resumidas,"Sustituido por variables recodificadas, imputadas o resumidas"
IRALCYFU,ALCOHOL YEAR OF FIRST USE - IMPUTATION REVISED,AGE/DATE OF FIRST DRUG USE,Original u otra,47299,100.0,False,False,False,Conservar como predictor principal,Excluir: detalle sustituido por versiones resumidas,"Sustituido por variables recodificadas, imputadas o resumidas"
IRCD2YFU,DAILY CIGARETTE YFU - USING CIGDLYFU - IMPUTATION REVISED,AGE/DATE OF FIRST DRUG USE,Original u otra,47299,100.0,False,False,False,Conservar como predictor principal,Excluir: detalle sustituido por versiones resumidas,"Sustituido por variables recodificadas, imputadas o resumidas"
IRCDUAGE,DAILY CIGARETTE AGE OF FIRST USE - IMPUTATION REVISED,AGE/DATE OF FIRST DRUG USE,Original u otra,47299,100.0,False,False,False,Conservar como predictor principal,Excluir: detalle sustituido por versiones resumidas,"Sustituido por variables recodificadas, imputadas o resumidas"
IRCGRAGE,CIGAR AGE OF FIRST USE - IMPUTATION REVISED,AGE/DATE OF FIRST DRUG USE,Original u otra,47299,100.0,False,False,False,Conservar como predictor principal,Excluir: detalle sustituido por versiones resumidas,"Sustituido por variables recodificadas, imputadas o resumidas"
IRCGRYFU,CIGAR YEAR OF FIRST USE - IMPUTATION REVISED,AGE/DATE OF FIRST DRUG USE,Original u otra,47299,100.0,False,False,False,Conservar como predictor principal,Excluir: detalle sustituido por versiones resumidas,"Sustituido por variables recodificadas, imputadas o resumidas"
IRCIGAGE,CIGARETTE AGE OF FIRST USE - IMPUTATION REVISED,AGE/DATE OF FIRST DRUG USE,Original u otra,47299,100.0,False,False,False,Conservar como predictor principal,Excluir: detalle sustituido por versiones resumidas,"Sustituido por variables recodificadas, imputadas o resumidas"
IRCIGYFU,CIGARETTE YEAR OF FIRST USE - IMPUTATION REVISED,AGE/DATE OF FIRST DRUG USE,Original u otra,47299,100.0,False,False,False,Conservar como predictor principal,Excluir: detalle sustituido por versiones resumidas,"Sustituido por variables recodificadas, imputadas o resumidas"
IRCOCAGE,COCAINE AGE OF FIRST USE - IMPUTATION REVISED,AGE/DATE OF FIRST DRUG USE,Original u otra,47299,100.0,False,False,False,Conservar como predictor principal,Excluir: detalle sustituido por versiones resumidas,"Sustituido por variables recodificadas, imputadas o resumidas"
IRCOCYFU,COCAINE YEAR OF FIRST USE - IMPUTATION REVISED,AGE/DATE OF FIRST DRUG USE,Original u otra,47299,100.0,False,False,False,Conservar como predictor principal,Excluir: detalle sustituido por versiones resumidas,"Sustituido por variables recodificadas, imputadas o resumidas"
IRCRKAGE,CRACK AGE OF FIRST USE - IMPUTATION REVISED,AGE/DATE OF FIRST DRUG USE,Original u otra,47299,100.0,False,False,False,Conservar como predictor principal,Excluir: detalle sustituido por versiones resumidas,"Sustituido por variables recodificadas, imputadas o resumidas"
IRCRKYFU,CRACK YEAR OF FIRST USE - IMPUTATION REVISED,AGE/DATE OF FIRST DRUG USE,Original u otra,47299,100.0,False,False,False,Conservar como predictor principal,Excluir: detalle sustituido por versiones resumidas,"Sustituido por variables recodificadas, imputadas o resumidas"
IRECSTMOAGE,ECSTASY AGE OF FIRST USE - IMPUTATION REVISED,AGE/DATE OF FIRST DRUG USE,Original u otra,47299,100.0,False,False,False,Conservar como predictor principal,Excluir: detalle sustituido por versiones resumidas,"Sustituido por variables recodificadas, imputadas o resumidas"
IRECSTMOYFU,ECSTASY YEAR OF FIRST USE - IMPUTATION REVISED,AGE/DATE OF FIRST DRUG USE,Original u otra,47299,100.0,False,False,False,Conservar como predictor principal,Excluir: detalle sustituido por versiones resumidas,"Sustituido por variables recodificadas, imputadas o resumidas"
IRHALLUCAGE,HALLUCINOGEN AGE OF FIRST USE - IMPUTATION REVISED,AGE/DATE OF FIRST DRUG USE,Original u otra,47299,100.0,False,False,False,Conservar como predictor principal,Excluir: detalle sustituido por versiones resumidas,"Sustituido por variables recodificadas, imputadas o resumidas"
IRHALLUCYFU,HALLUCINOGEN YEAR OF FIRST USE - IMPUTATION REVISED,AGE/DATE OF FIRST DRUG USE,Original u otra,47299,100.0,False,False,False,Conservar como predictor principal,Excluir: detalle sustituido por versiones resumidas,"Sustituido por variables recodificadas, imputadas o resumidas"
IRHERAGE,HEROIN AGE OF FIRST USE - IMPUTATION REVISED,AGE/DATE OF FIRST DRUG USE,Original u otra,47299,100.0,False,False,False,Conservar como predictor principal,Excluir: detalle sustituido por versiones resumidas,"Sustituido por variables recodificadas, imputadas o resumidas"
IRHERYFU,HEROIN YEAR OF FIRST USE - IMPUTATION REVISED,AGE/DATE OF FIRST DRUG USE,Original u otra,47299,100.0,False,False,False,Conservar como predictor principal,Excluir: detalle sustituido por versiones resumidas,"Sustituido por variables recodificadas, imputadas o resumidas"
IRINHALAGE2,INHALANTS AGE OF FIRST USE - IMPUTATION REVISED,AGE/DATE OF FIRST DRUG USE,Original u otra,47299,100.0,False,False,False,Conservar como predictor principal,Excluir: detalle sustituido por versiones resumidas,"Sustituido por variables recodificadas, imputadas o resumidas"
IRINHALYFU2,INHALANTS YEAR OF FIRST USE - IMPUTATION REVISED,AGE/DATE OF FIRST DRUG USE,Original u otra,47299,100.0,False,False,False,Conservar como predictor principal,Excluir: detalle sustituido por versiones resumidas,"Sustituido por variables recodificadas, imputadas o resumidas"
IRLSDAGE,LSD AGE OF FIRST USE - IMPUTATION REVISED,AGE/DATE OF FIRST DRUG USE,Original u otra,47299,100.0,False,False,False,Conservar como predictor principal,Excluir: detalle sustituido por versiones resumidas,"Sustituido por variables recodificadas, imputadas o resumidas"
IRLSDYFU,LSD YEAR OF FIRST USE - IMPUTATION REVISED,AGE/DATE OF FIRST DRUG USE,Original u otra,47299,100.0,False,False,False,Conservar como predictor principal,Excluir: detalle sustituido por versiones resumidas,"Sustituido por variables recodificadas, imputadas o resumidas"
IRMETHAMAGE,METHAMPHETAMINE AGE OF FIRST USE - IMPUTATION REVISED,AGE/DATE OF FIRST DRUG USE,Original u otra,47299,100.0,False,False,False,Conservar como predictor principal,Excluir: detalle sustituido por versiones resumidas,"Sustituido por variables recodificadas, imputadas o resumidas"
IRMETHAMYFU,METHAMPHETAMINE YEAR OF FIRST USE - IMPUTATION REVISED,AGE/DATE OF FIRST DRUG USE,Original u otra,47299,100.0,False,False,False,Conservar como predictor principal,Excluir: detalle sustituido por versiones resumidas,"Sustituido por variables recodificadas, imputadas o resumidas"
IRMJAGE,MARIJUANA AGE OF FIRST USE - IMPUTATION REVISED,AGE/DATE OF FIRST DRUG USE,Original u otra,47299,100.0,False,False,False,Conservar como predictor principal,Excluir: detalle sustituido por versiones resumidas,"Sustituido por variables recodificadas, imputadas o resumidas"
IRMJYFU,MARIJUANA YEAR OF FIRST USE - IMPUTATION REVISED,AGE/DATE OF FIRST DRUG USE,Original u otra,47299,100.0,False,False,False,Conservar como predictor principal,Excluir: detalle sustituido por versiones resumidas,"Sustituido por variables recodificadas, imputadas o resumidas"
IRNICVAPAGE,NICOTINE VAPING AGE OF FIRST USE - IMPUTATION REVISED,AGE/DATE OF FIRST DRUG USE,Original u otra,47299,100.0,False,False,False,Conservar como predictor principal,Excluir: detalle sustituido por versiones resumidas,"Sustituido por variables recodificadas, imputadas o resumidas"
IRNICVAPYFU,NICOTINE VAPING YEAR OF FIRST USE - IMPUTATION REVISED,AGE/DATE OF FIRST DRUG USE,Original u otra,47299,100.0,False,False,False,Conservar como predictor principal,Excluir: detalle sustituido por versiones resumidas,"Sustituido por variables recodificadas, imputadas o resumidas"
IRPCPAGE,PCP AGE OF FIRST USE - IMPUTATION REVISED,AGE/DATE OF FIRST DRUG USE,Original u otra,47299,100.0,False,False,False,Conservar como predictor principal,Excluir: detalle sustituido por versiones resumidas,"Sustituido por variables recodificadas, imputadas o resumidas"
IRPCPYFU,PCP YEAR OF FIRST USE - IMPUTATION REVISED,AGE/DATE OF FIRST DRUG USE,Original u otra,47299,100.0,False,False,False,Conservar como predictor principal,Excluir: detalle sustituido por versiones resumidas,"Sustituido por variables recodificadas, imputadas o resumidas"
IRPNRNMAGE,PAIN RELIEVER AGE OF FIRST MISUSE - IMPUTATION REVISED,AGE/DATE OF FIRST DRUG USE,Original u otra,47299,100.0,False,False,False,Conservar como predictor principal,Excluir: detalle sustituido por versiones resumidas,"Sustituido por variables recodificadas, imputadas o resumidas"
IRPNRNMINIT,PAST YR INITIATE PAIN RELIEVERS MISUSE - IMPUTATION REVISED,AGE/DATE OF FIRST DRUG USE,Original u otra,47299,100.0,False,False,False,Conservar como predictor principal,Excluir: detalle sustituido por versiones resumidas,"Sustituido por variables recodificadas, imputadas o resumidas"
IRPNRNMYFU,PAIN RELIEVER YEAR OF FIRST MISUSE - IMPUTATION REVISED,AGE/DATE OF FIRST DRUG USE,Original u otra,47299,100.0,False,False,False,Conservar como predictor principal,Excluir: detalle sustituido por versiones resumidas,"Sustituido por variables recodificadas, imputadas o resumidas"
IRSEDNMAGE,SEDATIVES AGE OF FIRST MISUSE - IMPUTATION REVISED,AGE/DATE OF FIRST DRUG USE,Original u otra,47299,100.0,False,False,False,Conservar como predictor principal,Excluir: detalle sustituido por versiones resumidas,"Sustituido por variables recodificadas, imputadas o resumidas"
IRSEDNMINIT,PAST YR INITIATE SEDATIVE MISUSE - IMPUTATION REVISED,AGE/DATE OF FIRST DRUG USE,Original u otra,47299,100.0,False,False,False,Conservar como predictor principal,Excluir: detalle sustituido por versiones resumidas,"Sustituido por variables recodificadas, imputadas o resumidas"
IRSEDNMYFU,SEDATIVES YEAR OF FIRST MISUSE - IMPUTATION REVISED,AGE/DATE OF FIRST DRUG USE,Original u otra,47299,100.0,False,False,False,Conservar como predictor principal,Excluir: detalle sustituido por versiones resumidas,"Sustituido por variables recodificadas, imputadas o resumidas"
IRSMKLSSTRY,SMOKELESS TOBACCO AGE OF FIRST USE - IMPUTATION REVISED,AGE/DATE OF FIRST DRUG USE,Original u otra,47299,100.0,False,False,False,Conservar como predictor principal,Excluir: detalle sustituido por versiones resumidas,"Sustituido por variables recodificadas, imputadas o resumidas"
IRSMKLSSYFU,SMOKELESS TOBACCO YEAR OF FIRST USE - IMPUTATION REVISED,AGE/DATE OF FIRST DRUG USE,Original u otra,47299,100.0,False,False,False,Conservar como predictor principal,Excluir: detalle sustituido por versiones resumidas,"Sustituido por variables recodificadas, imputadas o resumidas"
IRSTMNMAGE,STIMULANTS AGE OF FIRST MISUSE - IMPUTATION REVISED,AGE/DATE OF FIRST DRUG USE,Original u otra,47299,100.0,False,False,False,Conservar como predictor principal,Excluir: detalle sustituido por versiones resumidas,"Sustituido por variables recodificadas, imputadas o resumidas"
IRSTMNMINIT,PAST YR INITIATE STIMULANT MISUSE - IMPUTATION REVISED,AGE/DATE OF FIRST DRUG USE,Original u otra,47299,100.0,False,False,False,Conservar como predictor principal,Excluir: detalle sustituido por versiones resumidas,"Sustituido por variables recodificadas, imputadas o resumidas"
IRSTMNMYFU,STIMULANTS YEAR OF FIRST MISUSE - IMPUTATION REVISED,AGE/DATE OF FIRST DRUG USE,Original u otra,47299,100.0,False,False,False,Conservar como predictor principal,Excluir: detalle sustituido por versiones resumidas,"Sustituido por variables recodificadas, imputadas o resumidas"
IRTRQNMAGE,TRANQUILIZER AGE OF FIRST MISUSE - IMPUTATION REVISED,AGE/DATE OF FIRST DRUG USE,Original u otra,47299,100.0,False,False,False,Conservar como predictor principal,Excluir: detalle sustituido por versiones resumidas,"Sustituido por variables recodificadas, imputadas o resumidas"
IRTRQNMINIT,PAST YR INITIATE TRANQUILIZER MISUSE - IMPUTATION REVISED,AGE/DATE OF FIRST DRUG USE,Original u otra,47299,100.0,False,False,False,Conservar como predictor principal,Excluir: detalle sustituido por versiones resumidas,"Sustituido por variables recodificadas, imputadas o resumidas"
IRTRQNMYFU,TRANQUILIZER YEAR OF FIRST MISUSE - IMPUTATION REVISED,AGE/DATE OF FIRST DRUG USE,Original u otra,47299,100.0,False,False,False,Conservar como predictor principal,Excluir: detalle sustituido por versiones resumidas,"Sustituido por variables recodificadas, imputadas o resumidas"
AL30EST,BEST ESTIMATE # DAYS HAD ONE OR MORE DRINKS,ALCOHOL,Original u otra,23252,49.16,False,False,False,Conservar como predictor principal,Excluir: detalle sustituido por versiones resumidas,"Sustituido por variables recodificadas, imputadas o resumidas"
ALBSTWAY,EASIEST WAY TO TELL US # DAYS DRANK ALCOHOL,ALCOHOL,Original u otra,47058,99.49,False,False,False,Conservar como predictor principal,Excluir: detalle sustituido por versiones resumidas,"Sustituido por variables recodificadas, imputadas o resumidas"
ALCBNG30D,# DAYS HAD FOUR/FIVE OR MORE DRINKS PAST 30 DYS,ALCOHOL,Original u otra,46775,98.892,False,False,False,Conservar como predictor principal,Excluir: detalle sustituido por versiones resumidas,"Sustituido por variables recodificadas, imputadas o resumidas"
ALCDAYS,# DAYS HAD ONE OR MORE DRINKS PAST 30 DAYS,ALCOHOL,Original u otra,46858,99.068,False,False,False,Conservar como predictor principal,Excluir: detalle sustituido por versiones resumidas,"Sustituido por variables recodificadas, imputadas o resumidas"
ALCEVER,EVER HAD DRINK OF ALCOHOLIC BEVERAGE,ALCOHOL,Original u otra,47291,99.983,False,False,False,Conservar como predictor principal,Excluir: detalle sustituido por versiones resumidas,"Sustituido por variables recodificadas, imputadas o resumidas"
ALCMFU,MONTH OF FIRST ALCOHOL USE - RECODE,ALCOHOL,Original u otra,9556,20.203,False,False,False,Conservar como predictor principal,Excluir: detalle sustituido por versiones resumidas,"Sustituido por variables recodificadas, imputadas o resumidas"
ALCREC,TIME SINCE LAST DRANK ALCOHOLIC BEVERAGE,ALCOHOL,Original u otra,47287,99.975,False,False,False,Conservar como predictor principal,Excluir: detalle sustituido por versiones resumidas,"Sustituido por variables recodificadas, imputadas o resumidas"
ALCTRY,AGE WHEN FIRST DRANK ALCOHOLIC BEVERAGE,ALCOHOL,Original u otra,47053,99.48,False,False,False,Conservar como predictor principal,Excluir: detalle sustituido por versiones resumidas,"Sustituido por variables recodificadas, imputadas o resumidas"
ALCUS30D,USUAL # OF DRINKS PER DAY PAST 30 DAYS,ALCOHOL,Original u otra,45732,96.687,False,False,False,Conservar como predictor principal,Excluir: detalle sustituido por versiones resumidas,"Sustituido por variables recodificadas, imputadas o resumidas"
ALCYFU,YEAR OF FIRST ALCOHOL USE - RECODE,ALCOHOL,Original u otra,9594,20.284,False,False,False,Conservar como predictor principal,Excluir: detalle sustituido por versiones resumidas,"Sustituido por variables recodificadas, imputadas o resumidas"
ALCYRTOT,TOTAL # OF DAYS USED ALCOHOL IN PAST 12 MOS,ALCOHOL,Original u otra,46973,99.311,False,False,False,Conservar como predictor principal,Excluir: detalle sustituido por versiones resumidas,"Sustituido por variables recodificadas, imputadas o resumidas"
ALDAYPMO,# DAYS PER MONTH DRANK ALCOHOL IN PAST 12 MOS,ALCOHOL,Original u otra,26907,56.887,False,False,False,Conservar como predictor principal,Excluir: detalle sustituido por versiones resumidas,"Sustituido por variables recodificadas, imputadas o resumidas"
ALDAYPWK,# DAYS PER WEEK DRANK ALCOHOL IN PAST 12 MOS,ALCOHOL,Original u otra,25761,54.464,False,False,False,Conservar como predictor principal,Excluir: detalle sustituido por versiones resumidas,"Sustituido por variables recodificadas, imputadas o resumidas"
ALDAYPYR,NUMBER DAYS DRANK ALCOHOL IN PAST 12 MOS,ALCOHOL,Original u otra,24761,52.35,False,False,False,Conservar como predictor principal,Excluir: detalle sustituido por versiones resumidas,"Sustituido por variables recodificadas, imputadas o resumidas"
BLNT30C1,"BL02/MJ01 DISAGREE, WHICH IS CORRECT",BLUNTS,Original u otra,51,0.108,False,False,False,Conservar como predictor principal,Excluir: detalle sustituido por versiones resumidas,"Sustituido por variables recodificadas, imputadas o resumidas"
BLNT30C2,"BL02 AND MJ RECENCY DISAGREE, WHICH IS CORRECT",BLUNTS,Original u otra,89,0.188,False,False,False,Conservar como predictor principal,Excluir: detalle sustituido por versiones resumidas,"Sustituido por variables recodificadas, imputadas o resumidas"
BLNT30DY,# DAYS USED CIGAR WITH MJ IN IT PAST 30 DAYS,BLUNTS,Original u otra,46815,98.977,False,False,False,Conservar como predictor principal,Excluir: detalle sustituido por versiones resumidas,"Sustituido por variables recodificadas, imputadas o resumidas"
BLNTAGE,AGE WHEN FIRST SMOKED CIGAR WITH MJ IN IT,BLUNTS,Original u otra,46750,98.839,False,False,False,Conservar como predictor principal,Excluir: detalle sustituido por versiones resumidas,"Sustituido por variables recodificadas, imputadas o resumidas"
BLNTEVER,EVER SMOKED CIGAR WITH MARIJUANA IN IT,BLUNTS,Original u otra,46858,99.068,False,False,False,Conservar como predictor principal,Excluir: detalle sustituido por versiones resumidas,"Sustituido por variables recodificadas, imputadas o resumidas"
BLNTMFU,MONTH OF FIRST USE OF CIGAR W/MJ IN IT - RECODE,BLUNTS,Original u otra,34720,73.405,False,False,False,Conservar como predictor principal,Excluir: detalle sustituido por versiones resumidas,"Sustituido por variables recodificadas, imputadas o resumidas"
BLNTNOMJ,SMOKE CIGARS WITH NO MARIJUANA PAST 30 DAYS,BLUNTS,Original u otra,45552,96.306,False,False,False,Conservar como predictor principal,Excluir: detalle sustituido por versiones resumidas,"Sustituido por variables recodificadas, imputadas o resumidas"
BLNTREC,TIME SINCE LAST SMOKED CIGAR WITH MJ IN IT,BLUNTS,Original u otra,46820,98.987,False,False,False,Conservar como predictor principal,Excluir: detalle sustituido por versiones resumidas,"Sustituido por variables recodificadas, imputadas o resumidas"
BLNTYFU,YEAR OF FIRST USE OF CIGAR WITH MJ IN IT - RECODE,BLUNTS,Original u otra,34746,73.46,False,False,False,Conservar como predictor principal,Excluir: detalle sustituido por versiones resumidas,"Sustituido por variables recodificadas, imputadas o resumidas"
RSNMRJMO,WHY REPRT EARLIER NOT USE MJ/CANNABIS PAST 30 DAYS,BLUNTS,Original u otra,53,0.112,False,False,False,Conservar como predictor principal,Excluir: detalle sustituido por versiones resumidas,"Sustituido por variables recodificadas, imputadas o resumidas"
RSNOMRJ,WHY REPORT EARLIER THAT NEVER USED MJ/CANNABIS,BLUNTS,Original u otra,33,0.07,False,False,False,Conservar como predictor principal,Excluir: detalle sustituido por versiones resumidas,"Sustituido por variables recodificadas, imputadas o resumidas"
CC30EST,BEST ESTIMATE # DAYS USED COCAINE PAST 30 DAYS,COCAINE,Original u otra,46918,99.194,False,False,False,Conservar como predictor principal,Excluir: detalle sustituido por versiones resumidas,"Sustituido por variables recodificadas, imputadas o resumidas"
CCBSTWAY,EASIEST WAY TO TELL US # DAYS USED COCAINE,COCAINE,Original u otra,47227,99.848,False,False,False,Conservar como predictor principal,Excluir: detalle sustituido por versiones resumidas,"Sustituido por variables recodificadas, imputadas o resumidas"
CCDAYPMO,# DAYS PER MONTH USED COCAINE PAST 12 MONTHS,COCAINE,Original u otra,46516,98.345,False,False,False,Conservar como predictor principal,Excluir: detalle sustituido por versiones resumidas,"Sustituido por variables recodificadas, imputadas o resumidas"
CCDAYPWK,# DAYS PER WEEK USED COCAINE PAST 12 MONTHS,COCAINE,Original u otra,46448,98.201,False,False,False,Conservar como predictor principal,Excluir: detalle sustituido por versiones resumidas,"Sustituido por variables recodificadas, imputadas o resumidas"
CCDAYPYR,# DAYS USED COCAINE PAST 12 MONTHS,COCAINE,Original u otra,46877,99.108,False,False,False,Conservar como predictor principal,Excluir: detalle sustituido por versiones resumidas,"Sustituido por variables recodificadas, imputadas o resumidas"
COCAGE,AGE WHEN FIRST USED COCAINE,COCAINE,Original u otra,47252,99.901,False,False,False,Conservar como predictor principal,Excluir: detalle sustituido por versiones resumidas,"Sustituido por variables recodificadas, imputadas o resumidas"
COCEVER,EVER USED COCAINE,COCAINE,Original u otra,47284,99.968,False,False,False,Conservar como predictor principal,Excluir: detalle sustituido por versiones resumidas,"Sustituido por variables recodificadas, imputadas o resumidas"
COCMFU,MONTH OF FIRST COCAINE USE - RECODE,COCAINE,Original u otra,40804,86.268,False,False,False,Conservar como predictor principal,Excluir: detalle sustituido por versiones resumidas,"Sustituido por variables recodificadas, imputadas o resumidas"
COCREC,TIME SINCE LAST USED COCAINE,COCAINE,Original u otra,47267,99.932,False,False,False,Conservar como predictor principal,Excluir: detalle sustituido por versiones resumidas,"Sustituido por variables recodificadas, imputadas o resumidas"
COCUS30A,# DAYS USED COCAINE PAST 30 DAYS,COCAINE,Original u otra,47235,99.865,False,False,False,Conservar como predictor principal,Excluir: detalle sustituido por versiones resumidas,"Sustituido por variables recodificadas, imputadas o resumidas"
COCYFU,YEAR OF FIRST COCAINE USE - RECODE,COCAINE,Original u otra,40812,86.285,False,False,False,Conservar como predictor principal,Excluir: detalle sustituido por versiones resumidas,"Sustituido por variables recodificadas, imputadas o resumidas"
COCYRTOT,TOTAL # OF DAYS USED COCAINE IN PAST 12 MONTHS,COCAINE,Original u otra,47227,99.848,False,False,False,Conservar como predictor principal,Excluir: detalle sustituido por versiones resumidas,"Sustituido por variables recodificadas, imputadas o resumidas"
CABINGAGE,AGE 1ST TIME HAD 4 OR 5 OR MORE DRINKS SAME OCCASION,CONSUMPTION OF ALCOHOL,Original u otra,30738,64.987,False,False,False,Conservar como predictor principal,Excluir: detalle sustituido por versiones resumidas,"Sustituido por variables recodificadas, imputadas o resumidas"
CABINGEVR,EVER HAD 4/5 OR MORE DRINKS ON THE SAME OCCASION,CONSUMPTION OF ALCOHOL,Original u otra,35072,74.15,False,False,False,Conservar como predictor principal,Excluir: detalle sustituido por versiones resumidas,"Sustituido por variables recodificadas, imputadas o resumidas"
CABINGFLG,ANY REPORT OF 4+ OR 5+ DRINKS FROM ALCOHOL MODULE,CONSUMPTION OF ALCOHOL,Original u otra,11075,23.415,False,False,False,Conservar como predictor principal,Excluir: detalle sustituido por versiones resumidas,"Sustituido por variables recodificadas, imputadas o resumidas"
CABINGMFU,MONTH OF 4 OR 5+ DRINKS ON SAME OCCASION - RECODE,CONSUMPTION OF ALCOHOL,Original u otra,10117,21.389,False,False,False,Conservar como predictor principal,Excluir: detalle sustituido por versiones resumidas,"Sustituido por variables recodificadas, imputadas o resumidas"
CABINGYFU,YEAR OF FIRST 4 OR 5 + DRINKS ON SAME OCCASION - RECODE,CONSUMPTION OF ALCOHOL,Original u otra,10200,21.565,False,False,False,Conservar como predictor principal,Excluir: detalle sustituido por versiones resumidas,"Sustituido por variables recodificadas, imputadas o resumidas"
CABPLACE,WHERE YOU BOUGHT LAST ALCOHOLIC BEVERAGE,CONSUMPTION OF ALCOHOL,Original u otra,23332,49.329,False,False,False,Conservar como predictor principal,Excluir: detalle sustituido por versiones resumidas,"Sustituido por variables recodificadas, imputadas o resumidas"
CABUNDAG,BUY LAST ALCOHOLIC BEVERAGE FR SOMEONE <21 OR 21+,CONSUMPTION OF ALCOHOL,Original u otra,23148,48.94,False,False,False,Conservar como predictor principal,Excluir: detalle sustituido por versiones resumidas,"Sustituido por variables recodificadas, imputadas o resumidas"
CABUYFRE,PAY FOR THE LAST ALCOHOLIC BEVERAGE THAT U DRANK,CONSUMPTION OF ALCOHOL,Original u otra,24431,51.652,False,False,False,Conservar como predictor principal,Excluir: detalle sustituido por versiones resumidas,"Sustituido por variables recodificadas, imputadas o resumidas"
CABUYWHO,STATEMENT BEST DESCRIBES PURCHASE OF LAST ALCOHOL,CONSUMPTION OF ALCOHOL,Original u otra,23355,49.377,False,False,False,Conservar como predictor principal,Excluir: detalle sustituido por versiones resumidas,"Sustituido por variables recodificadas, imputadas o resumidas"
CADRBAR,"I DRANK IN A RESTAURANT, BAR OR CLUB",CONSUMPTION OF ALCOHOL,Original u otra,24427,51.644,False,False,False,Conservar como predictor principal,Excluir: detalle sustituido por versiones resumidas,"Sustituido por variables recodificadas, imputadas o resumidas"
CADRCAR,I DRANK IN A CAR OR OTHER VEHICLE,CONSUMPTION OF ALCOHOL,Original u otra,24430,51.65,False,False,False,Conservar como predictor principal,Excluir: detalle sustituido por versiones resumidas,"Sustituido por variables recodificadas, imputadas o resumidas"
CADREVNT,I DRANK AT A CONCERT OR SPORTS GAME,CONSUMPTION OF ALCOHOL,Original u otra,24430,51.65,False,False,False,Conservar como predictor principal,Excluir: detalle sustituido por versiones resumidas,"Sustituido por variables recodificadas, imputadas o resumidas"
CADRHOME,I DRANK AT MY HOME,CONSUMPTION OF ALCOHOL,Original u otra,24428,51.646,False,False,False,Conservar como predictor principal,Excluir: detalle sustituido por versiones resumidas,"Sustituido por variables recodificadas, imputadas o resumidas"
CADRKCOCN,USED COCAINE OR 'CRACK' WHILE YOU WERE DRINKING,CONSUMPTION OF ALCOHOL,Original u otra,40481,85.585,False,False,False,Conservar como predictor principal,Excluir: detalle sustituido por versiones resumidas,"Sustituido por variables recodificadas, imputadas o resumidas"
CADRKDRUG,ALSO USED DRUGS WHILE YOU WERE DRINKING,CONSUMPTION OF ALCOHOL,Original u otra,46737,98.812,False,False,False,Conservar como predictor principal,Excluir: detalle sustituido por versiones resumidas,"Sustituido por variables recodificadas, imputadas o resumidas"
CADRKHALL,USED HALLUCINOGENS WHILE YOU WERE DRINKING,CONSUMPTION OF ALCOHOL,Original u otra,40579,85.793,False,False,False,Conservar como predictor principal,Excluir: detalle sustituido por versiones resumidas,"Sustituido por variables recodificadas, imputadas o resumidas"
CADRKHERN,USED HEROIN WHILE YOU WERE DRINKING,CONSUMPTION OF ALCOHOL,Original u otra,40328,85.262,False,False,False,Conservar como predictor principal,Excluir: detalle sustituido por versiones resumidas,"Sustituido por variables recodificadas, imputadas o resumidas"
CADRKINHL,USED INHALANTS WHILE YOU WERE DRINKING,CONSUMPTION OF ALCOHOL,Original u otra,40394,85.401,False,False,False,Conservar como predictor principal,Excluir: detalle sustituido por versiones resumidas,"Sustituido por variables recodificadas, imputadas o resumidas"
CADRKMARJ,USED MARIJUANA OR CANNABIS WHILE YOU WERE DRINKING,CONSUMPTION OF ALCOHOL,Original u otra,43608,92.196,False,False,False,Conservar como predictor principal,Excluir: detalle sustituido por versiones resumidas,"Sustituido por variables recodificadas, imputadas o resumidas"
CADRKMETH,USED METHAMPHETAMINE WHILE YOU WERE DRINKING,CONSUMPTION OF ALCOHOL,Original u otra,40420,85.456,False,False,False,Conservar como predictor principal,Excluir: detalle sustituido por versiones resumidas,"Sustituido por variables recodificadas, imputadas o resumidas"
CADRLAST,# OF DRINKS THE LAST TIME DRANK IN PAST 30 DAYS,CONSUMPTION OF ALCOHOL,Original u otra,46286,97.858,False,False,False,Conservar como predictor principal,Excluir: detalle sustituido por versiones resumidas,"Sustituido por variables recodificadas, imputadas o resumidas"
CADROTH,I DRANK AT SOME OTHER PLACE,CONSUMPTION OF ALCOHOL,Original u otra,24430,51.65,False,False,False,Conservar como predictor principal,Excluir: detalle sustituido por versiones resumidas,"Sustituido por variables recodificadas, imputadas o resumidas"
CADROTHM,I DRANK AT SOMEONE ELSE'S HOME,CONSUMPTION OF ALCOHOL,Original u otra,24422,51.633,False,False,False,Conservar como predictor principal,Excluir: detalle sustituido por versiones resumidas,"Sustituido por variables recodificadas, imputadas o resumidas"
CADROTS2,OTHER PLACE YOU LAST DRANK ALCOHOL,CONSUMPTION OF ALCOHOL,Original u otra,23233,49.119,False,False,False,Conservar como predictor principal,Excluir: detalle sustituido por versiones resumidas,"Sustituido por variables recodificadas, imputadas o resumidas"
CADRPEOP,ALONE OR W/ MORE THAN ONE PERSON LAST TIME DRANK,CONSUMPTION OF ALCOHOL,Original u otra,24439,51.669,False,False,False,Conservar como predictor principal,Excluir: detalle sustituido por versiones resumidas,"Sustituido por variables recodificadas, imputadas o resumidas"
CADRPUBL,"I DRANK AT A PARK, ON A BEACH OR IN A PARKING LOT",CONSUMPTION OF ALCOHOL,Original u otra,24425,51.64,False,False,False,Conservar como predictor principal,Excluir: detalle sustituido por versiones resumidas,"Sustituido por variables recodificadas, imputadas o resumidas"
CADRSCHL,I DRANK AT SCHOOL,CONSUMPTION OF ALCOHOL,Original u otra,24429,51.648,False,False,False,Conservar como predictor principal,Excluir: detalle sustituido por versiones resumidas,"Sustituido por variables recodificadas, imputadas o resumidas"
CAFRESP2,OTHER WAY YOU GOT THE LAST ALCOHOLIC BEVERAGE,CONSUMPTION OF ALCOHOL,Original u otra,23227,49.107,False,False,False,Conservar como predictor principal,Excluir: detalle sustituido por versiones resumidas,"Sustituido por variables recodificadas, imputadas o resumidas"
CAFREWHO,HOW DID U GET THE LAST ALCOHOLIC BEVERAGE U DRANK,CONSUMPTION OF ALCOHOL,Original u otra,23523,49.733,False,False,False,Conservar como predictor principal,Excluir: detalle sustituido por versiones resumidas,"Sustituido por variables recodificadas, imputadas o resumidas"
CAGVMONY,DID YOU/SOMEONE ELSE BUY LAST ALCOHOLIC BEVERAGE,CONSUMPTION OF ALCOHOL,Original u otra,23590,49.874,False,False,False,Conservar como predictor principal,Excluir: detalle sustituido por versiones resumidas,"Sustituido por variables recodificadas, imputadas o resumidas"
CAGVWHO,WHO BOUGHT THE ALCOHOLIC BEVERAGE FOR YOU,CONSUMPTION OF ALCOHOL,Original u otra,23184,49.016,False,False,False,Conservar como predictor principal,Excluir: detalle sustituido por versiones resumidas,"Sustituido por variables recodificadas, imputadas o resumidas"
CR30EST,BEST ESTIMATE # DAYS USED CRACK PAST 30 DAYS,CRACK,Original u otra,47214,99.82,False,False,False,Conservar como predictor principal,Excluir: detalle sustituido por versiones resumidas,"Sustituido por variables recodificadas, imputadas o resumidas"
CRAKREC,TIME SINCE LAST USED CRACK,CRACK,Original u otra,47281,99.962,False,False,False,Conservar como predictor principal,Excluir: detalle sustituido por versiones resumidas,"Sustituido por variables recodificadas, imputadas o resumidas"
CRBSTWAY,EASIEST WAY TO TELL US # DAYS USED CRACK,CRACK,Original u otra,47275,99.949,False,False,False,Conservar como predictor principal,Excluir: detalle sustituido por versiones resumidas,"Sustituido por variables recodificadas, imputadas o resumidas"
CRDAYPMO,# DAYS PER MONTH USED CRACK PAST 12 MONTHS,CRACK,Original u otra,47172,99.731,False,False,False,Conservar como predictor principal,Excluir: detalle sustituido por versiones resumidas,"Sustituido por variables recodificadas, imputadas o resumidas"
CRDAYPWK,# DAYS PER WEEK USED CRACK PAST 12 MONTHS,CRACK,Original u otra,47171,99.729,False,False,False,Conservar como predictor principal,Excluir: detalle sustituido por versiones resumidas,"Sustituido por variables recodificadas, imputadas o resumidas"
CRDAYPYR,# DAYS USED CRACK PAST 12 MONTHS,CRACK,Original u otra,47192,99.774,False,False,False,Conservar como predictor principal,Excluir: detalle sustituido por versiones resumidas,"Sustituido por variables recodificadas, imputadas o resumidas"
CRKAGE,AGE WHEN FIRST USED CRACK,CRACK,Original u otra,47270,99.939,False,False,False,Conservar como predictor principal,Excluir: detalle sustituido por versiones resumidas,"Sustituido por variables recodificadas, imputadas o resumidas"
CRKEVER,EVER USED CRACK,CRACK,Original u otra,47281,99.962,False,False,False,Conservar como predictor principal,Excluir: detalle sustituido por versiones resumidas,"Sustituido por variables recodificadas, imputadas o resumidas"
CRKMFU,MONTH OF FIRST CRACK USE - RECODE,CRACK,Original u otra,45699,96.617,False,False,False,Conservar como predictor principal,Excluir: detalle sustituido por versiones resumidas,"Sustituido por variables recodificadas, imputadas o resumidas"
CRKUS30A,# DAYS USED CRACK PAST 30 DAYS,CRACK,Original u otra,47275,99.949,False,False,False,Conservar como predictor principal,Excluir: detalle sustituido por versiones resumidas,"Sustituido por variables recodificadas, imputadas o resumidas"
CRKYFU,YEAR OF FIRST CRACK USE - RECODE,CRACK,Original u otra,45699,96.617,False,False,False,Conservar como predictor principal,Excluir: detalle sustituido por versiones resumidas,"Sustituido por variables recodificadas, imputadas o resumidas"
CRKYRTOT,TOTAL # DAYS USED CRACK IN PAST 12 MONTHS,CRACK,Original u otra,47275,99.949,False,False,False,Conservar como predictor principal,Excluir: detalle sustituido por versiones resumidas,"Sustituido por variables recodificadas, imputadas o resumidas"
DAMTFXREC,TIME SINCE LAST USED DMT/AMT/FOXY,HALLUCINOGENS,Original u otra,47255,99.907,False,False,False,Conservar como predictor principal,Excluir: detalle sustituido por versiones resumidas,"Sustituido por variables recodificadas, imputadas o resumidas"
DMTAMTFXY,"EVER USED DMT, AMT, FOXY",HALLUCINOGENS,Original u otra,47254,99.905,False,False,False,Conservar como predictor principal,Excluir: detalle sustituido por versiones resumidas,"Sustituido por variables recodificadas, imputadas o resumidas"
ECSTMOAGE,AGE WHEN FIRST USED ECSTASY OR MOLLY,HALLUCINOGENS,Original u otra,47242,99.879,False,False,False,Conservar como predictor principal,Excluir: detalle sustituido por versiones resumidas,"Sustituido por variables recodificadas, imputadas o resumidas"
ECSTMOLLY,EVER USED 'ECSTASY' OR 'MOLLY' (MDMA),HALLUCINOGENS,Original u otra,47276,99.951,False,False,False,Conservar como predictor principal,Excluir: detalle sustituido por versiones resumidas,"Sustituido por variables recodificadas, imputadas o resumidas"
ECSTMOMFU,MONTH OF FIRST ECSTASY OR MOLLY USE - RECODE,HALLUCINOGENS,Original u otra,42936,90.776,False,False,False,Conservar como predictor principal,Excluir: detalle sustituido por versiones resumidas,"Sustituido por variables recodificadas, imputadas o resumidas"
ECSTMOREC,TIME SINCE LAST USED ECSTASY OR MOLLY,HALLUCINOGENS,Original u otra,47276,99.951,False,False,False,Conservar como predictor principal,Excluir: detalle sustituido por versiones resumidas,"Sustituido por variables recodificadas, imputadas o resumidas"
ECSTMOYFU,YEAR OF FIRST ECSTASY OR MOLLY USE - RECODE,HALLUCINOGENS,Original u otra,42942,90.788,False,False,False,Conservar como predictor principal,Excluir: detalle sustituido por versiones resumidas,"Sustituido por variables recodificadas, imputadas o resumidas"
HALLDYPMO,# DAYS PER MONTH USED HALLUCINOGEN PAST 12 MONTHS,HALLUCINOGENS,Original u otra,44991,95.12,False,False,False,Conservar como predictor principal,Excluir: detalle sustituido por versiones resumidas,"Sustituido por variables recodificadas, imputadas o resumidas"
HALLDYPWK,# DAYS PER WEEK USED HALLUCINOGEN PAST 12 MONTHS,HALLUCINOGENS,Original u otra,44874,94.873,False,False,False,Conservar como predictor principal,Excluir: detalle sustituido por versiones resumidas,"Sustituido por variables recodificadas, imputadas o resumidas"
HALLDYSYR,# DAYS USED HALLUCINOGEN PAST 12 MONTHS,HALLUCINOGENS,Original u otra,46434,98.171,False,False,False,Conservar como predictor principal,Excluir: detalle sustituido por versiones resumidas,"Sustituido por variables recodificadas, imputadas o resumidas"
HALLEASWY,EASIEST WAY TO TELL US # DAYS USED HALLUCINOGEN,HALLUCINOGENS,Original u otra,46871,99.095,False,False,False,Conservar como predictor principal,Excluir: detalle sustituido por versiones resumidas,"Sustituido por variables recodificadas, imputadas o resumidas"
HALLUC30E,BEST EST. # DAYS USED HALLUCINOGENS PAST 30 DAYS,HALLUCINOGENS,Original u otra,46411,98.123,False,False,False,Conservar como predictor principal,Excluir: detalle sustituido por versiones resumidas,"Sustituido por variables recodificadas, imputadas o resumidas"
HALLUC30N,# DAYS USED HALLUCINOGEN PAST 30 DAYS,HALLUCINOGENS,Original u otra,46965,99.294,False,False,False,Conservar como predictor principal,Excluir: detalle sustituido por versiones resumidas,"Sustituido por variables recodificadas, imputadas o resumidas"
HALLUCAGE,AGE WHEN FIRST USED HALLUCINOGENS,HALLUCINOGENS,Original u otra,47087,99.552,False,False,False,Conservar como predictor principal,Excluir: detalle sustituido por versiones resumidas,"Sustituido por variables recodificadas, imputadas o resumidas"
HALLUCEVR,EVER USED HALLUCINOGENS,HALLUCINOGENS,Original u otra,47196,99.782,False,False,False,Conservar como predictor principal,Excluir: detalle sustituido por versiones resumidas,"Sustituido por variables recodificadas, imputadas o resumidas"
HALLUCMFU,MONTH OF FIRST HALLUCINOGEN USE - RECODE,HALLUCINOGENS,Original u otra,38421,81.23,False,False,False,Conservar como predictor principal,Excluir: detalle sustituido por versiones resumidas,"Sustituido por variables recodificadas, imputadas o resumidas"
HALLUCOT1,OTHER HALLUCINOGEN - SPECIFY 1,HALLUCINOGENS,Original u otra,38358,81.097,False,False,False,Conservar como predictor principal,Excluir: detalle sustituido por versiones resumidas,"Sustituido por variables recodificadas, imputadas o resumidas"
HALLUCOT2,OTHER HALLUCINOGEN - SPECIFY 2,HALLUCINOGENS,Original u otra,37958,80.251,False,False,False,Conservar como predictor principal,Excluir: detalle sustituido por versiones resumidas,"Sustituido por variables recodificadas, imputadas o resumidas"
HALLUCOT3,OTHER HALLUCINOGEN - SPECIFY 3,HALLUCINOGENS,Original u otra,37874,80.074,False,False,False,Conservar como predictor principal,Excluir: detalle sustituido por versiones resumidas,"Sustituido por variables recodificadas, imputadas o resumidas"
HALLUCOT4,OTHER HALLUCINOGEN - SPECIFY 4,HALLUCINOGENS,Original u otra,37856,80.036,False,False,False,Conservar como predictor principal,Excluir: detalle sustituido por versiones resumidas,"Sustituido por variables recodificadas, imputadas o resumidas"
HALLUCOT5,OTHER HALLUCINOGEN - SPECIFY 5,HALLUCINOGENS,Original u otra,37846,80.014,False,False,False,Conservar como predictor principal,Excluir: detalle sustituido por versiones resumidas,"Sustituido por variables recodificadas, imputadas o resumidas"
HALLUCOTH,EVER USED OTHER HALLUCINOGEN,HALLUCINOGENS,Original u otra,47129,99.641,False,False,False,Conservar como predictor principal,Excluir: detalle sustituido por versiones resumidas,"Sustituido por variables recodificadas, imputadas o resumidas"
HALLUCREC,TIME SINCE LAST USED HALLUCINOGENS,HALLUCINOGENS,Original u otra,47159,99.704,False,False,False,Conservar como predictor principal,Excluir: detalle sustituido por versiones resumidas,"Sustituido por variables recodificadas, imputadas o resumidas"
HALLUCYFQ,TOTAL # OF DAYS USED HALLUCINOGENS IN PAST 12 MOS,HALLUCINOGENS,Original u otra,46869,99.091,False,False,False,Conservar como predictor principal,Excluir: detalle sustituido por versiones resumidas,"Sustituido por variables recodificadas, imputadas o resumidas"
HALLUCYFU,YEAR OF FIRST HALLUCINOGEN USE - RECODE,HALLUCINOGENS,Original u otra,38449,81.289,False,False,False,Conservar como predictor principal,Excluir: detalle sustituido por versiones resumidas,"Sustituido por variables recodificadas, imputadas o resumidas"
KETMINESK,EVER USED KETAMINE,HALLUCINOGENS,Original u otra,47272,99.943,False,False,False,Conservar como predictor principal,Excluir: detalle sustituido por versiones resumidas,"Sustituido por variables recodificadas, imputadas o resumidas"
KETMINREC,TIME SINCE LAST USED KETAMINE,HALLUCINOGENS,Original u otra,47272,99.943,False,False,False,Conservar como predictor principal,Excluir: detalle sustituido por versiones resumidas,"Sustituido por variables recodificadas, imputadas o resumidas"
LSD,"EVER USED LSD (""ACID"")",HALLUCINOGENS,Original u otra,47276,99.951,False,False,False,Conservar como predictor principal,Excluir: detalle sustituido por versiones resumidas,"Sustituido por variables recodificadas, imputadas o resumidas"
LSDAGE,AGE WHEN FIRST USED LSD,HALLUCINOGENS,Original u otra,47202,99.795,False,False,False,Conservar como predictor principal,Excluir: detalle sustituido por versiones resumidas,"Sustituido por variables recodificadas, imputadas o resumidas"
LSDMFU,MONTH OF FIRST LSD USE - RECODE,HALLUCINOGENS,Original u otra,42225,89.273,False,False,False,Conservar como predictor principal,Excluir: detalle sustituido por versiones resumidas,"Sustituido por variables recodificadas, imputadas o resumidas"
LSDREC,TIME SINCE LAST USED LSD,HALLUCINOGENS,Original u otra,47280,99.96,False,False,False,Conservar como predictor principal,Excluir: detalle sustituido por versiones resumidas,"Sustituido por variables recodificadas, imputadas o resumidas"
LSDYFU,YEAR OF FIRST LSD USE - RECODE,HALLUCINOGENS,Original u otra,42234,89.292,False,False,False,Conservar como predictor principal,Excluir: detalle sustituido por versiones resumidas,"Sustituido por variables recodificadas, imputadas o resumidas"
MESC,EVER USED MESCALINE,HALLUCINOGENS,Original u otra,47244,99.884,False,False,False,Conservar como predictor principal,Excluir: detalle sustituido por versiones resumidas,"Sustituido por variables recodificadas, imputadas o resumidas"
PCP,"EVER USED PCP (""ANGEL DUST,"" PHENCYCLIDINE)",HALLUCINOGENS,Original u otra,47280,99.96,False,False,False,Conservar como predictor principal,Excluir: detalle sustituido por versiones resumidas,"Sustituido por variables recodificadas, imputadas o resumidas"
PCPAGE,AGE WHEN FIRST USED PCP,HALLUCINOGENS,Original u otra,47259,99.915,False,False,False,Conservar como predictor principal,Excluir: detalle sustituido por versiones resumidas,"Sustituido por variables recodificadas, imputadas o resumidas"
PCPMFU,MONTH OF FIRST PCP USE - RECODE,HALLUCINOGENS,Original u otra,46486,98.281,False,False,False,Conservar como predictor principal,Excluir: detalle sustituido por versiones resumidas,"Sustituido por variables recodificadas, imputadas o resumidas"
PCPREC,TIME SINCE LAST USED PCP,HALLUCINOGENS,Original u otra,47279,99.958,False,False,False,Conservar como predictor principal,Excluir: detalle sustituido por versiones resumidas,"Sustituido por variables recodificadas, imputadas o resumidas"
PCPYFU,YEAR OF FIRST PCP USE - RECODE,HALLUCINOGENS,Original u otra,46487,98.283,False,False,False,Conservar como predictor principal,Excluir: detalle sustituido por versiones resumidas,"Sustituido por variables recodificadas, imputadas o resumidas"
PEYOTE,EVER USED PEYOTE,HALLUCINOGENS,Original u otra,47261,99.92,False,False,False,Conservar como predictor principal,Excluir: detalle sustituido por versiones resumidas,"Sustituido por variables recodificadas, imputadas o resumidas"
PSILCY,EVER USED PSILOCYBIN (MUSHROOMS),HALLUCINOGENS,Original u otra,47217,99.827,False,False,False,Conservar como predictor principal,Excluir: detalle sustituido por versiones resumidas,"Sustituido por variables recodificadas, imputadas o resumidas"
PSILCYREC,TIME SINCE LAST USED PSILOCYBIN,HALLUCINOGENS,Original u otra,47256,99.909,False,False,False,Conservar como predictor principal,Excluir: detalle sustituido por versiones resumidas,"Sustituido por variables recodificadas, imputadas o resumidas"
SALVIADIV,EVER USED SALVIA DIVINORUM,HALLUCINOGENS,Original u otra,47247,99.89,False,False,False,Conservar como predictor principal,Excluir: detalle sustituido por versiones resumidas,"Sustituido por variables recodificadas, imputadas o resumidas"
SALVIAREC,TIME SINCE LAST USED SALVIA DIVINORUM,HALLUCINOGENS,Original u otra,47246,99.888,False,False,False,Conservar como predictor principal,Excluir: detalle sustituido por versiones resumidas,"Sustituido por variables recodificadas, imputadas o resumidas"
HER30USE,# DAYS USED HEROIN PAST 30 DAYS,HEROIN,Original u otra,47283,99.966,False,False,False,Conservar como predictor principal,Excluir: detalle sustituido por versiones resumidas,"Sustituido por variables recodificadas, imputadas o resumidas"
HERAGE,AGE WHEN FIRST USED HEROIN,HEROIN,Original u otra,47284,99.968,False,False,False,Conservar como predictor principal,Excluir: detalle sustituido por versiones resumidas,"Sustituido por variables recodificadas, imputadas o resumidas"
HEREVER,EVER USED HEROIN,HEROIN,Original u otra,47293,99.987,False,False,False,Conservar como predictor principal,Excluir: detalle sustituido por versiones resumidas,"Sustituido por variables recodificadas, imputadas o resumidas"
HERMFU,MONTH OF FIRST HEROIN USE - RECODE,HEROIN,Original u otra,46124,97.516,False,False,False,Conservar como predictor principal,Excluir: detalle sustituido por versiones resumidas,"Sustituido por variables recodificadas, imputadas o resumidas"
HERREC,TIME SINCE LAST USED HEROIN,HEROIN,Original u otra,47293,99.987,False,False,False,Conservar como predictor principal,Excluir: detalle sustituido por versiones resumidas,"Sustituido por variables recodificadas, imputadas o resumidas"
HERYFU,YEAR OF FIRST HEROIN USE - RECODE,HEROIN,Original u otra,46126,97.52,False,False,False,Conservar como predictor principal,Excluir: detalle sustituido por versiones resumidas,"Sustituido por variables recodificadas, imputadas o resumidas"
HERYRTOT,TOTAL # OF DAYS USED HEROIN IN PAST 12 MONTHS,HEROIN,Original u otra,47281,99.962,False,False,False,Conservar como predictor principal,Excluir: detalle sustituido por versiones resumidas,"Sustituido por variables recodificadas, imputadas o resumidas"
HR30EST,BEST EST. # DAYS USED HEROIN PAST 30 DAYS,HEROIN,Original u otra,47215,99.822,False,False,False,Conservar como predictor principal,Excluir: detalle sustituido por versiones resumidas,"Sustituido por variables recodificadas, imputadas o resumidas"
HRBSTWAY,EASIEST WAY TO TELL US # DAYS USED HEROIN,HEROIN,Original u otra,47283,99.966,False,False,False,Conservar como predictor principal,Excluir: detalle sustituido por versiones resumidas,"Sustituido por variables recodificadas, imputadas o resumidas"
HRDAYPMO,# DAYS PER MONTH USED HEROIN PAST 12 MONTHS,HEROIN,Original u otra,47187,99.763,False,False,False,Conservar como predictor principal,Excluir: detalle sustituido por versiones resumidas,"Sustituido por variables recodificadas, imputadas o resumidas"
HRDAYPWK,# DAYS PER WEEK USED HEROIN PAST 12 MONTHS,HEROIN,Original u otra,47213,99.818,False,False,False,Conservar como predictor principal,Excluir: detalle sustituido por versiones resumidas,"Sustituido por variables recodificadas, imputadas o resumidas"
HRDAYPYR,# DAYS USED HEROIN PAST 12 MONTHS,HEROIN,Original u otra,47193,99.776,False,False,False,Conservar como predictor principal,Excluir: detalle sustituido por versiones resumidas,"Sustituido por variables recodificadas, imputadas o resumidas"
AIRDUSTER3,EVER INHALED COMPUTER KEYBOARD CLEANER/AIR DUSTER,INHALANTS,Original u otra,47285,99.97,False,False,False,Conservar como predictor principal,Excluir: detalle sustituido por versiones resumidas,"Sustituido por variables recodificadas, imputadas o resumidas"
AMYLNIT3,"EVER INHALED AMYL NITRITE, 'POPPERS,' RUSH, ETC.",INHALANTS,Original u otra,47258,99.913,False,False,False,Conservar como predictor principal,Excluir: detalle sustituido por versiones resumidas,"Sustituido por variables recodificadas, imputadas o resumidas"
CLEFLU3,"EVER INHALED CORRECTION FLUID, DEGREASER, ETC.",INHALANTS,Original u otra,47278,99.956,False,False,False,Conservar como predictor principal,Excluir: detalle sustituido por versiones resumidas,"Sustituido por variables recodificadas, imputadas o resumidas"
ETHER3,"EVER INHALED HALOTHANE, ETHER, OR OTHER ANESTHETIC",INHALANTS,Original u otra,47278,99.956,False,False,False,Conservar como predictor principal,Excluir: detalle sustituido por versiones resumidas,"Sustituido por variables recodificadas, imputadas o resumidas"
FELTMARKR3,EVER INHALED FELT-TIP PENS/MARKERS,INHALANTS,Original u otra,47270,99.939,False,False,False,Conservar como predictor principal,Excluir: detalle sustituido por versiones resumidas,"Sustituido por variables recodificadas, imputadas o resumidas"
GAS3,EVER INHALED GASOLINE OR LIGHTER FLUID,INHALANTS,Original u otra,47284,99.968,False,False,False,Conservar como predictor principal,Excluir: detalle sustituido por versiones resumidas,"Sustituido por variables recodificadas, imputadas o resumidas"
GLUE3,"EVER INHALED GLUE, SHOE POLISH, OR TOLUENE",INHALANTS,Original u otra,47282,99.964,False,False,False,Conservar como predictor principal,Excluir: detalle sustituido por versiones resumidas,"Sustituido por variables recodificadas, imputadas o resumidas"
INHAL30ES2,BEST ESTIMATE # DAYS USED INHALANTS PAST 30 DAYS,INHALANTS,Original u otra,46962,99.288,False,False,False,Conservar como predictor principal,Excluir: detalle sustituido por versiones resumidas,"Sustituido por variables recodificadas, imputadas o resumidas"
INHAL30N2,# DAYS USED INHALANT PAST 30 DAYS,INHALANTS,Original u otra,47176,99.74,False,False,False,Conservar como predictor principal,Excluir: detalle sustituido por versiones resumidas,"Sustituido por variables recodificadas, imputadas o resumidas"
INHALAGE2,AGE WHEN FIRST USED INHALANTS,INHALANTS,Original u otra,46994,99.355,False,False,False,Conservar como predictor principal,Excluir: detalle sustituido por versiones resumidas,"Sustituido por variables recodificadas, imputadas o resumidas"
INHALEVER2,EVER USED INHALANTS,INHALANTS,Original u otra,47231,99.856,False,False,False,Conservar como predictor principal,Excluir: detalle sustituido por versiones resumidas,"Sustituido por variables recodificadas, imputadas o resumidas"
INHALMFU2,MONTH OF FIRST INHALANT USE - RECODE,INHALANTS,Original u otra,42145,89.103,False,False,False,Conservar como predictor principal,Excluir: detalle sustituido por versiones resumidas,"Sustituido por variables recodificadas, imputadas o resumidas"
INHALOTH2,EVER USED OTHER INHALANTS,INHALANTS,Original u otra,47272,99.943,False,False,False,Conservar como predictor principal,Excluir: detalle sustituido por versiones resumidas,"Sustituido por variables recodificadas, imputadas o resumidas"
INHALREC2,TIME SINCE LAST USED INHALANTS,INHALANTS,Original u otra,47231,99.856,False,False,False,Conservar como predictor principal,Excluir: detalle sustituido por versiones resumidas,"Sustituido por variables recodificadas, imputadas o resumidas"
INHALYFQ2,TOTAL # OF DAYS USED INHALANT PAST 12 MONTHS,INHALANTS,Original u otra,47171,99.729,False,False,False,Conservar como predictor principal,Excluir: detalle sustituido por versiones resumidas,"Sustituido por variables recodificadas, imputadas o resumidas"
INHALYFU2,YEAR OF FIRST INHALANT USE - RECODE,INHALANTS,Original u otra,42154,89.122,False,False,False,Conservar como predictor principal,Excluir: detalle sustituido por versiones resumidas,"Sustituido por variables recodificadas, imputadas o resumidas"
INHDYPMO2,# DAYS PER MONTH USED INHALANT PAST 12 MONTHS,INHALANTS,Original u otra,46723,98.782,False,False,False,Conservar como predictor principal,Excluir: detalle sustituido por versiones resumidas,"Sustituido por variables recodificadas, imputadas o resumidas"
INHDYPWK2,# DAYS PER WEEK USED INHALANT PAST 12 MONTHS,INHALANTS,Original u otra,46706,98.746,False,False,False,Conservar como predictor principal,Excluir: detalle sustituido por versiones resumidas,"Sustituido por variables recodificadas, imputadas o resumidas"
INHDYSYR2,# DAYS USED INHALANT PAST 12 MONTHS,INHALANTS,Original u otra,46975,99.315,False,False,False,Conservar como predictor principal,Excluir: detalle sustituido por versiones resumidas,"Sustituido por variables recodificadas, imputadas o resumidas"
INHEASWY2,EASIEST WAY TO TELL US # DAYS USED INHALANTS,INHALANTS,Original u otra,47174,99.736,False,False,False,Conservar como predictor principal,Excluir: detalle sustituido por versiones resumidas,"Sustituido por variables recodificadas, imputadas o resumidas"
LGAS3,"EVER INHALED LIGHTER GASES (BUTANE, PROPANE)",INHALANTS,Original u otra,47284,99.968,False,False,False,Conservar como predictor principal,Excluir: detalle sustituido por versiones resumidas,"Sustituido por variables recodificadas, imputadas o resumidas"
NITOXID3,EVER INHALED NITROUS OXIDE OR 'WHIPPITS',INHALANTS,Original u otra,47268,99.934,False,False,False,Conservar como predictor principal,Excluir: detalle sustituido por versiones resumidas,"Sustituido por variables recodificadas, imputadas o resumidas"
OTHAEROS3,EVER INHALED OTHER AEROSOL SPRAYS,INHALANTS,Original u otra,47278,99.956,False,False,False,Conservar como predictor principal,Excluir: detalle sustituido por versiones resumidas,"Sustituido por variables recodificadas, imputadas o resumidas"
SOLVENT3,"EVER INHALED LACQUER THINNER, OTHER PAINT SOLVENTS",INHALANTS,Original u otra,47281,99.962,False,False,False,Conservar como predictor principal,Excluir: detalle sustituido por versiones resumidas,"Sustituido por variables recodificadas, imputadas o resumidas"
SPPAINT3,EVER INHALED SPRAY PAINTS,INHALANTS,Original u otra,47283,99.966,False,False,False,Conservar como predictor principal,Excluir: detalle sustituido por versiones resumidas,"Sustituido por variables recodificadas, imputadas o resumidas"
CBDHMPEVR,EVER USED CBD OR HEMP PRODUCTS,MARIJUANA,Original u otra,47185,99.759,False,False,False,Conservar como predictor principal,Excluir: detalle sustituido por versiones resumidas,"Sustituido por variables recodificadas, imputadas o resumidas"
CBDHMPREC,TIME SINCE LAST USED CBD OR HEMP PRODUCT,MARIJUANA,Original u otra,47185,99.759,False,False,False,Conservar como predictor principal,Excluir: detalle sustituido por versiones resumidas,"Sustituido por variables recodificadas, imputadas o resumidas"
MEDMJPA2,STATE MEDICAL MJ LAW PASSED AT TIME OF INTERVIEW,MARIJUANA,Original u otra,47299,100.0,False,False,False,Conservar como predictor principal,Excluir: detalle sustituido por versiones resumidas,"Sustituido por variables recodificadas, imputadas o resumidas"
MJAGE,AGE WHEN FIRST USED MARIJUANA/CANNABIS,MARIJUANA,Original u otra,47164,99.715,False,False,False,Conservar como predictor principal,Excluir: detalle sustituido por versiones resumidas,"Sustituido por variables recodificadas, imputadas o resumidas"
MJALLMEDYR,ALL MARIJUANA USE IN PAST 12 MONTHS RECOMMENDED BY DR,MARIJUANA,Original u otra,36220,76.577,False,False,False,Conservar como predictor principal,Excluir: detalle sustituido por versiones resumidas,"Sustituido por variables recodificadas, imputadas o resumidas"
MJANYMEDYR,ANY MARIJUANA USE IN PAST 12 MONTHS RECOMMENDED BY DR,MARIJUANA,Original u otra,47171,99.729,False,False,False,Conservar como predictor principal,Excluir: detalle sustituido por versiones resumidas,"Sustituido por variables recodificadas, imputadas o resumidas"
MJDAY30A,# DAYS USED MARIJUANA/CANNABIS PAST 30 DAYS,MARIJUANA,Original u otra,47045,99.463,False,False,False,Conservar como predictor principal,Excluir: detalle sustituido por versiones resumidas,"Sustituido por variables recodificadas, imputadas o resumidas"
MJEVER,EVER USED MARIJUANA/CANNABIS,MARIJUANA,Original u otra,47276,99.951,False,False,False,Conservar como predictor principal,Excluir: detalle sustituido por versiones resumidas,"Sustituido por variables recodificadas, imputadas o resumidas"
MJEVERVAPE,EVER VAPED MARIJUANA,MARIJUANA,Original u otra,41514,87.769,False,False,False,Conservar como predictor principal,Excluir: detalle sustituido por versiones resumidas,"Sustituido por variables recodificadas, imputadas o resumidas"
MJMFU,MONTH OF FIRST MARIJUANA/CANNABIS USE - RECODE,MARIJUANA,Original u otra,23267,49.191,False,False,False,Conservar como predictor principal,Excluir: detalle sustituido por versiones resumidas,"Sustituido por variables recodificadas, imputadas o resumidas"
MJMONDAB,"MRJ USE - DABBING WAXES, SHATTER, OR CONC - PAST 30 DAYS",MARIJUANA,Original u otra,47081,99.539,False,False,False,Conservar como predictor principal,Excluir: detalle sustituido por versiones resumidas,"Sustituido por variables recodificadas, imputadas o resumidas"
MJMONEAT,MRJ USE - EATING OR DRINKING - PAST 30 DAYS,MARIJUANA,Original u otra,47052,99.478,False,False,False,Conservar como predictor principal,Excluir: detalle sustituido por versiones resumidas,"Sustituido por variables recodificadas, imputadas o resumidas"
MJMONMOUTH,MRJ USE - DROPS/STRIPS/LOZENGES/SPRAYS IN MOUTH - PST 30 DAY,MARIJUANA,Original u otra,47085,99.548,False,False,False,Conservar como predictor principal,Excluir: detalle sustituido por versiones resumidas,"Sustituido por variables recodificadas, imputadas o resumidas"
MJMONPILL,MRJ USE - PILLS - PAST 30 DAYS,MARIJUANA,Original u otra,47081,99.539,False,False,False,Conservar como predictor principal,Excluir: detalle sustituido por versiones resumidas,"Sustituido por variables recodificadas, imputadas o resumidas"
MJMONSKIN,MRJ USE - LOTION/CREAM/PATCH TO SKIN - PAST 30 DAYS,MARIJUANA,Original u otra,47079,99.535,False,False,False,Conservar como predictor principal,Excluir: detalle sustituido por versiones resumidas,"Sustituido por variables recodificadas, imputadas o resumidas"
MJMONSMOKE,MRJ USE - SMOKING - PAST 30 DAYS,MARIJUANA,Original u otra,47074,99.524,False,False,False,Conservar como predictor principal,Excluir: detalle sustituido por versiones resumidas,"Sustituido por variables recodificadas, imputadas o resumidas"
MJMONVAPE,MRJ USE - VAPING - PAST 30 DAYS,MARIJUANA,Original u otra,47071,99.518,False,False,False,Conservar como predictor principal,Excluir: detalle sustituido por versiones resumidas,"Sustituido por variables recodificadas, imputadas o resumidas"
MJREC,TIME SINCE LAST USED MARIJUANA/CANNABIS,MARIJUANA,Original u otra,47274,99.947,False,False,False,Conservar como predictor principal,Excluir: detalle sustituido por versiones resumidas,"Sustituido por variables recodificadas, imputadas o resumidas"
MJYFU,YEAR OF FIRST MARIJUANA/CANNABIS USE - RECODE,MARIJUANA,Original u otra,23310,49.282,False,False,False,Conservar como predictor principal,Excluir: detalle sustituido por versiones resumidas,"Sustituido por variables recodificadas, imputadas o resumidas"
MJYRDAB,"MRJ USE - DABBING WAXES, SHATTER, OR CONC - PAST 12 MOS",MARIJUANA,Original u otra,47088,99.554,False,False,False,Conservar como predictor principal,Excluir: detalle sustituido por versiones resumidas,"Sustituido por variables recodificadas, imputadas o resumidas"
MJYREAT,MRJ USE - EATING OR DRINKING - PAST 12 MONTHS,MARIJUANA,Original u otra,46955,99.273,False,False,False,Conservar como predictor principal,Excluir: detalle sustituido por versiones resumidas,"Sustituido por variables recodificadas, imputadas o resumidas"
MJYRMOUTH,MRJ USE - DROPS/STRIPS/LOZENGES/SPRAYS IN MOUTH - PST 12 MOS,MARIJUANA,Original u otra,47128,99.638,False,False,False,Conservar como predictor principal,Excluir: detalle sustituido por versiones resumidas,"Sustituido por variables recodificadas, imputadas o resumidas"
MJYROTHER,MRJ USE - SOME OTHER WAY - PAST 12 MONTHS,MARIJUANA,Original u otra,47156,99.698,False,False,False,Conservar como predictor principal,Excluir: detalle sustituido por versiones resumidas,"Sustituido por variables recodificadas, imputadas o resumidas"
MJYRPILL,MRJ USE - PILLS - PAST 12 MONTHS,MARIJUANA,Original u otra,47160,99.706,False,False,False,Conservar como predictor principal,Excluir: detalle sustituido por versiones resumidas,"Sustituido por variables recodificadas, imputadas o resumidas"
MJYRSKIN,MRJ USE - LOTION/CREAM/PATCH TO SKIN - PAST 12 MONTHS,MARIJUANA,Original u otra,47142,99.668,False,False,False,Conservar como predictor principal,Excluir: detalle sustituido por versiones resumidas,"Sustituido por variables recodificadas, imputadas o resumidas"
MJYRSMOKE,MRJ USE - SMOKING - PAST 12 MONTHS,MARIJUANA,Original u otra,47065,99.505,False,False,False,Conservar como predictor principal,Excluir: detalle sustituido por versiones resumidas,"Sustituido por variables recodificadas, imputadas o resumidas"
MJYRTOT,TOTAL # OF DAYS USED MARIJUANA/CANNABIS IN PAST 12 MOS,MARIJUANA,Original u otra,47029,99.429,False,False,False,Conservar como predictor principal,Excluir: detalle sustituido por versiones resumidas,"Sustituido por variables recodificadas, imputadas o resumidas"
MJYRVAPE,MRJ USE - VAPING - PAST 12 MONTHS,MARIJUANA,Original u otra,46936,99.233,False,False,False,Conservar como predictor principal,Excluir: detalle sustituido por versiones resumidas,"Sustituido por variables recodificadas, imputadas o resumidas"
MR30EST,BEST EST. # DAYS USED MARIJUANA/CANNABIS PAST 30 DAYS,MARIJUANA,Original u otra,38048,80.441,False,False,False,Conservar como predictor principal,Excluir: detalle sustituido por versiones resumidas,"Sustituido por variables recodificadas, imputadas o resumidas"
MRBSTWAY,EASIEST WAY TO TELL US # DAYS USED MARIJUANA/CANNABIS,MARIJUANA,Original u otra,47068,99.512,False,False,False,Conservar como predictor principal,Excluir: detalle sustituido por versiones resumidas,"Sustituido por variables recodificadas, imputadas o resumidas"
MRDAYPMO,# DAYS PER MO USED MARIJUANA/CANNABIS PAST 12 MOS,MARIJUANA,Original u otra,36855,77.919,False,False,False,Conservar como predictor principal,Excluir: detalle sustituido por versiones resumidas,"Sustituido por variables recodificadas, imputadas o resumidas"
MRDAYPWK,# DAYS PER WEEK USED MARIJUANA/CANNABIS PAST 12 MOS,MARIJUANA,Original u otra,39867,84.287,False,False,False,Conservar como predictor principal,Excluir: detalle sustituido por versiones resumidas,"Sustituido por variables recodificadas, imputadas o resumidas"
MRDAYPYR,# DAYS USED MARIJUANA/CANNABIS PAST 12 MONTHS,MARIJUANA,Original u otra,38257,80.883,False,False,False,Conservar como predictor principal,Excluir: detalle sustituido por versiones resumidas,"Sustituido por variables recodificadas, imputadas o resumidas"
MKMAMTPDCOM2,AMT PAID FOR LAST MRJ BOUGHT - CAT - PST 12 MOS (COMBINED),MARKET INFORMATION FOR MARIJUANA,Original u otra,42525,89.907,False,False,False,Conservar como predictor principal,Excluir: detalle sustituido por versiones resumidas,"Sustituido por variables recodificadas, imputadas o resumidas"
MKMBGHT30N2,# OF DAYS PAID FOR OR BOUGHT MARIJUANA - PAST 30 DAYS,MARKET INFORMATION FOR MARIJUANA,Original u otra,38667,81.75,False,False,False,Conservar como predictor principal,Excluir: detalle sustituido por versiones resumidas,"Sustituido por variables recodificadas, imputadas o resumidas"
MKMBGHTDAB,LAST BOUGHT MRJ IN WAXES/SHATTER/CONCENTRATE - PST 12 MOS,MARKET INFORMATION FOR MARIJUANA,Original u otra,42558,89.977,False,False,False,Conservar como predictor principal,Excluir: detalle sustituido por versiones resumidas,"Sustituido por variables recodificadas, imputadas o resumidas"
MKMBGHTDISP,BGHT LAST MARIJUANA FROM STORE OR DISPENSARY - PST 12 MOS,MARKET INFORMATION FOR MARIJUANA,Original u otra,42548,89.955,False,False,False,Conservar como predictor principal,Excluir: detalle sustituido por versiones resumidas,"Sustituido por variables recodificadas, imputadas o resumidas"
MKMBGHTDRPS,LAST BOUGHT MRJ IN DROP/STRIP/LOZENGE/SPRAY - PST 12 MOS,MARKET INFORMATION FOR MARIJUANA,Original u otra,42555,89.97,False,False,False,Conservar como predictor principal,Excluir: detalle sustituido por versiones resumidas,"Sustituido por variables recodificadas, imputadas o resumidas"
MKMBGHTEDBLE,LAST BOUGHT MRJ IN EDIBLES FOR EAT OR DRINK - PST 12 MOS,MARKET INFORMATION FOR MARIJUANA,Original u otra,42556,89.972,False,False,False,Conservar como predictor principal,Excluir: detalle sustituido por versiones resumidas,"Sustituido por variables recodificadas, imputadas o resumidas"
MKMBGHTJNT,LAST BOUGHT MRJ IN PRE-ROLLED JOINTS - PST 12 MOS,MARKET INFORMATION FOR MARIJUANA,Original u otra,42562,89.985,False,False,False,Conservar como predictor principal,Excluir: detalle sustituido por versiones resumidas,"Sustituido por variables recodificadas, imputadas o resumidas"
MKMBGHTKNW,HOW WELL KNOW PERSON BOUGHT LAST MRJ FROM - PST 12 MOS,MARKET INFORMATION FOR MARIJUANA,Original u otra,36016,76.145,False,False,False,Conservar como predictor principal,Excluir: detalle sustituido por versiones resumidas,"Sustituido por variables recodificadas, imputadas o resumidas"
MKMBGHTLOO,LAST BOUGHT MRJ IN LOOSE FORM - PST 12 MOS,MARKET INFORMATION FOR MARIJUANA,Original u otra,42563,89.987,False,False,False,Conservar como predictor principal,Excluir: detalle sustituido por versiones resumidas,"Sustituido por variables recodificadas, imputadas o resumidas"
MKMBGHTLTN,LAST BOUGHT MRJ IN LOTION/CREAM/PATCH - PST 12 MOS,MARKET INFORMATION FOR MARIJUANA,Original u otra,42556,89.972,False,False,False,Conservar como predictor principal,Excluir: detalle sustituido por versiones resumidas,"Sustituido por variables recodificadas, imputadas o resumidas"
MKMBGHTOTH,LAST BOUGHT MRJ IN OTHER FORM - PST 12 MOS,MARKET INFORMATION FOR MARIJUANA,Original u otra,42456,89.761,False,False,False,Conservar como predictor principal,Excluir: detalle sustituido por versiones resumidas,"Sustituido por variables recodificadas, imputadas o resumidas"
MKMBGHTPILL,LAST BOUGHT MRJ IN PILLS - PST 12 MOS,MARKET INFORMATION FOR MARIJUANA,Original u otra,42559,89.979,False,False,False,Conservar como predictor principal,Excluir: detalle sustituido por versiones resumidas,"Sustituido por variables recodificadas, imputadas o resumidas"
MKMBGHTREC,TIME SINCE LAST PAID FOR OR BOUGHT MARIJUANA,MARKET INFORMATION FOR MARIJUANA,Original u otra,42525,89.907,False,False,False,Conservar como predictor principal,Excluir: detalle sustituido por versiones resumidas,"Sustituido por variables recodificadas, imputadas o resumidas"
MKMBGHTVAPE,LAST BOUGHT MRJ IN VAPING CATRIDGE/OIL/PEN - PST 12 MOS,MARKET INFORMATION FOR MARIJUANA,Original u otra,42558,89.977,False,False,False,Conservar como predictor principal,Excluir: detalle sustituido por versiones resumidas,"Sustituido por variables recodificadas, imputadas o resumidas"
MKMBGHTYR,PAID FOR OR BOUGHT MARIJUANA - PAST 12 MONTHS,MARKET INFORMATION FOR MARIJUANA,Original u otra,46696,98.725,False,False,False,Conservar como predictor principal,Excluir: detalle sustituido por versiones resumidas,"Sustituido por variables recodificadas, imputadas o resumidas"
MKMFREEYR,GOT FOR FREE OR SHARED SOMEONE ELSE'S MARIJUANA - PST 12 MOS,MARKET INFORMATION FOR MARIJUANA,Original u otra,46689,98.71,False,False,False,Conservar como predictor principal,Excluir: detalle sustituido por versiones resumidas,"Sustituido por variables recodificadas, imputadas o resumidas"
MKMGREWYR,GREW OWN MARIJUANA - PAST 12 MONTHS,MARKET INFORMATION FOR MARIJUANA,Original u otra,46720,98.776,False,False,False,Conservar como predictor principal,Excluir: detalle sustituido por versiones resumidas,"Sustituido por variables recodificadas, imputadas o resumidas"
MKMLOOGMCOM2,EST AMT OF LOOSE MRJ BGHT LAST TIME IN GRAMS-CAT (COMBINED),MARKET INFORMATION FOR MARIJUANA,Original u otra,36191,76.515,False,False,False,Conservar como predictor principal,Excluir: detalle sustituido por versiones resumidas,"Sustituido por variables recodificadas, imputadas o resumidas"
MKMLOOOUNCE,AMT OF LOOSE MARIJUANA BOUGHT LAST TIME IN OUNCES - CAT,MARKET INFORMATION FOR MARIJUANA,Original u otra,36275,76.693,False,False,False,Conservar como predictor principal,Excluir: detalle sustituido por versiones resumidas,"Sustituido por variables recodificadas, imputadas o resumidas"
MKMOTHWAYYR,GOT MARIJUANA IN SOME OTHER WAY - PAST 12 MONTHS,MARKET INFORMATION FOR MARIJUANA,Original u otra,44970,95.076,False,False,False,Conservar como predictor principal,Excluir: detalle sustituido por versiones resumidas,"Sustituido por variables recodificadas, imputadas o resumidas"
MKMSELLMRJ,SOLD MARIJUANA IN THE PAST 12 MONTHS,MARKET INFORMATION FOR MARIJUANA,Original u otra,46722,98.78,False,False,False,Conservar como predictor principal,Excluir: detalle sustituido por versiones resumidas,"Sustituido por variables recodificadas, imputadas o resumidas"
MKMTRADEYR,TRADED SOMETHING FOR MARIJUANA - PAST 12 MONTHS,MARKET INFORMATION FOR MARIJUANA,Original u otra,46720,98.776,False,False,False,Conservar como predictor principal,Excluir: detalle sustituido por versiones resumidas,"Sustituido por variables recodificadas, imputadas o resumidas"
METHAM30E,BEST ESTIMATE # DAYS USED METH PAST 30 DAYS,METHAMPHETAMINE,Original u otra,46934,99.228,False,False,False,Conservar como predictor principal,Excluir: detalle sustituido por versiones resumidas,"Sustituido por variables recodificadas, imputadas o resumidas"
METHAM30N,# DAYS USED METHAMPHETAMINE PAST 30 DAYS,METHAMPHETAMINE,Original u otra,47237,99.869,False,False,False,Conservar como predictor principal,Excluir: detalle sustituido por versiones resumidas,"Sustituido por variables recodificadas, imputadas o resumidas"
METHAMAGE,AGE 1ST USED METHAMPHETAMINE,METHAMPHETAMINE,Original u otra,47247,99.89,False,False,False,Conservar como predictor principal,Excluir: detalle sustituido por versiones resumidas,"Sustituido por variables recodificadas, imputadas o resumidas"
METHAMEVR,EVER USED METHAMPHETAMINE,METHAMPHETAMINE,Original u otra,47265,99.928,False,False,False,Conservar como predictor principal,Excluir: detalle sustituido por versiones resumidas,"Sustituido por variables recodificadas, imputadas o resumidas"
METHAMMFU,MONTH 1ST USED METHAMPHETAMINE,METHAMPHETAMINE,Original u otra,44710,94.526,False,False,False,Conservar como predictor principal,Excluir: detalle sustituido por versiones resumidas,"Sustituido por variables recodificadas, imputadas o resumidas"
METHAMREC,TIME SINCE LAST USED METHAMPHETAMINE,METHAMPHETAMINE,Original u otra,47265,99.928,False,False,False,Conservar como predictor principal,Excluir: detalle sustituido por versiones resumidas,"Sustituido por variables recodificadas, imputadas o resumidas"
METHAMYFQ,TOTAL # DAYS USED METHAMPHETAMINE PAST 12 MONTHS,METHAMPHETAMINE,Original u otra,47233,99.86,False,False,False,Conservar como predictor principal,Excluir: detalle sustituido por versiones resumidas,"Sustituido por variables recodificadas, imputadas o resumidas"
METHAMYFU,YEAR 1ST USED METHAMPHETAMINE,METHAMPHETAMINE,Original u otra,44712,94.531,False,False,False,Conservar como predictor principal,Excluir: detalle sustituido por versiones resumidas,"Sustituido por variables recodificadas, imputadas o resumidas"
METHDYPMO,# DAYS PER MO USED METHAMPHETAMINE PAST 12 MONTHS,METHAMPHETAMINE,Original u otra,46849,99.049,False,False,False,Conservar como predictor principal,Excluir: detalle sustituido por versiones resumidas,"Sustituido por variables recodificadas, imputadas o resumidas"
METHDYPWK,# DAYS PER WK USED METHAMPHETAMINE PAST 12 MONTHS,METHAMPHETAMINE,Original u otra,46947,99.256,False,False,False,Conservar como predictor principal,Excluir: detalle sustituido por versiones resumidas,"Sustituido por variables recodificadas, imputadas o resumidas"
METHDYSYR,# DAYS USED METHAMPHETAMINE PAST 12 MONTHS,METHAMPHETAMINE,Original u otra,46892,99.14,False,False,False,Conservar como predictor principal,Excluir: detalle sustituido por versiones resumidas,"Sustituido por variables recodificadas, imputadas o resumidas"
METHEASWY,EASIEST WAY TO TELL # DAYS USED METHAMPHETAMINE,METHAMPHETAMINE,Original u otra,47235,99.865,False,False,False,Conservar como predictor principal,Excluir: detalle sustituido por versiones resumidas,"Sustituido por variables recodificadas, imputadas o resumidas"
CG30EST,BEST EST. # DAYS SMOKED CIG PAST 30 DAYS,NICOTINE,Original u otra,40761,86.177,False,False,False,Conservar como predictor principal,Excluir: detalle sustituido por versiones resumidas,"Sustituido por variables recodificadas, imputadas o resumidas"
CGR30USE,HOW MANY DAYS SMOKED CIGAR IN PAST 30 DAYS,NICOTINE,Original u otra,47275,99.949,False,False,False,Conservar como predictor principal,Excluir: detalle sustituido por versiones resumidas,"Sustituido por variables recodificadas, imputadas o resumidas"
CI30EST,BEST EST. # DAYS SMOKED CIGAR PAST 30 DAYS,NICOTINE,Original u otra,45392,95.968,False,False,False,Conservar como predictor principal,Excluir: detalle sustituido por versiones resumidas,"Sustituido por variables recodificadas, imputadas o resumidas"
CIG100LF,HAVE YOU SMOKED 100 CIGS IN YOUR LIFE,NICOTINE,Original u otra,44422,93.917,False,False,False,Conservar como predictor principal,Excluir: detalle sustituido por versiones resumidas,"Sustituido por variables recodificadas, imputadas o resumidas"
CIG30AV,AVG # CIGS SMOKED PER DAY/ON DAY SMOKED,NICOTINE,Original u otra,47268,99.934,False,False,False,Conservar como predictor principal,Excluir: detalle sustituido por versiones resumidas,"Sustituido por variables recodificadas, imputadas o resumidas"
CIG30USE,HOW MANY DAYS SMOKED CIG IN PAST 30 DAYS,NICOTINE,Original u otra,47246,99.888,False,False,False,Conservar como predictor principal,Excluir: detalle sustituido por versiones resumidas,"Sustituido por variables recodificadas, imputadas o resumidas"
CIGAGE,AGE WHEN FIRST STARTED SMOKING CIGARETTES EVERYDAY,NICOTINE,Original u otra,35357,74.752,False,False,False,Conservar como predictor principal,Excluir: detalle sustituido por versiones resumidas,"Sustituido por variables recodificadas, imputadas o resumidas"
CIGAREVR,EVER SMOKED PART OR ALL OF CIGAR,NICOTINE,Original u otra,47290,99.981,False,False,False,Conservar como predictor principal,Excluir: detalle sustituido por versiones resumidas,"Sustituido por variables recodificadas, imputadas o resumidas"
CIGARMFU,MONTH OF FIRST CIGAR USE - RECODE,NICOTINE,Original u otra,33506,70.839,False,False,False,Conservar como predictor principal,Excluir: detalle sustituido por versiones resumidas,"Sustituido por variables recodificadas, imputadas o resumidas"
CIGARREC,TIME SINCE LAST SMOKED CIGAR,NICOTINE,Original u otra,47289,99.979,False,False,False,Conservar como predictor principal,Excluir: detalle sustituido por versiones resumidas,"Sustituido por variables recodificadas, imputadas o resumidas"
CIGARTRY,AGE WHEN FIRST SMOKED CIGAR,NICOTINE,Original u otra,47099,99.577,False,False,False,Conservar como predictor principal,Excluir: detalle sustituido por versiones resumidas,"Sustituido por variables recodificadas, imputadas o resumidas"
CIGARYFU,YEAR OF FIRST CIGAR USE - RECODE,NICOTINE,Original u otra,33529,70.887,False,False,False,Conservar como predictor principal,Excluir: detalle sustituido por versiones resumidas,"Sustituido por variables recodificadas, imputadas o resumidas"
CIGDLMFU,MONTH OF FIRST CIGARETTE USE EVERY DAY - RECODE,NICOTINE,Original u otra,23182,49.012,False,False,False,Conservar como predictor principal,Excluir: detalle sustituido por versiones resumidas,"Sustituido por variables recodificadas, imputadas o resumidas"
CIGDLYFU,YEAR OF FIRST CIGARETTE USE EVERY DAY - RECODE,NICOTINE,Original u otra,23184,49.016,False,False,False,Conservar como predictor principal,Excluir: detalle sustituido por versiones resumidas,"Sustituido por variables recodificadas, imputadas o resumidas"
CIGDLYMO,EVER SMOKED CIG EVERY DAY FOR 30 DAYS,NICOTINE,Original u otra,43895,92.803,False,False,False,Conservar como predictor principal,Excluir: detalle sustituido por versiones resumidas,"Sustituido por variables recodificadas, imputadas o resumidas"
CIGEVER,EVER SMOKED A CIGARETTE,NICOTINE,Original u otra,47299,100.0,False,False,False,Conservar como predictor principal,Excluir: detalle sustituido por versiones resumidas,"Sustituido por variables recodificadas, imputadas o resumidas"
CIGMENTH30,MENTHOL CIGARETTES SMOKED MOST OFTEN IN PAST 30 DAYS,NICOTINE,Original u otra,47260,99.918,False,False,False,Conservar como predictor principal,Excluir: detalle sustituido por versiones resumidas,"Sustituido por variables recodificadas, imputadas o resumidas"
CIGMFU,MONTH OF FIRST CIGARETTE USE - RECODE,NICOTINE,Original u otra,23629,49.957,False,False,False,Conservar como predictor principal,Excluir: detalle sustituido por versiones resumidas,"Sustituido por variables recodificadas, imputadas o resumidas"
CIGREC,TIME SINCE LAST SMOKED CIGARETTES,NICOTINE,Original u otra,47298,99.998,False,False,False,Conservar como predictor principal,Excluir: detalle sustituido por versiones resumidas,"Sustituido por variables recodificadas, imputadas o resumidas"
CIGROLL30,SMOKED A ROLL-YOUR-OWN CIGARETTE IN THE PAST 30 DAYS,NICOTINE,Original u otra,47276,99.951,False,False,False,Conservar como predictor principal,Excluir: detalle sustituido por versiones resumidas,"Sustituido por variables recodificadas, imputadas o resumidas"
CIGTRY,AGE WHEN FIRST SMOKED A CIGARETTE,NICOTINE,Original u otra,47164,99.715,False,False,False,Conservar como predictor principal,Excluir: detalle sustituido por versiones resumidas,"Sustituido por variables recodificadas, imputadas o resumidas"
CIGYFU,YEAR OF FIRST CIGARETTE USE - RECODE,NICOTINE,Original u otra,23654,50.01,False,False,False,Conservar como predictor principal,Excluir: detalle sustituido por versiones resumidas,"Sustituido por variables recodificadas, imputadas o resumidas"
NICVAP30N,# DAYS VAPED NICOTINE W/ E-CIG OR VAP DEVICE IN PAST 30 DAYS,NICOTINE,Original u otra,47226,99.846,False,False,False,Conservar como predictor principal,Excluir: detalle sustituido por versiones resumidas,"Sustituido por variables recodificadas, imputadas o resumidas"
NICVAPAGE,AGE WHEN FIRST VAPED NICOTINE WITH E-CIG OR VAPING DEVICE,NICOTINE,Original u otra,47017,99.404,False,False,False,Conservar como predictor principal,Excluir: detalle sustituido por versiones resumidas,"Sustituido por variables recodificadas, imputadas o resumidas"
NICVAPEVER,EVER VAPED NICOTINE WITH E-CIGARETTE OR OTHER VAPING DEVICE,NICOTINE,Original u otra,47286,99.973,False,False,False,Conservar como predictor principal,Excluir: detalle sustituido por versiones resumidas,"Sustituido por variables recodificadas, imputadas o resumidas"
NICVAPMFU,MONTH FIRST VAPED NICOTINE W/ E-CIG OR VAPE DEVICE - RECODE,NICOTINE,Original u otra,32305,68.3,False,False,False,Conservar como predictor principal,Excluir: detalle sustituido por versiones resumidas,"Sustituido por variables recodificadas, imputadas o resumidas"
NICVAPREC,TIME SINCE LAST VAPED NICOTINE WITH E-CIG OR VAPING DEVICE,NICOTINE,Original u otra,47272,99.943,False,False,False,Conservar como predictor principal,Excluir: detalle sustituido por versiones resumidas,"Sustituido por variables recodificadas, imputadas o resumidas"
NICVAPYFU,YEAR FIRST VAPED NICOTINE W/ E-CIG OR VAPE DEVICE - RECODE,NICOTINE,Original u otra,32377,68.452,False,False,False,Conservar como predictor principal,Excluir: detalle sustituido por versiones resumidas,"Sustituido por variables recodificadas, imputadas o resumidas"
PIPE30DY,HAVE YOU SMOKED PIPE TOBACCO IN PAST 30 DAYS,NICOTINE,Original u otra,47291,99.983,False,False,False,Conservar como predictor principal,Excluir: detalle sustituido por versiones resumidas,"Sustituido por variables recodificadas, imputadas o resumidas"
PIPEVER,EVER SMOKED PIPE TOBACCO,NICOTINE,Original u otra,47293,99.987,False,False,False,Conservar como predictor principal,Excluir: detalle sustituido por versiones resumidas,"Sustituido por variables recodificadas, imputadas o resumidas"
SMKLSS30E,BEST EST. HOW MANY DAYS USED SMKLSS TOB PST 30 DYS,NICOTINE,Original u otra,45889,97.019,False,False,False,Conservar como predictor principal,Excluir: detalle sustituido por versiones resumidas,"Sustituido por variables recodificadas, imputadas o resumidas"
SMKLSS30N,HOW MANY DAYS USED SMOKELESS TOBACCO PAST 30 DAYS,NICOTINE,Original u otra,47259,99.915,False,False,False,Conservar como predictor principal,Excluir: detalle sustituido por versiones resumidas,"Sustituido por variables recodificadas, imputadas o resumidas"
SMKLSSEVR,EVER USED SMOKELESS TOBACCO,NICOTINE,Original u otra,47282,99.964,False,False,False,Conservar como predictor principal,Excluir: detalle sustituido por versiones resumidas,"Sustituido por variables recodificadas, imputadas o resumidas"
SMKLSSMFU,MONTH OF FIRST SMOKELESS TOBACCO USE - RECODE,NICOTINE,Original u otra,41031,86.748,False,False,False,Conservar como predictor principal,Excluir: detalle sustituido por versiones resumidas,"Sustituido por variables recodificadas, imputadas o resumidas"
SMKLSSREC,TIME SINCE LAST USED SMOKELESS TOBACCO,NICOTINE,Original u otra,47280,99.96,False,False,False,Conservar como predictor principal,Excluir: detalle sustituido por versiones resumidas,"Sustituido por variables recodificadas, imputadas o resumidas"
SMKLSSTRY,AGE WHEN FIRST USED SMOKELESS TOBACCO,NICOTINE,Original u otra,47208,99.808,False,False,False,Conservar como predictor principal,Excluir: detalle sustituido por versiones resumidas,"Sustituido por variables recodificadas, imputadas o resumidas"
SMKLSSYFU,YEAR OF FIRST SMOKELESS TOBACCO  USE - RECODE,NICOTINE,Original u otra,41046,86.78,False,False,False,Conservar como predictor principal,Excluir: detalle sustituido por versiones resumidas,"Sustituido por variables recodificadas, imputadas o resumidas"
FENTNMYR,RC-FENTANYL PRODUCTS - PAST YEAR MISUSE,PAIN RELIEVERS,Original u otra,47280,99.96,False,False,False,Conservar como predictor principal,Excluir: detalle sustituido por versiones resumidas,"Sustituido por variables recodificadas, imputadas o resumidas"
OXCNNMAGE,AGE 1ST USED OXYCONTIN NOT DIRECTED BY DR,PAIN RELIEVERS,Original u otra,47233,99.86,False,False,False,Conservar como predictor principal,Excluir: detalle sustituido por versiones resumidas,"Sustituido por variables recodificadas, imputadas o resumidas"
OXCNNMMFU,MONTH 1ST USED OXYCONTIN NOT DIRECTED BY DR,PAIN RELIEVERS,Original u otra,47080,99.537,False,False,False,Conservar como predictor principal,Excluir: detalle sustituido por versiones resumidas,"Sustituido por variables recodificadas, imputadas o resumidas"
OXCNNMYFU,YEAR 1ST USED OXYCONTIN NOT DIRECTED BY DR,PAIN RELIEVERS,Original u otra,47080,99.537,False,False,False,Conservar como predictor principal,Excluir: detalle sustituido por versiones resumidas,"Sustituido por variables recodificadas, imputadas o resumidas"
OXCNNMYR,USED OXYCONTIN NOT DIRECTED BY DR PAST 12 MOS,PAIN RELIEVERS,Original u otra,47236,99.867,False,False,False,Conservar como predictor principal,Excluir: detalle sustituido por versiones resumidas,"Sustituido por variables recodificadas, imputadas o resumidas"
PNRNM30AL,USED PAIN RLVR NOT DIRECTED BY DR W/ALC PST 30 DYS,PAIN RELIEVERS,Original u otra,46944,99.249,False,False,False,Conservar como predictor principal,Excluir: detalle sustituido por versiones resumidas,"Sustituido por variables recodificadas, imputadas o resumidas"
PNRNM30D,USED PAIN RLVR NOT DIRECTED BY DR PAST 30 DAYS,PAIN RELIEVERS,Original u otra,47085,99.548,False,False,False,Conservar como predictor principal,Excluir: detalle sustituido por versiones resumidas,"Sustituido por variables recodificadas, imputadas o resumidas"
PNRNM30ES,EST # DAYS USED PAIN RLVR NOT DIRECTED PST 30 DYS,PAIN RELIEVERS,Original u otra,46730,98.797,False,False,False,Conservar como predictor principal,Excluir: detalle sustituido por versiones resumidas,"Sustituido por variables recodificadas, imputadas o resumidas"
PNRNM30FQ,# DAYS USED PAIN RLVR NOT DIRECTD BY DR PST 30 DYS,PAIN RELIEVERS,Original u otra,47103,99.586,False,False,False,Conservar como predictor principal,Excluir: detalle sustituido por versiones resumidas,"Sustituido por variables recodificadas, imputadas o resumidas"
PNRNMAGE,RC - AGE AT 1ST MISUSE FOR PAST YR PNRLV INITIATES,PAIN RELIEVERS,Original u otra,47046,99.465,False,False,False,Conservar como predictor principal,Excluir: detalle sustituido por versiones resumidas,"Sustituido por variables recodificadas, imputadas o resumidas"
PNRNMINIT,PAST YEAR INITIATE FOR ANY PAIN RELIEVER MISUSE,PAIN RELIEVERS,Original u otra,46831,99.011,False,False,False,Conservar como predictor principal,Excluir: detalle sustituido por versiones resumidas,"Sustituido por variables recodificadas, imputadas o resumidas"
PNRNMLAS1,LAST PAIN RLVR USED NOT DIRECTED BY DR PST 12 MOS,PAIN RELIEVERS,Original u otra,47001,99.37,False,False,False,Conservar como predictor principal,Excluir: detalle sustituido por versiones resumidas,"Sustituido por variables recodificadas, imputadas o resumidas"
PNRNMLIF,EVER USED PAIN RELIEVER NOT DIRECTED BY DR,PAIN RELIEVERS,Original u otra,45439,96.068,False,False,False,Conservar como predictor principal,Excluir: detalle sustituido por versiones resumidas,"Sustituido por variables recodificadas, imputadas o resumidas"
PNRNMMFU,RC - MO 1ST MISUSED FOR PAST YR PAIN RLVR INITIATES,PAIN RELIEVERS,Original u otra,46754,98.848,False,False,False,Conservar como predictor principal,Excluir: detalle sustituido por versiones resumidas,"Sustituido por variables recodificadas, imputadas o resumidas"
PNRNMREC,RC - MOST RECENT PAIN RELIEVER MISUSE (RECODE),PAIN RELIEVERS,Original u otra,47154,99.693,False,False,False,Conservar como predictor principal,Excluir: detalle sustituido por versiones resumidas,"Sustituido por variables recodificadas, imputadas o resumidas"
PNRNMYFU,RC - YR 1ST MISUSED FOR PAST YR PAIN RLVR INITIATES,PAIN RELIEVERS,Original u otra,46759,98.858,False,False,False,Conservar como predictor principal,Excluir: detalle sustituido por versiones resumidas,"Sustituido por variables recodificadas, imputadas o resumidas"
PNRNORXFG,ONLY PST YR MISUSE W/O RX BUT RX FOR LAST PNR,PAIN RELIEVERS,Original u otra,100,0.211,False,False,False,Conservar como predictor principal,Excluir: detalle sustituido por versiones resumidas,"Sustituido por variables recodificadas, imputadas o resumidas"
PNRRSDGFX,USED LAST PAIN RLVR (NOT DIRECTED) OTH DRUG EFFECT,PAIN RELIEVERS,Original u otra,47081,99.539,False,False,False,Conservar como predictor principal,Excluir: detalle sustituido por versiones resumidas,"Sustituido por variables recodificadas, imputadas o resumidas"
PNRRSEMOT,USED LAST PAIN RLVR (NOT DIRECTED) FOR EMOTIONS,PAIN RELIEVERS,Original u otra,47082,99.541,False,False,False,Conservar como predictor principal,Excluir: detalle sustituido por versiones resumidas,"Sustituido por variables recodificadas, imputadas o resumidas"
PNRRSEXPT,USED LAST PAIN RLVR (NOT DIRECTED) TO EXPERIMENT,PAIN RELIEVERS,Original u otra,47082,99.541,False,False,False,Conservar como predictor principal,Excluir: detalle sustituido por versiones resumidas,"Sustituido por variables recodificadas, imputadas o resumidas"
PNRRSHIGH,USED LAST PAIN RLVR (NOT DIRECTED) TO GET HIGH,PAIN RELIEVERS,Original u otra,47078,99.533,False,False,False,Conservar como predictor principal,Excluir: detalle sustituido por versiones resumidas,"Sustituido por variables recodificadas, imputadas o resumidas"
PNRRSHOOK,USED LAST PAIN RLVR (NOT DIRECTED) BECAUSE HOOKED,PAIN RELIEVERS,Original u otra,47082,99.541,False,False,False,Conservar como predictor principal,Excluir: detalle sustituido por versiones resumidas,"Sustituido por variables recodificadas, imputadas o resumidas"
PNRRSMAIN,MAIN REASON USED LAST PAIN RLVR (NOT DIRECTED),PAIN RELIEVERS,Original u otra,46139,97.548,False,False,False,Conservar como predictor principal,Excluir: detalle sustituido por versiones resumidas,"Sustituido por variables recodificadas, imputadas o resumidas"
PNRRSOTRS2,REASON USED LAST PAIN RLVR (NOT DIRECTED),PAIN RELIEVERS,Original u otra,45732,96.687,False,False,False,Conservar como predictor principal,Excluir: detalle sustituido por versiones resumidas,"Sustituido por variables recodificadas, imputadas o resumidas"
PNRRSPAIN,USED LAST PAIN RLVR (NOT DIRECTED) TO RLV PAIN,PAIN RELIEVERS,Original u otra,47074,99.524,False,False,False,Conservar como predictor principal,Excluir: detalle sustituido por versiones resumidas,"Sustituido por variables recodificadas, imputadas o resumidas"
PNRRSRELX,USED LAST PAIN RLVR (NOT DIRECTED) TO RELAX,PAIN RELIEVERS,Original u otra,47081,99.539,False,False,False,Conservar como predictor principal,Excluir: detalle sustituido por versiones resumidas,"Sustituido por variables recodificadas, imputadas o resumidas"
PNRRSSLEP,USED LAST PAIN RLVR (NOT DIRECTED) FOR SLEEP,PAIN RELIEVERS,Original u otra,47082,99.541,False,False,False,Conservar como predictor principal,Excluir: detalle sustituido por versiones resumidas,"Sustituido por variables recodificadas, imputadas o resumidas"
PNRRSSOR,USED LAST PAIN RLVR (NOT DIRECTED) OTHER REASON,PAIN RELIEVERS,Original u otra,47082,99.541,False,False,False,Conservar como predictor principal,Excluir: detalle sustituido por versiones resumidas,"Sustituido por variables recodificadas, imputadas o resumidas"
PNRWYGAMT,USED PAIN RLVR IN GREATER AMTS THAN RX PST 12 MOS,PAIN RELIEVERS,Original u otra,46987,99.34,False,False,False,Conservar como predictor principal,Excluir: detalle sustituido por versiones resumidas,"Sustituido por variables recodificadas, imputadas o resumidas"
PNRWYLNGR,USED PAIN RLVR LONGER THAN RX PAST 12 MONTHS,PAIN RELIEVERS,Original u otra,46987,99.34,False,False,False,Conservar como predictor principal,Excluir: detalle sustituido por versiones resumidas,"Sustituido por variables recodificadas, imputadas o resumidas"
PNRWYNORX,USED PAIN RLVR W/O OWN RX PAST 12 MONTHS,PAIN RELIEVERS,Original u otra,46986,99.338,False,False,False,Conservar como predictor principal,Excluir: detalle sustituido por versiones resumidas,"Sustituido por variables recodificadas, imputadas o resumidas"
PNRWYOFTN,USED PAIN RLVR MORE OFTEN THAN RX PAST 12 MONTHS,PAIN RELIEVERS,Original u otra,46970,99.304,False,False,False,Conservar como predictor principal,Excluir: detalle sustituido por versiones resumidas,"Sustituido por variables recodificadas, imputadas o resumidas"
PNRWYOTWY,USED PAIN RLVR OTHER WAY NOT DIRECTED PST 12 MOS,PAIN RELIEVERS,Original u otra,46986,99.338,False,False,False,Conservar como predictor principal,Excluir: detalle sustituido por versiones resumidas,"Sustituido por variables recodificadas, imputadas o resumidas"
FENTANYYR2,RC-FENTANYL PRODUCTS - ANY PAST YEAR USE,PAIN RELIEVERS SCREENER,Original u otra,47208,99.808,False,False,False,Conservar como predictor principal,Excluir: detalle sustituido por versiones resumidas,"Sustituido por variables recodificadas, imputadas o resumidas"
OXCNANYYR2,ANY OXYCONTIN USE PAST 12 MOS,PAIN RELIEVERS SCREENER,Original u otra,47119,99.619,False,False,False,Conservar como predictor principal,Excluir: detalle sustituido por versiones resumidas,"Sustituido por variables recodificadas, imputadas o resumidas"
PNRANYLIF2,ANY PAIN RELIEVER USE IN LIFETIME,PAIN RELIEVERS SCREENER,Original u otra,35993,76.097,False,False,False,Conservar como predictor principal,Excluir: detalle sustituido por versiones resumidas,"Sustituido por variables recodificadas, imputadas o resumidas"
PNRANYREC2,RC - MOST RECENT ANY PAIN RELIEVER USE (RECODE),PAIN RELIEVERS SCREENER,Original u otra,47202,99.795,False,False,False,Conservar como predictor principal,Excluir: detalle sustituido por versiones resumidas,"Sustituido por variables recodificadas, imputadas o resumidas"
IRALCBNG30D,BINGE ALCOHOL FREQUENCY PAST MONTH - IMPUTATION REVISED,PAST MONTH FREQUENCY OF USE,Original u otra,47299,100.0,False,False,False,Conservar como predictor principal,Excluir: detalle sustituido por versiones resumidas,"Sustituido por variables recodificadas, imputadas o resumidas"
IRALCFM,ALCOHOL FREQUENCY PAST MONTH - IMPUTATION REVISED,PAST MONTH FREQUENCY OF USE,Original u otra,47299,100.0,False,False,False,Conservar como predictor principal,Excluir: detalle sustituido por versiones resumidas,"Sustituido por variables recodificadas, imputadas o resumidas"
IRCGRFM,CIGAR FREQUENCY PAST MONTH - IMPUTATION REVISED,PAST MONTH FREQUENCY OF USE,Original u otra,47299,100.0,False,False,False,Conservar como predictor principal,Excluir: detalle sustituido por versiones resumidas,"Sustituido por variables recodificadas, imputadas o resumidas"
IRCIGFM,CIG FREQUENCY PAST MONTH - IMPUTATION REVISED,PAST MONTH FREQUENCY OF USE,Original u otra,47299,100.0,False,False,False,Conservar como predictor principal,Excluir: detalle sustituido por versiones resumidas,"Sustituido por variables recodificadas, imputadas o resumidas"
IRCOCFM,COCAINE FREQUENCY PAST MONTH - IMPUTATION REVISED,PAST MONTH FREQUENCY OF USE,Original u otra,47299,100.0,False,False,False,Conservar como predictor principal,Excluir: detalle sustituido por versiones resumidas,"Sustituido por variables recodificadas, imputadas o resumidas"
IRCRKFM,CRACK FREQUENCY PAST MONTH - IMPUTATION REVISED,PAST MONTH FREQUENCY OF USE,Original u otra,47299,100.0,False,False,False,Conservar como predictor principal,Excluir: detalle sustituido por versiones resumidas,"Sustituido por variables recodificadas, imputadas o resumidas"
IRHALLUC30N,HALLUCINOGEN FREQUENCY PAST MONTH - IMPUTATION REVISED,PAST MONTH FREQUENCY OF USE,Original u otra,47299,100.0,False,False,False,Conservar como predictor principal,Excluir: detalle sustituido por versiones resumidas,"Sustituido por variables recodificadas, imputadas o resumidas"
IRHERFM,HEROIN FREQUENCY PAST MONTH - IMPUTATION REVISED,PAST MONTH FREQUENCY OF USE,Original u otra,47299,100.0,False,False,False,Conservar como predictor principal,Excluir: detalle sustituido por versiones resumidas,"Sustituido por variables recodificadas, imputadas o resumidas"
IRINHAL30N2,INHALANT FREQUENCY PAST MONTH - IMPUTATION REVISED,PAST MONTH FREQUENCY OF USE,Original u otra,47299,100.0,False,False,False,Conservar como predictor principal,Excluir: detalle sustituido por versiones resumidas,"Sustituido por variables recodificadas, imputadas o resumidas"
IRMETHAM30N,METHAMPHETAMINE FREQUENCY PAST MONTH - IMPUTATION REVISED,PAST MONTH FREQUENCY OF USE,Original u otra,47299,100.0,False,False,False,Conservar como predictor principal,Excluir: detalle sustituido por versiones resumidas,"Sustituido por variables recodificadas, imputadas o resumidas"
IRMJFM,MARIJUANA FREQUENCY PAST MONTH - IMPUTATION REVISED,PAST MONTH FREQUENCY OF USE,Original u otra,47299,100.0,False,False,False,Conservar como predictor principal,Excluir: detalle sustituido por versiones resumidas,"Sustituido por variables recodificadas, imputadas o resumidas"
IRNICVAP30N,NICOTINE VAPING FREQUENCY PAST MONTH - IMPUTATION REVISED,PAST MONTH FREQUENCY OF USE,Original u otra,47299,100.0,False,False,False,Conservar como predictor principal,Excluir: detalle sustituido por versiones resumidas,"Sustituido por variables recodificadas, imputadas o resumidas"
IRPNRNM30FQ,PAIN RELIEVERS MISUSE FREQ PAST MONTH - IMPUTATION REVISED,PAST MONTH FREQUENCY OF USE,Original u otra,47299,100.0,False,False,False,Conservar como predictor principal,Excluir: detalle sustituido por versiones resumidas,"Sustituido por variables recodificadas, imputadas o resumidas"
IRSEDNM30FQ,SEDATIVES MISUSE FREQUENCY PAST MONTH - IMPUTATION REVISED,PAST MONTH FREQUENCY OF USE,Original u otra,47299,100.0,False,False,False,Conservar como predictor principal,Excluir: detalle sustituido por versiones resumidas,"Sustituido por variables recodificadas, imputadas o resumidas"
IRSMKLSS30N,SMOKELESS TOBACCO FREQUENCY PAST MONTH - IMPUTATION REVISED,PAST MONTH FREQUENCY OF USE,Original u otra,47299,100.0,False,False,False,Conservar como predictor principal,Excluir: detalle sustituido por versiones resumidas,"Sustituido por variables recodificadas, imputadas o resumidas"
IRSTMNM30FQ,STIMULANTS MISUSE FREQUENCY PAST MONTH - IMPUTATION REVISED,PAST MONTH FREQUENCY OF USE,Original u otra,47299,100.0,False,False,False,Conservar como predictor principal,Excluir: detalle sustituido por versiones resumidas,"Sustituido por variables recodificadas, imputadas o resumidas"
IRTRQNM30FQ,TRANQUILIZERS MISUSE FREQ PAST MONTH - IMPUTATION REVISED,PAST MONTH FREQUENCY OF USE,Original u otra,47299,100.0,False,False,False,Conservar como predictor principal,Excluir: detalle sustituido por versiones resumidas,"Sustituido por variables recodificadas, imputadas o resumidas"
IRALCFY,ALCOHOL FREQUENCY PAST YEAR - IMPUTATION REVISED,PAST YEAR FREQUENCY OF USE,Original u otra,47299,100.0,False,False,False,Conservar como predictor principal,Excluir: detalle sustituido por versiones resumidas,"Sustituido por variables recodificadas, imputadas o resumidas"
IRCOCFY,COCAINE FREQUENCY PAST YEAR - IMPUTATION REVISED,PAST YEAR FREQUENCY OF USE,Original u otra,47299,100.0,False,False,False,Conservar como predictor principal,Excluir: detalle sustituido por versiones resumidas,"Sustituido por variables recodificadas, imputadas o resumidas"
IRCRKFY,CRACK FREQUENCY PAST YEAR - IMPUTATION REVISED,PAST YEAR FREQUENCY OF USE,Original u otra,47299,100.0,False,False,False,Conservar como predictor principal,Excluir: detalle sustituido por versiones resumidas,"Sustituido por variables recodificadas, imputadas o resumidas"
IRHALLUCYFQ,HALL FREQUENCY PAST YEAR - IMPUTATION REVISED,PAST YEAR FREQUENCY OF USE,Original u otra,47299,100.0,False,False,False,Conservar como predictor principal,Excluir: detalle sustituido por versiones resumidas,"Sustituido por variables recodificadas, imputadas o resumidas"
IRHERFY,HEROIN FREQUENCY PAST YEAR - IMPUTATION REVISED,PAST YEAR FREQUENCY OF USE,Original u otra,47299,100.0,False,False,False,Conservar como predictor principal,Excluir: detalle sustituido por versiones resumidas,"Sustituido por variables recodificadas, imputadas o resumidas"
IRINHALYFQ2,INHALANT FREQUENCY PAST YEAR - IMPUTATION REVISED,PAST YEAR FREQUENCY OF USE,Original u otra,47299,100.0,False,False,False,Conservar como predictor principal,Excluir: detalle sustituido por versiones resumidas,"Sustituido por variables recodificadas, imputadas o resumidas"
IRMETHAMYFQ,METH FREQUENCY PAST YEAR - IMPUTATION REVISED,PAST YEAR FREQUENCY OF USE,Original u otra,47299,100.0,False,False,False,Conservar como predictor principal,Excluir: detalle sustituido por versiones resumidas,"Sustituido por variables recodificadas, imputadas o resumidas"
IRMJFY,MARIJUANA FREQUENCY PAST YEAR - IMPUTATION REVISED,PAST YEAR FREQUENCY OF USE,Original u otra,47299,100.0,False,False,False,Conservar como predictor principal,Excluir: detalle sustituido por versiones resumidas,"Sustituido por variables recodificadas, imputadas o resumidas"
IRALCRC,ALCOHOL RECENCY - IMPUTATION REVISED,RECENCY OF DRUG USE,Original u otra,47299,100.0,False,False,False,Conservar como predictor principal,Excluir: detalle sustituido por versiones resumidas,"Sustituido por variables recodificadas, imputadas o resumidas"
IRBZOANYYR,ANY BENZODIAZEPINES - PAST YEAR USE - IMPUTATION REVISED,RECENCY OF DRUG USE,Original u otra,47299,100.0,False,False,False,Conservar como predictor principal,Excluir: detalle sustituido por versiones resumidas,"Sustituido por variables recodificadas, imputadas o resumidas"
IRBZONMYR,ANY BENZODIAZEPINES - PAST YEAR MISUSE - IMPUTATION REVISED,RECENCY OF DRUG USE,Original u otra,47299,100.0,False,False,False,Conservar como predictor principal,Excluir: detalle sustituido por versiones resumidas,"Sustituido por variables recodificadas, imputadas o resumidas"
IRCBDHMPREC,CBD OR HEMP RECENCY - IMPUTATION REVISED,RECENCY OF DRUG USE,Original u otra,47299,100.0,False,False,False,Conservar como predictor principal,Excluir: detalle sustituido por versiones resumidas,"Sustituido por variables recodificadas, imputadas o resumidas"
IRCGRRC,CIGAR RECENCY - IMPUTATION REVISED,RECENCY OF DRUG USE,Original u otra,47299,100.0,False,False,False,Conservar como predictor principal,Excluir: detalle sustituido por versiones resumidas,"Sustituido por variables recodificadas, imputadas o resumidas"
IRCIGRC,CIGARETTE RECENCY - IMPUTATION REVISED,RECENCY OF DRUG USE,Original u otra,47299,100.0,False,False,False,Conservar como predictor principal,Excluir: detalle sustituido por versiones resumidas,"Sustituido por variables recodificadas, imputadas o resumidas"
IRCOCRC,COCAINE RECENCY - IMPUTATION REVISED,RECENCY OF DRUG USE,Original u otra,47299,100.0,False,False,False,Conservar como predictor principal,Excluir: detalle sustituido por versiones resumidas,"Sustituido por variables recodificadas, imputadas o resumidas"
IRCRKRC,CRACK RECENCY - IMPUTATION REVISED,RECENCY OF DRUG USE,Original u otra,47299,100.0,False,False,False,Conservar como predictor principal,Excluir: detalle sustituido por versiones resumidas,"Sustituido por variables recodificadas, imputadas o resumidas"
IRDAMTFXREC,DMT/AMT/FOXY RECENCY - IMPUTATION REVISED,RECENCY OF DRUG USE,Original u otra,47299,100.0,False,False,False,Conservar como predictor principal,Excluir: detalle sustituido por versiones resumidas,"Sustituido por variables recodificadas, imputadas o resumidas"
IRECSTMOREC,ECSTASY RECENCY - IMPUTATION REVISED,RECENCY OF DRUG USE,Original u otra,47299,100.0,False,False,False,Conservar como predictor principal,Excluir: detalle sustituido por versiones resumidas,"Sustituido por variables recodificadas, imputadas o resumidas"
IRFENTANYYR2,FENTANYL PRODUCTS - ANY PAST YEAR USE - IMP REV,RECENCY OF DRUG USE,Original u otra,47299,100.0,False,False,False,Conservar como predictor principal,Excluir: detalle sustituido por versiones resumidas,"Sustituido por variables recodificadas, imputadas o resumidas"
IRFENTNMYR,FENTANYL PRODUCTS - PAST YEAR MISUSE - IMP REV,RECENCY OF DRUG USE,Original u otra,47299,100.0,False,False,False,Conservar como predictor principal,Excluir: detalle sustituido por versiones resumidas,"Sustituido por variables recodificadas, imputadas o resumidas"
IRHALLUCREC,HALLUCINOGEN RECENCY - IMPUTATION REVISED,RECENCY OF DRUG USE,Original u otra,47299,100.0,False,False,False,Conservar como predictor principal,Excluir: detalle sustituido por versiones resumidas,"Sustituido por variables recodificadas, imputadas o resumidas"
IRHERRC,HEROIN RECENCY - IMPUTATION REVISED,RECENCY OF DRUG USE,Original u otra,47299,100.0,False,False,False,Conservar como predictor principal,Excluir: detalle sustituido por versiones resumidas,"Sustituido por variables recodificadas, imputadas o resumidas"
IRINHALREC2,INHALANT RECENCY - IMPUTATION REVISED,RECENCY OF DRUG USE,Original u otra,47299,100.0,False,False,False,Conservar como predictor principal,Excluir: detalle sustituido por versiones resumidas,"Sustituido por variables recodificadas, imputadas o resumidas"
IRKETMINREC,KETAMINE RECENCY - IMPUTATION REVISED,RECENCY OF DRUG USE,Original u otra,47299,100.0,False,False,False,Conservar como predictor principal,Excluir: detalle sustituido por versiones resumidas,"Sustituido por variables recodificadas, imputadas o resumidas"
IRLSDRC,LSD RECENCY - IMPUTATION REVISED,RECENCY OF DRUG USE,Original u otra,47299,100.0,False,False,False,Conservar como predictor principal,Excluir: detalle sustituido por versiones resumidas,"Sustituido por variables recodificadas, imputadas o resumidas"
IRMETHAMREC,METHAMPHETAMINE RECENCY - IMPUTATION REVISED,RECENCY OF DRUG USE,Original u otra,47299,100.0,False,False,False,Conservar como predictor principal,Excluir: detalle sustituido por versiones resumidas,"Sustituido por variables recodificadas, imputadas o resumidas"
IRMJEVERVAPE,MARIJUANA VAPING LIFETIME - IMPUTATION REVISED,RECENCY OF DRUG USE,Original u otra,47299,100.0,False,False,False,Conservar como predictor principal,Excluir: detalle sustituido por versiones resumidas,"Sustituido por variables recodificadas, imputadas o resumidas"
IRMJMONDAB,"MARIJUANA DABBING WAXES, SHATTER, OR CONC PAST MONTH-IMP REV",RECENCY OF DRUG USE,Original u otra,47299,100.0,False,False,False,Conservar como predictor principal,Excluir: detalle sustituido por versiones resumidas,"Sustituido por variables recodificadas, imputadas o resumidas"
IRMJMONEAT,MARIJUANA EATING OR DRINKING PAST MONTH - IMPUTATION REVISED,RECENCY OF DRUG USE,Original u otra,47299,100.0,False,False,False,Conservar como predictor principal,Excluir: detalle sustituido por versiones resumidas,"Sustituido por variables recodificadas, imputadas o resumidas"
IRMJMONMOUTH,MARIJUANA DRPS/STRPS/LZNGS/SPRYS IN MOUTH PAST MONTH-IMP REV,RECENCY OF DRUG USE,Original u otra,47299,100.0,False,False,False,Conservar como predictor principal,Excluir: detalle sustituido por versiones resumidas,"Sustituido por variables recodificadas, imputadas o resumidas"
IRMJMONPILL,MARIJUANA PILLS PAST MONTH - IMPUTATION REVISED,RECENCY OF DRUG USE,Original u otra,47299,100.0,False,False,False,Conservar como predictor principal,Excluir: detalle sustituido por versiones resumidas,"Sustituido por variables recodificadas, imputadas o resumidas"
IRMJMONSKIN,MARIJUANA LOTION/CREAM/PATCH TO SKIN PAST MONTH - IMP REV,RECENCY OF DRUG USE,Original u otra,47299,100.0,False,False,False,Conservar como predictor principal,Excluir: detalle sustituido por versiones resumidas,"Sustituido por variables recodificadas, imputadas o resumidas"
IRMJMONSMOKE,MARIJUANA SMOKING PAST MONTH - IMPUTATION REVISED,RECENCY OF DRUG USE,Original u otra,47299,100.0,False,False,False,Conservar como predictor principal,Excluir: detalle sustituido por versiones resumidas,"Sustituido por variables recodificadas, imputadas o resumidas"
IRMJMONVAPE,MARIJUANA VAPING PAST MONTH - IMPUTATION REVISED,RECENCY OF DRUG USE,Original u otra,47299,100.0,False,False,False,Conservar como predictor principal,Excluir: detalle sustituido por versiones resumidas,"Sustituido por variables recodificadas, imputadas o resumidas"
IRMJRC,MARIJUANA RECENCY - IMPUTATION REVISED,RECENCY OF DRUG USE,Original u otra,47299,100.0,False,False,False,Conservar como predictor principal,Excluir: detalle sustituido por versiones resumidas,"Sustituido por variables recodificadas, imputadas o resumidas"
IRMJYRDAB,"MARIJUANA DABBING WAXES, SHATTER, OR CONC PAST YEAR-IMP REV",RECENCY OF DRUG USE,Original u otra,47299,100.0,False,False,False,Conservar como predictor principal,Excluir: detalle sustituido por versiones resumidas,"Sustituido por variables recodificadas, imputadas o resumidas"
IRMJYREAT,MARIJUANA EATING OR DRINKING PAST YEAR - IMPUTATION REVISED,RECENCY OF DRUG USE,Original u otra,47299,100.0,False,False,False,Conservar como predictor principal,Excluir: detalle sustituido por versiones resumidas,"Sustituido por variables recodificadas, imputadas o resumidas"
IRMJYRMOUTH,MARIJUANA DRPS/STRPS/LZNGS/SPRYS IN MOUTH PAST YR - IMP REV,RECENCY OF DRUG USE,Original u otra,47299,100.0,False,False,False,Conservar como predictor principal,Excluir: detalle sustituido por versiones resumidas,"Sustituido por variables recodificadas, imputadas o resumidas"
IRMJYROTHER,MARIJUANA OTHER WAY PAST YEAR - IMPUTATION REVISED,RECENCY OF DRUG USE,Original u otra,47299,100.0,False,False,False,Conservar como predictor principal,Excluir: detalle sustituido por versiones resumidas,"Sustituido por variables recodificadas, imputadas o resumidas"
IRMJYRPILL,MARIJUANA PILLS PAST YEAR - IMPUTATION REVISED,RECENCY OF DRUG USE,Original u otra,47299,100.0,False,False,False,Conservar como predictor principal,Excluir: detalle sustituido por versiones resumidas,"Sustituido por variables recodificadas, imputadas o resumidas"
IRMJYRSKIN,MARIJUANA LOTION/CREAM/PATCH TO SKIN PAST YEAR - IMP REV,RECENCY OF DRUG USE,Original u otra,47299,100.0,False,False,False,Conservar como predictor principal,Excluir: detalle sustituido por versiones resumidas,"Sustituido por variables recodificadas, imputadas o resumidas"
IRMJYRSMOKE,MARIJUANA SMOKING PAST YEAR - IMPUTATION REVISED,RECENCY OF DRUG USE,Original u otra,47299,100.0,False,False,False,Conservar como predictor principal,Excluir: detalle sustituido por versiones resumidas,"Sustituido por variables recodificadas, imputadas o resumidas"
IRMJYRVAPE,MARIJUANA VAPING PAST YEAR - IMPUTATION REVISED,RECENCY OF DRUG USE,Original u otra,47299,100.0,False,False,False,Conservar como predictor principal,Excluir: detalle sustituido por versiones resumidas,"Sustituido por variables recodificadas, imputadas o resumidas"
IRNICVAPREC,NICOTINE VAPING RECENCY - IMPUTATION REVISED,RECENCY OF DRUG USE,Original u otra,47299,100.0,False,False,False,Conservar como predictor principal,Excluir: detalle sustituido por versiones resumidas,"Sustituido por variables recodificadas, imputadas o resumidas"
IROXCNANYYR2,ANY OXYCONTIN RECENCY - IMPUTATION REVISED,RECENCY OF DRUG USE,Original u otra,47299,100.0,False,False,False,Conservar como predictor principal,Excluir: detalle sustituido por versiones resumidas,"Sustituido por variables recodificadas, imputadas o resumidas"
IROXCNNMYR,OXYCONTIN PAST YEAR MISUSE - IMPUTATION REVISED,RECENCY OF DRUG USE,Original u otra,47299,100.0,False,False,False,Conservar como predictor principal,Excluir: detalle sustituido por versiones resumidas,"Sustituido por variables recodificadas, imputadas o resumidas"
IRPCPRC,PCP RECENCY - IMPUTATION REVISED,RECENCY OF DRUG USE,Original u otra,47299,100.0,False,False,False,Conservar como predictor principal,Excluir: detalle sustituido por versiones resumidas,"Sustituido por variables recodificadas, imputadas o resumidas"
IRPIPLF,LIFETIME PIPE USE - IMPUTATION REVISED,RECENCY OF DRUG USE,Original u otra,47299,100.0,False,False,False,Conservar como predictor principal,Excluir: detalle sustituido por versiones resumidas,"Sustituido por variables recodificadas, imputadas o resumidas"
IRPIPMN,PAST MONTH PIPE USE - IMPUTATION REVISED,RECENCY OF DRUG USE,Original u otra,47299,100.0,False,False,False,Conservar como predictor principal,Excluir: detalle sustituido por versiones resumidas,"Sustituido por variables recodificadas, imputadas o resumidas"
IRPNRANYREC2,ANY PAIN RELIEVER RECENCY - IMPUTATION REVISED,RECENCY OF DRUG USE,Original u otra,47299,100.0,False,False,False,Conservar como predictor principal,Excluir: detalle sustituido por versiones resumidas,"Sustituido por variables recodificadas, imputadas o resumidas"
IRPNRNMREC,PAIN RELIEVER MISUSE RECENCY - IMPUTATION REVISED,RECENCY OF DRUG USE,Original u otra,47299,100.0,False,False,False,Conservar como predictor principal,Excluir: detalle sustituido por versiones resumidas,"Sustituido por variables recodificadas, imputadas o resumidas"
IRPSILCYREC,PSILOCYBIN RECENCY - IMPUTATION REVISED,RECENCY OF DRUG USE,Original u otra,47299,100.0,False,False,False,Conservar como predictor principal,Excluir: detalle sustituido por versiones resumidas,"Sustituido por variables recodificadas, imputadas o resumidas"
IRRXOPANYYR,PRESCRIPTION OPIOIDS - ANY PAST YEAR USE - IMP REV,RECENCY OF DRUG USE,Original u otra,47299,100.0,False,False,False,Conservar como predictor principal,Excluir: detalle sustituido por versiones resumidas,"Sustituido por variables recodificadas, imputadas o resumidas"
IRRXOPNMYR,PRESCRIPTION OPIOIDS - PAST YEAR MISUSE - IMP REV,RECENCY OF DRUG USE,Original u otra,47299,100.0,False,False,False,Conservar como predictor principal,Excluir: detalle sustituido por versiones resumidas,"Sustituido por variables recodificadas, imputadas o resumidas"
IRSALVIAREC,SALVIA RECENCY - IMPUTATION REVISED,RECENCY OF DRUG USE,Original u otra,47299,100.0,False,False,False,Conservar como predictor principal,Excluir: detalle sustituido por versiones resumidas,"Sustituido por variables recodificadas, imputadas o resumidas"
IRSEDANYREC,ANY SEDATIVES RECENCY - IMPUTATION REVISED,RECENCY OF DRUG USE,Original u otra,47299,100.0,False,False,False,Conservar como predictor principal,Excluir: detalle sustituido por versiones resumidas,"Sustituido por variables recodificadas, imputadas o resumidas"
IRSEDNMREC,SEDATIVE MISUSE RECENCY - IMPUTATION REVISED,RECENCY OF DRUG USE,Original u otra,47299,100.0,False,False,False,Conservar como predictor principal,Excluir: detalle sustituido por versiones resumidas,"Sustituido por variables recodificadas, imputadas o resumidas"
IRSMKLSSREC,SMOKELESS TOBACCO RECENCY - IMPUTATION REVISED,RECENCY OF DRUG USE,Original u otra,47299,100.0,False,False,False,Conservar como predictor principal,Excluir: detalle sustituido por versiones resumidas,"Sustituido por variables recodificadas, imputadas o resumidas"
IRSTMANYREC,ANY STIMULANTS RECENCY - IMPUTATION REVISED,RECENCY OF DRUG USE,Original u otra,47299,100.0,False,False,False,Conservar como predictor principal,Excluir: detalle sustituido por versiones resumidas,"Sustituido por variables recodificadas, imputadas o resumidas"
IRSTMNMREC,STIMULANT MISUSE RECENCY - IMPUTATION REVISED,RECENCY OF DRUG USE,Original u otra,47299,100.0,False,False,False,Conservar como predictor principal,Excluir: detalle sustituido por versiones resumidas,"Sustituido por variables recodificadas, imputadas o resumidas"
IRTRQANYREC,ANY TRANQUILIZERS RECENCY - IMPUTATION REVISED,RECENCY OF DRUG USE,Original u otra,47299,100.0,False,False,False,Conservar como predictor principal,Excluir: detalle sustituido por versiones resumidas,"Sustituido por variables recodificadas, imputadas o resumidas"
IRTRQNMREC,TRANQUILIZER MISUSE RECENCY - IMPUTATION REVISED,RECENCY OF DRUG USE,Original u otra,47299,100.0,False,False,False,Conservar como predictor principal,Excluir: detalle sustituido por versiones resumidas,"Sustituido por variables recodificadas, imputadas o resumidas"
SEDNM30AL,USED SEDATIVE NOT DIRECTED BY DR W/ALC PST 30 DYS,SEDATIVES,Original u otra,47031,99.433,False,False,False,Conservar como predictor principal,Excluir: detalle sustituido por versiones resumidas,"Sustituido por variables recodificadas, imputadas o resumidas"
SEDNM30D,USED SEDATIVE NOT DIRECTED BY DR PAST 30 DAYS,SEDATIVES,Original u otra,47048,99.469,False,False,False,Conservar como predictor principal,Excluir: detalle sustituido por versiones resumidas,"Sustituido por variables recodificadas, imputadas o resumidas"
SEDNM30ES,EST # DAYS USED SEDATIVE NOT DIRECTED PST 30 DYS,SEDATIVES,Original u otra,47001,99.37,False,False,False,Conservar como predictor principal,Excluir: detalle sustituido por versiones resumidas,"Sustituido por variables recodificadas, imputadas o resumidas"
SEDNM30FQ,# DAYS USED SEDATIVE NOT DIRECTD BY DR PST 30 DYS,SEDATIVES,Original u otra,47050,99.474,False,False,False,Conservar como predictor principal,Excluir: detalle sustituido por versiones resumidas,"Sustituido por variables recodificadas, imputadas o resumidas"
SEDNMAGE,RC - AGE AT 1ST MISUSE FOR PAST YR SED INITIATES,SEDATIVES,Original u otra,47048,99.469,False,False,False,Conservar como predictor principal,Excluir: detalle sustituido por versiones resumidas,"Sustituido por variables recodificadas, imputadas o resumidas"
SEDNMINIT,PAST YEAR INITIATE FOR ANY SEDATIVE MISUSE,SEDATIVES,Original u otra,46939,99.239,False,False,False,Conservar como predictor principal,Excluir: detalle sustituido por versiones resumidas,"Sustituido por variables recodificadas, imputadas o resumidas"
SEDNMLAST,LAST SEDATIVE USED NOT DIRECTED BY DR PST 12 MOS,SEDATIVES,Original u otra,47051,99.476,False,False,False,Conservar como predictor principal,Excluir: detalle sustituido por versiones resumidas,"Sustituido por variables recodificadas, imputadas o resumidas"
SEDNMLIF,EVER USED SEDATIVE NOT DIRECTED BY DR,SEDATIVES,Original u otra,46793,98.93,False,False,False,Conservar como predictor principal,Excluir: detalle sustituido por versiones resumidas,"Sustituido por variables recodificadas, imputadas o resumidas"
SEDNMMFU,RC - MO 1ST MISUSED FOR PAST YR SED INITIATES,SEDATIVES,Original u otra,46935,99.23,False,False,False,Conservar como predictor principal,Excluir: detalle sustituido por versiones resumidas,"Sustituido por variables recodificadas, imputadas o resumidas"
SEDNMREC,RC - MOST RECENT SEDATIVE MISUSE (RECODE),SEDATIVES,Original u otra,47055,99.484,False,False,False,Conservar como predictor principal,Excluir: detalle sustituido por versiones resumidas,"Sustituido por variables recodificadas, imputadas o resumidas"
SEDNMYFU,RC - YR 1ST MISUSED FOR PAST YR SED INITIATES,SEDATIVES,Original u otra,46936,99.233,False,False,False,Conservar como predictor principal,Excluir: detalle sustituido por versiones resumidas,"Sustituido por variables recodificadas, imputadas o resumidas"
SEDNORXFG,ONLY PST YR MISUSE W/O RX BUT RX FOR LAST SED,SEDATIVES,Original u otra,8,0.017,False,False,False,Conservar como predictor principal,Excluir: detalle sustituido por versiones resumidas,"Sustituido por variables recodificadas, imputadas o resumidas"
SEDRSDGFX,USED LAST SEDATIVE (NOT DIRECTED) OTH DRUG EFFECT,SEDATIVES,Original u otra,47050,99.474,False,False,False,Conservar como predictor principal,Excluir: detalle sustituido por versiones resumidas,"Sustituido por variables recodificadas, imputadas o resumidas"
SEDRSEMOT,USED LAST SEDATIVE (NOT DIRECTED) FOR EMOTIONS,SEDATIVES,Original u otra,47050,99.474,False,False,False,Conservar como predictor principal,Excluir: detalle sustituido por versiones resumidas,"Sustituido por variables recodificadas, imputadas o resumidas"
SEDRSEXPT,USED LAST SEDATIVE (NOT DIRECTED) TO EXPERIMENT,SEDATIVES,Original u otra,47050,99.474,False,False,False,Conservar como predictor principal,Excluir: detalle sustituido por versiones resumidas,"Sustituido por variables recodificadas, imputadas o resumidas"
SEDRSHIGH,USED LAST SEDATIVE (NOT DIRECTED) TO GET HIGH,SEDATIVES,Original u otra,47050,99.474,False,False,False,Conservar como predictor principal,Excluir: detalle sustituido por versiones resumidas,"Sustituido por variables recodificadas, imputadas o resumidas"
SEDRSHOOK,USED LAST SEDATIVE (NOT DIRECTED) BECAUSE HOOKED,SEDATIVES,Original u otra,47050,99.474,False,False,False,Conservar como predictor principal,Excluir: detalle sustituido por versiones resumidas,"Sustituido por variables recodificadas, imputadas o resumidas"
SEDRSMAIN,MAIN REASON USED LAST SEDATIVE (NOT DIRECTED),SEDATIVES,Original u otra,46945,99.252,False,False,False,Conservar como predictor principal,Excluir: detalle sustituido por versiones resumidas,"Sustituido por variables recodificadas, imputadas o resumidas"
SEDRSOTRS2,REASON USED LAST SEDATIVE (NOT DIRECTED),SEDATIVES,Original u otra,46903,99.163,False,False,False,Conservar como predictor principal,Excluir: detalle sustituido por versiones resumidas,"Sustituido por variables recodificadas, imputadas o resumidas"
SEDRSRELX,USED LAST SEDATIVE (NOT DIRECTED) TO RELAX,SEDATIVES,Original u otra,47050,99.474,False,False,False,Conservar como predictor principal,Excluir: detalle sustituido por versiones resumidas,"Sustituido por variables recodificadas, imputadas o resumidas"
SEDRSSLEP,USED LAST SEDATIVE (NOT DIRECTED) FOR SLEEP,SEDATIVES,Original u otra,47049,99.471,False,False,False,Conservar como predictor principal,Excluir: detalle sustituido por versiones resumidas,"Sustituido por variables recodificadas, imputadas o resumidas"
SEDRSSOR,USED LAST SEDATIVE (NOT DIRECTED) OTHER REASON,SEDATIVES,Original u otra,47050,99.474,False,False,False,Conservar como predictor principal,Excluir: detalle sustituido por versiones resumidas,"Sustituido por variables recodificadas, imputadas o resumidas"
SEDWYGAMT,USED SEDATIVE IN GREATER AMTS THAN RX PST 12 MOS,SEDATIVES,Original u otra,47046,99.465,False,False,False,Conservar como predictor principal,Excluir: detalle sustituido por versiones resumidas,"Sustituido por variables recodificadas, imputadas o resumidas"
SEDWYLNGR,USED SEDATIVE LONGER THAN RX PAST 12 MONTHS,SEDATIVES,Original u otra,47046,99.465,False,False,False,Conservar como predictor principal,Excluir: detalle sustituido por versiones resumidas,"Sustituido por variables recodificadas, imputadas o resumidas"
SEDWYNORX,USED SEDATIVE W/O OWN RX PAST 12 MONTHS,SEDATIVES,Original u otra,47046,99.465,False,False,False,Conservar como predictor principal,Excluir: detalle sustituido por versiones resumidas,"Sustituido por variables recodificadas, imputadas o resumidas"
SEDWYOFTN,USED SEDATIVE MORE OFTEN THAN RX PAST 12 MONTHS,SEDATIVES,Original u otra,47042,99.457,False,False,False,Conservar como predictor principal,Excluir: detalle sustituido por versiones resumidas,"Sustituido por variables recodificadas, imputadas o resumidas"
SEDWYOTWY,USED SEDATIVE OTHER WAY NOT DIRECTED PST 12 MOS,SEDATIVES,Original u otra,47046,99.465,False,False,False,Conservar como predictor principal,Excluir: detalle sustituido por versiones resumidas,"Sustituido por variables recodificadas, imputadas o resumidas"
SVBZONMYR,RC - BENZODIAZEPINES SEDATIVES - PAST YEAR MISUSE,SEDATIVES,Original u otra,47080,99.537,False,False,False,Conservar como predictor principal,Excluir: detalle sustituido por versiones resumidas,"Sustituido por variables recodificadas, imputadas o resumidas"
SEDANYLIF,ANY SEDATIVE USE IN LIFETIME,SEDATIVES SCREENER,Original u otra,44994,95.127,False,False,False,Conservar como predictor principal,Excluir: detalle sustituido por versiones resumidas,"Sustituido por variables recodificadas, imputadas o resumidas"
SEDANYREC,RC - MOST RECENT ANY SEDATIVE USE (RECODE),SEDATIVES SCREENER,Original u otra,47063,99.501,False,False,False,Conservar como predictor principal,Excluir: detalle sustituido por versiones resumidas,"Sustituido por variables recodificadas, imputadas o resumidas"
SVBZOANYYR,RC - BENZODIAZEPINES SEDATIVES - ANY PAST YEAR USE,SEDATIVES SCREENER,Original u otra,47076,99.529,False,False,False,Conservar como predictor principal,Excluir: detalle sustituido por versiones resumidas,"Sustituido por variables recodificadas, imputadas o resumidas"
COCNEEDL,EVER USED NEEDLE TO INJECT COCAINE,SPECIAL DRUGS,Original u otra,47238,99.871,False,False,False,Conservar como predictor principal,Excluir: detalle sustituido por versiones resumidas,"Sustituido por variables recodificadas, imputadas o resumidas"
COLDMEDS,TAKEN A NONPRESCRIPTION COUGH MED TO GET HIGH,SPECIAL DRUGS,Original u otra,47035,99.442,False,False,False,Conservar como predictor principal,Excluir: detalle sustituido por versiones resumidas,"Sustituido por variables recodificadas, imputadas o resumidas"
COLDREC,TIME SINCE LAST USED COUGH/COLD MED,SPECIAL DRUGS,Original u otra,47035,99.442,False,False,False,Conservar como predictor principal,Excluir: detalle sustituido por versiones resumidas,"Sustituido por variables recodificadas, imputadas o resumidas"
COLDYR1,OTHER COUGH/COLD MED USED PAST 12 MOS - SPECIFY 1,SPECIAL DRUGS,Original u otra,46852,99.055,False,False,False,Conservar como predictor principal,Excluir: detalle sustituido por versiones resumidas,"Sustituido por variables recodificadas, imputadas o resumidas"
COLDYR2,OTHER COUGH/COLD MED USED PAST 12 MOS - SPECIFY 2,SPECIAL DRUGS,Original u otra,46607,98.537,False,False,False,Conservar como predictor principal,Excluir: detalle sustituido por versiones resumidas,"Sustituido por variables recodificadas, imputadas o resumidas"
COLDYR3,OTHER COUGH/COLD MED USED PAST 12 MOS - SPECIFY 3,SPECIAL DRUGS,Original u otra,46534,98.383,False,False,False,Conservar como predictor principal,Excluir: detalle sustituido por versiones resumidas,"Sustituido por variables recodificadas, imputadas o resumidas"
COLDYR4,OTHER COUGH/COLD MED USED PAST 12 MOS - SPECIFY 4,SPECIAL DRUGS,Original u otra,46510,98.332,False,False,False,Conservar como predictor principal,Excluir: detalle sustituido por versiones resumidas,"Sustituido por variables recodificadas, imputadas o resumidas"
COLDYR5,OTHER COUGH/COLD MED USED PAST 12 MOS - SPECIFY 5,SPECIAL DRUGS,Original u otra,46503,98.317,False,False,False,Conservar como predictor principal,Excluir: detalle sustituido por versiones resumidas,"Sustituido por variables recodificadas, imputadas o resumidas"
CONDLREC,TIME SINCE LAST USED NEEDLE TO INJECT COCAINE,SPECIAL DRUGS,Original u otra,47238,99.871,False,False,False,Conservar como predictor principal,Excluir: detalle sustituido por versiones resumidas,"Sustituido por variables recodificadas, imputadas o resumidas"
GHB,EVER USED GHB,SPECIAL DRUGS,Original u otra,47007,99.383,False,False,False,Conservar como predictor principal,Excluir: detalle sustituido por versiones resumidas,"Sustituido por variables recodificadas, imputadas o resumidas"
GHBREC,TIME SINCE LAST USED GHB,SPECIAL DRUGS,Original u otra,47007,99.383,False,False,False,Conservar como predictor principal,Excluir: detalle sustituido por versiones resumidas,"Sustituido por variables recodificadas, imputadas o resumidas"
GNNDCLEN,USED BLEACH TO CLEAN LAST NEEDLE BEFORE USE,SPECIAL DRUGS,Original u otra,1047,2.214,False,False,False,Conservar como predictor principal,Excluir: detalle sustituido por versiones resumidas,"Sustituido por variables recodificadas, imputadas o resumidas"
GNNDGET2,HOW DID YOU GET THE NEEDLE LAST TIME,SPECIAL DRUGS,Original u otra,1036,2.19,False,False,False,Conservar como predictor principal,Excluir: detalle sustituido por versiones resumidas,"Sustituido por variables recodificadas, imputadas o resumidas"
GNNDLSH1,LAST NEEDLE HAD BEEN USED BY SOMEONE ELSE,SPECIAL DRUGS,Original u otra,1044,2.207,False,False,False,Conservar como predictor principal,Excluir: detalle sustituido por versiones resumidas,"Sustituido por variables recodificadas, imputadas o resumidas"
GNNDLSH2,SOMEONE ELSE USED LAST NEEDLE AFTER YOU,SPECIAL DRUGS,Original u otra,1044,2.207,False,False,False,Conservar como predictor principal,Excluir: detalle sustituido por versiones resumidas,"Sustituido por variables recodificadas, imputadas o resumidas"
GNNDREUS,LAST TIME REUSED NEEDLE USED BEFORE,SPECIAL DRUGS,Original u otra,1045,2.209,False,False,False,Conservar como predictor principal,Excluir: detalle sustituido por versiones resumidas,"Sustituido por variables recodificadas, imputadas o resumidas"
HEOTNDL,HOW USED HEROIN: INJECTED IT WITH A NEEDLE,SPECIAL DRUGS,Original u otra,46156,97.583,False,False,False,Conservar como predictor principal,Excluir: detalle sustituido por versiones resumidas,"Sustituido por variables recodificadas, imputadas o resumidas"
HEOTOTH,HOW USED HEROIN: SOME OTHER WAY,SPECIAL DRUGS,Original u otra,46156,97.583,False,False,False,Conservar como predictor principal,Excluir: detalle sustituido por versiones resumidas,"Sustituido por variables recodificadas, imputadas o resumidas"
HEOTSMK,HOW USED HEROIN: SMOKED IT,SPECIAL DRUGS,Original u otra,46156,97.583,False,False,False,Conservar como predictor principal,Excluir: detalle sustituido por versiones resumidas,"Sustituido por variables recodificadas, imputadas o resumidas"
HEOTSNF,HOW USED HEROIN: SNIFFED IT,SPECIAL DRUGS,Original u otra,46156,97.583,False,False,False,Conservar como predictor principal,Excluir: detalle sustituido por versiones resumidas,"Sustituido por variables recodificadas, imputadas o resumidas"
HEOTSP,HOW USED HEROIN: SPECIFY,SPECIAL DRUGS,Original u otra,46120,97.507,False,False,False,Conservar como predictor principal,Excluir: detalle sustituido por versiones resumidas,"Sustituido por variables recodificadas, imputadas o resumidas"
HERNEEDL,EVER USED NEEDLE TO INJECT HEROIN,SPECIAL DRUGS,Original u otra,47271,99.941,False,False,False,Conservar como predictor principal,Excluir: detalle sustituido por versiones resumidas,"Sustituido por variables recodificadas, imputadas o resumidas"
HERSMOKE,EVER SMOKED HEROIN,SPECIAL DRUGS,Original u otra,47268,99.934,False,False,False,Conservar como predictor principal,Excluir: detalle sustituido por versiones resumidas,"Sustituido por variables recodificadas, imputadas o resumidas"
HERSNIFF,EVER SNIFFED HEROIN,SPECIAL DRUGS,Original u otra,47256,99.909,False,False,False,Conservar como predictor principal,Excluir: detalle sustituido por versiones resumidas,"Sustituido por variables recodificadas, imputadas o resumidas"
HRNDLREC,TIME SINCE LAST USED NEEDLE TO INJECT HEROIN,SPECIAL DRUGS,Original u otra,47273,99.945,False,False,False,Conservar como predictor principal,Excluir: detalle sustituido por versiones resumidas,"Sustituido por variables recodificadas, imputadas o resumidas"
HRSMKREC,TIME SINCE LAST SMOKED HEROIN,SPECIAL DRUGS,Original u otra,47277,99.953,False,False,False,Conservar como predictor principal,Excluir: detalle sustituido por versiones resumidas,"Sustituido por variables recodificadas, imputadas o resumidas"
HRSNFREC,TIME SINCE LAST SNIFFED HEROIN,SPECIAL DRUGS,Original u otra,47276,99.951,False,False,False,Conservar como predictor principal,Excluir: detalle sustituido por versiones resumidas,"Sustituido por variables recodificadas, imputadas o resumidas"
METHNDLRC,TIME SINCE LAST USED NEEDLE TO INJECT METH,SPECIAL DRUGS,Original u otra,47243,99.882,False,False,False,Conservar como predictor principal,Excluir: detalle sustituido por versiones resumidas,"Sustituido por variables recodificadas, imputadas o resumidas"
METHNEEDL,EVER USED NEEDLE TO INJECT METHAMPHETAMINE,SPECIAL DRUGS,Original u otra,47243,99.882,False,False,False,Conservar como predictor principal,Excluir: detalle sustituido por versiones resumidas,"Sustituido por variables recodificadas, imputadas o resumidas"
OTDGNDLRC,TIME SINCE LAST USED A NEEDLE TO INJECT OTHER DRUG,SPECIAL DRUGS,Original u otra,47034,99.44,False,False,False,Conservar como predictor principal,Excluir: detalle sustituido por versiones resumidas,"Sustituido por variables recodificadas, imputadas o resumidas"
OTDGNEDL,EVER USED NEEDLE TO INJECT ANY OTHER DRUG,SPECIAL DRUGS,Original u otra,47037,99.446,False,False,False,Conservar como predictor principal,Excluir: detalle sustituido por versiones resumidas,"Sustituido por variables recodificadas, imputadas o resumidas"
STMNDLREC,TIME SINCE LAST USED NEEDLE TO INJECT STIMULANT,STIMULANTS,Original u otra,46259,97.801,False,False,False,Conservar como predictor principal,Excluir: detalle sustituido por versiones resumidas,"Sustituido por variables recodificadas, imputadas o resumidas"
STMNDLYR,USED STIMULANT WITH A NEEDLE PAST 12 MONTHS,STIMULANTS,Original u otra,47091,99.56,False,False,False,Conservar como predictor principal,Excluir: detalle sustituido por versiones resumidas,"Sustituido por variables recodificadas, imputadas o resumidas"
STMNM30AL,USED STIMULANT NOT DIRECTED BY DR W/ALC PST 30 DYS,STIMULANTS,Original u otra,47029,99.429,False,False,False,Conservar como predictor principal,Excluir: detalle sustituido por versiones resumidas,"Sustituido por variables recodificadas, imputadas o resumidas"
STMNM30D,USED STIMULANT NOT DIRECTED BY DR PAST 30 DAYS,STIMULANTS,Original u otra,47079,99.535,False,False,False,Conservar como predictor principal,Excluir: detalle sustituido por versiones resumidas,"Sustituido por variables recodificadas, imputadas o resumidas"
STMNM30ES,EST # DAYS USED STIMULANT NOT DIRECTED PST 30 DYS,STIMULANTS,Original u otra,46848,99.046,False,False,False,Conservar como predictor principal,Excluir: detalle sustituido por versiones resumidas,"Sustituido por variables recodificadas, imputadas o resumidas"
STMNM30FQ,# DAYS USED STIMULANT NOT DIRECTD BY DR PST 30 DYS,STIMULANTS,Original u otra,47088,99.554,False,False,False,Conservar como predictor principal,Excluir: detalle sustituido por versiones resumidas,"Sustituido por variables recodificadas, imputadas o resumidas"
STMNMAGE,RC - AGE 1ST MISUSED FOR PAST YR STIM INITIATES,STIMULANTS,Original u otra,47088,99.554,False,False,False,Conservar como predictor principal,Excluir: detalle sustituido por versiones resumidas,"Sustituido por variables recodificadas, imputadas o resumidas"
STMNMINIT,PAST YEAR INITIATE FOR ANY STIMULANT MISUSE,STIMULANTS,Original u otra,47023,99.416,False,False,False,Conservar como predictor principal,Excluir: detalle sustituido por versiones resumidas,"Sustituido por variables recodificadas, imputadas o resumidas"
STMNMLAS1,LAST STIMULANT USED NOT DIRECTED BY DR PST 12 MOS,STIMULANTS,Original u otra,47087,99.552,False,False,False,Conservar como predictor principal,Excluir: detalle sustituido por versiones resumidas,"Sustituido por variables recodificadas, imputadas o resumidas"
STMNMLIF,EVER USED STIMULANT NOT DIRECTED BY DR,STIMULANTS,Original u otra,46176,97.626,False,False,False,Conservar como predictor principal,Excluir: detalle sustituido por versiones resumidas,"Sustituido por variables recodificadas, imputadas o resumidas"
STMNMMFU,RC - MONTH 1ST MISUSED FOR PAST YR STIM INITIATES,STIMULANTS,Original u otra,47009,99.387,False,False,False,Conservar como predictor principal,Excluir: detalle sustituido por versiones resumidas,"Sustituido por variables recodificadas, imputadas o resumidas"
STMNMREC,RC - MOST RECENT STIMULANT MISUSE (RECODE),STIMULANTS,Original u otra,47094,99.567,False,False,False,Conservar como predictor principal,Excluir: detalle sustituido por versiones resumidas,"Sustituido por variables recodificadas, imputadas o resumidas"
STMNMYFU,RC - YR 1ST MISUSED FOR PAST YR STIM INITIATES,STIMULANTS,Original u otra,47016,99.402,False,False,False,Conservar como predictor principal,Excluir: detalle sustituido por versiones resumidas,"Sustituido por variables recodificadas, imputadas o resumidas"
STMNORXFG,ONLY PST YR MISUSE W/O RX BUT RX FOR LAST STIM,STIMULANTS,Original u otra,18,0.038,False,False,False,Conservar como predictor principal,Excluir: detalle sustituido por versiones resumidas,"Sustituido por variables recodificadas, imputadas o resumidas"
STMRSALRT,USED LAST STIMULANT (NOT DIRECTED) TO BE ALERT,STIMULANTS,Original u otra,47088,99.554,False,False,False,Conservar como predictor principal,Excluir: detalle sustituido por versiones resumidas,"Sustituido por variables recodificadas, imputadas o resumidas"
STMRSCONC,USED LAST STIMULANT (NOT DIRECTED) TO CONCENTRATE,STIMULANTS,Original u otra,47086,99.55,False,False,False,Conservar como predictor principal,Excluir: detalle sustituido por versiones resumidas,"Sustituido por variables recodificadas, imputadas o resumidas"
STMRSDGFX,USED LAST STIMULANT (NOT DIRECTED) OTH DRUG EFFECT,STIMULANTS,Original u otra,47086,99.55,False,False,False,Conservar como predictor principal,Excluir: detalle sustituido por versiones resumidas,"Sustituido por variables recodificadas, imputadas o resumidas"
STMRSEXPT,USED LAST STIMULANT (NOT DIRECTED) TO EXPERIMENT,STIMULANTS,Original u otra,47087,99.552,False,False,False,Conservar como predictor principal,Excluir: detalle sustituido por versiones resumidas,"Sustituido por variables recodificadas, imputadas o resumidas"
STMRSHIGH,USED LAST STIMULANT (NOT DIRECTED) TO GET HIGH,STIMULANTS,Original u otra,47087,99.552,False,False,False,Conservar como predictor principal,Excluir: detalle sustituido por versiones resumidas,"Sustituido por variables recodificadas, imputadas o resumidas"
STMRSHOOK,USED LAST STIMULANT (NOT DIRECTED) BECAUSE HOOKED,STIMULANTS,Original u otra,47088,99.554,False,False,False,Conservar como predictor principal,Excluir: detalle sustituido por versiones resumidas,"Sustituido por variables recodificadas, imputadas o resumidas"
STMRSMAIN,MAIN REASON USED LAST STIMULANT (NOT DIRECTED),STIMULANTS,Original u otra,46673,98.677,False,False,False,Conservar como predictor principal,Excluir: detalle sustituido por versiones resumidas,"Sustituido por variables recodificadas, imputadas o resumidas"
STMRSOTRS2,REASON USED LAST STIMULANT (NOT DIRECTED),STIMULANTS,Original u otra,46287,97.86,False,False,False,Conservar como predictor principal,Excluir: detalle sustituido por versiones resumidas,"Sustituido por variables recodificadas, imputadas o resumidas"
STMRSSOR,USED LAST STIMULANT (NOT DIRECTED) OTHER REASON,STIMULANTS,Original u otra,47088,99.554,False,False,False,Conservar como predictor principal,Excluir: detalle sustituido por versiones resumidas,"Sustituido por variables recodificadas, imputadas o resumidas"
STMRSSTDY,USED LAST STIMULANT (NOT DIRECTED) TO STUDY,STIMULANTS,Original u otra,47088,99.554,False,False,False,Conservar como predictor principal,Excluir: detalle sustituido por versiones resumidas,"Sustituido por variables recodificadas, imputadas o resumidas"
STMRSWGHT,USED LAST STIMULANT (NOT DIRECTED) TO LOSE WEIGHT,STIMULANTS,Original u otra,47088,99.554,False,False,False,Conservar como predictor principal,Excluir: detalle sustituido por versiones resumidas,"Sustituido por variables recodificadas, imputadas o resumidas"
STMWYGAMT,USED STIMULANT IN GREATER AMTS THAN RX PST 12 MOS,STIMULANTS,Original u otra,47073,99.522,False,False,False,Conservar como predictor principal,Excluir: detalle sustituido por versiones resumidas,"Sustituido por variables recodificadas, imputadas o resumidas"
STMWYLNGR,USED STIMULANT LONGER THAN RX PAST 12 MONTHS,STIMULANTS,Original u otra,47073,99.522,False,False,False,Conservar como predictor principal,Excluir: detalle sustituido por versiones resumidas,"Sustituido por variables recodificadas, imputadas o resumidas"
STMWYNORX,USED STIMULANT W/O OWN RX PAST 12 MONTHS,STIMULANTS,Original u otra,47073,99.522,False,False,False,Conservar como predictor principal,Excluir: detalle sustituido por versiones resumidas,"Sustituido por variables recodificadas, imputadas o resumidas"
STMWYOFTN,USED STIMULANT MORE OFTEN THAN RX PAST 12 MONTHS,STIMULANTS,Original u otra,47072,99.52,False,False,False,Conservar como predictor principal,Excluir: detalle sustituido por versiones resumidas,"Sustituido por variables recodificadas, imputadas o resumidas"
STMWYOTWY,USED STIMULANT OTHER WAY NOT DIRECTED PST 12 MOS,STIMULANTS,Original u otra,47073,99.522,False,False,False,Conservar como predictor principal,Excluir: detalle sustituido por versiones resumidas,"Sustituido por variables recodificadas, imputadas o resumidas"
STMANYLIF,ANY STIMULANT USE IN LIFETIME,STIMULANTS SCREENER,Original u otra,42944,90.793,False,False,False,Conservar como predictor principal,Excluir: detalle sustituido por versiones resumidas,"Sustituido por variables recodificadas, imputadas o resumidas"
STMANYREC,RC - MOST RECENT ANY STIMULANT USE (RECODE),STIMULANTS SCREENER,Original u otra,47107,99.594,False,False,False,Conservar como predictor principal,Excluir: detalle sustituido por versiones resumidas,"Sustituido por variables recodificadas, imputadas o resumidas"
EDUD5PNRMIS,"PAIN RELIEVER USE DISORDER, PY MISUSERS",SUBSTANCE USE DISORDER,Original u otra,47246,99.888,False,False,False,Conservar como predictor principal,Excluir: detalle sustituido por versiones resumidas,"Sustituido por variables recodificadas, imputadas o resumidas"
EDUD5PNRUNM2,"PAIN RELIEVER USE DISORDER, PY USERS BUT NOT MISUSERS",SUBSTANCE USE DISORDER,Original u otra,47064,99.503,False,False,False,Conservar como predictor principal,Excluir: detalle sustituido por versiones resumidas,"Sustituido por variables recodificadas, imputadas o resumidas"
EDUD5SEDMIS,"SEDATIVE USE DISORDER, PY MISUSERS",SUBSTANCE USE DISORDER,Original u otra,47291,99.983,False,False,False,Conservar como predictor principal,Excluir: detalle sustituido por versiones resumidas,"Sustituido por variables recodificadas, imputadas o resumidas"
EDUD5SEDUNM,"SEDATIVE USE DISORDER, PY USERS BUT NOT MISUSERS",SUBSTANCE USE DISORDER,Original u otra,47237,99.869,False,False,False,Conservar como predictor principal,Excluir: detalle sustituido por versiones resumidas,"Sustituido por variables recodificadas, imputadas o resumidas"
EDUD5STMMIS,"STIMULANT USE DISORDER, PY MISUSERS",SUBSTANCE USE DISORDER,Original u otra,47277,99.953,False,False,False,Conservar como predictor principal,Excluir: detalle sustituido por versiones resumidas,"Sustituido por variables recodificadas, imputadas o resumidas"
EDUD5STMUNM,"STIMULANT USE DISORDER, PY USERS BUT NOT MISUSERS",SUBSTANCE USE DISORDER,Original u otra,47224,99.841,False,False,False,Conservar como predictor principal,Excluir: detalle sustituido por versiones resumidas,"Sustituido por variables recodificadas, imputadas o resumidas"
EDUD5TRQMIS,"TRANQUILIZER USE DISORDER, PY MISUSERS",SUBSTANCE USE DISORDER,Original u otra,47271,99.941,False,False,False,Conservar como predictor principal,Excluir: detalle sustituido por versiones resumidas,"Sustituido por variables recodificadas, imputadas o resumidas"
EDUD5TRQUNM,"TRANQUILIZER USE DISORDER, PY USERS BUT NOT MISUSERS",SUBSTANCE USE DISORDER,Original u otra,47192,99.774,False,False,False,Conservar como predictor principal,Excluir: detalle sustituido por versiones resumidas,"Sustituido por variables recodificadas, imputadas o resumidas"
PYUD5ALC,ALCOHOL USE DISORDER IN THE PAST YEAR,SUBSTANCE USE DISORDER,Original u otra,46864,99.08,False,False,False,Conservar como predictor principal,Excluir: detalle sustituido por versiones resumidas,"Sustituido por variables recodificadas, imputadas o resumidas"
PYUD5COC,COCAINE USE DISORDER IN THE PAST YEAR,SUBSTANCE USE DISORDER,Original u otra,47269,99.937,False,False,False,Conservar como predictor principal,Excluir: detalle sustituido por versiones resumidas,"Sustituido por variables recodificadas, imputadas o resumidas"
PYUD5HAL,HALLUCINOGEN USE DISORDER IN THE PAST YEAR,SUBSTANCE USE DISORDER,Original u otra,47224,99.841,False,False,False,Conservar como predictor principal,Excluir: detalle sustituido por versiones resumidas,"Sustituido por variables recodificadas, imputadas o resumidas"
PYUD5HER,HEROIN USE DISORDER IN THE PAST YEAR,SUBSTANCE USE DISORDER,Original u otra,47290,99.981,False,False,False,Conservar como predictor principal,Excluir: detalle sustituido por versiones resumidas,"Sustituido por variables recodificadas, imputadas o resumidas"
PYUD5INH,INHALANT USE DISORDER IN THE PAST YEAR,SUBSTANCE USE DISORDER,Original u otra,47280,99.96,False,False,False,Conservar como predictor principal,Excluir: detalle sustituido por versiones resumidas,"Sustituido por variables recodificadas, imputadas o resumidas"
PYUD5MRJ,MARIJUANA USE DISORDER IN THE PAST YEAR,SUBSTANCE USE DISORDER,Original u otra,47075,99.526,False,False,False,Conservar como predictor principal,Excluir: detalle sustituido por versiones resumidas,"Sustituido por variables recodificadas, imputadas o resumidas"
PYUD5MTH,METHAMPHETAMINE USE DISORDER IN THE PAST YEAR,SUBSTANCE USE DISORDER,Original u otra,47284,99.968,False,False,False,Conservar como predictor principal,Excluir: detalle sustituido por versiones resumidas,"Sustituido por variables recodificadas, imputadas o resumidas"
UDALAVOIDWD,USE ALC/DRG TO GET OVER/AVOID ALC WITHDRAWAL IN PST 12 MOS,SUBSTANCE USE DISORDER,Original u otra,46905,99.167,False,False,False,Conservar como predictor principal,Excluir: detalle sustituido por versiones resumidas,"Sustituido por variables recodificadas, imputadas o resumidas"
UDALAVWALCO,USED ALCOHOL TO GET OVER/AVOID ALC WITHDRAWAL IN PST 12 MOS,SUBSTANCE USE DISORDER,Original u otra,20767,43.906,False,False,False,Conservar como predictor principal,Excluir: detalle sustituido por versiones resumidas,"Sustituido por variables recodificadas, imputadas o resumidas"
UDALAVWOTHR,USED SOMETHING ELSE TO GET OVR/AVD ALC WITHDRAWAL PST 12 MOS,SUBSTANCE USE DISORDER,Original u otra,20766,43.904,False,False,False,Conservar como predictor principal,Excluir: detalle sustituido por versiones resumidas,"Sustituido por variables recodificadas, imputadas o resumidas"
UDALAVWSVTR,USED SED/TRQ/SLP PILLS/DWNRS TO AVOID ALC WDRWAL PST 12 MOS,SUBSTANCE USE DISORDER,Original u otra,20764,43.899,False,False,False,Conservar como predictor principal,Excluir: detalle sustituido por versiones resumidas,"Sustituido por variables recodificadas, imputadas o resumidas"
UDALBLCKCTD,CONTINUE DRINKING ALCOHOL EVEN AFTER BLACKOUTS,SUBSTANCE USE DISORDER,Original u otra,20971,44.337,False,False,False,Conservar como predictor principal,Excluir: detalle sustituido por versiones resumidas,"Sustituido por variables recodificadas, imputadas o resumidas"
UDALBLCKOUT,REPEATED BLACKOUTS WHILE OR AFTER DRINKING ALC PAST 12 MOS,SUBSTANCE USE DISORDER,Original u otra,45519,96.237,False,False,False,Conservar como predictor principal,Excluir: detalle sustituido por versiones resumidas,"Sustituido por variables recodificadas, imputadas o resumidas"
UDALFMLYCTD,CONTD ALCOHOL USE DESPITE ALC CAUSE ARGUMENTS W/FAM/FRNDS,SUBSTANCE USE DISORDER,Original u otra,21464,45.379,False,False,False,Conservar como predictor principal,Excluir: detalle sustituido por versiones resumidas,"Sustituido por variables recodificadas, imputadas o resumidas"
UDALFMLYPRB,ALCOHOL CAUSE ARGUMENTS/PROBS W/FAMILY/FRIENDS PST 12 MOS,SUBSTANCE USE DISORDER,Original u otra,46910,99.178,False,False,False,Conservar como predictor principal,Excluir: detalle sustituido por versiones resumidas,"Sustituido por variables recodificadas, imputadas o resumidas"
UDALGETHURT,ALCOHOL USE INCREASED CHANCE GETTING HURT PST 12 MOS,SUBSTANCE USE DISORDER,Original u otra,46898,99.152,False,False,False,Conservar como predictor principal,Excluir: detalle sustituido por versiones resumidas,"Sustituido por variables recodificadas, imputadas o resumidas"
UDALHLTHCTD,CONTD TO USE ALCOHOL DESPITE ALCOHOL CAUSE/WORSEN PHYS PRBS,SUBSTANCE USE DISORDER,Original u otra,21110,44.631,False,False,False,Conservar como predictor principal,Excluir: detalle sustituido por versiones resumidas,"Sustituido por variables recodificadas, imputadas o resumidas"
UDALHLTHPRB,ANY LONG-LASTING PHYS PRBS CAUSED/WORSND BY ALC PST 12 MOS,SUBSTANCE USE DISORDER,Original u otra,46899,99.154,False,False,False,Conservar como predictor principal,Excluir: detalle sustituido por versiones resumidas,"Sustituido por variables recodificadas, imputadas o resumidas"
UDALLESSEFF,SAME AMT ALCOHOL HAS LESS EFFECT THAN IT USED TO,SUBSTANCE USE DISORDER,Original u otra,44953,95.04,False,False,False,Conservar como predictor principal,Excluir: detalle sustituido por versiones resumidas,"Sustituido por variables recodificadas, imputadas o resumidas"
UDALLRGAMTS,DRANK ALC LARGER AMTS OR LONGER TIME THAN MEANT TO PST 12MOS,SUBSTANCE USE DISORDER,Original u otra,46942,99.245,False,False,False,Conservar como predictor principal,Excluir: detalle sustituido por versiones resumidas,"Sustituido por variables recodificadas, imputadas o resumidas"
UDALMNTLCTD,CONTD ALCOHOL USE DESPITE ALC CSE/WRSN EMOT/MNTL HLTH PRBS,SUBSTANCE USE DISORDER,Original u otra,21542,45.544,False,False,False,Conservar como predictor principal,Excluir: detalle sustituido por versiones resumidas,"Sustituido por variables recodificadas, imputadas o resumidas"
UDALMNTLPRB,ANY EMOT/MNTL HLTH PRBS CAUSED/WORSND BY ALCOHOL PAST 12 MOS,SUBSTANCE USE DISORDER,Original u otra,46322,97.934,False,False,False,Conservar como predictor principal,Excluir: detalle sustituido por versiones resumidas,"Sustituido por variables recodificadas, imputadas o resumidas"
UDALNEEDMOR,NEEDED A LOT MORE ALCOHOL TO GET FEELING YOU WANT,SUBSTANCE USE DISORDER,Original u otra,46924,99.207,False,False,False,Conservar como predictor principal,Excluir: detalle sustituido por versiones resumidas,"Sustituido por variables recodificadas, imputadas o resumidas"
UDALNOTSTOP,UNABLE TO CUT/STOP ALC USE MORE THAN ONE TIME PAST 12 MOS,SUBSTANCE USE DISORDER,Original u otra,28448,60.145,False,False,False,Conservar como predictor principal,Excluir: detalle sustituido por versiones resumidas,"Sustituido por variables recodificadas, imputadas o resumidas"
UDALSTOPACT,LESS ACTIVITIES B/C OF ALCOHOL USE PAST 12 MOS,SUBSTANCE USE DISORDER,Original u otra,46906,99.169,False,False,False,Conservar como predictor principal,Excluir: detalle sustituido por versiones resumidas,"Sustituido por variables recodificadas, imputadas o resumidas"
UDALSTRURGE,STRONG URGE TO DRINK ALCOHOL IN PST 12 MOS,SUBSTANCE USE DISORDER,Original u otra,45794,96.818,False,False,False,Conservar como predictor principal,Excluir: detalle sustituido por versiones resumidas,"Sustituido por variables recodificadas, imputadas o resumidas"
UDALTIMEGET,SPENT GREAT DEAL TIME TRY TO GET/GETTING ALC IN PST 12 MOS,SUBSTANCE USE DISORDER,Original u otra,43579,92.135,False,False,False,Conservar como predictor principal,Excluir: detalle sustituido por versiones resumidas,"Sustituido por variables recodificadas, imputadas o resumidas"
UDALTIMEUSE,SPENT GREAT DEAL OF TIME USING/FEEL EFF OF ALCOHOL PST 12MOS,SUBSTANCE USE DISORDER,Original u otra,46932,99.224,False,False,False,Conservar como predictor principal,Excluir: detalle sustituido por versiones resumidas,"Sustituido por variables recodificadas, imputadas o resumidas"
UDALTRYSTOP,TRY TO CUT DOWN/STOP ALCOHOL USE IN PAST 12 MOS,SUBSTANCE USE DISORDER,Original u otra,46875,99.104,False,False,False,Conservar como predictor principal,Excluir: detalle sustituido por versiones resumidas,"Sustituido por variables recodificadas, imputadas o resumidas"
UDALWANTBAD,WANTED TO USE ALCOHOL SO BADLY IN PAST 12 MOS,SUBSTANCE USE DISORDER,Original u otra,46938,99.237,False,False,False,Conservar como predictor principal,Excluir: detalle sustituido por versiones resumidas,"Sustituido por variables recodificadas, imputadas o resumidas"
UDALWDFLANX,FEELING ANXIOUS - ALC WITHDRAWAL SYMPTOM PST 12 MOS,SUBSTANCE USE DISORDER,Original u otra,46882,99.118,False,False,False,Conservar como predictor principal,Excluir: detalle sustituido por versiones resumidas,"Sustituido por variables recodificadas, imputadas o resumidas"
UDALWDHALUC,SEE/HEAR/FEEL THINGS - ALC WITHDRAWAL SYMPTOM PST 12 MOS,SUBSTANCE USE DISORDER,Original u otra,46879,99.112,False,False,False,Conservar como predictor principal,Excluir: detalle sustituido por versiones resumidas,"Sustituido por variables recodificadas, imputadas o resumidas"
UDALWDSITST,COULD NOT SIT STILL - ALC WITHDRAWAL SYMPTOM PST 12 MOS,SUBSTANCE USE DISORDER,Original u otra,46884,99.123,False,False,False,Conservar como predictor principal,Excluir: detalle sustituido por versiones resumidas,"Sustituido por variables recodificadas, imputadas o resumidas"
UDALWDSLEEP,TROUBLE SLEEPING - ALC WITHDRAWAL SYMPTOM PST 12 MOS,SUBSTANCE USE DISORDER,Original u otra,46884,99.123,False,False,False,Conservar como predictor principal,Excluir: detalle sustituido por versiones resumidas,"Sustituido por variables recodificadas, imputadas o resumidas"
UDALWDSWEAT,SWEATING/RAPID HEARTBEAT - ALC WITHDRAWAL SYMPTOM PST 12 MOS,SUBSTANCE USE DISORDER,Original u otra,46856,99.063,False,False,False,Conservar como predictor principal,Excluir: detalle sustituido por versiones resumidas,"Sustituido por variables recodificadas, imputadas o resumidas"
UDALWDTRMBL,HANDS TREMBLE - ALC WITHDRAWAL SYMPTOM PST 12 MOS,SUBSTANCE USE DISORDER,Original u otra,46877,99.108,False,False,False,Conservar como predictor principal,Excluir: detalle sustituido por versiones resumidas,"Sustituido por variables recodificadas, imputadas o resumidas"
UDALWDVOMIT,VOMITING/UPSET STOMACH - ALC WITHDRAWAL SYMPTOM PST 12 MOS,SUBSTANCE USE DISORDER,Original u otra,46886,99.127,False,False,False,Conservar como predictor principal,Excluir: detalle sustituido por versiones resumidas,"Sustituido por variables recodificadas, imputadas o resumidas"
UDALWORKPRB,ALCOHOL CAUSE SERIOUS PRBS AT HOME/WORK/SCH PST 12 MOS,SUBSTANCE USE DISORDER,Original u otra,46908,99.173,False,False,False,Conservar como predictor principal,Excluir: detalle sustituido por versiones resumidas,"Sustituido por variables recodificadas, imputadas o resumidas"
UDALWSHSTOP,OFTEN WISH CUT DOWN OR STOP ALCOHOL USE PAST 12 MOS,SUBSTANCE USE DISORDER,Original u otra,38600,81.608,False,False,False,Conservar como predictor principal,Excluir: detalle sustituido por versiones resumidas,"Sustituido por variables recodificadas, imputadas o resumidas"
UDCCAVOIDWD,USE COC/OTH DRUG TO GET OVER/AVOID COC WITHDRAWAL PST 12 MOS,SUBSTANCE USE DISORDER,Original u otra,47244,99.884,False,False,False,Conservar como predictor principal,Excluir: detalle sustituido por versiones resumidas,"Sustituido por variables recodificadas, imputadas o resumidas"
UDCCAVWCOCN,USED COCAINE TO GET OVER/AVOID COC WITHDRAWAL IN PST 12 MOS,SUBSTANCE USE DISORDER,Original u otra,46365,98.025,False,False,False,Conservar como predictor principal,Excluir: detalle sustituido por versiones resumidas,"Sustituido por variables recodificadas, imputadas o resumidas"
UDCCAVWMETH,USED METH TO GET OVER/AVOID COC WITHDRAWAL IN PST 12 MOS,SUBSTANCE USE DISORDER,Original u otra,46365,98.025,False,False,False,Conservar como predictor principal,Excluir: detalle sustituido por versiones resumidas,"Sustituido por variables recodificadas, imputadas o resumidas"
UDCCAVWOTHR,USED SOMETHING ELSE TO GET OVR/AVD COC WITHDRAWAL PST 12 MOS,SUBSTANCE USE DISORDER,Original u otra,46365,98.025,False,False,False,Conservar como predictor principal,Excluir: detalle sustituido por versiones resumidas,"Sustituido por variables recodificadas, imputadas o resumidas"
UDCCAVWSTIM,USED STM TO GET OVER/AVOID COC WITHDRAWAL IN PST 12 MOS,SUBSTANCE USE DISORDER,Original u otra,46365,98.025,False,False,False,Conservar como predictor principal,Excluir: detalle sustituido por versiones resumidas,"Sustituido por variables recodificadas, imputadas o resumidas"
UDCCFMLYCTD,CONTD COCAINE USE DESPITE COC CAUSE ARGUMENTS W/FAM/FRNDS,SUBSTANCE USE DISORDER,Original u otra,46405,98.11,False,False,False,Conservar como predictor principal,Excluir: detalle sustituido por versiones resumidas,"Sustituido por variables recodificadas, imputadas o resumidas"
UDCCFMLYPRB,COCAINE CAUSE ARGUMENTS/PROBS W/FAMILY/FRIENDS PST 12 MOS,SUBSTANCE USE DISORDER,Original u otra,47246,99.888,False,False,False,Conservar como predictor principal,Excluir: detalle sustituido por versiones resumidas,"Sustituido por variables recodificadas, imputadas o resumidas"
UDCCGETHURT,COCAINE USE INCREASED CHANCE GETTING HURT PST 12 MOS,SUBSTANCE USE DISORDER,Original u otra,47245,99.886,False,False,False,Conservar como predictor principal,Excluir: detalle sustituido por versiones resumidas,"Sustituido por variables recodificadas, imputadas o resumidas"
UDCCHLTHCTD,CONTD TO USE COCAINE DESPITE COCAINE CAUSE/WORSEN PHYS PRBS,SUBSTANCE USE DISORDER,Original u otra,46378,98.053,False,False,False,Conservar como predictor principal,Excluir: detalle sustituido por versiones resumidas,"Sustituido por variables recodificadas, imputadas o resumidas"
UDCCHLTHPRB,ANY LONG-LASTING PHYS PRBS CAUSED/WORSND BY COC PST 12 MOS,SUBSTANCE USE DISORDER,Original u otra,47246,99.888,False,False,False,Conservar como predictor principal,Excluir: detalle sustituido por versiones resumidas,"Sustituido por variables recodificadas, imputadas o resumidas"
UDCCLESSEFF,SAME AMT COCAINE HAS LESS EFFECT THAN IT USED TO,SUBSTANCE USE DISORDER,Original u otra,47127,99.636,False,False,False,Conservar como predictor principal,Excluir: detalle sustituido por versiones resumidas,"Sustituido por variables recodificadas, imputadas o resumidas"
UDCCLRGAMTS,USED COC LARGER AMTS OR LONGER TIME THAN MEANT TO PST 12 MOS,SUBSTANCE USE DISORDER,Original u otra,47246,99.888,False,False,False,Conservar como predictor principal,Excluir: detalle sustituido por versiones resumidas,"Sustituido por variables recodificadas, imputadas o resumidas"
UDCCMNTLCTD,CONTD COCAINE USE DESPITE COC CSE/WRSN EMOT/MNTL HLTH PRBS,SUBSTANCE USE DISORDER,Original u otra,46380,98.057,False,False,False,Conservar como predictor principal,Excluir: detalle sustituido por versiones resumidas,"Sustituido por variables recodificadas, imputadas o resumidas"
UDCCMNTLPRB,ANY EMOT/MNTL HLTH PRBS CAUSED/WORSND BY COCAINE PAST 12 MOS,SUBSTANCE USE DISORDER,Original u otra,47192,99.774,False,False,False,Conservar como predictor principal,Excluir: detalle sustituido por versiones resumidas,"Sustituido por variables recodificadas, imputadas o resumidas"
UDCCNEEDMOR,NEEDED A LOT MORE COCAINE TO GET FEELING YOU WANT,SUBSTANCE USE DISORDER,Original u otra,47244,99.884,False,False,False,Conservar como predictor principal,Excluir: detalle sustituido por versiones resumidas,"Sustituido por variables recodificadas, imputadas o resumidas"
UDCCNOTSTOP,UNABLE TO CUT/STOP COCAINE MORE THAN ONE TIME PAST 12 MOS,SUBSTANCE USE DISORDER,Original u otra,46616,98.556,False,False,False,Conservar como predictor principal,Excluir: detalle sustituido por versiones resumidas,"Sustituido por variables recodificadas, imputadas o resumidas"
UDCCSTOPACT,LESS ACTIVITIES B/C OF COCAINE USE PAST 12 MOS,SUBSTANCE USE DISORDER,Original u otra,47246,99.888,False,False,False,Conservar como predictor principal,Excluir: detalle sustituido por versiones resumidas,"Sustituido por variables recodificadas, imputadas o resumidas"
UDCCSTRURGE,STRONG URGE TO USE COCAINE IN PAST 12 MOS,SUBSTANCE USE DISORDER,Original u otra,47131,99.645,False,False,False,Conservar como predictor principal,Excluir: detalle sustituido por versiones resumidas,"Sustituido por variables recodificadas, imputadas o resumidas"
UDCCTIMEGET,SPENT GREAT DEAL TIME TRY TO GET/GETTING COCAINE PST 12 MOS,SUBSTANCE USE DISORDER,Original u otra,47106,99.592,False,False,False,Conservar como predictor principal,Excluir: detalle sustituido por versiones resumidas,"Sustituido por variables recodificadas, imputadas o resumidas"
UDCCTIMEUSE,SPENT GREAT DEAL OF TIME USING/FEEL EFF OF COCAINE PST 12MOS,SUBSTANCE USE DISORDER,Original u otra,47248,99.892,False,False,False,Conservar como predictor principal,Excluir: detalle sustituido por versiones resumidas,"Sustituido por variables recodificadas, imputadas o resumidas"
UDCCTRYSTOP,TRY TO CUT DOWN/STOP COCAINE USE IN PAST 12 MOS,SUBSTANCE USE DISORDER,Original u otra,47245,99.886,False,False,False,Conservar como predictor principal,Excluir: detalle sustituido por versiones resumidas,"Sustituido por variables recodificadas, imputadas o resumidas"
UDCCWANTBAD,WANTED TO USE COCAINE SO BADLY IN PAST 12 MOS,SUBSTANCE USE DISORDER,Original u otra,47247,99.89,False,False,False,Conservar como predictor principal,Excluir: detalle sustituido por versiones resumidas,"Sustituido por variables recodificadas, imputadas o resumidas"
UDCCWDDREAM,HAVING BAD DREAMS - COC WITHDRAWAL SYMPTOM PST 12 MOS,SUBSTANCE USE DISORDER,Original u otra,46442,98.188,False,False,False,Conservar como predictor principal,Excluir: detalle sustituido por versiones resumidas,"Sustituido por variables recodificadas, imputadas o resumidas"
UDCCWDFLBLU,FELT BLUE OR DOWN AFTER USING LESS OR STOPPING COCAINE,SUBSTANCE USE DISORDER,Original u otra,47245,99.886,False,False,False,Conservar como predictor principal,Excluir: detalle sustituido por versiones resumidas,"Sustituido por variables recodificadas, imputadas o resumidas"
UDCCWDHNGRY,FEELING HUNGRY - COC WITHDRAWAL SYMPTOM PST 12 MOS,SUBSTANCE USE DISORDER,Original u otra,46442,98.188,False,False,False,Conservar como predictor principal,Excluir: detalle sustituido por versiones resumidas,"Sustituido por variables recodificadas, imputadas o resumidas"
UDCCWDSITST,SLOWED DOWN/RESTLESS - COC WITHDRAWAL SYMPTOM PST 12 MOS,SUBSTANCE USE DISORDER,Original u otra,46442,98.188,False,False,False,Conservar como predictor principal,Excluir: detalle sustituido por versiones resumidas,"Sustituido por variables recodificadas, imputadas o resumidas"
UDCCWDSLEEP,TROUBLE/MORE SLEEPING - COC WITHDRAWAL SYMPTOM PST 12 MOS,SUBSTANCE USE DISORDER,Original u otra,46442,98.188,False,False,False,Conservar como predictor principal,Excluir: detalle sustituido por versiones resumidas,"Sustituido por variables recodificadas, imputadas o resumidas"
UDCCWDTIRED,FEELING TIRED/EXHAUSTED - COC WITHDRAWAL SYMPTOM PST 12 MOS,SUBSTANCE USE DISORDER,Original u otra,46442,98.188,False,False,False,Conservar como predictor principal,Excluir: detalle sustituido por versiones resumidas,"Sustituido por variables recodificadas, imputadas o resumidas"
UDCCWORKPRB,COCAINE CAUSE SERIOUS PRBS AT HOME/WORK/SCH PST 12 MOS,SUBSTANCE USE DISORDER,Original u otra,47247,99.89,False,False,False,Conservar como predictor principal,Excluir: detalle sustituido por versiones resumidas,"Sustituido por variables recodificadas, imputadas o resumidas"
UDCCWSHSTOP,OFTEN WISH CUT DOWN OR STOP COCAINE USE PAST 12 MOS,SUBSTANCE USE DISORDER,Original u otra,46930,99.22,False,False,False,Conservar como predictor principal,Excluir: detalle sustituido por versiones resumidas,"Sustituido por variables recodificadas, imputadas o resumidas"
UDHAFMLYCTD,CONTD HALLUC USE DESPITE HAL CAUSE ARGUMENTS W/FAM/FRNDS,SUBSTANCE USE DISORDER,Original u otra,44748,94.607,False,False,False,Conservar como predictor principal,Excluir: detalle sustituido por versiones resumidas,"Sustituido por variables recodificadas, imputadas o resumidas"
UDHAFMLYPRB,HALLUC CAUSE ARGUMENTS/PROBS W/FAMILY/FRIENDS PST 12 MOS,SUBSTANCE USE DISORDER,Original u otra,47030,99.431,False,False,False,Conservar como predictor principal,Excluir: detalle sustituido por versiones resumidas,"Sustituido por variables recodificadas, imputadas o resumidas"
UDHAGETHURT,HALLUC USE INCREASED CHANCE GETTING HURT PST 12 MOS,SUBSTANCE USE DISORDER,Original u otra,47028,99.427,False,False,False,Conservar como predictor principal,Excluir: detalle sustituido por versiones resumidas,"Sustituido por variables recodificadas, imputadas o resumidas"
UDHAHLTHCTD,CONTD TO USE HALLUC DESPITE HALLUC CAUSE/WORSEN PHYS PRBS,SUBSTANCE USE DISORDER,Original u otra,44734,94.577,False,False,False,Conservar como predictor principal,Excluir: detalle sustituido por versiones resumidas,"Sustituido por variables recodificadas, imputadas o resumidas"
UDHAHLTHPRB,ANY LONG-LASTING PHYS PRBS CAUSED/WORSND BY HAL PST 12 MOS,SUBSTANCE USE DISORDER,Original u otra,47030,99.431,False,False,False,Conservar como predictor principal,Excluir: detalle sustituido por versiones resumidas,"Sustituido por variables recodificadas, imputadas o resumidas"
UDHALESSEFF,SAME AMT HALLUC HAS LESS EFFECT THAN IT USED TO,SUBSTANCE USE DISORDER,Original u otra,46973,99.311,False,False,False,Conservar como predictor principal,Excluir: detalle sustituido por versiones resumidas,"Sustituido por variables recodificadas, imputadas o resumidas"
UDHALRGAMTS,USED HAL LARGER AMTS OR LONGER TIME THAN MEANT TO PST 12 MOS,SUBSTANCE USE DISORDER,Original u otra,47032,99.436,False,False,False,Conservar como predictor principal,Excluir: detalle sustituido por versiones resumidas,"Sustituido por variables recodificadas, imputadas o resumidas"
UDHAMNTLCTD,CONTD HALLUC USE DESPITE HAL CSE/WRSN EMOT/MNTL HLTH PRBS,SUBSTANCE USE DISORDER,Original u otra,44756,94.624,False,False,False,Conservar como predictor principal,Excluir: detalle sustituido por versiones resumidas,"Sustituido por variables recodificadas, imputadas o resumidas"
UDHAMNTLPRB,ANY EMOT/MNTL HLTH PRBS CAUSED/WORSND BY HALLUC PAST 12 MOS,SUBSTANCE USE DISORDER,Original u otra,47014,99.397,False,False,False,Conservar como predictor principal,Excluir: detalle sustituido por versiones resumidas,"Sustituido por variables recodificadas, imputadas o resumidas"
UDHANEEDMOR,NEEDED A LOT MORE HALLUC TO GET FEELING YOU WANT,SUBSTANCE USE DISORDER,Original u otra,47030,99.431,False,False,False,Conservar como predictor principal,Excluir: detalle sustituido por versiones resumidas,"Sustituido por variables recodificadas, imputadas o resumidas"
UDHANOTSTOP,UNABLE TO CUT/STOP HALLUC MORE THAN ONE TIME PAST 12 MOS,SUBSTANCE USE DISORDER,Original u otra,44890,94.907,False,False,False,Conservar como predictor principal,Excluir: detalle sustituido por versiones resumidas,"Sustituido por variables recodificadas, imputadas o resumidas"
UDHASTOPACT,LESS ACTIVITIES B/C OF HALLUC USE PAST 12 MOS,SUBSTANCE USE DISORDER,Original u otra,47029,99.429,False,False,False,Conservar como predictor principal,Excluir: detalle sustituido por versiones resumidas,"Sustituido por variables recodificadas, imputadas o resumidas"
UDHASTRURGE,STRONG URGE TO USE HALLUC IN PAST 12 MOS,SUBSTANCE USE DISORDER,Original u otra,46981,99.328,False,False,False,Conservar como predictor principal,Excluir: detalle sustituido por versiones resumidas,"Sustituido por variables recodificadas, imputadas o resumidas"
UDHATIMEGET,SPENT GREAT DEAL TIME TRY TO GET/GETTING HAL IN PST 12 MOS,SUBSTANCE USE DISORDER,Original u otra,46970,99.304,False,False,False,Conservar como predictor principal,Excluir: detalle sustituido por versiones resumidas,"Sustituido por variables recodificadas, imputadas o resumidas"
UDHATIMEUSE,SPENT GREAT DEAL OF TIME USING/FEEL EFF OF HAL PST 12 MOS,SUBSTANCE USE DISORDER,Original u otra,47031,99.433,False,False,False,Conservar como predictor principal,Excluir: detalle sustituido por versiones resumidas,"Sustituido por variables recodificadas, imputadas o resumidas"
UDHATRYSTOP,TRY TO CUT DOWN/STOP HALLUC USE IN PAST 12 MOS,SUBSTANCE USE DISORDER,Original u otra,47027,99.425,False,False,False,Conservar como predictor principal,Excluir: detalle sustituido por versiones resumidas,"Sustituido por variables recodificadas, imputadas o resumidas"
UDHAWANTBAD,WANTED TO USE HALLUC SO BADLY IN PAST 12 MOS,SUBSTANCE USE DISORDER,Original u otra,47032,99.436,False,False,False,Conservar como predictor principal,Excluir: detalle sustituido por versiones resumidas,"Sustituido por variables recodificadas, imputadas o resumidas"
UDHAWORKPRB,HALLUC CAUSE SERIOUS PRBS AT HOME/WORK/SCH PST 12 MOS,SUBSTANCE USE DISORDER,Original u otra,47030,99.431,False,False,False,Conservar como predictor principal,Excluir: detalle sustituido por versiones resumidas,"Sustituido por variables recodificadas, imputadas o resumidas"
UDHAWSHSTOP,OFTEN WISH CUT DOWN OR STOP HALLUC PAST 12 MOS,SUBSTANCE USE DISORDER,Original u otra,46850,99.051,False,False,False,Conservar como predictor principal,Excluir: detalle sustituido por versiones resumidas,"Sustituido por variables recodificadas, imputadas o resumidas"
UDHEAVOIDWD,USE HEROIN TO GET OVER/AVOID HEROIN WITHDRAWAL IN PST 12 MOS,SUBSTANCE USE DISORDER,Original u otra,47274,99.947,False,False,False,Conservar como predictor principal,Excluir: detalle sustituido por versiones resumidas,"Sustituido por variables recodificadas, imputadas o resumidas"
UDHEAVWHERN,USED HEROIN TO GET OVER/AVOID HER WITHDRAWAL IN PST 12 MOS,SUBSTANCE USE DISORDER,Original u otra,47207,99.805,False,False,False,Conservar como predictor principal,Excluir: detalle sustituido por versiones resumidas,"Sustituido por variables recodificadas, imputadas o resumidas"
UDHEAVWOTHR,USED SOMETHING ELSE TO GET OVR/AVD HER WITHDRAWAL PST 12 MOS,SUBSTANCE USE DISORDER,Original u otra,47206,99.803,False,False,False,Conservar como predictor principal,Excluir: detalle sustituido por versiones resumidas,"Sustituido por variables recodificadas, imputadas o resumidas"
UDHEAVWPNRL,USED PN RLVR TO GET OVER/AVOID HER WITHDRAWAL IN PST 12 MOS,SUBSTANCE USE DISORDER,Original u otra,47194,99.778,False,False,False,Conservar como predictor principal,Excluir: detalle sustituido por versiones resumidas,"Sustituido por variables recodificadas, imputadas o resumidas"
UDHEFMLYCTD,CONTD HEROIN DESPITE HEROIN CAUSE ARGUMENTS W/FAM/FRNDS,SUBSTANCE USE DISORDER,Original u otra,47200,99.791,False,False,False,Conservar como predictor principal,Excluir: detalle sustituido por versiones resumidas,"Sustituido por variables recodificadas, imputadas o resumidas"
UDHEFMLYPRB,HEROIN CAUSE ARGUMENTS/PROBS W/FAMILY/FRIENDS PST 12 MOS,SUBSTANCE USE DISORDER,Original u otra,47274,99.947,False,False,False,Conservar como predictor principal,Excluir: detalle sustituido por versiones resumidas,"Sustituido por variables recodificadas, imputadas o resumidas"
UDHEGETHURT,HEROIN INCREASED CHANCE GETTING HURT PST 12 MOS,SUBSTANCE USE DISORDER,Original u otra,47274,99.947,False,False,False,Conservar como predictor principal,Excluir: detalle sustituido por versiones resumidas,"Sustituido por variables recodificadas, imputadas o resumidas"
UDHEHLTHCTD,CONTD TO USE HEROIN DESPITE HEROIN CAUSE/WORSEN PHYS PRBS,SUBSTANCE USE DISORDER,Original u otra,47181,99.751,False,False,False,Conservar como predictor principal,Excluir: detalle sustituido por versiones resumidas,"Sustituido por variables recodificadas, imputadas o resumidas"
UDHEHLTHPRB,ANY LONG-LASTING PHYS PRBS CAUSED/WORSND BY HEROIN PST 12MOS,SUBSTANCE USE DISORDER,Original u otra,47275,99.949,False,False,False,Conservar como predictor principal,Excluir: detalle sustituido por versiones resumidas,"Sustituido por variables recodificadas, imputadas o resumidas"
UDHELESSEFF,SAME AMT HEROIN HAS LESS EFFECT THAN IT USED TO,SUBSTANCE USE DISORDER,Original u otra,47193,99.776,False,False,False,Conservar como predictor principal,Excluir: detalle sustituido por versiones resumidas,"Sustituido por variables recodificadas, imputadas o resumidas"
UDHELRGAMTS,USED HER LARGER AMTS OR LONGER TIME THAN MEANT TO PST 12 MOS,SUBSTANCE USE DISORDER,Original u otra,47275,99.949,False,False,False,Conservar como predictor principal,Excluir: detalle sustituido por versiones resumidas,"Sustituido por variables recodificadas, imputadas o resumidas"
UDHEMNTLCTD,CONTD HEROIN USE DESPITE HEROIN CSE/WRSN EMOT/MNTL HLTH PRBS,SUBSTANCE USE DISORDER,Original u otra,47147,99.679,False,False,False,Conservar como predictor principal,Excluir: detalle sustituido por versiones resumidas,"Sustituido por variables recodificadas, imputadas o resumidas"
UDHEMNTLPRB,ANY EMOT/MNTL HLTH PRBS CAUSED/WORSND BY HEROIN PAST 12 MOS,SUBSTANCE USE DISORDER,Original u otra,47222,99.837,False,False,False,Conservar como predictor principal,Excluir: detalle sustituido por versiones resumidas,"Sustituido por variables recodificadas, imputadas o resumidas"
UDHENEEDMOR,NEEDED A LOT MORE HEROIN TO GET FEELING YOU WANT,SUBSTANCE USE DISORDER,Original u otra,47274,99.947,False,False,False,Conservar como predictor principal,Excluir: detalle sustituido por versiones resumidas,"Sustituido por variables recodificadas, imputadas o resumidas"
UDHENOTSTOP,UNABLE TO CUT/STOP HEROIN USE MORE THAN ONE TIME PAST 12 MOS,SUBSTANCE USE DISORDER,Original u otra,47217,99.827,False,False,False,Conservar como predictor principal,Excluir: detalle sustituido por versiones resumidas,"Sustituido por variables recodificadas, imputadas o resumidas"
UDHESTOPACT,LESS ACTIVITIES B/C OF HEROIN USE PAST 12 MOS,SUBSTANCE USE DISORDER,Original u otra,47274,99.947,False,False,False,Conservar como predictor principal,Excluir: detalle sustituido por versiones resumidas,"Sustituido por variables recodificadas, imputadas o resumidas"
UDHESTRURGE,STRONG URGE TO USE HEROIN IN PAST 12 MOS,SUBSTANCE USE DISORDER,Original u otra,47184,99.757,False,False,False,Conservar como predictor principal,Excluir: detalle sustituido por versiones resumidas,"Sustituido por variables recodificadas, imputadas o resumidas"
UDHETIMEGET,SPENT GREAT DEAL TIME TRY TO GET/GETTING HEROIN PST 12 MOS,SUBSTANCE USE DISORDER,Original u otra,47189,99.767,False,False,False,Conservar como predictor principal,Excluir: detalle sustituido por versiones resumidas,"Sustituido por variables recodificadas, imputadas o resumidas"
UDHETIMEUSE,SPENT GREAT DEAL OF TIME USING/FEEL EFF OF HEROIN PST 12 MOS,SUBSTANCE USE DISORDER,Original u otra,47275,99.949,False,False,False,Conservar como predictor principal,Excluir: detalle sustituido por versiones resumidas,"Sustituido por variables recodificadas, imputadas o resumidas"
UDHETRYSTOP,TRY TO CUT DOWN/STOP HEROIN USE IN PAST 12 MOS,SUBSTANCE USE DISORDER,Original u otra,47275,99.949,False,False,False,Conservar como predictor principal,Excluir: detalle sustituido por versiones resumidas,"Sustituido por variables recodificadas, imputadas o resumidas"
UDHEWANTBAD,WANTED TO USE HEROIN SO BADLY IN PAST 12 MOS,SUBSTANCE USE DISORDER,Original u otra,47275,99.949,False,False,False,Conservar como predictor principal,Excluir: detalle sustituido por versiones resumidas,"Sustituido por variables recodificadas, imputadas o resumidas"
UDHEWDCRAMP,HAVING MUSCLE CRAMPS/ACHES-HER WITHDRAWAL SYMPTOM PST 12 MOS,SUBSTANCE USE DISORDER,Original u otra,47274,99.947,False,False,False,Conservar como predictor principal,Excluir: detalle sustituido por versiones resumidas,"Sustituido por variables recodificadas, imputadas o resumidas"
UDHEWDDIARR,HAVING DIARRHEA - HEROIN WITHDRAWAL SYMPTOM PST 12 MOS,SUBSTANCE USE DISORDER,Original u otra,47273,99.945,False,False,False,Conservar como predictor principal,Excluir: detalle sustituido por versiones resumidas,"Sustituido por variables recodificadas, imputadas o resumidas"
UDHEWDFEVER,HAVING FEVER - HEROIN WITHDRAWAL SYMPTOM PST 12 MOS,SUBSTANCE USE DISORDER,Original u otra,47272,99.943,False,False,False,Conservar como predictor principal,Excluir: detalle sustituido por versiones resumidas,"Sustituido por variables recodificadas, imputadas o resumidas"
UDHEWDFLBLU,FEELING BLUE/DOWN - HEROIN WITHDRAWAL SYMPTOM PST 12 MOS,SUBSTANCE USE DISORDER,Original u otra,47273,99.945,False,False,False,Conservar como predictor principal,Excluir: detalle sustituido por versiones resumidas,"Sustituido por variables recodificadas, imputadas o resumidas"
UDHEWDRUNNY,TEARY EYES/RUNNY NOSE - HER WITHDRAWAL SYMPTOM PST 12 MOS,SUBSTANCE USE DISORDER,Original u otra,47273,99.945,False,False,False,Conservar como predictor principal,Excluir: detalle sustituido por versiones resumidas,"Sustituido por variables recodificadas, imputadas o resumidas"
UDHEWDSLEEP,HAVING TRBL SLEEPING - HEROIN WITHDRAWAL SYMPTOM PST 12 MOS,SUBSTANCE USE DISORDER,Original u otra,47273,99.945,False,False,False,Conservar como predictor principal,Excluir: detalle sustituido por versiones resumidas,"Sustituido por variables recodificadas, imputadas o resumidas"
UDHEWDSWEAT,SWEATY/LRG PUPILS/HAIR STNDING UP-HER W/DRWAL SYM PST 12 MOS,SUBSTANCE USE DISORDER,Original u otra,47274,99.947,False,False,False,Conservar como predictor principal,Excluir: detalle sustituido por versiones resumidas,"Sustituido por variables recodificadas, imputadas o resumidas"
UDHEWDVOMIT,VOMITING/NAUSEOUS - HEROIN WITHDRAWAL SYMPTOM PST 12 MOS,SUBSTANCE USE DISORDER,Original u otra,47273,99.945,False,False,False,Conservar como predictor principal,Excluir: detalle sustituido por versiones resumidas,"Sustituido por variables recodificadas, imputadas o resumidas"
UDHEWDYAWNS,YAWNING - HEROIN WITHDRAWAL SYMPTOM PST 12 MOS,SUBSTANCE USE DISORDER,Original u otra,47274,99.947,False,False,False,Conservar como predictor principal,Excluir: detalle sustituido por versiones resumidas,"Sustituido por variables recodificadas, imputadas o resumidas"
UDHEWORKPRB,HEROIN CAUSE SERIOUS PRBS AT HOME/WORK/SCH PST 12 MOS,SUBSTANCE USE DISORDER,Original u otra,47274,99.947,False,False,False,Conservar como predictor principal,Excluir: detalle sustituido por versiones resumidas,"Sustituido por variables recodificadas, imputadas o resumidas"
UDHEWSHSTOP,OFTEN WISH CUT DOWN OR STOP HEROIN USE PAST 12 MOS,SUBSTANCE USE DISORDER,Original u otra,47183,99.755,False,False,False,Conservar como predictor principal,Excluir: detalle sustituido por versiones resumidas,"Sustituido por variables recodificadas, imputadas o resumidas"
UDINFMLYCTD,CONTD INHALANT USE DESPITE INH CAUSE ARGUMENTS W/FAM/FRNDS,SUBSTANCE USE DISORDER,Original u otra,46632,98.59,False,False,False,Conservar como predictor principal,Excluir: detalle sustituido por versiones resumidas,"Sustituido por variables recodificadas, imputadas o resumidas"
UDINFMLYPRB,INHALANTS CAUSE ARGUMENTS/PROBS W/FAMILY/FRIENDS PST 12 MOS,SUBSTANCE USE DISORDER,Original u otra,47172,99.731,False,False,False,Conservar como predictor principal,Excluir: detalle sustituido por versiones resumidas,"Sustituido por variables recodificadas, imputadas o resumidas"
UDINGETHURT,INHALANT USE INCREASED CHANCE GETTING HURT PST 12 MOS,SUBSTANCE USE DISORDER,Original u otra,47172,99.731,False,False,False,Conservar como predictor principal,Excluir: detalle sustituido por versiones resumidas,"Sustituido por variables recodificadas, imputadas o resumidas"
UDINHLTHCTD,CONTD TO USE INHALANTS DESPITE INH CAUSE/WORSEN PHYS PRBS,SUBSTANCE USE DISORDER,Original u otra,46638,98.603,False,False,False,Conservar como predictor principal,Excluir: detalle sustituido por versiones resumidas,"Sustituido por variables recodificadas, imputadas o resumidas"
UDINHLTHPRB,ANY LONG-LASTING PHYS PRBS CAUSED/WORSND BY INH PST 12 MOS,SUBSTANCE USE DISORDER,Original u otra,47171,99.729,False,False,False,Conservar como predictor principal,Excluir: detalle sustituido por versiones resumidas,"Sustituido por variables recodificadas, imputadas o resumidas"
UDINLESSEFF,SAME AMT INHALANTS HAS LESS EFFECT THAN IT USED TO,SUBSTANCE USE DISORDER,Original u otra,47129,99.641,False,False,False,Conservar como predictor principal,Excluir: detalle sustituido por versiones resumidas,"Sustituido por variables recodificadas, imputadas o resumidas"
UDINLRGAMTS,USED INH LARGER AMTS OR LONGER TIME THAN MEANT TO PST 12 MOS,SUBSTANCE USE DISORDER,Original u otra,47172,99.731,False,False,False,Conservar como predictor principal,Excluir: detalle sustituido por versiones resumidas,"Sustituido por variables recodificadas, imputadas o resumidas"
UDINMNTLCTD,CONTD INH USE DESPITE INH CSE/WRSN EMOT/MNTL HLTH PRBS,SUBSTANCE USE DISORDER,Original u otra,46622,98.569,False,False,False,Conservar como predictor principal,Excluir: detalle sustituido por versiones resumidas,"Sustituido por variables recodificadas, imputadas o resumidas"
UDINMNTLPRB,ANY EMOT/MNTL HLTH PRBS CAUSED/WORSND BY INH PAST 12 MOS,SUBSTANCE USE DISORDER,Original u otra,47153,99.691,False,False,False,Conservar como predictor principal,Excluir: detalle sustituido por versiones resumidas,"Sustituido por variables recodificadas, imputadas o resumidas"
UDINNEEDMOR,NEEDED A LOT MORE INHALANTS TO GET FEELING YOU WANT,SUBSTANCE USE DISORDER,Original u otra,47172,99.731,False,False,False,Conservar como predictor principal,Excluir: detalle sustituido por versiones resumidas,"Sustituido por variables recodificadas, imputadas o resumidas"
UDINNOTSTOP,UNABLE TO CUT/STOP INH USE MORE THAN ONE TIME PAST 12 MOS,SUBSTANCE USE DISORDER,Original u otra,46701,98.736,False,False,False,Conservar como predictor principal,Excluir: detalle sustituido por versiones resumidas,"Sustituido por variables recodificadas, imputadas o resumidas"
UDINSTOPACT,LESS ACTIVITIES B/C OF INHALANT USE PAST 12 MOS,SUBSTANCE USE DISORDER,Original u otra,47173,99.734,False,False,False,Conservar como predictor principal,Excluir: detalle sustituido por versiones resumidas,"Sustituido por variables recodificadas, imputadas o resumidas"
UDINSTRURGE,STRONG URGE TO USE INHALANTS IN PAST 12 MOS,SUBSTANCE USE DISORDER,Original u otra,47147,99.679,False,False,False,Conservar como predictor principal,Excluir: detalle sustituido por versiones resumidas,"Sustituido por variables recodificadas, imputadas o resumidas"
UDINTIMEGET,SPENT GREAT DEAL TIME TRY TO GET/GETTING INH IN PST 12 MOS,SUBSTANCE USE DISORDER,Original u otra,47142,99.668,False,False,False,Conservar como predictor principal,Excluir: detalle sustituido por versiones resumidas,"Sustituido por variables recodificadas, imputadas o resumidas"
UDINTIMEUSE,SPENT GREAT DEAL OF TIME USING/FEEL EFF OF INH PST 12 MOS,SUBSTANCE USE DISORDER,Original u otra,47172,99.731,False,False,False,Conservar como predictor principal,Excluir: detalle sustituido por versiones resumidas,"Sustituido por variables recodificadas, imputadas o resumidas"
UDINTRYSTOP,TRY TO CUT DOWN/STOP INHALANT USE IN PAST 12 MOS,SUBSTANCE USE DISORDER,Original u otra,47170,99.727,False,False,False,Conservar como predictor principal,Excluir: detalle sustituido por versiones resumidas,"Sustituido por variables recodificadas, imputadas o resumidas"
UDINWANTBAD,WANTED TO USE INHALANTS SO BADLY IN PAST 12 MOS,SUBSTANCE USE DISORDER,Original u otra,47172,99.731,False,False,False,Conservar como predictor principal,Excluir: detalle sustituido por versiones resumidas,"Sustituido por variables recodificadas, imputadas o resumidas"
UDINWORKPRB,INHALANTS CAUSE SERIOUS PRBS AT HOME/WORK/SCH PST 12 MOS,SUBSTANCE USE DISORDER,Original u otra,47172,99.731,False,False,False,Conservar como predictor principal,Excluir: detalle sustituido por versiones resumidas,"Sustituido por variables recodificadas, imputadas o resumidas"
UDINWSHSTOP,OFTEN WISH CUT DOWN OR STOP INH USE PAST 12 MOS,SUBSTANCE USE DISORDER,Original u otra,47086,99.55,False,False,False,Conservar como predictor principal,Excluir: detalle sustituido por versiones resumidas,"Sustituido por variables recodificadas, imputadas o resumidas"
UDMEAVOIDWD,USE METH TO GET OVER/AVOID METH WITHDRAWAL IN PST 12 MOS,SUBSTANCE USE DISORDER,Original u otra,47241,99.877,False,False,False,Conservar como predictor principal,Excluir: detalle sustituido por versiones resumidas,"Sustituido por variables recodificadas, imputadas o resumidas"
UDMEAVWCOCN,USED COC/CRK TO GET OVER/AVOID METH WITHDRAWAL IN PST 12 MOS,SUBSTANCE USE DISORDER,Original u otra,46867,99.087,False,False,False,Conservar como predictor principal,Excluir: detalle sustituido por versiones resumidas,"Sustituido por variables recodificadas, imputadas o resumidas"
UDMEAVWMETH,USED METH TO GET OVER/AVOID METH WITHDRAWAL IN PST 12 MOS,SUBSTANCE USE DISORDER,Original u otra,46867,99.087,False,False,False,Conservar como predictor principal,Excluir: detalle sustituido por versiones resumidas,"Sustituido por variables recodificadas, imputadas o resumidas"
UDMEAVWOTHR,USED SOMTHING ELSE TO GET OVR/AVD METH WITHDRAWAL PST 12 MOS,SUBSTANCE USE DISORDER,Original u otra,46866,99.085,False,False,False,Conservar como predictor principal,Excluir: detalle sustituido por versiones resumidas,"Sustituido por variables recodificadas, imputadas o resumidas"
UDMEAVWSTIM,USED STM TO GET OVER/AVOID METH WITHDRAWAL IN PST 12 MOS,SUBSTANCE USE DISORDER,Original u otra,46866,99.085,False,False,False,Conservar como predictor principal,Excluir: detalle sustituido por versiones resumidas,"Sustituido por variables recodificadas, imputadas o resumidas"
UDMEFMLYCTD,CONTD METH USE DESPITE METH CAUSE ARGUMENTS W/FAM/FRNDS,SUBSTANCE USE DISORDER,Original u otra,46921,99.201,False,False,False,Conservar como predictor principal,Excluir: detalle sustituido por versiones resumidas,"Sustituido por variables recodificadas, imputadas o resumidas"
UDMEFMLYPRB,METH CAUSE ARGUMENTS/PROBS W/FAMILY/FRIENDS PST 12 MOS,SUBSTANCE USE DISORDER,Original u otra,47242,99.879,False,False,False,Conservar como predictor principal,Excluir: detalle sustituido por versiones resumidas,"Sustituido por variables recodificadas, imputadas o resumidas"
UDMEGETHURT,METH INCREASED CHANCE GETTING HURT PST 12 MOS,SUBSTANCE USE DISORDER,Original u otra,47242,99.879,False,False,False,Conservar como predictor principal,Excluir: detalle sustituido por versiones resumidas,"Sustituido por variables recodificadas, imputadas o resumidas"
UDMEHLTHCTD,CONTD TO USE METH DESPITE METH CAUSE/WORSEN PHYS PRBS,SUBSTANCE USE DISORDER,Original u otra,46868,99.089,False,False,False,Conservar como predictor principal,Excluir: detalle sustituido por versiones resumidas,"Sustituido por variables recodificadas, imputadas o resumidas"
UDMEHLTHPRB,ANY LONG-LASTING PHYS PRBS CAUSED/WORSND BY METH PST 12 MOS,SUBSTANCE USE DISORDER,Original u otra,47243,99.882,False,False,False,Conservar como predictor principal,Excluir: detalle sustituido por versiones resumidas,"Sustituido por variables recodificadas, imputadas o resumidas"
UDMELESSEFF,SAME AMT METH HAS LESS EFFECT THAN IT USED TO,SUBSTANCE USE DISORDER,Original u otra,47029,99.429,False,False,False,Conservar como predictor principal,Excluir: detalle sustituido por versiones resumidas,"Sustituido por variables recodificadas, imputadas o resumidas"
UDMELRGAMTS,USED METH LARGER AMTS OR LONGER TIME THAN MEANT TO PST 12 MO,SUBSTANCE USE DISORDER,Original u otra,47244,99.884,False,False,False,Conservar como predictor principal,Excluir: detalle sustituido por versiones resumidas,"Sustituido por variables recodificadas, imputadas o resumidas"
UDMEMNTLCTD,CONTD METH USE DESPITE METH CSE/WRSN EMOT/MNTL HLTH PRBS,SUBSTANCE USE DISORDER,Original u otra,46797,98.939,False,False,False,Conservar como predictor principal,Excluir: detalle sustituido por versiones resumidas,"Sustituido por variables recodificadas, imputadas o resumidas"
UDMEMNTLPRB,ANY EMOT/MNTL HLTH PRBS CAUSED/WORSND BY METH PAST 12 MOS,SUBSTANCE USE DISORDER,Original u otra,47115,99.611,False,False,False,Conservar como predictor principal,Excluir: detalle sustituido por versiones resumidas,"Sustituido por variables recodificadas, imputadas o resumidas"
UDMENEEDMOR,NEEDED A LOT MORE METH TO GET FEELING YOU WANT,SUBSTANCE USE DISORDER,Original u otra,47244,99.884,False,False,False,Conservar como predictor principal,Excluir: detalle sustituido por versiones resumidas,"Sustituido por variables recodificadas, imputadas o resumidas"
UDMENOTSTOP,UNABLE TO CUT/STOP METH MORE THAN ONE TIME PAST 12 MOS,SUBSTANCE USE DISORDER,Original u otra,47012,99.393,False,False,False,Conservar como predictor principal,Excluir: detalle sustituido por versiones resumidas,"Sustituido por variables recodificadas, imputadas o resumidas"
UDMESTOPACT,LESS ACTIVITIES B/C OF METH USE PAST 12 MOS,SUBSTANCE USE DISORDER,Original u otra,47243,99.882,False,False,False,Conservar como predictor principal,Excluir: detalle sustituido por versiones resumidas,"Sustituido por variables recodificadas, imputadas o resumidas"
UDMESTRURGE,STRONG URGE TO USE METH IN PAST 12 MOS,SUBSTANCE USE DISORDER,Original u otra,47033,99.438,False,False,False,Conservar como predictor principal,Excluir: detalle sustituido por versiones resumidas,"Sustituido por variables recodificadas, imputadas o resumidas"
UDMETIMEGET,SPENT GREAT DEAL TIME TRY TO GET/GETTING METH IN PST 12 MOS,SUBSTANCE USE DISORDER,Original u otra,46964,99.292,False,False,False,Conservar como predictor principal,Excluir: detalle sustituido por versiones resumidas,"Sustituido por variables recodificadas, imputadas o resumidas"
UDMETIMEUSE,SPENT GREAT DEAL OF TIME USING/FEEL EFF OF METH PST 12 MOS,SUBSTANCE USE DISORDER,Original u otra,47243,99.882,False,False,False,Conservar como predictor principal,Excluir: detalle sustituido por versiones resumidas,"Sustituido por variables recodificadas, imputadas o resumidas"
UDMETRYSTOP,TRY TO CUT DOWN/STOP METH USE IN PAST 12 MOS,SUBSTANCE USE DISORDER,Original u otra,47244,99.884,False,False,False,Conservar como predictor principal,Excluir: detalle sustituido por versiones resumidas,"Sustituido por variables recodificadas, imputadas o resumidas"
UDMEWANTBAD,WANTED TO USE METH SO BADLY IN PAST 12 MOS,SUBSTANCE USE DISORDER,Original u otra,47244,99.884,False,False,False,Conservar como predictor principal,Excluir: detalle sustituido por versiones resumidas,"Sustituido por variables recodificadas, imputadas o resumidas"
UDMEWDDREAM,HAVING BAD DREAMS - METH WITHDRAWAL SYMPTOM PST 12 MOS,SUBSTANCE USE DISORDER,Original u otra,46968,99.3,False,False,False,Conservar como predictor principal,Excluir: detalle sustituido por versiones resumidas,"Sustituido por variables recodificadas, imputadas o resumidas"
UDMEWDFLBLU,FELT BLUE OR DOWN AFTER USING LESS OR STOPPING METH,SUBSTANCE USE DISORDER,Original u otra,47242,99.879,False,False,False,Conservar como predictor principal,Excluir: detalle sustituido por versiones resumidas,"Sustituido por variables recodificadas, imputadas o resumidas"
UDMEWDHNGRY,FEELING HUNGRY -  METH WITHDRAWAL SYMPTOM PST 12 MOS,SUBSTANCE USE DISORDER,Original u otra,46968,99.3,False,False,False,Conservar como predictor principal,Excluir: detalle sustituido por versiones resumidas,"Sustituido por variables recodificadas, imputadas o resumidas"
UDMEWDSITST,FEELING SLOWED DOWN/RESTLESS -MTH W/DRAWL SYMPTOM PST 12 MOS,SUBSTANCE USE DISORDER,Original u otra,46968,99.3,False,False,False,Conservar como predictor principal,Excluir: detalle sustituido por versiones resumidas,"Sustituido por variables recodificadas, imputadas o resumidas"
UDMEWDSLEEP,TROUBLE/MORE SLEEP - METH WITHDRAWAL SYMPTOM PST 12 MOS,SUBSTANCE USE DISORDER,Original u otra,46968,99.3,False,False,False,Conservar como predictor principal,Excluir: detalle sustituido por versiones resumidas,"Sustituido por variables recodificadas, imputadas o resumidas"
UDMEWDTIRED,FEELING TIRED/EXHAUSTED - METH WITHDRAWAL SYMPTOM PST 12 MOS,SUBSTANCE USE DISORDER,Original u otra,46968,99.3,False,False,False,Conservar como predictor principal,Excluir: detalle sustituido por versiones resumidas,"Sustituido por variables recodificadas, imputadas o resumidas"
UDMEWORKPRB,METH CAUSE SERIOUS PRBS AT HOME/WORK/SCH PST 12 MOS,SUBSTANCE USE DISORDER,Original u otra,47242,99.879,False,False,False,Conservar como predictor principal,Excluir: detalle sustituido por versiones resumidas,"Sustituido por variables recodificadas, imputadas o resumidas"
UDMEWSHSTOP,OFTEN WISH CUT DOWN OR STOP METH USE PAST 12 MOS,SUBSTANCE USE DISORDER,Original u otra,46945,99.252,False,False,False,Conservar como predictor principal,Excluir: detalle sustituido por versiones resumidas,"Sustituido por variables recodificadas, imputadas o resumidas"
UDMJAVOIDWD,USE MJ/DRG TO GET OVER/AVOID MJ WITHDRAWAL IN PST 12 MOS,SUBSTANCE USE DISORDER,Original u otra,47052,99.478,False,False,False,Conservar como predictor principal,Excluir: detalle sustituido por versiones resumidas,"Sustituido por variables recodificadas, imputadas o resumidas"
UDMJAVWMARJ,USED MARIJUANA TO GET OVER/AVOID MJ WITHDRAWAL IN PST 12 MOS,SUBSTANCE USE DISORDER,Original u otra,37077,78.389,False,False,False,Conservar como predictor principal,Excluir: detalle sustituido por versiones resumidas,"Sustituido por variables recodificadas, imputadas o resumidas"
UDMJAVWOTHR,USED SOMETHING ELSE TO GET OVR/AVD MJ WITHDRAWAL PST 12 MOS,SUBSTANCE USE DISORDER,Original u otra,37073,78.38,False,False,False,Conservar como predictor principal,Excluir: detalle sustituido por versiones resumidas,"Sustituido por variables recodificadas, imputadas o resumidas"
UDMJFMLYCTD,CONTD MARIJUANA USE DESPITE MJ CAUSE ARGUMENTS W/FAM/FRNDS,SUBSTANCE USE DISORDER,Original u otra,36846,77.9,False,False,False,Conservar como predictor principal,Excluir: detalle sustituido por versiones resumidas,"Sustituido por variables recodificadas, imputadas o resumidas"
UDMJFMLYPRB,MARIJUANA CAUSE ARGUMENTS/PROBS W/FAMILY/FRIENDS PST 12 MOS,SUBSTANCE USE DISORDER,Original u otra,47053,99.48,False,False,False,Conservar como predictor principal,Excluir: detalle sustituido por versiones resumidas,"Sustituido por variables recodificadas, imputadas o resumidas"
UDMJGETHURT,MARIJUANA USE INCREASED CHANCE GETTING HURT PST 12 MOS,SUBSTANCE USE DISORDER,Original u otra,47053,99.48,False,False,False,Conservar como predictor principal,Excluir: detalle sustituido por versiones resumidas,"Sustituido por variables recodificadas, imputadas o resumidas"
UDMJHLTHCTD,CONTD TO USE MARIJUANA DESPITE MJ CAUSE/WORSEN PHYS PRBS,SUBSTANCE USE DISORDER,Original u otra,36868,77.947,False,False,False,Conservar como predictor principal,Excluir: detalle sustituido por versiones resumidas,"Sustituido por variables recodificadas, imputadas o resumidas"
UDMJHLTHPRB,ANY LONG-LASTING PHYS PRBS CAUSED/WORSND BY MJ PST 12 MOS,SUBSTANCE USE DISORDER,Original u otra,47058,99.49,False,False,False,Conservar como predictor principal,Excluir: detalle sustituido por versiones resumidas,"Sustituido por variables recodificadas, imputadas o resumidas"
UDMJLESSEFF,SAME AMT MARIJUANA HAS LESS EFFECT THAN IT USED TO,SUBSTANCE USE DISORDER,Original u otra,44864,94.852,False,False,False,Conservar como predictor principal,Excluir: detalle sustituido por versiones resumidas,"Sustituido por variables recodificadas, imputadas o resumidas"
UDMJLRGAMTS,USED MJ LARGER AMTS OR LONGER TIME THAN MEANT TO PST 12 MOS,SUBSTANCE USE DISORDER,Original u otra,47061,99.497,False,False,False,Conservar como predictor principal,Excluir: detalle sustituido por versiones resumidas,"Sustituido por variables recodificadas, imputadas o resumidas"
UDMJMNTLCTD,CONTD MARIJUANA USE DESPITE MJ CSE/WRSN EMOT/MNTL HLTH PRBS,SUBSTANCE USE DISORDER,Original u otra,36930,78.078,False,False,False,Conservar como predictor principal,Excluir: detalle sustituido por versiones resumidas,"Sustituido por variables recodificadas, imputadas o resumidas"
UDMJMNTLPRB,ANY EMOT/MNTL HLTH PRBS CAUSED/WORSND BY MJ PAST 12 MOS,SUBSTANCE USE DISORDER,Original u otra,46699,98.731,False,False,False,Conservar como predictor principal,Excluir: detalle sustituido por versiones resumidas,"Sustituido por variables recodificadas, imputadas o resumidas"
UDMJNEEDMOR,NEEDED A LOT MORE MARIJUANA TO GET FEELING YOU WANT,SUBSTANCE USE DISORDER,Original u otra,47060,99.495,False,False,False,Conservar como predictor principal,Excluir: detalle sustituido por versiones resumidas,"Sustituido por variables recodificadas, imputadas o resumidas"
UDMJNOTSTOP,UNABLE TO CUT/STOP MJ USE MORE THAN ONE TIME PAST 12 MOS,SUBSTANCE USE DISORDER,Original u otra,39755,84.05,False,False,False,Conservar como predictor principal,Excluir: detalle sustituido por versiones resumidas,"Sustituido por variables recodificadas, imputadas o resumidas"
UDMJSTOPACT,LESS ACTIVITIES B/C OF MARIJUANA USE PAST 12 MOS,SUBSTANCE USE DISORDER,Original u otra,47051,99.476,False,False,False,Conservar como predictor principal,Excluir: detalle sustituido por versiones resumidas,"Sustituido por variables recodificadas, imputadas o resumidas"
UDMJSTRURGE,STRONG URGE TO USE MARIJUANA IN PAST 12 MOS,SUBSTANCE USE DISORDER,Original u otra,45681,96.579,False,False,False,Conservar como predictor principal,Excluir: detalle sustituido por versiones resumidas,"Sustituido por variables recodificadas, imputadas o resumidas"
UDMJTIMEGET,SPENT GREAT DEAL TIME TRY TO GET/GETTING MJ IN PST 12 MOS,SUBSTANCE USE DISORDER,Original u otra,42688,90.251,False,False,False,Conservar como predictor principal,Excluir: detalle sustituido por versiones resumidas,"Sustituido por variables recodificadas, imputadas o resumidas"
UDMJTIMEUSE,SPENT GREAT DEAL OF TIME USING/FEEL EFF OF MJ PST 12 MOS,SUBSTANCE USE DISORDER,Original u otra,47060,99.495,False,False,False,Conservar como predictor principal,Excluir: detalle sustituido por versiones resumidas,"Sustituido por variables recodificadas, imputadas o resumidas"
UDMJTRYSTOP,TRY TO CUT DOWN/STOP MARIJUANA USE IN PAST 12 MOS,SUBSTANCE USE DISORDER,Original u otra,47054,99.482,False,False,False,Conservar como predictor principal,Excluir: detalle sustituido por versiones resumidas,"Sustituido por variables recodificadas, imputadas o resumidas"
UDMJWANTBAD,WANTED TO USE MARIJUANA SO BADLY IN PAST 12 MOS,SUBSTANCE USE DISORDER,Original u otra,47064,99.503,False,False,False,Conservar como predictor principal,Excluir: detalle sustituido por versiones resumidas,"Sustituido por variables recodificadas, imputadas o resumidas"
UDMJWDANGRY,FEELING IRRITABLE OR ANGRY-MJ WITHDRAWAL SYMPTOM PST 12 MOS,SUBSTANCE USE DISORDER,Original u otra,47049,99.471,False,False,False,Conservar como predictor principal,Excluir: detalle sustituido por versiones resumidas,"Sustituido por variables recodificadas, imputadas o resumidas"
UDMJWDAPPET,LOSING APPETITE OR WEIGHT - MJ WITHDRAWAL SYMPTOM PST 12 MOS,SUBSTANCE USE DISORDER,Original u otra,47047,99.467,False,False,False,Conservar como predictor principal,Excluir: detalle sustituido por versiones resumidas,"Sustituido por variables recodificadas, imputadas o resumidas"
UDMJWDCHILL,CHILLS - MJ WITHDRAWAL SYMPTOM PST 12 MOS,SUBSTANCE USE DISORDER,Original u otra,47049,99.471,False,False,False,Conservar como predictor principal,Excluir: detalle sustituido por versiones resumidas,"Sustituido por variables recodificadas, imputadas o resumidas"
UDMJWDDEPRS,FEELING DEPRESSED - MJ WITHDRAWAL SYMPTOM PST 12 MOS,SUBSTANCE USE DISORDER,Original u otra,47043,99.459,False,False,False,Conservar como predictor principal,Excluir: detalle sustituido por versiones resumidas,"Sustituido por variables recodificadas, imputadas o resumidas"
UDMJWDFEVER,FEVER - MJ WITHDRAWAL SYMPTOM PST 12 MOS,SUBSTANCE USE DISORDER,Original u otra,47050,99.474,False,False,False,Conservar como predictor principal,Excluir: detalle sustituido por versiones resumidas,"Sustituido por variables recodificadas, imputadas o resumidas"
UDMJWDFLANX,FEELING ANXIOUS/NERVOUS - MJ WITHDRAWAL SYMPTOM PST 12 MOS,SUBSTANCE USE DISORDER,Original u otra,47048,99.469,False,False,False,Conservar como predictor principal,Excluir: detalle sustituido por versiones resumidas,"Sustituido por variables recodificadas, imputadas o resumidas"
UDMJWDHEDAC,HEADACHE - MJ WITHDRAWAL SYMPTOM PST 12 MOS,SUBSTANCE USE DISORDER,Original u otra,47046,99.465,False,False,False,Conservar como predictor principal,Excluir: detalle sustituido por versiones resumidas,"Sustituido por variables recodificadas, imputadas o resumidas"
UDMJWDSHAKE,SHAKING OR TREMORS - MJ WITHDRAWAL SYMPTOM PST 12 MOS,SUBSTANCE USE DISORDER,Original u otra,47049,99.471,False,False,False,Conservar como predictor principal,Excluir: detalle sustituido por versiones resumidas,"Sustituido por variables recodificadas, imputadas o resumidas"
UDMJWDSITST,COULDN'T SIT STILL - MJ WITHDRAWAL SYMPTOM PST 12 MOS,SUBSTANCE USE DISORDER,Original u otra,47048,99.469,False,False,False,Conservar como predictor principal,Excluir: detalle sustituido por versiones resumidas,"Sustituido por variables recodificadas, imputadas o resumidas"
UDMJWDSLEEP,HAVING TROUBLE SLEEPING - MJ WITHDRAWAL SYMPTOM PST 12 MOS,SUBSTANCE USE DISORDER,Original u otra,47045,99.463,False,False,False,Conservar como predictor principal,Excluir: detalle sustituido por versiones resumidas,"Sustituido por variables recodificadas, imputadas o resumidas"
UDMJWDSTMCH,STOMACH ACHE - MJ WITHDRAWAL SYMPTOM PST 12 MOS,SUBSTANCE USE DISORDER,Original u otra,47050,99.474,False,False,False,Conservar como predictor principal,Excluir: detalle sustituido por versiones resumidas,"Sustituido por variables recodificadas, imputadas o resumidas"
UDMJWDSWEAT,SWEATING - MJ WITHDRAWAL SYMPTOM PST 12 MOS,SUBSTANCE USE DISORDER,Original u otra,47050,99.474,False,False,False,Conservar como predictor principal,Excluir: detalle sustituido por versiones resumidas,"Sustituido por variables recodificadas, imputadas o resumidas"
UDMJWORKPRB,MARIJUANA CAUSE SERIOUS PRBS AT HOME/WORK/SCH PST 12 MOS,SUBSTANCE USE DISORDER,Original u otra,47053,99.48,False,False,False,Conservar como predictor principal,Excluir: detalle sustituido por versiones resumidas,"Sustituido por variables recodificadas, imputadas o resumidas"
UDMJWSHSTOP,OFTEN WISH CUT DOWN OR STOP MJ USE PAST 12 MOS,SUBSTANCE USE DISORDER,Original u otra,43715,92.423,False,False,False,Conservar como predictor principal,Excluir: detalle sustituido por versiones resumidas,"Sustituido por variables recodificadas, imputadas o resumidas"
UDPRAVOIDWD2,USE PN RLVR TO GET OVER/AVOID PR WITHDRAWAL IN PST 12 MOS,SUBSTANCE USE DISORDER,Original u otra,46964,99.292,False,False,False,Conservar como predictor principal,Excluir: detalle sustituido por versiones resumidas,"Sustituido por variables recodificadas, imputadas o resumidas"
UDPRAVWHERN2,USED HEROIN TO GET OVER/AVOID PR WITHDRAWAL IN PST 12 MOS,SUBSTANCE USE DISORDER,Original u otra,37013,78.253,False,False,False,Conservar como predictor principal,Excluir: detalle sustituido por versiones resumidas,"Sustituido por variables recodificadas, imputadas o resumidas"
UDPRAVWOTHR2,USED SOMETHING ELSE TO GET OVR/AVD PR WITHDRAWAL PST 12 MOS,SUBSTANCE USE DISORDER,Original u otra,37013,78.253,False,False,False,Conservar como predictor principal,Excluir: detalle sustituido por versiones resumidas,"Sustituido por variables recodificadas, imputadas o resumidas"
UDPRAVWPNRL2,USED PN RLVR TO GET OVER/AVOID PR WITHDRAWAL IN PST 12 MOS,SUBSTANCE USE DISORDER,Original u otra,36992,78.209,False,False,False,Conservar como predictor principal,Excluir: detalle sustituido por versiones resumidas,"Sustituido por variables recodificadas, imputadas o resumidas"
UDPRFMLYCTD2,CONTD PN RLVR USE DESPITE PR CAUSE ARGUMENTS W/FAM/FRNDS,SUBSTANCE USE DISORDER,Original u otra,36947,78.114,False,False,False,Conservar como predictor principal,Excluir: detalle sustituido por versiones resumidas,"Sustituido por variables recodificadas, imputadas o resumidas"
UDPRFMLYPRB2,PN RLVR CAUSE ARGUMENTS/PROBS W/FAMILY/FRIENDS PST 12 MOS,SUBSTANCE USE DISORDER,Original u otra,46961,99.285,False,False,False,Conservar como predictor principal,Excluir: detalle sustituido por versiones resumidas,"Sustituido por variables recodificadas, imputadas o resumidas"
UDPRGETHURT2,PN RLVR INCREASED CHANCE GETTING HURT PST 12 MOS,SUBSTANCE USE DISORDER,Original u otra,46961,99.285,False,False,False,Conservar como predictor principal,Excluir: detalle sustituido por versiones resumidas,"Sustituido por variables recodificadas, imputadas o resumidas"
UDPRHLTHCTD2,CONTD TO USE PN RLVR DESPITE PN RLVR CAUSE/WORSEN PHYS PRBS,SUBSTANCE USE DISORDER,Original u otra,36978,78.179,False,False,False,Conservar como predictor principal,Excluir: detalle sustituido por versiones resumidas,"Sustituido por variables recodificadas, imputadas o resumidas"
UDPRHLTHPRB2,ANY LONG-LASTING PHYS PRBS CAUSED/WORSND BY PR PST 12 MOS,SUBSTANCE USE DISORDER,Original u otra,46956,99.275,False,False,False,Conservar como predictor principal,Excluir: detalle sustituido por versiones resumidas,"Sustituido por variables recodificadas, imputadas o resumidas"
UDPRLESSEFF2,SAME AMT PN RLVR HAS LESS EFFECT THAN IT USED TO,SUBSTANCE USE DISORDER,Original u otra,46615,98.554,False,False,False,Conservar como predictor principal,Excluir: detalle sustituido por versiones resumidas,"Sustituido por variables recodificadas, imputadas o resumidas"
UDPRLRGAMTS2,USED PR LARGER AMTS OR LONGER TIME THAN MEANT TO PST 12 MOS,SUBSTANCE USE DISORDER,Original u otra,46978,99.321,False,False,False,Conservar como predictor principal,Excluir: detalle sustituido por versiones resumidas,"Sustituido por variables recodificadas, imputadas o resumidas"
UDPRMNTLCTD2,CONTD PN RLVR USE DESPITE PR CSE/WRSN EMOT/MNTL HLTH PRBS,SUBSTANCE USE DISORDER,Original u otra,36898,78.01,False,False,False,Conservar como predictor principal,Excluir: detalle sustituido por versiones resumidas,"Sustituido por variables recodificadas, imputadas o resumidas"
UDPRMNTLPRB2,ANY EMOT/MNTL HLTH PRBS CAUSED/WORSND BY PN RLVR PAST 12 MOS,SUBSTANCE USE DISORDER,Original u otra,46852,99.055,False,False,False,Conservar como predictor principal,Excluir: detalle sustituido por versiones resumidas,"Sustituido por variables recodificadas, imputadas o resumidas"
UDPRNEEDMOR2,NEEDED A LOT MORE PN RLVR TO GET FEELING YOU WANT,SUBSTANCE USE DISORDER,Original u otra,46978,99.321,False,False,False,Conservar como predictor principal,Excluir: detalle sustituido por versiones resumidas,"Sustituido por variables recodificadas, imputadas o resumidas"
UDPRNOTSTOP2,UNABLE TO CUT/STOP PN RLVR MORE THAN ONE TIME PAST 12 MOS,SUBSTANCE USE DISORDER,Original u otra,38361,81.103,False,False,False,Conservar como predictor principal,Excluir: detalle sustituido por versiones resumidas,"Sustituido por variables recodificadas, imputadas o resumidas"
UDPRSTOPACT2,LESS ACTIVITIES B/C OF PN RLVR USE PAST 12 MOS,SUBSTANCE USE DISORDER,Original u otra,46961,99.285,False,False,False,Conservar como predictor principal,Excluir: detalle sustituido por versiones resumidas,"Sustituido por variables recodificadas, imputadas o resumidas"
UDPRSTRURGE2,STRONG URGE TO USE PN RLVR IN PAST 12 MOS,SUBSTANCE USE DISORDER,Original u otra,46673,98.677,False,False,False,Conservar como predictor principal,Excluir: detalle sustituido por versiones resumidas,"Sustituido por variables recodificadas, imputadas o resumidas"
UDPRTIMEGET2,SPENT GREAT DEAL TIME TRY TO GET/GETTING PR IN PST 12 MOS,SUBSTANCE USE DISORDER,Original u otra,46285,97.856,False,False,False,Conservar como predictor principal,Excluir: detalle sustituido por versiones resumidas,"Sustituido por variables recodificadas, imputadas o resumidas"
UDPRTIMEUSE2,SPENT GREAT DEAL OF TIME USING/FEEL EFF OF PN RLVR PST 12 MO,SUBSTANCE USE DISORDER,Original u otra,46956,99.275,False,False,False,Conservar como predictor principal,Excluir: detalle sustituido por versiones resumidas,"Sustituido por variables recodificadas, imputadas o resumidas"
UDPRTRYSTOP2,TRY TO CUT DOWN/STOP PN RLVR IN PAST 12 MOS,SUBSTANCE USE DISORDER,Original u otra,46917,99.192,False,False,False,Conservar como predictor principal,Excluir: detalle sustituido por versiones resumidas,"Sustituido por variables recodificadas, imputadas o resumidas"
UDPRWANTBAD2,WANTED TO USE PN RLVR SO BADLY IN PAST 12 MOS,SUBSTANCE USE DISORDER,Original u otra,46976,99.317,False,False,False,Conservar como predictor principal,Excluir: detalle sustituido por versiones resumidas,"Sustituido por variables recodificadas, imputadas o resumidas"
UDPRWDCRAMP2,MUSCLE CRAMPS/ACHES - PN RLVR WITHDRAWAL SYMPTOM PST 12 MOS,SUBSTANCE USE DISORDER,Original u otra,46939,99.239,False,False,False,Conservar como predictor principal,Excluir: detalle sustituido por versiones resumidas,"Sustituido por variables recodificadas, imputadas o resumidas"
UDPRWDDIARR2,HAVING DIARRHEA -  PN RLVR WITHDRAWAL SYMPTOM PST 12 MOS,SUBSTANCE USE DISORDER,Original u otra,46937,99.235,False,False,False,Conservar como predictor principal,Excluir: detalle sustituido por versiones resumidas,"Sustituido por variables recodificadas, imputadas o resumidas"
UDPRWDFEVER2,HAVING FEVER - PN RLVR WITHDRAWAL SYMPTOM PST 12 MOS,SUBSTANCE USE DISORDER,Original u otra,46941,99.243,False,False,False,Conservar como predictor principal,Excluir: detalle sustituido por versiones resumidas,"Sustituido por variables recodificadas, imputadas o resumidas"
UDPRWDFLBLU2,FEELING BLUE/DOWN - PN RLVR WITHDRAWAL SYMPTOM PST 12 MOS,SUBSTANCE USE DISORDER,Original u otra,46932,99.224,False,False,False,Conservar como predictor principal,Excluir: detalle sustituido por versiones resumidas,"Sustituido por variables recodificadas, imputadas o resumidas"
UDPRWDRUNNY2,TEARY EYES/RUNNY NOSE - PR WITHDRAWAL SYMPTOM PST 12 MOS,SUBSTANCE USE DISORDER,Original u otra,46941,99.243,False,False,False,Conservar como predictor principal,Excluir: detalle sustituido por versiones resumidas,"Sustituido por variables recodificadas, imputadas o resumidas"
UDPRWDSLEEP2,HAVING TRBL SLEEPING - PN RLVR WITHDRAWAL SYMPTOM PST 12 MOS,SUBSTANCE USE DISORDER,Original u otra,46941,99.243,False,False,False,Conservar como predictor principal,Excluir: detalle sustituido por versiones resumidas,"Sustituido por variables recodificadas, imputadas o resumidas"
UDPRWDSWEAT2,SWEATY/LRG PUPILS/HAIR STNDING UP-PR W/DRAWL SYMP PST 12 MOS,SUBSTANCE USE DISORDER,Original u otra,46933,99.226,False,False,False,Conservar como predictor principal,Excluir: detalle sustituido por versiones resumidas,"Sustituido por variables recodificadas, imputadas o resumidas"
UDPRWDVOMIT2,VOMITING/NAUSEOUS - PN RLVR WITHDRAWAL SYMPTOM PST 12 MOS,SUBSTANCE USE DISORDER,Original u otra,46939,99.239,False,False,False,Conservar como predictor principal,Excluir: detalle sustituido por versiones resumidas,"Sustituido por variables recodificadas, imputadas o resumidas"
UDPRWDYAWNS2,YAWNING - PN RLVR WITHDRAWAL SYMPTOM PST 12 MOS,SUBSTANCE USE DISORDER,Original u otra,46939,99.239,False,False,False,Conservar como predictor principal,Excluir: detalle sustituido por versiones resumidas,"Sustituido por variables recodificadas, imputadas o resumidas"
UDPRWORKPRB2,PN RLVR CAUSE SERIOUS PRBS AT HOME/WORK/SCH PST 12 MOS,SUBSTANCE USE DISORDER,Original u otra,46962,99.288,False,False,False,Conservar como predictor principal,Excluir: detalle sustituido por versiones resumidas,"Sustituido por variables recodificadas, imputadas o resumidas"
UDPRWSHSTOP2,OFTEN WISH CUT DOWN OR STOP PN RLVR PAST 12 MOS,SUBSTANCE USE DISORDER,Original u otra,45333,95.843,False,False,False,Conservar como predictor principal,Excluir: detalle sustituido por versiones resumidas,"Sustituido por variables recodificadas, imputadas o resumidas"
UDSTAVOIDWD,USE STM TO GET OVER/AVOID STM WITHDRAWAL IN PST 12 MOS,SUBSTANCE USE DISORDER,Original u otra,47034,99.44,False,False,False,Conservar como predictor principal,Excluir: detalle sustituido por versiones resumidas,"Sustituido por variables recodificadas, imputadas o resumidas"
UDSTAVWCOCN,USED COC/CRK TO GET OVER/AVOID STM WITHDRAWAL IN PST 12 MOS,SUBSTANCE USE DISORDER,Original u otra,43081,91.082,False,False,False,Conservar como predictor principal,Excluir: detalle sustituido por versiones resumidas,"Sustituido por variables recodificadas, imputadas o resumidas"
UDSTAVWMETH,USED METH TO GET OVER/AVOID STM WITHDRAWAL IN PST 12 MOS,SUBSTANCE USE DISORDER,Original u otra,43081,91.082,False,False,False,Conservar como predictor principal,Excluir: detalle sustituido por versiones resumidas,"Sustituido por variables recodificadas, imputadas o resumidas"
UDSTAVWOTHR,USED SOMETHING ELSE TO GET OVR/AVD STM WITHDRAWAL PST 12 MOS,SUBSTANCE USE DISORDER,Original u otra,43081,91.082,False,False,False,Conservar como predictor principal,Excluir: detalle sustituido por versiones resumidas,"Sustituido por variables recodificadas, imputadas o resumidas"
UDSTAVWSTIM,USED STM TO GET OVER/AVOID STM WITHDRAWAL IN PST 12 MOS,SUBSTANCE USE DISORDER,Original u otra,43080,91.08,False,False,False,Conservar como predictor principal,Excluir: detalle sustituido por versiones resumidas,"Sustituido por variables recodificadas, imputadas o resumidas"
UDSTFMLYCTD,CONTD STM DESPITE STM CAUSE ARGUMENTS W/FAM/FRNDS,SUBSTANCE USE DISORDER,Original u otra,43108,91.139,False,False,False,Conservar como predictor principal,Excluir: detalle sustituido por versiones resumidas,"Sustituido por variables recodificadas, imputadas o resumidas"
UDSTFMLYPRB,STM CAUSE ARGUMENTS/PROBS W/FAMILY/FRIENDS PST 12 MOS,SUBSTANCE USE DISORDER,Original u otra,47033,99.438,False,False,False,Conservar como predictor principal,Excluir: detalle sustituido por versiones resumidas,"Sustituido por variables recodificadas, imputadas o resumidas"
UDSTGETHURT,STM INCREASED CHANCE GETTING HURT PST 12 MOS,SUBSTANCE USE DISORDER,Original u otra,47034,99.44,False,False,False,Conservar como predictor principal,Excluir: detalle sustituido por versiones resumidas,"Sustituido por variables recodificadas, imputadas o resumidas"
UDSTHLTHCTD,CONTD TO USE STM DESPITE STM CAUSE/WORSEN PHYS PRBS,SUBSTANCE USE DISORDER,Original u otra,43145,91.218,False,False,False,Conservar como predictor principal,Excluir: detalle sustituido por versiones resumidas,"Sustituido por variables recodificadas, imputadas o resumidas"
UDSTHLTHPRB,ANY LONG-LASTING PHYS PRBS CAUSED/WORSND BY STM PST 12 MOS,SUBSTANCE USE DISORDER,Original u otra,47036,99.444,False,False,False,Conservar como predictor principal,Excluir: detalle sustituido por versiones resumidas,"Sustituido por variables recodificadas, imputadas o resumidas"
UDSTLESSEFF,SAME AMT STM HAS LESS EFFECT THAN IT USED TO,SUBSTANCE USE DISORDER,Original u otra,46843,99.036,False,False,False,Conservar como predictor principal,Excluir: detalle sustituido por versiones resumidas,"Sustituido por variables recodificadas, imputadas o resumidas"
UDSTLRGAMTS,USE STM LARGER AMTS OR LONGER TIME THAN MEANT TO PST 12 MOS,SUBSTANCE USE DISORDER,Original u otra,47042,99.457,False,False,False,Conservar como predictor principal,Excluir: detalle sustituido por versiones resumidas,"Sustituido por variables recodificadas, imputadas o resumidas"
UDSTMNTLCTD,CONTD STM USE DESPITE STM CSE/WRSN EMOT/MNTL HLTH PRBS,SUBSTANCE USE DISORDER,Original u otra,43126,91.177,False,False,False,Conservar como predictor principal,Excluir: detalle sustituido por versiones resumidas,"Sustituido por variables recodificadas, imputadas o resumidas"
UDSTMNTLPRB,ANY EMOT/MNTL HLTH PRBS CAUSED/WORSND BY STM PAST 12 MOS,SUBSTANCE USE DISORDER,Original u otra,46939,99.239,False,False,False,Conservar como predictor principal,Excluir: detalle sustituido por versiones resumidas,"Sustituido por variables recodificadas, imputadas o resumidas"
UDSTNEEDMOR,NEEDED A LOT MORE STM TO GET FEELING YOU WANT,SUBSTANCE USE DISORDER,Original u otra,47044,99.461,False,False,False,Conservar como predictor principal,Excluir: detalle sustituido por versiones resumidas,"Sustituido por variables recodificadas, imputadas o resumidas"
UDSTNOTSTOP,UNABLE TO CUT/STOP STM USE MORE THAN ONE TIME PAST 12 MOS,SUBSTANCE USE DISORDER,Original u otra,43476,91.917,False,False,False,Conservar como predictor principal,Excluir: detalle sustituido por versiones resumidas,"Sustituido por variables recodificadas, imputadas o resumidas"
UDSTSTOPACT,LESS ACTIVITIES B/C OF STM USE PAST 12 MOS,SUBSTANCE USE DISORDER,Original u otra,47038,99.448,False,False,False,Conservar como predictor principal,Excluir: detalle sustituido por versiones resumidas,"Sustituido por variables recodificadas, imputadas o resumidas"
UDSTSTRURGE,STRONG URGE TO USE STM IN PAST 12 MOS,SUBSTANCE USE DISORDER,Original u otra,46911,99.18,False,False,False,Conservar como predictor principal,Excluir: detalle sustituido por versiones resumidas,"Sustituido por variables recodificadas, imputadas o resumidas"
UDSTTIMEGET,SPENT GREAT DEAL TIME TRY TO GET/GETTING STM IN PST 12 MOS,SUBSTANCE USE DISORDER,Original u otra,46351,97.996,False,False,False,Conservar como predictor principal,Excluir: detalle sustituido por versiones resumidas,"Sustituido por variables recodificadas, imputadas o resumidas"
UDSTTIMEUSE,SPENT GREAT DEAL OF TIME USING/FEEL EFF OF STM PST 12 MOS,SUBSTANCE USE DISORDER,Original u otra,47032,99.436,False,False,False,Conservar como predictor principal,Excluir: detalle sustituido por versiones resumidas,"Sustituido por variables recodificadas, imputadas o resumidas"
UDSTTRYSTOP,TRY TO CUT DOWN/STOP STM USE IN PAST 12 MOS,SUBSTANCE USE DISORDER,Original u otra,47032,99.436,False,False,False,Conservar como predictor principal,Excluir: detalle sustituido por versiones resumidas,"Sustituido por variables recodificadas, imputadas o resumidas"
UDSTWANTBAD,WANTED TO USE STM SO BADLY IN PAST 12 MOS,SUBSTANCE USE DISORDER,Original u otra,47045,99.463,False,False,False,Conservar como predictor principal,Excluir: detalle sustituido por versiones resumidas,"Sustituido por variables recodificadas, imputadas o resumidas"
UDSTWDDREAM,HAVING BAD DREAMS - STM WITHDRAWAL SYMPTOM PST 12 MOS,SUBSTANCE USE DISORDER,Original u otra,43434,91.829,False,False,False,Conservar como predictor principal,Excluir: detalle sustituido por versiones resumidas,"Sustituido por variables recodificadas, imputadas o resumidas"
UDSTWDFLBLU,FELT BLUE OR DOWN AFTER USING LESS OR STOPPING STM,SUBSTANCE USE DISORDER,Original u otra,47031,99.433,False,False,False,Conservar como predictor principal,Excluir: detalle sustituido por versiones resumidas,"Sustituido por variables recodificadas, imputadas o resumidas"
UDSTWDHNGRY,FEELING HUNGRY  -  STM WITHDRAWAL SYMPTOM PST 12 MOS,SUBSTANCE USE DISORDER,Original u otra,43433,91.826,False,False,False,Conservar como predictor principal,Excluir: detalle sustituido por versiones resumidas,"Sustituido por variables recodificadas, imputadas o resumidas"
UDSTWDSITST,FEELING SLOWED DOWN/ -  STM W/DRAWL SYMPTOM PST 12 MOS,SUBSTANCE USE DISORDER,Original u otra,43435,91.831,False,False,False,Conservar como predictor principal,Excluir: detalle sustituido por versiones resumidas,"Sustituido por variables recodificadas, imputadas o resumidas"
UDSTWDSLEEP,TROUBLE/MORE SLEEPING - STM WITHDRAWAL SYMPTOM PST 12 MOS,SUBSTANCE USE DISORDER,Original u otra,43435,91.831,False,False,False,Conservar como predictor principal,Excluir: detalle sustituido por versiones resumidas,"Sustituido por variables recodificadas, imputadas o resumidas"
UDSTWDTIRED,FEELING TIRED/EXHAUSTED - STM WITHDRAWAL SYMPTOM PST 12 MOS,SUBSTANCE USE DISORDER,Original u otra,43435,91.831,False,False,False,Conservar como predictor principal,Excluir: detalle sustituido por versiones resumidas,"Sustituido por variables recodificadas, imputadas o resumidas"
UDSTWORKPRB,STM CAUSE SERIOUS PRBS AT HOME/WORK/SCH PST 12 MOS,SUBSTANCE USE DISORDER,Original u otra,47037,99.446,False,False,False,Conservar como predictor principal,Excluir: detalle sustituido por versiones resumidas,"Sustituido por variables recodificadas, imputadas o resumidas"
UDSTWSHSTOP,OFTEN WISH CUT DOWN OR STOP STM USE PAST 12 MOS,SUBSTANCE USE DISORDER,Original u otra,46541,98.397,False,False,False,Conservar como predictor principal,Excluir: detalle sustituido por versiones resumidas,"Sustituido por variables recodificadas, imputadas o resumidas"
UDSVAVOIDWD,USE SED TO GET OVER/AVOID SED WITHDRAWAL IN PST 12 MOS,SUBSTANCE USE DISORDER,Original u otra,47011,99.391,False,False,False,Conservar como predictor principal,Excluir: detalle sustituido por versiones resumidas,"Sustituido por variables recodificadas, imputadas o resumidas"
UDSVAVWALCO,USED ALC TO GET OVER/AVOID SED WITHDRAWAL IN PST 12 MOS,SUBSTANCE USE DISORDER,Original u otra,45110,95.372,False,False,False,Conservar como predictor principal,Excluir: detalle sustituido por versiones resumidas,"Sustituido por variables recodificadas, imputadas o resumidas"
UDSVAVWOTHR,USED SOMETHING ELSE TO GET OVR/AVD SED WITHDRAWAL PST 12 MOS,SUBSTANCE USE DISORDER,Original u otra,45110,95.372,False,False,False,Conservar como predictor principal,Excluir: detalle sustituido por versiones resumidas,"Sustituido por variables recodificadas, imputadas o resumidas"
UDSVAVWSVTR,USED SED/TR TO GET OVER/AVOID SED WITHDRWL IN PST 12 MOS,SUBSTANCE USE DISORDER,Original u otra,45110,95.372,False,False,False,Conservar como predictor principal,Excluir: detalle sustituido por versiones resumidas,"Sustituido por variables recodificadas, imputadas o resumidas"
UDSVFMLYCTD,CONTD SED DESPITE SED CAUSE ARGUMENTS W/FAM/FRNDS,SUBSTANCE USE DISORDER,Original u otra,45111,95.374,False,False,False,Conservar como predictor principal,Excluir: detalle sustituido por versiones resumidas,"Sustituido por variables recodificadas, imputadas o resumidas"
UDSVFMLYPRB,SED CAUSE ARGUMENTS/PROBS W/FAMILY/FRIENDS PST 12 MOS,SUBSTANCE USE DISORDER,Original u otra,47009,99.387,False,False,False,Conservar como predictor principal,Excluir: detalle sustituido por versiones resumidas,"Sustituido por variables recodificadas, imputadas o resumidas"
UDSVGETHURT,SED INCREASED CHANCE GETTING HURT PST 12 MOS,SUBSTANCE USE DISORDER,Original u otra,47010,99.389,False,False,False,Conservar como predictor principal,Excluir: detalle sustituido por versiones resumidas,"Sustituido por variables recodificadas, imputadas o resumidas"
UDSVHLTHCTD,CONTD TO USE SED DESPITE SED CAUSE/WORSEN PHYS PRBS,SUBSTANCE USE DISORDER,Original u otra,45102,95.355,False,False,False,Conservar como predictor principal,Excluir: detalle sustituido por versiones resumidas,"Sustituido por variables recodificadas, imputadas o resumidas"
UDSVHLTHPRB,ANY LONG-LASTING PHYS PRBS CAUSED/WORSND BY SED PST 12 MO,SUBSTANCE USE DISORDER,Original u otra,47011,99.391,False,False,False,Conservar como predictor principal,Excluir: detalle sustituido por versiones resumidas,"Sustituido por variables recodificadas, imputadas o resumidas"
UDSVLESSEFF,SAME AMT SED HAS LESS EFFECT THAN IT USED TO,SUBSTANCE USE DISORDER,Original u otra,46941,99.243,False,False,False,Conservar como predictor principal,Excluir: detalle sustituido por versiones resumidas,"Sustituido por variables recodificadas, imputadas o resumidas"
UDSVLRGAMTS,USED SED LARGER AMTS OR LONGER TIME THAN MEANT TO PST 12 MOS,SUBSTANCE USE DISORDER,Original u otra,47011,99.391,False,False,False,Conservar como predictor principal,Excluir: detalle sustituido por versiones resumidas,"Sustituido por variables recodificadas, imputadas o resumidas"
UDSVMNTLCTD,CONTD SED USE DESPITE SED CSE/WRSN EMOT/MNTL HLTH PRBS,SUBSTANCE USE DISORDER,Original u otra,45107,95.366,False,False,False,Conservar como predictor principal,Excluir: detalle sustituido por versiones resumidas,"Sustituido por variables recodificadas, imputadas o resumidas"
UDSVMNTLPRB,ANY EMOT/MNTL HLTH PRBS CAUSED/WORSND BY SED PAST 12 MOS,SUBSTANCE USE DISORDER,Original u otra,46988,99.342,False,False,False,Conservar como predictor principal,Excluir: detalle sustituido por versiones resumidas,"Sustituido por variables recodificadas, imputadas o resumidas"
UDSVNEEDMOR,NEEDED A LOT MORE SED TO GET FEELING YOU WANT,SUBSTANCE USE DISORDER,Original u otra,47015,99.4,False,False,False,Conservar como predictor principal,Excluir: detalle sustituido por versiones resumidas,"Sustituido por variables recodificadas, imputadas o resumidas"
UDSVNOTSTOP,UNABLE TO CUT/STOP SED MORE THAN ONE TIME PAST 12 MOS,SUBSTANCE USE DISORDER,Original u otra,45289,95.75,False,False,False,Conservar como predictor principal,Excluir: detalle sustituido por versiones resumidas,"Sustituido por variables recodificadas, imputadas o resumidas"
UDSVSTOPACT,LESS ACTIVITIES B/C OF SED USE PAST 12 MOS,SUBSTANCE USE DISORDER,Original u otra,47010,99.389,False,False,False,Conservar como predictor principal,Excluir: detalle sustituido por versiones resumidas,"Sustituido por variables recodificadas, imputadas o resumidas"
UDSVSTRURGE,STRONG URGE TO USE SED IN PAST 12 MOS,SUBSTANCE USE DISORDER,Original u otra,46978,99.321,False,False,False,Conservar como predictor principal,Excluir: detalle sustituido por versiones resumidas,"Sustituido por variables recodificadas, imputadas o resumidas"
UDSVTIMEGET,SPENT GREAT DEAL TIME TRY TO GET/GETTING SED IN PST 12 MOS,SUBSTANCE USE DISORDER,Original u otra,46900,99.156,False,False,False,Conservar como predictor principal,Excluir: detalle sustituido por versiones resumidas,"Sustituido por variables recodificadas, imputadas o resumidas"
UDSVTIMEUSE,SPENT GREAT DEAL OF TIME USING/FEEL EFF OF SED PST 12 MOS,SUBSTANCE USE DISORDER,Original u otra,47014,99.397,False,False,False,Conservar como predictor principal,Excluir: detalle sustituido por versiones resumidas,"Sustituido por variables recodificadas, imputadas o resumidas"
UDSVTRYSTOP,TRY TO CUT DOWN/STOP SED USE IN PAST 12 MOS,SUBSTANCE USE DISORDER,Original u otra,47010,99.389,False,False,False,Conservar como predictor principal,Excluir: detalle sustituido por versiones resumidas,"Sustituido por variables recodificadas, imputadas o resumidas"
UDSVWANTBAD,WANTED TO USE SED SO BADLY IN PAST 12 MOS,SUBSTANCE USE DISORDER,Original u otra,47014,99.397,False,False,False,Conservar como predictor principal,Excluir: detalle sustituido por versiones resumidas,"Sustituido por variables recodificadas, imputadas o resumidas"
UDSVWDFLANX,FEELING ANXIOUS - SED WITHDRAWAL SYMPTOM PST 12 MOS,SUBSTANCE USE DISORDER,Original u otra,47005,99.378,False,False,False,Conservar como predictor principal,Excluir: detalle sustituido por versiones resumidas,"Sustituido por variables recodificadas, imputadas o resumidas"
UDSVWDHALUC,SEE/HEAR/FEEL THINGS - SED WITHDRAWAL SYMPTOM PST 12 MOS,SUBSTANCE USE DISORDER,Original u otra,47005,99.378,False,False,False,Conservar como predictor principal,Excluir: detalle sustituido por versiones resumidas,"Sustituido por variables recodificadas, imputadas o resumidas"
UDSVWDSITST,COULDN'T SIT STILL - SED WITHDRAWAL SYMPTOM PST 12 MOS,SUBSTANCE USE DISORDER,Original u otra,47007,99.383,False,False,False,Conservar como predictor principal,Excluir: detalle sustituido por versiones resumidas,"Sustituido por variables recodificadas, imputadas o resumidas"
UDSVWDSLEEP,TROUBLE SLEEPING - SED WITHDRAWAL SYMPTOM PST 12 MOS,SUBSTANCE USE DISORDER,Original u otra,47004,99.376,False,False,False,Conservar como predictor principal,Excluir: detalle sustituido por versiones resumidas,"Sustituido por variables recodificadas, imputadas o resumidas"
UDSVWDSWEAT,SWEATY/FAST HEARTBEAT - SED WITHDRAWAL SYMPTOM PST 12 MOS,SUBSTANCE USE DISORDER,Original u otra,47005,99.378,False,False,False,Conservar como predictor principal,Excluir: detalle sustituido por versiones resumidas,"Sustituido por variables recodificadas, imputadas o resumidas"
UDSVWDTRMBL,HANDS TREMBLE - SED WITHDRAWAL SYMPTOM PST 12 MOS,SUBSTANCE USE DISORDER,Original u otra,47005,99.378,False,False,False,Conservar como predictor principal,Excluir: detalle sustituido por versiones resumidas,"Sustituido por variables recodificadas, imputadas o resumidas"
UDSVWDVOMIT,VOMITING/UPSET STOMACH - SED WITHDRAWAL SYMPTOM PST 12 MOS,SUBSTANCE USE DISORDER,Original u otra,47003,99.374,False,False,False,Conservar como predictor principal,Excluir: detalle sustituido por versiones resumidas,"Sustituido por variables recodificadas, imputadas o resumidas"
UDSVWORKPRB,SED CAUSE SERIOUS PRBS AT HOME/WORK/SCH PST 12 MOS,SUBSTANCE USE DISORDER,Original u otra,47009,99.387,False,False,False,Conservar como predictor principal,Excluir: detalle sustituido por versiones resumidas,"Sustituido por variables recodificadas, imputadas o resumidas"
UDSVWSHSTOP,OFTEN WISH CUT DOWN OR STOP SED USE PAST 12 MOS,SUBSTANCE USE DISORDER,Original u otra,46787,98.918,False,False,False,Conservar como predictor principal,Excluir: detalle sustituido por versiones resumidas,"Sustituido por variables recodificadas, imputadas o resumidas"
UDTRAVOIDWD,USE TRN TO GET OVER/AVOID TRN WITHDRAWAL IN PST 12 MOS,SUBSTANCE USE DISORDER,Original u otra,47056,99.486,False,False,False,Conservar como predictor principal,Excluir: detalle sustituido por versiones resumidas,"Sustituido por variables recodificadas, imputadas o resumidas"
UDTRAVWALCO,USED ALC TO GET OVER/AVOID TRN WITHDRAWAL IN PST 12 MOS,SUBSTANCE USE DISORDER,Original u otra,42060,88.924,False,False,False,Conservar como predictor principal,Excluir: detalle sustituido por versiones resumidas,"Sustituido por variables recodificadas, imputadas o resumidas"
UDTRAVWOTHR,USED SOMETHING ELSE TO GET OVR/AVD TRN WTHDRWAL PST 12 MOS,SUBSTANCE USE DISORDER,Original u otra,42060,88.924,False,False,False,Conservar como predictor principal,Excluir: detalle sustituido por versiones resumidas,"Sustituido por variables recodificadas, imputadas o resumidas"
UDTRAVWSVTR,USED TRN/SED TO GET OVER/AVOID TRN WITHDRWL IN PST 12 MOS,SUBSTANCE USE DISORDER,Original u otra,42060,88.924,False,False,False,Conservar como predictor principal,Excluir: detalle sustituido por versiones resumidas,"Sustituido por variables recodificadas, imputadas o resumidas"
UDTRFMLYCTD,CONTD TRN USE DESPITE TRN CAUSE ARGUMENTS W/FAM/FRNDS,SUBSTANCE USE DISORDER,Original u otra,42082,88.97,False,False,False,Conservar como predictor principal,Excluir: detalle sustituido por versiones resumidas,"Sustituido por variables recodificadas, imputadas o resumidas"
UDTRFMLYPRB,TRN CAUSE ARGUMENTS/PROBS W/FAMILY/FRIENDS PST 12 MOS,SUBSTANCE USE DISORDER,Original u otra,47053,99.48,False,False,False,Conservar como predictor principal,Excluir: detalle sustituido por versiones resumidas,"Sustituido por variables recodificadas, imputadas o resumidas"
UDTRGETHURT,TRN USE INCREASED CHANCE GETTING HURT PST 12 MOS,SUBSTANCE USE DISORDER,Original u otra,47052,99.478,False,False,False,Conservar como predictor principal,Excluir: detalle sustituido por versiones resumidas,"Sustituido por variables recodificadas, imputadas o resumidas"
UDTRHLTHCTD,CONTD TO USE TRN DESPITE TRN CAUSE/WORSEN PHYS PRBS,SUBSTANCE USE DISORDER,Original u otra,42063,88.93,False,False,False,Conservar como predictor principal,Excluir: detalle sustituido por versiones resumidas,"Sustituido por variables recodificadas, imputadas o resumidas"
UDTRHLTHPRB,ANY LONG-LASTING PHYS PRBS CAUSED/WORSND BY TRN PST 12 MO,SUBSTANCE USE DISORDER,Original u otra,47050,99.474,False,False,False,Conservar como predictor principal,Excluir: detalle sustituido por versiones resumidas,"Sustituido por variables recodificadas, imputadas o resumidas"
UDTRLESSEFF,SAME AMT TRN HAS LESS EFFECT THAN IT USED TO,SUBSTANCE USE DISORDER,Original u otra,46935,99.23,False,False,False,Conservar como predictor principal,Excluir: detalle sustituido por versiones resumidas,"Sustituido por variables recodificadas, imputadas o resumidas"
UDTRLRGAMTS,USED TRN LARGER AMTS OR LONGER TIME THAN MEANT TO PST 12 MOS,SUBSTANCE USE DISORDER,Original u otra,47061,99.497,False,False,False,Conservar como predictor principal,Excluir: detalle sustituido por versiones resumidas,"Sustituido por variables recodificadas, imputadas o resumidas"
UDTRMNTLCTD,CONTD TRN DESPITE TRN CSE/WRSN EMOT/MNTL HLTH PRBS,SUBSTANCE USE DISORDER,Original u otra,42076,88.957,False,False,False,Conservar como predictor principal,Excluir: detalle sustituido por versiones resumidas,"Sustituido por variables recodificadas, imputadas o resumidas"
UDTRMNTLPRB,ANY EMOT/MNTL HLTH PRBS CAUSED/WORSND BY TRN PAST 12 MOS,SUBSTANCE USE DISORDER,Original u otra,47011,99.391,False,False,False,Conservar como predictor principal,Excluir: detalle sustituido por versiones resumidas,"Sustituido por variables recodificadas, imputadas o resumidas"
UDTRNEEDMOR,NEEDED A LOT MORE TRN TO GET FEELING YOU WANT,SUBSTANCE USE DISORDER,Original u otra,47062,99.499,False,False,False,Conservar como predictor principal,Excluir: detalle sustituido por versiones resumidas,"Sustituido por variables recodificadas, imputadas o resumidas"
UDTRNOTSTOP,UNABLE TO CUT/STOP TRN MORE THAN ONE TIME PAST 12 MOS,SUBSTANCE USE DISORDER,Original u otra,42597,90.059,False,False,False,Conservar como predictor principal,Excluir: detalle sustituido por versiones resumidas,"Sustituido por variables recodificadas, imputadas o resumidas"
UDTRSTOPACT,LESS ACTIVITIES B/C OF TRN USE PAST 12 MOS,SUBSTANCE USE DISORDER,Original u otra,47057,99.488,False,False,False,Conservar como predictor principal,Excluir: detalle sustituido por versiones resumidas,"Sustituido por variables recodificadas, imputadas o resumidas"
UDTRSTRURGE,STRONG URGE TO USE TRN IN PAST 12 MOS,SUBSTANCE USE DISORDER,Original u otra,46948,99.258,False,False,False,Conservar como predictor principal,Excluir: detalle sustituido por versiones resumidas,"Sustituido por variables recodificadas, imputadas o resumidas"
UDTRTIMEGET,SPENT GREAT DEAL TIME TRY TO GET/GETTING TRN IN PST 12 MOS,SUBSTANCE USE DISORDER,Original u otra,46834,99.017,False,False,False,Conservar como predictor principal,Excluir: detalle sustituido por versiones resumidas,"Sustituido por variables recodificadas, imputadas o resumidas"
UDTRTIMEUSE,SPENT GREAT DEAL OF TIME USING/FEEL EFF OF TRN PST 12 MOS,SUBSTANCE USE DISORDER,Original u otra,47057,99.488,False,False,False,Conservar como predictor principal,Excluir: detalle sustituido por versiones resumidas,"Sustituido por variables recodificadas, imputadas o resumidas"
UDTRTRYSTOP,TRY TO CUT DOWN/STOP TRN USE IN PAST 12 MOS,SUBSTANCE USE DISORDER,Original u otra,47041,99.455,False,False,False,Conservar como predictor principal,Excluir: detalle sustituido por versiones resumidas,"Sustituido por variables recodificadas, imputadas o resumidas"
UDTRWANTBAD,WANTED TO USE TRN SO BADLY IN PAST 12 MOS,SUBSTANCE USE DISORDER,Original u otra,47064,99.503,False,False,False,Conservar como predictor principal,Excluir: detalle sustituido por versiones resumidas,"Sustituido por variables recodificadas, imputadas o resumidas"
UDTRWDFLANX,FEELING ANXIOUS - TRN WITHDRAWAL SYMPTOM PST 12 MOS,SUBSTANCE USE DISORDER,Original u otra,47046,99.465,False,False,False,Conservar como predictor principal,Excluir: detalle sustituido por versiones resumidas,"Sustituido por variables recodificadas, imputadas o resumidas"
UDTRWDHALUC,SEE/HEAR/FEEL THINGS - TRN WITHDRAWAL SYMPTOM PST 12 MOS,SUBSTANCE USE DISORDER,Original u otra,47045,99.463,False,False,False,Conservar como predictor principal,Excluir: detalle sustituido por versiones resumidas,"Sustituido por variables recodificadas, imputadas o resumidas"
UDTRWDSITST,COULDN'T SIT STILL - TRN WITHDRAWAL SYMPTOM PST 12 MOS,SUBSTANCE USE DISORDER,Original u otra,47049,99.471,False,False,False,Conservar como predictor principal,Excluir: detalle sustituido por versiones resumidas,"Sustituido por variables recodificadas, imputadas o resumidas"
UDTRWDSLEEP,TROUBLE SLEEPING - TRN WITHDRAWAL SYMPTOM PST 12 MOS,SUBSTANCE USE DISORDER,Original u otra,47049,99.471,False,False,False,Conservar como predictor principal,Excluir: detalle sustituido por versiones resumidas,"Sustituido por variables recodificadas, imputadas o resumidas"
UDTRWDSWEAT,SWEATY/FAST HEARTBEAT - TRN WITHDRAWAL SYMPTOM PST 12 MO,SUBSTANCE USE DISORDER,Original u otra,47047,99.467,False,False,False,Conservar como predictor principal,Excluir: detalle sustituido por versiones resumidas,"Sustituido por variables recodificadas, imputadas o resumidas"
UDTRWDTRMBL,HANDS TREMBLE -TRN WITHDRAWAL SYMPTOM PST 12 MOS,SUBSTANCE USE DISORDER,Original u otra,47049,99.471,False,False,False,Conservar como predictor principal,Excluir: detalle sustituido por versiones resumidas,"Sustituido por variables recodificadas, imputadas o resumidas"
UDTRWDVOMIT,VOMITING/UPSET STOMACH - TRN WITHDRAWAL SYMPTOM PST 12 MO,SUBSTANCE USE DISORDER,Original u otra,47047,99.467,False,False,False,Conservar como predictor principal,Excluir: detalle sustituido por versiones resumidas,"Sustituido por variables recodificadas, imputadas o resumidas"
UDTRWORKPRB,TRN CAUSE SERIOUS PRBS AT HOME/WORK/SCH PST 12 MOS,SUBSTANCE USE DISORDER,Original u otra,47054,99.482,False,False,False,Conservar como predictor principal,Excluir: detalle sustituido por versiones resumidas,"Sustituido por variables recodificadas, imputadas o resumidas"
UDTRWSHSTOP,OFTEN WISH CUT DOWN OR STOP TRN PAST 12 MOS,SUBSTANCE USE DISORDER,Original u otra,46436,98.175,False,False,False,Conservar como predictor principal,Excluir: detalle sustituido por versiones resumidas,"Sustituido por variables recodificadas, imputadas o resumidas"
TRBZONMYR,RC - BENZODIAZEPINES TRANQUILIZERS - PAST YEAR MISUSE,TRANQUILIZERS,Original u otra,47162,99.71,False,False,False,Conservar como predictor principal,Excluir: detalle sustituido por versiones resumidas,"Sustituido por variables recodificadas, imputadas o resumidas"
TRQNM30AL,USED TRANQ NOT DIRECTED BY DR W/ALC PST 30 DYS,TRANQUILIZERS,Original u otra,47067,99.51,False,False,False,Conservar como predictor principal,Excluir: detalle sustituido por versiones resumidas,"Sustituido por variables recodificadas, imputadas o resumidas"
TRQNM30D,USED TRANQ NOT DIRECTED BY DR PAST 30 DAYS,TRANQUILIZERS,Original u otra,47126,99.634,False,False,False,Conservar como predictor principal,Excluir: detalle sustituido por versiones resumidas,"Sustituido por variables recodificadas, imputadas o resumidas"
TRQNM30ES,EST # DAYS USED TRANQ NOT DIRECTED PST 30 DYS,TRANQUILIZERS,Original u otra,46915,99.188,False,False,False,Conservar como predictor principal,Excluir: detalle sustituido por versiones resumidas,"Sustituido por variables recodificadas, imputadas o resumidas"
TRQNM30FQ,# DAYS USED TRANQ NOT DIRECTD BY DR PST 30 DYS,TRANQUILIZERS,Original u otra,47133,99.649,False,False,False,Conservar como predictor principal,Excluir: detalle sustituido por versiones resumidas,"Sustituido por variables recodificadas, imputadas o resumidas"
TRQNMAGE,RC - AGE AT 1ST MISUSE FOR PAST YR TRANQ INITIATES,TRANQUILIZERS,Original u otra,47121,99.624,False,False,False,Conservar como predictor principal,Excluir: detalle sustituido por versiones resumidas,"Sustituido por variables recodificadas, imputadas o resumidas"
TRQNMINIT,PAST YEAR INITIATE FOR ANY TRANQUILIZER MISUSE,TRANQUILIZERS,Original u otra,47022,99.414,False,False,False,Conservar como predictor principal,Excluir: detalle sustituido por versiones resumidas,"Sustituido por variables recodificadas, imputadas o resumidas"
TRQNMLAS1,LAST TRANQ USED NOT DIRECTED BY DR PST 12 MOS,TRANQUILIZERS,Original u otra,47135,99.653,False,False,False,Conservar como predictor principal,Excluir: detalle sustituido por versiones resumidas,"Sustituido por variables recodificadas, imputadas o resumidas"
TRQNMLIF,EVER USED TRANQUILIZER NOT DIRECTED BY DR,TRANQUILIZERS,Original u otra,46269,97.822,False,False,False,Conservar como predictor principal,Excluir: detalle sustituido por versiones resumidas,"Sustituido por variables recodificadas, imputadas o resumidas"
TRQNMMFU,RC - MO 1ST MISUSED FOR PAST YR TRANQ INITIATES,TRANQUILIZERS,Original u otra,47004,99.376,False,False,False,Conservar como predictor principal,Excluir: detalle sustituido por versiones resumidas,"Sustituido por variables recodificadas, imputadas o resumidas"
TRQNMREC,RC - MOST RECENT TRANQUILIZER MISUSE (RECODE),TRANQUILIZERS,Original u otra,47144,99.672,False,False,False,Conservar como predictor principal,Excluir: detalle sustituido por versiones resumidas,"Sustituido por variables recodificadas, imputadas o resumidas"
TRQNMYFU,RC - YR 1ST MISUSED FOR PAST YR TRANQ INITIATES,TRANQUILIZERS,Original u otra,47006,99.381,False,False,False,Conservar como predictor principal,Excluir: detalle sustituido por versiones resumidas,"Sustituido por variables recodificadas, imputadas o resumidas"
TRQNORXFG,ONLY PST YR MISUSE W/O RX BUT RX FOR LAST TRANQ,TRANQUILIZERS,Original u otra,27,0.057,False,False,False,Conservar como predictor principal,Excluir: detalle sustituido por versiones resumidas,"Sustituido por variables recodificadas, imputadas o resumidas"
TRQRSDGFX,USED LAST TRANQ (NOT DIRECTED) OTH DRUG EFFECT,TRANQUILIZERS,Original u otra,47126,99.634,False,False,False,Conservar como predictor principal,Excluir: detalle sustituido por versiones resumidas,"Sustituido por variables recodificadas, imputadas o resumidas"
TRQRSEMOT,USED LAST TRANQ (NOT DIRECTED) FOR EMOTIONS,TRANQUILIZERS,Original u otra,47126,99.634,False,False,False,Conservar como predictor principal,Excluir: detalle sustituido por versiones resumidas,"Sustituido por variables recodificadas, imputadas o resumidas"
TRQRSEXPT,USED LAST TRANQ (NOT DIRECTED) TO EXPERIMENT,TRANQUILIZERS,Original u otra,47124,99.63,False,False,False,Conservar como predictor principal,Excluir: detalle sustituido por versiones resumidas,"Sustituido por variables recodificadas, imputadas o resumidas"
TRQRSHIGH,USED LAST TRANQ (NOT DIRECTED) TO GET HIGH,TRANQUILIZERS,Original u otra,47124,99.63,False,False,False,Conservar como predictor principal,Excluir: detalle sustituido por versiones resumidas,"Sustituido por variables recodificadas, imputadas o resumidas"
TRQRSHOOK,USED LAST TRANQ (NOT DIRECTED) BECAUSE HOOKED,TRANQUILIZERS,Original u otra,47126,99.634,False,False,False,Conservar como predictor principal,Excluir: detalle sustituido por versiones resumidas,"Sustituido por variables recodificadas, imputadas o resumidas"
TRQRSMAIN,MAIN REASON USED LAST TRANQ (NOT DIRECTED),TRANQUILIZERS,Original u otra,46702,98.738,False,False,False,Conservar como predictor principal,Excluir: detalle sustituido por versiones resumidas,"Sustituido por variables recodificadas, imputadas o resumidas"
TRQRSOTRS2,REASON USED LAST TRANQ (NOT DIRECTED),TRANQUILIZERS,Original u otra,46429,98.161,False,False,False,Conservar como predictor principal,Excluir: detalle sustituido por versiones resumidas,"Sustituido por variables recodificadas, imputadas o resumidas"
TRQRSRELX,USED LAST TRANQ (NOT DIRECTED) TO RELAX,TRANQUILIZERS,Original u otra,47121,99.624,False,False,False,Conservar como predictor principal,Excluir: detalle sustituido por versiones resumidas,"Sustituido por variables recodificadas, imputadas o resumidas"
TRQRSSLEP,USED LAST TRANQ (NOT DIRECTED) FOR SLEEP,TRANQUILIZERS,Original u otra,47125,99.632,False,False,False,Conservar como predictor principal,Excluir: detalle sustituido por versiones resumidas,"Sustituido por variables recodificadas, imputadas o resumidas"
TRQRSSOR,USED LAST TRANQ (NOT DIRECTED) OTHER REASON,TRANQUILIZERS,Original u otra,47126,99.634,False,False,False,Conservar como predictor principal,Excluir: detalle sustituido por versiones resumidas,"Sustituido por variables recodificadas, imputadas o resumidas"
TRQWYGAMT,USED TRANQ IN GREATER AMTS THAN RX PST 12 MOS,TRANQUILIZERS,Original u otra,47099,99.577,False,False,False,Conservar como predictor principal,Excluir: detalle sustituido por versiones resumidas,"Sustituido por variables recodificadas, imputadas o resumidas"
TRQWYLNGR,USED TRANQ LONGER THAN RX PAST 12 MONTHS,TRANQUILIZERS,Original u otra,47099,99.577,False,False,False,Conservar como predictor principal,Excluir: detalle sustituido por versiones resumidas,"Sustituido por variables recodificadas, imputadas o resumidas"
TRQWYNORX,USED TRANQ W/O OWN RX PAST 12 MONTHS,TRANQUILIZERS,Original u otra,47099,99.577,False,False,False,Conservar como predictor principal,Excluir: detalle sustituido por versiones resumidas,"Sustituido por variables recodificadas, imputadas o resumidas"
TRQWYOFTN,USED TRANQ MORE OFTEN THAN RX PAST 12 MONTHS,TRANQUILIZERS,Original u otra,47099,99.577,False,False,False,Conservar como predictor principal,Excluir: detalle sustituido por versiones resumidas,"Sustituido por variables recodificadas, imputadas o resumidas"
TRQWYOTWY,USED TRANQ OTHER WAY NOT DIRECTED PST 12 MOS,TRANQUILIZERS,Original u otra,47099,99.577,False,False,False,Conservar como predictor principal,Excluir: detalle sustituido por versiones resumidas,"Sustituido por variables recodificadas, imputadas o resumidas"
TRBZOANYYR,RC - BENZODIAZEPINES TRANQUILIZERS - ANY PAST YEAR USE,TRANQUILIZERS SCREENER,Original u otra,47163,99.712,False,False,False,Conservar como predictor principal,Excluir: detalle sustituido por versiones resumidas,"Sustituido por variables recodificadas, imputadas o resumidas"
TRQANYLIF,ANY TRANQUILIZER USE IN LIFETIME,TRANQUILIZERS SCREENER,Original u otra,41908,88.602,False,False,False,Conservar como predictor principal,Excluir: detalle sustituido por versiones resumidas,"Sustituido por variables recodificadas, imputadas o resumidas"
TRQANYREC,RC - MOST RECENT ANY TRANQUILIZER USE (RECODE),TRANQUILIZERS SCREENER,Original u otra,47163,99.712,False,False,False,Conservar como predictor principal,Excluir: detalle sustituido por versiones resumidas,"Sustituido por variables recodificadas, imputadas o resumidas"
CAMHPROB,THINK EVER HAD PROBLEM WITH OWN MENTAL HEALTH,EMERGING ISSUES,Original u otra,45737,96.698,False,False,False,Conservar como predictor principal,Revisión específica: módulo mixto,Contenido heterogéneo pendiente de revisión documental
CAMHRCVR,THINK IN RECOVERY FROM MENTAL HEALTH PROBLEM,EMERGING ISSUES,Original u otra,14517,30.692,False,False,False,Conservar como predictor principal,Revisión específica: módulo mixto,Contenido heterogéneo pendiente de revisión documental
CASUPROB,THINK EVER HAD PROBLEM WITH OWN DRUG OR ALCOHOL USE,EMERGING ISSUES,Original u otra,45714,96.649,False,False,False,Conservar como predictor principal,Revisión específica: módulo mixto,Contenido heterogéneo pendiente de revisión documental
CASURCVR,THINK IN RECOVERY FROM DRUG OR ALCOHOL PROBLEM,EMERGING ISSUES,Original u otra,5633,11.909,False,False,False,Conservar como predictor principal,Revisión específica: módulo mixto,Contenido heterogéneo pendiente de revisión documental
FLVVAPEVR,EVER VAPED ONLY FLAVORING WITHOUT NICOTINE/SUBSTANCE,EMERGING ISSUES,Original u otra,45785,96.799,False,False,False,Conservar como predictor principal,Revisión específica: módulo mixto,Contenido heterogéneo pendiente de revisión documental
FLVVAPREC,TIME SINCE LAST VAPED ONLY FLAVORING,EMERGING ISSUES,Original u otra,45766,96.759,False,False,False,Conservar como predictor principal,Revisión específica: módulo mixto,Contenido heterogéneo pendiente de revisión documental
IMFEVER,EVER USED ILLEGALLY MADE FENTANYL,EMERGING ISSUES,Original u otra,45815,96.863,False,False,False,Conservar como predictor principal,Revisión específica: módulo mixto,Contenido heterogéneo pendiente de revisión documental
IMFNDLEVER,EVER INJECTED ILLEGALLY MADE FENTANYL WITH NEEDLE,EMERGING ISSUES,Original u otra,45812,96.856,False,False,False,Conservar como predictor principal,Revisión específica: módulo mixto,Contenido heterogéneo pendiente de revisión documental
KRATEVER,EVER USED KRATOM,EMERGING ISSUES,Original u otra,45764,96.755,False,False,False,Conservar como predictor principal,Revisión específica: módulo mixto,Contenido heterogéneo pendiente de revisión documental
KRATREC,TIME SINCE LAST USED KRATOM,EMERGING ISSUES,Original u otra,45764,96.755,False,False,False,Conservar como predictor principal,Revisión específica: módulo mixto,Contenido heterogéneo pendiente de revisión documental
SYNMRJEVR,EVER USED SYNTHETIC MARIJUANA,EMERGING ISSUES,Original u otra,45795,96.82,False,False,False,Conservar como predictor principal,Revisión específica: módulo mixto,Contenido heterogéneo pendiente de revisión documental
SYNMRJREC,TIME SINCE LAST USED SYNTHETIC MARIJUANA,EMERGING ISSUES,Original u otra,45788,96.805,False,False,False,Conservar como predictor principal,Revisión específica: módulo mixto,Contenido heterogéneo pendiente de revisión documental
SYNSTMEVR,EVER USED SYNTHETIC STIMULANTS,EMERGING ISSUES,Original u otra,45826,96.886,False,False,False,Conservar como predictor principal,Revisión específica: módulo mixto,Contenido heterogéneo pendiente de revisión documental
SYNSTMREC,TIME SINCE LAST USED SYNTHETIC STIMULANTS,EMERGING ISSUES,Original u otra,45824,96.882,False,False,False,Conservar como predictor principal,Revisión específica: módulo mixto,Contenido heterogéneo pendiente de revisión documental
IRFLVVAPREC,ONLY FLAVORING VAPING RECENCY - IMPUTATION REVISED,IMPUTED EMERGING ISSUES,Imputada,47299,100.0,False,False,False,Conservar como predictor principal,Revisión específica: módulo mixto,Contenido heterogéneo pendiente de revisión documental
IRIMFREC,ILLEGALLY MADE FENTANYL RECENCY - IMPUTATION REVISED,IMPUTED EMERGING ISSUES,Imputada,47299,100.0,False,False,False,Conservar como predictor principal,Revisión específica: módulo mixto,Contenido heterogéneo pendiente de revisión documental
IRKRATREC,KRATOM RECENCY - IMPUTATION REVISED,IMPUTED EMERGING ISSUES,Imputada,47299,100.0,False,False,False,Conservar como predictor principal,Revisión específica: módulo mixto,Contenido heterogéneo pendiente de revisión documental
IRSYNMRJREC,SYNTHETIC MARIJUANA RECENCY - IMPUTATION REVISED,IMPUTED EMERGING ISSUES,Imputada,47299,100.0,False,False,False,Conservar como predictor principal,Revisión específica: módulo mixto,Contenido heterogéneo pendiente de revisión documental
IRSYNSTMREC,SYNTHETIC STIMULANTS RECENCY - IMPUTATION REVISED,IMPUTED EMERGING ISSUES,Imputada,47299,100.0,False,False,False,Conservar como predictor principal,Revisión específica: módulo mixto,Contenido heterogéneo pendiente de revisión documental
ANYNEDFLAG,RC-EVER USED A NEEDLE TO INJECT DRUGS,RECODED EMERGING ISSUES,Recodificada,47024,99.419,False,False,False,Conservar como predictor principal,Revisión específica: módulo mixto,Contenido heterogéneo pendiente de revisión documental
ANYNEDYR,RC- USED A NEEDLE TO INJECT DRUGS - PAST YEAR,RECODED EMERGING ISSUES,Recodificada,47032,99.436,False,False,False,Conservar como predictor principal,Revisión específica: módulo mixto,Contenido heterogéneo pendiente de revisión documental
CAMHPROB2,RC-PERCEIVED EVER HAD A MENTAL HEALTH ISSUE,RECODED EMERGING ISSUES,Recodificada,45737,96.698,False,False,False,Conservar como predictor principal,Revisión específica: módulo mixto,Contenido heterogéneo pendiente de revisión documental
CASUPROB2,RC-PERCEIVED EVER HAD DRUG OR ALCOHOL USE PROBLEM,RECODED EMERGING ISSUES,Recodificada,45714,96.649,False,False,False,Conservar como predictor principal,Revisión específica: módulo mixto,Contenido heterogéneo pendiente de revisión documental
FLVVAPFLAG,RC-ONLY FLAVORING VAPING - EVER USED,RECODED EMERGING ISSUES,Recodificada,47299,100.0,False,False,False,Conservar como predictor principal,Revisión específica: módulo mixto,Contenido heterogéneo pendiente de revisión documental
FLVVAPMON,RC-ONLY FLAVORING VAPING - PAST MONTH USE,RECODED EMERGING ISSUES,Recodificada,47299,100.0,False,False,False,Conservar como predictor principal,Revisión específica: módulo mixto,Contenido heterogéneo pendiente de revisión documental
FLVVAPYR,RC-ONLY FLAVORING VAPING - PAST YEAR USE,RECODED EMERGING ISSUES,Recodificada,47299,100.0,False,False,False,Conservar como predictor principal,Revisión específica: módulo mixto,Contenido heterogéneo pendiente de revisión documental
FPIMFANYYR2,RC-FENTANYL PRODUCTS INCLUDING IMF - ANY PAST YEAR USE,RECODED EMERGING ISSUES,Recodificada,582,1.23,False,False,False,Conservar como predictor principal,Revisión específica: módulo mixto,Contenido heterogéneo pendiente de revisión documental
FPIMFNMYR,RC-FENTANYL PRODUCTS INCLUDING IMF - PAST YEAR MISUSE,RECODED EMERGING ISSUES,Recodificada,197,0.416,False,False,False,Conservar como predictor principal,Revisión específica: módulo mixto,Contenido heterogéneo pendiente de revisión documental
ILIMFOTHFG,"RC-ILLICIT DRUG, IMF, OR OTHER SUB - EVER USED",RECODED EMERGING ISSUES,Recodificada,47299,100.0,False,False,False,Conservar como predictor principal,Revisión específica: módulo mixto,Contenido heterogéneo pendiente de revisión documental
ILIMFOTHMN,"RC-ILLICIT DRUG, IMF, OR OTHER SUB - PAST MONTH USE",RECODED EMERGING ISSUES,Recodificada,47299,100.0,False,False,False,Conservar como predictor principal,Revisión específica: módulo mixto,Contenido heterogéneo pendiente de revisión documental
ILIMFOTHYR,"RC-ILLICIT DRUG, IMF, OR OTHER SUB - PAST YEAR USE",RECODED EMERGING ISSUES,Recodificada,47299,100.0,False,False,False,Conservar como predictor principal,Revisión específica: módulo mixto,Contenido heterogéneo pendiente de revisión documental
IMFFLAG,RC-ILLEGALLY MADE FENTANYL - EVER USED,RECODED EMERGING ISSUES,Recodificada,47299,100.0,False,False,False,Conservar como predictor principal,Revisión específica: módulo mixto,Contenido heterogéneo pendiente de revisión documental
IMFMON,RC-ILLEGALLY MADE FENTANYL - PAST MONTH USE,RECODED EMERGING ISSUES,Recodificada,47299,100.0,False,False,False,Conservar como predictor principal,Revisión específica: módulo mixto,Contenido heterogéneo pendiente de revisión documental
IMFNEDFLAG,RC-EVER USED A NEEDLE TO INJECT IMF,RECODED EMERGING ISSUES,Recodificada,47273,99.945,False,False,False,Conservar como predictor principal,Revisión específica: módulo mixto,Contenido heterogéneo pendiente de revisión documental
IMFYR,RC-ILLEGALLY MADE FENTANYL - PAST YEAR USE,RECODED EMERGING ISSUES,Recodificada,47299,100.0,False,False,False,Conservar como predictor principal,Revisión específica: módulo mixto,Contenido heterogéneo pendiente de revisión documental
KRATOMFLAG,RC-KRATOM - EVER USED,RECODED EMERGING ISSUES,Recodificada,47299,100.0,False,False,False,Conservar como predictor principal,Revisión específica: módulo mixto,Contenido heterogéneo pendiente de revisión documental
KRATOMMON,RC-KRATOM - PAST MONTH USE,RECODED EMERGING ISSUES,Recodificada,47299,100.0,False,False,False,Conservar como predictor principal,Revisión específica: módulo mixto,Contenido heterogéneo pendiente de revisión documental
KRATOMYR,RC-KRATOM - PAST YEAR USE,RECODED EMERGING ISSUES,Recodificada,47299,100.0,False,False,False,Conservar como predictor principal,Revisión específica: módulo mixto,Contenido heterogéneo pendiente de revisión documental
OPIIMFNMMN2,RC-OPIOIDS (RX OPIOIDS OR HER) INCLUDING IMF - PST MO MISUSE,RECODED EMERGING ISSUES,Recodificada,446,0.943,False,False,False,Conservar como predictor principal,Revisión específica: módulo mixto,Contenido heterogéneo pendiente de revisión documental
OPIIMFNMYR2,RC-OPIOIDS (RX OPIOIDS OR HER) INCLUDING IMF - PST YR MISUSE,RECODED EMERGING ISSUES,Recodificada,1484,3.137,False,False,False,Conservar como predictor principal,Revisión específica: módulo mixto,Contenido heterogéneo pendiente de revisión documental
RCVYMHPRB,RC-PERCEIVED RECOVERY FROM MENTAL HEALTH ISSUE,RECODED EMERGING ISSUES,Recodificada,45622,96.454,False,False,False,Conservar como predictor principal,Revisión específica: módulo mixto,Contenido heterogéneo pendiente de revisión documental
RCVYSUBPRB,RC-PERCEIVED RECOVERY FROM DRUG OR ALCOHOL USE PROBLEM,RECODED EMERGING ISSUES,Recodificada,45702,96.624,False,False,False,Conservar como predictor principal,Revisión específica: módulo mixto,Contenido heterogéneo pendiente de revisión documental
SYNMRJFLAG,RC-SYNTHETIC MARIJUANA - EVER USED,RECODED EMERGING ISSUES,Recodificada,47299,100.0,False,False,False,Conservar como predictor principal,Revisión específica: módulo mixto,Contenido heterogéneo pendiente de revisión documental
SYNMRJMON,RC-SYNTHETIC MARIJUANA - PAST MONTH USE,RECODED EMERGING ISSUES,Recodificada,47299,100.0,False,False,False,Conservar como predictor principal,Revisión específica: módulo mixto,Contenido heterogéneo pendiente de revisión documental
SYNMRJYR,RC-SYNTHETIC MARIJUANA - PAST YEAR USE,RECODED EMERGING ISSUES,Recodificada,47299,100.0,False,False,False,Conservar como predictor principal,Revisión específica: módulo mixto,Contenido heterogéneo pendiente de revisión documental
SYNSTMFLAG,RC-SYNTHETIC STIMULANTS - EVER USED,RECODED EMERGING ISSUES,Recodificada,47299,100.0,False,False,False,Conservar como predictor principal,Revisión específica: módulo mixto,Contenido heterogéneo pendiente de revisión documental
SYNSTMMON,RC-SYNTHETIC STIMULANTS - PAST MONTH USE,RECODED EMERGING ISSUES,Recodificada,47299,100.0,False,False,False,Conservar como predictor principal,Revisión específica: módulo mixto,Contenido heterogéneo pendiente de revisión documental
SYNSTMYR,RC-SYNTHETIC STIMULANTS - PAST YEAR USE,RECODED EMERGING ISSUES,Recodificada,47299,100.0,False,False,False,Conservar como predictor principal,Revisión específica: módulo mixto,Contenido heterogéneo pendiente de revisión documental
DRVINALCO2,RC-DROVE UNDER INFLUENCE OF ALCOHOL IN PAST YEAR,RECODED SPECIAL TOPICS,Recodificada,46776,98.894,False,False,False,Conservar como predictor principal,Revisión específica: módulo mixto,Contenido heterogéneo pendiente de revisión documental
DRVINALDRG,RC-DROVE UNDER INFLUENCE OF ALC OR SELECTED ILL DRG IN PY,RECODED SPECIAL TOPICS,Recodificada,46315,97.92,False,False,False,Conservar como predictor principal,Revisión específica: módulo mixto,Contenido heterogéneo pendiente de revisión documental
DRVINDRG,RC-DROVE UNDER INFLUENCE OF SELECTED ILL DRUGS IN PAST YR,RECODED SPECIAL TOPICS,Recodificada,46619,98.562,False,False,False,Conservar como predictor principal,Revisión específica: módulo mixto,Contenido heterogéneo pendiente de revisión documental
DRVINDROTMJ,RC-DROVE UNDER INFLUENCE OF SELECTED ILL DRG OTH MRJ IN PY,RECODED SPECIAL TOPICS,Recodificada,46812,98.97,False,False,False,Conservar como predictor principal,Revisión específica: módulo mixto,Contenido heterogéneo pendiente de revisión documental
DRVINMARJ2,RC-DROVE UNDER INFLUENCE OF MARIJUANA IN PAST YEAR,RECODED SPECIAL TOPICS,Recodificada,46983,99.332,False,False,False,Conservar como predictor principal,Revisión específica: módulo mixto,Contenido heterogéneo pendiente de revisión documental
PAROL,RC-PAROLE/SUPERVISED RELEASE STATUS IN THE PAST YEAR,RECODED SPECIAL TOPICS,Recodificada,46658,98.645,False,False,False,Conservar como predictor principal,Revisión específica: módulo mixto,Contenido heterogéneo pendiente de revisión documental
PROB,RC-PROBATION STATUS IN THE PAST YEAR,RECODED SPECIAL TOPICS,Recodificada,46661,98.651,False,False,False,Conservar como predictor principal,Revisión específica: módulo mixto,Contenido heterogéneo pendiente de revisión documental
BKARSON,ARRSTD & BOOKED FOR ARSON PAST 12 MONTHS,SPECIAL TOPICS,Original u otra,844,1.784,False,False,False,Conservar como predictor principal,Revisión específica: módulo mixto,Contenido heterogéneo pendiente de revisión documental
BKBURGL,ARRSTD & BOOKED FOR BURGLARY/B & E PAST 12 MOS,SPECIAL TOPICS,Original u otra,842,1.78,False,False,False,Conservar como predictor principal,Revisión específica: módulo mixto,Contenido heterogéneo pendiente de revisión documental
BKDRUG,ARRSTD & BOOKED FOR POSSES/SALE DRUGS PAST 12 MOS,SPECIAL TOPICS,Original u otra,832,1.759,False,False,False,Conservar como predictor principal,Revisión específica: módulo mixto,Contenido heterogéneo pendiente de revisión documental
BKDRUNK,ARRSTD & BOOKED FOR DRUNKENNESS PAST 12 MONTHS,SPECIAL TOPICS,Original u otra,839,1.774,False,False,False,Conservar como predictor principal,Revisión específica: módulo mixto,Contenido heterogéneo pendiente de revisión documental
BKDRVINF,ARRSTD & BOOKED FOR DUI PAST 12 MONTHS,SPECIAL TOPICS,Original u otra,836,1.767,False,False,False,Conservar como predictor principal,Revisión específica: módulo mixto,Contenido heterogéneo pendiente de revisión documental
BKFRAUD,ARRSTD & BOOKED FOR FRAUD/STOL GOODS PAST 12 MOS,SPECIAL TOPICS,Original u otra,831,1.757,False,False,False,Conservar como predictor principal,Revisión específica: módulo mixto,Contenido heterogéneo pendiente de revisión documental
BKLARCNY,ARRSTD & BOOKED FOR LARCENY/THEFT PAST 12 MONTHS,SPECIAL TOPICS,Original u otra,840,1.776,False,False,False,Conservar como predictor principal,Revisión específica: módulo mixto,Contenido heterogéneo pendiente de revisión documental
BKMVTHFT,ARRSTD & BOOKED FOR MOT VEH THEFT PAST 12 MONTHS,SPECIAL TOPICS,Original u otra,842,1.78,False,False,False,Conservar como predictor principal,Revisión específica: módulo mixto,Contenido heterogéneo pendiente de revisión documental
BKOTH,ARRSTD & BOOKED FOR SOME OTHER OFF PAST 12 MOS,SPECIAL TOPICS,Original u otra,703,1.486,False,False,False,Conservar como predictor principal,Revisión específica: módulo mixto,Contenido heterogéneo pendiente de revisión documental
BKROB,ARRSTD & BOOKED FOR ROBBERY PAST 12 MONTHS,SPECIAL TOPICS,Original u otra,843,1.782,False,False,False,Conservar como predictor principal,Revisión específica: módulo mixto,Contenido heterogéneo pendiente de revisión documental
BKSEXNR,ARRSTD & BOOKED SEX OFFENSE EXCL RAPE PST 12 MOS,SPECIAL TOPICS,Original u otra,844,1.784,False,False,False,Conservar como predictor principal,Revisión específica: módulo mixto,Contenido heterogéneo pendiente de revisión documental
BKSMASLT,ARRSTD & BOOKED FOR OTHER ASSAULT PAST 12 MONTHS,SPECIAL TOPICS,Original u otra,820,1.734,False,False,False,Conservar como predictor principal,Revisión específica: módulo mixto,Contenido heterogéneo pendiente de revisión documental
BKSRVIOL,ARRSTD & BOOKED SERIOUS VIOL OFFENSE PST 12 MOS,SPECIAL TOPICS,Original u otra,840,1.776,False,False,False,Conservar como predictor principal,Revisión específica: módulo mixto,Contenido heterogéneo pendiente de revisión documental
BOOKED,EVER ARRESTED AND BOOKED FOR BREAKING THE LAW,SPECIAL TOPICS,Original u otra,46483,98.275,False,False,False,Conservar como predictor principal,Revisión específica: módulo mixto,Contenido heterogéneo pendiente de revisión documental
DRVINALCO,DROVE UNDER INFLUENCE OF ALCOHOL PST 12 MOS,SPECIAL TOPICS,Original u otra,46776,98.894,False,False,False,Conservar como predictor principal,Revisión específica: módulo mixto,Contenido heterogéneo pendiente de revisión documental
DRVINALON,DROVE UNDER INFLUENCE OF ONLY ALCOHOL PST 12 MOS,SPECIAL TOPICS,Original u otra,16139,34.121,False,False,False,Conservar como predictor principal,Revisión específica: módulo mixto,Contenido heterogéneo pendiente de revisión documental
DRVINCOCN,DROVE UNDER INFLU OF COCAINE PST 12 MOS,SPECIAL TOPICS,Original u otra,47203,99.797,False,False,False,Conservar como predictor principal,Revisión específica: módulo mixto,Contenido heterogéneo pendiente de revisión documental
DRVINHALL,DROVE UNDER INFLU OF HALLUCINOGENS PAST 12 MOS,SPECIAL TOPICS,Original u otra,47023,99.416,False,False,False,Conservar como predictor principal,Revisión específica: módulo mixto,Contenido heterogéneo pendiente de revisión documental
DRVINHERN,DROVE UNDER INFLUENCE OF HEROIN PAST 12 MOS,SPECIAL TOPICS,Original u otra,47259,99.915,False,False,False,Conservar como predictor principal,Revisión específica: módulo mixto,Contenido heterogéneo pendiente de revisión documental
DRVININHL,DROVE UNDER INFLUENCE OF INHALANTS PAST 12 MOS,SPECIAL TOPICS,Original u otra,47171,99.729,False,False,False,Conservar como predictor principal,Revisión específica: módulo mixto,Contenido heterogéneo pendiente de revisión documental
DRVINMARJ,DROVE UNDER INFLUENCE OF MARIJUANA PST 12 MOS,SPECIAL TOPICS,Original u otra,46983,99.332,False,False,False,Conservar como predictor principal,Revisión específica: módulo mixto,Contenido heterogéneo pendiente de revisión documental
DRVINMETH,DROVE UNDER INFLU OF METHAMPHETAMINE PAST 12 MOS,SPECIAL TOPICS,Original u otra,47225,99.844,False,False,False,Conservar como predictor principal,Revisión específica: módulo mixto,Contenido heterogéneo pendiente de revisión documental
MXMJPNLT,MAX PENALTY FOR 1ST MJ POSS < OUNCE IN YOUR STATE,SPECIAL TOPICS,Original u otra,39787,84.118,False,False,False,Conservar como predictor principal,Revisión específica: módulo mixto,Contenido heterogéneo pendiente de revisión documental
NOBOOKY2,# TIMES ARRESTED AND BOOKED PAST 12 MONTHS,SPECIAL TOPICS,Original u otra,6113,12.924,False,False,False,Conservar como predictor principal,Revisión específica: módulo mixto,Contenido heterogéneo pendiente de revisión documental
PAROLREL,ON PAROLE/SUPRV RELEASE PAST 12 MONTHS,SPECIAL TOPICS,Original u otra,46658,98.645,False,False,False,Conservar como predictor principal,Revisión específica: módulo mixto,Contenido heterogéneo pendiente de revisión documental
PROBATON,ON PROBATION AT ANY TIME PAST 12 MONTHS,SPECIAL TOPICS,Original u otra,46661,98.651,False,False,False,Conservar como predictor principal,Revisión específica: módulo mixto,Contenido heterogéneo pendiente de revisión documental
ADCOUNS,COUNSELOR TALKED W/ABOUT FEELINGS PAST 12 MOS,ADULT DEPRESSION,Original u otra,4482,9.476,False,False,False,Conservar como predictor principal,Sensibilidad: salud mental próxima a variables objetivo,Temporalidad contemporánea y proximidad conceptual con los resultados
ADDPDISC,FEEL DISCRGD ABOUT LIFE WHEN SAD/EMPTY/DEPRESSED,ADULT DEPRESSION,Original u otra,16012,33.853,False,False,False,Conservar como predictor principal,Sensibilidad: salud mental próxima a variables objetivo,Temporalidad contemporánea y proximidad conceptual con los resultados
ADDPLSIN,EVER LOSE INT IN THINGS WHEN SAD/EMPTY/DEPRESSED,ADULT DEPRESSION,Original u otra,16015,33.859,False,False,False,Conservar como predictor principal,Sensibilidad: salud mental próxima a variables objetivo,Temporalidad contemporánea y proximidad conceptual con los resultados
ADDSLSIN,EVER LOSE INT IN THNGS WHEN FEELING DISCOURGAGED,ADULT DEPRESSION,Original u otra,2761,5.837,False,False,False,Conservar como predictor principal,Sensibilidad: salud mental próxima a variables objetivo,Temporalidad contemporánea y proximidad conceptual con los resultados
ADFAMDOC,GEN/FAM DOC TALKED W/ABT FEELINGS PAST 12 MOS,ADULT DEPRESSION,Original u otra,4487,9.486,False,False,False,Conservar como predictor principal,Sensibilidad: salud mental próxima a variables objetivo,Temporalidad contemporánea y proximidad conceptual con los resultados
ADHERBAL,HERBALIST TALKED W/ABOUT FEELINGS PAST 12 MOS,ADULT DEPRESSION,Original u otra,4486,9.484,False,False,False,Conservar como predictor principal,Sensibilidad: salud mental próxima a variables objetivo,Temporalidad contemporánea y proximidad conceptual con los resultados
ADNURSE,NURSE ETC.TALKED W/ABOUT FEELINGS PAST 12 MOS,ADULT DEPRESSION,Original u otra,4476,9.463,False,False,False,Conservar como predictor principal,Sensibilidad: salud mental próxima a variables objetivo,Temporalidad contemporánea y proximidad conceptual con los resultados
ADOTHDOC,OTH DR TALKED W/ABOUT FEELINGS PAST 12 MOS,ADULT DEPRESSION,Original u otra,4485,9.482,False,False,False,Conservar como predictor principal,Sensibilidad: salud mental próxima a variables objetivo,Temporalidad contemporánea y proximidad conceptual con los resultados
ADOTHHLP,OTH HELP PROF TALKED W/ABOUT FEELINGS PAST 12 MOS,ADULT DEPRESSION,Original u otra,4487,9.486,False,False,False,Conservar como predictor principal,Sensibilidad: salud mental próxima a variables objetivo,Temporalidad contemporánea y proximidad conceptual con los resultados
ADOTHMHP,MENTAL PROF TALKED W/ABOUT FEELINGS PAST 12 MOS,ADULT DEPRESSION,Original u otra,4486,9.484,False,False,False,Conservar como predictor principal,Sensibilidad: salud mental próxima a variables objetivo,Temporalidad contemporánea y proximidad conceptual con los resultados
ADPBAGE,AGE WHEN FIRST 2+ WK PERIOD OF TIME STARTED,ADULT DEPRESSION,Original u otra,9060,19.155,False,False,False,Conservar como predictor principal,Sensibilidad: salud mental próxima a variables objetivo,Temporalidad contemporánea y proximidad conceptual con los resultados
ADPBDLYA,WHEN PRBLMS WORST UNABLE TO CARRY OUT DLY ACTVTS,ADULT DEPRESSION,Original u otra,9096,19.231,False,False,False,Conservar como predictor principal,Sensibilidad: salud mental próxima a variables objetivo,Temporalidad contemporánea y proximidad conceptual con los resultados
ADPBINTF,WHEN PRBLMS WORST INTERFERE WITH WORK/ PRSNL LIFE,ADULT DEPRESSION,Original u otra,9308,19.679,False,False,False,Conservar como predictor principal,Sensibilidad: salud mental próxima a variables objetivo,Temporalidad contemporánea y proximidad conceptual con los resultados
ADPBNUM,# TIMES FELT THIS WAY FOR 2 WKS/LNGR DURING LIFE,ADULT DEPRESSION,Original u otra,8776,18.554,False,False,False,Conservar como predictor principal,Sensibilidad: salud mental próxima a variables objetivo,Temporalidad contemporánea y proximidad conceptual con los resultados
ADPBRMBR,RMBR AGE WHEN FIRST 2+ WK PERIOD OF TIME STARTED,ADULT DEPRESSION,Original u otra,9260,19.578,False,False,False,Conservar como predictor principal,Sensibilidad: salud mental próxima a variables objetivo,Temporalidad contemporánea y proximidad conceptual con los resultados
ADPSDAYS,# DYS UNABLE TO WORK/CARRY OUT DLY ACT PST 12 MOS,ADULT DEPRESSION,Original u otra,4876,10.309,False,False,False,Conservar como predictor principal,Sensibilidad: salud mental próxima a variables objetivo,Temporalidad contemporánea y proximidad conceptual con los resultados
ADPSHMGT,HOW MUCH DID FEELINGS INTERFERE WITH HOME MNGMT,ADULT DEPRESSION,Original u otra,5016,10.605,False,False,False,Conservar como predictor principal,Sensibilidad: salud mental próxima a variables objetivo,Temporalidad contemporánea y proximidad conceptual con los resultados
ADPSRELS,HOW MUCH DID FEELING INTERFERE WITH RELATIONSHIPS,ADULT DEPRESSION,Original u otra,5024,10.622,False,False,False,Conservar como predictor principal,Sensibilidad: salud mental próxima a variables objetivo,Temporalidad contemporánea y proximidad conceptual con los resultados
ADPSSOC,HOW MUCH DID FEELINGS INTERFERE WITH SOCIAL LIFE,ADULT DEPRESSION,Original u otra,5026,10.626,False,False,False,Conservar como predictor principal,Sensibilidad: salud mental próxima a variables objetivo,Temporalidad contemporánea y proximidad conceptual con los resultados
ADPSWORK,HOW MUCH DID FEELING INTERFERE WITH ABLTY TO WORK,ADULT DEPRESSION,Original u otra,5010,10.592,False,False,False,Conservar como predictor principal,Sensibilidad: salud mental próxima a variables objetivo,Temporalidad contemporánea y proximidad conceptual con los resultados
ADPSYCH,PSYCHOLOGIST TALKED W/ABOUT FEELINGS PAST 12 MOS,ADULT DEPRESSION,Original u otra,4486,9.484,False,False,False,Conservar como predictor principal,Sensibilidad: salud mental próxima a variables objetivo,Temporalidad contemporánea y proximidad conceptual con los resultados
ADPSYMD,PSYCHIATRIST TALKED W/ABOUT FEELINGS PAST 12 MOS,ADULT DEPRESSION,Original u otra,4487,9.486,False,False,False,Conservar como predictor principal,Sensibilidad: salud mental próxima a variables objetivo,Temporalidad contemporánea y proximidad conceptual con los resultados
ADRELIG,RELIGIOUS ADVSR TLKED W/ABOUT FEELINGS PST 12 MOS,ADULT DEPRESSION,Original u otra,4481,9.474,False,False,False,Conservar como predictor principal,Sensibilidad: salud mental próxima a variables objetivo,Temporalidad contemporánea y proximidad conceptual con los resultados
ADRX12MO,TAKE PRES MEDS PRESCRIBED FOR MOOD PAST 12 MONTHS,ADULT DEPRESSION,Original u otra,9292,19.645,False,False,False,Conservar como predictor principal,Sensibilidad: salud mental próxima a variables objetivo,Temporalidad contemporánea y proximidad conceptual con los resultados
ADRXHLP,HOW MUCH HAS PRESC MEDS FOR MOOD HELPED PST 12 MO,ADULT DEPRESSION,Original u otra,3833,8.104,False,False,False,Conservar como predictor principal,Sensibilidad: salud mental próxima a variables objetivo,Temporalidad contemporánea y proximidad conceptual con los resultados
ADRXNOW,CURRENTLY TAKING PRESC MEDS PRESCRIBED FOR MOOD,ADULT DEPRESSION,Original u otra,3846,8.131,False,False,False,Conservar como predictor principal,Sensibilidad: salud mental próxima a variables objetivo,Temporalidad contemporánea y proximidad conceptual con los resultados
ADSEEDOC,SEE/TALK TO DR/OTH PROF ABT FEELINGS PAST 12 MOS,ADULT DEPRESSION,Original u otra,9292,19.645,False,False,False,Conservar como predictor principal,Sensibilidad: salud mental próxima a variables objetivo,Temporalidad contemporánea y proximidad conceptual con los resultados
ADSOCWRK,SOCIAL WORKER TALKED W/ABOUT FEELINGS PAST 12 MOS,ADULT DEPRESSION,Original u otra,4487,9.486,False,False,False,Conservar como predictor principal,Sensibilidad: salud mental próxima a variables objetivo,Temporalidad contemporánea y proximidad conceptual con los resultados
ADTMTHLP,HOW MUCH HAS TRMT/COUNSLG HELPED PST 12 MOS,ADULT DEPRESSION,Original u otra,4451,9.41,False,False,False,Conservar como predictor principal,Sensibilidad: salud mental próxima a variables objetivo,Temporalidad contemporánea y proximidad conceptual con los resultados
ADTMTNOW,CURRENTLY RCVNG PROF TREATMENT/COUNSLG FOR MOOD,ADULT DEPRESSION,Original u otra,4494,9.501,False,False,False,Conservar como predictor principal,Sensibilidad: salud mental próxima a variables objetivo,Temporalidad contemporánea y proximidad conceptual con los resultados
ADWRAGE,AGE WHEN WORST PERIOD OF TIME STARTED,ADULT DEPRESSION,Original u otra,10226,21.62,False,False,False,Conservar como predictor principal,Sensibilidad: salud mental próxima a variables objetivo,Temporalidad contemporánea y proximidad conceptual con los resultados
ADWRCONC,WHEN PRBLMS WORST HAVE TROUBLE CONCENTRATING,ADULT DEPRESSION,Original u otra,9816,20.753,False,False,False,Conservar como predictor principal,Sensibilidad: salud mental próxima a variables objetivo,Temporalidad contemporánea y proximidad conceptual con los resultados
ADWRDCSN,WHEN PRBLMS WORST UNABLE TO MAKE DECISIONS,ADULT DEPRESSION,Original u otra,9797,20.713,False,False,False,Conservar como predictor principal,Sensibilidad: salud mental próxima a variables objetivo,Temporalidad contemporánea y proximidad conceptual con los resultados
ADWRDEPR,WHEN PRBLMS WORST FELT SAD/EMPTY/DPRSD EVERY DAY,ADULT DEPRESSION,Original u otra,10383,21.952,False,False,False,Conservar como predictor principal,Sensibilidad: salud mental próxima a variables objetivo,Temporalidad contemporánea y proximidad conceptual con los resultados
ADWRDIET,WHEN PRBLMS WORST LOSE WGHT W/O TRYING BC SICK/DT,ADULT DEPRESSION,Original u otra,4691,9.918,False,False,False,Conservar como predictor principal,Sensibilidad: salud mental próxima a variables objetivo,Temporalidad contemporánea y proximidad conceptual con los resultados
ADWRDISC,WHEN PRBLMS WORST FELT DISCRGED ABT LIFE EVERYDAY,ADULT DEPRESSION,Original u otra,10381,21.948,False,False,False,Conservar como predictor principal,Sensibilidad: salud mental próxima a variables objetivo,Temporalidad contemporánea y proximidad conceptual con los resultados
ADWRELES,WHEN PRBLMS WORST HAVE SMALLER APPETITE EVERY DAY,ADULT DEPRESSION,Original u otra,9813,20.747,False,False,False,Conservar como predictor principal,Sensibilidad: salud mental próxima a variables objetivo,Temporalidad contemporánea y proximidad conceptual con los resultados
ADWREMOR,WHEN PRBLMS WORST HAVE LARGER APPETITE EVERY DAY,ADULT DEPRESSION,Original u otra,3668,7.755,False,False,False,Conservar como predictor principal,Sensibilidad: salud mental próxima a variables objetivo,Temporalidad contemporánea y proximidad conceptual con los resultados
ADWRENRG,WHEN PRBLMS WORST FEEL TIRED/LOW ON ENERGY EVRYDY,ADULT DEPRESSION,Original u otra,9857,20.84,False,False,False,Conservar como predictor principal,Sensibilidad: salud mental próxima a variables objetivo,Temporalidad contemporánea y proximidad conceptual con los resultados
ADWRGAIN,WHEN PRBLMS WORST DID YOU GAIN WEIGHT W/O TRYING,ADULT DEPRESSION,Original u otra,3664,7.746,False,False,False,Conservar como predictor principal,Sensibilidad: salud mental próxima a variables objetivo,Temporalidad contemporánea y proximidad conceptual con los resultados
ADWRGNL2,WHEN PRBLMS WORST # LBS GAINED WITHOUT TRYING,ADULT DEPRESSION,Original u otra,1700,3.594,False,False,False,Conservar como predictor principal,Sensibilidad: salud mental próxima a variables objetivo,Temporalidad contemporánea y proximidad conceptual con los resultados
ADWRGROW,WHEN PRBLMS WORST GAIN WGHT W/O TRYING BC GROWING,ADULT DEPRESSION,Original u otra,831,1.757,False,False,False,Conservar como predictor principal,Sensibilidad: salud mental próxima a variables objetivo,Temporalidad contemporánea y proximidad conceptual con los resultados
ADWRJINO,WHEN PRBLMS WORST PEOP NOTICE YOU WERE RSTLSS,ADULT DEPRESSION,Original u otra,1143,2.417,False,False,False,Conservar como predictor principal,Sensibilidad: salud mental próxima a variables objetivo,Temporalidad contemporánea y proximidad conceptual con los resultados
ADWRJITT,WHEN PRBLMS WORST RSTLSS/JITTRY/PACING EVERYDAY,ADULT DEPRESSION,Original u otra,4795,10.138,False,False,False,Conservar como predictor principal,Sensibilidad: salud mental próxima a variables objetivo,Temporalidad contemporánea y proximidad conceptual con los resultados
ADWRLOSE,WHEN PRBLMS WORST DID YOU LOSE WEIGHT W/O TRYING,ADULT DEPRESSION,Original u otra,7812,16.516,False,False,False,Conservar como predictor principal,Sensibilidad: salud mental próxima a variables objetivo,Temporalidad contemporánea y proximidad conceptual con los resultados
ADWRLSIN,WHEN PRBLMS WORST LOSE INTRST IN ENJOYABLE THINGS,ADULT DEPRESSION,Original u otra,10390,21.967,False,False,False,Conservar como predictor principal,Sensibilidad: salud mental próxima a variables objetivo,Temporalidad contemporánea y proximidad conceptual con los resultados
ADWRLSL2,WHEN PRBLMS WORST # LBS LOST WITHOUT TRYING,ADULT DEPRESSION,Original u otra,3660,7.738,False,False,False,Conservar como predictor principal,Sensibilidad: salud mental próxima a variables objetivo,Temporalidad contemporánea y proximidad conceptual con los resultados
ADWRNOGD,WHEN PRBLMS WRST FEEL NOT AS GOOD AS OTHER PEOPLE,ADULT DEPRESSION,Original u otra,9830,20.783,False,False,False,Conservar como predictor principal,Sensibilidad: salud mental próxima a variables objetivo,Temporalidad contemporánea y proximidad conceptual con los resultados
ADWRPLSR,WHEN PRBLMS WORST LOSE PLSURE IN GOOD THINGS,ADULT DEPRESSION,Original u otra,10380,21.945,False,False,False,Conservar como predictor principal,Sensibilidad: salud mental próxima a variables objetivo,Temporalidad contemporánea y proximidad conceptual con los resultados
ADWRPREG,WHEN PRBLMS WORST GAIN WGHT W/O TRYING BC PRGN,ADULT DEPRESSION,Original u otra,1211,2.56,False,False,False,Conservar como predictor principal,Sensibilidad: salud mental próxima a variables objetivo,Temporalidad contemporánea y proximidad conceptual con los resultados
ADWRPROB,ONE PARTICULAR TIME THAT IS THE WORST ONE EVER,ADULT DEPRESSION,Original u otra,10372,21.929,False,False,False,Conservar como predictor principal,Sensibilidad: salud mental próxima a variables objetivo,Temporalidad contemporánea y proximidad conceptual con los resultados
ADWRSLEP,WHEN PRBLMS WORST HAVE PRBS SLEEPING/WAKING EARLY,ADULT DEPRESSION,Original u otra,9838,20.8,False,False,False,Conservar como predictor principal,Sensibilidad: salud mental próxima a variables objetivo,Temporalidad contemporánea y proximidad conceptual con los resultados
ADWRSLNO,WHEN PRBLMS WORST PEOP NOTICE SLOWER THAN USUAL,ADULT DEPRESSION,Original u otra,4990,10.55,False,False,False,Conservar como predictor principal,Sensibilidad: salud mental próxima a variables objetivo,Temporalidad contemporánea y proximidad conceptual con los resultados
ADWRSLOW,WHEN PRBLMS WORST TALK/MOVE SLOWER THAN USUAL,ADULT DEPRESSION,Original u otra,9774,20.664,False,False,False,Conservar como predictor principal,Sensibilidad: salud mental próxima a variables objetivo,Temporalidad contemporánea y proximidad conceptual con los resultados
ADWRSMOR,WHEN PRBLMS WORST SLEEP A LOT MORE THAN USUAL,ADULT DEPRESSION,Original u otra,1947,4.116,False,False,False,Conservar como predictor principal,Sensibilidad: salud mental próxima a variables objetivo,Temporalidad contemporánea y proximidad conceptual con los resultados
ADWRTHOT,WHEN PRBLMS WORST THGHTS SLOWER/MORE CONFUSING,ADULT DEPRESSION,Original u otra,9775,20.666,False,False,False,Conservar como predictor principal,Sensibilidad: salud mental próxima a variables objetivo,Temporalidad contemporánea y proximidad conceptual con los resultados
ADWRWRTH,WHEN PRBLMS WORST FEEL TOTALLY WORTHLESS EVERYDAY,ADULT DEPRESSION,Original u otra,7834,16.563,False,False,False,Conservar como predictor principal,Sensibilidad: salud mental próxima a variables objetivo,Temporalidad contemporánea y proximidad conceptual con los resultados
AD_MDEA1,SAD/EMPTY/DEPRESSED MOST OF DAY OR DISCOURAGED,ADULT DEPRESSION,Original u otra,10385,21.956,False,False,False,Conservar como predictor principal,Sensibilidad: salud mental próxima a variables objetivo,Temporalidad contemporánea y proximidad conceptual con los resultados
AD_MDEA2,LOST INTEREST OR PLEASURE IN MOST THINGS,ADULT DEPRESSION,Original u otra,10390,21.967,False,False,False,Conservar como predictor principal,Sensibilidad: salud mental próxima a variables objetivo,Temporalidad contemporánea y proximidad conceptual con los resultados
AD_MDEA3,CHANGES IN APPETITE OR WT,ADULT DEPRESSION,Original u otra,9769,20.654,False,False,False,Conservar como predictor principal,Sensibilidad: salud mental próxima a variables objetivo,Temporalidad contemporánea y proximidad conceptual con los resultados
AD_MDEA4,SLEEP PROBLEMS,ADULT DEPRESSION,Original u otra,9842,20.808,False,False,False,Conservar como predictor principal,Sensibilidad: salud mental próxima a variables objetivo,Temporalidad contemporánea y proximidad conceptual con los resultados
AD_MDEA5,OTHERS NOTICED THAT R WAS RESTLESS OR LETHARGIC,ADULT DEPRESSION,Original u otra,9814,20.749,False,False,False,Conservar como predictor principal,Sensibilidad: salud mental próxima a variables objetivo,Temporalidad contemporánea y proximidad conceptual con los resultados
AD_MDEA6,FELT TIRED/LOW ENERGY NEARLY EVERY DAY,ADULT DEPRESSION,Original u otra,9857,20.84,False,False,False,Conservar como predictor principal,Sensibilidad: salud mental próxima a variables objetivo,Temporalidad contemporánea y proximidad conceptual con los resultados
AD_MDEA7,FELT WORTHLESS NEARLY EVERY DAY,ADULT DEPRESSION,Original u otra,9854,20.833,False,False,False,Conservar como predictor principal,Sensibilidad: salud mental próxima a variables objetivo,Temporalidad contemporánea y proximidad conceptual con los resultados
AD_MDEA8,INABILITY TO CONCENTRATE OR MAKE DECISIONS,ADULT DEPRESSION,Original u otra,9825,20.772,False,False,False,Conservar como predictor principal,Sensibilidad: salud mental próxima a variables objetivo,Temporalidad contemporánea y proximidad conceptual con los resultados
AMDEIMP,ADULT: MDE WITH SEVERE ROLE IMPAIRMENT,ADULT DEPRESSION,Original u otra,45617,96.444,False,False,False,Conservar como predictor principal,Sensibilidad: salud mental próxima a variables objetivo,Temporalidad contemporánea y proximidad conceptual con los resultados
ASDSHOM2,ADULT: DEPRESS FEELINGS ROLE IMPAIRMENT - HOME MANAGEMENT,ADULT DEPRESSION,Original u otra,5016,10.605,False,False,False,Conservar como predictor principal,Sensibilidad: salud mental próxima a variables objetivo,Temporalidad contemporánea y proximidad conceptual con los resultados
ASDSREL2,ADULT: DEP FEELINGS ROLE IMPAIRMENT - CLOSE RELATIONSHIPS,ADULT DEPRESSION,Original u otra,5024,10.622,False,False,False,Conservar como predictor principal,Sensibilidad: salud mental próxima a variables objetivo,Temporalidad contemporánea y proximidad conceptual con los resultados
ASDSSOC2,ADULT: DEPRESSIVE FEELINGS ROLE IMPAIRMENT - SOCIAL LIFE,ADULT DEPRESSION,Original u otra,5026,10.626,False,False,False,Conservar como predictor principal,Sensibilidad: salud mental próxima a variables objetivo,Temporalidad contemporánea y proximidad conceptual con los resultados
ASDSWRK2,ADULT: DEPRESS FEELINGS ROLE IMPAIRMENT - ABILITY TO WORK,ADULT DEPRESSION,Original u otra,5010,10.592,False,False,False,Conservar como predictor principal,Sensibilidad: salud mental próxima a variables objetivo,Temporalidad contemporánea y proximidad conceptual con los resultados
AGADANNOY,ADLT: GAD-7 - EASILY ANNOYED OR IRRITABLE LAST 2 WKS,ADULT MENTAL HEALTH,Original u otra,45882,97.004,False,False,False,Conservar como predictor principal,Sensibilidad: salud mental próxima a variables objetivo,Temporalidad contemporánea y proximidad conceptual con los resultados
AGADAWFUL,ADLT: GAD-7 - AFRAID SOMETHING AWFUL MIGHT HAPPEN LAST 2 WKS,ADULT MENTAL HEALTH,Original u otra,45880,97.0,False,False,False,Conservar como predictor principal,Sensibilidad: salud mental próxima a variables objetivo,Temporalidad contemporánea y proximidad conceptual con los resultados
AGADNRVANX,"ADLT: GAD-7 - NERVOUS, ANXIOUS, OR ON EDGE LAST 2 WKS",ADULT MENTAL HEALTH,Original u otra,45876,96.991,False,False,False,Conservar como predictor principal,Sensibilidad: salud mental próxima a variables objetivo,Temporalidad contemporánea y proximidad conceptual con los resultados
AGADNTSTOP,ADLT: GAD-7 -NOT ABLE TO STOP OR CONTROL WORRYING LAST 2 WKS,ADULT MENTAL HEALTH,Original u otra,45861,96.96,False,False,False,Conservar como predictor principal,Sensibilidad: salud mental próxima a variables objetivo,Temporalidad contemporánea y proximidad conceptual con los resultados
AGADRSTLSS,ADLT: GAD-7 - HARD TO SIT STILL BECAUSE RESTLESS LAST 2 WKS,ADULT MENTAL HEALTH,Original u otra,45887,97.015,False,False,False,Conservar como predictor principal,Sensibilidad: salud mental próxima a variables objetivo,Temporalidad contemporánea y proximidad conceptual con los resultados
AGADSCED,ADULT GAD-7 TOTAL SCORE - LAST 2 WEEKS,ADULT MENTAL HEALTH,Original u otra,45658,96.531,False,False,False,Conservar como predictor principal,Sensibilidad: salud mental próxima a variables objetivo,Temporalidad contemporánea y proximidad conceptual con los resultados
AGADTRBRLX,ADLT: GAD-7 - HAD TROUBLE RELAXING LAST 2 WKS,ADULT MENTAL HEALTH,Original u otra,45896,97.034,False,False,False,Conservar como predictor principal,Sensibilidad: salud mental próxima a variables objetivo,Temporalidad contemporánea y proximidad conceptual con los resultados
AGADWRYMCH,ADLT: GAD-7 - WORRIED TOO MUCH ABOUT DIFF THINGS LAST 2 WKS,ADULT MENTAL HEALTH,Original u otra,45863,96.964,False,False,False,Conservar como predictor principal,Sensibilidad: salud mental próxima a variables objetivo,Temporalidad contemporánea y proximidad conceptual con los resultados
DSTCHR12,HOW OFTEN COULDN'T BE CHEERED UP IN WORST MONTH,ADULT MENTAL HEALTH,Original u otra,15353,32.459,False,False,False,Conservar como predictor principal,Sensibilidad: salud mental próxima a variables objetivo,Temporalidad contemporánea y proximidad conceptual con los resultados
DSTCHR30,HOW OFTEN FELT SAD NOTHING COULD CHEER YOU UP,ADULT MENTAL HEALTH,Original u otra,46065,97.391,False,False,False,Conservar como predictor principal,Sensibilidad: salud mental próxima a variables objetivo,Temporalidad contemporánea y proximidad conceptual con los resultados
DSTEFF12,HOW OFT FELT EVERYTHING AN EFFORT IN WORST MON,ADULT MENTAL HEALTH,Original u otra,15341,32.434,False,False,False,Conservar como predictor principal,Sensibilidad: salud mental próxima a variables objetivo,Temporalidad contemporánea y proximidad conceptual con los resultados
DSTEFF30,HOW OFT FELT EVERYTHING EFFORT PST 30 DYS,ADULT MENTAL HEALTH,Original u otra,45952,97.152,False,False,False,Conservar como predictor principal,Sensibilidad: salud mental próxima a variables objetivo,Temporalidad contemporánea y proximidad conceptual con los resultados
DSTHOP12,HOW OFTEN FELT HOPELESS IN WORST MONTH,ADULT MENTAL HEALTH,Original u otra,15360,32.474,False,False,False,Conservar como predictor principal,Sensibilidad: salud mental próxima a variables objetivo,Temporalidad contemporánea y proximidad conceptual con los resultados
DSTHOP30,HOW OFTEN FELT HOPELESS PAST 30 DAYS,ADULT MENTAL HEALTH,Original u otra,46053,97.366,False,False,False,Conservar como predictor principal,Sensibilidad: salud mental próxima a variables objetivo,Temporalidad contemporánea y proximidad conceptual con los resultados
DSTNGD12,HOW OFTEN FELT NO GOOD IN WORST MONTH,ADULT MENTAL HEALTH,Original u otra,15353,32.459,False,False,False,Conservar como predictor principal,Sensibilidad: salud mental próxima a variables objetivo,Temporalidad contemporánea y proximidad conceptual con los resultados
DSTNGD30,HOW OFT FELT DOWN/WTHLSS/NO GOOD PST 30 DYS,ADULT MENTAL HEALTH,Original u otra,46049,97.357,False,False,False,Conservar como predictor principal,Sensibilidad: salud mental próxima a variables objetivo,Temporalidad contemporánea y proximidad conceptual con los resultados
DSTNRV12,"HOW OFT FELT NERVOUS IN WORST MONTH, PST 12 MOS",ADULT MENTAL HEALTH,Original u otra,15357,32.468,False,False,False,Conservar como predictor principal,Sensibilidad: salud mental próxima a variables objetivo,Temporalidad contemporánea y proximidad conceptual con los resultados
DSTNRV30,HOW OFTEN FELT NERVOUS PAST 30 DAYS,ADULT MENTAL HEALTH,Original u otra,46072,97.406,False,False,False,Conservar como predictor principal,Sensibilidad: salud mental próxima a variables objetivo,Temporalidad contemporánea y proximidad conceptual con los resultados
DSTRST12,HOW OFTEN FELT RESTLESS IN WORST MONTH,ADULT MENTAL HEALTH,Original u otra,15352,32.457,False,False,False,Conservar como predictor principal,Sensibilidad: salud mental próxima a variables objetivo,Temporalidad contemporánea y proximidad conceptual con los resultados
DSTRST30,HOW OFTEN FELT RESTLESS/FIDGETY PST 30 DYS,ADULT MENTAL HEALTH,Original u otra,46053,97.366,False,False,False,Conservar como predictor principal,Sensibilidad: salud mental próxima a variables objetivo,Temporalidad contemporánea y proximidad conceptual con los resultados
DSTWORST,MON IN PST 12 MOS FELT WORSE THAN PST 30 DYS,ADULT MENTAL HEALTH,Original u otra,45974,97.199,False,False,False,Conservar como predictor principal,Sensibilidad: salud mental próxima a variables objetivo,Temporalidad contemporánea y proximidad conceptual con los resultados
IMPCONCN,DIFFICULTY CONCENTRATING ONE MO IN PST 12 MOS,ADULT MENTAL HEALTH,Original u otra,35694,75.465,False,False,False,Conservar como predictor principal,Sensibilidad: salud mental próxima a variables objetivo,Temporalidad contemporánea y proximidad conceptual con los resultados
IMPDYFRQ,HOW MANY DAYS IN WEEK DID YOU HAVE DIFFICULTIES,ADULT MENTAL HEALTH,Original u otra,26515,56.058,False,False,False,Conservar como predictor principal,Sensibilidad: salud mental próxima a variables objetivo,Temporalidad contemporánea y proximidad conceptual con los resultados
IMPGOUT,DIFFICULTY GOING OUT ONE MO IN PST 12 MO,ADULT MENTAL HEALTH,Original u otra,35699,75.475,False,False,False,Conservar como predictor principal,Sensibilidad: salud mental próxima a variables objetivo,Temporalidad contemporánea y proximidad conceptual con los resultados
IMPGOUTM,EMOTIONAL PROBLEMS KEEP YOU FROM LEAVING HOUSE,ADULT MENTAL HEALTH,Original u otra,1204,2.546,False,False,False,Conservar como predictor principal,Sensibilidad: salud mental próxima a variables objetivo,Temporalidad contemporánea y proximidad conceptual con los resultados
IMPHHLD,DIFFICULTY HOUSE RESPONS ONE MO IN PST 12 MO,ADULT MENTAL HEALTH,Original u otra,35713,75.505,False,False,False,Conservar como predictor principal,Sensibilidad: salud mental próxima a variables objetivo,Temporalidad contemporánea y proximidad conceptual con los resultados
IMPHHLDM,EMOTIONL PROBS MAKE KEEP YOU FRM TAKING CARE HOUS,ADULT MENTAL HEALTH,Original u otra,618,1.307,False,False,False,Conservar como predictor principal,Sensibilidad: salud mental próxima a variables objetivo,Temporalidad contemporánea y proximidad conceptual con los resultados
IMPPEOP,DIFFICULTY DEALING W STRANGERS ONE MO IN PST 12 M,ADULT MENTAL HEALTH,Original u otra,35706,75.49,False,False,False,Conservar como predictor principal,Sensibilidad: salud mental próxima a variables objetivo,Temporalidad contemporánea y proximidad conceptual con los resultados
IMPPEOPM,EMOTIONAL PROBLEMS KEEP YOU FROM DEALING W STRAGR,ADULT MENTAL HEALTH,Original u otra,1491,3.152,False,False,False,Conservar como predictor principal,Sensibilidad: salud mental próxima a variables objetivo,Temporalidad contemporánea y proximidad conceptual con los resultados
IMPREMEM,DIFFICULTY REMEMBERING ONE MO IN PST 12 MOS,ADULT MENTAL HEALTH,Original u otra,35690,75.456,False,False,False,Conservar como predictor principal,Sensibilidad: salud mental próxima a variables objetivo,Temporalidad contemporánea y proximidad conceptual con los resultados
IMPRESP,DIFFICULTY WORK RESPONS ONE MO IN PST 12 MO,ADULT MENTAL HEALTH,Original u otra,35696,75.469,False,False,False,Conservar como predictor principal,Sensibilidad: salud mental próxima a variables objetivo,Temporalidad contemporánea y proximidad conceptual con los resultados
IMPRESPM,DID EMOTIONAL PROBS KEEP YOU FROM WORK/SCHOOL,ADULT MENTAL HEALTH,Original u otra,2253,4.763,False,False,False,Conservar como predictor principal,Sensibilidad: salud mental próxima a variables objetivo,Temporalidad contemporánea y proximidad conceptual con los resultados
IMPSOC,DIFFICULTY PARTICIPATE IN SOCIAL ACT 1 MO /12 MO,ADULT MENTAL HEALTH,Original u otra,35699,75.475,False,False,False,Conservar como predictor principal,Sensibilidad: salud mental próxima a variables objetivo,Temporalidad contemporánea y proximidad conceptual con los resultados
IMPSOCM,EMOTIONAL PROBS KEEP YOU FROM PART IN SOCIAL,ADULT MENTAL HEALTH,Original u otra,2172,4.592,False,False,False,Conservar como predictor principal,Sensibilidad: salud mental próxima a variables objetivo,Temporalidad contemporánea y proximidad conceptual con los resultados
IMPWEEKS,NUM WEEKS HAVE DIFFICULTIES BECAUSE OF MENTL HLTH,ADULT MENTAL HEALTH,Original u otra,26596,56.23,False,False,False,Conservar como predictor principal,Sensibilidad: salud mental próxima a variables objetivo,Temporalidad contemporánea y proximidad conceptual con los resultados
IMPWORK,DIFFICULTY DOING DAILY WORK ONE MO IN PST 12 MO,ADULT MENTAL HEALTH,Original u otra,33433,70.684,False,False,False,Conservar como predictor principal,Sensibilidad: salud mental próxima a variables objetivo,Temporalidad contemporánea y proximidad conceptual con los resultados
IMPYDAYS,HOW MANY DAY IN PAST YR YOU WERE UNABLE TO WORK,ADULT MENTAL HEALTH,Original u otra,26898,56.868,False,False,False,Conservar como predictor principal,Sensibilidad: salud mental próxima a variables objetivo,Temporalidad contemporánea y proximidad conceptual con los resultados
KSSLR6MONED,K6 TOTAL SCORE IN PAST MONTH,ADULT MENTAL HEALTH,Original u otra,45821,96.875,False,False,False,Conservar como predictor principal,Sensibilidad: salud mental próxima a variables objetivo,Temporalidad contemporánea y proximidad conceptual con los resultados
KSSLR6YRED,K6 TOTAL SCORE IN PAST YEAR,ADULT MENTAL HEALTH,Original u otra,15308,32.364,False,False,False,Conservar como predictor principal,Sensibilidad: salud mental próxima a variables objetivo,Temporalidad contemporánea y proximidad conceptual con los resultados
WHODASDAED,ALTERNATIVE WHODAS SCORE,ADULT MENTAL HEALTH,Original u otra,45939,97.125,False,False,False,Conservar como predictor principal,Sensibilidad: salud mental próxima a variables objetivo,Temporalidad contemporánea y proximidad conceptual con los resultados
WHODASSCED,WHODAS TOTAL SCORE,ADULT MENTAL HEALTH,Original u otra,45939,97.125,False,False,False,Conservar como predictor principal,Sensibilidad: salud mental próxima a variables objetivo,Temporalidad contemporánea y proximidad conceptual con los resultados
IRAMDEIMP,ADULT: MDE WITH SEVERE ROLE IMPAIRMENT - IMP REV,IMPUTED ADULT DEPRESSION,Imputada,47299,100.0,False,False,False,Conservar como predictor principal,Sensibilidad: salud mental próxima a variables objetivo,Temporalidad contemporánea y proximidad conceptual con los resultados
IRAMDELT,ADULT: LIFETIME MAJOR DEPRESSIVE EPISODE (MDE) - IMP REV,IMPUTED ADULT DEPRESSION,Imputada,47299,100.0,False,False,False,Conservar como predictor principal,Sensibilidad: salud mental próxima a variables objetivo,Temporalidad contemporánea y proximidad conceptual con los resultados
IRAGADANNOY,EASILY ANNOYED OR IRRITABLE LAST 2 WKS - IMP REV,IMPUTED ADULT MENTAL HEALTH,Imputada,47299,100.0,False,False,False,Conservar como predictor principal,Sensibilidad: salud mental próxima a variables objetivo,Temporalidad contemporánea y proximidad conceptual con los resultados
IRAGADAWFUL,AFRAID SOMETHING AWFUL MIGHT HAPPEN LAST 2 WKS - IMP REV,IMPUTED ADULT MENTAL HEALTH,Imputada,47299,100.0,False,False,False,Conservar como predictor principal,Sensibilidad: salud mental próxima a variables objetivo,Temporalidad contemporánea y proximidad conceptual con los resultados
IRAGADNRVANX,"NERVOUS, ANXIOUS, OR ON EDGE LAST 2 WKS - IMP REV",IMPUTED ADULT MENTAL HEALTH,Imputada,47299,100.0,False,False,False,Conservar como predictor principal,Sensibilidad: salud mental próxima a variables objetivo,Temporalidad contemporánea y proximidad conceptual con los resultados
IRAGADNTSTOP,NOT ABLE TO STOP OR CONTROL WORRYING LAST 2 WKS - IMP REV,IMPUTED ADULT MENTAL HEALTH,Imputada,47299,100.0,False,False,False,Conservar como predictor principal,Sensibilidad: salud mental próxima a variables objetivo,Temporalidad contemporánea y proximidad conceptual con los resultados
IRAGADRSTLSS,HARD TO SIT STILL BECAUSE RESTLESS LAST 2 WKS - IMP REV,IMPUTED ADULT MENTAL HEALTH,Imputada,47299,100.0,False,False,False,Conservar como predictor principal,Sensibilidad: salud mental próxima a variables objetivo,Temporalidad contemporánea y proximidad conceptual con los resultados
IRAGADTRBRLX,HAD TROUBLE RELAXING LAST 2 WKS - IMP REV,IMPUTED ADULT MENTAL HEALTH,Imputada,47299,100.0,False,False,False,Conservar como predictor principal,Sensibilidad: salud mental próxima a variables objetivo,Temporalidad contemporánea y proximidad conceptual con los resultados
IRAGADWRYMCH,WORRIED TOO MUCH ABOUT DIFF THINGS LAST 2 WKS - IMP REV,IMPUTED ADULT MENTAL HEALTH,Imputada,47299,100.0,False,False,False,Conservar como predictor principal,Sensibilidad: salud mental próxima a variables objetivo,Temporalidad contemporánea y proximidad conceptual con los resultados
IRDSTCHR12,HOW OFTEN FELT COULDN'T BE CHEERED UP WRST MONTH - IMP REV,IMPUTED ADULT MENTAL HEALTH,Imputada,15813,33.432,False,False,False,Conservar como predictor principal,Sensibilidad: salud mental próxima a variables objetivo,Temporalidad contemporánea y proximidad conceptual con los resultados
IRDSTCHR30,HOW OFTEN FELT COULDN'T BE CHEERED UP PST 30 DYS - IMP REV,IMPUTED ADULT MENTAL HEALTH,Imputada,47299,100.0,False,False,False,Conservar como predictor principal,Sensibilidad: salud mental próxima a variables objetivo,Temporalidad contemporánea y proximidad conceptual con los resultados
IRDSTEFF12,HOW OFTEN FELT EVERYTHING EFFORT WRST MONTH - IMP REV,IMPUTED ADULT MENTAL HEALTH,Imputada,15813,33.432,False,False,False,Conservar como predictor principal,Sensibilidad: salud mental próxima a variables objetivo,Temporalidad contemporánea y proximidad conceptual con los resultados
IRDSTEFF30,HOW OFTEN FELT EVERYTHING EFFORT PAST 30 DAYS - IMP REV,IMPUTED ADULT MENTAL HEALTH,Imputada,47299,100.0,False,False,False,Conservar como predictor principal,Sensibilidad: salud mental próxima a variables objetivo,Temporalidad contemporánea y proximidad conceptual con los resultados
IRDSTHOP12,HOW OFTEN FELT HOPELESS WRST MONTH - IMP REV,IMPUTED ADULT MENTAL HEALTH,Imputada,15813,33.432,False,False,False,Conservar como predictor principal,Sensibilidad: salud mental próxima a variables objetivo,Temporalidad contemporánea y proximidad conceptual con los resultados
IRDSTHOP30,HOW OFTEN FELT HOPELESS PAST 30 DAYS - IMP REV,IMPUTED ADULT MENTAL HEALTH,Imputada,47299,100.0,False,False,False,Conservar como predictor principal,Sensibilidad: salud mental próxima a variables objetivo,Temporalidad contemporánea y proximidad conceptual con los resultados
IRDSTNGD12,HOW OFTEN FELT DOWN/WTHLSS/NO GOOD WRST MONTH - IMP REV,IMPUTED ADULT MENTAL HEALTH,Imputada,15813,33.432,False,False,False,Conservar como predictor principal,Sensibilidad: salud mental próxima a variables objetivo,Temporalidad contemporánea y proximidad conceptual con los resultados
IRDSTNGD30,HOW OFTEN FELT DOWN/WTHLSS/NO GOOD PAST 30 DAYS - IMP REV,IMPUTED ADULT MENTAL HEALTH,Imputada,47299,100.0,False,False,False,Conservar como predictor principal,Sensibilidad: salud mental próxima a variables objetivo,Temporalidad contemporánea y proximidad conceptual con los resultados
IRDSTNRV12,HOW OFTEN FELT NERVOUS WRST MONTH - IMP REV,IMPUTED ADULT MENTAL HEALTH,Imputada,15813,33.432,False,False,False,Conservar como predictor principal,Sensibilidad: salud mental próxima a variables objetivo,Temporalidad contemporánea y proximidad conceptual con los resultados
IRDSTNRV30,HOW OFTEN FELT NERVOUS PAST 30 DAYS - IMP REV,IMPUTED ADULT MENTAL HEALTH,Imputada,47299,100.0,False,False,False,Conservar como predictor principal,Sensibilidad: salud mental próxima a variables objetivo,Temporalidad contemporánea y proximidad conceptual con los resultados
IRDSTRST12,HOW OFTEN FELT RESTLESS/FIDGETY WRST MONTH - IMP REV,IMPUTED ADULT MENTAL HEALTH,Imputada,15813,33.432,False,False,False,Conservar como predictor principal,Sensibilidad: salud mental próxima a variables objetivo,Temporalidad contemporánea y proximidad conceptual con los resultados
IRDSTRST30,HOW OFTEN FELT RESTLESS/FIDGETY PAST 30 DAYS - IMP REV,IMPUTED ADULT MENTAL HEALTH,Imputada,47299,100.0,False,False,False,Conservar como predictor principal,Sensibilidad: salud mental próxima a variables objetivo,Temporalidad contemporánea y proximidad conceptual con los resultados
IRDSTWORST,MONTH IN PAST 12 MOS FELT WORSE THAN PAST 30 DAYS - IMP REV,IMPUTED ADULT MENTAL HEALTH,Imputada,47299,100.0,False,False,False,Conservar como predictor principal,Sensibilidad: salud mental próxima a variables objetivo,Temporalidad contemporánea y proximidad conceptual con los resultados
IRIMPCONCN,DIFFICULTY CONCENTRATING ONE MO IN PST 12 MOS - IMP REV,IMPUTED ADULT MENTAL HEALTH,Imputada,36841,77.89,False,False,False,Conservar como predictor principal,Sensibilidad: salud mental próxima a variables objetivo,Temporalidad contemporánea y proximidad conceptual con los resultados
IRIMPGOUT,DIFFICULTY GOING OUT ONE MO IN PST 12 MOS - IMP REV,IMPUTED ADULT MENTAL HEALTH,Imputada,36841,77.89,False,False,False,Conservar como predictor principal,Sensibilidad: salud mental próxima a variables objetivo,Temporalidad contemporánea y proximidad conceptual con los resultados
IRIMPGOUTM,EMOTIONAL PROBLEMS KEEP YOU FROM LEAVING HOUSE - IMP REV,IMPUTED ADULT MENTAL HEALTH,Imputada,1256,2.655,False,False,False,Conservar como predictor principal,Sensibilidad: salud mental próxima a variables objetivo,Temporalidad contemporánea y proximidad conceptual con los resultados
IRIMPHHLD,DIFFICULTY HHLD RESPONS ONE MO IN PST 12 MOS - IMP REV,IMPUTED ADULT MENTAL HEALTH,Imputada,36841,77.89,False,False,False,Conservar como predictor principal,Sensibilidad: salud mental próxima a variables objetivo,Temporalidad contemporánea y proximidad conceptual con los resultados
IRIMPHHLDM,EMOTIONAL PROBLEMS KEEP YOU FROM HHLD RESP - IMP REV,IMPUTED ADULT MENTAL HEALTH,Imputada,649,1.372,False,False,False,Conservar como predictor principal,Sensibilidad: salud mental próxima a variables objetivo,Temporalidad contemporánea y proximidad conceptual con los resultados
IRIMPPEOP,DIFFICULTY DEALING W STRNGERS ONE MO IN PST 12 MOS - IMP REV,IMPUTED ADULT MENTAL HEALTH,Imputada,36841,77.89,False,False,False,Conservar como predictor principal,Sensibilidad: salud mental próxima a variables objetivo,Temporalidad contemporánea y proximidad conceptual con los resultados
IRIMPPEOPM,EMOTIONAL PROBLEMS KEEP YOU FROM DEALING W STRNGRS - IMP REV,IMPUTED ADULT MENTAL HEALTH,Imputada,1559,3.296,False,False,False,Conservar como predictor principal,Sensibilidad: salud mental próxima a variables objetivo,Temporalidad contemporánea y proximidad conceptual con los resultados
IRIMPREMEM,DIFFICULTY REMEMBERING ONE MO IN PST 12 MOS - IMP REV,IMPUTED ADULT MENTAL HEALTH,Imputada,36841,77.89,False,False,False,Conservar como predictor principal,Sensibilidad: salud mental próxima a variables objetivo,Temporalidad contemporánea y proximidad conceptual con los resultados
IRIMPRESP,DIFFICULTY WORK RESPONS ONE MO IN PST 12 MOS - IMP REV,IMPUTED ADULT MENTAL HEALTH,Imputada,36841,77.89,False,False,False,Conservar como predictor principal,Sensibilidad: salud mental próxima a variables objetivo,Temporalidad contemporánea y proximidad conceptual con los resultados
IRIMPRESPM,EMOTIONAL PROBLEMS KEEP YOU FROM WORK OR SCHOOL - IMP REV,IMPUTED ADULT MENTAL HEALTH,Imputada,2360,4.99,False,False,False,Conservar como predictor principal,Sensibilidad: salud mental próxima a variables objetivo,Temporalidad contemporánea y proximidad conceptual con los resultados
IRIMPSOC,DIFFICULTY PART IN SOCIAL ACT ONE MO IN PST 12 MOS - IMP REV,IMPUTED ADULT MENTAL HEALTH,Imputada,36841,77.89,False,False,False,Conservar como predictor principal,Sensibilidad: salud mental próxima a variables objetivo,Temporalidad contemporánea y proximidad conceptual con los resultados
IRIMPSOCM,EMOTIONAL PROBLEMS KEEP YOU FROM SOCIAL ACT - IMP REV,IMPUTED ADULT MENTAL HEALTH,Imputada,2261,4.78,False,False,False,Conservar como predictor principal,Sensibilidad: salud mental próxima a variables objetivo,Temporalidad contemporánea y proximidad conceptual con los resultados
IRIMPWORK,DIFFICULTY DOING DAILY WORK ONE MO IN PST 12 MOS - IMP REV,IMPUTED ADULT MENTAL HEALTH,Imputada,34481,72.9,False,False,False,Conservar como predictor principal,Sensibilidad: salud mental próxima a variables objetivo,Temporalidad contemporánea y proximidad conceptual con los resultados
AALTMDE,RC-ADULT: SAW/TALK TO ALT SERV PROF ABT DEPRS FEELINGS IN PY,RECODED ADULT DEPRESSION,Recodificada,9282,19.624,False,False,False,Conservar como predictor principal,Sensibilidad: salud mental próxima a variables objetivo,Temporalidad contemporánea y proximidad conceptual con los resultados
ACOUNMDE,RC-ADULT: SAW/TALK TO COUNSELOR ABT DEPRESSVE FEELINGS IN PY,RECODED ADULT DEPRESSION,Recodificada,9282,19.624,False,False,False,Conservar como predictor principal,Sensibilidad: salud mental próxima a variables objetivo,Temporalidad contemporánea y proximidad conceptual con los resultados
ADOCMDE,RC-ADULT: SAW/TALK TO GEN PRAC/FAM MD ABT DEP FEELINGS IN PY,RECODED ADULT DEPRESSION,Recodificada,9282,19.624,False,False,False,Conservar como predictor principal,Sensibilidad: salud mental próxima a variables objetivo,Temporalidad contemporánea y proximidad conceptual con los resultados
AHBCHMDE,RC-ADULT: SAW/TALK TO ANOTHER HEALER ABT DEPR FEELINGS IN PY,RECODED ADULT DEPRESSION,Recodificada,9282,19.624,False,False,False,Conservar como predictor principal,Sensibilidad: salud mental próxima a variables objetivo,Temporalidad contemporánea y proximidad conceptual con los resultados
AHLTMDE,RC-ADULT: SAW/TALK TO HLTH PROF ABT DEPRESSVE FEELINGS IN PY,RECODED ADULT DEPRESSION,Recodificada,9282,19.624,False,False,False,Conservar como predictor principal,Sensibilidad: salud mental próxima a variables objetivo,Temporalidad contemporánea y proximidad conceptual con los resultados
AMDETXRX,RC-ADULT: RCVD TRT/CNSLG OR RX MED FOR DEPRESS FEELING IN PY,RECODED ADULT DEPRESSION,Recodificada,9293,19.647,False,False,False,Conservar como predictor principal,Sensibilidad: salud mental próxima a variables objetivo,Temporalidad contemporánea y proximidad conceptual con los resultados
ANURSMDE,RC-ADULT: SAW/TALK TO NURSE/OCC THERA ABT DEP FEELINGS IN PY,RECODED ADULT DEPRESSION,Recodificada,9282,19.624,False,False,False,Conservar como predictor principal,Sensibilidad: salud mental próxima a variables objetivo,Temporalidad contemporánea y proximidad conceptual con los resultados
AOMDMDE,RC-ADULT: SAW/TALK TO OTHER MD ABT DEPRESSIVE FEELINGS IN PY,RECODED ADULT DEPRESSION,Recodificada,9282,19.624,False,False,False,Conservar como predictor principal,Sensibilidad: salud mental próxima a variables objetivo,Temporalidad contemporánea y proximidad conceptual con los resultados
AOMHMDE,RC-ADULT: SAW/TALK TO OTH MENT HLTH PROF ABT DEP FEELINGS-PY,RECODED ADULT DEPRESSION,Recodificada,9282,19.624,False,False,False,Conservar como predictor principal,Sensibilidad: salud mental próxima a variables objetivo,Temporalidad contemporánea y proximidad conceptual con los resultados
APSY1MDE,RC-ADULT: SAW/TALK TO PSYCHOLOGIST ABT DEPRES FEELINGS IN PY,RECODED ADULT DEPRESSION,Recodificada,9282,19.624,False,False,False,Conservar como predictor principal,Sensibilidad: salud mental próxima a variables objetivo,Temporalidad contemporánea y proximidad conceptual con los resultados
APSY2MDE,RC-ADULT: SAW/TALK TO PSYCHIATRIST ABT DEPRES FEELINGS IN PY,RECODED ADULT DEPRESSION,Recodificada,9282,19.624,False,False,False,Conservar como predictor principal,Sensibilidad: salud mental próxima a variables objetivo,Temporalidad contemporánea y proximidad conceptual con los resultados
ARELMDE,RC-ADULT: SAW/TALK TO RELIG ADVISR ABT DEPRES FEELINGS IN PY,RECODED ADULT DEPRESSION,Recodificada,9282,19.624,False,False,False,Conservar como predictor principal,Sensibilidad: salud mental próxima a variables objetivo,Temporalidad contemporánea y proximidad conceptual con los resultados
ARXMDEYR,RC-ADULT: USED RX MEDICATION FOR DEPRESSIVE FEELINGS IN PY,RECODED ADULT DEPRESSION,Recodificada,9292,19.645,False,False,False,Conservar como predictor principal,Sensibilidad: salud mental próxima a variables objetivo,Temporalidad contemporánea y proximidad conceptual con los resultados
ASOCMDE,RC-ADULT: SAW/TALK TO SOCIAL WORKR ABT DEPRES FEELINGS IN PY,RECODED ADULT DEPRESSION,Recodificada,9282,19.624,False,False,False,Conservar como predictor principal,Sensibilidad: salud mental próxima a variables objetivo,Temporalidad contemporánea y proximidad conceptual con los resultados
ATXMDEYR,RC-ADULT: SAW/TALK TO MD/PROF ABT DEPRESSIVE FEELNGS IN PY,RECODED ADULT DEPRESSION,Recodificada,9292,19.645,False,False,False,Conservar como predictor principal,Sensibilidad: salud mental próxima a variables objetivo,Temporalidad contemporánea y proximidad conceptual con los resultados
AGADMODOSEV,RC-ADULT GAD-7 MODERATE OR SEVERE SYMPTOMS - PAST 2 WEEKS,RECODED ADULT MENTAL HEALTH,Recodificada,47299,100.0,False,False,False,Conservar como predictor principal,Sensibilidad: salud mental próxima a variables objetivo,Temporalidad contemporánea y proximidad conceptual con los resultados
AGADSEVSYMP,RC-ADULT GAD-7 SEVERITY OF SYMPTOMS - PAST 2 WEEKS,RECODED ADULT MENTAL HEALTH,Recodificada,47299,100.0,False,False,False,Conservar como predictor principal,Sensibilidad: salud mental próxima a variables objetivo,Temporalidad contemporánea y proximidad conceptual con los resultados
AGADTOTSC,RC-ADULT GAD-7 TOTAL SCORE - PAST 2 WEEKS,RECODED ADULT MENTAL HEALTH,Recodificada,47299,100.0,False,False,False,Conservar como predictor principal,Sensibilidad: salud mental próxima a variables objetivo,Temporalidad contemporánea y proximidad conceptual con los resultados
AKSSLR6WRST,RC-ALTERNATIVE WORST K6 TOTAL SCORE,RECODED ADULT MENTAL HEALTH,Recodificada,47299,100.0,False,False,False,Conservar como predictor principal,Sensibilidad: salud mental próxima a variables objetivo,Temporalidad contemporánea y proximidad conceptual con los resultados
KSSLR6MAX,RC-WORST K6 TOTAL SCORE IN PAST YEAR,RECODED ADULT MENTAL HEALTH,Recodificada,47299,100.0,False,False,False,Conservar como predictor principal,Sensibilidad: salud mental próxima a variables objetivo,Temporalidad contemporánea y proximidad conceptual con los resultados
KSSLR6MON,RC-K6 TOTAL SCORE IN PAST MONTH,RECODED ADULT MENTAL HEALTH,Recodificada,47299,100.0,False,False,False,Conservar como predictor principal,Sensibilidad: salud mental próxima a variables objetivo,Temporalidad contemporánea y proximidad conceptual con los resultados
KSSLR6YR,RC-K6 TOTAL SCORE IN PAST YEAR,RECODED ADULT MENTAL HEALTH,Recodificada,15813,33.432,False,False,False,Conservar como predictor principal,Sensibilidad: salud mental próxima a variables objetivo,Temporalidad contemporánea y proximidad conceptual con los resultados
SPDPSTMON,RC-PAST MONTH SERIOUS PSCYHOLOGICAL DISTRESS INDICATOR,RECODED ADULT MENTAL HEALTH,Recodificada,47299,100.0,False,False,False,Conservar como predictor principal,Sensibilidad: salud mental próxima a variables objetivo,Temporalidad contemporánea y proximidad conceptual con los resultados
SPDPSTYR,RC-PAST YEAR SERIOUS PSCYHOLOGICAL DISTRESS INDICATOR,RECODED ADULT MENTAL HEALTH,Recodificada,47299,100.0,False,False,False,Conservar como predictor principal,Sensibilidad: salud mental próxima a variables objetivo,Temporalidad contemporánea y proximidad conceptual con los resultados
WHODASDASC,RC-ALTERNATIVE WHODAS SCORE,RECODED ADULT MENTAL HEALTH,Recodificada,47299,100.0,False,False,False,Conservar como predictor principal,Sensibilidad: salud mental próxima a variables objetivo,Temporalidad contemporánea y proximidad conceptual con los resultados
WHODASTOTSC,RC-WHODAS TOTAL SCORE,RECODED ADULT MENTAL HEALTH,Recodificada,47299,100.0,False,False,False,Conservar como predictor principal,Sensibilidad: salud mental próxima a variables objetivo,Temporalidad contemporánea y proximidad conceptual con los resultados
