variable,etiqueta_codebook,modulo,tipo_version,n_informativos,pct_valores_informativos,es_tecnica,es_residual,es_sensibilidad,decision_funcional,decision_modulo,justificacion
ACTD2001,SEPTEMBER 2001 OR LATER,DEMOGRAPHICS,Original u otra,1773,3.748,False,False,False,Conservar como predictor principal,Conservar como predictor principal,"Dominio contextual, antecedente o versión analítica resumida"
ACTD7590,MAY 1975 TO JULY 1990,DEMOGRAPHICS,Original u otra,1771,3.744,False,False,False,Conservar como predictor principal,Conservar como predictor principal,"Dominio contextual, antecedente o versión analítica resumida"
ACTD9001,AUG 1990 TO AUG 2001 (INCLUDING PERSIAN GULF WAR),DEMOGRAPHICS,Original u otra,1773,3.748,False,False,False,Conservar como predictor principal,Conservar como predictor principal,"Dominio contextual, antecedente o versión analítica resumida"
ACTDEVER,EVER ON ACTIVE DUTY IN US MILITARY/RESERV,DEMOGRAPHICS,Original u otra,2354,4.977,False,False,False,Conservar como predictor principal,Conservar como predictor principal,"Dominio contextual, antecedente o versión analítica resumida"
ACTDPRIV,ANY TIME BEFORE VIETNAM ERA (MARCH 1961),DEMOGRAPHICS,Original u otra,1771,3.744,False,False,False,Conservar como predictor principal,Conservar como predictor principal,"Dominio contextual, antecedente o versión analítica resumida"
ACTDVIET,VIETNAM ERA (MARCH 1961 TO APRIL 1975),DEMOGRAPHICS,Original u otra,1773,3.748,False,False,False,Conservar como predictor principal,Conservar como predictor principal,"Dominio contextual, antecedente o versión analítica resumida"
AGE3,RECODE - FINAL EDITED AGE,DEMOGRAPHICS,Original u otra,47299,100.0,False,False,False,Conservar como predictor principal,Conservar como predictor principal,"Dominio contextual, antecedente o versión analítica resumida"
COMBATPY,EVER IN COMBAT ZONE ON ACTIVE DUTY,DEMOGRAPHICS,Original u otra,1771,3.744,False,False,False,Conservar como predictor principal,Conservar como predictor principal,"Dominio contextual, antecedente o versión analítica resumida"
HEALTH,OVERALL HEALTH,DEMOGRAPHICS,Original u otra,47274,99.947,False,False,False,Conservar como predictor principal,Conservar como predictor principal,"Dominio contextual, antecedente o versión analítica resumida"
LVLDIFCARE2,LEVEL OF DIFFICULTY WITH SELF-CARE,DEMOGRAPHICS,Original u otra,45724,96.67,False,False,False,Conservar como predictor principal,Conservar como predictor principal,"Dominio contextual, antecedente o versión analítica resumida"
LVLDIFCOMM2,LEVEL OF DIFFICULTY COMMUNICATING USING YOUR USUAL LANGUAGE,DEMOGRAPHICS,Original u otra,45722,96.666,False,False,False,Conservar como predictor principal,Conservar como predictor principal,"Dominio contextual, antecedente o versión analítica resumida"
LVLDIFHEAR2,LEVEL OF DIFFICULTY HEARING EVEN WITH HEARING AIDS,DEMOGRAPHICS,Original u otra,45674,96.564,False,False,False,Conservar como predictor principal,Conservar como predictor principal,"Dominio contextual, antecedente o versión analítica resumida"
LVLDIFMEM2,LEVEL OF DIFFICULTY REMEMBERING OR CONCENTRATING,DEMOGRAPHICS,Original u otra,45723,96.668,False,False,False,Conservar como predictor principal,Conservar como predictor principal,"Dominio contextual, antecedente o versión analítica resumida"
LVLDIFSEE2,LEVEL OF DIFFICULTY SEEING EVEN WITH GLASSES,DEMOGRAPHICS,Original u otra,45709,96.638,False,False,False,Conservar como predictor principal,Conservar como predictor principal,"Dominio contextual, antecedente o versión analítica resumida"
LVLDIFWALK2,LEVEL OF DIFFICULTY WALKING OR CLIMBING STEPS,DEMOGRAPHICS,Original u otra,45727,96.676,False,False,False,Conservar como predictor principal,Conservar como predictor principal,"Dominio contextual, antecedente o versión analítica resumida"
MILSTAT,CURRENT MILITARY STATUS,DEMOGRAPHICS,Original u otra,2350,4.968,False,False,False,Conservar como predictor principal,Conservar como predictor principal,"Dominio contextual, antecedente o versión analítica resumida"
MOVSINPYR2,# TIMES MOVED PAST 12 MONTHS- RECODED,DEMOGRAPHICS,Original u otra,45448,96.087,False,False,False,Conservar como predictor principal,Conservar como predictor principal,"Dominio contextual, antecedente o versión analítica resumida"
NOMARR2,NUMBER OF TIMES MARRIED,DEMOGRAPHICS,Original u otra,24851,52.54,False,False,False,Conservar como predictor principal,Conservar como predictor principal,"Dominio contextual, antecedente o versión analítica resumida"
SERVICE,EVER BEEN IN THE US ARMED FORCES,DEMOGRAPHICS,Original u otra,47274,99.947,False,False,False,Conservar como predictor principal,Conservar como predictor principal,"Dominio contextual, antecedente o versión analítica resumida"
SPEAKENGL,HOW WELL SPEAK ENGLISH,DEMOGRAPHICS,Original u otra,45770,96.767,False,False,False,Conservar como predictor principal,Conservar como predictor principal,"Dominio contextual, antecedente o versión analítica resumida"
EDUFULPAR,FULL OR PART TIME,EDUCATION,Original u otra,6772,14.317,False,False,False,Conservar como predictor principal,Conservar como predictor principal,"Dominio contextual, antecedente o versión analítica resumida"
EDUSCHGRD2,WHAT GRADE IN NOW/WILL BE IN,EDUCATION,Original u otra,6512,13.768,False,False,False,Conservar como predictor principal,Conservar como predictor principal,"Dominio contextual, antecedente o versión analítica resumida"
EDUSCHLGO,NOW GOING TO SCHOOL,EDUCATION,Original u otra,45378,95.939,False,False,False,Conservar como predictor principal,Conservar como predictor principal,"Dominio contextual, antecedente o versión analítica resumida"
EDUSCKCOM,RC - HOW MANY DAYS MISSED SCHOOL FROM SICK (COMBINED),EDUCATION,Original u otra,4682,9.899,False,False,False,Conservar como predictor principal,Conservar como predictor principal,"Dominio contextual, antecedente o versión analítica resumida"
EDUSCKEST,BEST ESTIMATE # DAYS MISSED BECAUSE SICK OR INURED,EDUCATION,Original u otra,38,0.08,False,False,False,Conservar como predictor principal,Conservar como predictor principal,"Dominio contextual, antecedente o versión analítica resumida"
EDUSCKMON,HOW MANY DAYS MISSED SCHOOL FROM SICK,EDUCATION,Original u otra,4644,9.818,False,False,False,Conservar como predictor principal,Conservar como predictor principal,"Dominio contextual, antecedente o versión analítica resumida"
EDUSKPCOM,RC - HOW MANY DAYS MISSED SCHOOL FROM SKIPPING (COMBINED),EDUCATION,Original u otra,4187,8.852,False,False,False,Conservar como predictor principal,Conservar como predictor principal,"Dominio contextual, antecedente o versión analítica resumida"
EDUSKPEST,BEST ESTIMATE # DAYS MISSED BECAUSE SKIPPED OR CUT,EDUCATION,Original u otra,29,0.061,False,False,False,Conservar como predictor principal,Conservar como predictor principal,"Dominio contextual, antecedente o versión analítica resumida"
EDUSKPMON,HOW MANY DAYS MISSED SCHOOL FROM SKIPPING,EDUCATION,Original u otra,4158,8.791,False,False,False,Conservar como predictor principal,Conservar como predictor principal,"Dominio contextual, antecedente o versión analítica resumida"
MILTCHLDR,SON OR DAUGHTER IN MILITARY,EDUCATION,Original u otra,2867,6.061,False,False,False,Conservar como predictor principal,Conservar como predictor principal,"Dominio contextual, antecedente o versión analítica resumida"
MILTFAMLY,ANY IMMEDIATE FAMILY CURRENTLY IN US MILITARY,EDUCATION,Original u otra,45358,95.896,False,False,False,Conservar como predictor principal,Conservar como predictor principal,"Dominio contextual, antecedente o versión analítica resumida"
MILTPARNT,FATHER OR MOTHER IN MILITARY,EDUCATION,Original u otra,2875,6.078,False,False,False,Conservar como predictor principal,Conservar como predictor principal,"Dominio contextual, antecedente o versión analítica resumida"
MILTSIBLN,SISTER OR BROTHER IN MILITARY,EDUCATION,Original u otra,2885,6.099,False,False,False,Conservar como predictor principal,Conservar como predictor principal,"Dominio contextual, antecedente o versión analítica resumida"
MILTSPPAR,SPOUSE OR PARTNER IN MILITARY,EDUCATION,Original u otra,2885,6.099,False,False,False,Conservar como predictor principal,Conservar como predictor principal,"Dominio contextual, antecedente o versión analítica resumida"
WRK35WKUS,USUALLY WORK 35 OR MORE HRS PER WEEK,EMPLOYMENT,Original u otra,29006,61.325,False,False,False,Conservar como predictor principal,Conservar como predictor principal,"Dominio contextual, antecedente o versión analítica resumida"
WRKDHRSWK2,HOW MANY HOURS WORKED LAST WEEK,EMPLOYMENT,Original u otra,26318,55.642,False,False,False,Conservar como predictor principal,Conservar como predictor principal,"Dominio contextual, antecedente o versión analítica resumida"
WRKDPSTWK,WORK AT JOB LAST WEEK,EMPLOYMENT,Original u otra,45421,96.03,False,False,False,Conservar como predictor principal,Conservar como predictor principal,"Dominio contextual, antecedente o versión analítica resumida"
WRKDPSTYR,"PAST 12 MOS, WORKED AT ANY JOB",EMPLOYMENT,Original u otra,16387,34.646,False,False,False,Conservar como predictor principal,Conservar como predictor principal,"Dominio contextual, antecedente o versión analítica resumida"
WRKEFFORT,"PAST 30 DAYS, MAKE EFFORT TO FIND WORK",EMPLOYMENT,Original u otra,3229,6.827,False,False,False,Conservar como predictor principal,Conservar como predictor principal,"Dominio contextual, antecedente o versión analítica resumida"
WRKHADJOB,DID YOU HAVE A JOB OR BUSINESS,EMPLOYMENT,Original u otra,18870,39.895,False,False,False,Conservar como predictor principal,Conservar como predictor principal,"Dominio contextual, antecedente o versión analítica resumida"
WRKLASTYR2,WHAT YEAR LAST WORKED,EMPLOYMENT,Original u otra,15631,33.047,False,False,False,Conservar como predictor principal,Conservar como predictor principal,"Dominio contextual, antecedente o versión analítica resumida"
WRKNJBPYR,"PAST 12 MOS, TIME WITH NO JOB",EMPLOYMENT,Original u otra,28974,61.257,False,False,False,Conservar como predictor principal,Conservar como predictor principal,"Dominio contextual, antecedente o versión analítica resumida"
WRKNJBWKS,HOW MANY WKS W/O JOB IN PAST 12 MOS,EMPLOYMENT,Original u otra,4156,8.787,False,False,False,Conservar como predictor principal,Conservar como predictor principal,"Dominio contextual, antecedente o versión analítica resumida"
WRKNUMJOB2,"PAST 12 MOS, HOW MANY EMPLOYERS",EMPLOYMENT,Original u otra,33232,70.259,False,False,False,Conservar como predictor principal,Conservar como predictor principal,"Dominio contextual, antecedente o versión analítica resumida"
WRKRSNJOB,REASON FOR NOT HAVING A JOB - PAST WK,EMPLOYMENT,Original u otra,16138,34.119,False,False,False,Conservar como predictor principal,Conservar como predictor principal,"Dominio contextual, antecedente o versión analítica resumida"
WRKRSNNOT,REASON FOR NOT WORKING AT JOB - PAST WK,EMPLOYMENT,Original u otra,2543,5.376,False,False,False,Conservar como predictor principal,Conservar como predictor principal,"Dominio contextual, antecedente o versión analítica resumida"
WRKSELFEM,"PAST 12 MOS, SELF EMPLOYED",EMPLOYMENT,Original u otra,33163,70.114,False,False,False,Conservar como predictor principal,Conservar como predictor principal,"Dominio contextual, antecedente o versión analítica resumida"
WRKSICKMO,# DAYS MISSED WORK FOR INJURY/ILLNESS PAST 30 DAYS,EMPLOYMENT,Original u otra,28740,60.762,False,False,False,Conservar como predictor principal,Conservar como predictor principal,"Dominio contextual, antecedente o versión analítica resumida"
WRKSKIPMO,# DAYS SKIPPED WORK PAST 30 DAYS,EMPLOYMENT,Original u otra,28753,60.79,False,False,False,Conservar como predictor principal,Conservar como predictor principal,"Dominio contextual, antecedente o versión analítica resumida"
WRKSTATWK2,WORK SITUATION IN PAST WEEK - RECODE,EMPLOYMENT,Original u otra,45428,96.044,False,False,False,Conservar como predictor principal,Conservar como predictor principal,"Dominio contextual, antecedente o versión analítica resumida"
ASTHMAAGE,AGE ASTHMA 1ST DIAGNOSED,HEALTH,Original u otra,5309,11.224,False,False,False,Conservar como predictor principal,Conservar como predictor principal,"Dominio contextual, antecedente o versión analítica resumida"
ASTHMAEVR2,EVER TOLD HAD ASTHMA,HEALTH,Original u otra,45963,97.175,False,False,False,Conservar como predictor principal,Conservar como predictor principal,"Dominio contextual, antecedente o versión analítica resumida"
ASTHMANOW,STILL HAVE ASTHMA,HEALTH,Original u otra,5426,11.472,False,False,False,Conservar como predictor principal,Conservar como predictor principal,"Dominio contextual, antecedente o versión analítica resumida"
CABLADDER,TYPE OF CANCER: BLADDER,HEALTH,Original u otra,1950,4.123,False,False,False,Conservar como predictor principal,Conservar como predictor principal,"Dominio contextual, antecedente o versión analítica resumida"
CABLOLEULYM,TYPE OF CANCER: BLOOD/LEUKEMIA/LYMPHOMA,HEALTH,Original u otra,1950,4.123,False,False,False,Conservar como predictor principal,Conservar como predictor principal,"Dominio contextual, antecedente o versión analítica resumida"
CABREAST,TYPE OF CANCER: BREAST,HEALTH,Original u otra,1950,4.123,False,False,False,Conservar como predictor principal,Conservar como predictor principal,"Dominio contextual, antecedente o versión analítica resumida"
CACERVIX,TYPE OF CANCER: CERVIX (FEMALES ONLY),HEALTH,Original u otra,1145,2.421,False,False,False,Conservar como predictor principal,Conservar como predictor principal,"Dominio contextual, antecedente o versión analítica resumida"
CACOLNRECT,TYPE OF CANCER: COLON/RECTUM,HEALTH,Original u otra,1950,4.123,False,False,False,Conservar como predictor principal,Conservar como predictor principal,"Dominio contextual, antecedente o versión analítica resumida"
CAESOPSTOM,TYPE OF CANCER: ESOPHAGUS/STOMACH,HEALTH,Original u otra,1950,4.123,False,False,False,Conservar como predictor principal,Conservar como predictor principal,"Dominio contextual, antecedente o versión analítica resumida"
CAGALLIVPAN,TYPE OF CANCER: GALLBLADDER/LIVER/PANCREAS,HEALTH,Original u otra,1950,4.123,False,False,False,Conservar como predictor principal,Conservar como predictor principal,"Dominio contextual, antecedente o versión analítica resumida"
CAKIDNEY,TYPE OF CANCER: KIDNEY,HEALTH,Original u otra,1950,4.123,False,False,False,Conservar como predictor principal,Conservar como predictor principal,"Dominio contextual, antecedente o versión analítica resumida"
CALARYLUNG,TYPE OF CANCER: LARYNX/WINDPIPE/LUNG,HEALTH,Original u otra,1950,4.123,False,False,False,Conservar como predictor principal,Conservar como predictor principal,"Dominio contextual, antecedente o versión analítica resumida"
CAMELANOM,TYPE OF CANCER: MELANOMA,HEALTH,Original u otra,1950,4.123,False,False,False,Conservar como predictor principal,Conservar como predictor principal,"Dominio contextual, antecedente o versión analítica resumida"
CAMOUTTHRO,TYPE OF CANCER: MOUTH/TONGUE/LIP/THROAT/PHARYNX,HEALTH,Original u otra,1950,4.123,False,False,False,Conservar como predictor principal,Conservar como predictor principal,"Dominio contextual, antecedente o versión analítica resumida"
CANCEREVR2,EVER TOLD HAD CANCER,HEALTH,Original u otra,45963,97.175,False,False,False,Conservar como predictor principal,Conservar como predictor principal,"Dominio contextual, antecedente o versión analítica resumida"
CANCERYR,HAD ANY CANCER PAST 12 MONTHS,HEALTH,Original u otra,1838,3.886,False,False,False,Conservar como predictor principal,Conservar como predictor principal,"Dominio contextual, antecedente o versión analítica resumida"
CAOTHER2,TYPE OF CANCER: OTHER,HEALTH,Original u otra,1950,4.123,False,False,False,Conservar como predictor principal,Conservar como predictor principal,"Dominio contextual, antecedente o versión analítica resumida"
CAOVARY,TYPE OF CANCER: OVARY (FEMALES ONLY),HEALTH,Original u otra,1145,2.421,False,False,False,Conservar como predictor principal,Conservar como predictor principal,"Dominio contextual, antecedente o versión analítica resumida"
CAPROSTEST,TYPE OF CANCER: PROSTATE/TESTIS (MALES ONLY),HEALTH,Original u otra,805,1.702,False,False,False,Conservar como predictor principal,Conservar como predictor principal,"Dominio contextual, antecedente o versión analítica resumida"
CASKINDK,TYPE OF CANCER: SKIN DON'T KNOW WHICH KIND,HEALTH,Original u otra,1950,4.123,False,False,False,Conservar como predictor principal,Conservar como predictor principal,"Dominio contextual, antecedente o versión analítica resumida"
CASKINOTH,TYPE OF CANCER: SKIN (NOT MELANOMA),HEALTH,Original u otra,1950,4.123,False,False,False,Conservar como predictor principal,Conservar como predictor principal,"Dominio contextual, antecedente o versión analítica resumida"
CATHYROID,TYPE OF CANCER: THYROID,HEALTH,Original u otra,1950,4.123,False,False,False,Conservar como predictor principal,Conservar como predictor principal,"Dominio contextual, antecedente o versión analítica resumida"
CAUTERUS,TYPE OF CANCER: UTERUS (FEMALES ONLY),HEALTH,Original u otra,1145,2.421,False,False,False,Conservar como predictor principal,Conservar como predictor principal,"Dominio contextual, antecedente o versión analítica resumida"
CIRROSAGE,AGE CIRRHOSIS 1ST DIAGNOSED,HEALTH,Original u otra,115,0.243,False,False,False,Conservar como predictor principal,Conservar como predictor principal,"Dominio contextual, antecedente o versión analítica resumida"
CIRROSEVR2,EVER TOLD HAD CIRRHOSIS OF THE LIVER,HEALTH,Original u otra,45963,97.175,False,False,False,Conservar como predictor principal,Conservar como predictor principal,"Dominio contextual, antecedente o versión analítica resumida"
COPDAGE,AGE COPD 1ST DIAGNOSED,HEALTH,Original u otra,1111,2.349,False,False,False,Conservar como predictor principal,Conservar como predictor principal,"Dominio contextual, antecedente o versión analítica resumida"
COPDEVER2,EVER TOLD HAD CHRONIC BRONCHITIS OR COPD,HEALTH,Original u otra,45963,97.175,False,False,False,Conservar como predictor principal,Conservar como predictor principal,"Dominio contextual, antecedente o versión analítica resumida"
DIABETEAG,AGE DIABETES 1ST DIAGNOSED,HEALTH,Original u otra,3660,7.738,False,False,False,Conservar como predictor principal,Conservar como predictor principal,"Dominio contextual, antecedente o versión analítica resumida"
DIABETEVR2,EVER TOLD HAD DIABETES/SUGAR DIABETES,HEALTH,Original u otra,45963,97.175,False,False,False,Conservar como predictor principal,Conservar como predictor principal,"Dominio contextual, antecedente o versión analítica resumida"
HEPBCAGE,AGE HEPATITIS 1ST DIAGNOSED,HEALTH,Original u otra,449,0.949,False,False,False,Conservar como predictor principal,Conservar como predictor principal,"Dominio contextual, antecedente o versión analítica resumida"
HEPBCEVER2,EVER TOLD HAD HEPATITIS B OR C,HEALTH,Original u otra,45963,97.175,False,False,False,Conservar como predictor principal,Conservar como predictor principal,"Dominio contextual, antecedente o versión analítica resumida"
HIGHBPAGE,AGE WHEN HIGH BLOOD PRESSURE 1ST DIAGNOSED,HEALTH,Original u otra,4925,10.412,False,False,False,Conservar como predictor principal,Conservar como predictor principal,"Dominio contextual, antecedente o versión analítica resumida"
HIGHBPEVR2,EVER TOLD HAD HIGH BLOOD PRESSURE,HEALTH,Original u otra,45963,97.175,False,False,False,Conservar como predictor principal,Conservar como predictor principal,"Dominio contextual, antecedente o versión analítica resumida"
HIGHBPMED,TAKING MEDS FOR HIGH BLOOD PRESSURE,HEALTH,Original u otra,6502,13.747,False,False,False,Conservar como predictor principal,Conservar como predictor principal,"Dominio contextual, antecedente o versión analítica resumida"
HIVAIDSAG,AGE 1ST FOUND OUT HAD HIV/AIDS,HEALTH,Original u otra,113,0.239,False,False,False,Conservar como predictor principal,Conservar como predictor principal,"Dominio contextual, antecedente o versión analítica resumida"
HIVAIDSEV2,EVER TOLD HAD HIV OR AIDS,HEALTH,Original u otra,45963,97.175,False,False,False,Conservar como predictor principal,Conservar como predictor principal,"Dominio contextual, antecedente o versión analítica resumida"
HPALCAMT2,DOCTOR ASKED HOW MUCH YOU DRINK,HEALTH,Original u otra,40085,84.748,False,False,False,Conservar como predictor principal,Conservar como predictor principal,"Dominio contextual, antecedente o versión analítica resumida"
HPALCCUT2,DOCTOR ADVISED YOU TO CUT DOWN ON DRINKING,HEALTH,Original u otra,40085,84.748,False,False,False,Conservar como predictor principal,Conservar como predictor principal,"Dominio contextual, antecedente o versión analítica resumida"
HPALCFRQ2,DOCTOR ASKED HOW OFTEN YOU DRINK,HEALTH,Original u otra,40085,84.748,False,False,False,Conservar como predictor principal,Conservar como predictor principal,"Dominio contextual, antecedente o versión analítica resumida"
HPALCNOT2,DOCTOR DIDNT DISCUSS MY ALCOHOL USE WITH ME,HEALTH,Original u otra,40085,84.748,False,False,False,Conservar como predictor principal,Conservar como predictor principal,"Dominio contextual, antecedente o versión analítica resumida"
HPALCPRB2,DOCTOR ASKED IF ANY DRINKING PROBS,HEALTH,Original u otra,40085,84.748,False,False,False,Conservar como predictor principal,Conservar como predictor principal,"Dominio contextual, antecedente o versión analítica resumida"
HPALCTX2,DOCTOR OFFERED INFO ABOUT ALCOHOL TREATMT,HEALTH,Original u otra,40085,84.748,False,False,False,Conservar como predictor principal,Conservar como predictor principal,"Dominio contextual, antecedente o versión analítica resumida"
HPDRGTALK,HEALTH PROF DISCUSSED MY DRUG USE WITH ME,HEALTH,Original u otra,43822,92.649,False,False,False,Conservar como predictor principal,Conservar como predictor principal,"Dominio contextual, antecedente o versión analítica resumida"
HPQTTOB,HEALTH PROF ADVISED YOU TO QUIT TOBACCO USE,HEALTH,Original u otra,44098,93.232,False,False,False,Conservar como predictor principal,Conservar como predictor principal,"Dominio contextual, antecedente o versión analítica resumida"
HPUSEALC,HEALTH PROF ASKED PST 12 MOS: ALCOHOL USE,HEALTH,Original u otra,36213,76.562,False,False,False,Conservar como predictor principal,Conservar como predictor principal,"Dominio contextual, antecedente o versión analítica resumida"
HPUSEDRG,HEALTH PROF ASKED PST 12 MOS: DRUG USE,HEALTH,Original u otra,36175,76.482,False,False,False,Conservar como predictor principal,Conservar como predictor principal,"Dominio contextual, antecedente o versión analítica resumida"
HPUSETOB,HEALTH PROF ASKED PST 12 MOS: TOBACCO USE,HEALTH,Original u otra,36208,76.551,False,False,False,Conservar como predictor principal,Conservar como predictor principal,"Dominio contextual, antecedente o versión analítica resumida"
HRTCONDAG,AGE HEART CONDITION 1ST DIAGNOSED,HEALTH,Original u otra,3509,7.419,False,False,False,Conservar como predictor principal,Conservar como predictor principal,"Dominio contextual, antecedente o versión analítica resumida"
HRTCONDEV2,EVER TOLD HAD HEART CONDITION,HEALTH,Original u otra,45963,97.175,False,False,False,Conservar como predictor principal,Conservar como predictor principal,"Dominio contextual, antecedente o versión analítica resumida"
HRTCONDYR,HAD HEART CONDITION PAST 12 MONTHS,HEALTH,Original u otra,3393,7.174,False,False,False,Conservar como predictor principal,Conservar como predictor principal,"Dominio contextual, antecedente o versión analítica resumida"
HTANSWER,PREFERRED WAY TO REPORT HEIGHT,HEALTH,Original u otra,45907,97.057,False,False,False,Conservar como predictor principal,Conservar como predictor principal,"Dominio contextual, antecedente o versión analítica resumida"
HTINCHE2,HEIGHT IN INCHES WITHOUT SHOES - RECODE,HEALTH,Original u otra,45450,96.091,False,False,False,Conservar como predictor principal,Conservar como predictor principal,"Dominio contextual, antecedente o versión analítica resumida"
INHOSPYR,STAYED OVERNIGHT AS INPNT IN HOSP PAST 12 MOS,HEALTH,Original u otra,46311,97.911,False,False,False,Conservar como predictor principal,Conservar como predictor principal,"Dominio contextual, antecedente o versión analítica resumida"
KIDNYDSAG,AGE KIDNEY DISEASE 1ST DIAGNOSED,HEALTH,Original u otra,815,1.723,False,False,False,Conservar como predictor principal,Conservar como predictor principal,"Dominio contextual, antecedente o versión analítica resumida"
KIDNYDSEV2,EVER TOLD HAD KIDNEY DISEASE,HEALTH,Original u otra,45963,97.175,False,False,False,Conservar como predictor principal,Conservar como predictor principal,"Dominio contextual, antecedente o versión analítica resumida"
NMERTMT2,# OF TIMES BEEN TREATED IN EMER ROOM PAST 12 MOS,HEALTH,Original u otra,45877,96.994,False,False,False,Conservar como predictor principal,Conservar como predictor principal,"Dominio contextual, antecedente o versión analítica resumida"
NMNGTHS2,# NIGHTS STAYED IN HOSPITAL OVERNIGHT OR LONGER,HEALTH,Original u otra,3394,7.176,False,False,False,Conservar como predictor principal,Conservar como predictor principal,"Dominio contextual, antecedente o versión analítica resumida"
NMVSOEST,# TIMES VISITED DR ABOUT OWN HEALTH PST YR,HEALTH,Original u otra,507,1.072,False,False,False,Conservar como predictor principal,Conservar como predictor principal,"Dominio contextual, antecedente o versión analítica resumida"
NMVSOPT2,# OUTPATIENT VISITS PAST 12 MOS - RECODE,HEALTH,Original u otra,45691,96.6,False,False,False,Conservar como predictor principal,Conservar como predictor principal,"Dominio contextual, antecedente o versión analítica resumida"
NONABOVEV2,NEVER HAD ANY OF THESE CONDITIONS,HEALTH,Original u otra,45963,97.175,False,False,False,Conservar como predictor principal,Conservar como predictor principal,"Dominio contextual, antecedente o versión analítica resumida"
PREGSTAT,CURRENTLY PREGNANT (FEMALES AGED 12-50),HEALTH,Original u otra,19839,41.944,False,False,False,Conservar como predictor principal,Conservar como predictor principal,"Dominio contextual, antecedente o versión analítica resumida"
TELEAPTYR,TALK TO DOC ABOUT HEALTH OVER PHONE/EMAIL/VIDEO PST 12 MOS,HEALTH,Original u otra,46272,97.829,False,False,False,Conservar como predictor principal,Conservar como predictor principal,"Dominio contextual, antecedente o versión analítica resumida"
WTANSWER,PREFERRED WAY TO REPORT WEIGHT,HEALTH,Original u otra,45814,96.86,False,False,False,Conservar como predictor principal,Conservar como predictor principal,"Dominio contextual, antecedente o versión analítica resumida"
WTPOUND2,WEIGHT IN POUNDS - RECODE,HEALTH,Original u otra,45427,96.042,False,False,False,Conservar como predictor principal,Conservar como predictor principal,"Dominio contextual, antecedente o versión analítica resumida"
CAIDCHIP,COVERED BY MEDICAID/CHIP,HEALTH INSURANCE,Original u otra,45287,95.746,False,False,False,Conservar como predictor principal,Conservar como predictor principal,"Dominio contextual, antecedente o versión analítica resumida"
CHAMPUS,"COV BY TRICARE, CHAMPUS, CHAMPVA, VA, MILITARY",HEALTH INSURANCE,Original u otra,45535,96.271,False,False,False,Conservar como predictor principal,Conservar como predictor principal,"Dominio contextual, antecedente o versión analítica resumida"
GRPHLTIN,PRIVATE PLAN OFFERED THROUGH EMPLOYER OR UNION,HEALTH INSURANCE,Original u otra,26714,56.479,False,False,False,Conservar como predictor principal,Conservar como predictor principal,"Dominio contextual, antecedente o versión analítica resumida"
HLCLAST,TIME SINCE LAST HAD HEALTH CARE COVERAGE,HEALTH INSURANCE,Original u otra,4849,10.252,False,False,False,Conservar como predictor principal,Conservar como predictor principal,"Dominio contextual, antecedente o versión analítica resumida"
HLCNOTMO,"PAST 12 MOS, HOW MANY MOS W/O COVERAGE",HEALTH INSURANCE,Original u otra,2498,5.281,False,False,False,Conservar como predictor principal,Conservar como predictor principal,"Dominio contextual, antecedente o versión analítica resumida"
HLCNOTYR,ANYTIME DID NOT HAVE HEALTH INS/COVER PAST 12 MOS,HEALTH INSURANCE,Original u otra,40211,85.014,False,False,False,Conservar como predictor principal,Conservar como predictor principal,"Dominio contextual, antecedente o versión analítica resumida"
HLLOSRSN,MAIN REASON STOPPED COVERED BY HEALTH INSURANCE,HEALTH INSURANCE,Original u otra,3693,7.808,False,False,False,Conservar como predictor principal,Conservar como predictor principal,"Dominio contextual, antecedente o versión analítica resumida"
HLNVCOST,NEVER HAD HEALTH INSURANCE BECAUSE COST TOO HIGH,HEALTH INSURANCE,Original u otra,1093,2.311,False,False,False,Conservar como predictor principal,Conservar como predictor principal,"Dominio contextual, antecedente o versión analítica resumida"
HLNVNEED,NEVER HAD HEALTH INSURANCE BECAUSE DON'T NEED IT,HEALTH INSURANCE,Original u otra,1093,2.311,False,False,False,Conservar como predictor principal,Conservar como predictor principal,"Dominio contextual, antecedente o versión analítica resumida"
HLNVOFFR,NEVER HAD HEALTH INSURANCE BECAUSE EMPLOYER DOESN'T OFFER,HEALTH INSURANCE,Original u otra,1093,2.311,False,False,False,Conservar como predictor principal,Conservar como predictor principal,"Dominio contextual, antecedente o versión analítica resumida"
HLNVREF,NEVER HAD HEALTH INSURANCE BC INS COMPANY REFUSED COVERAGE,HEALTH INSURANCE,Original u otra,1093,2.311,False,False,False,Conservar como predictor principal,Conservar como predictor principal,"Dominio contextual, antecedente o versión analítica resumida"
HLNVSOR,NEVER HAD HEALTH INSURANCE BECAUSE OF SOME OTHER REASON,HEALTH INSURANCE,Original u otra,1093,2.311,False,False,False,Conservar como predictor principal,Conservar como predictor principal,"Dominio contextual, antecedente o versión analítica resumida"
HLTINALC,PRIVATE INSURANCE COVERS TRMT FOR ALCOHOL ABUSE/ALCOHOLISM,HEALTH INSURANCE,Original u otra,20451,43.238,False,False,False,Conservar como predictor principal,Conservar como predictor principal,"Dominio contextual, antecedente o versión analítica resumida"
HLTINDRG,PRIVATE INSURANCE COVERS TRMT FOR DRUG ABUSE,HEALTH INSURANCE,Original u otra,20516,43.375,False,False,False,Conservar como predictor principal,Conservar como predictor principal,"Dominio contextual, antecedente o versión analítica resumida"
HLTINMNT,PRIVATE INSURANCE COVERS TRMT FOR MENTAL/EMOTIONAL PROBLEMS,HEALTH INSURANCE,Original u otra,23819,50.358,False,False,False,Conservar como predictor principal,Conservar como predictor principal,"Dominio contextual, antecedente o versión analítica resumida"
HLTINNOS,COVERED BY HEALTH INSUR (NOT OTHERWISE SPECIFIED),HEALTH INSURANCE,Original u otra,6101,12.899,False,False,False,Conservar como predictor principal,Conservar como predictor principal,"Dominio contextual, antecedente o versión analítica resumida"
MEDICARE,COVERED BY MEDICARE,HEALTH INSURANCE,Original u otra,45473,96.139,False,False,False,Conservar como predictor principal,Conservar como predictor principal,"Dominio contextual, antecedente o versión analítica resumida"
PRVHLTIN,COVERED BY PRIVATE INSURANCE,HEALTH INSURANCE,Original u otra,45337,95.852,False,False,False,Conservar como predictor principal,Conservar como predictor principal,"Dominio contextual, antecedente o versión analítica resumida"
EDFAM18,RC-EDITED INDICATOR: FAMILY IN HH 18 OR OLDER,HOUSEHOLD COMPOSITION (ROSTER),Original u otra,45742,96.708,False,False,False,Conservar como predictor principal,Conservar como predictor principal,"Dominio contextual, antecedente o versión analítica resumida"
NRCH17_2,RECODED # R's CHILDREN < 18 IN HOUSEHOLD,HOUSEHOLD COMPOSITION (ROSTER),Original u otra,45600,96.408,False,False,False,Conservar como predictor principal,Conservar como predictor principal,"Dominio contextual, antecedente o versión analítica resumida"
IREDUHIGHST2,EDUCATION - RECODED IMPUTATION REVISED,IMPUTED DEMOGRAPHICS,Imputada,47299,100.0,False,False,False,Conservar como predictor principal,Conservar como predictor principal,"Dominio contextual, antecedente o versión analítica resumida"
IRMARIT,IMPUTATION REVISED MARITAL STATUS,IMPUTED DEMOGRAPHICS,Imputada,47299,100.0,False,False,False,Conservar como predictor principal,Conservar como predictor principal,"Dominio contextual, antecedente o versión analítica resumida"
IRSEX,RESPONDENT SEX - IMPUTATION REVISED,IMPUTED DEMOGRAPHICS,Imputada,47299,100.0,False,False,False,Conservar como predictor principal,Conservar como predictor principal,"Dominio contextual, antecedente o versión analítica resumida"
IRWRKSTAT,EMPLOYMENT STATUS - IMPUTATION REVISED,IMPUTED EMPLOYMENT,Imputada,47299,100.0,False,False,False,Conservar como predictor principal,Conservar como predictor principal,"Dominio contextual, antecedente o versión analítica resumida"
IRWRKSTAT18,EMPLOYMENT STATUS 18+ - IMPUTATION REVISED,IMPUTED EMPLOYMENT,Imputada,47299,100.0,False,False,False,Conservar como predictor principal,Conservar como predictor principal,"Dominio contextual, antecedente o versión analítica resumida"
IRCHMPUS,CHAMPUS - IMPUTATION REVISED,IMPUTED HEALTH INSURANCE,Imputada,47299,100.0,False,False,False,Conservar como predictor principal,Conservar como predictor principal,"Dominio contextual, antecedente o versión analítica resumida"
IRMCDCHP,MEDICAID/CHIP - IMPUTATION REVISED,IMPUTED HEALTH INSURANCE,Imputada,47299,100.0,False,False,False,Conservar como predictor principal,Conservar como predictor principal,"Dominio contextual, antecedente o versión analítica resumida"
IRMEDICR,MEDICARE - IMPUTATION REVISED,IMPUTED HEALTH INSURANCE,Imputada,47299,100.0,False,False,False,Conservar como predictor principal,Conservar como predictor principal,"Dominio contextual, antecedente o versión analítica resumida"
IROTHHLT,OTHER HEALTH INSURANCE - IMPUTATION REVISED,IMPUTED HEALTH INSURANCE,Imputada,6496,13.734,False,False,False,Conservar como predictor principal,Conservar como predictor principal,"Dominio contextual, antecedente o versión analítica resumida"
IRPRVHLT,PRIVATE HEALTH INSURANCE - IMPUTATION REVISED,IMPUTED HEALTH INSURANCE,Imputada,47299,100.0,False,False,False,Conservar como predictor principal,Conservar como predictor principal,"Dominio contextual, antecedente o versión analítica resumida"
IRHH65_2,REC - IMPUTATION-REVISED # OF PER IN HH AGED>=65,IMPUTED HOUSEHOLD COMPOSITION (ROSTER),Imputada,47299,100.0,False,False,False,Conservar como predictor principal,Conservar como predictor principal,"Dominio contextual, antecedente o versión analítica resumida"
IRHHSIZ2,RECODE - IMPUTATION-REVISED # PERSONS IN HH,IMPUTED HOUSEHOLD COMPOSITION (ROSTER),Imputada,47299,100.0,False,False,False,Conservar como predictor principal,Conservar como predictor principal,"Dominio contextual, antecedente o versión analítica resumida"
IRKI17_2,RECODE - IMPUTATION-REVISED # KIDS AGED<18 IN HH,IMPUTED HOUSEHOLD COMPOSITION (ROSTER),Imputada,47299,100.0,False,False,False,Conservar como predictor principal,Conservar como predictor principal,"Dominio contextual, antecedente o versión analítica resumida"
IRFAMIN3,RECODE - TOT FAM INCOME - IMPUTATION REVISED,IMPUTED INCOME,Imputada,47299,100.0,False,False,False,Conservar como predictor principal,Conservar como predictor principal,"Dominio contextual, antecedente o versión analítica resumida"
IRFAMPMT,FAM RECEIVE PUBLIC ASSIST - IMPUTATION REVISED,IMPUTED INCOME,Imputada,47299,100.0,False,False,False,Conservar como predictor principal,Conservar como predictor principal,"Dominio contextual, antecedente o versión analítica resumida"
IRFAMSOC,FAM RECEIVE SS OR RR PAYMENTS - IMPUTATION REVISED,IMPUTED INCOME,Imputada,47299,100.0,False,False,False,Conservar como predictor principal,Conservar como predictor principal,"Dominio contextual, antecedente o versión analítica resumida"
IRFAMSSI,FAM RECEIVE SSI - IMPUTATION REVISED,IMPUTED INCOME,Imputada,47299,100.0,False,False,False,Conservar como predictor principal,Conservar como predictor principal,"Dominio contextual, antecedente o versión analítica resumida"
IRFAMSVC,FAM REC WELFARE/JOB PL/CHILDCARE - IMPUTATION REVISED,IMPUTED INCOME,Imputada,47299,100.0,False,False,False,Conservar como predictor principal,Conservar como predictor principal,"Dominio contextual, antecedente o versión analítica resumida"
IRFSTAMP,RESP/OTH FAM MEM REC FOOD STAMPS - IMPUTATION REVISED,IMPUTED INCOME,Imputada,47299,100.0,False,False,False,Conservar como predictor principal,Conservar como predictor principal,"Dominio contextual, antecedente o versión analítica resumida"
IRPINC3,RECODE -RESP TOT INCOME - IMPUTATION REVISED,IMPUTED INCOME,Imputada,47299,100.0,False,False,False,Conservar como predictor principal,Conservar como predictor principal,"Dominio contextual, antecedente o versión analítica resumida"
IRWELMOS,NO OF MONTHS ON WELFARE - IMPUTATION REVISED,IMPUTED INCOME,Imputada,1905,4.028,False,False,False,Conservar como predictor principal,Conservar como predictor principal,"Dominio contextual, antecedente o versión analítica resumida"
IRPMNICDEP,NICOTINE DEPENDENCE IN PAST MONTH - IMPUTATION REVISED,IMPUTED NICOTINE DEPENDENCE,Imputada,47299,100.0,False,False,False,Conservar como predictor principal,Conservar como predictor principal,"Dominio contextual, antecedente o versión analítica resumida"
IINPCOLDREC,NONPRESCRIPTION COUGH OR COLD MEDS RECENCY - IMPUTATION IND,IMPUTED SPECIAL DRUGS,Imputada,47299,100.0,False,False,False,Conservar como predictor principal,Conservar como predictor principal,"Dominio contextual, antecedente o versión analítica resumida"
IRGHBREC,GHB RECENCY - IMPUTATION REVISED,IMPUTED SPECIAL DRUGS,Imputada,47299,100.0,False,False,False,Conservar como predictor principal,Conservar como predictor principal,"Dominio contextual, antecedente o versión analítica resumida"
IRNPCOLDREC,NONPRESCRIPTION COUGH OR COLD MEDS RECENCY - IMPUTATION REV,IMPUTED SPECIAL DRUGS,Imputada,47299,100.0,False,False,False,Conservar como predictor principal,Conservar como predictor principal,"Dominio contextual, antecedente o versión analítica resumida"
IRPYSEV5ALC,ALCOHOL USE DISORDER SEVERITY IN THE PAST YEAR - IMP REV,IMPUTED SUBSTANCE USE DISORDER,Imputada,47299,100.0,False,False,False,Conservar como predictor principal,Conservar como predictor principal,"Dominio contextual, antecedente o versión analítica resumida"
IRPYSEV5COC,COCAINE USE DISORDER SEVERITY IN THE PAST YEAR - IMP REV,IMPUTED SUBSTANCE USE DISORDER,Imputada,47299,100.0,False,False,False,Conservar como predictor principal,Conservar como predictor principal,"Dominio contextual, antecedente o versión analítica resumida"
IRPYSEV5HAL,HALLUCINOGEN USE DISORDER SEVERITY IN THE PAST YR - IMP REV,IMPUTED SUBSTANCE USE DISORDER,Imputada,47299,100.0,False,False,False,Conservar como predictor principal,Conservar como predictor principal,"Dominio contextual, antecedente o versión analítica resumida"
IRPYSEV5HER,HEROIN USE DISORDER SEVERITY IN THE PAST YEAR - IMP REV,IMPUTED SUBSTANCE USE DISORDER,Imputada,47299,100.0,False,False,False,Conservar como predictor principal,Conservar como predictor principal,"Dominio contextual, antecedente o versión analítica resumida"
IRPYSEV5INH,INHALANT USE DISORDER SEVERITY IN THE PAST YEAR - IMP REV,IMPUTED SUBSTANCE USE DISORDER,Imputada,47299,100.0,False,False,False,Conservar como predictor principal,Conservar como predictor principal,"Dominio contextual, antecedente o versión analítica resumida"
IRPYSEV5MRJ,MARIJUANA USE DISORDER SEVERITY IN THE PAST YEAR - IMP REV,IMPUTED SUBSTANCE USE DISORDER,Imputada,47299,100.0,False,False,False,Conservar como predictor principal,Conservar como predictor principal,"Dominio contextual, antecedente o versión analítica resumida"
IRPYSEV5MTH,METHAMPHETAMINE USE DISORDER SEVERITY IN PAST YR - IMP REV,IMPUTED SUBSTANCE USE DISORDER,Imputada,47299,100.0,False,False,False,Conservar como predictor principal,Conservar como predictor principal,"Dominio contextual, antecedente o versión analítica resumida"
IRPYUD5ALC,ALCOHOL USE DISORDER IN THE PAST YEAR - IMP REV,IMPUTED SUBSTANCE USE DISORDER,Imputada,47299,100.0,False,False,False,Conservar como predictor principal,Conservar como predictor principal,"Dominio contextual, antecedente o versión analítica resumida"
IRPYUD5COC,COCAINE USE DISORDER IN THE PAST YEAR - IMP REV,IMPUTED SUBSTANCE USE DISORDER,Imputada,47299,100.0,False,False,False,Conservar como predictor principal,Conservar como predictor principal,"Dominio contextual, antecedente o versión analítica resumida"
IRPYUD5HAL,HALLUCINOGEN USE DISORDER IN THE PAST YEAR - IMP REV,IMPUTED SUBSTANCE USE DISORDER,Imputada,47299,100.0,False,False,False,Conservar como predictor principal,Conservar como predictor principal,"Dominio contextual, antecedente o versión analítica resumida"
IRPYUD5HER,HEROIN USE DISORDER IN THE PAST YEAR - IMP REV,IMPUTED SUBSTANCE USE DISORDER,Imputada,47299,100.0,False,False,False,Conservar como predictor principal,Conservar como predictor principal,"Dominio contextual, antecedente o versión analítica resumida"
IRPYUD5INH,INHALANT USE DISORDER IN THE PAST YEAR - IMP REV,IMPUTED SUBSTANCE USE DISORDER,Imputada,47299,100.0,False,False,False,Conservar como predictor principal,Conservar como predictor principal,"Dominio contextual, antecedente o versión analítica resumida"
IRPYUD5MRJ,MARIJUANA USE DISORDER IN THE PAST YEAR - IMP REV,IMPUTED SUBSTANCE USE DISORDER,Imputada,47299,100.0,False,False,False,Conservar como predictor principal,Conservar como predictor principal,"Dominio contextual, antecedente o versión analítica resumida"
IRPYUD5MTH,METHAMPHETAMINE USE DISORDER IN THE PAST YEAR - IMP REV,IMPUTED SUBSTANCE USE DISORDER,Imputada,47299,100.0,False,False,False,Conservar como predictor principal,Conservar como predictor principal,"Dominio contextual, antecedente o versión analítica resumida"
IRSEVPNRMIS,"PAIN RELIEVER USE DISORDER SEVERITY, PY MISUSERS - IMP REV",IMPUTED SUBSTANCE USE DISORDER,Imputada,374,0.791,False,False,False,Conservar como predictor principal,Conservar como predictor principal,"Dominio contextual, antecedente o versión analítica resumida"
IRSEVPNRUNM2,"PAIN RELIEVER USE DIS SEV, PY USERS BUT NOT MISUSERS-IMP REV",IMPUTED SUBSTANCE USE DISORDER,Imputada,410,0.867,False,False,False,Conservar como predictor principal,Conservar como predictor principal,"Dominio contextual, antecedente o versión analítica resumida"
IRSEVSEDMIS,"SEDATIVE USE DISORDER SEVERITY, PY MISUSERS - IMP REV",IMPUTED SUBSTANCE USE DISORDER,Imputada,48,0.101,False,False,False,Conservar como predictor principal,Conservar como predictor principal,"Dominio contextual, antecedente o versión analítica resumida"
IRSEVSEDUNM,"SEDATIVE USE DIS SEV, PY USERS BUT NOT MISUSERS - IMP REV",IMPUTED SUBSTANCE USE DISORDER,Imputada,112,0.237,False,False,False,Conservar como predictor principal,Conservar como predictor principal,"Dominio contextual, antecedente o versión analítica resumida"
IRSEVSTMMIS,"STIMULANT USE DISORDER SEVERITY, PY MISUSERS - IMP REV",IMPUTED SUBSTANCE USE DISORDER,Imputada,178,0.376,False,False,False,Conservar como predictor principal,Conservar como predictor principal,"Dominio contextual, antecedente o versión analítica resumida"
IRSEVSTMUNM,"STIMULANT USE DIS SEV, PY USERS BUT NOT MISUSERS - IMP REV",IMPUTED SUBSTANCE USE DISORDER,Imputada,269,0.569,False,False,False,Conservar como predictor principal,Conservar como predictor principal,"Dominio contextual, antecedente o versión analítica resumida"
IRSEVTRQMIS,"TRANQUILIZER USE DISORDER SEVERITY, PY MISUSERS - IMP REV",IMPUTED SUBSTANCE USE DISORDER,Imputada,157,0.332,False,False,False,Conservar como predictor principal,Conservar como predictor principal,"Dominio contextual, antecedente o versión analítica resumida"
IRSEVTRQUNM,"TRANQUILIZER USE DIS SEV, PY USERS BUT NOT MISUSERS-IMP REV",IMPUTED SUBSTANCE USE DISORDER,Imputada,175,0.37,False,False,False,Conservar como predictor principal,Conservar como predictor principal,"Dominio contextual, antecedente o versión analítica resumida"
IRUD5PNRMIS,"PAIN RELIEVER USE DISORDER, PY MISUERS - IMP REV",IMPUTED SUBSTANCE USE DISORDER,Imputada,47299,100.0,False,False,False,Conservar como predictor principal,Conservar como predictor principal,"Dominio contextual, antecedente o versión analítica resumida"
IRUD5PNRUNM2,"PAIN RELIEVER USE DISORD, PY USERS BUT NOT MISUSERS-IMP REV",IMPUTED SUBSTANCE USE DISORDER,Imputada,47299,100.0,False,False,False,Conservar como predictor principal,Conservar como predictor principal,"Dominio contextual, antecedente o versión analítica resumida"
IRUD5SEDMIS,"SEDATIVE USE DISORDER, PY MISUSERS - IMP REV",IMPUTED SUBSTANCE USE DISORDER,Imputada,47299,100.0,False,False,False,Conservar como predictor principal,Conservar como predictor principal,"Dominio contextual, antecedente o versión analítica resumida"
IRUD5SEDUNM,"SEDATIVE USE DISORDER, PY USERS BUT NOT MISUSERS - IMP REV",IMPUTED SUBSTANCE USE DISORDER,Imputada,47299,100.0,False,False,False,Conservar como predictor principal,Conservar como predictor principal,"Dominio contextual, antecedente o versión analítica resumida"
IRUD5STMMIS,"STIMULANT USE DISORDER, PY MISUSERS - IMP REV",IMPUTED SUBSTANCE USE DISORDER,Imputada,47299,100.0,False,False,False,Conservar como predictor principal,Conservar como predictor principal,"Dominio contextual, antecedente o versión analítica resumida"
IRUD5STMUNM,"STIMULANT USE DISORDER, PY USERS BUT NOT MISUSERS - IMP REV",IMPUTED SUBSTANCE USE DISORDER,Imputada,47299,100.0,False,False,False,Conservar como predictor principal,Conservar como predictor principal,"Dominio contextual, antecedente o versión analítica resumida"
IRUD5TRQMIS,"TRANQUILIZER USE DISORDER, PY MISUSERS - IMP REV",IMPUTED SUBSTANCE USE DISORDER,Imputada,47299,100.0,False,False,False,Conservar como predictor principal,Conservar como predictor principal,"Dominio contextual, antecedente o versión analítica resumida"
IRUD5TRQUNM,"TRANQUILIZER USE DISORDER, PY USERS BUT NOT MISUSERS-IMP REV",IMPUTED SUBSTANCE USE DISORDER,Imputada,47299,100.0,False,False,False,Conservar como predictor principal,Conservar como predictor principal,"Dominio contextual, antecedente o versión analítica resumida"
CELLNOTCL,NOT A CELL PHONE,INCOME,Original u otra,45395,95.975,False,False,False,Conservar como predictor principal,Conservar como predictor principal,"Dominio contextual, antecedente o versión analítica resumida"
CELLWRKNG,WORKING CELL PHONE,INCOME,Original u otra,45380,95.943,False,False,False,Conservar como predictor principal,Conservar como predictor principal,"Dominio contextual, antecedente o versión analítica resumida"
CIGAVOID,TEND TO AVOID PLACES THAT DON'T ALLOW SMOKING,NICOTINE DEPENDENCE,Original u otra,47181,99.751,False,False,False,Conservar como predictor principal,Conservar como predictor principal,"Dominio contextual, antecedente o versión analítica resumida"
CIGCRAGP,CRAVING OF CIGS LIKE STRONG FORCE CAN'T CONTROL,NICOTINE DEPENDENCE,Original u otra,47190,99.77,False,False,False,Conservar como predictor principal,Conservar como predictor principal,"Dominio contextual, antecedente o versión analítica resumida"
CIGCRAVE,START TO CRAVE CIGS WHEN DON'T SMOKE FOR FEW HRS,NICOTINE DEPENDENCE,Original u otra,47192,99.774,False,False,False,Conservar como predictor principal,Conservar como predictor principal,"Dominio contextual, antecedente o versión analítica resumida"
CIGFNLKE,CHOOSE NOT TO BE AROUND FRIENDS WHO DON'T SMOKE,NICOTINE DEPENDENCE,Original u otra,46610,98.543,False,False,False,Conservar como predictor principal,Conservar como predictor principal,"Dominio contextual, antecedente o versión analítica resumida"
CIGFNSMK,HAVE FRIENDS WHO DO NOT SMOKE CIGARETTES,NICOTINE DEPENDENCE,Original u otra,47194,99.778,False,False,False,Conservar como predictor principal,Conservar como predictor principal,"Dominio contextual, antecedente o versión analítica resumida"
CIGINCRS,AMOUNT OF SMOKING HAS INCR. SINCE STARTED SMOKING,NICOTINE DEPENDENCE,Original u otra,47171,99.729,False,False,False,Conservar como predictor principal,Conservar como predictor principal,"Dominio contextual, antecedente o versión analítica resumida"
CIGINCTL,FEEL A SENSE OF CONTROL OVER YOUR SMOKING,NICOTINE DEPENDENCE,Original u otra,47184,99.757,False,False,False,Conservar como predictor principal,Conservar como predictor principal,"Dominio contextual, antecedente o versión analítica resumida"
CIGINFLU,# OF CIGS SMOKE PER DAY INFLUENCED BY OTHER THINGS,NICOTINE DEPENDENCE,Original u otra,47169,99.725,False,False,False,Conservar como predictor principal,Conservar como predictor principal,"Dominio contextual, antecedente o versión analítica resumida"
CIGIRTBL,NEED TO SMOKE TO FEEL LESS IRRITABLE,NICOTINE DEPENDENCE,Original u otra,47182,99.753,False,False,False,Conservar como predictor principal,Conservar como predictor principal,"Dominio contextual, antecedente o versión analítica resumida"
CIGLOTMR,SMOKE MUCH MORE NOW BEFORE FEEL ANYTHING,NICOTINE DEPENDENCE,Original u otra,47151,99.687,False,False,False,Conservar como predictor principal,Conservar como predictor principal,"Dominio contextual, antecedente o versión analítica resumida"
CIGNMCHG,NUMBER OF CIGS SMOKE PER DAY OFTEN CHANGES,NICOTINE DEPENDENCE,Original u otra,47173,99.734,False,False,False,Conservar como predictor principal,Conservar como predictor principal,"Dominio contextual, antecedente o versión analítica resumida"
CIGNOINF,SMOKING NOT AFFECTED BY OTHER THINGS,NICOTINE DEPENDENCE,Original u otra,47161,99.708,False,False,False,Conservar como predictor principal,Conservar como predictor principal,"Dominio contextual, antecedente o versión analítica resumida"
CIGPLANE,RATHER NOT TRAVEL BY AIRPLANE B/C NO SMOKING,NICOTINE DEPENDENCE,Original u otra,47174,99.736,False,False,False,Conservar como predictor principal,Conservar como predictor principal,"Dominio contextual, antecedente o versión analítica resumida"
CIGREGDY,SMOKE CIGS FAIRLY REGULARLY THROUGHOUT THE DAY,NICOTINE DEPENDENCE,Original u otra,47181,99.751,False,False,False,Conservar como predictor principal,Conservar como predictor principal,"Dominio contextual, antecedente o versión analítica resumida"
CIGREGNM,SMOKE SAME NUMBER OF CIGS FROM DAY TO DAY,NICOTINE DEPENDENCE,Original u otra,47171,99.729,False,False,False,Conservar como predictor principal,Conservar como predictor principal,"Dominio contextual, antecedente o versión analítica resumida"
CIGREGWK,SMOKE SAME AMOUNT ON WEEKENDS AS ON WEEKDAYS,NICOTINE DEPENDENCE,Original u otra,47169,99.725,False,False,False,Conservar como predictor principal,Conservar como predictor principal,"Dominio contextual, antecedente o versión analítica resumida"
CIGRNOUT,SOMETIMES WORRY THAT YOU WILL RUN OUT OF CIGS,NICOTINE DEPENDENCE,Original u otra,47182,99.753,False,False,False,Conservar como predictor principal,Conservar como predictor principal,"Dominio contextual, antecedente o versión analítica resumida"
CIGSATIS,NEED TO SMOKE A LOT MORE TO BE SATISFIED,NICOTINE DEPENDENCE,Original u otra,47164,99.715,False,False,False,Conservar como predictor principal,Conservar como predictor principal,"Dominio contextual, antecedente o versión analítica resumida"
CIGSVLHR,"HAVE MANY CIGS IN HR, THEN NO CIGS TIL HRS LATER",NICOTINE DEPENDENCE,Original u otra,47168,99.723,False,False,False,Conservar como predictor principal,Conservar como predictor principal,"Dominio contextual, antecedente o versión analítica resumida"
CIGWAKE,HOW SOON AFTER WAKING DO YOU HAVE YOUR FIRST CIG,NICOTINE DEPENDENCE,Original u otra,47039,99.45,False,False,False,Conservar como predictor principal,Conservar como predictor principal,"Dominio contextual, antecedente o versión analítica resumida"
FTNDDEPND,NICOTINE DEPENDENCE BASED ON FTND SCALE,NICOTINE DEPENDENCE,Original u otra,47050,99.474,False,False,False,Conservar como predictor principal,Conservar como predictor principal,"Dominio contextual, antecedente o versión analítica resumida"
NDSSDEPND,NICOTINE DEPENDENCE BASED ON NDSS SCORE,NICOTINE DEPENDENCE,Original u otra,47169,99.725,False,False,False,Conservar como predictor principal,Conservar como predictor principal,"Dominio contextual, antecedente o versión analítica resumida"
PMNICDEP,NICOTINE DEPENDENCE IN PAST MONTH,NICOTINE DEPENDENCE,Original u otra,47049,99.471,False,False,False,Conservar como predictor principal,Conservar como predictor principal,"Dominio contextual, antecedente o versión analítica resumida"
ALCAGLST,HOW OLD WERE YOU LAST TIME DRANK ALCOHOL BEVERAGE,PRIOR SUBSTANCE USE,Original u otra,22695,47.982,False,False,False,Conservar como predictor principal,Conservar como predictor principal,"Dominio contextual, antecedente o versión analítica resumida"
ALCMLU,MONTH OF LAST ALCOHOL USE - RECODE,PRIOR SUBSTANCE USE,Original u otra,16730,35.371,False,False,False,Conservar como predictor principal,Conservar como predictor principal,"Dominio contextual, antecedente o versión analítica resumida"
ALCYLU,YEAR OF LAST ALCOHOL USE - RECODE,PRIOR SUBSTANCE USE,Original u otra,16922,35.777,False,False,False,Conservar como predictor principal,Conservar como predictor principal,"Dominio contextual, antecedente o versión analítica resumida"
ALCYRBFR,HAVE ALCOHOLIC BEVERAGE IN YEAR BEFORE LAST,PRIOR SUBSTANCE USE,Original u otra,46487,98.283,False,False,False,Conservar como predictor principal,Conservar como predictor principal,"Dominio contextual, antecedente o versión analítica resumida"
CGRAGLST,HOW OLD WERE YOU THE LAST TIME SMOKED CIGAR/CIGARILLO,PRIOR SUBSTANCE USE,Original u otra,44182,93.41,False,False,False,Conservar como predictor principal,Conservar como predictor principal,"Dominio contextual, antecedente o versión analítica resumida"
CIGAGLST,HOW OLD WERE YOU THE LAST TIME SMOKED CIGARETTE,PRIOR SUBSTANCE USE,Original u otra,39816,84.179,False,False,False,Conservar como predictor principal,Conservar como predictor principal,"Dominio contextual, antecedente o versión analítica resumida"
CIGARMLU,MONTH OF LAST CIGAR/CIGARILLO USE - RECODE,PRIOR SUBSTANCE USE,Original u otra,35036,74.073,False,False,False,Conservar como predictor principal,Conservar como predictor principal,"Dominio contextual, antecedente o versión analítica resumida"
CIGARYLU,YEAR OF LAST CIGAR/CIGARILLO USE - RECODE,PRIOR SUBSTANCE USE,Original u otra,35136,74.285,False,False,False,Conservar como predictor principal,Conservar como predictor principal,"Dominio contextual, antecedente o versión analítica resumida"
CIGDLLST,HOW OLD WERE YOU THE LAST TIME SMOKED CIGS DAILY,PRIOR SUBSTANCE USE,Original u otra,31639,66.891,False,False,False,Conservar como predictor principal,Conservar como predictor principal,"Dominio contextual, antecedente o versión analítica resumida"
CIGDLMLU,MONTH OF LAST CIGARETTE USE EVERY DAY - RECODE,PRIOR SUBSTANCE USE,Original u otra,24219,51.204,False,False,False,Conservar como predictor principal,Conservar como predictor principal,"Dominio contextual, antecedente o versión analítica resumida"
CIGDLYLU,YEAR OF LAST CIGARETTE USE EVERY DAY - RECODE,PRIOR SUBSTANCE USE,Original u otra,24247,51.263,False,False,False,Conservar como predictor principal,Conservar como predictor principal,"Dominio contextual, antecedente o versión analítica resumida"
CIGMLU,MONTH OF LAST CIGARETTE USE - RECODE,PRIOR SUBSTANCE USE,Original u otra,25536,53.988,False,False,False,Conservar como predictor principal,Conservar como predictor principal,"Dominio contextual, antecedente o versión analítica resumida"
CIGYLU,YEAR OF LAST CIGARETTE USE - RECODE,PRIOR SUBSTANCE USE,Original u otra,25673,54.278,False,False,False,Conservar como predictor principal,Conservar como predictor principal,"Dominio contextual, antecedente o versión analítica resumida"
CIGYRBFR,SMOKE ALL OR PART OF CIGARETTE IN YR BEFORE LAST,PRIOR SUBSTANCE USE,Original u otra,33938,71.752,False,False,False,Conservar como predictor principal,Conservar como predictor principal,"Dominio contextual, antecedente o versión analítica resumida"
COCAGLST,HOW OLD WERE YOU THE LAST TIME USED COCAINE,PRIOR SUBSTANCE USE,Original u otra,46348,97.989,False,False,False,Conservar como predictor principal,Conservar como predictor principal,"Dominio contextual, antecedente o versión analítica resumida"
COCMLU,MONTH OF LAST COCAINE USE - RECODE,PRIOR SUBSTANCE USE,Original u otra,41376,87.478,False,False,False,Conservar como predictor principal,Conservar como predictor principal,"Dominio contextual, antecedente o versión analítica resumida"
COCYLU,YEAR OF LAST COCAINE USE - RECODE,PRIOR SUBSTANCE USE,Original u otra,41424,87.579,False,False,False,Conservar como predictor principal,Conservar como predictor principal,"Dominio contextual, antecedente o versión analítica resumida"
COCYRBFR,HAVE ANY FORM OF COCAINE IN YEAR BEFORE LAST,PRIOR SUBSTANCE USE,Original u otra,47122,99.626,False,False,False,Conservar como predictor principal,Conservar como predictor principal,"Dominio contextual, antecedente o versión analítica resumida"
CRKAGLST,HOW OLD WERE YOU THE LAST TIME USED CRACK,PRIOR SUBSTANCE USE,Original u otra,47002,99.372,False,False,False,Conservar como predictor principal,Conservar como predictor principal,"Dominio contextual, antecedente o versión analítica resumida"
CRKMLU,MONTH OF LAST CRACK USE - RECODE,PRIOR SUBSTANCE USE,Original u otra,45779,96.786,False,False,False,Conservar como predictor principal,Conservar como predictor principal,"Dominio contextual, antecedente o versión analítica resumida"
CRKYLU,YEAR OF LAST CRACK USE - RECODE,PRIOR SUBSTANCE USE,Original u otra,45782,96.793,False,False,False,Conservar como predictor principal,Conservar como predictor principal,"Dominio contextual, antecedente o versión analítica resumida"
ECSTMOAGL,HOW OLD WERE YOU THE LAST TIME USED ECSTASY/MOLLY,PRIOR SUBSTANCE USE,Original u otra,46671,98.672,False,False,False,Conservar como predictor principal,Conservar como predictor principal,"Dominio contextual, antecedente o versión analítica resumida"
ECSTMOMLU,MONTH OF LAST ECSTASY OR MOLLY USE - RECODE,PRIOR SUBSTANCE USE,Original u otra,43252,91.444,False,False,False,Conservar como predictor principal,Conservar como predictor principal,"Dominio contextual, antecedente o versión analítica resumida"
ECSTMOYLU,YEAR OF LAST ECSTASY OR MOLLY USE - RECODE,PRIOR SUBSTANCE USE,Original u otra,43272,91.486,False,False,False,Conservar como predictor principal,Conservar como predictor principal,"Dominio contextual, antecedente o versión analítica resumida"
HALLAGLST,HOW OLD WERE YOU THE LAST TIME USED HALLUCINOGEN,PRIOR SUBSTANCE USE,Original u otra,45786,96.801,False,False,False,Conservar como predictor principal,Conservar como predictor principal,"Dominio contextual, antecedente o versión analítica resumida"
HALLMOLST,MONTH OF LAST HALLUCINOGEN USE - RECODE,PRIOR SUBSTANCE USE,Original u otra,39709,83.953,False,False,False,Conservar como predictor principal,Conservar como predictor principal,"Dominio contextual, antecedente o versión analítica resumida"
HALLYRLST,YEAR OF LAST HALLUCINOGEN USE - RECODE,PRIOR SUBSTANCE USE,Original u otra,39817,84.181,False,False,False,Conservar como predictor principal,Conservar como predictor principal,"Dominio contextual, antecedente o versión analítica resumida"
HERAGLST,HOW OLD WERE YOU THE LAST TIME USED HEROIN,PRIOR SUBSTANCE USE,Original u otra,47051,99.476,False,False,False,Conservar como predictor principal,Conservar como predictor principal,"Dominio contextual, antecedente o versión analítica resumida"
HERMLU,MONTH OF LAST HEROIN USE - RECODE,PRIOR SUBSTANCE USE,Original u otra,46194,97.664,False,False,False,Conservar como predictor principal,Conservar como predictor principal,"Dominio contextual, antecedente o versión analítica resumida"
HERYLU,YEAR OF LAST HEROIN USE - RECODE,PRIOR SUBSTANCE USE,Original u otra,46195,97.666,False,False,False,Conservar como predictor principal,Conservar como predictor principal,"Dominio contextual, antecedente o versión analítica resumida"
INHLAGLST,HOW OLD WERE YOU THE LAST TIME USED INHALANTS,PRIOR SUBSTANCE USE,Original u otra,46262,97.808,False,False,False,Conservar como predictor principal,Conservar como predictor principal,"Dominio contextual, antecedente o versión analítica resumida"
INHLMOLST,MONTH OF LAST INHALANT USE - RECODE,PRIOR SUBSTANCE USE,Original u otra,42396,89.634,False,False,False,Conservar como predictor principal,Conservar como predictor principal,"Dominio contextual, antecedente o versión analítica resumida"
INHLYRLST,YEAR OF LAST INHALANT USE - RECODE,PRIOR SUBSTANCE USE,Original u otra,42424,89.693,False,False,False,Conservar como predictor principal,Conservar como predictor principal,"Dominio contextual, antecedente o versión analítica resumida"
LSDAGLST,HOW OLD WERE YOU THE LAST TIME USED LSD,PRIOR SUBSTANCE USE,Original u otra,46675,98.681,False,False,False,Conservar como predictor principal,Conservar como predictor principal,"Dominio contextual, antecedente o versión analítica resumida"
LSDMLU,MONTH OF LAST LSD USE - RECODE,PRIOR SUBSTANCE USE,Original u otra,42534,89.926,False,False,False,Conservar como predictor principal,Conservar como predictor principal,"Dominio contextual, antecedente o versión analítica resumida"
LSDYLU,YEAR OF LAST LSD USE - RECODE,PRIOR SUBSTANCE USE,Original u otra,42558,89.977,False,False,False,Conservar como predictor principal,Conservar como predictor principal,"Dominio contextual, antecedente o versión analítica resumida"
METHAGLST,HOW OLD WERE YOU THE LAST TIME USED METH,PRIOR SUBSTANCE USE,Original u otra,46686,98.704,False,False,False,Conservar como predictor principal,Conservar como predictor principal,"Dominio contextual, antecedente o versión analítica resumida"
METHMOLST,MONTH OF LAST METH USE - RECODE,PRIOR SUBSTANCE USE,Original u otra,44930,94.991,False,False,False,Conservar como predictor principal,Conservar como predictor principal,"Dominio contextual, antecedente o versión analítica resumida"
METHYRLST,YEAR OF LAST METHAMPHETAMINE USE - RECODE,PRIOR SUBSTANCE USE,Original u otra,44942,95.017,False,False,False,Conservar como predictor principal,Conservar como predictor principal,"Dominio contextual, antecedente o versión analítica resumida"
MRJAGLST,HOW OLD WERE YOU THE LAST TIME USED MARIJUANA/CANNABIS,PRIOR SUBSTANCE USE,Original u otra,37273,78.803,False,False,False,Conservar como predictor principal,Conservar como predictor principal,"Dominio contextual, antecedente o versión analítica resumida"
MRJMLU,MONTH OF LAST MARIJUANA/CANNABIS USE - RECODE,PRIOR SUBSTANCE USE,Original u otra,26892,56.855,False,False,False,Conservar como predictor principal,Conservar como predictor principal,"Dominio contextual, antecedente o versión analítica resumida"
MRJYLU,YEAR OF LAST MARIJUANA/CANNABIS USE - RECODE,PRIOR SUBSTANCE USE,Original u otra,27123,57.344,False,False,False,Conservar como predictor principal,Conservar como predictor principal,"Dominio contextual, antecedente o versión analítica resumida"
MRJYRBFR,USE MJ/CANNABIS EVEN ONCE YR BEFORE LAST,PRIOR SUBSTANCE USE,Original u otra,46794,98.932,False,False,False,Conservar como predictor principal,Conservar como predictor principal,"Dominio contextual, antecedente o versión analítica resumida"
PCPAGLST,HOW OLD WERE YOU THE LAST TIME USED PCP,PRIOR SUBSTANCE USE,Original u otra,47130,99.643,False,False,False,Conservar como predictor principal,Conservar como predictor principal,"Dominio contextual, antecedente o versión analítica resumida"
PCPMLU,MONTH OF LAST PCP USE - RECODE,PRIOR SUBSTANCE USE,Original u otra,46498,98.307,False,False,False,Conservar como predictor principal,Conservar como predictor principal,"Dominio contextual, antecedente o versión analítica resumida"
PCPYLU,YEAR OF LAST PCP USE - RECODE,PRIOR SUBSTANCE USE,Original u otra,46500,98.311,False,False,False,Conservar como predictor principal,Conservar como predictor principal,"Dominio contextual, antecedente o versión analítica resumida"
SMKAGLAST,HOW OLD WERE YOU LAST THE TIME USED SMOKELESS TOB,PRIOR SUBSTANCE USE,Original u otra,45370,95.922,False,False,False,Conservar como predictor principal,Conservar como predictor principal,"Dominio contextual, antecedente o versión analítica resumida"
SMKMOLAST,MONTH OF LAST SMOKELESS TOBACCO USE - RECODE,PRIOR SUBSTANCE USE,Original u otra,41384,87.494,False,False,False,Conservar como predictor principal,Conservar como predictor principal,"Dominio contextual, antecedente o versión analítica resumida"
SMKYRLAST,YEAR OF LAST SMOKELESS TOBACCO USE - RECODE,PRIOR SUBSTANCE USE,Original u otra,41425,87.581,False,False,False,Conservar como predictor principal,Conservar como predictor principal,"Dominio contextual, antecedente o versión analítica resumida"
CADRKCOCN2,RC-USED COCAINE WITH LAST ALCOHOL USE,RECODED CONSUMPTION OF ALCOHOL,Recodificada,47252,99.901,False,False,False,Conservar como predictor principal,Conservar como predictor principal,"Dominio contextual, antecedente o versión analítica resumida"
CADRKHALL2,RC-USED HALLUCINOGENS WITH LAST ALCOHOL USE,RECODED CONSUMPTION OF ALCOHOL,Recodificada,47164,99.715,False,False,False,Conservar como predictor principal,Conservar como predictor principal,"Dominio contextual, antecedente o versión analítica resumida"
CADRKHERN2,RC-USED HEROIN WITH LAST ALCOHOL USE,RECODED CONSUMPTION OF ALCOHOL,Recodificada,47286,99.973,False,False,False,Conservar como predictor principal,Conservar como predictor principal,"Dominio contextual, antecedente o versión analítica resumida"
CADRKINHL2,RC-USED INHALANTS WITH LAST ALCOHOL USE,RECODED CONSUMPTION OF ALCOHOL,Recodificada,47250,99.896,False,False,False,Conservar como predictor principal,Conservar como predictor principal,"Dominio contextual, antecedente o versión analítica resumida"
CADRKMARJ2,RC-USED MARIJUANA WITH LAST ALCOHOL USE,RECODED CONSUMPTION OF ALCOHOL,Recodificada,46943,99.247,False,False,False,Conservar como predictor principal,Conservar como predictor principal,"Dominio contextual, antecedente o versión analítica resumida"
CADRKMETH2,RC-USED METHAMPHETAMINE WITH LAST ALCOHOL USE,RECODED CONSUMPTION OF ALCOHOL,Recodificada,47273,99.945,False,False,False,Conservar como predictor principal,Conservar como predictor principal,"Dominio contextual, antecedente o versión analítica resumida"
UADBAR,"RC-MOST RECENT ALCOHOL USE AT RESTAURANT, BAR, OR CLUB",RECODED CONSUMPTION OF ALCOHOL,Recodificada,1284,2.715,False,False,False,Conservar como predictor principal,Conservar como predictor principal,"Dominio contextual, antecedente o versión analítica resumida"
UADBUND,RC-AGE PERSON WHO PURCHASED ALC FOR UNDERAGE DRINKER,RECODED CONSUMPTION OF ALCOHOL,Recodificada,47169,99.725,False,False,False,Conservar como predictor principal,Conservar como predictor principal,"Dominio contextual, antecedente o versión analítica resumida"
UADBWHO,RC-HOW UNDERAGE DRINKER PURCHASED MOST RECNT ALCOHOL,RECODED CONSUMPTION OF ALCOHOL,Recodificada,47187,99.763,False,False,False,Conservar como predictor principal,Conservar como predictor principal,"Dominio contextual, antecedente o versión analítica resumida"
UADCAG,RC-WHO PURCHASED UNDERAGE DRINKER MOST RECENT ALCOHOL,RECODED CONSUMPTION OF ALCOHOL,Recodificada,46990,99.347,False,False,False,Conservar como predictor principal,Conservar como predictor principal,"Dominio contextual, antecedente o versión analítica resumida"
UADCAR,RC-MOST RECENT ALCOHOL USE IN A CAR,RECODED CONSUMPTION OF ALCOHOL,Recodificada,1284,2.715,False,False,False,Conservar como predictor principal,Conservar como predictor principal,"Dominio contextual, antecedente o versión analítica resumida"
UADEVNT,RC-MOST RECENT ALCOHOL USE AT CONCERT OR SPORTS GAME,RECODED CONSUMPTION OF ALCOHOL,Recodificada,1284,2.715,False,False,False,Conservar como predictor principal,Conservar como predictor principal,"Dominio contextual, antecedente o versión analítica resumida"
UADFRD,"RC-MOST RECENT ALCOHOL FROM FRIEND, UNSPEC AGE/METHOD",RECODED CONSUMPTION OF ALCOHOL,Recodificada,47148,99.681,False,False,False,Conservar como predictor principal,Conservar como predictor principal,"Dominio contextual, antecedente o versión analítica resumida"
UADFWHO,RC-WHO GAVE UNDERAGE DRINKER MOST RECENT ALCOHOL,RECODED CONSUMPTION OF ALCOHOL,Recodificada,46709,98.753,False,False,False,Conservar como predictor principal,Conservar como predictor principal,"Dominio contextual, antecedente o versión analítica resumida"
UADHOME,RC-MOST RECENT ALCOHOL USE AT HOME,RECODED CONSUMPTION OF ALCOHOL,Recodificada,1284,2.715,False,False,False,Conservar como predictor principal,Conservar como predictor principal,"Dominio contextual, antecedente o versión analítica resumida"
UADMONY,RC-UNDERAGE DRINKER PURCHASED MOST RECENT ALCOHOL,RECODED CONSUMPTION OF ALCOHOL,Recodificada,47187,99.763,False,False,False,Conservar como predictor principal,Conservar como predictor principal,"Dominio contextual, antecedente o versión analítica resumida"
UADOTHM,RC-MOST RECENT ALCOHOL USE AT SOMEONE ELSE'S HOME,RECODED CONSUMPTION OF ALCOHOL,Recodificada,1284,2.715,False,False,False,Conservar como predictor principal,Conservar como predictor principal,"Dominio contextual, antecedente o versión analítica resumida"
UADOTSP2,RC-OTHER LOCATIONS OF MOST RECENT ALCOHOL USE,RECODED CONSUMPTION OF ALCOHOL,Recodificada,40,0.085,False,False,False,Conservar como predictor principal,Conservar como predictor principal,"Dominio contextual, antecedente o versión analítica resumida"
UADPAID,RC-UNDERAGE DRINKER PAID FOR MOST RECENT ALCOHOL,RECODED CONSUMPTION OF ALCOHOL,Recodificada,47191,99.772,False,False,False,Conservar como predictor principal,Conservar como predictor principal,"Dominio contextual, antecedente o versión analítica resumida"
UADPEOP,RC-SOCIAL CONTEXT OF MOST RECENT ALCOHOL USE,RECODED CONSUMPTION OF ALCOHOL,Recodificada,47199,99.789,False,False,False,Conservar como predictor principal,Conservar como predictor principal,"Dominio contextual, antecedente o versión analítica resumida"
UADPLACE,RC-WHERE UNDERAGE DRINKER PURCHSD MOST RECNT ALCOHOL,RECODED CONSUMPTION OF ALCOHOL,Recodificada,47184,99.757,False,False,False,Conservar como predictor principal,Conservar como predictor principal,"Dominio contextual, antecedente o versión analítica resumida"
UADPUBL,"RC-MOST RECENT ALCOHOL USE AT A PARK, BEACH, OR LOT",RECODED CONSUMPTION OF ALCOHOL,Recodificada,1284,2.715,False,False,False,Conservar como predictor principal,Conservar como predictor principal,"Dominio contextual, antecedente o versión analítica resumida"
UADROTH,RC-MOST RECENT ALCOHOL USE AT SOME OTHER PLACE,RECODED CONSUMPTION OF ALCOHOL,Recodificada,1268,2.681,False,False,False,Conservar como predictor principal,Conservar como predictor principal,"Dominio contextual, antecedente o versión analítica resumida"
UADSCHL,RC-MOST RECENT ALCOHOL USE AT SCHOOL,RECODED CONSUMPTION OF ALCOHOL,Recodificada,1284,2.715,False,False,False,Conservar como predictor principal,Conservar como predictor principal,"Dominio contextual, antecedente o versión analítica resumida"
CATAG2,RC-AGE CATEGORY RECODE (3 LEVELS),RECODED DEMOGRAPHICS,Recodificada,47299,100.0,False,False,False,Conservar como predictor principal,Conservar como predictor principal,"Dominio contextual, antecedente o versión analítica resumida"
CATAG3,RC-AGE CATEGORY RECODE (5 LEVELS),RECODED DEMOGRAPHICS,Recodificada,47299,100.0,False,False,False,Conservar como predictor principal,Conservar como predictor principal,"Dominio contextual, antecedente o versión analítica resumida"
CATAG6,RC-AGE CATEGORY RECODE (6 LEVELS),RECODED DEMOGRAPHICS,Recodificada,47299,100.0,False,False,False,Conservar como predictor principal,Conservar como predictor principal,"Dominio contextual, antecedente o versión analítica resumida"
CATAG7,RC-AGE CATEGORY RECODE (7 LEVELS),RECODED DEMOGRAPHICS,Recodificada,47299,100.0,False,False,False,Conservar como predictor principal,Conservar como predictor principal,"Dominio contextual, antecedente o versión analítica resumida"
CATAGE,RC-AGE CATEGORY,RECODED DEMOGRAPHICS,Recodificada,47299,100.0,False,False,False,Conservar como predictor principal,Conservar como predictor principal,"Dominio contextual, antecedente o versión analítica resumida"
DRVINAGE,RC-DUI AGE CATEGORY RECODE,RECODED DEMOGRAPHICS,Recodificada,47299,100.0,False,False,False,Conservar como predictor principal,Conservar como predictor principal,"Dominio contextual, antecedente o versión analítica resumida"
DRVINDETAG,RC-DUI DETAILED AGE CATEGORY RECODE,RECODED DEMOGRAPHICS,Recodificada,47299,100.0,False,False,False,Conservar como predictor principal,Conservar como predictor principal,"Dominio contextual, antecedente o versión analítica resumida"
EDUHIGHCAT,RC-EDUCATION CATEGORIES,RECODED DEMOGRAPHICS,Recodificada,47299,100.0,False,False,False,Conservar como predictor principal,Conservar como predictor principal,"Dominio contextual, antecedente o versión analítica resumida"
HEALTH2,RC-OVERALL HEALTH RECODE,RECODED DEMOGRAPHICS,Recodificada,47274,99.947,False,False,False,Conservar como predictor principal,Conservar como predictor principal,"Dominio contextual, antecedente o versión analítica resumida"
NEWRACE2,RC-RACE/HISPANICITY RECODE (7 LEVELS),RECODED DEMOGRAPHICS,Recodificada,47299,100.0,False,False,False,Conservar como predictor principal,Conservar como predictor principal,"Dominio contextual, antecedente o versión analítica resumida"
PREGAGE2,RC-PREGNANCY AGE CATEGORY RECODE,RECODED DEMOGRAPHICS,Recodificada,32803,69.352,False,False,False,Conservar como predictor principal,Conservar como predictor principal,"Dominio contextual, antecedente o versión analítica resumida"
SEXAGE,RC-COMBINED SEX BY AGE CATEGORY INDICATOR,RECODED DEMOGRAPHICS,Recodificada,14136,29.886,False,False,False,Conservar como predictor principal,Conservar como predictor principal,"Dominio contextual, antecedente o versión analítica resumida"
SEXRACE,RC-COMBINED SEX BY RACE INDICATOR,RECODED DEMOGRAPHICS,Recodificada,42171,89.158,False,False,False,Conservar como predictor principal,Conservar como predictor principal,"Dominio contextual, antecedente o versión analítica resumida"
AIRDUSEVER2,RC-EVER USED COMPUTER CLEANER/AIR DUSTER TO GET HIGH,RECODED DRUG USE,Recodificada,47296,99.994,False,False,False,Conservar como predictor principal,Conservar como predictor principal,"Dominio contextual, antecedente o versión analítica resumida"
ALCFLAG,RC-ALCOHOL - EVER USED,RECODED DRUG USE,Recodificada,47299,100.0,False,False,False,Conservar como predictor principal,Conservar como predictor principal,"Dominio contextual, antecedente o versión analítica resumida"
ALCMDAYS,RC-# OF DAYS USED ALCOHOL IN PAST MONTH,RECODED DRUG USE,Recodificada,47299,100.0,False,False,False,Conservar como predictor principal,Conservar como predictor principal,"Dominio contextual, antecedente o versión analítica resumida"
ALCMON,RC-ALCOHOL - PAST MONTH USE,RECODED DRUG USE,Recodificada,47299,100.0,False,False,False,Conservar como predictor principal,Conservar como predictor principal,"Dominio contextual, antecedente o versión analítica resumida"
ALCNUMDKPM,RC-NUMBER OF ALC BEVS DRANK PER USER IN PAST MONTH,RECODED DRUG USE,Recodificada,47299,100.0,False,False,False,Conservar como predictor principal,Conservar como predictor principal,"Dominio contextual, antecedente o versión analítica resumida"
ALCYDAYS,RC-# OF DAYS USED ALCOHOL IN PAST YEAR,RECODED DRUG USE,Recodificada,47299,100.0,False,False,False,Conservar como predictor principal,Conservar como predictor principal,"Dominio contextual, antecedente o versión analítica resumida"
ALCYR,RC-ALCOHOL - PAST YEAR USE,RECODED DRUG USE,Recodificada,47299,100.0,False,False,False,Conservar como predictor principal,Conservar como predictor principal,"Dominio contextual, antecedente o versión analítica resumida"
AMYLNIEVER2,"RC-EVER INHALED AMYL NITRITE, ""POPPERS"", RUSH, ETC.",RECODED DRUG USE,Recodificada,47284,99.968,False,False,False,Conservar como predictor principal,Conservar como predictor principal,"Dominio contextual, antecedente o versión analítica resumida"
BNGDRKMON,RC-BINGE ALCOHOL USE PAST 30 DAYS,RECODED DRUG USE,Recodificada,47299,100.0,False,False,False,Conservar como predictor principal,Conservar como predictor principal,"Dominio contextual, antecedente o versión analítica resumida"
BNGDRMDAYS,RC-# OF DAYS BINGE USED ALCOHOL IN PAST MONTH,RECODED DRUG USE,Recodificada,47299,100.0,False,False,False,Conservar como predictor principal,Conservar como predictor principal,"Dominio contextual, antecedente o versión analítica resumida"
BZOANYYR,RC - ANY BENZODIAZEPINES - PAST YEAR USE,RECODED DRUG USE,Recodificada,47251,99.899,False,False,False,Conservar como predictor principal,Conservar como predictor principal,"Dominio contextual, antecedente o versión analítica resumida"
BZONMYR,RC - ANY BENZODIAZEPINES - PAST YEAR MISUSE,RECODED DRUG USE,Recodificada,47291,99.983,False,False,False,Conservar como predictor principal,Conservar como predictor principal,"Dominio contextual, antecedente o versión analítica resumida"
CBDHMPFLAG,RC-CBD OR HEMP - EVER USED,RECODED DRUG USE,Recodificada,47299,100.0,False,False,False,Conservar como predictor principal,Conservar como predictor principal,"Dominio contextual, antecedente o versión analítica resumida"
CBDHMPMON,RC-CBD OR HEMP - PAST MONTH USE,RECODED DRUG USE,Recodificada,47299,100.0,False,False,False,Conservar como predictor principal,Conservar como predictor principal,"Dominio contextual, antecedente o versión analítica resumida"
CBDHMPYR,RC-CBD OR HEMP - PAST YEAR USE,RECODED DRUG USE,Recodificada,47299,100.0,False,False,False,Conservar como predictor principal,Conservar como predictor principal,"Dominio contextual, antecedente o versión analítica resumida"
CDCGMO,RC-EVER USED CIG DAILY AND PAST MONTH CIG USE,RECODED DRUG USE,Recodificada,5231,11.059,False,False,False,Conservar como predictor principal,Conservar como predictor principal,"Dominio contextual, antecedente o versión analítica resumida"
CDNOCGMO,RC-EVER USED CIG DAILY AND NO PAST MONTH CIG USE,RECODED DRUG USE,Recodificada,7110,15.032,False,False,False,Conservar como predictor principal,Conservar como predictor principal,"Dominio contextual, antecedente o versión analítica resumida"
CDUFLAG,RC-CIGARETTES DAILY - EVER USED,RECODED DRUG USE,Recodificada,12341,26.091,False,False,False,Conservar como predictor principal,Conservar como predictor principal,"Dominio contextual, antecedente o versión analítica resumida"
CGRFLAG,RC-CIGARS - EVER USED,RECODED DRUG USE,Recodificada,47299,100.0,False,False,False,Conservar como predictor principal,Conservar como predictor principal,"Dominio contextual, antecedente o versión analítica resumida"
CGRMDAYS,RC-# OF DAYS USED CIGARS IN PAST MONTH,RECODED DRUG USE,Recodificada,47299,100.0,False,False,False,Conservar como predictor principal,Conservar como predictor principal,"Dominio contextual, antecedente o versión analítica resumida"
CGRMON,RC-CIGARS - PAST MONTH USE,RECODED DRUG USE,Recodificada,47299,100.0,False,False,False,Conservar como predictor principal,Conservar como predictor principal,"Dominio contextual, antecedente o versión analítica resumida"
CGRYR,RC-CIGARS - PAST YEAR USE,RECODED DRUG USE,Recodificada,47299,100.0,False,False,False,Conservar como predictor principal,Conservar como predictor principal,"Dominio contextual, antecedente o versión analítica resumida"
CIG1PACK,RC-SMKED 1+ PCK OF CIGS PER DAY AMNG DLY SMKERS (1/0),RECODED DRUG USE,Recodificada,3389,7.165,False,False,False,Conservar como predictor principal,Conservar como predictor principal,"Dominio contextual, antecedente o versión analítica resumida"
CIGAVGD,RC-AVG NUMBER OF CIGARETTES SMOKED PER DAY,RECODED DRUG USE,Recodificada,6536,13.818,False,False,False,Conservar como predictor principal,Conservar como predictor principal,"Dominio contextual, antecedente o versión analítica resumida"
CIGAVGM,RC-NUMBER OF CIGARETTES SMOKED PER USER IN PAST MONTH,RECODED DRUG USE,Recodificada,47299,100.0,False,False,False,Conservar como predictor principal,Conservar como predictor principal,"Dominio contextual, antecedente o versión analítica resumida"
CIGFLAG,RC-CIGARETTES - EVER USED,RECODED DRUG USE,Recodificada,47299,100.0,False,False,False,Conservar como predictor principal,Conservar como predictor principal,"Dominio contextual, antecedente o versión analítica resumida"
CIGMDAYS,RC-# OF DAYS USED CIGARETTES IN PAST MONTH,RECODED DRUG USE,Recodificada,47299,100.0,False,False,False,Conservar como predictor principal,Conservar como predictor principal,"Dominio contextual, antecedente o versión analítica resumida"
CIGMON,RC-CIGARETTES - PAST MONTH USE,RECODED DRUG USE,Recodificada,47299,100.0,False,False,False,Conservar como predictor principal,Conservar como predictor principal,"Dominio contextual, antecedente o versión analítica resumida"
CIGPDAY,RC-# OF CIGARETTES SMOKED PER DAY AMONG DAILY SMOKERS,RECODED DRUG USE,Recodificada,47299,100.0,False,False,False,Conservar como predictor principal,Conservar como predictor principal,"Dominio contextual, antecedente o versión analítica resumida"
CIGYR,RC-CIGARETTES - PAST YEAR USE,RECODED DRUG USE,Recodificada,47299,100.0,False,False,False,Conservar como predictor principal,Conservar como predictor principal,"Dominio contextual, antecedente o versión analítica resumida"
CLEFLUEVER2,"RC-EVER INHALED CORRECTION FLUID, DEGREASER, ETC.",RECODED DRUG USE,Recodificada,47294,99.989,False,False,False,Conservar como predictor principal,Conservar como predictor principal,"Dominio contextual, antecedente o versión analítica resumida"
CNSANYYR,RC-ANY CENTRAL NERVOUS SYSTEM STIMULANTS - PAST YEAR USE,RECODED DRUG USE,Recodificada,5036,10.647,False,False,False,Conservar como predictor principal,Conservar como predictor principal,"Dominio contextual, antecedente o versión analítica resumida"
CNSNMMON,RC-CENTRAL NERVOUS SYSTEM STIMULANTS - PAST MONTH MISUSE,RECODED DRUG USE,Recodificada,813,1.719,False,False,False,Conservar como predictor principal,Conservar como predictor principal,"Dominio contextual, antecedente o versión analítica resumida"
CNSNMYR,RC-CENTRAL NERVOUS SYSTEM STIMULANTS - PAST YEAR MISUSE,RECODED DRUG USE,Recodificada,1943,4.108,False,False,False,Conservar como predictor principal,Conservar como predictor principal,"Dominio contextual, antecedente o versión analítica resumida"
COCFLAG,RC-COCAINE - EVER USED,RECODED DRUG USE,Recodificada,47299,100.0,False,False,False,Conservar como predictor principal,Conservar como predictor principal,"Dominio contextual, antecedente o versión analítica resumida"
COCMDAYS,RC-# OF DAYS USED COCAINE IN PAST MONTH,RECODED DRUG USE,Recodificada,47299,100.0,False,False,False,Conservar como predictor principal,Conservar como predictor principal,"Dominio contextual, antecedente o versión analítica resumida"
COCMON,RC-COCAINE - PAST MONTH USE,RECODED DRUG USE,Recodificada,47299,100.0,False,False,False,Conservar como predictor principal,Conservar como predictor principal,"Dominio contextual, antecedente o versión analítica resumida"
COCYDAYS,RC-# OF DAYS USED COCAINE IN PAST YEAR,RECODED DRUG USE,Recodificada,47299,100.0,False,False,False,Conservar como predictor principal,Conservar como predictor principal,"Dominio contextual, antecedente o versión analítica resumida"
COCYR,RC-COCAINE - PAST YEAR USE,RECODED DRUG USE,Recodificada,47299,100.0,False,False,False,Conservar como predictor principal,Conservar como predictor principal,"Dominio contextual, antecedente o versión analítica resumida"
CRKFLAG,"RC-""CRACK"" - EVER USED",RECODED DRUG USE,Recodificada,47299,100.0,False,False,False,Conservar como predictor principal,Conservar como predictor principal,"Dominio contextual, antecedente o versión analítica resumida"
CRKMDAYS,RC-# OF DAYS USED CRACK IN PAST MONTH,RECODED DRUG USE,Recodificada,47299,100.0,False,False,False,Conservar como predictor principal,Conservar como predictor principal,"Dominio contextual, antecedente o versión analítica resumida"
CRKMON,"RC-""CRACK"" - PAST MONTH USE",RECODED DRUG USE,Recodificada,47299,100.0,False,False,False,Conservar como predictor principal,Conservar como predictor principal,"Dominio contextual, antecedente o versión analítica resumida"
CRKYDAYS,RC-# OF DAYS USED CRACK IN PAST YEAR,RECODED DRUG USE,Recodificada,47299,100.0,False,False,False,Conservar como predictor principal,Conservar como predictor principal,"Dominio contextual, antecedente o versión analítica resumida"
CRKYR,"RC-""CRACK"" - PAST YEAR USE",RECODED DRUG USE,Recodificada,47299,100.0,False,False,False,Conservar como predictor principal,Conservar como predictor principal,"Dominio contextual, antecedente o versión analítica resumida"
DAMTFXFLAG,RC-DMT/AMT/FOXY - EVER USED,RECODED DRUG USE,Recodificada,47299,100.0,False,False,False,Conservar como predictor principal,Conservar como predictor principal,"Dominio contextual, antecedente o versión analítica resumida"
DAMTFXMON,RC-DMT/AMT/FOXY - PAST MONTH USE,RECODED DRUG USE,Recodificada,47299,100.0,False,False,False,Conservar como predictor principal,Conservar como predictor principal,"Dominio contextual, antecedente o versión analítica resumida"
DAMTFXYR,RC-DMT/AMT/FOXY - PAST YEAR USE,RECODED DRUG USE,Recodificada,47299,100.0,False,False,False,Conservar como predictor principal,Conservar como predictor principal,"Dominio contextual, antecedente o versión analítica resumida"
DCIGMON,RC-PAST MONTH DAILY CIGARETTE USE,RECODED DRUG USE,Recodificada,47299,100.0,False,False,False,Conservar como predictor principal,Conservar como predictor principal,"Dominio contextual, antecedente o versión analítica resumida"
ECSTMOFLAG,RC-ECSTASY - EVER USED,RECODED DRUG USE,Recodificada,47299,100.0,False,False,False,Conservar como predictor principal,Conservar como predictor principal,"Dominio contextual, antecedente o versión analítica resumida"
ECSTMOMON,RC-ECSTASY - PAST MONTH USE,RECODED DRUG USE,Recodificada,47299,100.0,False,False,False,Conservar como predictor principal,Conservar como predictor principal,"Dominio contextual, antecedente o versión analítica resumida"
ECSTMOYR,RC-ECSTASY - PAST YEAR USE,RECODED DRUG USE,Recodificada,47299,100.0,False,False,False,Conservar como predictor principal,Conservar como predictor principal,"Dominio contextual, antecedente o versión analítica resumida"
ETHEREVER2,"RC-EVER INHALED HALOTHANE, ETHER, OR OTHER ANESTHETIC",RECODED DRUG USE,Recodificada,47292,99.985,False,False,False,Conservar como predictor principal,Conservar como predictor principal,"Dominio contextual, antecedente o versión analítica resumida"
FLTMRKEVER2,RC-EVER USED FELT-TIP PENS/MARKERS TO GET HIGH,RECODED DRUG USE,Recodificada,47292,99.985,False,False,False,Conservar como predictor principal,Conservar como predictor principal,"Dominio contextual, antecedente o versión analítica resumida"
FUALC18,RC-FIRST USED ALCOHOL PRIOR TO AGE 18,RECODED DRUG USE,Recodificada,47299,100.0,False,False,False,Conservar como predictor principal,Conservar como predictor principal,"Dominio contextual, antecedente o versión analítica resumida"
FUALC21,RC-FIRST USED ALCOHOL PRIOR TO AGE 21,RECODED DRUG USE,Recodificada,47299,100.0,False,False,False,Conservar como predictor principal,Conservar como predictor principal,"Dominio contextual, antecedente o versión analítica resumida"
FUCD218,RC-FIRST USED CIGARETTES DAILY PRIOR TO AGE 18,RECODED DRUG USE,Recodificada,47299,100.0,False,False,False,Conservar como predictor principal,Conservar como predictor principal,"Dominio contextual, antecedente o versión analítica resumida"
FUCD221,RC-FIRST USED CIGARETTES DAILY PRIOR TO AGE 21,RECODED DRUG USE,Recodificada,47299,100.0,False,False,False,Conservar como predictor principal,Conservar como predictor principal,"Dominio contextual, antecedente o versión analítica resumida"
FUCGR18,RC-FIRST USED CIGARS PRIOR TO AGE 18,RECODED DRUG USE,Recodificada,47299,100.0,False,False,False,Conservar como predictor principal,Conservar como predictor principal,"Dominio contextual, antecedente o versión analítica resumida"
FUCGR21,RC-FIRST USED CIGARS PRIOR TO AGE 21,RECODED DRUG USE,Recodificada,47299,100.0,False,False,False,Conservar como predictor principal,Conservar como predictor principal,"Dominio contextual, antecedente o versión analítica resumida"
FUCIG18,RC-FIRST USED CIGARETTES PRIOR TO AGE 18,RECODED DRUG USE,Recodificada,47299,100.0,False,False,False,Conservar como predictor principal,Conservar como predictor principal,"Dominio contextual, antecedente o versión analítica resumida"
FUCIG21,RC-FIRST USED CIGARETTES PRIOR TO AGE 21,RECODED DRUG USE,Recodificada,47299,100.0,False,False,False,Conservar como predictor principal,Conservar como predictor principal,"Dominio contextual, antecedente o versión analítica resumida"
FUCOC18,RC-FIRST USED COCAINE PRIOR TO AGE 18,RECODED DRUG USE,Recodificada,47299,100.0,False,False,False,Conservar como predictor principal,Conservar como predictor principal,"Dominio contextual, antecedente o versión analítica resumida"
FUCOC21,RC-FIRST USED COCAINE PRIOR TO AGE 21,RECODED DRUG USE,Recodificada,47299,100.0,False,False,False,Conservar como predictor principal,Conservar como predictor principal,"Dominio contextual, antecedente o versión analítica resumida"
FUCRK18,RC-FIRST USED CRACK PRIOR TO AGE 18,RECODED DRUG USE,Recodificada,47299,100.0,False,False,False,Conservar como predictor principal,Conservar como predictor principal,"Dominio contextual, antecedente o versión analítica resumida"
FUCRK21,RC-FIRST USED CRACK PRIOR TO AGE 21,RECODED DRUG USE,Recodificada,47299,100.0,False,False,False,Conservar como predictor principal,Conservar como predictor principal,"Dominio contextual, antecedente o versión analítica resumida"
FUECSTMO18,RC-FIRST USED ECSTASY PRIOR TO AGE 18,RECODED DRUG USE,Recodificada,47299,100.0,False,False,False,Conservar como predictor principal,Conservar como predictor principal,"Dominio contextual, antecedente o versión analítica resumida"
FUECSTMO21,RC-FIRST USED ECSTASY PRIOR TO AGE 21,RECODED DRUG USE,Recodificada,47299,100.0,False,False,False,Conservar como predictor principal,Conservar como predictor principal,"Dominio contextual, antecedente o versión analítica resumida"
FUHALLUC18,RC-FIRST USED HALLUCINOGENS PRIOR TO AGE 18,RECODED DRUG USE,Recodificada,47299,100.0,False,False,False,Conservar como predictor principal,Conservar como predictor principal,"Dominio contextual, antecedente o versión analítica resumida"
FUHALLUC21,RC-FIRST USED HALLUCINOGENS PRIOR TO AGE 21,RECODED DRUG USE,Recodificada,47299,100.0,False,False,False,Conservar como predictor principal,Conservar como predictor principal,"Dominio contextual, antecedente o versión analítica resumida"
FUHER18,RC-FIRST USED HEROIN PRIOR TO AGE 18,RECODED DRUG USE,Recodificada,47299,100.0,False,False,False,Conservar como predictor principal,Conservar como predictor principal,"Dominio contextual, antecedente o versión analítica resumida"
FUHER21,RC-FIRST USED HEROIN PRIOR TO AGE 21,RECODED DRUG USE,Recodificada,47299,100.0,False,False,False,Conservar como predictor principal,Conservar como predictor principal,"Dominio contextual, antecedente o versión analítica resumida"
FUINHAL182,RC-FIRST USED INHALANTS PRIOR TO AGE 18,RECODED DRUG USE,Recodificada,47299,100.0,False,False,False,Conservar como predictor principal,Conservar como predictor principal,"Dominio contextual, antecedente o versión analítica resumida"
FUINHAL212,RC-FIRST USED INHALANTS PRIOR TO AGE 21,RECODED DRUG USE,Recodificada,47299,100.0,False,False,False,Conservar como predictor principal,Conservar como predictor principal,"Dominio contextual, antecedente o versión analítica resumida"
FULSD18,RC-FIRST USED LSD PRIOR TO AGE 18,RECODED DRUG USE,Recodificada,47299,100.0,False,False,False,Conservar como predictor principal,Conservar como predictor principal,"Dominio contextual, antecedente o versión analítica resumida"
FULSD21,RC-FIRST USED LSD PRIOR TO AGE 21,RECODED DRUG USE,Recodificada,47299,100.0,False,False,False,Conservar como predictor principal,Conservar como predictor principal,"Dominio contextual, antecedente o versión analítica resumida"
FUMETHAM18,RC-FIRST USED METHAMPHETAMINE PRIOR TO AGE 18,RECODED DRUG USE,Recodificada,47299,100.0,False,False,False,Conservar como predictor principal,Conservar como predictor principal,"Dominio contextual, antecedente o versión analítica resumida"
FUMETHAM21,RC-FIRST USED METHAMPHETAMINE PRIOR TO AGE 21,RECODED DRUG USE,Recodificada,47299,100.0,False,False,False,Conservar como predictor principal,Conservar como predictor principal,"Dominio contextual, antecedente o versión analítica resumida"
FUMJ18,RC-FIRST USED MARIJUANA PRIOR TO AGE 18,RECODED DRUG USE,Recodificada,47299,100.0,False,False,False,Conservar como predictor principal,Conservar como predictor principal,"Dominio contextual, antecedente o versión analítica resumida"
FUMJ21,RC-FIRST USED MARIJUANA PRIOR TO AGE 21,RECODED DRUG USE,Recodificada,47299,100.0,False,False,False,Conservar como predictor principal,Conservar como predictor principal,"Dominio contextual, antecedente o versión analítica resumida"
FUNICVAP18,RC-FIRST VAPED NICOTINE PRIOR TO AGE 18,RECODED DRUG USE,Recodificada,47299,100.0,False,False,False,Conservar como predictor principal,Conservar como predictor principal,"Dominio contextual, antecedente o versión analítica resumida"
FUNICVAP21,RC-FIRST VAPED NICOTINE PRIOR TO AGE 21,RECODED DRUG USE,Recodificada,47299,100.0,False,False,False,Conservar como predictor principal,Conservar como predictor principal,"Dominio contextual, antecedente o versión analítica resumida"
FUPCP18,RC-FIRST USED PCP PRIOR TO AGE 18,RECODED DRUG USE,Recodificada,47299,100.0,False,False,False,Conservar como predictor principal,Conservar como predictor principal,"Dominio contextual, antecedente o versión analítica resumida"
FUPCP21,RC-FIRST USED PCP PRIOR TO AGE 21,RECODED DRUG USE,Recodificada,47299,100.0,False,False,False,Conservar como predictor principal,Conservar como predictor principal,"Dominio contextual, antecedente o versión analítica resumida"
FUPNRNM18,RC-FIRST MISUSED PAIN RELIEVERS PRIOR TO AGE 18,RECODED DRUG USE,Recodificada,47299,100.0,False,False,False,Conservar como predictor principal,Conservar como predictor principal,"Dominio contextual, antecedente o versión analítica resumida"
FUPNRNM21,RC-FIRST MISUSED PAIN RELIEVERS PRIOR TO AGE 21,RECODED DRUG USE,Recodificada,47299,100.0,False,False,False,Conservar como predictor principal,Conservar como predictor principal,"Dominio contextual, antecedente o versión analítica resumida"
FUSEDNM21,RC-FIRST MISUSED SEDATIVES PRIOR TO AGE 21,RECODED DRUG USE,Recodificada,47299,100.0,False,False,False,Conservar como predictor principal,Conservar como predictor principal,"Dominio contextual, antecedente o versión analítica resumida"
FUSMKLSS18,RC-FIRST USED SMOKELESS TOBACCO PRIOR TO AGE 18,RECODED DRUG USE,Recodificada,47299,100.0,False,False,False,Conservar como predictor principal,Conservar como predictor principal,"Dominio contextual, antecedente o versión analítica resumida"
FUSMKLSS21,RC-FIRST USED SMOKELESS TOBACCO PRIOR TO AGE 21,RECODED DRUG USE,Recodificada,47299,100.0,False,False,False,Conservar como predictor principal,Conservar como predictor principal,"Dominio contextual, antecedente o versión analítica resumida"
FUSTMNM18,RC-FIRST MISUSED STIMULANTS PRIOR TO AGE 18,RECODED DRUG USE,Recodificada,47299,100.0,False,False,False,Conservar como predictor principal,Conservar como predictor principal,"Dominio contextual, antecedente o versión analítica resumida"
FUSTMNM21,RC-FIRST MISUSED STIMULANTS PRIOR TO AGE 21,RECODED DRUG USE,Recodificada,47299,100.0,False,False,False,Conservar como predictor principal,Conservar como predictor principal,"Dominio contextual, antecedente o versión analítica resumida"
FUTRQNM18,RC-FIRST MISUSED TRANQUILIZERS PRIOR TO AGE 18,RECODED DRUG USE,Recodificada,47299,100.0,False,False,False,Conservar como predictor principal,Conservar como predictor principal,"Dominio contextual, antecedente o versión analítica resumida"
FUTRQNM21,RC-FIRST MISUSED TRANQUILIZERS PRIOR TO AGE 21,RECODED DRUG USE,Recodificada,47299,100.0,False,False,False,Conservar como predictor principal,Conservar como predictor principal,"Dominio contextual, antecedente o versión analítica resumida"
GASEVER2,RC-EVER INHALED GASOLINE OR LIGHTER FLUID,RECODED DRUG USE,Recodificada,47297,99.996,False,False,False,Conservar como predictor principal,Conservar como predictor principal,"Dominio contextual, antecedente o versión analítica resumida"
GLUEEVER2,"RC-EVER INHALED GLUE, SHOE POLISH, OR TOLUENE",RECODED DRUG USE,Recodificada,47296,99.994,False,False,False,Conservar como predictor principal,Conservar como predictor principal,"Dominio contextual, antecedente o versión analítica resumida"
HALLNDAYPM,RC-# OF DAYS USED HALLUCINOGENS IN PAST MONTH,RECODED DRUG USE,Recodificada,47299,100.0,False,False,False,Conservar como predictor principal,Conservar como predictor principal,"Dominio contextual, antecedente o versión analítica resumida"
HALLNDAYYR,RC-# OF DAYS USED HALLUCINOGENS IN PAST YEAR,RECODED DRUG USE,Recodificada,47299,100.0,False,False,False,Conservar como predictor principal,Conservar como predictor principal,"Dominio contextual, antecedente o versión analítica resumida"
HALLUCFLAG,RC-HALLUCINOGENS - EVER USED,RECODED DRUG USE,Recodificada,47299,100.0,False,False,False,Conservar como predictor principal,Conservar como predictor principal,"Dominio contextual, antecedente o versión analítica resumida"
HALLUCMON,RC-HALLUCINOGENS - PAST MONTH USE,RECODED DRUG USE,Recodificada,47299,100.0,False,False,False,Conservar como predictor principal,Conservar como predictor principal,"Dominio contextual, antecedente o versión analítica resumida"
HALLUCYR,RC-HALLUCINOGENS - PAST YEAR USE,RECODED DRUG USE,Recodificada,47299,100.0,False,False,False,Conservar como predictor principal,Conservar como predictor principal,"Dominio contextual, antecedente o versión analítica resumida"
HERFLAG,RC-HEROIN - EVER USED,RECODED DRUG USE,Recodificada,47299,100.0,False,False,False,Conservar como predictor principal,Conservar como predictor principal,"Dominio contextual, antecedente o versión analítica resumida"
HERMDAYS,RC-# OF DAYS USED HEROIN IN PAST MONTH,RECODED DRUG USE,Recodificada,47299,100.0,False,False,False,Conservar como predictor principal,Conservar como predictor principal,"Dominio contextual, antecedente o versión analítica resumida"
HERMON,RC-HEROIN - PAST MONTH USE,RECODED DRUG USE,Recodificada,47299,100.0,False,False,False,Conservar como predictor principal,Conservar como predictor principal,"Dominio contextual, antecedente o versión analítica resumida"
HERRXOPYR,RC-HEROIN USE AND/OR RX OPIOID MISUSE - PAST YEAR,RECODED DRUG USE,Recodificada,47299,100.0,False,False,False,Conservar como predictor principal,Conservar como predictor principal,"Dominio contextual, antecedente o versión analítica resumida"
HERYDAYS,RC-# OF DAYS USED HEROIN IN PAST YEAR,RECODED DRUG USE,Recodificada,47299,100.0,False,False,False,Conservar como predictor principal,Conservar como predictor principal,"Dominio contextual, antecedente o versión analítica resumida"
HERYR,RC-HEROIN - PAST YEAR USE,RECODED DRUG USE,Recodificada,47299,100.0,False,False,False,Conservar como predictor principal,Conservar como predictor principal,"Dominio contextual, antecedente o versión analítica resumida"
HVYDRKMON,RC-HEAVY ALCOHOL USE PAST 30 DAYS,RECODED DRUG USE,Recodificada,47299,100.0,False,False,False,Conservar como predictor principal,Conservar como predictor principal,"Dominio contextual, antecedente o versión analítica resumida"
ILLALCFLG,RC-ILLICIT DRUG OR ALCOHOL - EVER USED,RECODED DRUG USE,Recodificada,40333,85.272,False,False,False,Conservar como predictor principal,Conservar como predictor principal,"Dominio contextual, antecedente o versión analítica resumida"
ILLALCMON,RC-ILLICIT DRUG OR ALCOHOL - PAST MONTH USE,RECODED DRUG USE,Recodificada,27079,57.251,False,False,False,Conservar como predictor principal,Conservar como predictor principal,"Dominio contextual, antecedente o versión analítica resumida"
ILLANDALC,RC-ILLICIT DRUG AND ALCOHOL USE - PAST YEAR USE,RECODED DRUG USE,Recodificada,12585,26.607,False,False,False,Conservar como predictor principal,Conservar como predictor principal,"Dominio contextual, antecedente o versión analítica resumida"
ILLEMFLAG2,RC-ILLICIT DRUG OTHER THAN MARIJUANA - EVER USED,RECODED DRUG USE,Recodificada,47299,100.0,False,False,False,Conservar como predictor principal,Conservar como predictor principal,"Dominio contextual, antecedente o versión analítica resumida"
ILLEMMON2,RC-ILLICIT DRUG OTHER THAN MARIJUANA-PAST MONTH,RECODED DRUG USE,Recodificada,47299,100.0,False,False,False,Conservar como predictor principal,Conservar como predictor principal,"Dominio contextual, antecedente o versión analítica resumida"
ILLEMYR2,RC-ILLICIT DRUG OTHER THAN MARIJUANA - PAST YEAR,RECODED DRUG USE,Recodificada,47299,100.0,False,False,False,Conservar como predictor principal,Conservar como predictor principal,"Dominio contextual, antecedente o versión analítica resumida"
ILLFLAG,RC-ANY ILLICIT DRUG - EVER USED,RECODED DRUG USE,Recodificada,47299,100.0,False,False,False,Conservar como predictor principal,Conservar como predictor principal,"Dominio contextual, antecedente o versión analítica resumida"
ILLMON,RC-ANY ILLICIT DRUG - PAST MONTH USE,RECODED DRUG USE,Recodificada,47299,100.0,False,False,False,Conservar como predictor principal,Conservar como predictor principal,"Dominio contextual, antecedente o versión analítica resumida"
ILLORALC,RC-ILLICIT DRUG OR ALCOHOL USE - PAST YEAR USE,RECODED DRUG USE,Recodificada,34230,72.369,False,False,False,Conservar como predictor principal,Conservar como predictor principal,"Dominio contextual, antecedente o versión analítica resumida"
ILLYR,RC-ANY ILLICIT DRUG - PAST YEAR USE,RECODED DRUG USE,Recodificada,47299,100.0,False,False,False,Conservar como predictor principal,Conservar como predictor principal,"Dominio contextual, antecedente o versión analítica resumida"
ILTOBALCFG,"RC-ILLICIT DRUG, TOBACCO PRD, OR ALCOHOL - EVER USED",RECODED DRUG USE,Recodificada,41094,86.881,False,False,False,Conservar como predictor principal,Conservar como predictor principal,"Dominio contextual, antecedente o versión analítica resumida"
ILTOBALCMN,"RC-ILLICIT DRUG, TOBACCO PRD, OR ALC - PAST MONTH USE",RECODED DRUG USE,Recodificada,29157,61.644,False,False,False,Conservar como predictor principal,Conservar como predictor principal,"Dominio contextual, antecedente o versión analítica resumida"
ILTOBALCYR,"RC-ILLICIT DRUG, TOBACCO PRD, OR ALCOHOL - PAST YEAR USE",RECODED DRUG USE,Recodificada,35559,75.179,False,False,False,Conservar como predictor principal,Conservar como predictor principal,"Dominio contextual, antecedente o versión analítica resumida"
ILTOBVAPALC,"RC-TOBACCO, NICOTINE VAPING, ALCOHOL, ILLICIT DRUG - PST MON",RECODED DRUG USE,Recodificada,47299,100.0,False,False,False,Conservar como predictor principal,Conservar como predictor principal,"Dominio contextual, antecedente o versión analítica resumida"
INHALFLAG2,RC-INHALANTS - EVER USED,RECODED DRUG USE,Recodificada,47299,100.0,False,False,False,Conservar como predictor principal,Conservar como predictor principal,"Dominio contextual, antecedente o versión analítica resumida"
INHALMON2,RC-INHALANTS - PAST MONTH USE,RECODED DRUG USE,Recodificada,47299,100.0,False,False,False,Conservar como predictor principal,Conservar como predictor principal,"Dominio contextual, antecedente o versión analítica resumida"
INHALYR2,RC-INHALANTS - PAST YEAR USE,RECODED DRUG USE,Recodificada,47299,100.0,False,False,False,Conservar como predictor principal,Conservar como predictor principal,"Dominio contextual, antecedente o versión analítica resumida"
INHNDAYPM2,RC-# OF DAYS USED INHALANTS IN PAST MONTH,RECODED DRUG USE,Recodificada,47299,100.0,False,False,False,Conservar como predictor principal,Conservar como predictor principal,"Dominio contextual, antecedente o versión analítica resumida"
INHNDAYYR2,RC-# OF DAYS USED INHALANTS IN PAST YEAR,RECODED DRUG USE,Recodificada,47299,100.0,False,False,False,Conservar como predictor principal,Conservar como predictor principal,"Dominio contextual, antecedente o versión analítica resumida"
KETMINFLAG,RC-KETAMINE - EVER USED,RECODED DRUG USE,Recodificada,47299,100.0,False,False,False,Conservar como predictor principal,Conservar como predictor principal,"Dominio contextual, antecedente o versión analítica resumida"
KETMINMON,RC-KETAMINE - PAST MONTH USE,RECODED DRUG USE,Recodificada,47299,100.0,False,False,False,Conservar como predictor principal,Conservar como predictor principal,"Dominio contextual, antecedente o versión analítica resumida"
KETMINYR,RC-KETAMINE - PAST YEAR USE,RECODED DRUG USE,Recodificada,47299,100.0,False,False,False,Conservar como predictor principal,Conservar como predictor principal,"Dominio contextual, antecedente o versión analítica resumida"
LGASEVER2,"RC-EVER INHALED LIGHTER GASES (BUTANE, PROPANE)",RECODED DRUG USE,Recodificada,47295,99.992,False,False,False,Conservar como predictor principal,Conservar como predictor principal,"Dominio contextual, antecedente o versión analítica resumida"
LSDFLAG,RC-LSD - EVER USED,RECODED DRUG USE,Recodificada,47299,100.0,False,False,False,Conservar como predictor principal,Conservar como predictor principal,"Dominio contextual, antecedente o versión analítica resumida"
LSDMON,RC-LSD - PAST MONTH USE,RECODED DRUG USE,Recodificada,47299,100.0,False,False,False,Conservar como predictor principal,Conservar como predictor principal,"Dominio contextual, antecedente o versión analítica resumida"
LSDYR,RC-LSD - PAST YEAR USE,RECODED DRUG USE,Recodificada,47299,100.0,False,False,False,Conservar como predictor principal,Conservar como predictor principal,"Dominio contextual, antecedente o versión analítica resumida"
MESCEVER,RC-EVER USED MESCALINE,RECODED DRUG USE,Recodificada,47279,99.958,False,False,False,Conservar como predictor principal,Conservar como predictor principal,"Dominio contextual, antecedente o versión analítica resumida"
METHAMFLAG,RC-METHAMPHETAMINE - EVER USED,RECODED DRUG USE,Recodificada,47299,100.0,False,False,False,Conservar como predictor principal,Conservar como predictor principal,"Dominio contextual, antecedente o versión analítica resumida"
METHAMMON,RC-METHAMPHETAMINE - PAST MONTH USE,RECODED DRUG USE,Recodificada,47299,100.0,False,False,False,Conservar como predictor principal,Conservar como predictor principal,"Dominio contextual, antecedente o versión analítica resumida"
METHAMYR,RC-METHAMPHETAMINE - PAST YEAR USE,RECODED DRUG USE,Recodificada,47299,100.0,False,False,False,Conservar como predictor principal,Conservar como predictor principal,"Dominio contextual, antecedente o versión analítica resumida"
METHNDAYPM,RC-# OF DAYS USED METHAMPHETAMINE IN PAST MONTH,RECODED DRUG USE,Recodificada,47299,100.0,False,False,False,Conservar como predictor principal,Conservar como predictor principal,"Dominio contextual, antecedente o versión analítica resumida"
METHNDAYYR,RC-# OF DAYS USED METHAMPHETAMINE IN PAST YEAR,RECODED DRUG USE,Recodificada,47299,100.0,False,False,False,Conservar como predictor principal,Conservar como predictor principal,"Dominio contextual, antecedente o versión analítica resumida"
MJCMOTHMON,RC-COMBINED OTHER MARIJUANA MODES - PAST MONTH USE,RECODED DRUG USE,Recodificada,47299,100.0,False,False,False,Conservar como predictor principal,Conservar como predictor principal,"Dominio contextual, antecedente o versión analítica resumida"
MJCMOTHYR,RC-COMBINED OTHER MARIJUANA MODES - PAST YEAR USE,RECODED DRUG USE,Recodificada,47299,100.0,False,False,False,Conservar como predictor principal,Conservar como predictor principal,"Dominio contextual, antecedente o versión analítica resumida"
MJDABMON,"RC-MARIJUANA DABBING WAXES, SHATTER, OR CONC-PAST MONTH USE",RECODED DRUG USE,Recodificada,47299,100.0,False,False,False,Conservar como predictor principal,Conservar como predictor principal,"Dominio contextual, antecedente o versión analítica resumida"
MJDABYR,"RC-MARIJUANA DABBING WAXES, SHATTER, OR CONC - PAST YEAR USE",RECODED DRUG USE,Recodificada,47299,100.0,False,False,False,Conservar como predictor principal,Conservar como predictor principal,"Dominio contextual, antecedente o versión analítica resumida"
MJEATMON,RC-MARIJUANA EATING OR DRINKING - PAST MONTH USE,RECODED DRUG USE,Recodificada,47299,100.0,False,False,False,Conservar como predictor principal,Conservar como predictor principal,"Dominio contextual, antecedente o versión analítica resumida"
MJEATYR,RC-MARIJUANA EATING OR DRINKING - PAST YEAR USE,RECODED DRUG USE,Recodificada,47299,100.0,False,False,False,Conservar como predictor principal,Conservar como predictor principal,"Dominio contextual, antecedente o versión analítica resumida"
MJMTHMON,RC-MARIJUANA DRPS/STRPS/LZNGS/SPRYS IN MOUTH-PAST MONTH USE,RECODED DRUG USE,Recodificada,47299,100.0,False,False,False,Conservar como predictor principal,Conservar como predictor principal,"Dominio contextual, antecedente o versión analítica resumida"
MJMTHYR,RC-MARIJUANA DRPS/STRPS/LZNGS/SPRYS IN MOUTH - PAST YEAR USE,RECODED DRUG USE,Recodificada,47299,100.0,False,False,False,Conservar como predictor principal,Conservar como predictor principal,"Dominio contextual, antecedente o versión analítica resumida"
MJONLYFLAG2,RC-MARIJUANA ONLY - EVER USED,RECODED DRUG USE,Recodificada,47299,100.0,False,False,False,Conservar como predictor principal,Conservar como predictor principal,"Dominio contextual, antecedente o versión analítica resumida"
MJONLYMON2,RC-MARIJUANA ONLY - PAST MONTH USE,RECODED DRUG USE,Recodificada,47299,100.0,False,False,False,Conservar como predictor principal,Conservar como predictor principal,"Dominio contextual, antecedente o versión analítica resumida"
MJONLYYR2,RC-MARIJUANA ONLY - PAST YEAR USE,RECODED DRUG USE,Recodificada,47299,100.0,False,False,False,Conservar como predictor principal,Conservar como predictor principal,"Dominio contextual, antecedente o versión analítica resumida"
MJOTHYR,RC-MARIJUANA USE - SOME OTHER MODE - PAST YEAR,RECODED DRUG USE,Recodificada,47299,100.0,False,False,False,Conservar como predictor principal,Conservar como predictor principal,"Dominio contextual, antecedente o versión analítica resumida"
MJPLLMON,RC-MARIJUANA PILLS - PAST MONTH USE,RECODED DRUG USE,Recodificada,47299,100.0,False,False,False,Conservar como predictor principal,Conservar como predictor principal,"Dominio contextual, antecedente o versión analítica resumida"
MJPLLYR,RC-MARIJUANA PILLS - PAST YEAR USE,RECODED DRUG USE,Recodificada,47299,100.0,False,False,False,Conservar como predictor principal,Conservar como predictor principal,"Dominio contextual, antecedente o versión analítica resumida"
MJSKNMON,RC-MARIJUANA LOTION/CREAM/PATCH TO SKIN - PAST MONTH USE,RECODED DRUG USE,Recodificada,47299,100.0,False,False,False,Conservar como predictor principal,Conservar como predictor principal,"Dominio contextual, antecedente o versión analítica resumida"
MJSKNYR,RC-MARIJUANA LOTION/CREAM/PATCH TO SKIN - PAST YEAR USE,RECODED DRUG USE,Recodificada,47299,100.0,False,False,False,Conservar como predictor principal,Conservar como predictor principal,"Dominio contextual, antecedente o versión analítica resumida"
MJSMKMON,RC-MARIJUANA SMOKING - PAST MONTH USE,RECODED DRUG USE,Recodificada,47299,100.0,False,False,False,Conservar como predictor principal,Conservar como predictor principal,"Dominio contextual, antecedente o versión analítica resumida"
MJSMKYR,RC-MARIJUANA SMOKING - PAST YEAR USE,RECODED DRUG USE,Recodificada,47299,100.0,False,False,False,Conservar como predictor principal,Conservar como predictor principal,"Dominio contextual, antecedente o versión analítica resumida"
MJVAPFLAG,RC-MARIJUANA VAPING - EVER USED,RECODED DRUG USE,Recodificada,47299,100.0,False,False,False,Conservar como predictor principal,Conservar como predictor principal,"Dominio contextual, antecedente o versión analítica resumida"
MJVAPMON,RC-MARIJUANA VAPING - PAST MONTH USE,RECODED DRUG USE,Recodificada,47299,100.0,False,False,False,Conservar como predictor principal,Conservar como predictor principal,"Dominio contextual, antecedente o versión analítica resumida"
MJVAPYR,RC-MARIJUANA VAPING - PAST YEAR USE,RECODED DRUG USE,Recodificada,47299,100.0,False,False,False,Conservar como predictor principal,Conservar como predictor principal,"Dominio contextual, antecedente o versión analítica resumida"
MRJFLAG,RC-MARIJUANA - EVER USED,RECODED DRUG USE,Recodificada,47299,100.0,False,False,False,Conservar como predictor principal,Conservar como predictor principal,"Dominio contextual, antecedente o versión analítica resumida"
MRJMDAYS,RC-# OF DAYS USED MARIJUANA IN PAST MONTH,RECODED DRUG USE,Recodificada,47299,100.0,False,False,False,Conservar como predictor principal,Conservar como predictor principal,"Dominio contextual, antecedente o versión analítica resumida"
MRJMON,RC-MARIJUANA - PAST MONTH USE,RECODED DRUG USE,Recodificada,47299,100.0,False,False,False,Conservar como predictor principal,Conservar como predictor principal,"Dominio contextual, antecedente o versión analítica resumida"
MRJMONVAP2,"RC-MRJ VAPE, MRJ USE BUT NOT VAPE, OR NO MRJ USE - PAST MON",RECODED DRUG USE,Recodificada,47299,100.0,False,False,False,Conservar como predictor principal,Conservar como predictor principal,"Dominio contextual, antecedente o versión analítica resumida"
MRJYDAYS,RC-# OF DAYS USED MARIJUANA IN PAST YEAR,RECODED DRUG USE,Recodificada,47299,100.0,False,False,False,Conservar como predictor principal,Conservar como predictor principal,"Dominio contextual, antecedente o versión analítica resumida"
MRJYR,RC-MARIJUANA - PAST YEAR USE,RECODED DRUG USE,Recodificada,47299,100.0,False,False,False,Conservar como predictor principal,Conservar como predictor principal,"Dominio contextual, antecedente o versión analítica resumida"
NICVAPFLAG,RC-NICOTINE VAPING - EVER USED,RECODED DRUG USE,Recodificada,47299,100.0,False,False,False,Conservar como predictor principal,Conservar como predictor principal,"Dominio contextual, antecedente o versión analítica resumida"
NICVAPMON,RC-NICOTINE VAPING - PAST MONTH USE,RECODED DRUG USE,Recodificada,47299,100.0,False,False,False,Conservar como predictor principal,Conservar como predictor principal,"Dominio contextual, antecedente o versión analítica resumida"
NICVAPYR,RC-NICOTINE VAPING - PAST YEAR USE,RECODED DRUG USE,Recodificada,47299,100.0,False,False,False,Conservar como predictor principal,Conservar como predictor principal,"Dominio contextual, antecedente o versión analítica resumida"
NICVPMDAYS,RC-# OF DAYS VAPED NICOTINE IN PAST MONTH,RECODED DRUG USE,Recodificada,47299,100.0,False,False,False,Conservar como predictor principal,Conservar como predictor principal,"Dominio contextual, antecedente o versión analítica resumida"
NITOXIEVER2,"RC-EVER INHALED NITROUS OXIDE OR ""WHIPPITS""",RECODED DRUG USE,Recodificada,47288,99.977,False,False,False,Conservar como predictor principal,Conservar como predictor principal,"Dominio contextual, antecedente o versión analítica resumida"
NOOPPRANYYR,RC-NONOPIOID PRESCRIPTION PNR - ANY PAST YEAR USE,RECODED DRUG USE,Recodificada,994,2.102,False,False,False,Conservar como predictor principal,Conservar como predictor principal,"Dominio contextual, antecedente o versión analítica resumida"
NOOPPRNMYR,RC-NONOPIOID PRESCRIPTION PNR - PAST YEAR MISUSE,RECODED DRUG USE,Recodificada,65,0.137,False,False,False,Conservar como predictor principal,Conservar como predictor principal,"Dominio contextual, antecedente o versión analítica resumida"
OPIANYYR2,RC-ANY OPIOIDS (RX OPIOIDS OR HEROIN) - PAST YEAR USE,RECODED DRUG USE,Recodificada,9466,20.013,False,False,False,Conservar como predictor principal,Conservar como predictor principal,"Dominio contextual, antecedente o versión analítica resumida"
OPINMMON2,RC-OPIOIDS (RX OPIOIDS OR HEROIN) - PAST MONTH MISUSE,RECODED DRUG USE,Recodificada,410,0.867,False,False,False,Conservar como predictor principal,Conservar como predictor principal,"Dominio contextual, antecedente o versión analítica resumida"
OPINMYR2,RC-OPIOIDS (RX OPIOIDS OR HEROIN) - PAST YEAR MISUSE,RECODED DRUG USE,Recodificada,1441,3.047,False,False,False,Conservar como predictor principal,Conservar como predictor principal,"Dominio contextual, antecedente o versión analítica resumida"
OTHAEREVER2,RC-EVER USED OTHER AEROSOL SPRAY,RECODED DRUG USE,Recodificada,47293,99.987,False,False,False,Conservar como predictor principal,Conservar como predictor principal,"Dominio contextual, antecedente o versión analítica resumida"
OTHRPNRANY2,RC-OTHER PAIN RELIEVER PRODUCTS - ANY PAST YEAR USE,RECODED DRUG USE,Recodificada,46826,99.0,False,False,False,Conservar como predictor principal,Conservar como predictor principal,"Dominio contextual, antecedente o versión analítica resumida"
OTHRPNRMIS,RC-OTHER PAIN RELIEVER PRODUCTS - PAST YEAR MISUSE,RECODED DRUG USE,Recodificada,47238,99.871,False,False,False,Conservar como predictor principal,Conservar como predictor principal,"Dominio contextual, antecedente o versión analítica resumida"
OTHRSEDANY,RC-OTHER SEDATIVE - ANY PAST YEAR USE,RECODED DRUG USE,Recodificada,47272,99.943,False,False,False,Conservar como predictor principal,Conservar como predictor principal,"Dominio contextual, antecedente o versión analítica resumida"
OTHRSEDMIS2,RC-OTHER SEDATIVE PRODUCTS - PAST YEAR MISUSE,RECODED DRUG USE,Recodificada,47283,99.966,False,False,False,Conservar como predictor principal,Conservar como predictor principal,"Dominio contextual, antecedente o versión analítica resumida"
OTHRSTMANY,RC-OTHER STIMULANT - ANY PAST YEAR USE,RECODED DRUG USE,Recodificada,47267,99.932,False,False,False,Conservar como predictor principal,Conservar como predictor principal,"Dominio contextual, antecedente o versión analítica resumida"
OTHRSTMMIS,RC-OTHER STIMULANT PRODUCTS - PAST YEAR MISUSE,RECODED DRUG USE,Recodificada,47287,99.975,False,False,False,Conservar como predictor principal,Conservar como predictor principal,"Dominio contextual, antecedente o versión analítica resumida"
OTHRTRQANY,RC-OTHER TRANQUILIZER- ANY PAST YEAR USE,RECODED DRUG USE,Recodificada,47250,99.896,False,False,False,Conservar como predictor principal,Conservar como predictor principal,"Dominio contextual, antecedente o versión analítica resumida"
OTHRTRQMIS,RC-OTHER TRANQUILIZER PRODUCTS - PAST YEAR MISUSE,RECODED DRUG USE,Recodificada,47279,99.958,False,False,False,Conservar como predictor principal,Conservar como predictor principal,"Dominio contextual, antecedente o versión analítica resumida"
OXYCNANYYR2,RC-OXYCONTIN - PAST YEAR USE,RECODED DRUG USE,Recodificada,47299,100.0,False,False,False,Conservar como predictor principal,Conservar como predictor principal,"Dominio contextual, antecedente o versión analítica resumida"
OXYCNNMYR,RC-OXYCONTIN - PAST YEAR MISUSE,RECODED DRUG USE,Recodificada,47299,100.0,False,False,False,Conservar como predictor principal,Conservar como predictor principal,"Dominio contextual, antecedente o versión analítica resumida"
PCPFLAG,RC-PCP - EVER USED,RECODED DRUG USE,Recodificada,47299,100.0,False,False,False,Conservar como predictor principal,Conservar como predictor principal,"Dominio contextual, antecedente o versión analítica resumida"
PCPMON,RC-PCP - PAST MONTH USE,RECODED DRUG USE,Recodificada,47299,100.0,False,False,False,Conservar como predictor principal,Conservar como predictor principal,"Dominio contextual, antecedente o versión analítica resumida"
PCPYR,RC-PCP - PAST YEAR USE,RECODED DRUG USE,Recodificada,47299,100.0,False,False,False,Conservar como predictor principal,Conservar como predictor principal,"Dominio contextual, antecedente o versión analítica resumida"
PEYOTEEVER,RC-EVER USED PEYOTE,RECODED DRUG USE,Recodificada,47286,99.973,False,False,False,Conservar como predictor principal,Conservar como predictor principal,"Dominio contextual, antecedente o versión analítica resumida"
PIPFLAG,RC-PIPES - EVER USED,RECODED DRUG USE,Recodificada,47299,100.0,False,False,False,Conservar como predictor principal,Conservar como predictor principal,"Dominio contextual, antecedente o versión analítica resumida"
PIPMON,RC-PIPES - PAST MONTH USE,RECODED DRUG USE,Recodificada,47299,100.0,False,False,False,Conservar como predictor principal,Conservar como predictor principal,"Dominio contextual, antecedente o versión analítica resumida"
PNRANYFLAG2,RC-ANY PAIN RELIEVER - EVER USED,RECODED DRUG USE,Recodificada,47299,100.0,False,False,False,Conservar como predictor principal,Conservar como predictor principal,"Dominio contextual, antecedente o versión analítica resumida"
PNRANYYR2,RC-ANY PAIN RELIEVER - PAST YEAR USE,RECODED DRUG USE,Recodificada,47299,100.0,False,False,False,Conservar como predictor principal,Conservar como predictor principal,"Dominio contextual, antecedente o versión analítica resumida"
PNRMAINRSN,RC-MAIN REASON FOR MISUSING PAIN RELIEVERS LAST EPISODE,RECODED DRUG USE,Recodificada,47068,99.512,False,False,False,Conservar como predictor principal,Conservar como predictor principal,"Dominio contextual, antecedente o versión analítica resumida"
PNRNDAYPM,RC-# OF DAYS MISUSED PAIN RELIEVERS IN PAST MONTH,RECODED DRUG USE,Recodificada,47299,100.0,False,False,False,Conservar como predictor principal,Conservar como predictor principal,"Dominio contextual, antecedente o versión analítica resumida"
PNRNMFLAG,RC-PAIN RELIEVERS - EVER MISUSED,RECODED DRUG USE,Recodificada,47299,100.0,False,False,False,Conservar como predictor principal,Conservar como predictor principal,"Dominio contextual, antecedente o versión analítica resumida"
PNRNMMON,RC-PAIN RELIEVERS - PAST MONTH MISUSE,RECODED DRUG USE,Recodificada,47299,100.0,False,False,False,Conservar como predictor principal,Conservar como predictor principal,"Dominio contextual, antecedente o versión analítica resumida"
PNRNMYR,RC-PAIN RELIEVERS - PAST YEAR MISUSE,RECODED DRUG USE,Recodificada,47299,100.0,False,False,False,Conservar como predictor principal,Conservar como predictor principal,"Dominio contextual, antecedente o versión analítica resumida"
PSILCYFLAG,RC-PSILOCYBIN - EVER USED,RECODED DRUG USE,Recodificada,47299,100.0,False,False,False,Conservar como predictor principal,Conservar como predictor principal,"Dominio contextual, antecedente o versión analítica resumida"
PSILCYMON,RC-PSILOCYBIN - PAST MONTH USE,RECODED DRUG USE,Recodificada,47299,100.0,False,False,False,Conservar como predictor principal,Conservar como predictor principal,"Dominio contextual, antecedente o versión analítica resumida"
PSILCYYR,RC-PSILOCYBIN - PAST YEAR USE,RECODED DRUG USE,Recodificada,47299,100.0,False,False,False,Conservar como predictor principal,Conservar como predictor principal,"Dominio contextual, antecedente o versión analítica resumida"
PSYANYFLAG2,RC-ANY PSYCHOTHERAPEUTICS - EVER USED,RECODED DRUG USE,Recodificada,47299,100.0,False,False,False,Conservar como predictor principal,Conservar como predictor principal,"Dominio contextual, antecedente o versión analítica resumida"
PSYANYYR2,RC-ANY PSYCHOTHERAPEUTICS - PAST YEAR USE,RECODED DRUG USE,Recodificada,47299,100.0,False,False,False,Conservar como predictor principal,Conservar como predictor principal,"Dominio contextual, antecedente o versión analítica resumida"
PSYCHFLAG,RC-ANY PSYCHOTHERAPEUTICS - EVER MISUSED,RECODED DRUG USE,Recodificada,47299,100.0,False,False,False,Conservar como predictor principal,Conservar como predictor principal,"Dominio contextual, antecedente o versión analítica resumida"
PSYCHMON,RC-ANY PSYCHOTHERAPEUTICS - PAST MONTH MISUSE,RECODED DRUG USE,Recodificada,47299,100.0,False,False,False,Conservar como predictor principal,Conservar como predictor principal,"Dominio contextual, antecedente o versión analítica resumida"
PSYCHYR,RC-ANY PSYCHOTHERAPEUTICS - PAST YEAR MISUSE,RECODED DRUG USE,Recodificada,47299,100.0,False,False,False,Conservar como predictor principal,Conservar como predictor principal,"Dominio contextual, antecedente o versión analítica resumida"
RXALPRANY,RC-ALPRAZOLEM PRODUCTS - ANY PAST YEAR USE,RECODED DRUG USE,Recodificada,47265,99.928,False,False,False,Conservar como predictor principal,Conservar como predictor principal,"Dominio contextual, antecedente o versión analítica resumida"
RXALPRMIS,RC-ALPRAZOLEM PRODUCTS - PAST YEAR MISUSE,RECODED DRUG USE,Recodificada,47294,99.989,False,False,False,Conservar como predictor principal,Conservar como predictor principal,"Dominio contextual, antecedente o versión analítica resumida"
RXAMMEANY,RC-AMPHETAMINE OR METHYLPHENIDATE PRODS - ANY PAST YEAR USE,RECODED DRUG USE,Recodificada,47282,99.964,False,False,False,Conservar como predictor principal,Conservar como predictor principal,"Dominio contextual, antecedente o versión analítica resumida"
RXAMMEMIS,RC-AMPHETAMINE OR METHYLPHENIDATE PRODS - PAST YEAR MISUSE,RECODED DRUG USE,Recodificada,47296,99.994,False,False,False,Conservar como predictor principal,Conservar como predictor principal,"Dominio contextual, antecedente o versión analítica resumida"
RXAMPHANY,RC-AMPHETAMINE - ANY PAST YEAR USE,RECODED DRUG USE,Recodificada,47278,99.956,False,False,False,Conservar como predictor principal,Conservar como predictor principal,"Dominio contextual, antecedente o versión analítica resumida"
RXAMPHMIS,RC-AMPHETAMINE - PAST YEAR MISUSE,RECODED DRUG USE,Recodificada,47295,99.992,False,False,False,Conservar como predictor principal,Conservar como predictor principal,"Dominio contextual, antecedente o versión analítica resumida"
RXANORANY,RC-ANORECTIC STIMULANTS - ANY PAST YEAR USE,RECODED DRUG USE,Recodificada,47274,99.947,False,False,False,Conservar como predictor principal,Conservar como predictor principal,"Dominio contextual, antecedente o versión analítica resumida"
RXANORMIS,RC-ANORECTIC STIMULANTS - PAST YEAR MISUSE,RECODED DRUG USE,Recodificada,47298,99.998,False,False,False,Conservar como predictor principal,Conservar como predictor principal,"Dominio contextual, antecedente o versión analítica resumida"
RXBARBANY,RC-BARBITUATES - ANY PAST YEAR USE,RECODED DRUG USE,Recodificada,47275,99.949,False,False,False,Conservar como predictor principal,Conservar como predictor principal,"Dominio contextual, antecedente o versión analítica resumida"
RXBARBMIS,RC-BARBITURATES - PAST YEAR MISUSE,RECODED DRUG USE,Recodificada,47297,99.996,False,False,False,Conservar como predictor principal,Conservar como predictor principal,"Dominio contextual, antecedente o versión analítica resumida"
RXBUPRANY2,RC-BUPRENORPHINE PRODUCTS - ANY PAST YEAR USE,RECODED DRUG USE,Recodificada,47217,99.827,False,False,False,Conservar como predictor principal,Conservar como predictor principal,"Dominio contextual, antecedente o versión analítica resumida"
RXBUPRMIS,RC-BUPRENORPHINE PRODUCTS - PAST YEAR MISUSE,RECODED DRUG USE,Recodificada,47285,99.97,False,False,False,Conservar como predictor principal,Conservar como predictor principal,"Dominio contextual, antecedente o versión analítica resumida"
RXBZOSANY,RC-BENZODIAZEPINE SEDATIVES - ANY PAST YEAR USE,RECODED DRUG USE,Recodificada,47282,99.964,False,False,False,Conservar como predictor principal,Conservar como predictor principal,"Dominio contextual, antecedente o versión analítica resumida"
RXBZOSMIS,RC-BENZODIAZEPINE SEDATIVES - PAST YEAR MISUSE,RECODED DRUG USE,Recodificada,47298,99.998,False,False,False,Conservar como predictor principal,Conservar como predictor principal,"Dominio contextual, antecedente o versión analítica resumida"
RXBZOTANY,RC-BENZODIAZEPINE TRANQUILIZERS - ANY PAST YEAR USE,RECODED DRUG USE,Recodificada,47275,99.949,False,False,False,Conservar como predictor principal,Conservar como predictor principal,"Dominio contextual, antecedente o versión analítica resumida"
RXBZOTMIS,RC-BENZODIAZEPINE TRANQUILIZERS - PAST YEAR MISUSE,RECODED DRUG USE,Recodificada,47294,99.989,False,False,False,Conservar como predictor principal,Conservar como predictor principal,"Dominio contextual, antecedente o versión analítica resumida"
RXCLONANY,RC-CLONAZEP AM PRODUCTS - ANY PAST YEAR USE,RECODED DRUG USE,Recodificada,47262,99.922,False,False,False,Conservar como predictor principal,Conservar como predictor principal,"Dominio contextual, antecedente o versión analítica resumida"
RXCLONMIS,RC-CLONAZEPAM PRODUCTS - PAST YEAR MISUSE,RECODED DRUG USE,Recodificada,47293,99.987,False,False,False,Conservar como predictor principal,Conservar como predictor principal,"Dominio contextual, antecedente o versión analítica resumida"
RXCODEANY2,RC-CODEINE PRODUCTS - ANY PAST YEAR USE,RECODED DRUG USE,Recodificada,47217,99.827,False,False,False,Conservar como predictor principal,Conservar como predictor principal,"Dominio contextual, antecedente o versión analítica resumida"
RXCODEMIS,RC-CODEINE PRODUCTS - PAST YEAR MISUSE,RECODED DRUG USE,Recodificada,47280,99.96,False,False,False,Conservar como predictor principal,Conservar como predictor principal,"Dominio contextual, antecedente o versión analítica resumida"
RXCYCLANY,RC-CYCLOBENZAPRINE PRODUCTS - ANY PAST YEAR USE,RECODED DRUG USE,Recodificada,47253,99.903,False,False,False,Conservar como predictor principal,Conservar como predictor principal,"Dominio contextual, antecedente o versión analítica resumida"
RXCYCLMIS,RC-CYCLOBENZAPRINE PRODUCTS - PAST YEAR MISUSE,RECODED DRUG USE,Recodificada,47290,99.981,False,False,False,Conservar como predictor principal,Conservar como predictor principal,"Dominio contextual, antecedente o versión analítica resumida"
RXDEMEANY2,RC-DEMEROL PRODUCTS - ANY PAST YEAR USE,RECODED DRUG USE,Recodificada,47206,99.803,False,False,False,Conservar como predictor principal,Conservar como predictor principal,"Dominio contextual, antecedente o versión analítica resumida"
RXDEMEMIS,RC-DEMEROL PRODUCTS - PAST YEAR MISUSE,RECODED DRUG USE,Recodificada,47287,99.975,False,False,False,Conservar como predictor principal,Conservar como predictor principal,"Dominio contextual, antecedente o versión analítica resumida"
RXDIAZANY,RC-DIAZEPAM PRODUCTS - ANY PAST YEAR USE,RECODED DRUG USE,Recodificada,47260,99.918,False,False,False,Conservar como predictor principal,Conservar como predictor principal,"Dominio contextual, antecedente o versión analítica resumida"
RXDIAZMIS,RC-DIAZEPAM PRODUCTS - PAST YEAR MISUSE,RECODED DRUG USE,Recodificada,47293,99.987,False,False,False,Conservar como predictor principal,Conservar como predictor principal,"Dominio contextual, antecedente o versión analítica resumida"
RXESZOANY,RC-ESZOPICLONE PRODUCTS - ANY PAST YEAR USE,RECODED DRUG USE,Recodificada,47276,99.951,False,False,False,Conservar como predictor principal,Conservar como predictor principal,"Dominio contextual, antecedente o versión analítica resumida"
RXESZOMIS,RC-ESZOPICLONE PRODUCTS - PAST YEAR MISUSE,RECODED DRUG USE,Recodificada,47298,99.998,False,False,False,Conservar como predictor principal,Conservar como predictor principal,"Dominio contextual, antecedente o versión analítica resumida"
RXFLURANY,RC-FLURAZEPAM PRODUCTS - ANY PAST YEAR USE,RECODED DRUG USE,Recodificada,47282,99.964,False,False,False,Conservar como predictor principal,Conservar como predictor principal,"Dominio contextual, antecedente o versión analítica resumida"
RXHYDCANY2,RC-HYDROCODONE PRODUCTS - ANY PAST YEAR USE,RECODED DRUG USE,Recodificada,47220,99.833,False,False,False,Conservar como predictor principal,Conservar como predictor principal,"Dominio contextual, antecedente o versión analítica resumida"
RXHYDCMIS,RC-HYDROCODONE PRODUCTS - PAST YEAR MISUSE,RECODED DRUG USE,Recodificada,47287,99.975,False,False,False,Conservar como predictor principal,Conservar como predictor principal,"Dominio contextual, antecedente o versión analítica resumida"
RXHYDMANY2,RC-HYDROMORPHONE PRODUCTS - ANY PAST YEAR USE,RECODED DRUG USE,Recodificada,47206,99.803,False,False,False,Conservar como predictor principal,Conservar como predictor principal,"Dominio contextual, antecedente o versión analítica resumida"
RXHYDMMIS,RC-HYDROMORPHONE PRODUCTS - PAST YEAR MISUSE,RECODED DRUG USE,Recodificada,47287,99.975,False,False,False,Conservar como predictor principal,Conservar como predictor principal,"Dominio contextual, antecedente o versión analítica resumida"
RXLORAANY,RC-LORAZEPAM PRODUCTS - ANY PAST YEAR USE,RECODED DRUG USE,Recodificada,47262,99.922,False,False,False,Conservar como predictor principal,Conservar como predictor principal,"Dominio contextual, antecedente o versión analítica resumida"
RXLORAMIS,RC-LORAZEPAM PRODUCTS - PAST YEAR MISUSE,RECODED DRUG USE,Recodificada,47293,99.987,False,False,False,Conservar como predictor principal,Conservar como predictor principal,"Dominio contextual, antecedente o versión analítica resumida"
RXMORPANY2,RC-MORPHINE PRODUCTS - ANY PAST YEAR USE,RECODED DRUG USE,Recodificada,47205,99.801,False,False,False,Conservar como predictor principal,Conservar como predictor principal,"Dominio contextual, antecedente o versión analítica resumida"
RXMORPMIS,RC-MORPHINE PRODUCTS - PAST YEAR MISUSE,RECODED DRUG USE,Recodificada,47286,99.973,False,False,False,Conservar como predictor principal,Conservar como predictor principal,"Dominio contextual, antecedente o versión analítica resumida"
RXMRLXANY,RC-MUSCLE RELAXANTS - ANY PAST YEAR USE,RECODED DRUG USE,Recodificada,47253,99.903,False,False,False,Conservar como predictor principal,Conservar como predictor principal,"Dominio contextual, antecedente o versión analítica resumida"
RXMRLXMIS,RC-MUSCLE RELAXANTS - PAST YEAR MISUSE,RECODED DRUG USE,Recodificada,47288,99.977,False,False,False,Conservar como predictor principal,Conservar como predictor principal,"Dominio contextual, antecedente o versión analítica resumida"
RXMTDNANY2,RC-METHADONE PRODUCTS - ANY PAST YEAR USE,RECODED DRUG USE,Recodificada,47206,99.803,False,False,False,Conservar como predictor principal,Conservar como predictor principal,"Dominio contextual, antecedente o versión analítica resumida"
RXMTDNMIS,RC-METHADONE PRODUCTS - PAST YEAR MISUSE,RECODED DRUG USE,Recodificada,47286,99.973,False,False,False,Conservar como predictor principal,Conservar como predictor principal,"Dominio contextual, antecedente o versión analítica resumida"
RXMTHPANY,RC-METHYLPHENIDATE PRODUCTS - ANY PAST YEAR USE,RECODED DRUG USE,Recodificada,47276,99.951,False,False,False,Conservar como predictor principal,Conservar como predictor principal,"Dominio contextual, antecedente o versión analítica resumida"
RXMTHPMIS,RC-METHYLPHENIDATE PRODUCTS - PAST YEAR MISUSE,RECODED DRUG USE,Recodificada,47297,99.996,False,False,False,Conservar como predictor principal,Conservar como predictor principal,"Dominio contextual, antecedente o versión analítica resumida"
RXOPPRNMMON,RC-PRESCRIPTION OPIOIDS - PAST MONTH MISUSE,RECODED DRUG USE,Recodificada,357,0.755,False,False,False,Conservar como predictor principal,Conservar como predictor principal,"Dominio contextual, antecedente o versión analítica resumida"
RXOXCOANY2,RC-OXYCODONE PRODUCTS - ANY PAST YEAR USE,RECODED DRUG USE,Recodificada,47215,99.822,False,False,False,Conservar como predictor principal,Conservar como predictor principal,"Dominio contextual, antecedente o versión analítica resumida"
RXOXCOMIS,RC-OXYCODONE PRODUCTS - PAST YEAR MISUSE,RECODED DRUG USE,Recodificada,47281,99.962,False,False,False,Conservar como predictor principal,Conservar como predictor principal,"Dominio contextual, antecedente o versión analítica resumida"
RXOXYMANY2,RC-OXYMORPHONE PRODUCTS - ANY PAST YEAR USE,RECODED DRUG USE,Recodificada,47214,99.82,False,False,False,Conservar como predictor principal,Conservar como predictor principal,"Dominio contextual, antecedente o versión analítica resumida"
RXOXYMMIS,RC-OXYMORPHONE PRODUCTS - PAST YEAR MISUSE,RECODED DRUG USE,Recodificada,47288,99.977,False,False,False,Conservar como predictor principal,Conservar como predictor principal,"Dominio contextual, antecedente o versión analítica resumida"
RXPROVANY,RC-PROVIGIL PRODUCTS- ANY PAST YEAR USE,RECODED DRUG USE,Recodificada,47274,99.947,False,False,False,Conservar como predictor principal,Conservar como predictor principal,"Dominio contextual, antecedente o versión analítica resumida"
RXPROVMIS,RC-PROVIGIL PRODUCTS- PAST YEAR MISUSE,RECODED DRUG USE,Recodificada,47298,99.998,False,False,False,Conservar como predictor principal,Conservar como predictor principal,"Dominio contextual, antecedente o versión analítica resumida"
RXSOMAANY,RC-SOMA PRODUCTS - ANY PAST YEAR USE,RECODED DRUG USE,Recodificada,47253,99.903,False,False,False,Conservar como predictor principal,Conservar como predictor principal,"Dominio contextual, antecedente o versión analítica resumida"
RXSOMAMIS,RC-SOMA PRODUCTS - PAST YEAR MISUSE,RECODED DRUG USE,Recodificada,47291,99.983,False,False,False,Conservar como predictor principal,Conservar como predictor principal,"Dominio contextual, antecedente o versión analítica resumida"
RXTEMAANY,RC-TEMAZEPAM PRODUCTS - ANY PAST YEAR USE,RECODED DRUG USE,Recodificada,47282,99.964,False,False,False,Conservar como predictor principal,Conservar como predictor principal,"Dominio contextual, antecedente o versión analítica resumida"
RXTRAMANY2,RC-TRAMADOL PRODUCTS - ANY PAST YEAR USE,RECODED DRUG USE,Recodificada,47204,99.799,False,False,False,Conservar como predictor principal,Conservar como predictor principal,"Dominio contextual, antecedente o versión analítica resumida"
RXTRAMMIS,RC-TRAMADOL PRODUCTS - PAST YEAR MISUSE,RECODED DRUG USE,Recodificada,47277,99.953,False,False,False,Conservar como predictor principal,Conservar como predictor principal,"Dominio contextual, antecedente o versión analítica resumida"
RXTRIAANY,RC-TRIAZOLAM PRODUCTS - ANY PAST YEAR USE,RECODED DRUG USE,Recodificada,47282,99.964,False,False,False,Conservar como predictor principal,Conservar como predictor principal,"Dominio contextual, antecedente o versión analítica resumida"
RXZALEANY,RC-ZALEPLON PRODUCTS - ANY PAST YEAR USE,RECODED DRUG USE,Recodificada,47276,99.951,False,False,False,Conservar como predictor principal,Conservar como predictor principal,"Dominio contextual, antecedente o versión analítica resumida"
RXZOHYANY2,RC-ZOHYDRO ER - ANY PAST YEAR USE,RECODED DRUG USE,Recodificada,47219,99.831,False,False,False,Conservar como predictor principal,Conservar como predictor principal,"Dominio contextual, antecedente o versión analítica resumida"
RXZOHYMIS,RC-ZOHYDRO ER - PAST YEAR MISUSE,RECODED DRUG USE,Recodificada,47289,99.979,False,False,False,Conservar como predictor principal,Conservar como predictor principal,"Dominio contextual, antecedente o versión analítica resumida"
RXZOLPANY,RC-ZOLPIDEM PRODUCTS - ANY PAST YEAR USE,RECODED DRUG USE,Recodificada,47278,99.956,False,False,False,Conservar como predictor principal,Conservar como predictor principal,"Dominio contextual, antecedente o versión analítica resumida"
RXZOLPMIS,RC-ZOLPIDEM PRODUCTS - PAST YEAR MISUSE,RECODED DRUG USE,Recodificada,47299,100.0,False,False,False,Conservar como predictor principal,Conservar como predictor principal,"Dominio contextual, antecedente o versión analítica resumida"
SALVIAFLAG,RC-SALVIA - EVER USED,RECODED DRUG USE,Recodificada,47299,100.0,False,False,False,Conservar como predictor principal,Conservar como predictor principal,"Dominio contextual, antecedente o versión analítica resumida"
SALVIAMON,RC-SALVIA - PAST MONTH USE,RECODED DRUG USE,Recodificada,47299,100.0,False,False,False,Conservar como predictor principal,Conservar como predictor principal,"Dominio contextual, antecedente o versión analítica resumida"
SALVIAYR,RC-SALVIA - PAST YEAR USE,RECODED DRUG USE,Recodificada,47299,100.0,False,False,False,Conservar como predictor principal,Conservar como predictor principal,"Dominio contextual, antecedente o versión analítica resumida"
SEDANYFLAG,RC-ANY SEDATIVES - EVER USED,RECODED DRUG USE,Recodificada,47299,100.0,False,False,False,Conservar como predictor principal,Conservar como predictor principal,"Dominio contextual, antecedente o versión analítica resumida"
SEDANYYR,RC-ANY SEDATIVES - PAST YEAR USE,RECODED DRUG USE,Recodificada,47299,100.0,False,False,False,Conservar como predictor principal,Conservar como predictor principal,"Dominio contextual, antecedente o versión analítica resumida"
SEDMAINRSN,RC-MAIN REASON FOR MISUSING SEDATIVES LAST EPISODE,RECODED DRUG USE,Recodificada,47045,99.463,False,False,False,Conservar como predictor principal,Conservar como predictor principal,"Dominio contextual, antecedente o versión analítica resumida"
SEDNDAYPM,RC-# OF DAYS MISUSED SEDATIVES IN PAST MONTH,RECODED DRUG USE,Recodificada,47299,100.0,False,False,False,Conservar como predictor principal,Conservar como predictor principal,"Dominio contextual, antecedente o versión analítica resumida"
SEDNMFLAG,RC-SEDATIVES - EVER MISUSED,RECODED DRUG USE,Recodificada,47299,100.0,False,False,False,Conservar como predictor principal,Conservar como predictor principal,"Dominio contextual, antecedente o versión analítica resumida"
SEDNMMON,RC-SEDATIVES - PAST MONTH MISUSE,RECODED DRUG USE,Recodificada,47299,100.0,False,False,False,Conservar como predictor principal,Conservar como predictor principal,"Dominio contextual, antecedente o versión analítica resumida"
SEDNMYR,RC-SEDATIVES - PAST YEAR MISUSE,RECODED DRUG USE,Recodificada,47299,100.0,False,False,False,Conservar como predictor principal,Conservar como predictor principal,"Dominio contextual, antecedente o versión analítica resumida"
SMKLSMDAYS,RC-# OF DAYS USED SMOKELESS TOBACCO IN PAST MONTH,RECODED DRUG USE,Recodificada,47299,100.0,False,False,False,Conservar como predictor principal,Conservar como predictor principal,"Dominio contextual, antecedente o versión analítica resumida"
SMKLSSFLAG,RC-SMOKELESS TOBACCO - EVER USED,RECODED DRUG USE,Recodificada,47299,100.0,False,False,False,Conservar como predictor principal,Conservar como predictor principal,"Dominio contextual, antecedente o versión analítica resumida"
SMKLSSMON,RC-SMOKELESS TOBACCO - PAST MONTH USE,RECODED DRUG USE,Recodificada,47299,100.0,False,False,False,Conservar como predictor principal,Conservar como predictor principal,"Dominio contextual, antecedente o versión analítica resumida"
SMKLSSYR,RC-SMOKELESS TOBACCO - PAST YEAR USE,RECODED DRUG USE,Recodificada,47299,100.0,False,False,False,Conservar como predictor principal,Conservar como predictor principal,"Dominio contextual, antecedente o versión analítica resumida"
SOLVENEVER2,"RC-EVER INHALED LACQUER THINNER, OTHER PAINT SOLVENTS",RECODED DRUG USE,Recodificada,47293,99.987,False,False,False,Conservar como predictor principal,Conservar como predictor principal,"Dominio contextual, antecedente o versión analítica resumida"
SPAINTEVER2,RC-EVER INHALED SPRAY PAINTS,RECODED DRUG USE,Recodificada,47295,99.992,False,False,False,Conservar como predictor principal,Conservar como predictor principal,"Dominio contextual, antecedente o versión analítica resumida"
SRCCLFRPNR,RC-COLLAPSED SOURCE OF FRND/REL PAIN RLVRS FOR LAST MISUSE,RECODED DRUG USE,Recodificada,401,0.848,False,False,False,Conservar como predictor principal,Conservar como predictor principal,"Dominio contextual, antecedente o versión analítica resumida"
SRCCLFRSED,RC-COLLAPSED SOURCE OF FRND/REL SEDATIVES FOR LAST MISUSE,RECODED DRUG USE,Recodificada,55,0.116,False,False,False,Conservar como predictor principal,Conservar como predictor principal,"Dominio contextual, antecedente o versión analítica resumida"
SRCCLFRSTM,RC-COLLAPSED SOURCE OF FRND/REL STIMULANTS FOR LAST MISUSE,RECODED DRUG USE,Recodificada,437,0.924,False,False,False,Conservar como predictor principal,Conservar como predictor principal,"Dominio contextual, antecedente o versión analítica resumida"
SRCCLFRTRQ,RC-COLLAPSED SOURCE OF FRND/REL TRANQLZRS FOR LAST MISUSE,RECODED DRUG USE,Recodificada,297,0.628,False,False,False,Conservar como predictor principal,Conservar como predictor principal,"Dominio contextual, antecedente o versión analítica resumida"
SRCFRPNRNM,RC-SOURCE OF FRIEND/RELATIVE PAIN RELIEVERS FOR LAST MISUSE,RECODED DRUG USE,Recodificada,401,0.848,False,False,False,Conservar como predictor principal,Conservar como predictor principal,"Dominio contextual, antecedente o versión analítica resumida"
SRCFRSEDNM,RC-SOURCE OF FRIEND/RELATIVE SEDATIVES FOR LAST MISUSE,RECODED DRUG USE,Recodificada,55,0.116,False,False,False,Conservar como predictor principal,Conservar como predictor principal,"Dominio contextual, antecedente o versión analítica resumida"
SRCFRSTMNM,RC-SOURCE OF FRIEND/RELATIVE STIMULANTS FOR LAST MISUSE,RECODED DRUG USE,Recodificada,437,0.924,False,False,False,Conservar como predictor principal,Conservar como predictor principal,"Dominio contextual, antecedente o versión analítica resumida"
SRCFRTRQNM,RC-SOURCE OF FRIEND/RELATIVE TRANQUILIZERS FOR LAST MISUSE,RECODED DRUG USE,Recodificada,297,0.628,False,False,False,Conservar como predictor principal,Conservar como predictor principal,"Dominio contextual, antecedente o versión analítica resumida"
SRCPNRNM2,RC-SOURCE OF PAIN RELIEVERS FOR LAST MISUSE,RECODED DRUG USE,Recodificada,47299,100.0,False,False,False,Conservar como predictor principal,Conservar como predictor principal,"Dominio contextual, antecedente o versión analítica resumida"
SRCSEDNM2,RC-SOURCE OF SEDATIVES FOR LAST MISUSE,RECODED DRUG USE,Recodificada,47299,100.0,False,False,False,Conservar como predictor principal,Conservar como predictor principal,"Dominio contextual, antecedente o versión analítica resumida"
SRCSTMNM2,RC-SOURCE OF STIMULANTS FOR LAST MISUSE,RECODED DRUG USE,Recodificada,47299,100.0,False,False,False,Conservar como predictor principal,Conservar como predictor principal,"Dominio contextual, antecedente o versión analítica resumida"
SRCTRQNM2,RC-SOURCE OF TRANQUILIZERS FOR LAST MISUSE,RECODED DRUG USE,Recodificada,47299,100.0,False,False,False,Conservar como predictor principal,Conservar como predictor principal,"Dominio contextual, antecedente o versión analítica resumida"
STMANYFLAG,RC-ANY STIMULANTS - EVER USED,RECODED DRUG USE,Recodificada,47299,100.0,False,False,False,Conservar como predictor principal,Conservar como predictor principal,"Dominio contextual, antecedente o versión analítica resumida"
STMANYYR,RC-ANY STIMULANTS - PAST YEAR USE,RECODED DRUG USE,Recodificada,47299,100.0,False,False,False,Conservar como predictor principal,Conservar como predictor principal,"Dominio contextual, antecedente o versión analítica resumida"
STMMAINRSN,RC-MAIN REASON FOR MISUSING STIMULANTS LAST EPISODE,RECODED DRUG USE,Recodificada,47083,99.543,False,False,False,Conservar como predictor principal,Conservar como predictor principal,"Dominio contextual, antecedente o versión analítica resumida"
STMNDAYPM,RC-# OF DAYS MISUSED STIMULANTS IN PAST MONTH,RECODED DRUG USE,Recodificada,47299,100.0,False,False,False,Conservar como predictor principal,Conservar como predictor principal,"Dominio contextual, antecedente o versión analítica resumida"
STMNMFLAG,RC-STIMULANTS - EVER MISUSED,RECODED DRUG USE,Recodificada,47299,100.0,False,False,False,Conservar como predictor principal,Conservar como predictor principal,"Dominio contextual, antecedente o versión analítica resumida"
STMNMMON,RC-STIMULANTS - PAST MONTH MISUSE,RECODED DRUG USE,Recodificada,47299,100.0,False,False,False,Conservar como predictor principal,Conservar como predictor principal,"Dominio contextual, antecedente o versión analítica resumida"
STMNMYR,RC-STIMULANTS - PAST YEAR MISUSE,RECODED DRUG USE,Recodificada,47299,100.0,False,False,False,Conservar como predictor principal,Conservar como predictor principal,"Dominio contextual, antecedente o versión analítica resumida"
TOBALCFLG,RC-TOBACCO PRODUCT OR ALCOHOL - EVER USED,RECODED DRUG USE,Recodificada,40345,85.298,False,False,False,Conservar como predictor principal,Conservar como predictor principal,"Dominio contextual, antecedente o versión analítica resumida"
TOBALCMN,RC-TOBACCO PRODUCT OR ALCOHOL - PAST MONTH USE,RECODED DRUG USE,Recodificada,27317,57.754,False,False,False,Conservar como predictor principal,Conservar como predictor principal,"Dominio contextual, antecedente o versión analítica resumida"
TOBALCYR,RC-TOBACCO PRODUCT OR ALCOHOL - PAST YEAR USE,RECODED DRUG USE,Recodificada,34297,72.511,False,False,False,Conservar como predictor principal,Conservar como predictor principal,"Dominio contextual, antecedente o versión analítica resumida"
TOBCIGONL,RC-CIGARETTE/NONCIGARETTE TOBACCO ONLY - PAST MONTH USE,RECODED DRUG USE,Recodificada,8501,17.973,False,False,False,Conservar como predictor principal,Conservar como predictor principal,"Dominio contextual, antecedente o versión analítica resumida"
TOBCIGVAP2,RC-NIC VAPING AND CIG/NONCIG TOBACCO COMBINATIONS-PM USE,RECODED DRUG USE,Recodificada,47299,100.0,False,False,False,Conservar como predictor principal,Conservar como predictor principal,"Dominio contextual, antecedente o versión analítica resumida"
TOBFLAG,RC-ANY TOBACCO - EVER USED,RECODED DRUG USE,Recodificada,47299,100.0,False,False,False,Conservar como predictor principal,Conservar como predictor principal,"Dominio contextual, antecedente o versión analítica resumida"
TOBMON,RC-ANY TOBACCO - PAST MONTH USE,RECODED DRUG USE,Recodificada,47299,100.0,False,False,False,Conservar como predictor principal,Conservar como predictor principal,"Dominio contextual, antecedente o versión analítica resumida"
TOBVAPONL2,RC-NIC VAPING / TOBACCO PRODUCTS ONLY - PAST MONTH USE,RECODED DRUG USE,Recodificada,47299,100.0,False,False,False,Conservar como predictor principal,Conservar como predictor principal,"Dominio contextual, antecedente o versión analítica resumida"
TOBVNICFLAG,RC-ANY TOBACCO PRODUCTS OR NICOTINE VAPING - EVER USED,RECODED DRUG USE,Recodificada,47299,100.0,False,False,False,Conservar como predictor principal,Conservar como predictor principal,"Dominio contextual, antecedente o versión analítica resumida"
TOBVNICMON,RC-ANY TOBACCO PRODUCTS OR NICOTINE VAPING - PAST MONTH USE,RECODED DRUG USE,Recodificada,47299,100.0,False,False,False,Conservar como predictor principal,Conservar como predictor principal,"Dominio contextual, antecedente o versión analítica resumida"
TOBVNICYR,RC-ANY TOBACCO PRODUCTS OR NICOTINE VAPING - PAST YEAR USE,RECODED DRUG USE,Recodificada,47299,100.0,False,False,False,Conservar como predictor principal,Conservar como predictor principal,"Dominio contextual, antecedente o versión analítica resumida"
TOBYR,RC-ANY TOBACCO - PAST YEAR USE,RECODED DRUG USE,Recodificada,47299,100.0,False,False,False,Conservar como predictor principal,Conservar como predictor principal,"Dominio contextual, antecedente o versión analítica resumida"
TQSDANYFLG,RC-ANY TRANQUILIZERS OR SEDATIVES - EVER USED,RECODED DRUG USE,Recodificada,10902,23.049,False,False,False,Conservar como predictor principal,Conservar como predictor principal,"Dominio contextual, antecedente o versión analítica resumida"
TQSDANYYR,RC-ANY TRANQUILIZERS OR SEDATIVES - PAST YEAR USE,RECODED DRUG USE,Recodificada,6304,13.328,False,False,False,Conservar como predictor principal,Conservar como predictor principal,"Dominio contextual, antecedente o versión analítica resumida"
TQSDNMFLAG,RC-TRANQUILIZERS OR SEDATIVES - EVER MISUSED,RECODED DRUG USE,Recodificada,2287,4.835,False,False,False,Conservar como predictor principal,Conservar como predictor principal,"Dominio contextual, antecedente o versión analítica resumida"
TQSDNMMON,RC-TRANQUILIZERS OR SEDATIVES - PAST MONTH MISUSE,RECODED DRUG USE,Recodificada,265,0.56,False,False,False,Conservar como predictor principal,Conservar como predictor principal,"Dominio contextual, antecedente o versión analítica resumida"
TQSDNMYR,RC-TRANQUILIZERS OR SEDATIVES - PAST YEAR MISUSE,RECODED DRUG USE,Recodificada,874,1.848,False,False,False,Conservar como predictor principal,Conservar como predictor principal,"Dominio contextual, antecedente o versión analítica resumida"
TRQANYFLAG,RC-ANY TRANQUILIZERS - EVER USED,RECODED DRUG USE,Recodificada,47299,100.0,False,False,False,Conservar como predictor principal,Conservar como predictor principal,"Dominio contextual, antecedente o versión analítica resumida"
TRQANYYR,RC-ANY TRANQUILIZERS - PAST YEAR USE,RECODED DRUG USE,Recodificada,47299,100.0,False,False,False,Conservar como predictor principal,Conservar como predictor principal,"Dominio contextual, antecedente o versión analítica resumida"
TRQMAINRSN,RC-MAIN REASON FOR MISUSING TRANQUILIZERS LAST EPISODE,RECODED DRUG USE,Recodificada,47118,99.617,False,False,False,Conservar como predictor principal,Conservar como predictor principal,"Dominio contextual, antecedente o versión analítica resumida"
TRQNDAYPM,RC-# OF DAYS MISUSED TRANQUILIZERS IN PAST MONTH,RECODED DRUG USE,Recodificada,47299,100.0,False,False,False,Conservar como predictor principal,Conservar como predictor principal,"Dominio contextual, antecedente o versión analítica resumida"
TRQNMFLAG,RC-TRANQUILIZERS - EVER MISUSED,RECODED DRUG USE,Recodificada,47299,100.0,False,False,False,Conservar como predictor principal,Conservar como predictor principal,"Dominio contextual, antecedente o versión analítica resumida"
TRQNMMON,RC-TRANQUILIZERS - PAST MONTH MISUSE,RECODED DRUG USE,Recodificada,47299,100.0,False,False,False,Conservar como predictor principal,Conservar como predictor principal,"Dominio contextual, antecedente o versión analítica resumida"
TRQNMYR,RC-TRANQUILIZERS - PAST YEAR MISUSE,RECODED DRUG USE,Recodificada,47299,100.0,False,False,False,Conservar como predictor principal,Conservar como predictor principal,"Dominio contextual, antecedente o versión analítica resumida"
ENRLCOLLFT2,RC-COLLEGE ENROLLMENT-FULL TIME,RECODED EDUCATION,Recodificada,47299,100.0,False,False,False,Conservar como predictor principal,Conservar como predictor principal,"Dominio contextual, antecedente o versión analítica resumida"
ENRLCOLLST2,RC-COLLEGE ENROLLMENT,RECODED EDUCATION,Recodificada,47299,100.0,False,False,False,Conservar como predictor principal,Conservar como predictor principal,"Dominio contextual, antecedente o versión analítica resumida"
BMI2,RC-BODY MASS INDEX (BMI),RECODED HEALTH,Recodificada,45049,95.243,False,False,False,Conservar como predictor principal,Conservar como predictor principal,"Dominio contextual, antecedente o versión analítica resumida"
PREGST,RC-PREGNANCY STATUS OF FEMALES AGED 12-50,RECODED HEALTH,Recodificada,19839,41.944,False,False,False,Conservar como predictor principal,Conservar como predictor principal,"Dominio contextual, antecedente o versión analítica resumida"
TELEAPTYR2,RC-TALK TO DOC ABOUT VIRTUAL SERVICE TREATMENT-PAST YEAR,RECODED HEALTH,Recodificada,46272,97.829,False,False,False,Conservar como predictor principal,Conservar como predictor principal,"Dominio contextual, antecedente o versión analítica resumida"
ANYHLTI2,COVERED BY ANY HEALTH INSURANCE - RECODE,RECODED HEALTH INSURANCE,Recodificada,45248,95.664,False,False,False,Conservar como predictor principal,Conservar como predictor principal,"Dominio contextual, antecedente o versión analítica resumida"
HLCALL99,YES TO MEDICARE/MEDICAID/CHAMPUS/PRVHLTIN,RECODED HEALTH INSURANCE,Recodificada,18,0.038,False,False,False,Conservar como predictor principal,Conservar como predictor principal,"Dominio contextual, antecedente o versión analítica resumida"
IRINSUR4,RC-OVERALL HEALTH INSURANCE - IMPUTATION REVISED,RECODED HEALTH INSURANCE,Recodificada,47299,100.0,False,False,False,Conservar como predictor principal,Conservar como predictor principal,"Dominio contextual, antecedente o versión analítica resumida"
OTHINS,"RC-HEALTH INSURANCE OTHER THAN PRIVATE, MEDICAID/CHIP",RECODED HEALTH INSURANCE,Recodificada,9348,19.764,False,False,False,Conservar como predictor principal,Conservar como predictor principal,"Dominio contextual, antecedente o versión analítica resumida"
GOVTPROG,RC-PARTICIPATED IN ONE OR MORE GOVT ASSIST PROGRAMS,RECODED INCOME,Recodificada,47299,100.0,False,False,False,Conservar como predictor principal,Conservar como predictor principal,"Dominio contextual, antecedente o versión analítica resumida"
INCOME,RC-TOTAL FAMILY INCOME RECODE,RECODED INCOME,Recodificada,47299,100.0,False,False,False,Conservar como predictor principal,Conservar como predictor principal,"Dominio contextual, antecedente o versión analítica resumida"
POVERTY3,RC-POVERTY LEVEL (% OF US CENSUS POVERTY THRESHOLD),RECODED INCOME,Recodificada,47163,99.712,False,False,False,Conservar como predictor principal,Conservar como predictor principal,"Dominio contextual, antecedente o versión analítica resumida"
APPDRGMON2,RC-APPROACHED BY SOMEONE SELLING DRUGS,RECODED RISK/AVAILABILITY,Recodificada,46921,99.201,False,False,False,Conservar como predictor principal,Conservar como predictor principal,"Dominio contextual, antecedente o versión analítica resumida"
DIFOBTCOC,RC-COCAINE FAIRLY OR VERY EASY TO OBTAIN,RECODED RISK/AVAILABILITY,Recodificada,9550,20.191,False,False,False,Conservar como predictor principal,Conservar como predictor principal,"Dominio contextual, antecedente o versión analítica resumida"
DIFOBTCRK,RC-CRACK FAIRLY OR VERY EASY TO OBTAIN,RECODED RISK/AVAILABILITY,Recodificada,6868,14.52,False,False,False,Conservar como predictor principal,Conservar como predictor principal,"Dominio contextual, antecedente o versión analítica resumida"
DIFOBTHER,RC-HEROIN FAIRLY OR VERY EASY TO OBTAIN,RECODED RISK/AVAILABILITY,Recodificada,6152,13.007,False,False,False,Conservar como predictor principal,Conservar como predictor principal,"Dominio contextual, antecedente o versión analítica resumida"
DIFOBTLSD,RC-LSD FAIRLY OR VERY EASY TO OBTAIN,RECODED RISK/AVAILABILITY,Recodificada,6654,14.068,False,False,False,Conservar como predictor principal,Conservar como predictor principal,"Dominio contextual, antecedente o versión analítica resumida"
DIFOBTMRJ,RC-MARIJUANA FAIRLY OR VERY EASY TO OBTAIN,RECODED RISK/AVAILABILITY,Recodificada,33684,71.215,False,False,False,Conservar como predictor principal,Conservar como predictor principal,"Dominio contextual, antecedente o versión analítica resumida"
GRSKBNGDLY,RC-GREAT RISK:  HAVE 4-5 ALC DRINKS PER DAY,RECODED RISK/AVAILABILITY,Recodificada,32448,68.602,False,False,False,Conservar como predictor principal,Conservar como predictor principal,"Dominio contextual, antecedente o versión analítica resumida"
GRSKBNGWK,RC-GREAT RISK:  HAVE 5+ ALC DRINKS 1-2 TIMES PER WEEK,RECODED RISK/AVAILABILITY,Recodificada,21176,44.771,False,False,False,Conservar como predictor principal,Conservar como predictor principal,"Dominio contextual, antecedente o versión analítica resumida"
GRSKCIGPKD,RC-GREAT RISK:  SMOKE 1+ PACKS CIGARETTES PER DAY,RECODED RISK/AVAILABILITY,Recodificada,30939,65.412,False,False,False,Conservar como predictor principal,Conservar como predictor principal,"Dominio contextual, antecedente o versión analítica resumida"
GRSKCOCMON,RC-GREAT RISK:  USE COCAINE ONCE A MONTH,RECODED RISK/AVAILABILITY,Recodificada,29886,63.185,False,False,False,Conservar como predictor principal,Conservar como predictor principal,"Dominio contextual, antecedente o versión analítica resumida"
GRSKCOCWK,RC-GREAT RISK:  USE COCAINE 1-2 TIMES PER WEEK,RECODED RISK/AVAILABILITY,Recodificada,38520,81.439,False,False,False,Conservar como predictor principal,Conservar como predictor principal,"Dominio contextual, antecedente o versión analítica resumida"
GRSKHERTRY,RC-GREAT RISK:  TRYING HEROIN ONCE OR TWICE,RECODED RISK/AVAILABILITY,Recodificada,37676,79.655,False,False,False,Conservar como predictor principal,Conservar como predictor principal,"Dominio contextual, antecedente o versión analítica resumida"
GRSKHERWK,RC-GREAT RISK:  USE HEROIN 1-2 TIMES PER WEEK,RECODED RISK/AVAILABILITY,Recodificada,42879,90.655,False,False,False,Conservar como predictor principal,Conservar como predictor principal,"Dominio contextual, antecedente o versión analítica resumida"
GRSKLSDTRY,RC-GREAT RISK:  TRYING LSD ONCE OR TWICE,RECODED RISK/AVAILABILITY,Recodificada,23642,49.984,False,False,False,Conservar como predictor principal,Conservar como predictor principal,"Dominio contextual, antecedente o versión analítica resumida"
GRSKLSDWK,RC-GREAT RISK:  USE LSD 1-2 TIMES PER WEEK,RECODED RISK/AVAILABILITY,Recodificada,31765,67.158,False,False,False,Conservar como predictor principal,Conservar como predictor principal,"Dominio contextual, antecedente o versión analítica resumida"
GRSKMRJMON,RC-GREAT RISK:  USE MARIJUANA ONCE A MONTH,RECODED RISK/AVAILABILITY,Recodificada,8026,16.969,False,False,False,Conservar como predictor principal,Conservar como predictor principal,"Dominio contextual, antecedente o versión analítica resumida"
GRSKMRJWK,RC-GREAT RISK:  USE MARIJUANA 1-2 TIMES PER WEEK,RECODED RISK/AVAILABILITY,Recodificada,9746,20.605,False,False,False,Conservar como predictor principal,Conservar como predictor principal,"Dominio contextual, antecedente o versión analítica resumida"
ANYNDLREC,RC-MOST RECENT USE OF ANY DRUG WITH A NEEDLE,RECODED SPECIAL DRUGS,Recodificada,47028,99.427,False,False,False,Conservar como predictor principal,Conservar como predictor principal,"Dominio contextual, antecedente o versión analítica resumida"
CHMNDLREC,RC-MOST RECENT USE OF COC/HER/METH WITH A NEEDLE,RECODED SPECIAL DRUGS,Recodificada,47192,99.774,False,False,False,Conservar como predictor principal,Conservar como predictor principal,"Dominio contextual, antecedente o versión analítica resumida"
COCNEDEVER,RC-EVER USED A NEEDLE TO INJECT COCAINE,RECODED SPECIAL DRUGS,Recodificada,47255,99.907,False,False,False,Conservar como predictor principal,Conservar como predictor principal,"Dominio contextual, antecedente o versión analítica resumida"
GHBFLAG,RC-GHB - EVER USED,RECODED SPECIAL DRUGS,Recodificada,47299,100.0,False,False,False,Conservar como predictor principal,Conservar como predictor principal,"Dominio contextual, antecedente o versión analítica resumida"
GHBMON,RC-GHB - PAST MONTH USE,RECODED SPECIAL DRUGS,Recodificada,47299,100.0,False,False,False,Conservar como predictor principal,Conservar como predictor principal,"Dominio contextual, antecedente o versión analítica resumida"
GHBYR,RC-GHB - PAST YEAR USE,RECODED SPECIAL DRUGS,Recodificada,47299,100.0,False,False,False,Conservar como predictor principal,Conservar como predictor principal,"Dominio contextual, antecedente o versión analítica resumida"
HERNEDEVER,RC-EVER USED A NEEDLE TO INJECT HEROIN,RECODED SPECIAL DRUGS,Recodificada,47289,99.979,False,False,False,Conservar como predictor principal,Conservar como predictor principal,"Dominio contextual, antecedente o versión analítica resumida"
HERSMOEVER,RC-EVER SMOKED HEROIN,RECODED SPECIAL DRUGS,Recodificada,47288,99.977,False,False,False,Conservar como predictor principal,Conservar como predictor principal,"Dominio contextual, antecedente o versión analítica resumida"
HERSNIEVER,RC-EVER SNIFFED HEROIN,RECODED SPECIAL DRUGS,Recodificada,47288,99.977,False,False,False,Conservar como predictor principal,Conservar como predictor principal,"Dominio contextual, antecedente o versión analítica resumida"
MTHNEDEVER,RC-EVER USED NEEDLE TO INJECT METHAMPHETAMINE,RECODED SPECIAL DRUGS,Recodificada,47279,99.958,False,False,False,Conservar como predictor principal,Conservar como predictor principal,"Dominio contextual, antecedente o versión analítica resumida"
NPCOLDFLAG,RC-NONPRESCRIPTION COUGH OR COLD MEDS - EVER USED,RECODED SPECIAL DRUGS,Recodificada,47299,100.0,False,False,False,Conservar como predictor principal,Conservar como predictor principal,"Dominio contextual, antecedente o versión analítica resumida"
NPCOLDMON,RC-NONPRESCRIPTION COUGH OR COLD MEDS - PAST MONTH USE,RECODED SPECIAL DRUGS,Recodificada,47299,100.0,False,False,False,Conservar como predictor principal,Conservar como predictor principal,"Dominio contextual, antecedente o versión analítica resumida"
NPCOLDYR,RC-NONPRESCRIPTION COUGH OR COLD MEDS - PAST YEAR USE,RECODED SPECIAL DRUGS,Recodificada,47299,100.0,False,False,False,Conservar como predictor principal,Conservar como predictor principal,"Dominio contextual, antecedente o versión analítica resumida"
SEVYROPPRANY,"RC-RX OPIOID USE DISORDER SEVERITY, PY USERS",RECODED SUBSTANCE USE DISORDER,Recodificada,747,1.579,False,False,False,Conservar como predictor principal,Conservar como predictor principal,"Dominio contextual, antecedente o versión analítica resumida"
SEVYRPNRANY2,"RC-PAIN RELIEVER USE DISORDER SEVERITY, PY USERS",RECODED SUBSTANCE USE DISORDER,Recodificada,784,1.658,False,False,False,Conservar como predictor principal,Conservar como predictor principal,"Dominio contextual, antecedente o versión analítica resumida"
SEVYRSEDANY,"RC-SEDATIVE USE DISORDER SEVERITY, PY USERS",RECODED SUBSTANCE USE DISORDER,Recodificada,160,0.338,False,False,False,Conservar como predictor principal,Conservar como predictor principal,"Dominio contextual, antecedente o versión analítica resumida"
SEVYRSTMANY,"RC-STIMULANT USE DISORDER SEVERITY, PY USERS",RECODED SUBSTANCE USE DISORDER,Recodificada,447,0.945,False,False,False,Conservar como predictor principal,Conservar como predictor principal,"Dominio contextual, antecedente o versión analítica resumida"
SEVYRTRQANY,"RC-TRANQUILIZER USE DISORDER SEVERITY, PY USERS",RECODED SUBSTANCE USE DISORDER,Recodificada,332,0.702,False,False,False,Conservar como predictor principal,Conservar como predictor principal,"Dominio contextual, antecedente o versión analítica resumida"
SVYRCNSANY,"RC-CNS STIMULANT USE DISORDER SEVERITY, PY USERS",RECODED SUBSTANCE USE DISORDER,Recodificada,47299,100.0,False,False,False,Conservar como predictor principal,Conservar como predictor principal,"Dominio contextual, antecedente o versión analítica resumida"
SVYRCNSMIS,"RC-CNS STIMULANT USE DISORDER SEVERITY, PY MISUSERS",RECODED SUBSTANCE USE DISORDER,Recodificada,47299,100.0,False,False,False,Conservar como predictor principal,Conservar como predictor principal,"Dominio contextual, antecedente o versión analítica resumida"
SVYRCNSUNM,"RC-CNS STIM USE DIS SEV, PY STM USERS/ NOT MISUSERS ONLY",RECODED SUBSTANCE USE DISORDER,Recodificada,47299,100.0,False,False,False,Conservar como predictor principal,Conservar como predictor principal,"Dominio contextual, antecedente o versión analítica resumida"
SVYRDUDANY,"RC-DRUG USE DISORDER SEVERITY, PY USERS",RECODED SUBSTANCE USE DISORDER,Recodificada,47299,100.0,False,False,False,Conservar como predictor principal,Conservar como predictor principal,"Dominio contextual, antecedente o versión analítica resumida"
SVYROPIANY2,"RC-OPIOID (RX OPIOIDS OR HEROIN) USE DISORDER SEV, PY USERS",RECODED SUBSTANCE USE DISORDER,Recodificada,47299,100.0,False,False,False,Conservar como predictor principal,Conservar como predictor principal,"Dominio contextual, antecedente o versión analítica resumida"
SVYROPIMIS,"RC-OPIOID USE DISORDER SEVERITY, PY MISUSERS",RECODED SUBSTANCE USE DISORDER,Recodificada,47299,100.0,False,False,False,Conservar como predictor principal,Conservar como predictor principal,"Dominio contextual, antecedente o versión analítica resumida"
SVYROPIUNM,"RC-OPIOID USE DIS SEV, PY RX OPIOID USERS/NOT MISUSERS ONLY",RECODED SUBSTANCE USE DISORDER,Recodificada,47299,100.0,False,False,False,Conservar como predictor principal,Conservar como predictor principal,"Dominio contextual, antecedente o versión analítica resumida"
SVYRPSYANY,"RC-PSYCHOTHERAPUETIC USE DISORDER SEVERITY, PY USERS",RECODED SUBSTANCE USE DISORDER,Recodificada,47299,100.0,False,False,False,Conservar como predictor principal,Conservar como predictor principal,"Dominio contextual, antecedente o versión analítica resumida"
SVYRSUDANY,"RC-SUBSTANCE USE DISORDER SEVERITY, PY USERS",RECODED SUBSTANCE USE DISORDER,Recodificada,47299,100.0,False,False,False,Conservar como predictor principal,Conservar como predictor principal,"Dominio contextual, antecedente o versión analítica resumida"
SVYRTQSDANY,"RC-TRANQUILIZER OR SEDATIVE USE DISORDER SEVERITY, PY USERS",RECODED SUBSTANCE USE DISORDER,Recodificada,47299,100.0,False,False,False,Conservar como predictor principal,Conservar como predictor principal,"Dominio contextual, antecedente o versión analítica resumida"
SVYRTQSDMIS,"RC-TRANQUILIZER/SEDATIVE USE DISORDER SEVERITY, PY MISUSERS",RECODED SUBSTANCE USE DISORDER,Recodificada,47299,100.0,False,False,False,Conservar como predictor principal,Conservar como predictor principal,"Dominio contextual, antecedente o versión analítica resumida"
SVYRTQSDUNM,"RC-TRANQ/SED USE DIS SEV, PY USERS/NOT MISUSERS ONLY",RECODED SUBSTANCE USE DISORDER,Recodificada,47299,100.0,False,False,False,Conservar como predictor principal,Conservar como predictor principal,"Dominio contextual, antecedente o versión analítica resumida"
UD5ALNILANY,"RC-ALC USE DISORDER, NO DRUG USE DISORDER - PAST YEAR USERS",RECODED SUBSTANCE USE DISORDER,Recodificada,47299,100.0,False,False,False,Conservar como predictor principal,Conservar como predictor principal,"Dominio contextual, antecedente o versión analítica resumida"
UD5CNSANY,RC-CNS STIMULANT USE DISORDER - PAST YEAR USERS,RECODED SUBSTANCE USE DISORDER,Recodificada,47299,100.0,False,False,False,Conservar como predictor principal,Conservar como predictor principal,"Dominio contextual, antecedente o versión analítica resumida"
UD5CNSGRP,"RC-CNS STM USE DISORDER - PY USE, MISUSE, USE/NOT MISUSE",RECODED SUBSTANCE USE DISORDER,Recodificada,47299,100.0,False,False,False,Conservar como predictor principal,Conservar como predictor principal,"Dominio contextual, antecedente o versión analítica resumida"
UD5HROPANY,RC-HEROIN/RX OPIOID USE DISORDER - PAST YEAR USERS,RECODED SUBSTANCE USE DISORDER,Recodificada,47299,100.0,False,False,False,Conservar como predictor principal,Conservar como predictor principal,"Dominio contextual, antecedente o versión analítica resumida"
UD5IEMANY,RC-DRUG OTHER THAN MRJ USE DISORDER - PAST YEAR USERS,RECODED SUBSTANCE USE DISORDER,Recodificada,47299,100.0,False,False,False,Conservar como predictor principal,Conservar como predictor principal,"Dominio contextual, antecedente o versión analítica resumida"
UD5ILAALANY,RC-DRUG AND ALCOHOL USE DISORDER - PAST YEAR USERS,RECODED SUBSTANCE USE DISORDER,Recodificada,47299,100.0,False,False,False,Conservar como predictor principal,Conservar como predictor principal,"Dominio contextual, antecedente o versión analítica resumida"
UD5ILALANY,RC-DRUG OR ALCOHOL USE DISORDER - PAST YEAR USERS,RECODED SUBSTANCE USE DISORDER,Recodificada,47299,100.0,False,False,False,Conservar como predictor principal,Conservar como predictor principal,"Dominio contextual, antecedente o versión analítica resumida"
UD5ILLANY,RC-DRUG USE DISORDER - PAST YEAR USERS,RECODED SUBSTANCE USE DISORDER,Recodificada,47299,100.0,False,False,False,Conservar como predictor principal,Conservar como predictor principal,"Dominio contextual, antecedente o versión analítica resumida"
UD5ILNALANY,"RC-DRUG USE DISORDER, NO ALC USE DISORDER - PAST YEAR USERS",RECODED SUBSTANCE USE DISORDER,Recodificada,47299,100.0,False,False,False,Conservar como predictor principal,Conservar como predictor principal,"Dominio contextual, antecedente o versión analítica resumida"
UD5OPIANY2,RC-OPIOID (RX OPI OR HEROIN) USE DISORDER - PAST YEAR USERS,RECODED SUBSTANCE USE DISORDER,Recodificada,47299,100.0,False,False,False,Conservar como predictor principal,Conservar como predictor principal,"Dominio contextual, antecedente o versión analítica resumida"
UD5OPIGRP,"RC-OPIOID USE DISORDER - PY USE, MISUSE, USE/NOT MISUSE",RECODED SUBSTANCE USE DISORDER,Recodificada,47299,100.0,False,False,False,Conservar como predictor principal,Conservar como predictor principal,"Dominio contextual, antecedente o versión analítica resumida"
UD5PSYANY,RC-PSYCHOTHERAPEUTIC USE DISORDER - PAST YEAR USERS,RECODED SUBSTANCE USE DISORDER,Recodificada,47299,100.0,False,False,False,Conservar como predictor principal,Conservar como predictor principal,"Dominio contextual, antecedente o versión analítica resumida"
UD5TRQSDANY,RC-TRANQUILIZER OR SEDATIVE USE DISORDER - PAST YEAR USERS,RECODED SUBSTANCE USE DISORDER,Recodificada,47299,100.0,False,False,False,Conservar como predictor principal,Conservar como predictor principal,"Dominio contextual, antecedente o versión analítica resumida"
UD5TRQSDGRP,"RC-TRQ/STM USE DISORDER - PY USE, MISUSE, USE/NOT MISUSE",RECODED SUBSTANCE USE DISORDER,Recodificada,47299,100.0,False,False,False,Conservar como predictor principal,Conservar como predictor principal,"Dominio contextual, antecedente o versión analítica resumida"
UDYR5OPPRANY,"RC-RX OPIOID USE DISORDER, PY USERS",RECODED SUBSTANCE USE DISORDER,Recodificada,47299,100.0,False,False,False,Conservar como predictor principal,Conservar como predictor principal,"Dominio contextual, antecedente o versión analítica resumida"
UDYR5PNRANY2,"RC-PAIN RELIEVER USE DISORDER, PY USERS",RECODED SUBSTANCE USE DISORDER,Recodificada,47299,100.0,False,False,False,Conservar como predictor principal,Conservar como predictor principal,"Dominio contextual, antecedente o versión analítica resumida"
UDYR5SEDANY,"RC-SEDATIVE USE DISORDER, PY USERS",RECODED SUBSTANCE USE DISORDER,Recodificada,47299,100.0,False,False,False,Conservar como predictor principal,Conservar como predictor principal,"Dominio contextual, antecedente o versión analítica resumida"
UDYR5STMANY,"RC-STIMULANT USE DISORDER, PY USERS",RECODED SUBSTANCE USE DISORDER,Recodificada,47299,100.0,False,False,False,Conservar como predictor principal,Conservar como predictor principal,"Dominio contextual, antecedente o versión analítica resumida"
UDYR5TRQANY,"RC-TRANQUILIZER USE DISORDER, PY USERS",RECODED SUBSTANCE USE DISORDER,Recodificada,47299,100.0,False,False,False,Conservar como predictor principal,Conservar como predictor principal,"Dominio contextual, antecedente o versión analítica resumida"
APPDRGMON,APPROACHED BY SOMEONE SELLING ILL DRUG PST 30 DYS,RISK/AVAILABILITY,Original u otra,46921,99.201,False,False,False,Conservar como predictor principal,Conservar como predictor principal,"Dominio contextual, antecedente o versión analítica resumida"
DIFGETCOC,HOW DIFFICULT TO GET COCAINE,RISK/AVAILABILITY,Original u otra,45766,96.759,False,False,False,Conservar como predictor principal,Conservar como predictor principal,"Dominio contextual, antecedente o versión analítica resumida"
DIFGETCRK,"HOW DIFFICULT TO GET ""CRACK""",RISK/AVAILABILITY,Original u otra,45719,96.66,False,False,False,Conservar como predictor principal,Conservar como predictor principal,"Dominio contextual, antecedente o versión analítica resumida"
DIFGETHER,HOW DIFFICULT TO GET HEROIN,RISK/AVAILABILITY,Original u otra,45703,96.626,False,False,False,Conservar como predictor principal,Conservar como predictor principal,"Dominio contextual, antecedente o versión analítica resumida"
DIFGETLSD,HOW DIFFICULT TO GET LSD,RISK/AVAILABILITY,Original u otra,45627,96.465,False,False,False,Conservar como predictor principal,Conservar como predictor principal,"Dominio contextual, antecedente o versión analítica resumida"
DIFGETMRJ,HOW DIFFICULT TO GET MARIJUANA,RISK/AVAILABILITY,Original u otra,46277,97.839,False,False,False,Conservar como predictor principal,Conservar como predictor principal,"Dominio contextual, antecedente o versión analítica resumida"
RKFQDBLT,WEAR A SEATBELT WHEN YOU DRIVE A CAR,RISK/AVAILABILITY,Original u otra,46922,99.203,False,False,False,Conservar como predictor principal,Conservar como predictor principal,"Dominio contextual, antecedente o versión analítica resumida"
RKFQPBLT,WEAR A SEATBELT WHEN RIDE FRONT PASS SEAT OF CAR,RISK/AVAILABILITY,Original u otra,46920,99.199,False,False,False,Conservar como predictor principal,Conservar como predictor principal,"Dominio contextual, antecedente o versión analítica resumida"
RSKBNGDLY,RISK HAVING 4 OR 5 DRINKS NEARLY EVERY DAY,RISK/AVAILABILITY,Original u otra,46701,98.736,False,False,False,Conservar como predictor principal,Conservar como predictor principal,"Dominio contextual, antecedente o versión analítica resumida"
RSKBNGWK,RISK HAVING 5 OR MORE DRINKS ONCE OR TWICE A WEEK,RISK/AVAILABILITY,Original u otra,46685,98.702,False,False,False,Conservar como predictor principal,Conservar como predictor principal,"Dominio contextual, antecedente o versión analítica resumida"
RSKCIGPKD,RISK SMOKING 1 OR MORE PACKS CIGARETTES PER DAY,RISK/AVAILABILITY,Original u otra,46744,98.827,False,False,False,Conservar como predictor principal,Conservar como predictor principal,"Dominio contextual, antecedente o versión analítica resumida"
RSKCOCMON,RISK USING COCAINE ONCE A MONTH,RISK/AVAILABILITY,Original u otra,46483,98.275,False,False,False,Conservar como predictor principal,Conservar como predictor principal,"Dominio contextual, antecedente o versión analítica resumida"
RSKCOCWK,RISK USING COCAINE ONCE OR TWICE A WEEK,RISK/AVAILABILITY,Original u otra,46503,98.317,False,False,False,Conservar como predictor principal,Conservar como predictor principal,"Dominio contextual, antecedente o versión analítica resumida"
RSKHERTRY,RISK TRYING HEROIN ONCE OR TWICE,RISK/AVAILABILITY,Original u otra,46482,98.273,False,False,False,Conservar como predictor principal,Conservar como predictor principal,"Dominio contextual, antecedente o versión analítica resumida"
RSKHERWK,RISK USING HEROIN ONCE OR TWICE A WEEK,RISK/AVAILABILITY,Original u otra,46521,98.355,False,False,False,Conservar como predictor principal,Conservar como predictor principal,"Dominio contextual, antecedente o versión analítica resumida"
RSKLSDTRY,RISK TRYING LSD ONCE OR TWICE,RISK/AVAILABILITY,Original u otra,46273,97.831,False,False,False,Conservar como predictor principal,Conservar como predictor principal,"Dominio contextual, antecedente o versión analítica resumida"
RSKLSDWK,RISK USING LSD ONCE OR TWICE A WEEK,RISK/AVAILABILITY,Original u otra,46244,97.77,False,False,False,Conservar como predictor principal,Conservar como predictor principal,"Dominio contextual, antecedente o versión analítica resumida"
RSKMRJMON,RISK SMOKING MARIJUANA ONCE A MONTH,RISK/AVAILABILITY,Original u otra,46628,98.581,False,False,False,Conservar como predictor principal,Conservar como predictor principal,"Dominio contextual, antecedente o versión analítica resumida"
RSKMRJWK,RISK SMOKING MARIJUANA ONCE OR TWICE A WEEK,RISK/AVAILABILITY,Original u otra,46605,98.533,False,False,False,Conservar como predictor principal,Conservar como predictor principal,"Dominio contextual, antecedente o versión analítica resumida"
RSKYFQDGR,GET A REAL KICK OUT OF DOING DANGEROUS THINGS,RISK/AVAILABILITY,Original u otra,46748,98.835,False,False,False,Conservar como predictor principal,Conservar como predictor principal,"Dominio contextual, antecedente o versión analítica resumida"
RSKYFQTES,LIKE TO TEST YOURSELF BY DOING RISKY THINGS,RISK/AVAILABILITY,Original u otra,46828,99.004,False,False,False,Conservar como predictor principal,Conservar como predictor principal,"Dominio contextual, antecedente o versión analítica resumida"
SNAFLMJTRY,HOW YOU FEEL ABOUT ADULTS TRYING MJ/CANNABIS,SOCIAL ENVIRONMENT,Original u otra,45880,97.0,False,False,False,Conservar como predictor principal,Conservar como predictor principal,"Dominio contextual, antecedente o versión analítica resumida"
SNRLDCSN,MY RELIGIOUS BELIEFS INFLUENCE MY DECISIONS,SOCIAL ENVIRONMENT,Original u otra,45684,96.586,False,False,False,Conservar como predictor principal,Conservar como predictor principal,"Dominio contextual, antecedente o versión analítica resumida"
SNRLFRND,IT IS IMPORTANT THAT MY FRIENDS SHARE REL BELIEFS,SOCIAL ENVIRONMENT,Original u otra,45672,96.56,False,False,False,Conservar como predictor principal,Conservar como predictor principal,"Dominio contextual, antecedente o versión analítica resumida"
SNRLGIMP,MY RELIGIOUS BELIEFS ARE VERY IMPORTANT,SOCIAL ENVIRONMENT,Original u otra,45653,96.52,False,False,False,Conservar como predictor principal,Conservar como predictor principal,"Dominio contextual, antecedente o versión analítica resumida"
SNYATTAK,ATTACKED SOMEONE W/INTENT TO SERIOUSLY HURT THEM,SOCIAL ENVIRONMENT,Original u otra,46214,97.706,False,False,False,Conservar como predictor principal,Conservar como predictor principal,"Dominio contextual, antecedente o versión analítica resumida"
SNYSELL,SOLD ILLEGAL DRUGS,SOCIAL ENVIRONMENT,Original u otra,46211,97.7,False,False,False,Conservar como predictor principal,Conservar como predictor principal,"Dominio contextual, antecedente o versión analítica resumida"
SNYSTOLE,STOLEN/TRIED TO STEAL ANYTHING WORTH > $50,SOCIAL ENVIRONMENT,Original u otra,46216,97.71,False,False,False,Conservar como predictor principal,Conservar como predictor principal,"Dominio contextual, antecedente o versión analítica resumida"
