variable,etiqueta_codebook,modulo,tipo_version,pct_valores_informativos,rol_final_eda
PDEN10,POPULATION DENSITY 2010 - THREE LEVELS,COUNTY,Original u otra,100.0,Excluir de variables de entrada
COUTYP4,COUNTY METRO/NONMETRO STATUS (2013 3-LEVEL),COUNTY,Original u otra,100.0,Excluir de variables de entrada
MAIIN102,MAJORITY AMER INDIAN AREA INDICATOR FOR SEGMENT,SEGMENT,Original u otra,100.0,Excluir de variables de entrada
AIIND102,AMER INDIAN AREA INDICATOR,BLOCK,Original u otra,100.0,Excluir de variables de entrada
AGE3,RECODE - FINAL EDITED AGE,DEMOGRAPHICS,Original u otra,100.0,Predictor principal
SERVICE,EVER BEEN IN THE US ARMED FORCES,DEMOGRAPHICS,Original u otra,99.947,Predictor principal
MILSTAT,CURRENT MILITARY STATUS,DEMOGRAPHICS,Original u otra,4.968,Predictor principal
ACTDEVER,EVER ON ACTIVE DUTY IN US MILITARY/RESERV,DEMOGRAPHICS,Original u otra,4.977,Predictor principal
ACTD2001,SEPTEMBER 2001 OR LATER,DEMOGRAPHICS,Original u otra,3.748,Predictor principal
ACTD9001,AUG 1990 TO AUG 2001 (INCLUDING PERSIAN GULF WAR),DEMOGRAPHICS,Original u otra,3.748,Predictor principal
ACTD7590,MAY 1975 TO JULY 1990,DEMOGRAPHICS,Original u otra,3.744,Predictor principal
ACTDVIET,VIETNAM ERA (MARCH 1961 TO APRIL 1975),DEMOGRAPHICS,Original u otra,3.748,Predictor principal
ACTDPRIV,ANY TIME BEFORE VIETNAM ERA (MARCH 1961),DEMOGRAPHICS,Original u otra,3.744,Predictor principal
COMBATPY,EVER IN COMBAT ZONE ON ACTIVE DUTY,DEMOGRAPHICS,Original u otra,3.744,Predictor principal
NOMARR2,NUMBER OF TIMES MARRIED,DEMOGRAPHICS,Original u otra,52.54,Predictor principal
HEALTH,OVERALL HEALTH,DEMOGRAPHICS,Original u otra,99.947,Predictor principal
MOVSINPYR2,# TIMES MOVED PAST 12 MONTHS- RECODED,DEMOGRAPHICS,Original u otra,96.087,Predictor principal
SPEAKENGL,HOW WELL SPEAK ENGLISH,DEMOGRAPHICS,Original u otra,96.767,Predictor principal
LVLDIFSEE2,LEVEL OF DIFFICULTY SEEING EVEN WITH GLASSES,DEMOGRAPHICS,Original u otra,96.638,Predictor principal
LVLDIFHEAR2,LEVEL OF DIFFICULTY HEARING EVEN WITH HEARING AIDS,DEMOGRAPHICS,Original u otra,96.564,Predictor principal
LVLDIFWALK2,LEVEL OF DIFFICULTY WALKING OR CLIMBING STEPS,DEMOGRAPHICS,Original u otra,96.676,Predictor principal
LVLDIFMEM2,LEVEL OF DIFFICULTY REMEMBERING OR CONCENTRATING,DEMOGRAPHICS,Original u otra,96.668,Predictor principal
LVLDIFCARE2,LEVEL OF DIFFICULTY WITH SELF-CARE,DEMOGRAPHICS,Original u otra,96.67,Predictor principal
LVLDIFCOMM2,LEVEL OF DIFFICULTY COMMUNICATING USING YOUR USUAL LANGUAGE,DEMOGRAPHICS,Original u otra,96.666,Predictor principal
IRSEX,RESPONDENT SEX - IMPUTATION REVISED,IMPUTED DEMOGRAPHICS,Imputada,100.0,Predictor principal
IRMARIT,IMPUTATION REVISED MARITAL STATUS,IMPUTED DEMOGRAPHICS,Imputada,100.0,Predictor principal
IIMARIT,IMPUTATION INDICATOR MARITAL STATUS,IMPUTED DEMOGRAPHICS,Imputada,100.0,Excluir de variables de entrada
IREDUHIGHST2,EDUCATION - RECODED IMPUTATION REVISED,IMPUTED DEMOGRAPHICS,Imputada,100.0,Predictor principal
IIEDUHIGHST2,EDUCATION INDICATOR - IMPUTATION INDICATOR,IMPUTED DEMOGRAPHICS,Imputada,100.0,Excluir de variables de entrada
CATAGE,RC-AGE CATEGORY,RECODED DEMOGRAPHICS,Recodificada,100.0,Predictor principal
CATAG2,RC-AGE CATEGORY RECODE (3 LEVELS),RECODED DEMOGRAPHICS,Recodificada,100.0,Predictor principal
CATAG3,RC-AGE CATEGORY RECODE (5 LEVELS),RECODED DEMOGRAPHICS,Recodificada,100.0,Predictor principal
CATAG6,RC-AGE CATEGORY RECODE (6 LEVELS),RECODED DEMOGRAPHICS,Recodificada,100.0,Predictor principal
CATAG7,RC-AGE CATEGORY RECODE (7 LEVELS),RECODED DEMOGRAPHICS,Recodificada,100.0,Predictor principal
PREGAGE2,RC-PREGNANCY AGE CATEGORY RECODE,RECODED DEMOGRAPHICS,Recodificada,69.352,Predictor principal
DRVINAGE,RC-DUI AGE CATEGORY RECODE,RECODED DEMOGRAPHICS,Recodificada,100.0,Predictor principal
DRVINDETAG,RC-DUI DETAILED AGE CATEGORY RECODE,RECODED DEMOGRAPHICS,Recodificada,100.0,Predictor principal
SEXAGE,RC-COMBINED SEX BY AGE CATEGORY INDICATOR,RECODED DEMOGRAPHICS,Recodificada,29.886,Predictor principal
NEWRACE2,RC-RACE/HISPANICITY RECODE (7 LEVELS),RECODED DEMOGRAPHICS,Recodificada,100.0,Predictor principal
SEXRACE,RC-COMBINED SEX BY RACE INDICATOR,RECODED DEMOGRAPHICS,Recodificada,89.158,Predictor principal
EDUHIGHCAT,RC-EDUCATION CATEGORIES,RECODED DEMOGRAPHICS,Recodificada,100.0,Predictor principal
HEALTH2,RC-OVERALL HEALTH RECODE,RECODED DEMOGRAPHICS,Recodificada,99.947,Predictor principal
EDUSCHLGO,NOW GOING TO SCHOOL,EDUCATION,Original u otra,95.939,Predictor principal
EDUSCHGRD2,WHAT GRADE IN NOW/WILL BE IN,EDUCATION,Original u otra,13.768,Predictor principal
EDUFULPAR,FULL OR PART TIME,EDUCATION,Original u otra,14.317,Predictor principal
EDUSCKMON,HOW MANY DAYS MISSED SCHOOL FROM SICK,EDUCATION,Original u otra,9.818,Predictor principal
EDUSCKEST,BEST ESTIMATE # DAYS MISSED BECAUSE SICK OR INURED,EDUCATION,Original u otra,0.08,Predictor principal
EDUSCKCOM,RC - HOW MANY DAYS MISSED SCHOOL FROM SICK (COMBINED),EDUCATION,Original u otra,9.899,Predictor principal
EDUSKPMON,HOW MANY DAYS MISSED SCHOOL FROM SKIPPING,EDUCATION,Original u otra,8.791,Predictor principal
EDUSKPEST,BEST ESTIMATE # DAYS MISSED BECAUSE SKIPPED OR CUT,EDUCATION,Original u otra,0.061,Predictor principal
EDUSKPCOM,RC - HOW MANY DAYS MISSED SCHOOL FROM SKIPPING (COMBINED),EDUCATION,Original u otra,8.852,Predictor principal
MILTFAMLY,ANY IMMEDIATE FAMILY CURRENTLY IN US MILITARY,EDUCATION,Original u otra,95.896,Predictor principal
MILTSPPAR,SPOUSE OR PARTNER IN MILITARY,EDUCATION,Original u otra,6.099,Predictor principal
MILTPARNT,FATHER OR MOTHER IN MILITARY,EDUCATION,Original u otra,6.078,Predictor principal
MILTCHLDR,SON OR DAUGHTER IN MILITARY,EDUCATION,Original u otra,6.061,Predictor principal
MILTSIBLN,SISTER OR BROTHER IN MILITARY,EDUCATION,Original u otra,6.099,Predictor principal
ENRLCOLLFT2,RC-COLLEGE ENROLLMENT-FULL TIME,RECODED EDUCATION,Recodificada,100.0,Predictor principal
ENRLCOLLST2,RC-COLLEGE ENROLLMENT,RECODED EDUCATION,Recodificada,100.0,Predictor principal
WRKSTATWK2,WORK SITUATION IN PAST WEEK - RECODE,EMPLOYMENT,Original u otra,96.044,Predictor principal
WRKDPSTWK,WORK AT JOB LAST WEEK,EMPLOYMENT,Original u otra,96.03,Predictor principal
WRKHADJOB,DID YOU HAVE A JOB OR BUSINESS,EMPLOYMENT,Original u otra,39.895,Predictor principal
WRKDHRSWK2,HOW MANY HOURS WORKED LAST WEEK,EMPLOYMENT,Original u otra,55.642,Predictor principal
WRK35WKUS,USUALLY WORK 35 OR MORE HRS PER WEEK,EMPLOYMENT,Original u otra,61.325,Predictor principal
WRKRSNNOT,REASON FOR NOT WORKING AT JOB - PAST WK,EMPLOYMENT,Original u otra,5.376,Predictor principal
WRKRSNJOB,REASON FOR NOT HAVING A JOB - PAST WK,EMPLOYMENT,Original u otra,34.119,Predictor principal
WRKEFFORT,"PAST 30 DAYS, MAKE EFFORT TO FIND WORK",EMPLOYMENT,Original u otra,6.827,Predictor principal
WRKDPSTYR,"PAST 12 MOS, WORKED AT ANY JOB",EMPLOYMENT,Original u otra,34.646,Predictor principal
WRKSELFEM,"PAST 12 MOS, SELF EMPLOYED",EMPLOYMENT,Original u otra,70.114,Predictor principal
WRKNUMJOB2,"PAST 12 MOS, HOW MANY EMPLOYERS",EMPLOYMENT,Original u otra,70.259,Predictor principal
WRKNJBPYR,"PAST 12 MOS, TIME WITH NO JOB",EMPLOYMENT,Original u otra,61.257,Predictor principal
WRKNJBWKS,HOW MANY WKS W/O JOB IN PAST 12 MOS,EMPLOYMENT,Original u otra,8.787,Predictor principal
WRKLASTYR2,WHAT YEAR LAST WORKED,EMPLOYMENT,Original u otra,33.047,Predictor principal
WRKSICKMO,# DAYS MISSED WORK FOR INJURY/ILLNESS PAST 30 DAYS,EMPLOYMENT,Original u otra,60.762,Predictor principal
WRKSKIPMO,# DAYS SKIPPED WORK PAST 30 DAYS,EMPLOYMENT,Original u otra,60.79,Predictor principal
IRWRKSTAT,EMPLOYMENT STATUS - IMPUTATION REVISED,IMPUTED EMPLOYMENT,Imputada,100.0,Predictor principal
IIWRKSTAT,EMPLOYMENT STATUS - IMPUTATION INDICATOR,IMPUTED EMPLOYMENT,Imputada,100.0,Excluir de variables de entrada
II2WRKSTAT,EMPLOYMENT STATUS - DETAILED IMPUTATION INDICATOR,IMPUTED EMPLOYMENT,Imputada,100.0,Excluir de variables de entrada
IRWRKSTAT18,EMPLOYMENT STATUS 18+ - IMPUTATION REVISED,IMPUTED EMPLOYMENT,Imputada,100.0,Predictor principal
IIWRKSTAT18,EMPLOYMENT STATUS 18+ - IMPUTATION INDICATOR,IMPUTED EMPLOYMENT,Imputada,100.0,Excluir de variables de entrada
II2WRKST18,EMPLOYMENT STATUS 18+ - DETAILED IMPUTATION INDICATOR,IMPUTED EMPLOYMENT,Imputada,100.0,Excluir de variables de entrada
EDFAM18,RC-EDITED INDICATOR: FAMILY IN HH 18 OR OLDER,HOUSEHOLD COMPOSITION (ROSTER),Original u otra,96.708,Predictor principal
NRCH17_2,RECODED # R's CHILDREN < 18 IN HOUSEHOLD,HOUSEHOLD COMPOSITION (ROSTER),Original u otra,96.408,Predictor principal
IRHHSIZ2,RECODE - IMPUTATION-REVISED # PERSONS IN HH,IMPUTED HOUSEHOLD COMPOSITION (ROSTER),Imputada,100.0,Predictor principal
IIHHSIZ2,IRHHSIZ2-IMPUTATION INDICATOR,IMPUTED HOUSEHOLD COMPOSITION (ROSTER),Imputada,100.0,Excluir de variables de entrada
IRKI17_2,RECODE - IMPUTATION-REVISED # KIDS AGED<18 IN HH,IMPUTED HOUSEHOLD COMPOSITION (ROSTER),Imputada,100.0,Predictor principal
IIKI17_2,IRKI17_2-IMPUTATION INDICATOR,IMPUTED HOUSEHOLD COMPOSITION (ROSTER),Imputada,100.0,Excluir de variables de entrada
IRHH65_2,REC - IMPUTATION-REVISED # OF PER IN HH AGED>=65,IMPUTED HOUSEHOLD COMPOSITION (ROSTER),Imputada,100.0,Predictor principal
IIHH65_2,IRHH65_2-IMPUTATION INDICATOR,IMPUTED HOUSEHOLD COMPOSITION (ROSTER),Imputada,100.0,Excluir de variables de entrada
PRXRETRY,"SELECTED PROXY UNAVAILABLE, OTHER PROXY AVAILABLE?",PROXY INFORMATION,Original u otra,1.579,Excluir de variables de entrada
PRXYDATA,IS PROXY ANSWERING INSURANCE/INCOME QS,PROXY INFORMATION,Original u otra,9.558,Excluir de variables de entrada
MEDICARE,COVERED BY MEDICARE,HEALTH INSURANCE,Original u otra,96.139,Predictor principal
CAIDCHIP,COVERED BY MEDICAID/CHIP,HEALTH INSURANCE,Original u otra,95.746,Predictor principal
CHAMPUS,"COV BY TRICARE, CHAMPUS, CHAMPVA, VA, MILITARY",HEALTH INSURANCE,Original u otra,96.271,Predictor principal
PRVHLTIN,COVERED BY PRIVATE INSURANCE,HEALTH INSURANCE,Original u otra,95.852,Predictor principal
GRPHLTIN,PRIVATE PLAN OFFERED THROUGH EMPLOYER OR UNION,HEALTH INSURANCE,Original u otra,56.479,Predictor principal
HLTINALC,PRIVATE INSURANCE COVERS TRMT FOR ALCOHOL ABUSE/ALCOHOLISM,HEALTH INSURANCE,Original u otra,43.238,Predictor principal
HLTINDRG,PRIVATE INSURANCE COVERS TRMT FOR DRUG ABUSE,HEALTH INSURANCE,Original u otra,43.375,Predictor principal
HLTINMNT,PRIVATE INSURANCE COVERS TRMT FOR MENTAL/EMOTIONAL PROBLEMS,HEALTH INSURANCE,Original u otra,50.358,Predictor principal
HLTINNOS,COVERED BY HEALTH INSUR (NOT OTHERWISE SPECIFIED),HEALTH INSURANCE,Original u otra,12.899,Predictor principal
HLCNOTYR,ANYTIME DID NOT HAVE HEALTH INS/COVER PAST 12 MOS,HEALTH INSURANCE,Original u otra,85.014,Predictor principal
HLCNOTMO,"PAST 12 MOS, HOW MANY MOS W/O COVERAGE",HEALTH INSURANCE,Original u otra,5.281,Predictor principal
HLCLAST,TIME SINCE LAST HAD HEALTH CARE COVERAGE,HEALTH INSURANCE,Original u otra,10.252,Predictor principal
HLLOSRSN,MAIN REASON STOPPED COVERED BY HEALTH INSURANCE,HEALTH INSURANCE,Original u otra,7.808,Predictor principal
HLNVCOST,NEVER HAD HEALTH INSURANCE BECAUSE COST TOO HIGH,HEALTH INSURANCE,Original u otra,2.311,Predictor principal
HLNVOFFR,NEVER HAD HEALTH INSURANCE BECAUSE EMPLOYER DOESN'T OFFER,HEALTH INSURANCE,Original u otra,2.311,Predictor principal
HLNVREF,NEVER HAD HEALTH INSURANCE BC INS COMPANY REFUSED COVERAGE,HEALTH INSURANCE,Original u otra,2.311,Predictor principal
HLNVNEED,NEVER HAD HEALTH INSURANCE BECAUSE DON'T NEED IT,HEALTH INSURANCE,Original u otra,2.311,Predictor principal
HLNVSOR,NEVER HAD HEALTH INSURANCE BECAUSE OF SOME OTHER REASON,HEALTH INSURANCE,Original u otra,2.311,Predictor principal
IRMEDICR,MEDICARE - IMPUTATION REVISED,IMPUTED HEALTH INSURANCE,Imputada,100.0,Predictor principal
IIMEDICR,MEDICARE - IMPUTATION INDICATOR,IMPUTED HEALTH INSURANCE,Imputada,100.0,Excluir de variables de entrada
IRMCDCHP,MEDICAID/CHIP - IMPUTATION REVISED,IMPUTED HEALTH INSURANCE,Imputada,100.0,Predictor principal
IIMCDCHP,MEDICAID/CHIP - IMPUTATION INDICATOR,IMPUTED HEALTH INSURANCE,Imputada,100.0,Excluir de variables de entrada
IRCHMPUS,CHAMPUS - IMPUTATION REVISED,IMPUTED HEALTH INSURANCE,Imputada,100.0,Predictor principal
IICHMPUS,CHAMPUS - IMPUTATION INDICATOR,IMPUTED HEALTH INSURANCE,Imputada,100.0,Excluir de variables de entrada
IRPRVHLT,PRIVATE HEALTH INSURANCE - IMPUTATION REVISED,IMPUTED HEALTH INSURANCE,Imputada,100.0,Predictor principal
IIPRVHLT,PRIVATE HEALTH INSURANCE - IMPUTATION INDICATOR,IMPUTED HEALTH INSURANCE,Imputada,100.0,Excluir de variables de entrada
IROTHHLT,OTHER HEALTH INSURANCE - IMPUTATION REVISED,IMPUTED HEALTH INSURANCE,Imputada,13.734,Predictor principal
IIOTHHLT,OTHER HEALTH INSURANCE - IMPUTATION INDICATOR,IMPUTED HEALTH INSURANCE,Imputada,17.235,Excluir de variables de entrada
HLCALLFG,FLAG IF EVERY FORM OF HEALTH INS REPORTED,RECODED HEALTH INSURANCE,Recodificada,0.036,Excluir de variables de entrada
HLCALL99,YES TO MEDICARE/MEDICAID/CHAMPUS/PRVHLTIN,RECODED HEALTH INSURANCE,Recodificada,0.038,Predictor principal
ANYHLTI2,COVERED BY ANY HEALTH INSURANCE - RECODE,RECODED HEALTH INSURANCE,Recodificada,95.664,Predictor principal
IRINSUR4,RC-OVERALL HEALTH INSURANCE - IMPUTATION REVISED,RECODED HEALTH INSURANCE,Recodificada,100.0,Predictor principal
IIINSUR4,RC-OVERALL HEALTH INSURANCE - IMPUTATION INDICATOR,RECODED HEALTH INSURANCE,Recodificada,100.0,Excluir de variables de entrada
OTHINS,"RC-HEALTH INSURANCE OTHER THAN PRIVATE, MEDICAID/CHIP",RECODED HEALTH INSURANCE,Recodificada,19.764,Predictor principal
CELLWRKNG,WORKING CELL PHONE,INCOME,Original u otra,95.943,Predictor principal
CELLNOTCL,NOT A CELL PHONE,INCOME,Original u otra,95.975,Predictor principal
IRFAMSOC,FAM RECEIVE SS OR RR PAYMENTS - IMPUTATION REVISED,IMPUTED INCOME,Imputada,100.0,Predictor principal
IIFAMSOC,FAM RECEIVE SS OR RR PAYMENTS - IMPUTATION INDICATOR,IMPUTED INCOME,Imputada,100.0,Excluir de variables de entrada
IRFAMSSI,FAM RECEIVE SSI - IMPUTATION REVISED,IMPUTED INCOME,Imputada,100.0,Predictor principal
IIFAMSSI,FAM RECEIVE SSI - IMPUTATION INDICATOR,IMPUTED INCOME,Imputada,100.0,Excluir de variables de entrada
IRFSTAMP,RESP/OTH FAM MEM REC FOOD STAMPS - IMPUTATION REVISED,IMPUTED INCOME,Imputada,100.0,Predictor principal
IIFSTAMP,RESP/OTH FAM MEM REC FOOD STAMPS - IMPUTATION INDICATOR,IMPUTED INCOME,Imputada,100.0,Excluir de variables de entrada
IRFAMPMT,FAM RECEIVE PUBLIC ASSIST - IMPUTATION REVISED,IMPUTED INCOME,Imputada,100.0,Predictor principal
IIFAMPMT,FAM RECEIVE PUBLIC ASSIST - IMPUTATION INDICATOR,IMPUTED INCOME,Imputada,100.0,Excluir de variables de entrada
IRFAMSVC,FAM REC WELFARE/JOB PL/CHILDCARE - IMPUTATION REVISED,IMPUTED INCOME,Imputada,100.0,Predictor principal
IIFAMSVC,FAM REC WELFARE/JOB PL/CHILDCARE - IMPUTATION INDICATOR,IMPUTED INCOME,Imputada,100.0,Excluir de variables de entrada
IRWELMOS,NO OF MONTHS ON WELFARE - IMPUTATION REVISED,IMPUTED INCOME,Imputada,4.028,Predictor principal
IIWELMOS,NO OF MONTHS ON WELFARE - IMPUTATION INDICATOR,IMPUTED INCOME,Imputada,8.264,Excluir de variables de entrada
IRPINC3,RECODE -RESP TOT INCOME - IMPUTATION REVISED,IMPUTED INCOME,Imputada,100.0,Predictor principal
IRFAMIN3,RECODE - TOT FAM INCOME - IMPUTATION REVISED,IMPUTED INCOME,Imputada,100.0,Predictor principal
IIPINC3,RECODE - RESP TOT INCOME - IMPUTATION INDICATOR,IMPUTED INCOME,Imputada,100.0,Excluir de variables de entrada
IIFAMIN3,RECODE - TOT FAM INCOME - IMPUTATION INDICATOR,IMPUTED INCOME,Imputada,100.0,Excluir de variables de entrada
GOVTPROG,RC-PARTICIPATED IN ONE OR MORE GOVT ASSIST PROGRAMS,RECODED INCOME,Recodificada,100.0,Predictor principal
INCOME,RC-TOTAL FAMILY INCOME RECODE,RECODED INCOME,Recodificada,100.0,Predictor principal
POVERTY3,RC-POVERTY LEVEL (% OF US CENSUS POVERTY THRESHOLD),RECODED INCOME,Recodificada,99.712,Predictor principal
BOOKED,EVER ARRESTED AND BOOKED FOR BREAKING THE LAW,SPECIAL TOPICS,Original u otra,98.275,Predictor principal
NOBOOKY2,# TIMES ARRESTED AND BOOKED PAST 12 MONTHS,SPECIAL TOPICS,Original u otra,12.924,Predictor principal
BKMVTHFT,ARRSTD & BOOKED FOR MOT VEH THEFT PAST 12 MONTHS,SPECIAL TOPICS,Original u otra,1.78,Predictor principal
BKLARCNY,ARRSTD & BOOKED FOR LARCENY/THEFT PAST 12 MONTHS,SPECIAL TOPICS,Original u otra,1.776,Predictor principal
BKBURGL,ARRSTD & BOOKED FOR BURGLARY/B & E PAST 12 MOS,SPECIAL TOPICS,Original u otra,1.78,Predictor principal
BKSRVIOL,ARRSTD & BOOKED SERIOUS VIOL OFFENSE PST 12 MOS,SPECIAL TOPICS,Original u otra,1.776,Predictor principal
BKSMASLT,ARRSTD & BOOKED FOR OTHER ASSAULT PAST 12 MONTHS,SPECIAL TOPICS,Original u otra,1.734,Predictor principal
BKROB,ARRSTD & BOOKED FOR ROBBERY PAST 12 MONTHS,SPECIAL TOPICS,Original u otra,1.782,Predictor principal
BKARSON,ARRSTD & BOOKED FOR ARSON PAST 12 MONTHS,SPECIAL TOPICS,Original u otra,1.784,Predictor principal
BKDRVINF,ARRSTD & BOOKED FOR DUI PAST 12 MONTHS,SPECIAL TOPICS,Original u otra,1.767,Predictor principal
BKDRUNK,ARRSTD & BOOKED FOR DRUNKENNESS PAST 12 MONTHS,SPECIAL TOPICS,Original u otra,1.774,Predictor principal
BKDRUG,ARRSTD & BOOKED FOR POSSES/SALE DRUGS PAST 12 MOS,SPECIAL TOPICS,Original u otra,1.759,Predictor principal
BKSEXNR,ARRSTD & BOOKED SEX OFFENSE EXCL RAPE PST 12 MOS,SPECIAL TOPICS,Original u otra,1.784,Predictor principal
BKFRAUD,ARRSTD & BOOKED FOR FRAUD/STOL GOODS PAST 12 MOS,SPECIAL TOPICS,Original u otra,1.757,Predictor principal
BKOTH,ARRSTD & BOOKED FOR SOME OTHER OFF PAST 12 MOS,SPECIAL TOPICS,Original u otra,1.486,Predictor principal
BKOTHOF2,OTHER OFFENSE PAST 12 MONTHS - SPECIFY,SPECIAL TOPICS,Original u otra,0.503,Excluir de variables de entrada
PROBATON,ON PROBATION AT ANY TIME PAST 12 MONTHS,SPECIAL TOPICS,Original u otra,98.651,Predictor principal
PAROLREL,ON PAROLE/SUPRV RELEASE PAST 12 MONTHS,SPECIAL TOPICS,Original u otra,98.645,Predictor principal
DRVINALCO,DROVE UNDER INFLUENCE OF ALCOHOL PST 12 MOS,SPECIAL TOPICS,Original u otra,98.894,Predictor principal
DRVINMARJ,DROVE UNDER INFLUENCE OF MARIJUANA PST 12 MOS,SPECIAL TOPICS,Original u otra,99.332,Predictor principal
DRVINCOCN,DROVE UNDER INFLU OF COCAINE PST 12 MOS,SPECIAL TOPICS,Original u otra,99.797,Predictor principal
DRVINHERN,DROVE UNDER INFLUENCE OF HEROIN PAST 12 MOS,SPECIAL TOPICS,Original u otra,99.915,Predictor principal
DRVINHALL,DROVE UNDER INFLU OF HALLUCINOGENS PAST 12 MOS,SPECIAL TOPICS,Original u otra,99.416,Predictor principal
DRVININHL,DROVE UNDER INFLUENCE OF INHALANTS PAST 12 MOS,SPECIAL TOPICS,Original u otra,99.729,Predictor principal
DRVINMETH,DROVE UNDER INFLU OF METHAMPHETAMINE PAST 12 MOS,SPECIAL TOPICS,Original u otra,99.844,Predictor principal
DRVINALON,DROVE UNDER INFLUENCE OF ONLY ALCOHOL PST 12 MOS,SPECIAL TOPICS,Original u otra,34.121,Predictor principal
MXMJPNLT,MAX PENALTY FOR 1ST MJ POSS < OUNCE IN YOUR STATE,SPECIAL TOPICS,Original u otra,84.118,Predictor principal
DRVINALCO2,RC-DROVE UNDER INFLUENCE OF ALCOHOL IN PAST YEAR,RECODED SPECIAL TOPICS,Recodificada,98.894,Predictor principal
DRVINMARJ2,RC-DROVE UNDER INFLUENCE OF MARIJUANA IN PAST YEAR,RECODED SPECIAL TOPICS,Recodificada,99.332,Predictor principal
DRVINDRG,RC-DROVE UNDER INFLUENCE OF SELECTED ILL DRUGS IN PAST YR,RECODED SPECIAL TOPICS,Recodificada,98.562,Predictor principal
DRVINDROTMJ,RC-DROVE UNDER INFLUENCE OF SELECTED ILL DRG OTH MRJ IN PY,RECODED SPECIAL TOPICS,Recodificada,98.97,Predictor principal
DRVINALDRG,RC-DROVE UNDER INFLUENCE OF ALC OR SELECTED ILL DRG IN PY,RECODED SPECIAL TOPICS,Recodificada,97.92,Predictor principal
PAROL,RC-PAROLE/SUPERVISED RELEASE STATUS IN THE PAST YEAR,RECODED SPECIAL TOPICS,Recodificada,98.645,Predictor principal
PROB,RC-PROBATION STATUS IN THE PAST YEAR,RECODED SPECIAL TOPICS,Recodificada,98.651,Predictor principal
CIGEVER,EVER SMOKED A CIGARETTE,NICOTINE,Original u otra,100.0,Excluir de variables de entrada
CIGTRY,AGE WHEN FIRST SMOKED A CIGARETTE,NICOTINE,Original u otra,99.715,Excluir de variables de entrada
CIGYFU,YEAR OF FIRST CIGARETTE USE - RECODE,NICOTINE,Original u otra,50.01,Excluir de variables de entrada
CIGMFU,MONTH OF FIRST CIGARETTE USE - RECODE,NICOTINE,Original u otra,49.957,Excluir de variables de entrada
CIGREC,TIME SINCE LAST SMOKED CIGARETTES,NICOTINE,Original u otra,99.998,Excluir de variables de entrada
CIG30USE,HOW MANY DAYS SMOKED CIG IN PAST 30 DAYS,NICOTINE,Original u otra,99.888,Excluir de variables de entrada
CG30EST,BEST EST. # DAYS SMOKED CIG PAST 30 DAYS,NICOTINE,Original u otra,86.177,Excluir de variables de entrada
CIG30AV,AVG # CIGS SMOKED PER DAY/ON DAY SMOKED,NICOTINE,Original u otra,99.934,Excluir de variables de entrada
CIGMENTH30,MENTHOL CIGARETTES SMOKED MOST OFTEN IN PAST 30 DAYS,NICOTINE,Original u otra,99.918,Excluir de variables de entrada
CIGROLL30,SMOKED A ROLL-YOUR-OWN CIGARETTE IN THE PAST 30 DAYS,NICOTINE,Original u otra,99.951,Excluir de variables de entrada
CIGDLYMO,EVER SMOKED CIG EVERY DAY FOR 30 DAYS,NICOTINE,Original u otra,92.803,Excluir de variables de entrada
CIGAGE,AGE WHEN FIRST STARTED SMOKING CIGARETTES EVERYDAY,NICOTINE,Original u otra,74.752,Excluir de variables de entrada
CIGDLYFU,YEAR OF FIRST CIGARETTE USE EVERY DAY - RECODE,NICOTINE,Original u otra,49.016,Excluir de variables de entrada
CIGDLMFU,MONTH OF FIRST CIGARETTE USE EVERY DAY - RECODE,NICOTINE,Original u otra,49.012,Excluir de variables de entrada
CIG100LF,HAVE YOU SMOKED 100 CIGS IN YOUR LIFE,NICOTINE,Original u otra,93.917,Excluir de variables de entrada
NICVAPEVER,EVER VAPED NICOTINE WITH E-CIGARETTE OR OTHER VAPING DEVICE,NICOTINE,Original u otra,99.973,Excluir de variables de entrada
NICVAPAGE,AGE WHEN FIRST VAPED NICOTINE WITH E-CIG OR VAPING DEVICE,NICOTINE,Original u otra,99.404,Excluir de variables de entrada
NICVAPYFU,YEAR FIRST VAPED NICOTINE W/ E-CIG OR VAPE DEVICE - RECODE,NICOTINE,Original u otra,68.452,Excluir de variables de entrada
NICVAPMFU,MONTH FIRST VAPED NICOTINE W/ E-CIG OR VAPE DEVICE - RECODE,NICOTINE,Original u otra,68.3,Excluir de variables de entrada
NICVAPREC,TIME SINCE LAST VAPED NICOTINE WITH E-CIG OR VAPING DEVICE,NICOTINE,Original u otra,99.943,Excluir de variables de entrada
NICVAP30N,# DAYS VAPED NICOTINE W/ E-CIG OR VAP DEVICE IN PAST 30 DAYS,NICOTINE,Original u otra,99.846,Excluir de variables de entrada
SMKLSSEVR,EVER USED SMOKELESS TOBACCO,NICOTINE,Original u otra,99.964,Excluir de variables de entrada
SMKLSSTRY,AGE WHEN FIRST USED SMOKELESS TOBACCO,NICOTINE,Original u otra,99.808,Excluir de variables de entrada
SMKLSSYFU,YEAR OF FIRST SMOKELESS TOBACCO  USE - RECODE,NICOTINE,Original u otra,86.78,Excluir de variables de entrada
SMKLSSMFU,MONTH OF FIRST SMOKELESS TOBACCO USE - RECODE,NICOTINE,Original u otra,86.748,Excluir de variables de entrada
SMKLSSREC,TIME SINCE LAST USED SMOKELESS TOBACCO,NICOTINE,Original u otra,99.96,Excluir de variables de entrada
SMKLSS30N,HOW MANY DAYS USED SMOKELESS TOBACCO PAST 30 DAYS,NICOTINE,Original u otra,99.915,Excluir de variables de entrada
SMKLSS30E,BEST EST. HOW MANY DAYS USED SMKLSS TOB PST 30 DYS,NICOTINE,Original u otra,97.019,Excluir de variables de entrada
CIGAREVR,EVER SMOKED PART OR ALL OF CIGAR,NICOTINE,Original u otra,99.981,Excluir de variables de entrada
CIGARTRY,AGE WHEN FIRST SMOKED CIGAR,NICOTINE,Original u otra,99.577,Excluir de variables de entrada
CIGARYFU,YEAR OF FIRST CIGAR USE - RECODE,NICOTINE,Original u otra,70.887,Excluir de variables de entrada
CIGARMFU,MONTH OF FIRST CIGAR USE - RECODE,NICOTINE,Original u otra,70.839,Excluir de variables de entrada
CIGARREC,TIME SINCE LAST SMOKED CIGAR,NICOTINE,Original u otra,99.979,Excluir de variables de entrada
CGR30USE,HOW MANY DAYS SMOKED CIGAR IN PAST 30 DAYS,NICOTINE,Original u otra,99.949,Excluir de variables de entrada
CI30EST,BEST EST. # DAYS SMOKED CIGAR PAST 30 DAYS,NICOTINE,Original u otra,95.968,Excluir de variables de entrada
PIPEVER,EVER SMOKED PIPE TOBACCO,NICOTINE,Original u otra,99.987,Excluir de variables de entrada
PIPE30DY,HAVE YOU SMOKED PIPE TOBACCO IN PAST 30 DAYS,NICOTINE,Original u otra,99.983,Excluir de variables de entrada
CIGIRTBL,NEED TO SMOKE TO FEEL LESS IRRITABLE,NICOTINE DEPENDENCE,Original u otra,99.753,Predictor principal
CIGCRAVE,START TO CRAVE CIGS WHEN DON'T SMOKE FOR FEW HRS,NICOTINE DEPENDENCE,Original u otra,99.774,Predictor principal
CIGCRAGP,CRAVING OF CIGS LIKE STRONG FORCE CAN'T CONTROL,NICOTINE DEPENDENCE,Original u otra,99.77,Predictor principal
CIGINCTL,FEEL A SENSE OF CONTROL OVER YOUR SMOKING,NICOTINE DEPENDENCE,Original u otra,99.757,Predictor principal
CIGAVOID,TEND TO AVOID PLACES THAT DON'T ALLOW SMOKING,NICOTINE DEPENDENCE,Original u otra,99.751,Predictor principal
CIGFNSMK,HAVE FRIENDS WHO DO NOT SMOKE CIGARETTES,NICOTINE DEPENDENCE,Original u otra,99.778,Predictor principal
CIGFNLKE,CHOOSE NOT TO BE AROUND FRIENDS WHO DON'T SMOKE,NICOTINE DEPENDENCE,Original u otra,98.543,Predictor principal
CIGPLANE,RATHER NOT TRAVEL BY AIRPLANE B/C NO SMOKING,NICOTINE DEPENDENCE,Original u otra,99.736,Predictor principal
CIGRNOUT,SOMETIMES WORRY THAT YOU WILL RUN OUT OF CIGS,NICOTINE DEPENDENCE,Original u otra,99.753,Predictor principal
CIGREGDY,SMOKE CIGS FAIRLY REGULARLY THROUGHOUT THE DAY,NICOTINE DEPENDENCE,Original u otra,99.751,Predictor principal
CIGREGWK,SMOKE SAME AMOUNT ON WEEKENDS AS ON WEEKDAYS,NICOTINE DEPENDENCE,Original u otra,99.725,Predictor principal
CIGREGNM,SMOKE SAME NUMBER OF CIGS FROM DAY TO DAY,NICOTINE DEPENDENCE,Original u otra,99.729,Predictor principal
CIGNMCHG,NUMBER OF CIGS SMOKE PER DAY OFTEN CHANGES,NICOTINE DEPENDENCE,Original u otra,99.734,Predictor principal
CIGSVLHR,"HAVE MANY CIGS IN HR, THEN NO CIGS TIL HRS LATER",NICOTINE DEPENDENCE,Original u otra,99.723,Predictor principal
CIGINFLU,# OF CIGS SMOKE PER DAY INFLUENCED BY OTHER THINGS,NICOTINE DEPENDENCE,Original u otra,99.725,Predictor principal
CIGNOINF,SMOKING NOT AFFECTED BY OTHER THINGS,NICOTINE DEPENDENCE,Original u otra,99.708,Predictor principal
CIGINCRS,AMOUNT OF SMOKING HAS INCR. SINCE STARTED SMOKING,NICOTINE DEPENDENCE,Original u otra,99.729,Predictor principal
CIGSATIS,NEED TO SMOKE A LOT MORE TO BE SATISFIED,NICOTINE DEPENDENCE,Original u otra,99.715,Predictor principal
CIGLOTMR,SMOKE MUCH MORE NOW BEFORE FEEL ANYTHING,NICOTINE DEPENDENCE,Original u otra,99.687,Predictor principal
CIGWAKE,HOW SOON AFTER WAKING DO YOU HAVE YOUR FIRST CIG,NICOTINE DEPENDENCE,Original u otra,99.45,Predictor principal
NDSSDEPND,NICOTINE DEPENDENCE BASED ON NDSS SCORE,NICOTINE DEPENDENCE,Original u otra,99.725,Predictor principal
FTNDDEPND,NICOTINE DEPENDENCE BASED ON FTND SCALE,NICOTINE DEPENDENCE,Original u otra,99.474,Predictor principal
PMNICDEP,NICOTINE DEPENDENCE IN PAST MONTH,NICOTINE DEPENDENCE,Original u otra,99.471,Predictor principal
IRPMNICDEP,NICOTINE DEPENDENCE IN PAST MONTH - IMPUTATION REVISED,IMPUTED NICOTINE DEPENDENCE,Imputada,100.0,Predictor principal
IIPMNICDEP,NICOTINE DEPENDENCE IN PAST MONTH - IMPUTATION INDICATOR,IMPUTED NICOTINE DEPENDENCE,Imputada,99.81,Excluir de variables de entrada
ALCEVER,EVER HAD DRINK OF ALCOHOLIC BEVERAGE,ALCOHOL,Original u otra,99.983,Excluir de variables de entrada
ALCTRY,AGE WHEN FIRST DRANK ALCOHOLIC BEVERAGE,ALCOHOL,Original u otra,99.48,Excluir de variables de entrada
ALCYFU,YEAR OF FIRST ALCOHOL USE - RECODE,ALCOHOL,Original u otra,20.284,Excluir de variables de entrada
ALCMFU,MONTH OF FIRST ALCOHOL USE - RECODE,ALCOHOL,Original u otra,20.203,Excluir de variables de entrada
ALCREC,TIME SINCE LAST DRANK ALCOHOLIC BEVERAGE,ALCOHOL,Original u otra,99.975,Excluir de variables de entrada
ALCYRTOT,TOTAL # OF DAYS USED ALCOHOL IN PAST 12 MOS,ALCOHOL,Original u otra,99.311,Excluir de variables de entrada
ALTOTFG,TRIMMING INDICATOR FOR ALCYRTOT,ALCOHOL,Original u otra,0.59,Excluir de variables de entrada
ALFQFLG,TRIMMED ALCYRTOT IF R USED < 12 MOS,ALCOHOL,Original u otra,0.6,Excluir de variables de entrada
ALBSTWAY,EASIEST WAY TO TELL US # DAYS DRANK ALCOHOL,ALCOHOL,Original u otra,99.49,Excluir de variables de entrada
ALDAYPYR,NUMBER DAYS DRANK ALCOHOL IN PAST 12 MOS,ALCOHOL,Original u otra,52.35,Excluir de variables de entrada
ALDAYPMO,# DAYS PER MONTH DRANK ALCOHOL IN PAST 12 MOS,ALCOHOL,Original u otra,56.887,Excluir de variables de entrada
ALDAYPWK,# DAYS PER WEEK DRANK ALCOHOL IN PAST 12 MOS,ALCOHOL,Original u otra,54.464,Excluir de variables de entrada
ALCDAYS,# DAYS HAD ONE OR MORE DRINKS PAST 30 DAYS,ALCOHOL,Original u otra,99.068,Excluir de variables de entrada
AL30EST,BEST ESTIMATE # DAYS HAD ONE OR MORE DRINKS,ALCOHOL,Original u otra,49.16,Excluir de variables de entrada
ALDYSFG,REVISION INDICATOR FOR ALCDAYS,ALCOHOL,Original u otra,0.047,Excluir de variables de entrada
ALCUS30D,USUAL # OF DRINKS PER DAY PAST 30 DAYS,ALCOHOL,Original u otra,96.687,Excluir de variables de entrada
ALCBNG30D,# DAYS HAD FOUR/FIVE OR MORE DRINKS PAST 30 DYS,ALCOHOL,Original u otra,98.892,Excluir de variables de entrada
CADRLAST,# OF DRINKS THE LAST TIME DRANK IN PAST 30 DAYS,CONSUMPTION OF ALCOHOL,Original u otra,97.858,Excluir de variables de entrada
CADRPEOP,ALONE OR W/ MORE THAN ONE PERSON LAST TIME DRANK,CONSUMPTION OF ALCOHOL,Original u otra,51.669,Excluir de variables de entrada
CADRCAR,I DRANK IN A CAR OR OTHER VEHICLE,CONSUMPTION OF ALCOHOL,Original u otra,51.65,Excluir de variables de entrada
CADRHOME,I DRANK AT MY HOME,CONSUMPTION OF ALCOHOL,Original u otra,51.646,Excluir de variables de entrada
CADROTHM,I DRANK AT SOMEONE ELSE'S HOME,CONSUMPTION OF ALCOHOL,Original u otra,51.633,Excluir de variables de entrada
CADRPUBL,"I DRANK AT A PARK, ON A BEACH OR IN A PARKING LOT",CONSUMPTION OF ALCOHOL,Original u otra,51.64,Excluir de variables de entrada
CADRBAR,"I DRANK IN A RESTAURANT, BAR OR CLUB",CONSUMPTION OF ALCOHOL,Original u otra,51.644,Excluir de variables de entrada
CADREVNT,I DRANK AT A CONCERT OR SPORTS GAME,CONSUMPTION OF ALCOHOL,Original u otra,51.65,Excluir de variables de entrada
CADRSCHL,I DRANK AT SCHOOL,CONSUMPTION OF ALCOHOL,Original u otra,51.648,Excluir de variables de entrada
CADROTH,I DRANK AT SOME OTHER PLACE,CONSUMPTION OF ALCOHOL,Original u otra,51.65,Excluir de variables de entrada
CADROTS2,OTHER PLACE YOU LAST DRANK ALCOHOL,CONSUMPTION OF ALCOHOL,Original u otra,49.119,Excluir de variables de entrada
CABUYFRE,PAY FOR THE LAST ALCOHOLIC BEVERAGE THAT U DRANK,CONSUMPTION OF ALCOHOL,Original u otra,51.652,Excluir de variables de entrada
CAGVMONY,DID YOU/SOMEONE ELSE BUY LAST ALCOHOLIC BEVERAGE,CONSUMPTION OF ALCOHOL,Original u otra,49.874,Excluir de variables de entrada
CABUYWHO,STATEMENT BEST DESCRIBES PURCHASE OF LAST ALCOHOL,CONSUMPTION OF ALCOHOL,Original u otra,49.377,Excluir de variables de entrada
CABPLACE,WHERE YOU BOUGHT LAST ALCOHOLIC BEVERAGE,CONSUMPTION OF ALCOHOL,Original u otra,49.329,Excluir de variables de entrada
CABUNDAG,BUY LAST ALCOHOLIC BEVERAGE FR SOMEONE <21 OR 21+,CONSUMPTION OF ALCOHOL,Original u otra,48.94,Excluir de variables de entrada
CAGVWHO,WHO BOUGHT THE ALCOHOLIC BEVERAGE FOR YOU,CONSUMPTION OF ALCOHOL,Original u otra,49.016,Excluir de variables de entrada
CAFREWHO,HOW DID U GET THE LAST ALCOHOLIC BEVERAGE U DRANK,CONSUMPTION OF ALCOHOL,Original u otra,49.733,Excluir de variables de entrada
CAFRESP2,OTHER WAY YOU GOT THE LAST ALCOHOLIC BEVERAGE,CONSUMPTION OF ALCOHOL,Original u otra,49.107,Excluir de variables de entrada
CADRKDRUG,ALSO USED DRUGS WHILE YOU WERE DRINKING,CONSUMPTION OF ALCOHOL,Original u otra,98.812,Excluir de variables de entrada
CADRKMARJ,USED MARIJUANA OR CANNABIS WHILE YOU WERE DRINKING,CONSUMPTION OF ALCOHOL,Original u otra,92.196,Excluir de variables de entrada
CADRKCOCN,USED COCAINE OR 'CRACK' WHILE YOU WERE DRINKING,CONSUMPTION OF ALCOHOL,Original u otra,85.585,Excluir de variables de entrada
CADRKHERN,USED HEROIN WHILE YOU WERE DRINKING,CONSUMPTION OF ALCOHOL,Original u otra,85.262,Excluir de variables de entrada
CADRKHALL,USED HALLUCINOGENS WHILE YOU WERE DRINKING,CONSUMPTION OF ALCOHOL,Original u otra,85.793,Excluir de variables de entrada
CADRKINHL,USED INHALANTS WHILE YOU WERE DRINKING,CONSUMPTION OF ALCOHOL,Original u otra,85.401,Excluir de variables de entrada
CADRKMETH,USED METHAMPHETAMINE WHILE YOU WERE DRINKING,CONSUMPTION OF ALCOHOL,Original u otra,85.456,Excluir de variables de entrada
CABINGFLG,ANY REPORT OF 4+ OR 5+ DRINKS FROM ALCOHOL MODULE,CONSUMPTION OF ALCOHOL,Original u otra,23.415,Excluir de variables de entrada
CABINGEVR,EVER HAD 4/5 OR MORE DRINKS ON THE SAME OCCASION,CONSUMPTION OF ALCOHOL,Original u otra,74.15,Excluir de variables de entrada
CABINGAGE,AGE 1ST TIME HAD 4 OR 5 OR MORE DRINKS SAME OCCASION,CONSUMPTION OF ALCOHOL,Original u otra,64.987,Excluir de variables de entrada
CABINGYFU,YEAR OF FIRST 4 OR 5 + DRINKS ON SAME OCCASION - RECODE,CONSUMPTION OF ALCOHOL,Original u otra,21.565,Excluir de variables de entrada
CABINGMFU,MONTH OF 4 OR 5+ DRINKS ON SAME OCCASION - RECODE,CONSUMPTION OF ALCOHOL,Original u otra,21.389,Excluir de variables de entrada
EIBINGAGE,EDITING INDICATOR FOR CABINGAGE,CONSUMPTION OF ALCOHOL,Original u otra,0.0,Excluir de variables de entrada
EIBINGYFU,EDITING INDICATOR FOR CABINGYFU,CONSUMPTION OF ALCOHOL,Original u otra,0.0,Excluir de variables de entrada
EIBINGMFU,EDITING INDICATOR FOR CABINGMFU,CONSUMPTION OF ALCOHOL,Original u otra,0.0,Excluir de variables de entrada
UADPEOP,RC-SOCIAL CONTEXT OF MOST RECENT ALCOHOL USE,RECODED CONSUMPTION OF ALCOHOL,Recodificada,99.789,Predictor principal
UADCAR,RC-MOST RECENT ALCOHOL USE IN A CAR,RECODED CONSUMPTION OF ALCOHOL,Recodificada,2.715,Predictor principal
UADHOME,RC-MOST RECENT ALCOHOL USE AT HOME,RECODED CONSUMPTION OF ALCOHOL,Recodificada,2.715,Predictor principal
UADOTHM,RC-MOST RECENT ALCOHOL USE AT SOMEONE ELSE'S HOME,RECODED CONSUMPTION OF ALCOHOL,Recodificada,2.715,Predictor principal
UADPUBL,"RC-MOST RECENT ALCOHOL USE AT A PARK, BEACH, OR LOT",RECODED CONSUMPTION OF ALCOHOL,Recodificada,2.715,Predictor principal
UADBAR,"RC-MOST RECENT ALCOHOL USE AT RESTAURANT, BAR, OR CLUB",RECODED CONSUMPTION OF ALCOHOL,Recodificada,2.715,Predictor principal
UADEVNT,RC-MOST RECENT ALCOHOL USE AT CONCERT OR SPORTS GAME,RECODED CONSUMPTION OF ALCOHOL,Recodificada,2.715,Predictor principal
UADSCHL,RC-MOST RECENT ALCOHOL USE AT SCHOOL,RECODED CONSUMPTION OF ALCOHOL,Recodificada,2.715,Predictor principal
UADROTH,RC-MOST RECENT ALCOHOL USE AT SOME OTHER PLACE,RECODED CONSUMPTION OF ALCOHOL,Recodificada,2.681,Predictor principal
UADOTSP2,RC-OTHER LOCATIONS OF MOST RECENT ALCOHOL USE,RECODED CONSUMPTION OF ALCOHOL,Recodificada,0.085,Predictor principal
UADPAID,RC-UNDERAGE DRINKER PAID FOR MOST RECENT ALCOHOL,RECODED CONSUMPTION OF ALCOHOL,Recodificada,99.772,Predictor principal
UADMONY,RC-UNDERAGE DRINKER PURCHASED MOST RECENT ALCOHOL,RECODED CONSUMPTION OF ALCOHOL,Recodificada,99.763,Predictor principal
UADBWHO,RC-HOW UNDERAGE DRINKER PURCHASED MOST RECNT ALCOHOL,RECODED CONSUMPTION OF ALCOHOL,Recodificada,99.763,Predictor principal
UADPLACE,RC-WHERE UNDERAGE DRINKER PURCHSD MOST RECNT ALCOHOL,RECODED CONSUMPTION OF ALCOHOL,Recodificada,99.757,Predictor principal
UADBUND,RC-AGE PERSON WHO PURCHASED ALC FOR UNDERAGE DRINKER,RECODED CONSUMPTION OF ALCOHOL,Recodificada,99.725,Predictor principal
UADCAG,RC-WHO PURCHASED UNDERAGE DRINKER MOST RECENT ALCOHOL,RECODED CONSUMPTION OF ALCOHOL,Recodificada,99.347,Predictor principal
UADFWHO,RC-WHO GAVE UNDERAGE DRINKER MOST RECENT ALCOHOL,RECODED CONSUMPTION OF ALCOHOL,Recodificada,98.753,Predictor principal
UADFRD,"RC-MOST RECENT ALCOHOL FROM FRIEND, UNSPEC AGE/METHOD",RECODED CONSUMPTION OF ALCOHOL,Recodificada,99.681,Predictor principal
CADRKMARJ2,RC-USED MARIJUANA WITH LAST ALCOHOL USE,RECODED CONSUMPTION OF ALCOHOL,Recodificada,99.247,Predictor principal
CADRKCOCN2,RC-USED COCAINE WITH LAST ALCOHOL USE,RECODED CONSUMPTION OF ALCOHOL,Recodificada,99.901,Predictor principal
CADRKHERN2,RC-USED HEROIN WITH LAST ALCOHOL USE,RECODED CONSUMPTION OF ALCOHOL,Recodificada,99.973,Predictor principal
CADRKHALL2,RC-USED HALLUCINOGENS WITH LAST ALCOHOL USE,RECODED CONSUMPTION OF ALCOHOL,Recodificada,99.715,Predictor principal
CADRKINHL2,RC-USED INHALANTS WITH LAST ALCOHOL USE,RECODED CONSUMPTION OF ALCOHOL,Recodificada,99.896,Predictor principal
CADRKMETH2,RC-USED METHAMPHETAMINE WITH LAST ALCOHOL USE,RECODED CONSUMPTION OF ALCOHOL,Recodificada,99.945,Predictor principal
CBDHMPEVR,EVER USED CBD OR HEMP PRODUCTS,MARIJUANA,Original u otra,99.759,Excluir de variables de entrada
CBDHMPREC,TIME SINCE LAST USED CBD OR HEMP PRODUCT,MARIJUANA,Original u otra,99.759,Excluir de variables de entrada
MJEVER,EVER USED MARIJUANA/CANNABIS,MARIJUANA,Original u otra,99.951,Excluir de variables de entrada
MJAGE,AGE WHEN FIRST USED MARIJUANA/CANNABIS,MARIJUANA,Original u otra,99.715,Excluir de variables de entrada
MJYFU,YEAR OF FIRST MARIJUANA/CANNABIS USE - RECODE,MARIJUANA,Original u otra,49.282,Excluir de variables de entrada
MJMFU,MONTH OF FIRST MARIJUANA/CANNABIS USE - RECODE,MARIJUANA,Original u otra,49.191,Excluir de variables de entrada
MJREC,TIME SINCE LAST USED MARIJUANA/CANNABIS,MARIJUANA,Original u otra,99.947,Excluir de variables de entrada
MJYRTOT,TOTAL # OF DAYS USED MARIJUANA/CANNABIS IN PAST 12 MOS,MARIJUANA,Original u otra,99.429,Excluir de variables de entrada
MRTOTFG,TRIMMING INDICATOR FOR MJYRTOT,MARIJUANA,Original u otra,1.093,Excluir de variables de entrada
MJFQFLG,TRIMMED MJYRTOT IF R USED < 12 MOS,MARIJUANA,Original u otra,0.414,Excluir de variables de entrada
MRBSTWAY,EASIEST WAY TO TELL US # DAYS USED MARIJUANA/CANNABIS,MARIJUANA,Original u otra,99.512,Excluir de variables de entrada
MRDAYPYR,# DAYS USED MARIJUANA/CANNABIS PAST 12 MONTHS,MARIJUANA,Original u otra,80.883,Excluir de variables de entrada
MRDAYPMO,# DAYS PER MO USED MARIJUANA/CANNABIS PAST 12 MOS,MARIJUANA,Original u otra,77.919,Excluir de variables de entrada
MRDAYPWK,# DAYS PER WEEK USED MARIJUANA/CANNABIS PAST 12 MOS,MARIJUANA,Original u otra,84.287,Excluir de variables de entrada
MJDAY30A,# DAYS USED MARIJUANA/CANNABIS PAST 30 DAYS,MARIJUANA,Original u otra,99.463,Excluir de variables de entrada
MR30EST,BEST EST. # DAYS USED MARIJUANA/CANNABIS PAST 30 DAYS,MARIJUANA,Original u otra,80.441,Excluir de variables de entrada
MJYRSMOKE,MRJ USE - SMOKING - PAST 12 MONTHS,MARIJUANA,Original u otra,99.505,Excluir de variables de entrada
MJYRVAPE,MRJ USE - VAPING - PAST 12 MONTHS,MARIJUANA,Original u otra,99.233,Excluir de variables de entrada
MJYRDAB,"MRJ USE - DABBING WAXES, SHATTER, OR CONC - PAST 12 MOS",MARIJUANA,Original u otra,99.554,Excluir de variables de entrada
MJYREAT,MRJ USE - EATING OR DRINKING - PAST 12 MONTHS,MARIJUANA,Original u otra,99.273,Excluir de variables de entrada
MJYRMOUTH,MRJ USE - DROPS/STRIPS/LOZENGES/SPRAYS IN MOUTH - PST 12 MOS,MARIJUANA,Original u otra,99.638,Excluir de variables de entrada
MJYRSKIN,MRJ USE - LOTION/CREAM/PATCH TO SKIN - PAST 12 MONTHS,MARIJUANA,Original u otra,99.668,Excluir de variables de entrada
MJYRPILL,MRJ USE - PILLS - PAST 12 MONTHS,MARIJUANA,Original u otra,99.706,Excluir de variables de entrada
MJYROTHER,MRJ USE - SOME OTHER WAY - PAST 12 MONTHS,MARIJUANA,Original u otra,99.698,Excluir de variables de entrada
MJMONSMOKE,MRJ USE - SMOKING - PAST 30 DAYS,MARIJUANA,Original u otra,99.524,Excluir de variables de entrada
MJMONVAPE,MRJ USE - VAPING - PAST 30 DAYS,MARIJUANA,Original u otra,99.518,Excluir de variables de entrada
MJMONDAB,"MRJ USE - DABBING WAXES, SHATTER, OR CONC - PAST 30 DAYS",MARIJUANA,Original u otra,99.539,Excluir de variables de entrada
MJMONEAT,MRJ USE - EATING OR DRINKING - PAST 30 DAYS,MARIJUANA,Original u otra,99.478,Excluir de variables de entrada
MJMONMOUTH,MRJ USE - DROPS/STRIPS/LOZENGES/SPRAYS IN MOUTH - PST 30 DAY,MARIJUANA,Original u otra,99.548,Excluir de variables de entrada
MJMONSKIN,MRJ USE - LOTION/CREAM/PATCH TO SKIN - PAST 30 DAYS,MARIJUANA,Original u otra,99.535,Excluir de variables de entrada
MJMONPILL,MRJ USE - PILLS - PAST 30 DAYS,MARIJUANA,Original u otra,99.539,Excluir de variables de entrada
MJEVERVAPE,EVER VAPED MARIJUANA,MARIJUANA,Original u otra,87.769,Excluir de variables de entrada
MJANYMEDYR,ANY MARIJUANA USE IN PAST 12 MONTHS RECOMMENDED BY DR,MARIJUANA,Original u otra,99.729,Excluir de variables de entrada
MJALLMEDYR,ALL MARIJUANA USE IN PAST 12 MONTHS RECOMMENDED BY DR,MARIJUANA,Original u otra,76.577,Excluir de variables de entrada
MEDMJPA2,STATE MEDICAL MJ LAW PASSED AT TIME OF INTERVIEW,MARIJUANA,Original u otra,100.0,Excluir de variables de entrada
MKMBGHTYR,PAID FOR OR BOUGHT MARIJUANA - PAST 12 MONTHS,MARKET INFORMATION FOR MARIJUANA,Original u otra,98.725,Excluir de variables de entrada
MKMTRADEYR,TRADED SOMETHING FOR MARIJUANA - PAST 12 MONTHS,MARKET INFORMATION FOR MARIJUANA,Original u otra,98.776,Excluir de variables de entrada
MKMFREEYR,GOT FOR FREE OR SHARED SOMEONE ELSE'S MARIJUANA - PST 12 MOS,MARKET INFORMATION FOR MARIJUANA,Original u otra,98.71,Excluir de variables de entrada
MKMGREWYR,GREW OWN MARIJUANA - PAST 12 MONTHS,MARKET INFORMATION FOR MARIJUANA,Original u otra,98.776,Excluir de variables de entrada
MKMOTHWAYYR,GOT MARIJUANA IN SOME OTHER WAY - PAST 12 MONTHS,MARKET INFORMATION FOR MARIJUANA,Original u otra,95.076,Excluir de variables de entrada
MKMBGHTREC,TIME SINCE LAST PAID FOR OR BOUGHT MARIJUANA,MARKET INFORMATION FOR MARIJUANA,Original u otra,89.907,Excluir de variables de entrada
MKMBGHT30N2,# OF DAYS PAID FOR OR BOUGHT MARIJUANA - PAST 30 DAYS,MARKET INFORMATION FOR MARIJUANA,Original u otra,81.75,Excluir de variables de entrada
MKMAMTPDCOM2,AMT PAID FOR LAST MRJ BOUGHT - CAT - PST 12 MOS (COMBINED),MARKET INFORMATION FOR MARIJUANA,Original u otra,89.907,Excluir de variables de entrada
MKMBGHTDISP,BGHT LAST MARIJUANA FROM STORE OR DISPENSARY - PST 12 MOS,MARKET INFORMATION FOR MARIJUANA,Original u otra,89.955,Excluir de variables de entrada
MKMBGHTKNW,HOW WELL KNOW PERSON BOUGHT LAST MRJ FROM - PST 12 MOS,MARKET INFORMATION FOR MARIJUANA,Original u otra,76.145,Excluir de variables de entrada
MKMBGHTJNT,LAST BOUGHT MRJ IN PRE-ROLLED JOINTS - PST 12 MOS,MARKET INFORMATION FOR MARIJUANA,Original u otra,89.985,Excluir de variables de entrada
MKMBGHTLOO,LAST BOUGHT MRJ IN LOOSE FORM - PST 12 MOS,MARKET INFORMATION FOR MARIJUANA,Original u otra,89.987,Excluir de variables de entrada
MKMBGHTVAPE,LAST BOUGHT MRJ IN VAPING CATRIDGE/OIL/PEN - PST 12 MOS,MARKET INFORMATION FOR MARIJUANA,Original u otra,89.977,Excluir de variables de entrada
MKMBGHTDAB,LAST BOUGHT MRJ IN WAXES/SHATTER/CONCENTRATE - PST 12 MOS,MARKET INFORMATION FOR MARIJUANA,Original u otra,89.977,Excluir de variables de entrada
MKMBGHTEDBLE,LAST BOUGHT MRJ IN EDIBLES FOR EAT OR DRINK - PST 12 MOS,MARKET INFORMATION FOR MARIJUANA,Original u otra,89.972,Excluir de variables de entrada
MKMBGHTDRPS,LAST BOUGHT MRJ IN DROP/STRIP/LOZENGE/SPRAY - PST 12 MOS,MARKET INFORMATION FOR MARIJUANA,Original u otra,89.97,Excluir de variables de entrada
MKMBGHTLTN,LAST BOUGHT MRJ IN LOTION/CREAM/PATCH - PST 12 MOS,MARKET INFORMATION FOR MARIJUANA,Original u otra,89.972,Excluir de variables de entrada
MKMBGHTPILL,LAST BOUGHT MRJ IN PILLS - PST 12 MOS,MARKET INFORMATION FOR MARIJUANA,Original u otra,89.979,Excluir de variables de entrada
MKMBGHTOTH,LAST BOUGHT MRJ IN OTHER FORM - PST 12 MOS,MARKET INFORMATION FOR MARIJUANA,Original u otra,89.761,Excluir de variables de entrada
MKMLOOGMCOM2,EST AMT OF LOOSE MRJ BGHT LAST TIME IN GRAMS-CAT (COMBINED),MARKET INFORMATION FOR MARIJUANA,Original u otra,76.515,Excluir de variables de entrada
MKMLOOOUNCE,AMT OF LOOSE MARIJUANA BOUGHT LAST TIME IN OUNCES - CAT,MARKET INFORMATION FOR MARIJUANA,Original u otra,76.693,Excluir de variables de entrada
MKMSELLMRJ,SOLD MARIJUANA IN THE PAST 12 MONTHS,MARKET INFORMATION FOR MARIJUANA,Original u otra,98.78,Excluir de variables de entrada
BLNTEVER,EVER SMOKED CIGAR WITH MARIJUANA IN IT,BLUNTS,Original u otra,99.068,Excluir de variables de entrada
BLNTAGE,AGE WHEN FIRST SMOKED CIGAR WITH MJ IN IT,BLUNTS,Original u otra,98.839,Excluir de variables de entrada
BLNTYFU,YEAR OF FIRST USE OF CIGAR WITH MJ IN IT - RECODE,BLUNTS,Original u otra,73.46,Excluir de variables de entrada
BLNTMFU,MONTH OF FIRST USE OF CIGAR W/MJ IN IT - RECODE,BLUNTS,Original u otra,73.405,Excluir de variables de entrada
BLNTREC,TIME SINCE LAST SMOKED CIGAR WITH MJ IN IT,BLUNTS,Original u otra,98.987,Excluir de variables de entrada
BLRECFL2,INCONSISTENCY BETW BLNTREC AND INCIDENCE DATA,BLUNTS,Original u otra,0.091,Excluir de variables de entrada
BLNT30DY,# DAYS USED CIGAR WITH MJ IN IT PAST 30 DAYS,BLUNTS,Original u otra,98.977,Excluir de variables de entrada
BLNT30C1,"BL02/MJ01 DISAGREE, WHICH IS CORRECT",BLUNTS,Original u otra,0.108,Excluir de variables de entrada
BLNT30C2,"BL02 AND MJ RECENCY DISAGREE, WHICH IS CORRECT",BLUNTS,Original u otra,0.188,Excluir de variables de entrada
RSNOMRJ,WHY REPORT EARLIER THAT NEVER USED MJ/CANNABIS,BLUNTS,Original u otra,0.07,Excluir de variables de entrada
RSNMRJMO,WHY REPRT EARLIER NOT USE MJ/CANNABIS PAST 30 DAYS,BLUNTS,Original u otra,0.112,Excluir de variables de entrada
BLNTNOMJ,SMOKE CIGARS WITH NO MARIJUANA PAST 30 DAYS,BLUNTS,Original u otra,96.306,Excluir de variables de entrada
COCEVER,EVER USED COCAINE,COCAINE,Original u otra,99.968,Excluir de variables de entrada
COCAGE,AGE WHEN FIRST USED COCAINE,COCAINE,Original u otra,99.901,Excluir de variables de entrada
COCYFU,YEAR OF FIRST COCAINE USE - RECODE,COCAINE,Original u otra,86.285,Excluir de variables de entrada
COCMFU,MONTH OF FIRST COCAINE USE - RECODE,COCAINE,Original u otra,86.268,Excluir de variables de entrada
COCREC,TIME SINCE LAST USED COCAINE,COCAINE,Original u otra,99.932,Excluir de variables de entrada
COCYRTOT,TOTAL # OF DAYS USED COCAINE IN PAST 12 MONTHS,COCAINE,Original u otra,99.848,Excluir de variables de entrada
CCTOTFG,TRIMMING INDICATOR FOR COCYRTOT,COCAINE,Original u otra,0.006,Excluir de variables de entrada
CCFQFLG,TRIMMED COCYRTOT IF R USED < 12 MOS,COCAINE,Original u otra,0.057,Excluir de variables de entrada
CCBSTWAY,EASIEST WAY TO TELL US # DAYS USED COCAINE,COCAINE,Original u otra,99.848,Excluir de variables de entrada
CCDAYPYR,# DAYS USED COCAINE PAST 12 MONTHS,COCAINE,Original u otra,99.108,Excluir de variables de entrada
CCDAYPMO,# DAYS PER MONTH USED COCAINE PAST 12 MONTHS,COCAINE,Original u otra,98.345,Excluir de variables de entrada
CCDAYPWK,# DAYS PER WEEK USED COCAINE PAST 12 MONTHS,COCAINE,Original u otra,98.201,Excluir de variables de entrada
COCUS30A,# DAYS USED COCAINE PAST 30 DAYS,COCAINE,Original u otra,99.865,Excluir de variables de entrada
CC30EST,BEST ESTIMATE # DAYS USED COCAINE PAST 30 DAYS,COCAINE,Original u otra,99.194,Excluir de variables de entrada
CRKEVER,EVER USED CRACK,CRACK,Original u otra,99.962,Excluir de variables de entrada
CRKAGE,AGE WHEN FIRST USED CRACK,CRACK,Original u otra,99.939,Excluir de variables de entrada
CRKYFU,YEAR OF FIRST CRACK USE - RECODE,CRACK,Original u otra,96.617,Excluir de variables de entrada
CRKMFU,MONTH OF FIRST CRACK USE - RECODE,CRACK,Original u otra,96.617,Excluir de variables de entrada
CRAKREC,TIME SINCE LAST USED CRACK,CRACK,Original u otra,99.962,Excluir de variables de entrada
CRKYRTOT,TOTAL # DAYS USED CRACK IN PAST 12 MONTHS,CRACK,Original u otra,99.949,Excluir de variables de entrada
CRTOTFG,TRIMMING INDICATOR FOR CRKYRTOT,CRACK,Original u otra,0.006,Excluir de variables de entrada
CRFQFLG,TRIMMED CRKYRTOT IF R USED < 12 MOS,CRACK,Original u otra,0.013,Excluir de variables de entrada
CRBSTWAY,EASIEST WAY TO TELL US # DAYS USED CRACK,CRACK,Original u otra,99.949,Excluir de variables de entrada
CRDAYPYR,# DAYS USED CRACK PAST 12 MONTHS,CRACK,Original u otra,99.774,Excluir de variables de entrada
CRDAYPMO,# DAYS PER MONTH USED CRACK PAST 12 MONTHS,CRACK,Original u otra,99.731,Excluir de variables de entrada
CRDAYPWK,# DAYS PER WEEK USED CRACK PAST 12 MONTHS,CRACK,Original u otra,99.729,Excluir de variables de entrada
CRKUS30A,# DAYS USED CRACK PAST 30 DAYS,CRACK,Original u otra,99.949,Excluir de variables de entrada
CR30EST,BEST ESTIMATE # DAYS USED CRACK PAST 30 DAYS,CRACK,Original u otra,99.82,Excluir de variables de entrada
HEREVER,EVER USED HEROIN,HEROIN,Original u otra,99.987,Excluir de variables de entrada
HERAGE,AGE WHEN FIRST USED HEROIN,HEROIN,Original u otra,99.968,Excluir de variables de entrada
HERYFU,YEAR OF FIRST HEROIN USE - RECODE,HEROIN,Original u otra,97.52,Excluir de variables de entrada
HERMFU,MONTH OF FIRST HEROIN USE - RECODE,HEROIN,Original u otra,97.516,Excluir de variables de entrada
HERREC,TIME SINCE LAST USED HEROIN,HEROIN,Original u otra,99.987,Excluir de variables de entrada
HERYRTOT,TOTAL # OF DAYS USED HEROIN IN PAST 12 MONTHS,HEROIN,Original u otra,99.962,Excluir de variables de entrada
HRTOTFG,TRIMMING INDICATOR FOR HERYRTOT,HEROIN,Original u otra,0.011,Excluir de variables de entrada
HRFQFLG,TRIMMED HERYRTOT IF R USED < 12 MOS,HEROIN,Original u otra,0.006,Excluir de variables de entrada
HRBSTWAY,EASIEST WAY TO TELL US # DAYS USED HEROIN,HEROIN,Original u otra,99.966,Excluir de variables de entrada
HRDAYPYR,# DAYS USED HEROIN PAST 12 MONTHS,HEROIN,Original u otra,99.776,Excluir de variables de entrada
HRDAYPMO,# DAYS PER MONTH USED HEROIN PAST 12 MONTHS,HEROIN,Original u otra,99.763,Excluir de variables de entrada
HRDAYPWK,# DAYS PER WEEK USED HEROIN PAST 12 MONTHS,HEROIN,Original u otra,99.818,Excluir de variables de entrada
HER30USE,# DAYS USED HEROIN PAST 30 DAYS,HEROIN,Original u otra,99.966,Excluir de variables de entrada
HR30EST,BEST EST. # DAYS USED HEROIN PAST 30 DAYS,HEROIN,Original u otra,99.822,Excluir de variables de entrada
LSD,"EVER USED LSD (""ACID"")",HALLUCINOGENS,Original u otra,99.951,Excluir de variables de entrada
PCP,"EVER USED PCP (""ANGEL DUST,"" PHENCYCLIDINE)",HALLUCINOGENS,Original u otra,99.96,Excluir de variables de entrada
PEYOTE,EVER USED PEYOTE,HALLUCINOGENS,Original u otra,99.92,Excluir de variables de entrada
MESC,EVER USED MESCALINE,HALLUCINOGENS,Original u otra,99.884,Excluir de variables de entrada
PSILCY,EVER USED PSILOCYBIN (MUSHROOMS),HALLUCINOGENS,Original u otra,99.827,Excluir de variables de entrada
ECSTMOLLY,EVER USED 'ECSTASY' OR 'MOLLY' (MDMA),HALLUCINOGENS,Original u otra,99.951,Excluir de variables de entrada
KETMINESK,EVER USED KETAMINE,HALLUCINOGENS,Original u otra,99.943,Excluir de variables de entrada
DMTAMTFXY,"EVER USED DMT, AMT, FOXY",HALLUCINOGENS,Original u otra,99.905,Excluir de variables de entrada
SALVIADIV,EVER USED SALVIA DIVINORUM,HALLUCINOGENS,Original u otra,99.89,Excluir de variables de entrada
HALLUCOTH,EVER USED OTHER HALLUCINOGEN,HALLUCINOGENS,Original u otra,99.641,Excluir de variables de entrada
HALLUCOT1,OTHER HALLUCINOGEN - SPECIFY 1,HALLUCINOGENS,Original u otra,81.097,Excluir de variables de entrada
HALLUCOT2,OTHER HALLUCINOGEN - SPECIFY 2,HALLUCINOGENS,Original u otra,80.251,Excluir de variables de entrada
HALLUCOT3,OTHER HALLUCINOGEN - SPECIFY 3,HALLUCINOGENS,Original u otra,80.074,Excluir de variables de entrada
HALLUCOT4,OTHER HALLUCINOGEN - SPECIFY 4,HALLUCINOGENS,Original u otra,80.036,Excluir de variables de entrada
HALLUCOT5,OTHER HALLUCINOGEN - SPECIFY 5,HALLUCINOGENS,Original u otra,80.014,Excluir de variables de entrada
HALLUCEVR,EVER USED HALLUCINOGENS,HALLUCINOGENS,Original u otra,99.782,Excluir de variables de entrada
HALLUCAGE,AGE WHEN FIRST USED HALLUCINOGENS,HALLUCINOGENS,Original u otra,99.552,Excluir de variables de entrada
HALLUCYFU,YEAR OF FIRST HALLUCINOGEN USE - RECODE,HALLUCINOGENS,Original u otra,81.289,Excluir de variables de entrada
HALLUCMFU,MONTH OF FIRST HALLUCINOGEN USE - RECODE,HALLUCINOGENS,Original u otra,81.23,Excluir de variables de entrada
HALLUCREC,TIME SINCE LAST USED HALLUCINOGENS,HALLUCINOGENS,Original u otra,99.704,Excluir de variables de entrada
HALLUCYFQ,TOTAL # OF DAYS USED HALLUCINOGENS IN PAST 12 MOS,HALLUCINOGENS,Original u otra,99.091,Excluir de variables de entrada
HALTOTFG,TRIMMING INDICATOR FOR HALLUCYFQ,HALLUCINOGENS,Original u otra,0.006,Excluir de variables de entrada
HALFQFLG,TRIMMED HALLUCYFQ IF R USED < 12 MOS,HALLUCINOGENS,Original u otra,0.104,Excluir de variables de entrada
HALLEASWY,EASIEST WAY TO TELL US # DAYS USED HALLUCINOGEN,HALLUCINOGENS,Original u otra,99.095,Excluir de variables de entrada
HALLDYSYR,# DAYS USED HALLUCINOGEN PAST 12 MONTHS,HALLUCINOGENS,Original u otra,98.171,Excluir de variables de entrada
HALLDYPMO,# DAYS PER MONTH USED HALLUCINOGEN PAST 12 MONTHS,HALLUCINOGENS,Original u otra,95.12,Excluir de variables de entrada
HALLDYPWK,# DAYS PER WEEK USED HALLUCINOGEN PAST 12 MONTHS,HALLUCINOGENS,Original u otra,94.873,Excluir de variables de entrada
HALLUC30N,# DAYS USED HALLUCINOGEN PAST 30 DAYS,HALLUCINOGENS,Original u otra,99.294,Excluir de variables de entrada
HALLUC30E,BEST EST. # DAYS USED HALLUCINOGENS PAST 30 DAYS,HALLUCINOGENS,Original u otra,98.123,Excluir de variables de entrada
LSDAGE,AGE WHEN FIRST USED LSD,HALLUCINOGENS,Original u otra,99.795,Excluir de variables de entrada
LSDYFU,YEAR OF FIRST LSD USE - RECODE,HALLUCINOGENS,Original u otra,89.292,Excluir de variables de entrada
LSDMFU,MONTH OF FIRST LSD USE - RECODE,HALLUCINOGENS,Original u otra,89.273,Excluir de variables de entrada
LSDREC,TIME SINCE LAST USED LSD,HALLUCINOGENS,Original u otra,99.96,Excluir de variables de entrada
PCPAGE,AGE WHEN FIRST USED PCP,HALLUCINOGENS,Original u otra,99.915,Excluir de variables de entrada
PCPYFU,YEAR OF FIRST PCP USE - RECODE,HALLUCINOGENS,Original u otra,98.283,Excluir de variables de entrada
PCPMFU,MONTH OF FIRST PCP USE - RECODE,HALLUCINOGENS,Original u otra,98.281,Excluir de variables de entrada
PCPREC,TIME SINCE LAST USED PCP,HALLUCINOGENS,Original u otra,99.958,Excluir de variables de entrada
PSILCYREC,TIME SINCE LAST USED PSILOCYBIN,HALLUCINOGENS,Original u otra,99.909,Excluir de variables de entrada
ECSTMOAGE,AGE WHEN FIRST USED ECSTASY OR MOLLY,HALLUCINOGENS,Original u otra,99.879,Excluir de variables de entrada
ECSTMOYFU,YEAR OF FIRST ECSTASY OR MOLLY USE - RECODE,HALLUCINOGENS,Original u otra,90.788,Excluir de variables de entrada
ECSTMOMFU,MONTH OF FIRST ECSTASY OR MOLLY USE - RECODE,HALLUCINOGENS,Original u otra,90.776,Excluir de variables de entrada
ECSTMOREC,TIME SINCE LAST USED ECSTASY OR MOLLY,HALLUCINOGENS,Original u otra,99.951,Excluir de variables de entrada
KETMINREC,TIME SINCE LAST USED KETAMINE,HALLUCINOGENS,Original u otra,99.943,Excluir de variables de entrada
DAMTFXREC,TIME SINCE LAST USED DMT/AMT/FOXY,HALLUCINOGENS,Original u otra,99.907,Excluir de variables de entrada
SALVIAREC,TIME SINCE LAST USED SALVIA DIVINORUM,HALLUCINOGENS,Original u otra,99.888,Excluir de variables de entrada
AMYLNIT3,"EVER INHALED AMYL NITRITE, 'POPPERS,' RUSH, ETC.",INHALANTS,Original u otra,99.913,Excluir de variables de entrada
CLEFLU3,"EVER INHALED CORRECTION FLUID, DEGREASER, ETC.",INHALANTS,Original u otra,99.956,Excluir de variables de entrada
GAS3,EVER INHALED GASOLINE OR LIGHTER FLUID,INHALANTS,Original u otra,99.968,Excluir de variables de entrada
GLUE3,"EVER INHALED GLUE, SHOE POLISH, OR TOLUENE",INHALANTS,Original u otra,99.964,Excluir de variables de entrada
ETHER3,"EVER INHALED HALOTHANE, ETHER, OR OTHER ANESTHETIC",INHALANTS,Original u otra,99.956,Excluir de variables de entrada
SOLVENT3,"EVER INHALED LACQUER THINNER, OTHER PAINT SOLVENTS",INHALANTS,Original u otra,99.962,Excluir de variables de entrada
LGAS3,"EVER INHALED LIGHTER GASES (BUTANE, PROPANE)",INHALANTS,Original u otra,99.968,Excluir de variables de entrada
NITOXID3,EVER INHALED NITROUS OXIDE OR 'WHIPPITS',INHALANTS,Original u otra,99.934,Excluir de variables de entrada
FELTMARKR3,EVER INHALED FELT-TIP PENS/MARKERS,INHALANTS,Original u otra,99.939,Excluir de variables de entrada
SPPAINT3,EVER INHALED SPRAY PAINTS,INHALANTS,Original u otra,99.966,Excluir de variables de entrada
AIRDUSTER3,EVER INHALED COMPUTER KEYBOARD CLEANER/AIR DUSTER,INHALANTS,Original u otra,99.97,Excluir de variables de entrada
OTHAEROS3,EVER INHALED OTHER AEROSOL SPRAYS,INHALANTS,Original u otra,99.956,Excluir de variables de entrada
INHALOTH2,EVER USED OTHER INHALANTS,INHALANTS,Original u otra,99.943,Excluir de variables de entrada
INHALEVER2,EVER USED INHALANTS,INHALANTS,Original u otra,99.856,Excluir de variables de entrada
INHALAGE2,AGE WHEN FIRST USED INHALANTS,INHALANTS,Original u otra,99.355,Excluir de variables de entrada
INHALYFU2,YEAR OF FIRST INHALANT USE - RECODE,INHALANTS,Original u otra,89.122,Excluir de variables de entrada
INHALMFU2,MONTH OF FIRST INHALANT USE - RECODE,INHALANTS,Original u otra,89.103,Excluir de variables de entrada
INHALREC2,TIME SINCE LAST USED INHALANTS,INHALANTS,Original u otra,99.856,Excluir de variables de entrada
INHALYFQ2,TOTAL # OF DAYS USED INHALANT PAST 12 MONTHS,INHALANTS,Original u otra,99.729,Excluir de variables de entrada
INHTOTFG2,TRIMMING INDICATOR FOR INHALYFQ,INHALANTS,Original u otra,0.004,Excluir de variables de entrada
INHFQFLG2,TRIMMED INHALYFQ IF R USED < 12 MOS,INHALANTS,Original u otra,0.049,Excluir de variables de entrada
INHEASWY2,EASIEST WAY TO TELL US # DAYS USED INHALANTS,INHALANTS,Original u otra,99.736,Excluir de variables de entrada
INHDYSYR2,# DAYS USED INHALANT PAST 12 MONTHS,INHALANTS,Original u otra,99.315,Excluir de variables de entrada
INHDYPMO2,# DAYS PER MONTH USED INHALANT PAST 12 MONTHS,INHALANTS,Original u otra,98.782,Excluir de variables de entrada
INHDYPWK2,# DAYS PER WEEK USED INHALANT PAST 12 MONTHS,INHALANTS,Original u otra,98.746,Excluir de variables de entrada
INHAL30N2,# DAYS USED INHALANT PAST 30 DAYS,INHALANTS,Original u otra,99.74,Excluir de variables de entrada
INHAL30ES2,BEST ESTIMATE # DAYS USED INHALANTS PAST 30 DAYS,INHALANTS,Original u otra,99.288,Excluir de variables de entrada
METHAMEVR,EVER USED METHAMPHETAMINE,METHAMPHETAMINE,Original u otra,99.928,Excluir de variables de entrada
METHAMAGE,AGE 1ST USED METHAMPHETAMINE,METHAMPHETAMINE,Original u otra,99.89,Excluir de variables de entrada
METHAMYFU,YEAR 1ST USED METHAMPHETAMINE,METHAMPHETAMINE,Original u otra,94.531,Excluir de variables de entrada
METHAMMFU,MONTH 1ST USED METHAMPHETAMINE,METHAMPHETAMINE,Original u otra,94.526,Excluir de variables de entrada
METHAMREC,TIME SINCE LAST USED METHAMPHETAMINE,METHAMPHETAMINE,Original u otra,99.928,Excluir de variables de entrada
METHAMYFQ,TOTAL # DAYS USED METHAMPHETAMINE PAST 12 MONTHS,METHAMPHETAMINE,Original u otra,99.86,Excluir de variables de entrada
METOTFG,TRIMMING INDICATOR FOR METHAMYFQ,METHAMPHETAMINE,Original u otra,0.042,Excluir de variables de entrada
MEFQFLG,TRIMMED METHAMYFQ IF R USED < 12 MOS,METHAMPHETAMINE,Original u otra,0.03,Excluir de variables de entrada
METHEASWY,EASIEST WAY TO TELL # DAYS USED METHAMPHETAMINE,METHAMPHETAMINE,Original u otra,99.865,Excluir de variables de entrada
METHDYSYR,# DAYS USED METHAMPHETAMINE PAST 12 MONTHS,METHAMPHETAMINE,Original u otra,99.14,Excluir de variables de entrada
METHDYPMO,# DAYS PER MO USED METHAMPHETAMINE PAST 12 MONTHS,METHAMPHETAMINE,Original u otra,99.049,Excluir de variables de entrada
METHDYPWK,# DAYS PER WK USED METHAMPHETAMINE PAST 12 MONTHS,METHAMPHETAMINE,Original u otra,99.256,Excluir de variables de entrada
METHAM30N,# DAYS USED METHAMPHETAMINE PAST 30 DAYS,METHAMPHETAMINE,Original u otra,99.869,Excluir de variables de entrada
METHAM30E,BEST ESTIMATE # DAYS USED METH PAST 30 DAYS,METHAMPHETAMINE,Original u otra,99.228,Excluir de variables de entrada
OXCNANYYR2,ANY OXYCONTIN USE PAST 12 MOS,PAIN RELIEVERS SCREENER,Original u otra,99.619,Excluir de variables de entrada
PNRANYLIF2,ANY PAIN RELIEVER USE IN LIFETIME,PAIN RELIEVERS SCREENER,Original u otra,76.097,Excluir de variables de entrada
PNRANYREC2,RC - MOST RECENT ANY PAIN RELIEVER USE (RECODE),PAIN RELIEVERS SCREENER,Original u otra,99.795,Excluir de variables de entrada
FENTANYYR2,RC-FENTANYL PRODUCTS - ANY PAST YEAR USE,PAIN RELIEVERS SCREENER,Original u otra,99.808,Excluir de variables de entrada
PNRNMLIF,EVER USED PAIN RELIEVER NOT DIRECTED BY DR,PAIN RELIEVERS,Original u otra,96.068,Excluir de variables de entrada
OXCNNMYR,USED OXYCONTIN NOT DIRECTED BY DR PAST 12 MOS,PAIN RELIEVERS,Original u otra,99.867,Excluir de variables de entrada
OXCNNMAGE,AGE 1ST USED OXYCONTIN NOT DIRECTED BY DR,PAIN RELIEVERS,Original u otra,99.86,Excluir de variables de entrada
OXCNNMYFU,YEAR 1ST USED OXYCONTIN NOT DIRECTED BY DR,PAIN RELIEVERS,Original u otra,99.537,Excluir de variables de entrada
OXCNNMMFU,MONTH 1ST USED OXYCONTIN NOT DIRECTED BY DR,PAIN RELIEVERS,Original u otra,99.537,Excluir de variables de entrada
PNRNMREC,RC - MOST RECENT PAIN RELIEVER MISUSE (RECODE),PAIN RELIEVERS,Original u otra,99.693,Excluir de variables de entrada
PNRNMINIT,PAST YEAR INITIATE FOR ANY PAIN RELIEVER MISUSE,PAIN RELIEVERS,Original u otra,99.011,Excluir de variables de entrada
PNRNMAGE,RC - AGE AT 1ST MISUSE FOR PAST YR PNRLV INITIATES,PAIN RELIEVERS,Original u otra,99.465,Excluir de variables de entrada
PNRNMYFU,RC - YR 1ST MISUSED FOR PAST YR PAIN RLVR INITIATES,PAIN RELIEVERS,Original u otra,98.858,Excluir de variables de entrada
PNRNMMFU,RC - MO 1ST MISUSED FOR PAST YR PAIN RLVR INITIATES,PAIN RELIEVERS,Original u otra,98.848,Excluir de variables de entrada
PNRNM30D,USED PAIN RLVR NOT DIRECTED BY DR PAST 30 DAYS,PAIN RELIEVERS,Original u otra,99.548,Excluir de variables de entrada
PNRNM30FQ,# DAYS USED PAIN RLVR NOT DIRECTD BY DR PST 30 DYS,PAIN RELIEVERS,Original u otra,99.586,Excluir de variables de entrada
PNRNM30ES,EST # DAYS USED PAIN RLVR NOT DIRECTED PST 30 DYS,PAIN RELIEVERS,Original u otra,98.797,Excluir de variables de entrada
PNRNM30AL,USED PAIN RLVR NOT DIRECTED BY DR W/ALC PST 30 DYS,PAIN RELIEVERS,Original u otra,99.249,Excluir de variables de entrada
PNRWYNORX,USED PAIN RLVR W/O OWN RX PAST 12 MONTHS,PAIN RELIEVERS,Original u otra,99.338,Excluir de variables de entrada
PNRWYGAMT,USED PAIN RLVR IN GREATER AMTS THAN RX PST 12 MOS,PAIN RELIEVERS,Original u otra,99.34,Excluir de variables de entrada
PNRWYOFTN,USED PAIN RLVR MORE OFTEN THAN RX PAST 12 MONTHS,PAIN RELIEVERS,Original u otra,99.304,Excluir de variables de entrada
PNRWYLNGR,USED PAIN RLVR LONGER THAN RX PAST 12 MONTHS,PAIN RELIEVERS,Original u otra,99.34,Excluir de variables de entrada
PNRWYOTWY,USED PAIN RLVR OTHER WAY NOT DIRECTED PST 12 MOS,PAIN RELIEVERS,Original u otra,99.338,Excluir de variables de entrada
PNRNMLAS1,LAST PAIN RLVR USED NOT DIRECTED BY DR PST 12 MOS,PAIN RELIEVERS,Original u otra,99.37,Excluir de variables de entrada
PNRRSPAIN,USED LAST PAIN RLVR (NOT DIRECTED) TO RLV PAIN,PAIN RELIEVERS,Original u otra,99.524,Excluir de variables de entrada
PNRRSRELX,USED LAST PAIN RLVR (NOT DIRECTED) TO RELAX,PAIN RELIEVERS,Original u otra,99.539,Excluir de variables de entrada
PNRRSEXPT,USED LAST PAIN RLVR (NOT DIRECTED) TO EXPERIMENT,PAIN RELIEVERS,Original u otra,99.541,Excluir de variables de entrada
PNRRSHIGH,USED LAST PAIN RLVR (NOT DIRECTED) TO GET HIGH,PAIN RELIEVERS,Original u otra,99.533,Excluir de variables de entrada
PNRRSSLEP,USED LAST PAIN RLVR (NOT DIRECTED) FOR SLEEP,PAIN RELIEVERS,Original u otra,99.541,Excluir de variables de entrada
PNRRSEMOT,USED LAST PAIN RLVR (NOT DIRECTED) FOR EMOTIONS,PAIN RELIEVERS,Original u otra,99.541,Excluir de variables de entrada
PNRRSDGFX,USED LAST PAIN RLVR (NOT DIRECTED) OTH DRUG EFFECT,PAIN RELIEVERS,Original u otra,99.539,Excluir de variables de entrada
PNRRSHOOK,USED LAST PAIN RLVR (NOT DIRECTED) BECAUSE HOOKED,PAIN RELIEVERS,Original u otra,99.541,Excluir de variables de entrada
PNRRSSOR,USED LAST PAIN RLVR (NOT DIRECTED) OTHER REASON,PAIN RELIEVERS,Original u otra,99.541,Excluir de variables de entrada
PNRRSOTRS2,REASON USED LAST PAIN RLVR (NOT DIRECTED),PAIN RELIEVERS,Original u otra,96.687,Excluir de variables de entrada
PNRRSMAIN,MAIN REASON USED LAST PAIN RLVR (NOT DIRECTED),PAIN RELIEVERS,Original u otra,97.548,Excluir de variables de entrada
PNRNORXFG,ONLY PST YR MISUSE W/O RX BUT RX FOR LAST PNR,PAIN RELIEVERS,Original u otra,0.211,Excluir de variables de entrada
FENTNMYR,RC-FENTANYL PRODUCTS - PAST YEAR MISUSE,PAIN RELIEVERS,Original u otra,99.96,Excluir de variables de entrada
TRQANYLIF,ANY TRANQUILIZER USE IN LIFETIME,TRANQUILIZERS SCREENER,Original u otra,88.602,Excluir de variables de entrada
TRQANYREC,RC - MOST RECENT ANY TRANQUILIZER USE (RECODE),TRANQUILIZERS SCREENER,Original u otra,99.712,Excluir de variables de entrada
TRBZOANYYR,RC - BENZODIAZEPINES TRANQUILIZERS - ANY PAST YEAR USE,TRANQUILIZERS SCREENER,Original u otra,99.712,Excluir de variables de entrada
TRQNMLIF,EVER USED TRANQUILIZER NOT DIRECTED BY DR,TRANQUILIZERS,Original u otra,97.822,Excluir de variables de entrada
TRQNMREC,RC - MOST RECENT TRANQUILIZER MISUSE (RECODE),TRANQUILIZERS,Original u otra,99.672,Excluir de variables de entrada
TRQNMINIT,PAST YEAR INITIATE FOR ANY TRANQUILIZER MISUSE,TRANQUILIZERS,Original u otra,99.414,Excluir de variables de entrada
TRQNMAGE,RC - AGE AT 1ST MISUSE FOR PAST YR TRANQ INITIATES,TRANQUILIZERS,Original u otra,99.624,Excluir de variables de entrada
TRQNMYFU,RC - YR 1ST MISUSED FOR PAST YR TRANQ INITIATES,TRANQUILIZERS,Original u otra,99.381,Excluir de variables de entrada
TRQNMMFU,RC - MO 1ST MISUSED FOR PAST YR TRANQ INITIATES,TRANQUILIZERS,Original u otra,99.376,Excluir de variables de entrada
TRQNM30D,USED TRANQ NOT DIRECTED BY DR PAST 30 DAYS,TRANQUILIZERS,Original u otra,99.634,Excluir de variables de entrada
TRQNM30FQ,# DAYS USED TRANQ NOT DIRECTD BY DR PST 30 DYS,TRANQUILIZERS,Original u otra,99.649,Excluir de variables de entrada
TRQNM30ES,EST # DAYS USED TRANQ NOT DIRECTED PST 30 DYS,TRANQUILIZERS,Original u otra,99.188,Excluir de variables de entrada
TRQNM30AL,USED TRANQ NOT DIRECTED BY DR W/ALC PST 30 DYS,TRANQUILIZERS,Original u otra,99.51,Excluir de variables de entrada
TRQWYNORX,USED TRANQ W/O OWN RX PAST 12 MONTHS,TRANQUILIZERS,Original u otra,99.577,Excluir de variables de entrada
TRQWYGAMT,USED TRANQ IN GREATER AMTS THAN RX PST 12 MOS,TRANQUILIZERS,Original u otra,99.577,Excluir de variables de entrada
TRQWYOFTN,USED TRANQ MORE OFTEN THAN RX PAST 12 MONTHS,TRANQUILIZERS,Original u otra,99.577,Excluir de variables de entrada
TRQWYLNGR,USED TRANQ LONGER THAN RX PAST 12 MONTHS,TRANQUILIZERS,Original u otra,99.577,Excluir de variables de entrada
TRQWYOTWY,USED TRANQ OTHER WAY NOT DIRECTED PST 12 MOS,TRANQUILIZERS,Original u otra,99.577,Excluir de variables de entrada
TRQNMLAS1,LAST TRANQ USED NOT DIRECTED BY DR PST 12 MOS,TRANQUILIZERS,Original u otra,99.653,Excluir de variables de entrada
TRQRSRELX,USED LAST TRANQ (NOT DIRECTED) TO RELAX,TRANQUILIZERS,Original u otra,99.624,Excluir de variables de entrada
TRQRSEXPT,USED LAST TRANQ (NOT DIRECTED) TO EXPERIMENT,TRANQUILIZERS,Original u otra,99.63,Excluir de variables de entrada
TRQRSHIGH,USED LAST TRANQ (NOT DIRECTED) TO GET HIGH,TRANQUILIZERS,Original u otra,99.63,Excluir de variables de entrada
TRQRSSLEP,USED LAST TRANQ (NOT DIRECTED) FOR SLEEP,TRANQUILIZERS,Original u otra,99.632,Excluir de variables de entrada
TRQRSEMOT,USED LAST TRANQ (NOT DIRECTED) FOR EMOTIONS,TRANQUILIZERS,Original u otra,99.634,Excluir de variables de entrada
TRQRSDGFX,USED LAST TRANQ (NOT DIRECTED) OTH DRUG EFFECT,TRANQUILIZERS,Original u otra,99.634,Excluir de variables de entrada
TRQRSHOOK,USED LAST TRANQ (NOT DIRECTED) BECAUSE HOOKED,TRANQUILIZERS,Original u otra,99.634,Excluir de variables de entrada
TRQRSSOR,USED LAST TRANQ (NOT DIRECTED) OTHER REASON,TRANQUILIZERS,Original u otra,99.634,Excluir de variables de entrada
TRQRSOTRS2,REASON USED LAST TRANQ (NOT DIRECTED),TRANQUILIZERS,Original u otra,98.161,Excluir de variables de entrada
TRQRSMAIN,MAIN REASON USED LAST TRANQ (NOT DIRECTED),TRANQUILIZERS,Original u otra,98.738,Excluir de variables de entrada
TRQNORXFG,ONLY PST YR MISUSE W/O RX BUT RX FOR LAST TRANQ,TRANQUILIZERS,Original u otra,0.057,Excluir de variables de entrada
TRBZONMYR,RC - BENZODIAZEPINES TRANQUILIZERS - PAST YEAR MISUSE,TRANQUILIZERS,Original u otra,99.71,Excluir de variables de entrada
STMANYLIF,ANY STIMULANT USE IN LIFETIME,STIMULANTS SCREENER,Original u otra,90.793,Excluir de variables de entrada
STMANYREC,RC - MOST RECENT ANY STIMULANT USE (RECODE),STIMULANTS SCREENER,Original u otra,99.594,Excluir de variables de entrada
STMNMLIF,EVER USED STIMULANT NOT DIRECTED BY DR,STIMULANTS,Original u otra,97.626,Excluir de variables de entrada
STMNMREC,RC - MOST RECENT STIMULANT MISUSE (RECODE),STIMULANTS,Original u otra,99.567,Excluir de variables de entrada
STMNMINIT,PAST YEAR INITIATE FOR ANY STIMULANT MISUSE,STIMULANTS,Original u otra,99.416,Excluir de variables de entrada
STMNMAGE,RC - AGE 1ST MISUSED FOR PAST YR STIM INITIATES,STIMULANTS,Original u otra,99.554,Excluir de variables de entrada
STMNMYFU,RC - YR 1ST MISUSED FOR PAST YR STIM INITIATES,STIMULANTS,Original u otra,99.402,Excluir de variables de entrada
STMNMMFU,RC - MONTH 1ST MISUSED FOR PAST YR STIM INITIATES,STIMULANTS,Original u otra,99.387,Excluir de variables de entrada
STMNM30D,USED STIMULANT NOT DIRECTED BY DR PAST 30 DAYS,STIMULANTS,Original u otra,99.535,Excluir de variables de entrada
STMNM30FQ,# DAYS USED STIMULANT NOT DIRECTD BY DR PST 30 DYS,STIMULANTS,Original u otra,99.554,Excluir de variables de entrada
STMNM30ES,EST # DAYS USED STIMULANT NOT DIRECTED PST 30 DYS,STIMULANTS,Original u otra,99.046,Excluir de variables de entrada
STMNM30AL,USED STIMULANT NOT DIRECTED BY DR W/ALC PST 30 DYS,STIMULANTS,Original u otra,99.429,Excluir de variables de entrada
STMWYNORX,USED STIMULANT W/O OWN RX PAST 12 MONTHS,STIMULANTS,Original u otra,99.522,Excluir de variables de entrada
STMWYGAMT,USED STIMULANT IN GREATER AMTS THAN RX PST 12 MOS,STIMULANTS,Original u otra,99.522,Excluir de variables de entrada
STMWYOFTN,USED STIMULANT MORE OFTEN THAN RX PAST 12 MONTHS,STIMULANTS,Original u otra,99.52,Excluir de variables de entrada
STMWYLNGR,USED STIMULANT LONGER THAN RX PAST 12 MONTHS,STIMULANTS,Original u otra,99.522,Excluir de variables de entrada
STMWYOTWY,USED STIMULANT OTHER WAY NOT DIRECTED PST 12 MOS,STIMULANTS,Original u otra,99.522,Excluir de variables de entrada
STMNDLYR,USED STIMULANT WITH A NEEDLE PAST 12 MONTHS,STIMULANTS,Original u otra,99.56,Excluir de variables de entrada
STMNDLREC,TIME SINCE LAST USED NEEDLE TO INJECT STIMULANT,STIMULANTS,Original u otra,97.801,Excluir de variables de entrada
STMNMLAS1,LAST STIMULANT USED NOT DIRECTED BY DR PST 12 MOS,STIMULANTS,Original u otra,99.552,Excluir de variables de entrada
STMRSWGHT,USED LAST STIMULANT (NOT DIRECTED) TO LOSE WEIGHT,STIMULANTS,Original u otra,99.554,Excluir de variables de entrada
STMRSCONC,USED LAST STIMULANT (NOT DIRECTED) TO CONCENTRATE,STIMULANTS,Original u otra,99.55,Excluir de variables de entrada
STMRSALRT,USED LAST STIMULANT (NOT DIRECTED) TO BE ALERT,STIMULANTS,Original u otra,99.554,Excluir de variables de entrada
STMRSSTDY,USED LAST STIMULANT (NOT DIRECTED) TO STUDY,STIMULANTS,Original u otra,99.554,Excluir de variables de entrada
STMRSEXPT,USED LAST STIMULANT (NOT DIRECTED) TO EXPERIMENT,STIMULANTS,Original u otra,99.552,Excluir de variables de entrada
STMRSHIGH,USED LAST STIMULANT (NOT DIRECTED) TO GET HIGH,STIMULANTS,Original u otra,99.552,Excluir de variables de entrada
STMRSDGFX,USED LAST STIMULANT (NOT DIRECTED) OTH DRUG EFFECT,STIMULANTS,Original u otra,99.55,Excluir de variables de entrada
STMRSHOOK,USED LAST STIMULANT (NOT DIRECTED) BECAUSE HOOKED,STIMULANTS,Original u otra,99.554,Excluir de variables de entrada
STMRSSOR,USED LAST STIMULANT (NOT DIRECTED) OTHER REASON,STIMULANTS,Original u otra,99.554,Excluir de variables de entrada
STMRSOTRS2,REASON USED LAST STIMULANT (NOT DIRECTED),STIMULANTS,Original u otra,97.86,Excluir de variables de entrada
STMRSMAIN,MAIN REASON USED LAST STIMULANT (NOT DIRECTED),STIMULANTS,Original u otra,98.677,Excluir de variables de entrada
STMNORXFG,ONLY PST YR MISUSE W/O RX BUT RX FOR LAST STIM,STIMULANTS,Original u otra,0.038,Excluir de variables de entrada
SEDANYLIF,ANY SEDATIVE USE IN LIFETIME,SEDATIVES SCREENER,Original u otra,95.127,Excluir de variables de entrada
SEDANYREC,RC - MOST RECENT ANY SEDATIVE USE (RECODE),SEDATIVES SCREENER,Original u otra,99.501,Excluir de variables de entrada
SVBZOANYYR,RC - BENZODIAZEPINES SEDATIVES - ANY PAST YEAR USE,SEDATIVES SCREENER,Original u otra,99.529,Excluir de variables de entrada
SEDNMLIF,EVER USED SEDATIVE NOT DIRECTED BY DR,SEDATIVES,Original u otra,98.93,Excluir de variables de entrada
SEDNMREC,RC - MOST RECENT SEDATIVE MISUSE (RECODE),SEDATIVES,Original u otra,99.484,Excluir de variables de entrada
SEDNMINIT,PAST YEAR INITIATE FOR ANY SEDATIVE MISUSE,SEDATIVES,Original u otra,99.239,Excluir de variables de entrada
SEDNMAGE,RC - AGE AT 1ST MISUSE FOR PAST YR SED INITIATES,SEDATIVES,Original u otra,99.469,Excluir de variables de entrada
SEDNMYFU,RC - YR 1ST MISUSED FOR PAST YR SED INITIATES,SEDATIVES,Original u otra,99.233,Excluir de variables de entrada
SEDNMMFU,RC - MO 1ST MISUSED FOR PAST YR SED INITIATES,SEDATIVES,Original u otra,99.23,Excluir de variables de entrada
SEDNM30D,USED SEDATIVE NOT DIRECTED BY DR PAST 30 DAYS,SEDATIVES,Original u otra,99.469,Excluir de variables de entrada
SEDNM30FQ,# DAYS USED SEDATIVE NOT DIRECTD BY DR PST 30 DYS,SEDATIVES,Original u otra,99.474,Excluir de variables de entrada
SEDNM30ES,EST # DAYS USED SEDATIVE NOT DIRECTED PST 30 DYS,SEDATIVES,Original u otra,99.37,Excluir de variables de entrada
SEDNM30AL,USED SEDATIVE NOT DIRECTED BY DR W/ALC PST 30 DYS,SEDATIVES,Original u otra,99.433,Excluir de variables de entrada
SEDWYNORX,USED SEDATIVE W/O OWN RX PAST 12 MONTHS,SEDATIVES,Original u otra,99.465,Excluir de variables de entrada
SEDWYGAMT,USED SEDATIVE IN GREATER AMTS THAN RX PST 12 MOS,SEDATIVES,Original u otra,99.465,Excluir de variables de entrada
SEDWYOFTN,USED SEDATIVE MORE OFTEN THAN RX PAST 12 MONTHS,SEDATIVES,Original u otra,99.457,Excluir de variables de entrada
SEDWYLNGR,USED SEDATIVE LONGER THAN RX PAST 12 MONTHS,SEDATIVES,Original u otra,99.465,Excluir de variables de entrada
SEDWYOTWY,USED SEDATIVE OTHER WAY NOT DIRECTED PST 12 MOS,SEDATIVES,Original u otra,99.465,Excluir de variables de entrada
SEDNMLAST,LAST SEDATIVE USED NOT DIRECTED BY DR PST 12 MOS,SEDATIVES,Original u otra,99.476,Excluir de variables de entrada
SEDRSRELX,USED LAST SEDATIVE (NOT DIRECTED) TO RELAX,SEDATIVES,Original u otra,99.474,Excluir de variables de entrada
SEDRSEXPT,USED LAST SEDATIVE (NOT DIRECTED) TO EXPERIMENT,SEDATIVES,Original u otra,99.474,Excluir de variables de entrada
SEDRSHIGH,USED LAST SEDATIVE (NOT DIRECTED) TO GET HIGH,SEDATIVES,Original u otra,99.474,Excluir de variables de entrada
SEDRSSLEP,USED LAST SEDATIVE (NOT DIRECTED) FOR SLEEP,SEDATIVES,Original u otra,99.471,Excluir de variables de entrada
SEDRSEMOT,USED LAST SEDATIVE (NOT DIRECTED) FOR EMOTIONS,SEDATIVES,Original u otra,99.474,Excluir de variables de entrada
SEDRSDGFX,USED LAST SEDATIVE (NOT DIRECTED) OTH DRUG EFFECT,SEDATIVES,Original u otra,99.474,Excluir de variables de entrada
SEDRSHOOK,USED LAST SEDATIVE (NOT DIRECTED) BECAUSE HOOKED,SEDATIVES,Original u otra,99.474,Excluir de variables de entrada
SEDRSSOR,USED LAST SEDATIVE (NOT DIRECTED) OTHER REASON,SEDATIVES,Original u otra,99.474,Excluir de variables de entrada
SEDRSOTRS2,REASON USED LAST SEDATIVE (NOT DIRECTED),SEDATIVES,Original u otra,99.163,Excluir de variables de entrada
SEDRSMAIN,MAIN REASON USED LAST SEDATIVE (NOT DIRECTED),SEDATIVES,Original u otra,99.252,Excluir de variables de entrada
SEDNORXFG,ONLY PST YR MISUSE W/O RX BUT RX FOR LAST SED,SEDATIVES,Original u otra,0.017,Excluir de variables de entrada
SVBZONMYR,RC - BENZODIAZEPINES SEDATIVES - PAST YEAR MISUSE,SEDATIVES,Original u otra,99.537,Excluir de variables de entrada
IRCIGRC,CIGARETTE RECENCY - IMPUTATION REVISED,RECENCY OF DRUG USE,Original u otra,100.0,Excluir de variables de entrada
IICIGRC,CIGARETTE RECENCY - IMPUTATION INDICATOR,RECENCY OF DRUG USE,Original u otra,99.998,Excluir de variables de entrada
II2CIGRC,CIGARETTE RECENCY - DETAILED IMPUTATION INDICATOR,RECENCY OF DRUG USE,Original u otra,99.998,Excluir de variables de entrada
IRCGRRC,CIGAR RECENCY - IMPUTATION REVISED,RECENCY OF DRUG USE,Original u otra,100.0,Excluir de variables de entrada
IICGRRC,CIGAR RECENCY - IMPUTATION INDICATOR,RECENCY OF DRUG USE,Original u otra,100.0,Excluir de variables de entrada
II2CGRRC,CIGAR RECENCY - DETAILED IMPUTATION INDICATOR,RECENCY OF DRUG USE,Original u otra,100.0,Excluir de variables de entrada
IRPIPLF,LIFETIME PIPE USE - IMPUTATION REVISED,RECENCY OF DRUG USE,Original u otra,100.0,Excluir de variables de entrada
IIPIPLF,LIFETIME PIPE USE - IMPUTATION INDICATOR,RECENCY OF DRUG USE,Original u otra,100.0,Excluir de variables de entrada
IRPIPMN,PAST MONTH PIPE USE - IMPUTATION REVISED,RECENCY OF DRUG USE,Original u otra,100.0,Excluir de variables de entrada
IIPIPMN,PAST MONTH PIPE USE - IMPUTATION INDICATOR,RECENCY OF DRUG USE,Original u otra,8.429,Excluir de variables de entrada
IRNICVAPREC,NICOTINE VAPING RECENCY - IMPUTATION REVISED,RECENCY OF DRUG USE,Original u otra,100.0,Excluir de variables de entrada
IINICVAPREC,NICOTINE VAPING RECENCY - IMPUTATION INDICATOR,RECENCY OF DRUG USE,Original u otra,99.979,Excluir de variables de entrada
IRSMKLSSREC,SMOKELESS TOBACCO RECENCY - IMPUTATION REVISED,RECENCY OF DRUG USE,Original u otra,100.0,Excluir de variables de entrada
IISMKLSSREC,SMOKELESS TOBACCO RECENCY - IMPUTATION INDICATOR,RECENCY OF DRUG USE,Original u otra,99.998,Excluir de variables de entrada
IRALCRC,ALCOHOL RECENCY - IMPUTATION REVISED,RECENCY OF DRUG USE,Original u otra,100.0,Excluir de variables de entrada
IIALCRC,ALCOHOL RECENCY - IMPUTATION INDICATOR,RECENCY OF DRUG USE,Original u otra,99.992,Excluir de variables de entrada
II2ALCRC,ALCOHOL RECENCY - DETAILED IMPUTATION INDICATOR,RECENCY OF DRUG USE,Original u otra,99.992,Excluir de variables de entrada
IRCBDHMPREC,CBD OR HEMP RECENCY - IMPUTATION REVISED,RECENCY OF DRUG USE,Original u otra,100.0,Excluir de variables de entrada
IICBDHMPREC,CBD OR HEMP RECENCY - IMPUTATION INDICATOR,RECENCY OF DRUG USE,Original u otra,100.0,Excluir de variables de entrada
IRMJRC,MARIJUANA RECENCY - IMPUTATION REVISED,RECENCY OF DRUG USE,Original u otra,100.0,Excluir de variables de entrada
IIMJRC,MARIJUANA RECENCY - IMPUTATION INDICATOR,RECENCY OF DRUG USE,Original u otra,99.996,Excluir de variables de entrada
II2MJRC,MARIJUANA RECENCY - DETAILED IMPUTATION INDICATOR,RECENCY OF DRUG USE,Original u otra,99.996,Excluir de variables de entrada
IRMJEVERVAPE,MARIJUANA VAPING LIFETIME - IMPUTATION REVISED,RECENCY OF DRUG USE,Original u otra,100.0,Excluir de variables de entrada
IIMJEVERVAPE,MARIJUANA VAPING LIFETIME - IMPUTATION INDICATOR,RECENCY OF DRUG USE,Original u otra,40.563,Excluir de variables de entrada
IRMJYRSMOKE,MARIJUANA SMOKING PAST YEAR - IMPUTATION REVISED,RECENCY OF DRUG USE,Original u otra,100.0,Excluir de variables de entrada
IIMJYRSMOKE,MARIJUANA SMOKING PAST YEAR - IMPUTATION INDICATOR,RECENCY OF DRUG USE,Original u otra,27.92,Excluir de variables de entrada
IRMJYRVAPE,MARIJUANA VAPING PAST YEAR - IMPUTATION REVISED,RECENCY OF DRUG USE,Original u otra,100.0,Excluir de variables de entrada
IIMJYRVAPE,MARIJUANA VAPING PAST YEAR - IMPUTATION INDICATOR,RECENCY OF DRUG USE,Original u otra,27.519,Excluir de variables de entrada
IRMJYRDAB,"MARIJUANA DABBING WAXES, SHATTER, OR CONC PAST YEAR-IMP REV",RECENCY OF DRUG USE,Original u otra,100.0,Excluir de variables de entrada
IIMJYRDAB,"MARIJUANA DABBING WAXES, SHATTER, OR CONC PAST YEAR-IMP IND",RECENCY OF DRUG USE,Original u otra,27.973,Excluir de variables de entrada
IRMJYREAT,MARIJUANA EATING OR DRINKING PAST YEAR - IMPUTATION REVISED,RECENCY OF DRUG USE,Original u otra,100.0,Excluir de variables de entrada
IIMJYREAT,MARIJUANA EATING OR DRINKING PAST YR - IMPUTATION INDICATOR,RECENCY OF DRUG USE,Original u otra,27.69,Excluir de variables de entrada
IRMJYRMOUTH,MARIJUANA DRPS/STRPS/LZNGS/SPRYS IN MOUTH PAST YR - IMP REV,RECENCY OF DRUG USE,Original u otra,100.0,Excluir de variables de entrada
IIMJYRMOUTH,MARIJUANA DRPS/STRPS/LZNGS/SPRYS IN MOUTH PAST YR - IMP IND,RECENCY OF DRUG USE,Original u otra,28.06,Excluir de variables de entrada
IRMJYRSKIN,MARIJUANA LOTION/CREAM/PATCH TO SKIN PAST YEAR - IMP REV,RECENCY OF DRUG USE,Original u otra,100.0,Excluir de variables de entrada
IIMJYRSKIN,MARIJUANA LOTION/CREAM/PATCH TO SKIN PAST YEAR - IMP IND,RECENCY OF DRUG USE,Original u otra,28.089,Excluir de variables de entrada
IRMJYRPILL,MARIJUANA PILLS PAST YEAR - IMPUTATION REVISED,RECENCY OF DRUG USE,Original u otra,100.0,Excluir de variables de entrada
IIMJYRPILL,MARIJUANA PILLS PAST YEAR - IMPUTATION INDICATOR,RECENCY OF DRUG USE,Original u otra,28.127,Excluir de variables de entrada
IRMJYROTHER,MARIJUANA OTHER WAY PAST YEAR - IMPUTATION REVISED,RECENCY OF DRUG USE,Original u otra,100.0,Excluir de variables de entrada
IIMJYROTHER,MARIJUANA OTHER WAY PAST YEAR - IMPUTATION INDICATOR,RECENCY OF DRUG USE,Original u otra,28.119,Excluir de variables de entrada
IRMJMONSMOKE,MARIJUANA SMOKING PAST MONTH - IMPUTATION REVISED,RECENCY OF DRUG USE,Original u otra,100.0,Excluir de variables de entrada
IIMJMONSMOKE,MARIJUANA SMOKING PAST MONTH - IMPUTATION INDICATOR,RECENCY OF DRUG USE,Original u otra,19.62,Excluir de variables de entrada
IRMJMONVAPE,MARIJUANA VAPING PAST MONTH - IMPUTATION REVISED,RECENCY OF DRUG USE,Original u otra,100.0,Excluir de variables de entrada
IIMJMONVAPE,MARIJUANA VAPING PAST MONTH - IMPUTATION INDICATOR,RECENCY OF DRUG USE,Original u otra,19.459,Excluir de variables de entrada
IRMJMONDAB,"MARIJUANA DABBING WAXES, SHATTER, OR CONC PAST MONTH-IMP REV",RECENCY OF DRUG USE,Original u otra,100.0,Excluir de variables de entrada
IIMJMONDAB,"MARIJUANA DABBING WAXES, SHATTER, OR CONC PAST MONTH-IMP IND",RECENCY OF DRUG USE,Original u otra,19.626,Excluir de variables de entrada
IRMJMONEAT,MARIJUANA EATING OR DRINKING PAST MONTH - IMPUTATION REVISED,RECENCY OF DRUG USE,Original u otra,100.0,Excluir de variables de entrada
IIMJMONEAT,MARIJUANA EATING OR DRINKING PAST MONTH-IMPUTATION INDICATOR,RECENCY OF DRUG USE,Original u otra,19.573,Excluir de variables de entrada
IRMJMONMOUTH,MARIJUANA DRPS/STRPS/LZNGS/SPRYS IN MOUTH PAST MONTH-IMP REV,RECENCY OF DRUG USE,Original u otra,100.0,Excluir de variables de entrada
IIMJMONMOUTH,MARIJUANA DRPS/STRPS/LZNGS/SPRYS IN MOUTH PAST MONTH-IMP IND,RECENCY OF DRUG USE,Original u otra,19.633,Excluir de variables de entrada
IRMJMONSKIN,MARIJUANA LOTION/CREAM/PATCH TO SKIN PAST MONTH - IMP REV,RECENCY OF DRUG USE,Original u otra,100.0,Excluir de variables de entrada
IIMJMONSKIN,MARIJUANA LOTION/CREAM/PATCH TO SKIN PAST MONTH - IMP IND,RECENCY OF DRUG USE,Original u otra,19.616,Excluir de variables de entrada
IRMJMONPILL,MARIJUANA PILLS PAST MONTH - IMPUTATION REVISED,RECENCY OF DRUG USE,Original u otra,100.0,Excluir de variables de entrada
IIMJMONPILL,MARIJUANA PILLS PAST MONTH - IMPUTATION INDICATOR,RECENCY OF DRUG USE,Original u otra,19.624,Excluir de variables de entrada
IRCOCRC,COCAINE RECENCY - IMPUTATION REVISED,RECENCY OF DRUG USE,Original u otra,100.0,Excluir de variables de entrada
IICOCRC,COCAINE RECENCY - IMPUTATION INDICATOR,RECENCY OF DRUG USE,Original u otra,99.926,Excluir de variables de entrada
II2COCRC,COCAINE RECENCY - DETAILED IMPUTATION INDICATOR,RECENCY OF DRUG USE,Original u otra,99.926,Excluir de variables de entrada
IRCRKRC,CRACK RECENCY - IMPUTATION REVISED,RECENCY OF DRUG USE,Original u otra,100.0,Excluir de variables de entrada
IICRKRC,CRACK RECENCY - IMPUTATION INDICATOR,RECENCY OF DRUG USE,Original u otra,100.0,Excluir de variables de entrada
II2CRKRC,CRACK RECENCY - DETAILED IMPUTATION INDICATOR,RECENCY OF DRUG USE,Original u otra,100.0,Excluir de variables de entrada
IRHERRC,HEROIN RECENCY - IMPUTATION REVISED,RECENCY OF DRUG USE,Original u otra,100.0,Excluir de variables de entrada
IIHERRC,HEROIN RECENCY - IMPUTATION INDICATOR,RECENCY OF DRUG USE,Original u otra,100.0,Excluir de variables de entrada
II2HERRC,HEROIN RECENCY - DETAILED IMPUTATION INDICATOR,RECENCY OF DRUG USE,Original u otra,100.0,Excluir de variables de entrada
IRHALLUCREC,HALLUCINOGEN RECENCY - IMPUTATION REVISED,RECENCY OF DRUG USE,Original u otra,100.0,Excluir de variables de entrada
IIHALLUCREC,HALLUCINOGEN RECENCY - IMPUTATION INDICATOR,RECENCY OF DRUG USE,Original u otra,99.877,Excluir de variables de entrada
IRLSDRC,LSD RECENCY - IMPUTATION REVISED,RECENCY OF DRUG USE,Original u otra,100.0,Excluir de variables de entrada
IILSDRC,LSD RECENCY - IMPUTATION INDICATOR,RECENCY OF DRUG USE,Original u otra,99.998,Excluir de variables de entrada
II2LSDRC,LSD RECENCY - DETAILED IMPUTATION INDICATOR,RECENCY OF DRUG USE,Original u otra,99.998,Excluir de variables de entrada
IRPCPRC,PCP RECENCY - IMPUTATION REVISED,RECENCY OF DRUG USE,Original u otra,100.0,Excluir de variables de entrada
IIPCPRC,PCP RECENCY - IMPUTATION INDICATOR,RECENCY OF DRUG USE,Original u otra,99.998,Excluir de variables de entrada
II2PCPRC,PCP RECENCY - DETAILED IMPUTATION INDICATOR,RECENCY OF DRUG USE,Original u otra,99.998,Excluir de variables de entrada
IRPSILCYREC,PSILOCYBIN RECENCY - IMPUTATION REVISED,RECENCY OF DRUG USE,Original u otra,100.0,Excluir de variables de entrada
IIPSILCYREC,PSILOCYBIN RECENCY - IMPUTATION INDICATOR,RECENCY OF DRUG USE,Original u otra,99.992,Excluir de variables de entrada
IRECSTMOREC,ECSTASY RECENCY - IMPUTATION REVISED,RECENCY OF DRUG USE,Original u otra,100.0,Excluir de variables de entrada
IIECSTMOREC,ECSTASY RECENCY - IMPUTATION INDICATOR,RECENCY OF DRUG USE,Original u otra,99.996,Excluir de variables de entrada
IRKETMINREC,KETAMINE RECENCY - IMPUTATION REVISED,RECENCY OF DRUG USE,Original u otra,100.0,Excluir de variables de entrada
IIKETMINREC,KETAMINE RECENCY - IMPUTATION INDICATOR,RECENCY OF DRUG USE,Original u otra,99.998,Excluir de variables de entrada
IRDAMTFXREC,DMT/AMT/FOXY RECENCY - IMPUTATION REVISED,RECENCY OF DRUG USE,Original u otra,100.0,Excluir de variables de entrada
IIDAMTFXREC,DMT/AMT/FOXY RECENCY - IMPUTATION INDICATOR,RECENCY OF DRUG USE,Original u otra,99.998,Excluir de variables de entrada
IRSALVIAREC,SALVIA RECENCY - IMPUTATION REVISED,RECENCY OF DRUG USE,Original u otra,100.0,Excluir de variables de entrada
IISALVIAREC,SALVIA RECENCY - IMPUTATION INDICATOR,RECENCY OF DRUG USE,Original u otra,99.998,Excluir de variables de entrada
IRINHALREC2,INHALANT RECENCY - IMPUTATION REVISED,RECENCY OF DRUG USE,Original u otra,100.0,Excluir de variables de entrada
IIINHALREC2,INHALANT RECENCY - IMPUTATION INDICATOR,RECENCY OF DRUG USE,Original u otra,100.0,Excluir de variables de entrada
IRMETHAMREC,METHAMPHETAMINE RECENCY - IMPUTATION REVISED,RECENCY OF DRUG USE,Original u otra,100.0,Excluir de variables de entrada
IIMETHAMREC,METHAMPHETAMINE USE RECENCY - IMPUTATION INDICATOR,RECENCY OF DRUG USE,Original u otra,100.0,Excluir de variables de entrada
IRPNRANYREC2,ANY PAIN RELIEVER RECENCY - IMPUTATION REVISED,RECENCY OF DRUG USE,Original u otra,100.0,Excluir de variables de entrada
IIPNRANYREC2,ANY PAIN RELIEVER RECENCY - IMPUTATION INDICATOR,RECENCY OF DRUG USE,Original u otra,99.947,Excluir de variables de entrada
IROXCNANYYR2,ANY OXYCONTIN RECENCY - IMPUTATION REVISED,RECENCY OF DRUG USE,Original u otra,100.0,Excluir de variables de entrada
IIOXCNANYYR2,ANY OXYCONTIN RECENCY - IMPUTATION INDICATOR,RECENCY OF DRUG USE,Original u otra,99.863,Excluir de variables de entrada
IRFENTANYYR2,FENTANYL PRODUCTS - ANY PAST YEAR USE - IMP REV,RECENCY OF DRUG USE,Original u otra,100.0,Excluir de variables de entrada
IIFENTANYYR2,FENTANYL PRODUCTS - ANY PAST YEAR USE - IMP IND,RECENCY OF DRUG USE,Original u otra,99.875,Excluir de variables de entrada
IRRXOPANYYR,PRESCRIPTION OPIOIDS - ANY PAST YEAR USE - IMP REV,RECENCY OF DRUG USE,Original u otra,100.0,Excluir de variables de entrada
IIRXOPANYYR,PRESCRIPTION OPIOIDS - ANY PAST YEAR USE - IMP IND,RECENCY OF DRUG USE,Original u otra,100.0,Excluir de variables de entrada
IRTRQANYREC,ANY TRANQUILIZERS RECENCY - IMPUTATION REVISED,RECENCY OF DRUG USE,Original u otra,100.0,Excluir de variables de entrada
IITRQANYREC,ANY TRANQUILIZERS RECENCY - IMPUTATION INDICATOR,RECENCY OF DRUG USE,Original u otra,100.0,Excluir de variables de entrada
IRSTMANYREC,ANY STIMULANTS RECENCY - IMPUTATION REVISED,RECENCY OF DRUG USE,Original u otra,100.0,Excluir de variables de entrada
IISTMANYREC,ANY STIMULANTS RECENCY - IMPUTATION INDICATOR,RECENCY OF DRUG USE,Original u otra,100.0,Excluir de variables de entrada
IRSEDANYREC,ANY SEDATIVES RECENCY - IMPUTATION REVISED,RECENCY OF DRUG USE,Original u otra,100.0,Excluir de variables de entrada
IISEDANYREC,ANY SEDATIVES RECENCY - IMPUTATION INDICATOR,RECENCY OF DRUG USE,Original u otra,100.0,Excluir de variables de entrada
IRBZOANYYR,ANY BENZODIAZEPINES - PAST YEAR USE - IMPUTATION REVISED,RECENCY OF DRUG USE,Original u otra,100.0,Excluir de variables de entrada
IIBZOANYYR,ANY BENZODIAZEPINES - PAST YEAR USE - IMPUTATION INDICATOR,RECENCY OF DRUG USE,Original u otra,100.0,Excluir de variables de entrada
IRPNRNMREC,PAIN RELIEVER MISUSE RECENCY - IMPUTATION REVISED,RECENCY OF DRUG USE,Original u otra,100.0,Excluir de variables de entrada
IIPNRNMREC,PAIN RELIEVER MISUSE RECENCY - IMPUTATION INDICATOR,RECENCY OF DRUG USE,Original u otra,99.264,Excluir de variables de entrada
IROXCNNMYR,OXYCONTIN PAST YEAR MISUSE - IMPUTATION REVISED,RECENCY OF DRUG USE,Original u otra,100.0,Excluir de variables de entrada
IIOXCNNMYR,OXYCONTIN PAST YEAR MISUSE - IMPUTATION INDICATOR,RECENCY OF DRUG USE,Original u otra,99.998,Excluir de variables de entrada
IRFENTNMYR,FENTANYL PRODUCTS - PAST YEAR MISUSE - IMP REV,RECENCY OF DRUG USE,Original u otra,100.0,Excluir de variables de entrada
IIFENTNMYR,FENTANYL PRODUCTS - PAST YEAR MISUSE - IMP IND,RECENCY OF DRUG USE,Original u otra,100.0,Excluir de variables de entrada
IRRXOPNMYR,PRESCRIPTION OPIOIDS - PAST YEAR MISUSE - IMP REV,RECENCY OF DRUG USE,Original u otra,100.0,Excluir de variables de entrada
IIRXOPNMYR,PRESCRIPTION OPIOIDS - PAST YEAR MISUSE - IMP IND,RECENCY OF DRUG USE,Original u otra,100.0,Excluir de variables de entrada
IRTRQNMREC,TRANQUILIZER MISUSE RECENCY - IMPUTATION REVISED,RECENCY OF DRUG USE,Original u otra,100.0,Excluir de variables de entrada
IITRQNMREC,TRANQUILIZER MISUSE RECENCY - IMPUTATION INDICATOR,RECENCY OF DRUG USE,Original u otra,99.719,Excluir de variables de entrada
IRSTMNMREC,STIMULANT MISUSE RECENCY - IMPUTATION REVISED,RECENCY OF DRUG USE,Original u otra,100.0,Excluir de variables de entrada
IISTMNMREC,STIMULANT MISUSE RECENCY - IMPUTATION INDICATOR,RECENCY OF DRUG USE,Original u otra,99.827,Excluir de variables de entrada
IRSEDNMREC,SEDATIVE MISUSE RECENCY - IMPUTATION REVISED,RECENCY OF DRUG USE,Original u otra,100.0,Excluir de variables de entrada
IISEDNMREC,SEDATIVE MISUSE RECENCY - IMPUTATION INDICATOR,RECENCY OF DRUG USE,Original u otra,99.746,Excluir de variables de entrada
IRBZONMYR,ANY BENZODIAZEPINES - PAST YEAR MISUSE - IMPUTATION REVISED,RECENCY OF DRUG USE,Original u otra,100.0,Excluir de variables de entrada
IIBZONMYR,ANY BENZODIAZEPINES - PAST YEAR MISUSE - IMP IND,RECENCY OF DRUG USE,Original u otra,100.0,Excluir de variables de entrada
IRALCFY,ALCOHOL FREQUENCY PAST YEAR - IMPUTATION REVISED,PAST YEAR FREQUENCY OF USE,Original u otra,100.0,Excluir de variables de entrada
IIALCFY,ALCOHOL FREQUENCY PAST YEAR - IMPUTATION INDICATOR,PAST YEAR FREQUENCY OF USE,Original u otra,66.623,Excluir de variables de entrada
II2ALCFY,ALCOHOL FREQ PAST YEAR - DETAILED IMPUTATION INDICATOR,PAST YEAR FREQUENCY OF USE,Original u otra,66.623,Excluir de variables de entrada
IRMJFY,MARIJUANA FREQUENCY PAST YEAR - IMPUTATION REVISED,PAST YEAR FREQUENCY OF USE,Original u otra,100.0,Excluir de variables de entrada
IIMJFY,MARIJUANA FREQUENCY PAST YEAR - IMPUTATION INDICATOR,PAST YEAR FREQUENCY OF USE,Original u otra,26.705,Excluir de variables de entrada
II2MJFY,MARIJUANA FREQ PAST YEAR - DETAILED IMPUTATION INDICATOR,PAST YEAR FREQUENCY OF USE,Original u otra,26.705,Excluir de variables de entrada
IRCOCFY,COCAINE FREQUENCY PAST YEAR - IMPUTATION REVISED,PAST YEAR FREQUENCY OF USE,Original u otra,100.0,Excluir de variables de entrada
IICOCFY,COCAINE FREQUENCY PAST YEAR - IMPUTATION INDICATOR,PAST YEAR FREQUENCY OF USE,Original u otra,1.964,Excluir de variables de entrada
II2COCFY,COCAINE FREQ PAST YEAR - DETAILED IMPUTATION INDICATOR,PAST YEAR FREQUENCY OF USE,Original u otra,1.964,Excluir de variables de entrada
IRCRKFY,CRACK FREQUENCY PAST YEAR - IMPUTATION REVISED,PAST YEAR FREQUENCY OF USE,Original u otra,100.0,Excluir de variables de entrada
IICRKFY,CRACK FREQUENCY PAST YEAR - IMPUTATION INDICATOR,PAST YEAR FREQUENCY OF USE,Original u otra,0.338,Excluir de variables de entrada
II2CRKFY,CRACK FREQ PAST YEAR - DETAILED IMPUTATION INDICATOR,PAST YEAR FREQUENCY OF USE,Original u otra,0.338,Excluir de variables de entrada
IRHERFY,HEROIN FREQUENCY PAST YEAR - IMPUTATION REVISED,PAST YEAR FREQUENCY OF USE,Original u otra,100.0,Excluir de variables de entrada
IIHERFY,HEROIN FREQUENCY PAST YEAR - IMPUTATION INDICATOR,PAST YEAR FREQUENCY OF USE,Original u otra,0.288,Excluir de variables de entrada
II2HERFY,HEROIN FREQ PAST YEAR - DETAILED IMPUTATION INDICATOR,PAST YEAR FREQUENCY OF USE,Original u otra,0.288,Excluir de variables de entrada
IRHALLUCYFQ,HALL FREQUENCY PAST YEAR - IMPUTATION REVISED,PAST YEAR FREQUENCY OF USE,Original u otra,100.0,Excluir de variables de entrada
IIHALLUCYFQ,HALL FREQ PAST YEAR - IMPUTATION INDICATOR,PAST YEAR FREQUENCY OF USE,Original u otra,5.355,Excluir de variables de entrada
IRINHALYFQ2,INHALANT FREQUENCY PAST YEAR - IMPUTATION REVISED,PAST YEAR FREQUENCY OF USE,Original u otra,100.0,Excluir de variables de entrada
IIINHALYFQ2,INHALANT FREQ PAST YEAR - IMPUTATION INDICATOR,PAST YEAR FREQUENCY OF USE,Original u otra,1.381,Excluir de variables de entrada
IRMETHAMYFQ,METH FREQUENCY PAST YEAR - IMPUTATION REVISED,PAST YEAR FREQUENCY OF USE,Original u otra,100.0,Excluir de variables de entrada
IIMETHAMYFQ,METH FREQ PAST YEAR - IMPUTATION INDICATOR,PAST YEAR FREQUENCY OF USE,Original u otra,1.137,Excluir de variables de entrada
IRCIGFM,CIG FREQUENCY PAST MONTH - IMPUTATION REVISED,PAST MONTH FREQUENCY OF USE,Original u otra,100.0,Excluir de variables de entrada
IICIGFM,CIG FREQUENCY PAST MONTH - IMPUTATION INDICATOR,PAST MONTH FREQUENCY OF USE,Original u otra,13.823,Excluir de variables de entrada
II2CIGFM,CIG FREQUENCY PAST MONTH - DETAILED IMPUTATION INDICATOR,PAST MONTH FREQUENCY OF USE,Original u otra,13.823,Excluir de variables de entrada
IRCGRFM,CIGAR FREQUENCY PAST MONTH - IMPUTATION REVISED,PAST MONTH FREQUENCY OF USE,Original u otra,100.0,Excluir de variables de entrada
IICGRFM,CIGAR FREQUENCY PAST MONTH - IMPUTATION INDICATOR,PAST MONTH FREQUENCY OF USE,Original u otra,4.032,Excluir de variables de entrada
II2CGRFM,CIGAR FREQUENCY PAST MONTH - DETAILED IMPUTATION INDICATOR,PAST MONTH FREQUENCY OF USE,Original u otra,4.032,Excluir de variables de entrada
IRSMKLSS30N,SMOKELESS TOBACCO FREQUENCY PAST MONTH - IMPUTATION REVISED,PAST MONTH FREQUENCY OF USE,Original u otra,100.0,Excluir de variables de entrada
IISMKLSS30N,SMOKELESS TOBACCO FREQUENCY PST MONTH - IMPUTATION INDICATOR,PAST MONTH FREQUENCY OF USE,Original u otra,2.981,Excluir de variables de entrada
IRNICVAP30N,NICOTINE VAPING FREQUENCY PAST MONTH - IMPUTATION REVISED,PAST MONTH FREQUENCY OF USE,Original u otra,100.0,Excluir de variables de entrada
IINICVAP30N,NICOTINE VAPING FREQUENCY PAST MONTH - IMPUTATION INDICATOR,PAST MONTH FREQUENCY OF USE,Original u otra,14.286,Excluir de variables de entrada
IRALCFM,ALCOHOL FREQUENCY PAST MONTH - IMPUTATION REVISED,PAST MONTH FREQUENCY OF USE,Original u otra,100.0,Excluir de variables de entrada
IIALCFM,ALCOHOL FREQUENCY PAST MONTH - IMPUTATION INDICATOR,PAST MONTH FREQUENCY OF USE,Original u otra,50.8,Excluir de variables de entrada
II2ALCFM,ALCOHOL FREQUENCY PAST MONTH - DETAILED IMPUTATION INDICATOR,PAST MONTH FREQUENCY OF USE,Original u otra,50.8,Excluir de variables de entrada
IRALCBNG30D,BINGE ALCOHOL FREQUENCY PAST MONTH - IMPUTATION REVISED,PAST MONTH FREQUENCY OF USE,Original u otra,100.0,Excluir de variables de entrada
IIALCBNG30D,BINGE ALCOHOL FREQUENCY PAST MONTH - IMPUTATION INDICATOR,PAST MONTH FREQUENCY OF USE,Original u otra,50.965,Excluir de variables de entrada
IRMJFM,MARIJUANA FREQUENCY PAST MONTH - IMPUTATION REVISED,PAST MONTH FREQUENCY OF USE,Original u otra,100.0,Excluir de variables de entrada
IIMJFM,MARIJUANA FREQUENCY PAST MONTH - IMPUTATION INDICATOR,PAST MONTH FREQUENCY OF USE,Original u otra,19.55,Excluir de variables de entrada
II2MJFM,MARIJUANA FREQ PAST MONTH - DETAILED IMPUTATION INDICATOR,PAST MONTH FREQUENCY OF USE,Original u otra,19.55,Excluir de variables de entrada
IRCOCFM,COCAINE FREQUENCY PAST MONTH - IMPUTATION REVISED,PAST MONTH FREQUENCY OF USE,Original u otra,100.0,Excluir de variables de entrada
IICOCFM,COCAINE FREQUENCY PAST MONTH - IMPUTATION INDICATOR,PAST MONTH FREQUENCY OF USE,Original u otra,0.776,Excluir de variables de entrada
II2COCFM,COCAINE FREQUENCY PAST MONTH - DETAILED IMPUTATION INDICATOR,PAST MONTH FREQUENCY OF USE,Original u otra,0.776,Excluir de variables de entrada
IRCRKFM,CRACK FREQUENCY PAST MONTH - IMPUTATION REVISED,PAST MONTH FREQUENCY OF USE,Original u otra,100.0,Excluir de variables de entrada
IICRKFM,CRACK FREQUENCY PAST MONTH - IMPUTATION INDICATOR,PAST MONTH FREQUENCY OF USE,Original u otra,0.178,Excluir de variables de entrada
II2CRKFM,CRACK FREQUENCY PAST MONTH - DETAILED IMPUTATION INDICATOR,PAST MONTH FREQUENCY OF USE,Original u otra,0.178,Excluir de variables de entrada
IRHERFM,HEROIN FREQUENCY PAST MONTH - IMPUTATION REVISED,PAST MONTH FREQUENCY OF USE,Original u otra,100.0,Excluir de variables de entrada
IIHERFM,HEROIN FREQUENCY PAST MONTH - IMPUTATION INDICATOR,PAST MONTH FREQUENCY OF USE,Original u otra,0.175,Excluir de variables de entrada
II2HERFM,HEROIN FREQ PAST MONTH - DETAILED IMPUTATION INDICATOR,PAST MONTH FREQUENCY OF USE,Original u otra,0.175,Excluir de variables de entrada
IRHALLUC30N,HALLUCINOGEN FREQUENCY PAST MONTH - IMPUTATION REVISED,PAST MONTH FREQUENCY OF USE,Original u otra,100.0,Excluir de variables de entrada
IIHALLUC30N,HALLUCINOGEN FREQUENCY PAST MONTH - IMPUTATION INDICATOR,PAST MONTH FREQUENCY OF USE,Original u otra,1.871,Excluir de variables de entrada
IRINHAL30N2,INHALANT FREQUENCY PAST MONTH - IMPUTATION REVISED,PAST MONTH FREQUENCY OF USE,Original u otra,100.0,Excluir de variables de entrada
IIINHAL30N2,INHALANT FREQUENCY PAST MONTH - IMPUTATION INDICATOR,PAST MONTH FREQUENCY OF USE,Original u otra,0.712,Excluir de variables de entrada
IRMETHAM30N,METHAMPHETAMINE FREQUENCY PAST MONTH - IMPUTATION REVISED,PAST MONTH FREQUENCY OF USE,Original u otra,100.0,Excluir de variables de entrada
IIMETHAM30N,METHAMPHETAMINE FREQUENCY PAST MONTH - IMPUTATION INDICATOR,PAST MONTH FREQUENCY OF USE,Original u otra,0.772,Excluir de variables de entrada
IRPNRNM30FQ,PAIN RELIEVERS MISUSE FREQ PAST MONTH - IMPUTATION REVISED,PAST MONTH FREQUENCY OF USE,Original u otra,100.0,Excluir de variables de entrada
IIPNRNM30FQ,PAIN RELIEVERS MISUSE FREQ PAST MONTH - IMPUTATION INDICATOR,PAST MONTH FREQUENCY OF USE,Original u otra,1.201,Excluir de variables de entrada
IRTRQNM30FQ,TRANQUILIZERS MISUSE FREQ PAST MONTH - IMPUTATION REVISED,PAST MONTH FREQUENCY OF USE,Original u otra,100.0,Excluir de variables de entrada
IITRQNM30FQ,TRANQUILIZERS MISUSE FREQ PAST MONTH - IMPUTATION INDICATOR,PAST MONTH FREQUENCY OF USE,Original u otra,0.808,Excluir de variables de entrada
IRSTMNM30FQ,STIMULANTS MISUSE FREQUENCY PAST MONTH - IMPUTATION REVISED,PAST MONTH FREQUENCY OF USE,Original u otra,100.0,Excluir de variables de entrada
IISTMNM30FQ,STIMULANTS MISUSE FREQ PAST MONTH - IMPUTATION INDICATOR,PAST MONTH FREQUENCY OF USE,Original u otra,0.954,Excluir de variables de entrada
IRSEDNM30FQ,SEDATIVES MISUSE FREQUENCY PAST MONTH - IMPUTATION REVISED,PAST MONTH FREQUENCY OF USE,Original u otra,100.0,Excluir de variables de entrada
IISEDNM30FQ,SEDATIVES MISUSE FREQUENCY PAST MONTH - IMPUTATION INDICATOR,PAST MONTH FREQUENCY OF USE,Original u otra,0.63,Excluir de variables de entrada
IRCIGAGE,CIGARETTE AGE OF FIRST USE - IMPUTATION REVISED,AGE/DATE OF FIRST DRUG USE,Original u otra,100.0,Excluir de variables de entrada
IICIGAGE,CIGARETTE AGE OF FIRST USE - IMPUTATION INDICATOR,AGE/DATE OF FIRST DRUG USE,Original u otra,51.187,Excluir de variables de entrada
IRCIGYFU,CIGARETTE YEAR OF FIRST USE - IMPUTATION REVISED,AGE/DATE OF FIRST DRUG USE,Original u otra,100.0,Excluir de variables de entrada
IICIGYFU,CIGARETTE YEAR OF FIRST USE - IMPUTATION INDICATOR,AGE/DATE OF FIRST DRUG USE,Original u otra,51.204,Excluir de variables de entrada
IRCDUAGE,DAILY CIGARETTE AGE OF FIRST USE - IMPUTATION REVISED,AGE/DATE OF FIRST DRUG USE,Original u otra,100.0,Excluir de variables de entrada
IICDUAGE,DAILY CIGARETTE AGE OF FIRST USE - IMPUTATION INDICATOR,AGE/DATE OF FIRST DRUG USE,Original u otra,26.108,Excluir de variables de entrada
IRCD2YFU,DAILY CIGARETTE YFU - USING CIGDLYFU - IMPUTATION REVISED,AGE/DATE OF FIRST DRUG USE,Original u otra,100.0,Excluir de variables de entrada
IICD2YFU,DAILY CIGARETTE YEAR OF FIRST USE - IMPUTATION INDICATOR,AGE/DATE OF FIRST DRUG USE,Original u otra,26.108,Excluir de variables de entrada
IRCGRAGE,CIGAR AGE OF FIRST USE - IMPUTATION REVISED,AGE/DATE OF FIRST DRUG USE,Original u otra,100.0,Excluir de variables de entrada
IICGRAGE,CIGAR AGE OF FIRST USE - IMPUTATION INDICATOR,AGE/DATE OF FIRST DRUG USE,Original u otra,30.502,Excluir de variables de entrada
IRCGRYFU,CIGAR YEAR OF FIRST USE - IMPUTATION REVISED,AGE/DATE OF FIRST DRUG USE,Original u otra,100.0,Excluir de variables de entrada
IICGRYFU,CIGAR YEAR OF FIRST USE - IMPUTATION INDICATOR,AGE/DATE OF FIRST DRUG USE,Original u otra,30.502,Excluir de variables de entrada
IRSMKLSSTRY,SMOKELESS TOBACCO AGE OF FIRST USE - IMPUTATION REVISED,AGE/DATE OF FIRST DRUG USE,Original u otra,100.0,Excluir de variables de entrada
IISMKLSSTRY,SMOKELESS TOBACCO AGE OF FIRST USE - IMPUTATION INDICATOR,AGE/DATE OF FIRST DRUG USE,Original u otra,14.002,Excluir de variables de entrada
IRSMKLSSYFU,SMOKELESS TOBACCO YEAR OF FIRST USE - IMPUTATION REVISED,AGE/DATE OF FIRST DRUG USE,Original u otra,100.0,Excluir de variables de entrada
IISMKLSSYFU,SMOKELESS TOBACCO YEAR OF FIRST USE - IMPUTATION INDICATOR,AGE/DATE OF FIRST DRUG USE,Original u otra,14.002,Excluir de variables de entrada
IRNICVAPAGE,NICOTINE VAPING AGE OF FIRST USE - IMPUTATION REVISED,AGE/DATE OF FIRST DRUG USE,Original u otra,100.0,Excluir de variables de entrada
IINICVAPAGE,NICOTINE VAPING AGE OF FIRST USE - IMPUTATION INDICATOR,AGE/DATE OF FIRST DRUG USE,Original u otra,34.381,Excluir de variables de entrada
IRNICVAPYFU,NICOTINE VAPING YEAR OF FIRST USE - IMPUTATION REVISED,AGE/DATE OF FIRST DRUG USE,Original u otra,100.0,Excluir de variables de entrada
IINICVAPYFU,NICOTINE VAPING YEAR OF FIRST USE - IMPUTATION INDICATOR,AGE/DATE OF FIRST DRUG USE,Original u otra,34.381,Excluir de variables de entrada
IRALCAGE,ALCOHOL AGE OF FIRST USE - IMPUTATION REVISED,AGE/DATE OF FIRST DRUG USE,Original u otra,100.0,Excluir de variables de entrada
IIALCAGE,ALCOHOL AGE OF FIRST USE - IMPUTATION INDICATOR,AGE/DATE OF FIRST DRUG USE,Original u otra,82.807,Excluir de variables de entrada
IRALCYFU,ALCOHOL YEAR OF FIRST USE - IMPUTATION REVISED,AGE/DATE OF FIRST DRUG USE,Original u otra,100.0,Excluir de variables de entrada
IIALCYFU,ALCOHOL YEAR OF FIRST USE - IMPUTATION INDICATOR,AGE/DATE OF FIRST DRUG USE,Original u otra,82.807,Excluir de variables de entrada
IRMJAGE,MARIJUANA AGE OF FIRST USE - IMPUTATION REVISED,AGE/DATE OF FIRST DRUG USE,Original u otra,100.0,Excluir de variables de entrada
IIMJAGE,MARIJUANA AGE OF FIRST USE - IMPUTATION INDICATOR,AGE/DATE OF FIRST DRUG USE,Original u otra,52.711,Excluir de variables de entrada
IRMJYFU,MARIJUANA YEAR OF FIRST USE - IMPUTATION REVISED,AGE/DATE OF FIRST DRUG USE,Original u otra,100.0,Excluir de variables de entrada
IIMJYFU,MARIJUANA YEAR OF FIRST USE - IMPUTATION INDICATOR,AGE/DATE OF FIRST DRUG USE,Original u otra,52.711,Excluir de variables de entrada
IRCOCAGE,COCAINE AGE OF FIRST USE - IMPUTATION REVISED,AGE/DATE OF FIRST DRUG USE,Original u otra,100.0,Excluir de variables de entrada
IICOCAGE,COCAINE AGE OF FIRST USE - IMPUTATION INDICATOR,AGE/DATE OF FIRST DRUG USE,Original u otra,13.922,Excluir de variables de entrada
IRCOCYFU,COCAINE YEAR OF FIRST USE - IMPUTATION REVISED,AGE/DATE OF FIRST DRUG USE,Original u otra,100.0,Excluir de variables de entrada
IICOCYFU,COCAINE YEAR OF FIRST USE - IMPUTATION INDICATOR,AGE/DATE OF FIRST DRUG USE,Original u otra,14.14,Excluir de variables de entrada
IRCRKAGE,CRACK AGE OF FIRST USE - IMPUTATION REVISED,AGE/DATE OF FIRST DRUG USE,Original u otra,100.0,Excluir de variables de entrada
IICRKAGE,CRACK AGE OF FIRST USE - IMPUTATION INDICATOR,AGE/DATE OF FIRST DRUG USE,Original u otra,3.433,Excluir de variables de entrada
IRCRKYFU,CRACK YEAR OF FIRST USE - IMPUTATION REVISED,AGE/DATE OF FIRST DRUG USE,Original u otra,100.0,Excluir de variables de entrada
IICRKYFU,CRACK YEAR OF FIRST USE - IMPUTATION INDICATOR,AGE/DATE OF FIRST DRUG USE,Original u otra,3.433,Excluir de variables de entrada
IRHERAGE,HEROIN AGE OF FIRST USE - IMPUTATION REVISED,AGE/DATE OF FIRST DRUG USE,Original u otra,100.0,Excluir de variables de entrada
IIHERAGE,HEROIN AGE OF FIRST USE - IMPUTATION INDICATOR,AGE/DATE OF FIRST DRUG USE,Original u otra,2.512,Excluir de variables de entrada
IRHERYFU,HEROIN YEAR OF FIRST USE - IMPUTATION REVISED,AGE/DATE OF FIRST DRUG USE,Original u otra,100.0,Excluir de variables de entrada
IIHERYFU,HEROIN YEAR OF FIRST USE - IMPUTATION INDICATOR,AGE/DATE OF FIRST DRUG USE,Original u otra,2.512,Excluir de variables de entrada
IRHALLUCAGE,HALLUCINOGEN AGE OF FIRST USE - IMPUTATION REVISED,AGE/DATE OF FIRST DRUG USE,Original u otra,100.0,Excluir de variables de entrada
IIHALLUCAGE,HALLUCINOGEN AGE OF FIRST USE - IMPUTATION INDICATOR,AGE/DATE OF FIRST DRUG USE,Original u otra,19.734,Excluir de variables de entrada
IRHALLUCYFU,HALLUCINOGEN YEAR OF FIRST USE - IMPUTATION REVISED,AGE/DATE OF FIRST DRUG USE,Original u otra,100.0,Excluir de variables de entrada
IIHALLUCYFU,HALLUCINOGEN YEAR OF FIRST USE - IMPUTATION INDICATOR,AGE/DATE OF FIRST DRUG USE,Original u otra,20.005,Excluir de variables de entrada
IRLSDAGE,LSD AGE OF FIRST USE - IMPUTATION REVISED,AGE/DATE OF FIRST DRUG USE,Original u otra,100.0,Excluir de variables de entrada
IILSDAGE,LSD AGE OF FIRST USE - IMPUTATION INDICATOR,AGE/DATE OF FIRST DRUG USE,Original u otra,10.937,Excluir de variables de entrada
IRLSDYFU,LSD YEAR OF FIRST USE - IMPUTATION REVISED,AGE/DATE OF FIRST DRUG USE,Original u otra,100.0,Excluir de variables de entrada
IILSDYFU,LSD YEAR OF FIRST USE - IMPUTATION INDICATOR,AGE/DATE OF FIRST DRUG USE,Original u otra,10.937,Excluir de variables de entrada
IRPCPAGE,PCP AGE OF FIRST USE - IMPUTATION REVISED,AGE/DATE OF FIRST DRUG USE,Original u otra,100.0,Excluir de variables de entrada
IIPCPAGE,PCP AGE OF FIRST USE - IMPUTATION INDICATOR,AGE/DATE OF FIRST DRUG USE,Original u otra,1.74,Excluir de variables de entrada
IRPCPYFU,PCP YEAR OF FIRST USE - IMPUTATION REVISED,AGE/DATE OF FIRST DRUG USE,Original u otra,100.0,Excluir de variables de entrada
IIPCPYFU,PCP YEAR OF FIRST USE - IMPUTATION INDICATOR,AGE/DATE OF FIRST DRUG USE,Original u otra,1.74,Excluir de variables de entrada
IRECSTMOAGE,ECSTASY AGE OF FIRST USE - IMPUTATION REVISED,AGE/DATE OF FIRST DRUG USE,Original u otra,100.0,Excluir de variables de entrada
IIECSTMOAGE,ECSTASY AGE OF FIRST USE - IMPUTATION INDICATOR,AGE/DATE OF FIRST DRUG USE,Original u otra,9.525,Excluir de variables de entrada
IRECSTMOYFU,ECSTASY YEAR OF FIRST USE - IMPUTATION REVISED,AGE/DATE OF FIRST DRUG USE,Original u otra,100.0,Excluir de variables de entrada
IIECSTMOYFU,ECSTASY YEAR OF FIRST USE - IMPUTATION INDICATOR,AGE/DATE OF FIRST DRUG USE,Original u otra,9.525,Excluir de variables de entrada
IRINHALAGE2,INHALANTS AGE OF FIRST USE - IMPUTATION REVISED,AGE/DATE OF FIRST DRUG USE,Original u otra,100.0,Excluir de variables de entrada
IIINHALAGE2,INHALANTS AGE OF FIRST USE - IMPUTATION INDICATOR,AGE/DATE OF FIRST DRUG USE,Original u otra,11.258,Excluir de variables de entrada
IRINHALYFU2,INHALANTS YEAR OF FIRST USE - IMPUTATION REVISED,AGE/DATE OF FIRST DRUG USE,Original u otra,100.0,Excluir de variables de entrada
IIINHALYFU2,INHALANTS YEAR OF FIRST USE - IMPUTATION INDICATOR,AGE/DATE OF FIRST DRUG USE,Original u otra,11.258,Excluir de variables de entrada
IRMETHAMAGE,METHAMPHETAMINE AGE OF FIRST USE - IMPUTATION REVISED,AGE/DATE OF FIRST DRUG USE,Original u otra,100.0,Excluir de variables de entrada
IIMETHAMAGE,METHAMPHETAMINE AGE OF FIRST USE - IMPUTATION INDICATOR,AGE/DATE OF FIRST DRUG USE,Original u otra,5.556,Excluir de variables de entrada
IRMETHAMYFU,METHAMPHETAMINE YEAR OF FIRST USE - IMPUTATION REVISED,AGE/DATE OF FIRST DRUG USE,Original u otra,100.0,Excluir de variables de entrada
IIMETHAMYFU,METHAMPHETAMINE YEAR OF FIRST USE - IMPUTATION INDICATOR,AGE/DATE OF FIRST DRUG USE,Original u otra,5.556,Excluir de variables de entrada
IRPNRNMINIT,PAST YR INITIATE PAIN RELIEVERS MISUSE - IMPUTATION REVISED,AGE/DATE OF FIRST DRUG USE,Original u otra,100.0,Excluir de variables de entrada
IIPNRNMINIT,PAST YR INITIATE PAIN RELIEVER MISUSE - IMPUTATION INDICATOR,AGE/DATE OF FIRST DRUG USE,Original u otra,100.0,Excluir de variables de entrada
IRTRQNMINIT,PAST YR INITIATE TRANQUILIZER MISUSE - IMPUTATION REVISED,AGE/DATE OF FIRST DRUG USE,Original u otra,100.0,Excluir de variables de entrada
IITRQNMINIT,PAST YR INITIATE TRANQUILIZER MISUSE - IMPUTATION INDICATOR,AGE/DATE OF FIRST DRUG USE,Original u otra,100.0,Excluir de variables de entrada
IRSTMNMINIT,PAST YR INITIATE STIMULANT MISUSE - IMPUTATION REVISED,AGE/DATE OF FIRST DRUG USE,Original u otra,100.0,Excluir de variables de entrada
IISTMNMINIT,PAST YR INITIATE STIMULANT MISUSE - IMPUTATION INDICATOR,AGE/DATE OF FIRST DRUG USE,Original u otra,100.0,Excluir de variables de entrada
IRSEDNMINIT,PAST YR INITIATE SEDATIVE MISUSE - IMPUTATION REVISED,AGE/DATE OF FIRST DRUG USE,Original u otra,100.0,Excluir de variables de entrada
IISEDNMINIT,PAST YR INITIATE SEDATIVE MISUSE - IMPUTATION INDICATOR,AGE/DATE OF FIRST DRUG USE,Original u otra,100.0,Excluir de variables de entrada
IRPNRNMYFU,PAIN RELIEVER YEAR OF FIRST MISUSE - IMPUTATION REVISED,AGE/DATE OF FIRST DRUG USE,Original u otra,100.0,Excluir de variables de entrada
IIPNRNMYFU,PAIN RELIEVER YEAR OF FIRST MISUSE - IMPUTATION INDICATOR,AGE/DATE OF FIRST DRUG USE,Original u otra,0.918,Excluir de variables de entrada
IRPNRNMAGE,PAIN RELIEVER AGE OF FIRST MISUSE - IMPUTATION REVISED,AGE/DATE OF FIRST DRUG USE,Original u otra,100.0,Excluir de variables de entrada
IIPNRNMAGE,PAIN RELIEVER AGE OF FIRST MISUSE - IMPUTATION INDICATOR,AGE/DATE OF FIRST DRUG USE,Original u otra,0.918,Excluir de variables de entrada
IRTRQNMYFU,TRANQUILIZER YEAR OF FIRST MISUSE - IMPUTATION REVISED,AGE/DATE OF FIRST DRUG USE,Original u otra,100.0,Excluir de variables de entrada
IITRQNMYFU,TRANQUILIZER YEAR OF FIRST MISUSE - IMPUTATION INDICATOR,AGE/DATE OF FIRST DRUG USE,Original u otra,0.6,Excluir de variables de entrada
IRTRQNMAGE,TRANQUILIZER AGE OF FIRST MISUSE - IMPUTATION REVISED,AGE/DATE OF FIRST DRUG USE,Original u otra,100.0,Excluir de variables de entrada
IITRQNMAGE,TRANQUILIZER AGE OF FIRST MISUSE - IMPUTATION INDICATOR,AGE/DATE OF FIRST DRUG USE,Original u otra,0.6,Excluir de variables de entrada
IRSTMNMYFU,STIMULANTS YEAR OF FIRST MISUSE - IMPUTATION REVISED,AGE/DATE OF FIRST DRUG USE,Original u otra,100.0,Excluir de variables de entrada
IISTMNMYFU,STIMULANTS YEAR OF FIRST MISUSE - IMPUTATION INDICATOR,AGE/DATE OF FIRST DRUG USE,Original u otra,0.755,Excluir de variables de entrada
IRSTMNMAGE,STIMULANTS AGE OF FIRST MISUSE - IMPUTATION REVISED,AGE/DATE OF FIRST DRUG USE,Original u otra,100.0,Excluir de variables de entrada
IISTMNMAGE,STIMULANTS AGE OF FIRST MISUSE - IMPUTATION INDICATOR,AGE/DATE OF FIRST DRUG USE,Original u otra,0.755,Excluir de variables de entrada
IRSEDNMYFU,SEDATIVES YEAR OF FIRST MISUSE - IMPUTATION REVISED,AGE/DATE OF FIRST DRUG USE,Original u otra,100.0,Excluir de variables de entrada
IISEDNMYFU,SEDATIVES YEAR OF FIRST MISUSE - IMPUTATION INDICATOR,AGE/DATE OF FIRST DRUG USE,Original u otra,0.594,Excluir de variables de entrada
IRSEDNMAGE,SEDATIVES AGE OF FIRST MISUSE - IMPUTATION REVISED,AGE/DATE OF FIRST DRUG USE,Original u otra,100.0,Excluir de variables de entrada
IISEDNMAGE,SEDATIVES AGE OF FIRST MISUSE - IMPUTATION INDICATOR,AGE/DATE OF FIRST DRUG USE,Original u otra,0.594,Excluir de variables de entrada
CIGFLAG,RC-CIGARETTES - EVER USED,RECODED DRUG USE,Recodificada,100.0,Predictor principal
CIGYR,RC-CIGARETTES - PAST YEAR USE,RECODED DRUG USE,Recodificada,100.0,Predictor principal
CIGMON,RC-CIGARETTES - PAST MONTH USE,RECODED DRUG USE,Recodificada,100.0,Predictor principal
CGRFLAG,RC-CIGARS - EVER USED,RECODED DRUG USE,Recodificada,100.0,Predictor principal
CGRYR,RC-CIGARS - PAST YEAR USE,RECODED DRUG USE,Recodificada,100.0,Predictor principal
CGRMON,RC-CIGARS - PAST MONTH USE,RECODED DRUG USE,Recodificada,100.0,Predictor principal
PIPFLAG,RC-PIPES - EVER USED,RECODED DRUG USE,Recodificada,100.0,Predictor principal
PIPMON,RC-PIPES - PAST MONTH USE,RECODED DRUG USE,Recodificada,100.0,Predictor principal
SMKLSSFLAG,RC-SMOKELESS TOBACCO - EVER USED,RECODED DRUG USE,Recodificada,100.0,Predictor principal
SMKLSSYR,RC-SMOKELESS TOBACCO - PAST YEAR USE,RECODED DRUG USE,Recodificada,100.0,Predictor principal
SMKLSSMON,RC-SMOKELESS TOBACCO - PAST MONTH USE,RECODED DRUG USE,Recodificada,100.0,Predictor principal
TOBCIGONL,RC-CIGARETTE/NONCIGARETTE TOBACCO ONLY - PAST MONTH USE,RECODED DRUG USE,Recodificada,17.973,Predictor principal
TOBFLAG,RC-ANY TOBACCO - EVER USED,RECODED DRUG USE,Recodificada,100.0,Predictor principal
TOBYR,RC-ANY TOBACCO - PAST YEAR USE,RECODED DRUG USE,Recodificada,100.0,Predictor principal
TOBMON,RC-ANY TOBACCO - PAST MONTH USE,RECODED DRUG USE,Recodificada,100.0,Predictor principal
NICVAPFLAG,RC-NICOTINE VAPING - EVER USED,RECODED DRUG USE,Recodificada,100.0,Predictor principal
NICVAPYR,RC-NICOTINE VAPING - PAST YEAR USE,RECODED DRUG USE,Recodificada,100.0,Predictor principal
NICVAPMON,RC-NICOTINE VAPING - PAST MONTH USE,RECODED DRUG USE,Recodificada,100.0,Predictor principal
TOBVNICFLAG,RC-ANY TOBACCO PRODUCTS OR NICOTINE VAPING - EVER USED,RECODED DRUG USE,Recodificada,100.0,Predictor principal
TOBVNICYR,RC-ANY TOBACCO PRODUCTS OR NICOTINE VAPING - PAST YEAR USE,RECODED DRUG USE,Recodificada,100.0,Predictor principal
TOBVNICMON,RC-ANY TOBACCO PRODUCTS OR NICOTINE VAPING - PAST MONTH USE,RECODED DRUG USE,Recodificada,100.0,Predictor principal
TOBVAPONL2,RC-NIC VAPING / TOBACCO PRODUCTS ONLY - PAST MONTH USE,RECODED DRUG USE,Recodificada,100.0,Predictor principal
TOBCIGVAP2,RC-NIC VAPING AND CIG/NONCIG TOBACCO COMBINATIONS-PM USE,RECODED DRUG USE,Recodificada,100.0,Predictor principal
ALCFLAG,RC-ALCOHOL - EVER USED,RECODED DRUG USE,Recodificada,100.0,Predictor principal
ALCYR,RC-ALCOHOL - PAST YEAR USE,RECODED DRUG USE,Recodificada,100.0,Predictor principal
ALCMON,RC-ALCOHOL - PAST MONTH USE,RECODED DRUG USE,Recodificada,100.0,Predictor principal
CBDHMPFLAG,RC-CBD OR HEMP - EVER USED,RECODED DRUG USE,Recodificada,100.0,Predictor principal
CBDHMPYR,RC-CBD OR HEMP - PAST YEAR USE,RECODED DRUG USE,Recodificada,100.0,Predictor principal
CBDHMPMON,RC-CBD OR HEMP - PAST MONTH USE,RECODED DRUG USE,Recodificada,100.0,Predictor principal
MRJFLAG,RC-MARIJUANA - EVER USED,RECODED DRUG USE,Recodificada,100.0,Predictor principal
MRJYR,RC-MARIJUANA - PAST YEAR USE,RECODED DRUG USE,Recodificada,100.0,Predictor principal
MRJMON,RC-MARIJUANA - PAST MONTH USE,RECODED DRUG USE,Recodificada,100.0,Predictor principal
MJSMKYR,RC-MARIJUANA SMOKING - PAST YEAR USE,RECODED DRUG USE,Recodificada,100.0,Predictor principal
MJVAPFLAG,RC-MARIJUANA VAPING - EVER USED,RECODED DRUG USE,Recodificada,100.0,Predictor principal
MJVAPYR,RC-MARIJUANA VAPING - PAST YEAR USE,RECODED DRUG USE,Recodificada,100.0,Predictor principal
MJDABYR,"RC-MARIJUANA DABBING WAXES, SHATTER, OR CONC - PAST YEAR USE",RECODED DRUG USE,Recodificada,100.0,Predictor principal
MJEATYR,RC-MARIJUANA EATING OR DRINKING - PAST YEAR USE,RECODED DRUG USE,Recodificada,100.0,Predictor principal
MJMTHYR,RC-MARIJUANA DRPS/STRPS/LZNGS/SPRYS IN MOUTH - PAST YEAR USE,RECODED DRUG USE,Recodificada,100.0,Predictor principal
MJSKNYR,RC-MARIJUANA LOTION/CREAM/PATCH TO SKIN - PAST YEAR USE,RECODED DRUG USE,Recodificada,100.0,Predictor principal
MJPLLYR,RC-MARIJUANA PILLS - PAST YEAR USE,RECODED DRUG USE,Recodificada,100.0,Predictor principal
MJOTHYR,RC-MARIJUANA USE - SOME OTHER MODE - PAST YEAR,RECODED DRUG USE,Recodificada,100.0,Predictor principal
MJCMOTHYR,RC-COMBINED OTHER MARIJUANA MODES - PAST YEAR USE,RECODED DRUG USE,Recodificada,100.0,Predictor principal
MJSMKMON,RC-MARIJUANA SMOKING - PAST MONTH USE,RECODED DRUG USE,Recodificada,100.0,Predictor principal
MJVAPMON,RC-MARIJUANA VAPING - PAST MONTH USE,RECODED DRUG USE,Recodificada,100.0,Predictor principal
MRJMONVAP2,"RC-MRJ VAPE, MRJ USE BUT NOT VAPE, OR NO MRJ USE - PAST MON",RECODED DRUG USE,Recodificada,100.0,Predictor principal
MJDABMON,"RC-MARIJUANA DABBING WAXES, SHATTER, OR CONC-PAST MONTH USE",RECODED DRUG USE,Recodificada,100.0,Predictor principal
MJEATMON,RC-MARIJUANA EATING OR DRINKING - PAST MONTH USE,RECODED DRUG USE,Recodificada,100.0,Predictor principal
MJMTHMON,RC-MARIJUANA DRPS/STRPS/LZNGS/SPRYS IN MOUTH-PAST MONTH USE,RECODED DRUG USE,Recodificada,100.0,Predictor principal
MJSKNMON,RC-MARIJUANA LOTION/CREAM/PATCH TO SKIN - PAST MONTH USE,RECODED DRUG USE,Recodificada,100.0,Predictor principal
MJPLLMON,RC-MARIJUANA PILLS - PAST MONTH USE,RECODED DRUG USE,Recodificada,100.0,Predictor principal
MJCMOTHMON,RC-COMBINED OTHER MARIJUANA MODES - PAST MONTH USE,RECODED DRUG USE,Recodificada,100.0,Predictor principal
COCFLAG,RC-COCAINE - EVER USED,RECODED DRUG USE,Recodificada,100.0,Predictor principal
COCYR,RC-COCAINE - PAST YEAR USE,RECODED DRUG USE,Recodificada,100.0,Predictor principal
COCMON,RC-COCAINE - PAST MONTH USE,RECODED DRUG USE,Recodificada,100.0,Predictor principal
CRKFLAG,"RC-""CRACK"" - EVER USED",RECODED DRUG USE,Recodificada,100.0,Predictor principal
CRKYR,"RC-""CRACK"" - PAST YEAR USE",RECODED DRUG USE,Recodificada,100.0,Predictor principal
CRKMON,"RC-""CRACK"" - PAST MONTH USE",RECODED DRUG USE,Recodificada,100.0,Predictor principal
HERFLAG,RC-HEROIN - EVER USED,RECODED DRUG USE,Recodificada,100.0,Predictor principal
HERYR,RC-HEROIN - PAST YEAR USE,RECODED DRUG USE,Recodificada,100.0,Predictor principal
HERMON,RC-HEROIN - PAST MONTH USE,RECODED DRUG USE,Recodificada,100.0,Predictor principal
HALLUCFLAG,RC-HALLUCINOGENS - EVER USED,RECODED DRUG USE,Recodificada,100.0,Predictor principal
HALLUCYR,RC-HALLUCINOGENS - PAST YEAR USE,RECODED DRUG USE,Recodificada,100.0,Predictor principal
HALLUCMON,RC-HALLUCINOGENS - PAST MONTH USE,RECODED DRUG USE,Recodificada,100.0,Predictor principal
LSDFLAG,RC-LSD - EVER USED,RECODED DRUG USE,Recodificada,100.0,Predictor principal
LSDYR,RC-LSD - PAST YEAR USE,RECODED DRUG USE,Recodificada,100.0,Predictor principal
LSDMON,RC-LSD - PAST MONTH USE,RECODED DRUG USE,Recodificada,100.0,Predictor principal
PCPFLAG,RC-PCP - EVER USED,RECODED DRUG USE,Recodificada,100.0,Predictor principal
PCPYR,RC-PCP - PAST YEAR USE,RECODED DRUG USE,Recodificada,100.0,Predictor principal
PCPMON,RC-PCP - PAST MONTH USE,RECODED DRUG USE,Recodificada,100.0,Predictor principal
PSILCYFLAG,RC-PSILOCYBIN - EVER USED,RECODED DRUG USE,Recodificada,100.0,Predictor principal
PSILCYYR,RC-PSILOCYBIN - PAST YEAR USE,RECODED DRUG USE,Recodificada,100.0,Predictor principal
PSILCYMON,RC-PSILOCYBIN - PAST MONTH USE,RECODED DRUG USE,Recodificada,100.0,Predictor principal
ECSTMOFLAG,RC-ECSTASY - EVER USED,RECODED DRUG USE,Recodificada,100.0,Predictor principal
ECSTMOYR,RC-ECSTASY - PAST YEAR USE,RECODED DRUG USE,Recodificada,100.0,Predictor principal
ECSTMOMON,RC-ECSTASY - PAST MONTH USE,RECODED DRUG USE,Recodificada,100.0,Predictor principal
DAMTFXFLAG,RC-DMT/AMT/FOXY - EVER USED,RECODED DRUG USE,Recodificada,100.0,Predictor principal
DAMTFXYR,RC-DMT/AMT/FOXY - PAST YEAR USE,RECODED DRUG USE,Recodificada,100.0,Predictor principal
DAMTFXMON,RC-DMT/AMT/FOXY - PAST MONTH USE,RECODED DRUG USE,Recodificada,100.0,Predictor principal
KETMINFLAG,RC-KETAMINE - EVER USED,RECODED DRUG USE,Recodificada,100.0,Predictor principal
KETMINYR,RC-KETAMINE - PAST YEAR USE,RECODED DRUG USE,Recodificada,100.0,Predictor principal
KETMINMON,RC-KETAMINE - PAST MONTH USE,RECODED DRUG USE,Recodificada,100.0,Predictor principal
SALVIAFLAG,RC-SALVIA - EVER USED,RECODED DRUG USE,Recodificada,100.0,Predictor principal
SALVIAYR,RC-SALVIA - PAST YEAR USE,RECODED DRUG USE,Recodificada,100.0,Predictor principal
SALVIAMON,RC-SALVIA - PAST MONTH USE,RECODED DRUG USE,Recodificada,100.0,Predictor principal
INHALFLAG2,RC-INHALANTS - EVER USED,RECODED DRUG USE,Recodificada,100.0,Predictor principal
INHALYR2,RC-INHALANTS - PAST YEAR USE,RECODED DRUG USE,Recodificada,100.0,Predictor principal
INHALMON2,RC-INHALANTS - PAST MONTH USE,RECODED DRUG USE,Recodificada,100.0,Predictor principal
METHAMFLAG,RC-METHAMPHETAMINE - EVER USED,RECODED DRUG USE,Recodificada,100.0,Predictor principal
METHAMYR,RC-METHAMPHETAMINE - PAST YEAR USE,RECODED DRUG USE,Recodificada,100.0,Predictor principal
METHAMMON,RC-METHAMPHETAMINE - PAST MONTH USE,RECODED DRUG USE,Recodificada,100.0,Predictor principal
PNRANYFLAG2,RC-ANY PAIN RELIEVER - EVER USED,RECODED DRUG USE,Recodificada,100.0,Predictor principal
PNRANYYR2,RC-ANY PAIN RELIEVER - PAST YEAR USE,RECODED DRUG USE,Recodificada,100.0,Predictor principal
OXYCNANYYR2,RC-OXYCONTIN - PAST YEAR USE,RECODED DRUG USE,Recodificada,100.0,Predictor principal
TRQANYFLAG,RC-ANY TRANQUILIZERS - EVER USED,RECODED DRUG USE,Recodificada,100.0,Predictor principal
TRQANYYR,RC-ANY TRANQUILIZERS - PAST YEAR USE,RECODED DRUG USE,Recodificada,100.0,Predictor principal
STMANYFLAG,RC-ANY STIMULANTS - EVER USED,RECODED DRUG USE,Recodificada,100.0,Predictor principal
STMANYYR,RC-ANY STIMULANTS - PAST YEAR USE,RECODED DRUG USE,Recodificada,100.0,Predictor principal
SEDANYFLAG,RC-ANY SEDATIVES - EVER USED,RECODED DRUG USE,Recodificada,100.0,Predictor principal
SEDANYYR,RC-ANY SEDATIVES - PAST YEAR USE,RECODED DRUG USE,Recodificada,100.0,Predictor principal
TQSDANYFLG,RC-ANY TRANQUILIZERS OR SEDATIVES - EVER USED,RECODED DRUG USE,Recodificada,23.049,Predictor principal
TQSDANYYR,RC-ANY TRANQUILIZERS OR SEDATIVES - PAST YEAR USE,RECODED DRUG USE,Recodificada,13.328,Predictor principal
BZOANYYR,RC - ANY BENZODIAZEPINES - PAST YEAR USE,RECODED DRUG USE,Recodificada,99.899,Predictor principal
PSYANYFLAG2,RC-ANY PSYCHOTHERAPEUTICS - EVER USED,RECODED DRUG USE,Recodificada,100.0,Predictor principal
PSYANYYR2,RC-ANY PSYCHOTHERAPEUTICS - PAST YEAR USE,RECODED DRUG USE,Recodificada,100.0,Predictor principal
OPIANYYR2,RC-ANY OPIOIDS (RX OPIOIDS OR HEROIN) - PAST YEAR USE,RECODED DRUG USE,Recodificada,20.013,Predictor principal
CNSANYYR,RC-ANY CENTRAL NERVOUS SYSTEM STIMULANTS - PAST YEAR USE,RECODED DRUG USE,Recodificada,10.647,Predictor principal
PNRNMFLAG,RC-PAIN RELIEVERS - EVER MISUSED,RECODED DRUG USE,Recodificada,100.0,Predictor principal
PNRNMYR,RC-PAIN RELIEVERS - PAST YEAR MISUSE,RECODED DRUG USE,Recodificada,100.0,Predictor principal
PNRNMMON,RC-PAIN RELIEVERS - PAST MONTH MISUSE,RECODED DRUG USE,Recodificada,100.0,Predictor principal
OXYCNNMYR,RC-OXYCONTIN - PAST YEAR MISUSE,RECODED DRUG USE,Recodificada,100.0,Predictor principal
TRQNMFLAG,RC-TRANQUILIZERS - EVER MISUSED,RECODED DRUG USE,Recodificada,100.0,Predictor principal
TRQNMYR,RC-TRANQUILIZERS - PAST YEAR MISUSE,RECODED DRUG USE,Recodificada,100.0,Predictor principal
TRQNMMON,RC-TRANQUILIZERS - PAST MONTH MISUSE,RECODED DRUG USE,Recodificada,100.0,Predictor principal
STMNMFLAG,RC-STIMULANTS - EVER MISUSED,RECODED DRUG USE,Recodificada,100.0,Predictor principal
STMNMYR,RC-STIMULANTS - PAST YEAR MISUSE,RECODED DRUG USE,Recodificada,100.0,Predictor principal
STMNMMON,RC-STIMULANTS - PAST MONTH MISUSE,RECODED DRUG USE,Recodificada,100.0,Predictor principal
SEDNMFLAG,RC-SEDATIVES - EVER MISUSED,RECODED DRUG USE,Recodificada,100.0,Predictor principal
SEDNMYR,RC-SEDATIVES - PAST YEAR MISUSE,RECODED DRUG USE,Recodificada,100.0,Predictor principal
SEDNMMON,RC-SEDATIVES - PAST MONTH MISUSE,RECODED DRUG USE,Recodificada,100.0,Predictor principal
TQSDNMFLAG,RC-TRANQUILIZERS OR SEDATIVES - EVER MISUSED,RECODED DRUG USE,Recodificada,4.835,Predictor principal
TQSDNMYR,RC-TRANQUILIZERS OR SEDATIVES - PAST YEAR MISUSE,RECODED DRUG USE,Recodificada,1.848,Predictor principal
TQSDNMMON,RC-TRANQUILIZERS OR SEDATIVES - PAST MONTH MISUSE,RECODED DRUG USE,Recodificada,0.56,Predictor principal
BZONMYR,RC - ANY BENZODIAZEPINES - PAST YEAR MISUSE,RECODED DRUG USE,Recodificada,99.983,Predictor principal
PSYCHFLAG,RC-ANY PSYCHOTHERAPEUTICS - EVER MISUSED,RECODED DRUG USE,Recodificada,100.0,Predictor principal
PSYCHYR,RC-ANY PSYCHOTHERAPEUTICS - PAST YEAR MISUSE,RECODED DRUG USE,Recodificada,100.0,Predictor principal
PSYCHMON,RC-ANY PSYCHOTHERAPEUTICS - PAST MONTH MISUSE,RECODED DRUG USE,Recodificada,100.0,Predictor principal
OPINMYR2,RC-OPIOIDS (RX OPIOIDS OR HEROIN) - PAST YEAR MISUSE,RECODED DRUG USE,Recodificada,3.047,Predictor principal
OPINMMON2,RC-OPIOIDS (RX OPIOIDS OR HEROIN) - PAST MONTH MISUSE,RECODED DRUG USE,Recodificada,0.867,Predictor principal
HERRXOPYR,RC-HEROIN USE AND/OR RX OPIOID MISUSE - PAST YEAR,RECODED DRUG USE,Recodificada,100.0,Predictor principal
CNSNMYR,RC-CENTRAL NERVOUS SYSTEM STIMULANTS - PAST YEAR MISUSE,RECODED DRUG USE,Recodificada,4.108,Predictor principal
CNSNMMON,RC-CENTRAL NERVOUS SYSTEM STIMULANTS - PAST MONTH MISUSE,RECODED DRUG USE,Recodificada,1.719,Predictor principal
ILLFLAG,RC-ANY ILLICIT DRUG - EVER USED,RECODED DRUG USE,Recodificada,100.0,Predictor principal
ILLYR,RC-ANY ILLICIT DRUG - PAST YEAR USE,RECODED DRUG USE,Recodificada,100.0,Predictor principal
ILLMON,RC-ANY ILLICIT DRUG - PAST MONTH USE,RECODED DRUG USE,Recodificada,100.0,Predictor principal
MJONLYFLAG2,RC-MARIJUANA ONLY - EVER USED,RECODED DRUG USE,Recodificada,100.0,Predictor principal
MJONLYYR2,RC-MARIJUANA ONLY - PAST YEAR USE,RECODED DRUG USE,Recodificada,100.0,Predictor principal
MJONLYMON2,RC-MARIJUANA ONLY - PAST MONTH USE,RECODED DRUG USE,Recodificada,100.0,Predictor principal
ILLEMFLAG2,RC-ILLICIT DRUG OTHER THAN MARIJUANA - EVER USED,RECODED DRUG USE,Recodificada,100.0,Predictor principal
ILLEMYR2,RC-ILLICIT DRUG OTHER THAN MARIJUANA - PAST YEAR,RECODED DRUG USE,Recodificada,100.0,Predictor principal
ILLEMMON2,RC-ILLICIT DRUG OTHER THAN MARIJUANA-PAST MONTH,RECODED DRUG USE,Recodificada,100.0,Predictor principal
CDUFLAG,RC-CIGARETTES DAILY - EVER USED,RECODED DRUG USE,Recodificada,26.091,Predictor principal
DCIGMON,RC-PAST MONTH DAILY CIGARETTE USE,RECODED DRUG USE,Recodificada,100.0,Predictor principal
CDCGMO,RC-EVER USED CIG DAILY AND PAST MONTH CIG USE,RECODED DRUG USE,Recodificada,11.059,Predictor principal
CDNOCGMO,RC-EVER USED CIG DAILY AND NO PAST MONTH CIG USE,RECODED DRUG USE,Recodificada,15.032,Predictor principal
BNGDRKMON,RC-BINGE ALCOHOL USE PAST 30 DAYS,RECODED DRUG USE,Recodificada,100.0,Predictor principal
HVYDRKMON,RC-HEAVY ALCOHOL USE PAST 30 DAYS,RECODED DRUG USE,Recodificada,100.0,Predictor principal
ILTOBALCFG,"RC-ILLICIT DRUG, TOBACCO PRD, OR ALCOHOL - EVER USED",RECODED DRUG USE,Recodificada,86.881,Predictor principal
ILTOBALCYR,"RC-ILLICIT DRUG, TOBACCO PRD, OR ALCOHOL - PAST YEAR USE",RECODED DRUG USE,Recodificada,75.179,Predictor principal
ILTOBALCMN,"RC-ILLICIT DRUG, TOBACCO PRD, OR ALC - PAST MONTH USE",RECODED DRUG USE,Recodificada,61.644,Predictor principal
ILTOBVAPALC,"RC-TOBACCO, NICOTINE VAPING, ALCOHOL, ILLICIT DRUG - PST MON",RECODED DRUG USE,Recodificada,100.0,Predictor principal
ILLALCMON,RC-ILLICIT DRUG OR ALCOHOL - PAST MONTH USE,RECODED DRUG USE,Recodificada,57.251,Predictor principal
TOBALCFLG,RC-TOBACCO PRODUCT OR ALCOHOL - EVER USED,RECODED DRUG USE,Recodificada,85.298,Predictor principal
TOBALCYR,RC-TOBACCO PRODUCT OR ALCOHOL - PAST YEAR USE,RECODED DRUG USE,Recodificada,72.511,Predictor principal
TOBALCMN,RC-TOBACCO PRODUCT OR ALCOHOL - PAST MONTH USE,RECODED DRUG USE,Recodificada,57.754,Predictor principal
ILLANDALC,RC-ILLICIT DRUG AND ALCOHOL USE - PAST YEAR USE,RECODED DRUG USE,Recodificada,26.607,Predictor principal
ILLORALC,RC-ILLICIT DRUG OR ALCOHOL USE - PAST YEAR USE,RECODED DRUG USE,Recodificada,72.369,Predictor principal
ILLALCFLG,RC-ILLICIT DRUG OR ALCOHOL - EVER USED,RECODED DRUG USE,Recodificada,85.272,Predictor principal
PEYOTEEVER,RC-EVER USED PEYOTE,RECODED DRUG USE,Recodificada,99.973,Predictor principal
MESCEVER,RC-EVER USED MESCALINE,RECODED DRUG USE,Recodificada,99.958,Predictor principal
AMYLNIEVER2,"RC-EVER INHALED AMYL NITRITE, ""POPPERS"", RUSH, ETC.",RECODED DRUG USE,Recodificada,99.968,Predictor principal
CLEFLUEVER2,"RC-EVER INHALED CORRECTION FLUID, DEGREASER, ETC.",RECODED DRUG USE,Recodificada,99.989,Predictor principal
GASEVER2,RC-EVER INHALED GASOLINE OR LIGHTER FLUID,RECODED DRUG USE,Recodificada,99.996,Predictor principal
GLUEEVER2,"RC-EVER INHALED GLUE, SHOE POLISH, OR TOLUENE",RECODED DRUG USE,Recodificada,99.994,Predictor principal
ETHEREVER2,"RC-EVER INHALED HALOTHANE, ETHER, OR OTHER ANESTHETIC",RECODED DRUG USE,Recodificada,99.985,Predictor principal
SOLVENEVER2,"RC-EVER INHALED LACQUER THINNER, OTHER PAINT SOLVENTS",RECODED DRUG USE,Recodificada,99.987,Predictor principal
LGASEVER2,"RC-EVER INHALED LIGHTER GASES (BUTANE, PROPANE)",RECODED DRUG USE,Recodificada,99.992,Predictor principal
NITOXIEVER2,"RC-EVER INHALED NITROUS OXIDE OR ""WHIPPITS""",RECODED DRUG USE,Recodificada,99.977,Predictor principal
FLTMRKEVER2,RC-EVER USED FELT-TIP PENS/MARKERS TO GET HIGH,RECODED DRUG USE,Recodificada,99.985,Predictor principal
SPAINTEVER2,RC-EVER INHALED SPRAY PAINTS,RECODED DRUG USE,Recodificada,99.992,Predictor principal
AIRDUSEVER2,RC-EVER USED COMPUTER CLEANER/AIR DUSTER TO GET HIGH,RECODED DRUG USE,Recodificada,99.994,Predictor principal
OTHAEREVER2,RC-EVER USED OTHER AEROSOL SPRAY,RECODED DRUG USE,Recodificada,99.987,Predictor principal
RXHYDCANY2,RC-HYDROCODONE PRODUCTS - ANY PAST YEAR USE,RECODED DRUG USE,Recodificada,99.833,Predictor principal
RXZOHYANY2,RC-ZOHYDRO ER - ANY PAST YEAR USE,RECODED DRUG USE,Recodificada,99.831,Predictor principal
RXOXCOANY2,RC-OXYCODONE PRODUCTS - ANY PAST YEAR USE,RECODED DRUG USE,Recodificada,99.822,Predictor principal
RXTRAMANY2,RC-TRAMADOL PRODUCTS - ANY PAST YEAR USE,RECODED DRUG USE,Recodificada,99.799,Predictor principal
RXCODEANY2,RC-CODEINE PRODUCTS - ANY PAST YEAR USE,RECODED DRUG USE,Recodificada,99.827,Predictor principal
RXMORPANY2,RC-MORPHINE PRODUCTS - ANY PAST YEAR USE,RECODED DRUG USE,Recodificada,99.801,Predictor principal
RXBUPRANY2,RC-BUPRENORPHINE PRODUCTS - ANY PAST YEAR USE,RECODED DRUG USE,Recodificada,99.827,Predictor principal
RXOXYMANY2,RC-OXYMORPHONE PRODUCTS - ANY PAST YEAR USE,RECODED DRUG USE,Recodificada,99.82,Predictor principal
RXDEMEANY2,RC-DEMEROL PRODUCTS - ANY PAST YEAR USE,RECODED DRUG USE,Recodificada,99.803,Predictor principal
RXHYDMANY2,RC-HYDROMORPHONE PRODUCTS - ANY PAST YEAR USE,RECODED DRUG USE,Recodificada,99.803,Predictor principal
RXMTDNANY2,RC-METHADONE PRODUCTS - ANY PAST YEAR USE,RECODED DRUG USE,Recodificada,99.803,Predictor principal
OTHRPNRANY2,RC-OTHER PAIN RELIEVER PRODUCTS - ANY PAST YEAR USE,RECODED DRUG USE,Recodificada,99.0,Predictor principal
RXBZOTANY,RC-BENZODIAZEPINE TRANQUILIZERS - ANY PAST YEAR USE,RECODED DRUG USE,Recodificada,99.949,Predictor principal
RXALPRANY,RC-ALPRAZOLEM PRODUCTS - ANY PAST YEAR USE,RECODED DRUG USE,Recodificada,99.928,Predictor principal
RXLORAANY,RC-LORAZEPAM PRODUCTS - ANY PAST YEAR USE,RECODED DRUG USE,Recodificada,99.922,Predictor principal
RXCLONANY,RC-CLONAZEP AM PRODUCTS - ANY PAST YEAR USE,RECODED DRUG USE,Recodificada,99.922,Predictor principal
RXDIAZANY,RC-DIAZEPAM PRODUCTS - ANY PAST YEAR USE,RECODED DRUG USE,Recodificada,99.918,Predictor principal
RXMRLXANY,RC-MUSCLE RELAXANTS - ANY PAST YEAR USE,RECODED DRUG USE,Recodificada,99.903,Predictor principal
RXCYCLANY,RC-CYCLOBENZAPRINE PRODUCTS - ANY PAST YEAR USE,RECODED DRUG USE,Recodificada,99.903,Predictor principal
RXSOMAANY,RC-SOMA PRODUCTS - ANY PAST YEAR USE,RECODED DRUG USE,Recodificada,99.903,Predictor principal
OTHRTRQANY,RC-OTHER TRANQUILIZER- ANY PAST YEAR USE,RECODED DRUG USE,Recodificada,99.896,Predictor principal
RXAMMEANY,RC-AMPHETAMINE OR METHYLPHENIDATE PRODS - ANY PAST YEAR USE,RECODED DRUG USE,Recodificada,99.964,Predictor principal
RXAMPHANY,RC-AMPHETAMINE - ANY PAST YEAR USE,RECODED DRUG USE,Recodificada,99.956,Predictor principal
RXMTHPANY,RC-METHYLPHENIDATE PRODUCTS - ANY PAST YEAR USE,RECODED DRUG USE,Recodificada,99.951,Predictor principal
RXANORANY,RC-ANORECTIC STIMULANTS - ANY PAST YEAR USE,RECODED DRUG USE,Recodificada,99.947,Predictor principal
RXPROVANY,RC-PROVIGIL PRODUCTS- ANY PAST YEAR USE,RECODED DRUG USE,Recodificada,99.947,Predictor principal
OTHRSTMANY,RC-OTHER STIMULANT - ANY PAST YEAR USE,RECODED DRUG USE,Recodificada,99.932,Predictor principal
RXZOLPANY,RC-ZOLPIDEM PRODUCTS - ANY PAST YEAR USE,RECODED DRUG USE,Recodificada,99.956,Predictor principal
RXESZOANY,RC-ESZOPICLONE PRODUCTS - ANY PAST YEAR USE,RECODED DRUG USE,Recodificada,99.951,Predictor principal
RXZALEANY,RC-ZALEPLON PRODUCTS - ANY PAST YEAR USE,RECODED DRUG USE,Recodificada,99.951,Predictor principal
RXBZOSANY,RC-BENZODIAZEPINE SEDATIVES - ANY PAST YEAR USE,RECODED DRUG USE,Recodificada,99.964,Predictor principal
RXTRIAANY,RC-TRIAZOLAM PRODUCTS - ANY PAST YEAR USE,RECODED DRUG USE,Recodificada,99.964,Predictor principal
RXTEMAANY,RC-TEMAZEPAM PRODUCTS - ANY PAST YEAR USE,RECODED DRUG USE,Recodificada,99.964,Predictor principal
RXFLURANY,RC-FLURAZEPAM PRODUCTS - ANY PAST YEAR USE,RECODED DRUG USE,Recodificada,99.964,Predictor principal
RXBARBANY,RC-BARBITUATES - ANY PAST YEAR USE,RECODED DRUG USE,Recodificada,99.949,Predictor principal
OTHRSEDANY,RC-OTHER SEDATIVE - ANY PAST YEAR USE,RECODED DRUG USE,Recodificada,99.943,Predictor principal
RXHYDCMIS,RC-HYDROCODONE PRODUCTS - PAST YEAR MISUSE,RECODED DRUG USE,Recodificada,99.975,Predictor principal
RXZOHYMIS,RC-ZOHYDRO ER - PAST YEAR MISUSE,RECODED DRUG USE,Recodificada,99.979,Predictor principal
RXOXCOMIS,RC-OXYCODONE PRODUCTS - PAST YEAR MISUSE,RECODED DRUG USE,Recodificada,99.962,Predictor principal
RXTRAMMIS,RC-TRAMADOL PRODUCTS - PAST YEAR MISUSE,RECODED DRUG USE,Recodificada,99.953,Predictor principal
RXCODEMIS,RC-CODEINE PRODUCTS - PAST YEAR MISUSE,RECODED DRUG USE,Recodificada,99.96,Predictor principal
RXMORPMIS,RC-MORPHINE PRODUCTS - PAST YEAR MISUSE,RECODED DRUG USE,Recodificada,99.973,Predictor principal
RXBUPRMIS,RC-BUPRENORPHINE PRODUCTS - PAST YEAR MISUSE,RECODED DRUG USE,Recodificada,99.97,Predictor principal
RXOXYMMIS,RC-OXYMORPHONE PRODUCTS - PAST YEAR MISUSE,RECODED DRUG USE,Recodificada,99.977,Predictor principal
RXDEMEMIS,RC-DEMEROL PRODUCTS - PAST YEAR MISUSE,RECODED DRUG USE,Recodificada,99.975,Predictor principal
RXHYDMMIS,RC-HYDROMORPHONE PRODUCTS - PAST YEAR MISUSE,RECODED DRUG USE,Recodificada,99.975,Predictor principal
RXMTDNMIS,RC-METHADONE PRODUCTS - PAST YEAR MISUSE,RECODED DRUG USE,Recodificada,99.973,Predictor principal
OTHRPNRMIS,RC-OTHER PAIN RELIEVER PRODUCTS - PAST YEAR MISUSE,RECODED DRUG USE,Recodificada,99.871,Predictor principal
RXBZOTMIS,RC-BENZODIAZEPINE TRANQUILIZERS - PAST YEAR MISUSE,RECODED DRUG USE,Recodificada,99.989,Predictor principal
RXALPRMIS,RC-ALPRAZOLEM PRODUCTS - PAST YEAR MISUSE,RECODED DRUG USE,Recodificada,99.989,Predictor principal
RXLORAMIS,RC-LORAZEPAM PRODUCTS - PAST YEAR MISUSE,RECODED DRUG USE,Recodificada,99.987,Predictor principal
RXCLONMIS,RC-CLONAZEPAM PRODUCTS - PAST YEAR MISUSE,RECODED DRUG USE,Recodificada,99.987,Predictor principal
RXDIAZMIS,RC-DIAZEPAM PRODUCTS - PAST YEAR MISUSE,RECODED DRUG USE,Recodificada,99.987,Predictor principal
RXMRLXMIS,RC-MUSCLE RELAXANTS - PAST YEAR MISUSE,RECODED DRUG USE,Recodificada,99.977,Predictor principal
RXCYCLMIS,RC-CYCLOBENZAPRINE PRODUCTS - PAST YEAR MISUSE,RECODED DRUG USE,Recodificada,99.981,Predictor principal
RXSOMAMIS,RC-SOMA PRODUCTS - PAST YEAR MISUSE,RECODED DRUG USE,Recodificada,99.983,Predictor principal
OTHRTRQMIS,RC-OTHER TRANQUILIZER PRODUCTS - PAST YEAR MISUSE,RECODED DRUG USE,Recodificada,99.958,Predictor principal
RXAMMEMIS,RC-AMPHETAMINE OR METHYLPHENIDATE PRODS - PAST YEAR MISUSE,RECODED DRUG USE,Recodificada,99.994,Predictor principal
RXAMPHMIS,RC-AMPHETAMINE - PAST YEAR MISUSE,RECODED DRUG USE,Recodificada,99.992,Predictor principal
RXMTHPMIS,RC-METHYLPHENIDATE PRODUCTS - PAST YEAR MISUSE,RECODED DRUG USE,Recodificada,99.996,Predictor principal
RXANORMIS,RC-ANORECTIC STIMULANTS - PAST YEAR MISUSE,RECODED DRUG USE,Recodificada,99.998,Predictor principal
RXPROVMIS,RC-PROVIGIL PRODUCTS- PAST YEAR MISUSE,RECODED DRUG USE,Recodificada,99.998,Predictor principal
OTHRSTMMIS,RC-OTHER STIMULANT PRODUCTS - PAST YEAR MISUSE,RECODED DRUG USE,Recodificada,99.975,Predictor principal
RXZOLPMIS,RC-ZOLPIDEM PRODUCTS - PAST YEAR MISUSE,RECODED DRUG USE,Recodificada,100.0,Predictor principal
RXESZOMIS,RC-ESZOPICLONE PRODUCTS - PAST YEAR MISUSE,RECODED DRUG USE,Recodificada,99.998,Predictor principal
OTHRSEDMIS2,RC-OTHER SEDATIVE PRODUCTS - PAST YEAR MISUSE,RECODED DRUG USE,Recodificada,99.966,Predictor principal
RXBZOSMIS,RC-BENZODIAZEPINE SEDATIVES - PAST YEAR MISUSE,RECODED DRUG USE,Recodificada,99.998,Predictor principal
RXBARBMIS,RC-BARBITURATES - PAST YEAR MISUSE,RECODED DRUG USE,Recodificada,99.996,Predictor principal
ALCYDAYS,RC-# OF DAYS USED ALCOHOL IN PAST YEAR,RECODED DRUG USE,Recodificada,100.0,Predictor principal
MRJYDAYS,RC-# OF DAYS USED MARIJUANA IN PAST YEAR,RECODED DRUG USE,Recodificada,100.0,Predictor principal
COCYDAYS,RC-# OF DAYS USED COCAINE IN PAST YEAR,RECODED DRUG USE,Recodificada,100.0,Predictor principal
CRKYDAYS,RC-# OF DAYS USED CRACK IN PAST YEAR,RECODED DRUG USE,Recodificada,100.0,Predictor principal
HERYDAYS,RC-# OF DAYS USED HEROIN IN PAST YEAR,RECODED DRUG USE,Recodificada,100.0,Predictor principal
HALLNDAYYR,RC-# OF DAYS USED HALLUCINOGENS IN PAST YEAR,RECODED DRUG USE,Recodificada,100.0,Predictor principal
INHNDAYYR2,RC-# OF DAYS USED INHALANTS IN PAST YEAR,RECODED DRUG USE,Recodificada,100.0,Predictor principal
METHNDAYYR,RC-# OF DAYS USED METHAMPHETAMINE IN PAST YEAR,RECODED DRUG USE,Recodificada,100.0,Predictor principal
CIGMDAYS,RC-# OF DAYS USED CIGARETTES IN PAST MONTH,RECODED DRUG USE,Recodificada,100.0,Predictor principal
CGRMDAYS,RC-# OF DAYS USED CIGARS IN PAST MONTH,RECODED DRUG USE,Recodificada,100.0,Predictor principal
SMKLSMDAYS,RC-# OF DAYS USED SMOKELESS TOBACCO IN PAST MONTH,RECODED DRUG USE,Recodificada,100.0,Predictor principal
NICVPMDAYS,RC-# OF DAYS VAPED NICOTINE IN PAST MONTH,RECODED DRUG USE,Recodificada,100.0,Predictor principal
ALCMDAYS,RC-# OF DAYS USED ALCOHOL IN PAST MONTH,RECODED DRUG USE,Recodificada,100.0,Predictor principal
MRJMDAYS,RC-# OF DAYS USED MARIJUANA IN PAST MONTH,RECODED DRUG USE,Recodificada,100.0,Predictor principal
COCMDAYS,RC-# OF DAYS USED COCAINE IN PAST MONTH,RECODED DRUG USE,Recodificada,100.0,Predictor principal
CRKMDAYS,RC-# OF DAYS USED CRACK IN PAST MONTH,RECODED DRUG USE,Recodificada,100.0,Predictor principal
HERMDAYS,RC-# OF DAYS USED HEROIN IN PAST MONTH,RECODED DRUG USE,Recodificada,100.0,Predictor principal
HALLNDAYPM,RC-# OF DAYS USED HALLUCINOGENS IN PAST MONTH,RECODED DRUG USE,Recodificada,100.0,Predictor principal
INHNDAYPM2,RC-# OF DAYS USED INHALANTS IN PAST MONTH,RECODED DRUG USE,Recodificada,100.0,Predictor principal
METHNDAYPM,RC-# OF DAYS USED METHAMPHETAMINE IN PAST MONTH,RECODED DRUG USE,Recodificada,100.0,Predictor principal
PNRNDAYPM,RC-# OF DAYS MISUSED PAIN RELIEVERS IN PAST MONTH,RECODED DRUG USE,Recodificada,100.0,Predictor principal
TRQNDAYPM,RC-# OF DAYS MISUSED TRANQUILIZERS IN PAST MONTH,RECODED DRUG USE,Recodificada,100.0,Predictor principal
STMNDAYPM,RC-# OF DAYS MISUSED STIMULANTS IN PAST MONTH,RECODED DRUG USE,Recodificada,100.0,Predictor principal
SEDNDAYPM,RC-# OF DAYS MISUSED SEDATIVES IN PAST MONTH,RECODED DRUG USE,Recodificada,100.0,Predictor principal
BNGDRMDAYS,RC-# OF DAYS BINGE USED ALCOHOL IN PAST MONTH,RECODED DRUG USE,Recodificada,100.0,Predictor principal
CIGPDAY,RC-# OF CIGARETTES SMOKED PER DAY AMONG DAILY SMOKERS,RECODED DRUG USE,Recodificada,100.0,Predictor principal
CIG1PACK,RC-SMKED 1+ PCK OF CIGS PER DAY AMNG DLY SMKERS (1/0),RECODED DRUG USE,Recodificada,7.165,Predictor principal
CIGAVGD,RC-AVG NUMBER OF CIGARETTES SMOKED PER DAY,RECODED DRUG USE,Recodificada,13.818,Predictor principal
CIGAVGM,RC-NUMBER OF CIGARETTES SMOKED PER USER IN PAST MONTH,RECODED DRUG USE,Recodificada,100.0,Predictor principal
ALCNUMDKPM,RC-NUMBER OF ALC BEVS DRANK PER USER IN PAST MONTH,RECODED DRUG USE,Recodificada,100.0,Predictor principal
FUCIG18,RC-FIRST USED CIGARETTES PRIOR TO AGE 18,RECODED DRUG USE,Recodificada,100.0,Predictor principal
FUCIG21,RC-FIRST USED CIGARETTES PRIOR TO AGE 21,RECODED DRUG USE,Recodificada,100.0,Predictor principal
FUCD218,RC-FIRST USED CIGARETTES DAILY PRIOR TO AGE 18,RECODED DRUG USE,Recodificada,100.0,Predictor principal
FUCD221,RC-FIRST USED CIGARETTES DAILY PRIOR TO AGE 21,RECODED DRUG USE,Recodificada,100.0,Predictor principal
FUCGR18,RC-FIRST USED CIGARS PRIOR TO AGE 18,RECODED DRUG USE,Recodificada,100.0,Predictor principal
FUCGR21,RC-FIRST USED CIGARS PRIOR TO AGE 21,RECODED DRUG USE,Recodificada,100.0,Predictor principal
FUSMKLSS18,RC-FIRST USED SMOKELESS TOBACCO PRIOR TO AGE 18,RECODED DRUG USE,Recodificada,100.0,Predictor principal
FUSMKLSS21,RC-FIRST USED SMOKELESS TOBACCO PRIOR TO AGE 21,RECODED DRUG USE,Recodificada,100.0,Predictor principal
FUNICVAP18,RC-FIRST VAPED NICOTINE PRIOR TO AGE 18,RECODED DRUG USE,Recodificada,100.0,Predictor principal
FUNICVAP21,RC-FIRST VAPED NICOTINE PRIOR TO AGE 21,RECODED DRUG USE,Recodificada,100.0,Predictor principal
FUALC18,RC-FIRST USED ALCOHOL PRIOR TO AGE 18,RECODED DRUG USE,Recodificada,100.0,Predictor principal
FUALC21,RC-FIRST USED ALCOHOL PRIOR TO AGE 21,RECODED DRUG USE,Recodificada,100.0,Predictor principal
FUMJ18,RC-FIRST USED MARIJUANA PRIOR TO AGE 18,RECODED DRUG USE,Recodificada,100.0,Predictor principal
FUMJ21,RC-FIRST USED MARIJUANA PRIOR TO AGE 21,RECODED DRUG USE,Recodificada,100.0,Predictor principal
FUCOC18,RC-FIRST USED COCAINE PRIOR TO AGE 18,RECODED DRUG USE,Recodificada,100.0,Predictor principal
FUCOC21,RC-FIRST USED COCAINE PRIOR TO AGE 21,RECODED DRUG USE,Recodificada,100.0,Predictor principal
FUCRK18,RC-FIRST USED CRACK PRIOR TO AGE 18,RECODED DRUG USE,Recodificada,100.0,Predictor principal
FUCRK21,RC-FIRST USED CRACK PRIOR TO AGE 21,RECODED DRUG USE,Recodificada,100.0,Predictor principal
FUHER18,RC-FIRST USED HEROIN PRIOR TO AGE 18,RECODED DRUG USE,Recodificada,100.0,Predictor principal
FUHER21,RC-FIRST USED HEROIN PRIOR TO AGE 21,RECODED DRUG USE,Recodificada,100.0,Predictor principal
FUHALLUC18,RC-FIRST USED HALLUCINOGENS PRIOR TO AGE 18,RECODED DRUG USE,Recodificada,100.0,Predictor principal
FUHALLUC21,RC-FIRST USED HALLUCINOGENS PRIOR TO AGE 21,RECODED DRUG USE,Recodificada,100.0,Predictor principal
FULSD18,RC-FIRST USED LSD PRIOR TO AGE 18,RECODED DRUG USE,Recodificada,100.0,Predictor principal
FULSD21,RC-FIRST USED LSD PRIOR TO AGE 21,RECODED DRUG USE,Recodificada,100.0,Predictor principal
FUPCP18,RC-FIRST USED PCP PRIOR TO AGE 18,RECODED DRUG USE,Recodificada,100.0,Predictor principal
FUPCP21,RC-FIRST USED PCP PRIOR TO AGE 21,RECODED DRUG USE,Recodificada,100.0,Predictor principal
FUECSTMO18,RC-FIRST USED ECSTASY PRIOR TO AGE 18,RECODED DRUG USE,Recodificada,100.0,Predictor principal
FUECSTMO21,RC-FIRST USED ECSTASY PRIOR TO AGE 21,RECODED DRUG USE,Recodificada,100.0,Predictor principal
FUINHAL182,RC-FIRST USED INHALANTS PRIOR TO AGE 18,RECODED DRUG USE,Recodificada,100.0,Predictor principal
FUINHAL212,RC-FIRST USED INHALANTS PRIOR TO AGE 21,RECODED DRUG USE,Recodificada,100.0,Predictor principal
FUMETHAM18,RC-FIRST USED METHAMPHETAMINE PRIOR TO AGE 18,RECODED DRUG USE,Recodificada,100.0,Predictor principal
FUMETHAM21,RC-FIRST USED METHAMPHETAMINE PRIOR TO AGE 21,RECODED DRUG USE,Recodificada,100.0,Predictor principal
FUPNRNM18,RC-FIRST MISUSED PAIN RELIEVERS PRIOR TO AGE 18,RECODED DRUG USE,Recodificada,100.0,Predictor principal
FUPNRNM21,RC-FIRST MISUSED PAIN RELIEVERS PRIOR TO AGE 21,RECODED DRUG USE,Recodificada,100.0,Predictor principal
FUTRQNM18,RC-FIRST MISUSED TRANQUILIZERS PRIOR TO AGE 18,RECODED DRUG USE,Recodificada,100.0,Predictor principal
FUTRQNM21,RC-FIRST MISUSED TRANQUILIZERS PRIOR TO AGE 21,RECODED DRUG USE,Recodificada,100.0,Predictor principal
FUSTMNM18,RC-FIRST MISUSED STIMULANTS PRIOR TO AGE 18,RECODED DRUG USE,Recodificada,100.0,Predictor principal
FUSTMNM21,RC-FIRST MISUSED STIMULANTS PRIOR TO AGE 21,RECODED DRUG USE,Recodificada,100.0,Predictor principal
FUSEDNM21,RC-FIRST MISUSED SEDATIVES PRIOR TO AGE 21,RECODED DRUG USE,Recodificada,100.0,Predictor principal
PNRMAINRSN,RC-MAIN REASON FOR MISUSING PAIN RELIEVERS LAST EPISODE,RECODED DRUG USE,Recodificada,99.512,Predictor principal
TRQMAINRSN,RC-MAIN REASON FOR MISUSING TRANQUILIZERS LAST EPISODE,RECODED DRUG USE,Recodificada,99.617,Predictor principal
STMMAINRSN,RC-MAIN REASON FOR MISUSING STIMULANTS LAST EPISODE,RECODED DRUG USE,Recodificada,99.543,Predictor principal
SEDMAINRSN,RC-MAIN REASON FOR MISUSING SEDATIVES LAST EPISODE,RECODED DRUG USE,Recodificada,99.463,Predictor principal
SRCPNRNM2,RC-SOURCE OF PAIN RELIEVERS FOR LAST MISUSE,RECODED DRUG USE,Recodificada,100.0,Predictor principal
SRCTRQNM2,RC-SOURCE OF TRANQUILIZERS FOR LAST MISUSE,RECODED DRUG USE,Recodificada,100.0,Predictor principal
SRCSTMNM2,RC-SOURCE OF STIMULANTS FOR LAST MISUSE,RECODED DRUG USE,Recodificada,100.0,Predictor principal
SRCSEDNM2,RC-SOURCE OF SEDATIVES FOR LAST MISUSE,RECODED DRUG USE,Recodificada,100.0,Predictor principal
SRCFRPNRNM,RC-SOURCE OF FRIEND/RELATIVE PAIN RELIEVERS FOR LAST MISUSE,RECODED DRUG USE,Recodificada,0.848,Predictor principal
SRCFRTRQNM,RC-SOURCE OF FRIEND/RELATIVE TRANQUILIZERS FOR LAST MISUSE,RECODED DRUG USE,Recodificada,0.628,Predictor principal
SRCFRSTMNM,RC-SOURCE OF FRIEND/RELATIVE STIMULANTS FOR LAST MISUSE,RECODED DRUG USE,Recodificada,0.924,Predictor principal
SRCFRSEDNM,RC-SOURCE OF FRIEND/RELATIVE SEDATIVES FOR LAST MISUSE,RECODED DRUG USE,Recodificada,0.116,Predictor principal
SRCCLFRPNR,RC-COLLAPSED SOURCE OF FRND/REL PAIN RLVRS FOR LAST MISUSE,RECODED DRUG USE,Recodificada,0.848,Predictor principal
SRCCLFRTRQ,RC-COLLAPSED SOURCE OF FRND/REL TRANQLZRS FOR LAST MISUSE,RECODED DRUG USE,Recodificada,0.628,Predictor principal
SRCCLFRSTM,RC-COLLAPSED SOURCE OF FRND/REL STIMULANTS FOR LAST MISUSE,RECODED DRUG USE,Recodificada,0.924,Predictor principal
SRCCLFRSED,RC-COLLAPSED SOURCE OF FRND/REL SEDATIVES FOR LAST MISUSE,RECODED DRUG USE,Recodificada,0.116,Predictor principal
RXOPPRNMMON,RC-PRESCRIPTION OPIOIDS - PAST MONTH MISUSE,RECODED DRUG USE,Recodificada,0.755,Predictor principal
NOOPPRANYYR,RC-NONOPIOID PRESCRIPTION PNR - ANY PAST YEAR USE,RECODED DRUG USE,Recodificada,2.102,Predictor principal
NOOPPRNMYR,RC-NONOPIOID PRESCRIPTION PNR - PAST YEAR MISUSE,RECODED DRUG USE,Recodificada,0.137,Predictor principal
COLDMEDS,TAKEN A NONPRESCRIPTION COUGH MED TO GET HIGH,SPECIAL DRUGS,Original u otra,99.442,Excluir de variables de entrada
COLDREC,TIME SINCE LAST USED COUGH/COLD MED,SPECIAL DRUGS,Original u otra,99.442,Excluir de variables de entrada
COLDYR1,OTHER COUGH/COLD MED USED PAST 12 MOS - SPECIFY 1,SPECIAL DRUGS,Original u otra,99.055,Excluir de variables de entrada
COLDYR2,OTHER COUGH/COLD MED USED PAST 12 MOS - SPECIFY 2,SPECIAL DRUGS,Original u otra,98.537,Excluir de variables de entrada
COLDYR3,OTHER COUGH/COLD MED USED PAST 12 MOS - SPECIFY 3,SPECIAL DRUGS,Original u otra,98.383,Excluir de variables de entrada
COLDYR4,OTHER COUGH/COLD MED USED PAST 12 MOS - SPECIFY 4,SPECIAL DRUGS,Original u otra,98.332,Excluir de variables de entrada
COLDYR5,OTHER COUGH/COLD MED USED PAST 12 MOS - SPECIFY 5,SPECIAL DRUGS,Original u otra,98.317,Excluir de variables de entrada
OTCFLAG,INCONSISTENCY FLAG FOR REPORT OF OTC COLD MEDS,SPECIAL DRUGS,Original u otra,0.04,Excluir de variables de entrada
GHB,EVER USED GHB,SPECIAL DRUGS,Original u otra,99.383,Excluir de variables de entrada
GHBREC,TIME SINCE LAST USED GHB,SPECIAL DRUGS,Original u otra,99.383,Excluir de variables de entrada
COCNEEDL,EVER USED NEEDLE TO INJECT COCAINE,SPECIAL DRUGS,Original u otra,99.871,Excluir de variables de entrada
CONDLREC,TIME SINCE LAST USED NEEDLE TO INJECT COCAINE,SPECIAL DRUGS,Original u otra,99.871,Excluir de variables de entrada
HERSMOKE,EVER SMOKED HEROIN,SPECIAL DRUGS,Original u otra,99.934,Excluir de variables de entrada
HRSMKREC,TIME SINCE LAST SMOKED HEROIN,SPECIAL DRUGS,Original u otra,99.953,Excluir de variables de entrada
HERSNIFF,EVER SNIFFED HEROIN,SPECIAL DRUGS,Original u otra,99.909,Excluir de variables de entrada
HRSNFREC,TIME SINCE LAST SNIFFED HEROIN,SPECIAL DRUGS,Original u otra,99.951,Excluir de variables de entrada
HERNEEDL,EVER USED NEEDLE TO INJECT HEROIN,SPECIAL DRUGS,Original u otra,99.941,Excluir de variables de entrada
HEOTSMK,HOW USED HEROIN: SMOKED IT,SPECIAL DRUGS,Original u otra,97.583,Excluir de variables de entrada
HEOTSNF,HOW USED HEROIN: SNIFFED IT,SPECIAL DRUGS,Original u otra,97.583,Excluir de variables de entrada
HEOTNDL,HOW USED HEROIN: INJECTED IT WITH A NEEDLE,SPECIAL DRUGS,Original u otra,97.583,Excluir de variables de entrada
HEOTOTH,HOW USED HEROIN: SOME OTHER WAY,SPECIAL DRUGS,Original u otra,97.583,Excluir de variables de entrada
HEOTSP,HOW USED HEROIN: SPECIFY,SPECIAL DRUGS,Original u otra,97.507,Excluir de variables de entrada
HRNDLREC,TIME SINCE LAST USED NEEDLE TO INJECT HEROIN,SPECIAL DRUGS,Original u otra,99.945,Excluir de variables de entrada
METHNEEDL,EVER USED NEEDLE TO INJECT METHAMPHETAMINE,SPECIAL DRUGS,Original u otra,99.882,Excluir de variables de entrada
METHNDLRC,TIME SINCE LAST USED NEEDLE TO INJECT METH,SPECIAL DRUGS,Original u otra,99.882,Excluir de variables de entrada
OTDGNEDL,EVER USED NEEDLE TO INJECT ANY OTHER DRUG,SPECIAL DRUGS,Original u otra,99.446,Excluir de variables de entrada
OTDGNDLA,OTHER DRUG INJECTED - SPECIFY 1,SPECIAL DRUGS,Original u otra,0.759,Excluir de variables de entrada
OTDGNDLB,OTHER DRUG INJECTED - SPECIFY 2,SPECIAL DRUGS,Original u otra,0.277,Excluir de variables de entrada
OTDGNDLC,OTHER DRUG INJECTED - SPECIFY 3,SPECIAL DRUGS,Original u otra,0.135,Excluir de variables de entrada
OTDGNDLD,OTHER DRUG INJECTED - SPECIFY 4,SPECIAL DRUGS,Original u otra,0.051,Excluir de variables de entrada
OTDGNDLE,OTHER DRUG INJECTED - SPECIFY 5,SPECIAL DRUGS,Original u otra,0.025,Excluir de variables de entrada
OTDGNDLRC,TIME SINCE LAST USED A NEEDLE TO INJECT OTHER DRUG,SPECIAL DRUGS,Original u otra,99.44,Excluir de variables de entrada
GNNDREUS,LAST TIME REUSED NEEDLE USED BEFORE,SPECIAL DRUGS,Original u otra,2.209,Excluir de variables de entrada
GNNDLSH1,LAST NEEDLE HAD BEEN USED BY SOMEONE ELSE,SPECIAL DRUGS,Original u otra,2.207,Excluir de variables de entrada
GNNDCLEN,USED BLEACH TO CLEAN LAST NEEDLE BEFORE USE,SPECIAL DRUGS,Original u otra,2.214,Excluir de variables de entrada
GNNDLSH2,SOMEONE ELSE USED LAST NEEDLE AFTER YOU,SPECIAL DRUGS,Original u otra,2.207,Excluir de variables de entrada
GNNDGET2,HOW DID YOU GET THE NEEDLE LAST TIME,SPECIAL DRUGS,Original u otra,2.19,Excluir de variables de entrada
IRNPCOLDREC,NONPRESCRIPTION COUGH OR COLD MEDS RECENCY - IMPUTATION REV,IMPUTED SPECIAL DRUGS,Imputada,100.0,Predictor principal
IINPCOLDREC,NONPRESCRIPTION COUGH OR COLD MEDS RECENCY - IMPUTATION IND,IMPUTED SPECIAL DRUGS,Imputada,100.0,Predictor principal
IRGHBREC,GHB RECENCY - IMPUTATION REVISED,IMPUTED SPECIAL DRUGS,Imputada,100.0,Predictor principal
IIGHBREC,GHB RECENCY - IMPUTATION INDICATOR,IMPUTED SPECIAL DRUGS,Imputada,100.0,Excluir de variables de entrada
ANYNDLREC,RC-MOST RECENT USE OF ANY DRUG WITH A NEEDLE,RECODED SPECIAL DRUGS,Recodificada,99.427,Predictor principal
CHMNDLREC,RC-MOST RECENT USE OF COC/HER/METH WITH A NEEDLE,RECODED SPECIAL DRUGS,Recodificada,99.774,Predictor principal
HERNEDEVER,RC-EVER USED A NEEDLE TO INJECT HEROIN,RECODED SPECIAL DRUGS,Recodificada,99.979,Predictor principal
COCNEDEVER,RC-EVER USED A NEEDLE TO INJECT COCAINE,RECODED SPECIAL DRUGS,Recodificada,99.907,Predictor principal
MTHNEDEVER,RC-EVER USED NEEDLE TO INJECT METHAMPHETAMINE,RECODED SPECIAL DRUGS,Recodificada,99.958,Predictor principal
HERSMOEVER,RC-EVER SMOKED HEROIN,RECODED SPECIAL DRUGS,Recodificada,99.977,Predictor principal
HERSNIEVER,RC-EVER SNIFFED HEROIN,RECODED SPECIAL DRUGS,Recodificada,99.977,Predictor principal
NPCOLDFLAG,RC-NONPRESCRIPTION COUGH OR COLD MEDS - EVER USED,RECODED SPECIAL DRUGS,Recodificada,100.0,Predictor principal
NPCOLDYR,RC-NONPRESCRIPTION COUGH OR COLD MEDS - PAST YEAR USE,RECODED SPECIAL DRUGS,Recodificada,100.0,Predictor principal
NPCOLDMON,RC-NONPRESCRIPTION COUGH OR COLD MEDS - PAST MONTH USE,RECODED SPECIAL DRUGS,Recodificada,100.0,Predictor principal
GHBFLAG,RC-GHB - EVER USED,RECODED SPECIAL DRUGS,Recodificada,100.0,Predictor principal
GHBYR,RC-GHB - PAST YEAR USE,RECODED SPECIAL DRUGS,Recodificada,100.0,Predictor principal
GHBMON,RC-GHB - PAST MONTH USE,RECODED SPECIAL DRUGS,Recodificada,100.0,Predictor principal
UDALTIMEUSE,SPENT GREAT DEAL OF TIME USING/FEEL EFF OF ALCOHOL PST 12MOS,SUBSTANCE USE DISORDER,Original u otra,99.224,Excluir de variables de entrada
UDALTIMEGET,SPENT GREAT DEAL TIME TRY TO GET/GETTING ALC IN PST 12 MOS,SUBSTANCE USE DISORDER,Original u otra,92.135,Excluir de variables de entrada
UDALLRGAMTS,DRANK ALC LARGER AMTS OR LONGER TIME THAN MEANT TO PST 12MOS,SUBSTANCE USE DISORDER,Original u otra,99.245,Excluir de variables de entrada
UDALWANTBAD,WANTED TO USE ALCOHOL SO BADLY IN PAST 12 MOS,SUBSTANCE USE DISORDER,Original u otra,99.237,Excluir de variables de entrada
UDALSTRURGE,STRONG URGE TO DRINK ALCOHOL IN PST 12 MOS,SUBSTANCE USE DISORDER,Original u otra,96.818,Excluir de variables de entrada
UDALNEEDMOR,NEEDED A LOT MORE ALCOHOL TO GET FEELING YOU WANT,SUBSTANCE USE DISORDER,Original u otra,99.207,Excluir de variables de entrada
UDALLESSEFF,SAME AMT ALCOHOL HAS LESS EFFECT THAN IT USED TO,SUBSTANCE USE DISORDER,Original u otra,95.04,Excluir de variables de entrada
UDALTRYSTOP,TRY TO CUT DOWN/STOP ALCOHOL USE IN PAST 12 MOS,SUBSTANCE USE DISORDER,Original u otra,99.104,Excluir de variables de entrada
UDALNOTSTOP,UNABLE TO CUT/STOP ALC USE MORE THAN ONE TIME PAST 12 MOS,SUBSTANCE USE DISORDER,Original u otra,60.145,Excluir de variables de entrada
UDALWSHSTOP,OFTEN WISH CUT DOWN OR STOP ALCOHOL USE PAST 12 MOS,SUBSTANCE USE DISORDER,Original u otra,81.608,Excluir de variables de entrada
UDALHLTHPRB,ANY LONG-LASTING PHYS PRBS CAUSED/WORSND BY ALC PST 12 MOS,SUBSTANCE USE DISORDER,Original u otra,99.154,Excluir de variables de entrada
UDALHLTHCTD,CONTD TO USE ALCOHOL DESPITE ALCOHOL CAUSE/WORSEN PHYS PRBS,SUBSTANCE USE DISORDER,Original u otra,44.631,Excluir de variables de entrada
UDALMNTLPRB,ANY EMOT/MNTL HLTH PRBS CAUSED/WORSND BY ALCOHOL PAST 12 MOS,SUBSTANCE USE DISORDER,Original u otra,97.934,Excluir de variables de entrada
UDALMNTLCTD,CONTD ALCOHOL USE DESPITE ALC CSE/WRSN EMOT/MNTL HLTH PRBS,SUBSTANCE USE DISORDER,Original u otra,45.544,Excluir de variables de entrada
UDALBLCKOUT,REPEATED BLACKOUTS WHILE OR AFTER DRINKING ALC PAST 12 MOS,SUBSTANCE USE DISORDER,Original u otra,96.237,Excluir de variables de entrada
UDALBLCKCTD,CONTINUE DRINKING ALCOHOL EVEN AFTER BLACKOUTS,SUBSTANCE USE DISORDER,Original u otra,44.337,Excluir de variables de entrada
UDALSTOPACT,LESS ACTIVITIES B/C OF ALCOHOL USE PAST 12 MOS,SUBSTANCE USE DISORDER,Original u otra,99.169,Excluir de variables de entrada
UDALWORKPRB,ALCOHOL CAUSE SERIOUS PRBS AT HOME/WORK/SCH PST 12 MOS,SUBSTANCE USE DISORDER,Original u otra,99.173,Excluir de variables de entrada
UDALFMLYPRB,ALCOHOL CAUSE ARGUMENTS/PROBS W/FAMILY/FRIENDS PST 12 MOS,SUBSTANCE USE DISORDER,Original u otra,99.178,Excluir de variables de entrada
UDALFMLYCTD,CONTD ALCOHOL USE DESPITE ALC CAUSE ARGUMENTS W/FAM/FRNDS,SUBSTANCE USE DISORDER,Original u otra,45.379,Excluir de variables de entrada
UDALGETHURT,ALCOHOL USE INCREASED CHANCE GETTING HURT PST 12 MOS,SUBSTANCE USE DISORDER,Original u otra,99.152,Excluir de variables de entrada
UDALWDSWEAT,SWEATING/RAPID HEARTBEAT - ALC WITHDRAWAL SYMPTOM PST 12 MOS,SUBSTANCE USE DISORDER,Original u otra,99.063,Excluir de variables de entrada
UDALWDTRMBL,HANDS TREMBLE - ALC WITHDRAWAL SYMPTOM PST 12 MOS,SUBSTANCE USE DISORDER,Original u otra,99.108,Excluir de variables de entrada
UDALWDSLEEP,TROUBLE SLEEPING - ALC WITHDRAWAL SYMPTOM PST 12 MOS,SUBSTANCE USE DISORDER,Original u otra,99.123,Excluir de variables de entrada
UDALWDVOMIT,VOMITING/UPSET STOMACH - ALC WITHDRAWAL SYMPTOM PST 12 MOS,SUBSTANCE USE DISORDER,Original u otra,99.127,Excluir de variables de entrada
UDALWDHALUC,SEE/HEAR/FEEL THINGS - ALC WITHDRAWAL SYMPTOM PST 12 MOS,SUBSTANCE USE DISORDER,Original u otra,99.112,Excluir de variables de entrada
UDALWDSITST,COULD NOT SIT STILL - ALC WITHDRAWAL SYMPTOM PST 12 MOS,SUBSTANCE USE DISORDER,Original u otra,99.123,Excluir de variables de entrada
UDALWDFLANX,FEELING ANXIOUS - ALC WITHDRAWAL SYMPTOM PST 12 MOS,SUBSTANCE USE DISORDER,Original u otra,99.118,Excluir de variables de entrada
UDALAVOIDWD,USE ALC/DRG TO GET OVER/AVOID ALC WITHDRAWAL IN PST 12 MOS,SUBSTANCE USE DISORDER,Original u otra,99.167,Excluir de variables de entrada
UDALAVWALCO,USED ALCOHOL TO GET OVER/AVOID ALC WITHDRAWAL IN PST 12 MOS,SUBSTANCE USE DISORDER,Original u otra,43.906,Excluir de variables de entrada
UDALAVWSVTR,USED SED/TRQ/SLP PILLS/DWNRS TO AVOID ALC WDRWAL PST 12 MOS,SUBSTANCE USE DISORDER,Original u otra,43.899,Excluir de variables de entrada
UDALAVWOTHR,USED SOMETHING ELSE TO GET OVR/AVD ALC WITHDRAWAL PST 12 MOS,SUBSTANCE USE DISORDER,Original u otra,43.904,Excluir de variables de entrada
UDMJTIMEUSE,SPENT GREAT DEAL OF TIME USING/FEEL EFF OF MJ PST 12 MOS,SUBSTANCE USE DISORDER,Original u otra,99.495,Excluir de variables de entrada
UDMJTIMEGET,SPENT GREAT DEAL TIME TRY TO GET/GETTING MJ IN PST 12 MOS,SUBSTANCE USE DISORDER,Original u otra,90.251,Excluir de variables de entrada
UDMJLRGAMTS,USED MJ LARGER AMTS OR LONGER TIME THAN MEANT TO PST 12 MOS,SUBSTANCE USE DISORDER,Original u otra,99.497,Excluir de variables de entrada
UDMJWANTBAD,WANTED TO USE MARIJUANA SO BADLY IN PAST 12 MOS,SUBSTANCE USE DISORDER,Original u otra,99.503,Excluir de variables de entrada
UDMJSTRURGE,STRONG URGE TO USE MARIJUANA IN PAST 12 MOS,SUBSTANCE USE DISORDER,Original u otra,96.579,Excluir de variables de entrada
UDMJNEEDMOR,NEEDED A LOT MORE MARIJUANA TO GET FEELING YOU WANT,SUBSTANCE USE DISORDER,Original u otra,99.495,Excluir de variables de entrada
UDMJLESSEFF,SAME AMT MARIJUANA HAS LESS EFFECT THAN IT USED TO,SUBSTANCE USE DISORDER,Original u otra,94.852,Excluir de variables de entrada
UDMJTRYSTOP,TRY TO CUT DOWN/STOP MARIJUANA USE IN PAST 12 MOS,SUBSTANCE USE DISORDER,Original u otra,99.482,Excluir de variables de entrada
UDMJNOTSTOP,UNABLE TO CUT/STOP MJ USE MORE THAN ONE TIME PAST 12 MOS,SUBSTANCE USE DISORDER,Original u otra,84.05,Excluir de variables de entrada
UDMJWSHSTOP,OFTEN WISH CUT DOWN OR STOP MJ USE PAST 12 MOS,SUBSTANCE USE DISORDER,Original u otra,92.423,Excluir de variables de entrada
UDMJHLTHPRB,ANY LONG-LASTING PHYS PRBS CAUSED/WORSND BY MJ PST 12 MOS,SUBSTANCE USE DISORDER,Original u otra,99.49,Excluir de variables de entrada
UDMJHLTHCTD,CONTD TO USE MARIJUANA DESPITE MJ CAUSE/WORSEN PHYS PRBS,SUBSTANCE USE DISORDER,Original u otra,77.947,Excluir de variables de entrada
UDMJMNTLPRB,ANY EMOT/MNTL HLTH PRBS CAUSED/WORSND BY MJ PAST 12 MOS,SUBSTANCE USE DISORDER,Original u otra,98.731,Excluir de variables de entrada
UDMJMNTLCTD,CONTD MARIJUANA USE DESPITE MJ CSE/WRSN EMOT/MNTL HLTH PRBS,SUBSTANCE USE DISORDER,Original u otra,78.078,Excluir de variables de entrada
UDMJSTOPACT,LESS ACTIVITIES B/C OF MARIJUANA USE PAST 12 MOS,SUBSTANCE USE DISORDER,Original u otra,99.476,Excluir de variables de entrada
UDMJWORKPRB,MARIJUANA CAUSE SERIOUS PRBS AT HOME/WORK/SCH PST 12 MOS,SUBSTANCE USE DISORDER,Original u otra,99.48,Excluir de variables de entrada
UDMJFMLYPRB,MARIJUANA CAUSE ARGUMENTS/PROBS W/FAMILY/FRIENDS PST 12 MOS,SUBSTANCE USE DISORDER,Original u otra,99.48,Excluir de variables de entrada
UDMJFMLYCTD,CONTD MARIJUANA USE DESPITE MJ CAUSE ARGUMENTS W/FAM/FRNDS,SUBSTANCE USE DISORDER,Original u otra,77.9,Excluir de variables de entrada
UDMJGETHURT,MARIJUANA USE INCREASED CHANCE GETTING HURT PST 12 MOS,SUBSTANCE USE DISORDER,Original u otra,99.48,Excluir de variables de entrada
UDMJWDANGRY,FEELING IRRITABLE OR ANGRY-MJ WITHDRAWAL SYMPTOM PST 12 MOS,SUBSTANCE USE DISORDER,Original u otra,99.471,Excluir de variables de entrada
UDMJWDFLANX,FEELING ANXIOUS/NERVOUS - MJ WITHDRAWAL SYMPTOM PST 12 MOS,SUBSTANCE USE DISORDER,Original u otra,99.469,Excluir de variables de entrada
UDMJWDSLEEP,HAVING TROUBLE SLEEPING - MJ WITHDRAWAL SYMPTOM PST 12 MOS,SUBSTANCE USE DISORDER,Original u otra,99.463,Excluir de variables de entrada
UDMJWDAPPET,LOSING APPETITE OR WEIGHT - MJ WITHDRAWAL SYMPTOM PST 12 MOS,SUBSTANCE USE DISORDER,Original u otra,99.467,Excluir de variables de entrada
UDMJWDSITST,COULDN'T SIT STILL - MJ WITHDRAWAL SYMPTOM PST 12 MOS,SUBSTANCE USE DISORDER,Original u otra,99.469,Excluir de variables de entrada
UDMJWDDEPRS,FEELING DEPRESSED - MJ WITHDRAWAL SYMPTOM PST 12 MOS,SUBSTANCE USE DISORDER,Original u otra,99.459,Excluir de variables de entrada
UDMJWDSTMCH,STOMACH ACHE - MJ WITHDRAWAL SYMPTOM PST 12 MOS,SUBSTANCE USE DISORDER,Original u otra,99.474,Excluir de variables de entrada
UDMJWDSHAKE,SHAKING OR TREMORS - MJ WITHDRAWAL SYMPTOM PST 12 MOS,SUBSTANCE USE DISORDER,Original u otra,99.471,Excluir de variables de entrada
UDMJWDSWEAT,SWEATING - MJ WITHDRAWAL SYMPTOM PST 12 MOS,SUBSTANCE USE DISORDER,Original u otra,99.474,Excluir de variables de entrada
UDMJWDFEVER,FEVER - MJ WITHDRAWAL SYMPTOM PST 12 MOS,SUBSTANCE USE DISORDER,Original u otra,99.474,Excluir de variables de entrada
UDMJWDCHILL,CHILLS - MJ WITHDRAWAL SYMPTOM PST 12 MOS,SUBSTANCE USE DISORDER,Original u otra,99.471,Excluir de variables de entrada
UDMJWDHEDAC,HEADACHE - MJ WITHDRAWAL SYMPTOM PST 12 MOS,SUBSTANCE USE DISORDER,Original u otra,99.465,Excluir de variables de entrada
UDMJAVOIDWD,USE MJ/DRG TO GET OVER/AVOID MJ WITHDRAWAL IN PST 12 MOS,SUBSTANCE USE DISORDER,Original u otra,99.478,Excluir de variables de entrada
UDMJAVWMARJ,USED MARIJUANA TO GET OVER/AVOID MJ WITHDRAWAL IN PST 12 MOS,SUBSTANCE USE DISORDER,Original u otra,78.389,Excluir de variables de entrada
UDMJAVWOTHR,USED SOMETHING ELSE TO GET OVR/AVD MJ WITHDRAWAL PST 12 MOS,SUBSTANCE USE DISORDER,Original u otra,78.38,Excluir de variables de entrada
UDCCTIMEUSE,SPENT GREAT DEAL OF TIME USING/FEEL EFF OF COCAINE PST 12MOS,SUBSTANCE USE DISORDER,Original u otra,99.892,Excluir de variables de entrada
UDCCTIMEGET,SPENT GREAT DEAL TIME TRY TO GET/GETTING COCAINE PST 12 MOS,SUBSTANCE USE DISORDER,Original u otra,99.592,Excluir de variables de entrada
UDCCLRGAMTS,USED COC LARGER AMTS OR LONGER TIME THAN MEANT TO PST 12 MOS,SUBSTANCE USE DISORDER,Original u otra,99.888,Excluir de variables de entrada
UDCCWANTBAD,WANTED TO USE COCAINE SO BADLY IN PAST 12 MOS,SUBSTANCE USE DISORDER,Original u otra,99.89,Excluir de variables de entrada
UDCCSTRURGE,STRONG URGE TO USE COCAINE IN PAST 12 MOS,SUBSTANCE USE DISORDER,Original u otra,99.645,Excluir de variables de entrada
UDCCNEEDMOR,NEEDED A LOT MORE COCAINE TO GET FEELING YOU WANT,SUBSTANCE USE DISORDER,Original u otra,99.884,Excluir de variables de entrada
UDCCLESSEFF,SAME AMT COCAINE HAS LESS EFFECT THAN IT USED TO,SUBSTANCE USE DISORDER,Original u otra,99.636,Excluir de variables de entrada
UDCCTRYSTOP,TRY TO CUT DOWN/STOP COCAINE USE IN PAST 12 MOS,SUBSTANCE USE DISORDER,Original u otra,99.886,Excluir de variables de entrada
UDCCNOTSTOP,UNABLE TO CUT/STOP COCAINE MORE THAN ONE TIME PAST 12 MOS,SUBSTANCE USE DISORDER,Original u otra,98.556,Excluir de variables de entrada
UDCCWSHSTOP,OFTEN WISH CUT DOWN OR STOP COCAINE USE PAST 12 MOS,SUBSTANCE USE DISORDER,Original u otra,99.22,Excluir de variables de entrada
UDCCHLTHPRB,ANY LONG-LASTING PHYS PRBS CAUSED/WORSND BY COC PST 12 MOS,SUBSTANCE USE DISORDER,Original u otra,99.888,Excluir de variables de entrada
UDCCHLTHCTD,CONTD TO USE COCAINE DESPITE COCAINE CAUSE/WORSEN PHYS PRBS,SUBSTANCE USE DISORDER,Original u otra,98.053,Excluir de variables de entrada
UDCCMNTLPRB,ANY EMOT/MNTL HLTH PRBS CAUSED/WORSND BY COCAINE PAST 12 MOS,SUBSTANCE USE DISORDER,Original u otra,99.774,Excluir de variables de entrada
UDCCMNTLCTD,CONTD COCAINE USE DESPITE COC CSE/WRSN EMOT/MNTL HLTH PRBS,SUBSTANCE USE DISORDER,Original u otra,98.057,Excluir de variables de entrada
UDCCSTOPACT,LESS ACTIVITIES B/C OF COCAINE USE PAST 12 MOS,SUBSTANCE USE DISORDER,Original u otra,99.888,Excluir de variables de entrada
UDCCWORKPRB,COCAINE CAUSE SERIOUS PRBS AT HOME/WORK/SCH PST 12 MOS,SUBSTANCE USE DISORDER,Original u otra,99.89,Excluir de variables de entrada
UDCCFMLYPRB,COCAINE CAUSE ARGUMENTS/PROBS W/FAMILY/FRIENDS PST 12 MOS,SUBSTANCE USE DISORDER,Original u otra,99.888,Excluir de variables de entrada
UDCCFMLYCTD,CONTD COCAINE USE DESPITE COC CAUSE ARGUMENTS W/FAM/FRNDS,SUBSTANCE USE DISORDER,Original u otra,98.11,Excluir de variables de entrada
UDCCGETHURT,COCAINE USE INCREASED CHANCE GETTING HURT PST 12 MOS,SUBSTANCE USE DISORDER,Original u otra,99.886,Excluir de variables de entrada
UDCCWDFLBLU,FELT BLUE OR DOWN AFTER USING LESS OR STOPPING COCAINE,SUBSTANCE USE DISORDER,Original u otra,99.886,Excluir de variables de entrada
UDCCWDTIRED,FEELING TIRED/EXHAUSTED - COC WITHDRAWAL SYMPTOM PST 12 MOS,SUBSTANCE USE DISORDER,Original u otra,98.188,Excluir de variables de entrada
UDCCWDDREAM,HAVING BAD DREAMS - COC WITHDRAWAL SYMPTOM PST 12 MOS,SUBSTANCE USE DISORDER,Original u otra,98.188,Excluir de variables de entrada
UDCCWDSLEEP,TROUBLE/MORE SLEEPING - COC WITHDRAWAL SYMPTOM PST 12 MOS,SUBSTANCE USE DISORDER,Original u otra,98.188,Excluir de variables de entrada
UDCCWDHNGRY,FEELING HUNGRY - COC WITHDRAWAL SYMPTOM PST 12 MOS,SUBSTANCE USE DISORDER,Original u otra,98.188,Excluir de variables de entrada
UDCCWDSITST,SLOWED DOWN/RESTLESS - COC WITHDRAWAL SYMPTOM PST 12 MOS,SUBSTANCE USE DISORDER,Original u otra,98.188,Excluir de variables de entrada
UDCCAVOIDWD,USE COC/OTH DRUG TO GET OVER/AVOID COC WITHDRAWAL PST 12 MOS,SUBSTANCE USE DISORDER,Original u otra,99.884,Excluir de variables de entrada
UDCCAVWCOCN,USED COCAINE TO GET OVER/AVOID COC WITHDRAWAL IN PST 12 MOS,SUBSTANCE USE DISORDER,Original u otra,98.025,Excluir de variables de entrada
UDCCAVWMETH,USED METH TO GET OVER/AVOID COC WITHDRAWAL IN PST 12 MOS,SUBSTANCE USE DISORDER,Original u otra,98.025,Excluir de variables de entrada
UDCCAVWSTIM,USED STM TO GET OVER/AVOID COC WITHDRAWAL IN PST 12 MOS,SUBSTANCE USE DISORDER,Original u otra,98.025,Excluir de variables de entrada
UDCCAVWOTHR,USED SOMETHING ELSE TO GET OVR/AVD COC WITHDRAWAL PST 12 MOS,SUBSTANCE USE DISORDER,Original u otra,98.025,Excluir de variables de entrada
UDHETIMEUSE,SPENT GREAT DEAL OF TIME USING/FEEL EFF OF HEROIN PST 12 MOS,SUBSTANCE USE DISORDER,Original u otra,99.949,Excluir de variables de entrada
UDHETIMEGET,SPENT GREAT DEAL TIME TRY TO GET/GETTING HEROIN PST 12 MOS,SUBSTANCE USE DISORDER,Original u otra,99.767,Excluir de variables de entrada
UDHELRGAMTS,USED HER LARGER AMTS OR LONGER TIME THAN MEANT TO PST 12 MOS,SUBSTANCE USE DISORDER,Original u otra,99.949,Excluir de variables de entrada
UDHEWANTBAD,WANTED TO USE HEROIN SO BADLY IN PAST 12 MOS,SUBSTANCE USE DISORDER,Original u otra,99.949,Excluir de variables de entrada
UDHESTRURGE,STRONG URGE TO USE HEROIN IN PAST 12 MOS,SUBSTANCE USE DISORDER,Original u otra,99.757,Excluir de variables de entrada
UDHENEEDMOR,NEEDED A LOT MORE HEROIN TO GET FEELING YOU WANT,SUBSTANCE USE DISORDER,Original u otra,99.947,Excluir de variables de entrada
UDHELESSEFF,SAME AMT HEROIN HAS LESS EFFECT THAN IT USED TO,SUBSTANCE USE DISORDER,Original u otra,99.776,Excluir de variables de entrada
UDHETRYSTOP,TRY TO CUT DOWN/STOP HEROIN USE IN PAST 12 MOS,SUBSTANCE USE DISORDER,Original u otra,99.949,Excluir de variables de entrada
UDHENOTSTOP,UNABLE TO CUT/STOP HEROIN USE MORE THAN ONE TIME PAST 12 MOS,SUBSTANCE USE DISORDER,Original u otra,99.827,Excluir de variables de entrada
UDHEWSHSTOP,OFTEN WISH CUT DOWN OR STOP HEROIN USE PAST 12 MOS,SUBSTANCE USE DISORDER,Original u otra,99.755,Excluir de variables de entrada
UDHEHLTHPRB,ANY LONG-LASTING PHYS PRBS CAUSED/WORSND BY HEROIN PST 12MOS,SUBSTANCE USE DISORDER,Original u otra,99.949,Excluir de variables de entrada
UDHEHLTHCTD,CONTD TO USE HEROIN DESPITE HEROIN CAUSE/WORSEN PHYS PRBS,SUBSTANCE USE DISORDER,Original u otra,99.751,Excluir de variables de entrada
UDHEMNTLPRB,ANY EMOT/MNTL HLTH PRBS CAUSED/WORSND BY HEROIN PAST 12 MOS,SUBSTANCE USE DISORDER,Original u otra,99.837,Excluir de variables de entrada
UDHEMNTLCTD,CONTD HEROIN USE DESPITE HEROIN CSE/WRSN EMOT/MNTL HLTH PRBS,SUBSTANCE USE DISORDER,Original u otra,99.679,Excluir de variables de entrada
UDHESTOPACT,LESS ACTIVITIES B/C OF HEROIN USE PAST 12 MOS,SUBSTANCE USE DISORDER,Original u otra,99.947,Excluir de variables de entrada
UDHEWORKPRB,HEROIN CAUSE SERIOUS PRBS AT HOME/WORK/SCH PST 12 MOS,SUBSTANCE USE DISORDER,Original u otra,99.947,Excluir de variables de entrada
UDHEFMLYPRB,HEROIN CAUSE ARGUMENTS/PROBS W/FAMILY/FRIENDS PST 12 MOS,SUBSTANCE USE DISORDER,Original u otra,99.947,Excluir de variables de entrada
UDHEFMLYCTD,CONTD HEROIN DESPITE HEROIN CAUSE ARGUMENTS W/FAM/FRNDS,SUBSTANCE USE DISORDER,Original u otra,99.791,Excluir de variables de entrada
UDHEGETHURT,HEROIN INCREASED CHANCE GETTING HURT PST 12 MOS,SUBSTANCE USE DISORDER,Original u otra,99.947,Excluir de variables de entrada
UDHEWDFLBLU,FEELING BLUE/DOWN - HEROIN WITHDRAWAL SYMPTOM PST 12 MOS,SUBSTANCE USE DISORDER,Original u otra,99.945,Excluir de variables de entrada
UDHEWDVOMIT,VOMITING/NAUSEOUS - HEROIN WITHDRAWAL SYMPTOM PST 12 MOS,SUBSTANCE USE DISORDER,Original u otra,99.945,Excluir de variables de entrada
UDHEWDCRAMP,HAVING MUSCLE CRAMPS/ACHES-HER WITHDRAWAL SYMPTOM PST 12 MOS,SUBSTANCE USE DISORDER,Original u otra,99.947,Excluir de variables de entrada
UDHEWDRUNNY,TEARY EYES/RUNNY NOSE - HER WITHDRAWAL SYMPTOM PST 12 MOS,SUBSTANCE USE DISORDER,Original u otra,99.945,Excluir de variables de entrada
UDHEWDSWEAT,SWEATY/LRG PUPILS/HAIR STNDING UP-HER W/DRWAL SYM PST 12 MOS,SUBSTANCE USE DISORDER,Original u otra,99.947,Excluir de variables de entrada
UDHEWDDIARR,HAVING DIARRHEA - HEROIN WITHDRAWAL SYMPTOM PST 12 MOS,SUBSTANCE USE DISORDER,Original u otra,99.945,Excluir de variables de entrada
UDHEWDYAWNS,YAWNING - HEROIN WITHDRAWAL SYMPTOM PST 12 MOS,SUBSTANCE USE DISORDER,Original u otra,99.947,Excluir de variables de entrada
UDHEWDFEVER,HAVING FEVER - HEROIN WITHDRAWAL SYMPTOM PST 12 MOS,SUBSTANCE USE DISORDER,Original u otra,99.943,Excluir de variables de entrada
UDHEWDSLEEP,HAVING TRBL SLEEPING - HEROIN WITHDRAWAL SYMPTOM PST 12 MOS,SUBSTANCE USE DISORDER,Original u otra,99.945,Excluir de variables de entrada
UDHEAVOIDWD,USE HEROIN TO GET OVER/AVOID HEROIN WITHDRAWAL IN PST 12 MOS,SUBSTANCE USE DISORDER,Original u otra,99.947,Excluir de variables de entrada
UDHEAVWHERN,USED HEROIN TO GET OVER/AVOID HER WITHDRAWAL IN PST 12 MOS,SUBSTANCE USE DISORDER,Original u otra,99.805,Excluir de variables de entrada
UDHEAVWPNRL,USED PN RLVR TO GET OVER/AVOID HER WITHDRAWAL IN PST 12 MOS,SUBSTANCE USE DISORDER,Original u otra,99.778,Excluir de variables de entrada
UDHEAVWOTHR,USED SOMETHING ELSE TO GET OVR/AVD HER WITHDRAWAL PST 12 MOS,SUBSTANCE USE DISORDER,Original u otra,99.803,Excluir de variables de entrada
UDHATIMEUSE,SPENT GREAT DEAL OF TIME USING/FEEL EFF OF HAL PST 12 MOS,SUBSTANCE USE DISORDER,Original u otra,99.433,Excluir de variables de entrada
UDHATIMEGET,SPENT GREAT DEAL TIME TRY TO GET/GETTING HAL IN PST 12 MOS,SUBSTANCE USE DISORDER,Original u otra,99.304,Excluir de variables de entrada
UDHALRGAMTS,USED HAL LARGER AMTS OR LONGER TIME THAN MEANT TO PST 12 MOS,SUBSTANCE USE DISORDER,Original u otra,99.436,Excluir de variables de entrada
UDHAWANTBAD,WANTED TO USE HALLUC SO BADLY IN PAST 12 MOS,SUBSTANCE USE DISORDER,Original u otra,99.436,Excluir de variables de entrada
UDHASTRURGE,STRONG URGE TO USE HALLUC IN PAST 12 MOS,SUBSTANCE USE DISORDER,Original u otra,99.328,Excluir de variables de entrada
UDHANEEDMOR,NEEDED A LOT MORE HALLUC TO GET FEELING YOU WANT,SUBSTANCE USE DISORDER,Original u otra,99.431,Excluir de variables de entrada
UDHALESSEFF,SAME AMT HALLUC HAS LESS EFFECT THAN IT USED TO,SUBSTANCE USE DISORDER,Original u otra,99.311,Excluir de variables de entrada
UDHATRYSTOP,TRY TO CUT DOWN/STOP HALLUC USE IN PAST 12 MOS,SUBSTANCE USE DISORDER,Original u otra,99.425,Excluir de variables de entrada
UDHANOTSTOP,UNABLE TO CUT/STOP HALLUC MORE THAN ONE TIME PAST 12 MOS,SUBSTANCE USE DISORDER,Original u otra,94.907,Excluir de variables de entrada
UDHAWSHSTOP,OFTEN WISH CUT DOWN OR STOP HALLUC PAST 12 MOS,SUBSTANCE USE DISORDER,Original u otra,99.051,Excluir de variables de entrada
UDHAHLTHPRB,ANY LONG-LASTING PHYS PRBS CAUSED/WORSND BY HAL PST 12 MOS,SUBSTANCE USE DISORDER,Original u otra,99.431,Excluir de variables de entrada
UDHAHLTHCTD,CONTD TO USE HALLUC DESPITE HALLUC CAUSE/WORSEN PHYS PRBS,SUBSTANCE USE DISORDER,Original u otra,94.577,Excluir de variables de entrada
UDHAMNTLPRB,ANY EMOT/MNTL HLTH PRBS CAUSED/WORSND BY HALLUC PAST 12 MOS,SUBSTANCE USE DISORDER,Original u otra,99.397,Excluir de variables de entrada
UDHAMNTLCTD,CONTD HALLUC USE DESPITE HAL CSE/WRSN EMOT/MNTL HLTH PRBS,SUBSTANCE USE DISORDER,Original u otra,94.624,Excluir de variables de entrada
UDHASTOPACT,LESS ACTIVITIES B/C OF HALLUC USE PAST 12 MOS,SUBSTANCE USE DISORDER,Original u otra,99.429,Excluir de variables de entrada
UDHAWORKPRB,HALLUC CAUSE SERIOUS PRBS AT HOME/WORK/SCH PST 12 MOS,SUBSTANCE USE DISORDER,Original u otra,99.431,Excluir de variables de entrada
UDHAFMLYPRB,HALLUC CAUSE ARGUMENTS/PROBS W/FAMILY/FRIENDS PST 12 MOS,SUBSTANCE USE DISORDER,Original u otra,99.431,Excluir de variables de entrada
UDHAFMLYCTD,CONTD HALLUC USE DESPITE HAL CAUSE ARGUMENTS W/FAM/FRNDS,SUBSTANCE USE DISORDER,Original u otra,94.607,Excluir de variables de entrada
UDHAGETHURT,HALLUC USE INCREASED CHANCE GETTING HURT PST 12 MOS,SUBSTANCE USE DISORDER,Original u otra,99.427,Excluir de variables de entrada
UDINTIMEUSE,SPENT GREAT DEAL OF TIME USING/FEEL EFF OF INH PST 12 MOS,SUBSTANCE USE DISORDER,Original u otra,99.731,Excluir de variables de entrada
UDINTIMEGET,SPENT GREAT DEAL TIME TRY TO GET/GETTING INH IN PST 12 MOS,SUBSTANCE USE DISORDER,Original u otra,99.668,Excluir de variables de entrada
UDINLRGAMTS,USED INH LARGER AMTS OR LONGER TIME THAN MEANT TO PST 12 MOS,SUBSTANCE USE DISORDER,Original u otra,99.731,Excluir de variables de entrada
UDINWANTBAD,WANTED TO USE INHALANTS SO BADLY IN PAST 12 MOS,SUBSTANCE USE DISORDER,Original u otra,99.731,Excluir de variables de entrada
UDINSTRURGE,STRONG URGE TO USE INHALANTS IN PAST 12 MOS,SUBSTANCE USE DISORDER,Original u otra,99.679,Excluir de variables de entrada
UDINNEEDMOR,NEEDED A LOT MORE INHALANTS TO GET FEELING YOU WANT,SUBSTANCE USE DISORDER,Original u otra,99.731,Excluir de variables de entrada
UDINLESSEFF,SAME AMT INHALANTS HAS LESS EFFECT THAN IT USED TO,SUBSTANCE USE DISORDER,Original u otra,99.641,Excluir de variables de entrada
UDINTRYSTOP,TRY TO CUT DOWN/STOP INHALANT USE IN PAST 12 MOS,SUBSTANCE USE DISORDER,Original u otra,99.727,Excluir de variables de entrada
UDINNOTSTOP,UNABLE TO CUT/STOP INH USE MORE THAN ONE TIME PAST 12 MOS,SUBSTANCE USE DISORDER,Original u otra,98.736,Excluir de variables de entrada
UDINWSHSTOP,OFTEN WISH CUT DOWN OR STOP INH USE PAST 12 MOS,SUBSTANCE USE DISORDER,Original u otra,99.55,Excluir de variables de entrada
UDINHLTHPRB,ANY LONG-LASTING PHYS PRBS CAUSED/WORSND BY INH PST 12 MOS,SUBSTANCE USE DISORDER,Original u otra,99.729,Excluir de variables de entrada
UDINHLTHCTD,CONTD TO USE INHALANTS DESPITE INH CAUSE/WORSEN PHYS PRBS,SUBSTANCE USE DISORDER,Original u otra,98.603,Excluir de variables de entrada
UDINMNTLPRB,ANY EMOT/MNTL HLTH PRBS CAUSED/WORSND BY INH PAST 12 MOS,SUBSTANCE USE DISORDER,Original u otra,99.691,Excluir de variables de entrada
UDINMNTLCTD,CONTD INH USE DESPITE INH CSE/WRSN EMOT/MNTL HLTH PRBS,SUBSTANCE USE DISORDER,Original u otra,98.569,Excluir de variables de entrada
UDINSTOPACT,LESS ACTIVITIES B/C OF INHALANT USE PAST 12 MOS,SUBSTANCE USE DISORDER,Original u otra,99.734,Excluir de variables de entrada
UDINWORKPRB,INHALANTS CAUSE SERIOUS PRBS AT HOME/WORK/SCH PST 12 MOS,SUBSTANCE USE DISORDER,Original u otra,99.731,Excluir de variables de entrada
UDINFMLYPRB,INHALANTS CAUSE ARGUMENTS/PROBS W/FAMILY/FRIENDS PST 12 MOS,SUBSTANCE USE DISORDER,Original u otra,99.731,Excluir de variables de entrada
UDINFMLYCTD,CONTD INHALANT USE DESPITE INH CAUSE ARGUMENTS W/FAM/FRNDS,SUBSTANCE USE DISORDER,Original u otra,98.59,Excluir de variables de entrada
UDINGETHURT,INHALANT USE INCREASED CHANCE GETTING HURT PST 12 MOS,SUBSTANCE USE DISORDER,Original u otra,99.731,Excluir de variables de entrada
UDMETIMEUSE,SPENT GREAT DEAL OF TIME USING/FEEL EFF OF METH PST 12 MOS,SUBSTANCE USE DISORDER,Original u otra,99.882,Excluir de variables de entrada
UDMETIMEGET,SPENT GREAT DEAL TIME TRY TO GET/GETTING METH IN PST 12 MOS,SUBSTANCE USE DISORDER,Original u otra,99.292,Excluir de variables de entrada
UDMELRGAMTS,USED METH LARGER AMTS OR LONGER TIME THAN MEANT TO PST 12 MO,SUBSTANCE USE DISORDER,Original u otra,99.884,Excluir de variables de entrada
UDMEWANTBAD,WANTED TO USE METH SO BADLY IN PAST 12 MOS,SUBSTANCE USE DISORDER,Original u otra,99.884,Excluir de variables de entrada
UDMESTRURGE,STRONG URGE TO USE METH IN PAST 12 MOS,SUBSTANCE USE DISORDER,Original u otra,99.438,Excluir de variables de entrada
UDMENEEDMOR,NEEDED A LOT MORE METH TO GET FEELING YOU WANT,SUBSTANCE USE DISORDER,Original u otra,99.884,Excluir de variables de entrada
UDMELESSEFF,SAME AMT METH HAS LESS EFFECT THAN IT USED TO,SUBSTANCE USE DISORDER,Original u otra,99.429,Excluir de variables de entrada
UDMETRYSTOP,TRY TO CUT DOWN/STOP METH USE IN PAST 12 MOS,SUBSTANCE USE DISORDER,Original u otra,99.884,Excluir de variables de entrada
UDMENOTSTOP,UNABLE TO CUT/STOP METH MORE THAN ONE TIME PAST 12 MOS,SUBSTANCE USE DISORDER,Original u otra,99.393,Excluir de variables de entrada
UDMEWSHSTOP,OFTEN WISH CUT DOWN OR STOP METH USE PAST 12 MOS,SUBSTANCE USE DISORDER,Original u otra,99.252,Excluir de variables de entrada
UDMEHLTHPRB,ANY LONG-LASTING PHYS PRBS CAUSED/WORSND BY METH PST 12 MOS,SUBSTANCE USE DISORDER,Original u otra,99.882,Excluir de variables de entrada
UDMEHLTHCTD,CONTD TO USE METH DESPITE METH CAUSE/WORSEN PHYS PRBS,SUBSTANCE USE DISORDER,Original u otra,99.089,Excluir de variables de entrada
UDMEMNTLPRB,ANY EMOT/MNTL HLTH PRBS CAUSED/WORSND BY METH PAST 12 MOS,SUBSTANCE USE DISORDER,Original u otra,99.611,Excluir de variables de entrada
UDMEMNTLCTD,CONTD METH USE DESPITE METH CSE/WRSN EMOT/MNTL HLTH PRBS,SUBSTANCE USE DISORDER,Original u otra,98.939,Excluir de variables de entrada
UDMESTOPACT,LESS ACTIVITIES B/C OF METH USE PAST 12 MOS,SUBSTANCE USE DISORDER,Original u otra,99.882,Excluir de variables de entrada
UDMEWORKPRB,METH CAUSE SERIOUS PRBS AT HOME/WORK/SCH PST 12 MOS,SUBSTANCE USE DISORDER,Original u otra,99.879,Excluir de variables de entrada
UDMEFMLYPRB,METH CAUSE ARGUMENTS/PROBS W/FAMILY/FRIENDS PST 12 MOS,SUBSTANCE USE DISORDER,Original u otra,99.879,Excluir de variables de entrada
UDMEFMLYCTD,CONTD METH USE DESPITE METH CAUSE ARGUMENTS W/FAM/FRNDS,SUBSTANCE USE DISORDER,Original u otra,99.201,Excluir de variables de entrada
UDMEGETHURT,METH INCREASED CHANCE GETTING HURT PST 12 MOS,SUBSTANCE USE DISORDER,Original u otra,99.879,Excluir de variables de entrada
UDMEWDFLBLU,FELT BLUE OR DOWN AFTER USING LESS OR STOPPING METH,SUBSTANCE USE DISORDER,Original u otra,99.879,Excluir de variables de entrada
UDMEWDTIRED,FEELING TIRED/EXHAUSTED - METH WITHDRAWAL SYMPTOM PST 12 MOS,SUBSTANCE USE DISORDER,Original u otra,99.3,Excluir de variables de entrada
UDMEWDDREAM,HAVING BAD DREAMS - METH WITHDRAWAL SYMPTOM PST 12 MOS,SUBSTANCE USE DISORDER,Original u otra,99.3,Excluir de variables de entrada
UDMEWDSLEEP,TROUBLE/MORE SLEEP - METH WITHDRAWAL SYMPTOM PST 12 MOS,SUBSTANCE USE DISORDER,Original u otra,99.3,Excluir de variables de entrada
UDMEWDHNGRY,FEELING HUNGRY -  METH WITHDRAWAL SYMPTOM PST 12 MOS,SUBSTANCE USE DISORDER,Original u otra,99.3,Excluir de variables de entrada
UDMEWDSITST,FEELING SLOWED DOWN/RESTLESS -MTH W/DRAWL SYMPTOM PST 12 MOS,SUBSTANCE USE DISORDER,Original u otra,99.3,Excluir de variables de entrada
UDMEAVOIDWD,USE METH TO GET OVER/AVOID METH WITHDRAWAL IN PST 12 MOS,SUBSTANCE USE DISORDER,Original u otra,99.877,Excluir de variables de entrada
UDMEAVWMETH,USED METH TO GET OVER/AVOID METH WITHDRAWAL IN PST 12 MOS,SUBSTANCE USE DISORDER,Original u otra,99.087,Excluir de variables de entrada
UDMEAVWCOCN,USED COC/CRK TO GET OVER/AVOID METH WITHDRAWAL IN PST 12 MOS,SUBSTANCE USE DISORDER,Original u otra,99.087,Excluir de variables de entrada
UDMEAVWSTIM,USED STM TO GET OVER/AVOID METH WITHDRAWAL IN PST 12 MOS,SUBSTANCE USE DISORDER,Original u otra,99.085,Excluir de variables de entrada
UDMEAVWOTHR,USED SOMTHING ELSE TO GET OVR/AVD METH WITHDRAWAL PST 12 MOS,SUBSTANCE USE DISORDER,Original u otra,99.085,Excluir de variables de entrada
UDPRTIMEUSE2,SPENT GREAT DEAL OF TIME USING/FEEL EFF OF PN RLVR PST 12 MO,SUBSTANCE USE DISORDER,Original u otra,99.275,Excluir de variables de entrada
UDPRTIMEGET2,SPENT GREAT DEAL TIME TRY TO GET/GETTING PR IN PST 12 MOS,SUBSTANCE USE DISORDER,Original u otra,97.856,Excluir de variables de entrada
UDPRLRGAMTS2,USED PR LARGER AMTS OR LONGER TIME THAN MEANT TO PST 12 MOS,SUBSTANCE USE DISORDER,Original u otra,99.321,Excluir de variables de entrada
UDPRWANTBAD2,WANTED TO USE PN RLVR SO BADLY IN PAST 12 MOS,SUBSTANCE USE DISORDER,Original u otra,99.317,Excluir de variables de entrada
UDPRSTRURGE2,STRONG URGE TO USE PN RLVR IN PAST 12 MOS,SUBSTANCE USE DISORDER,Original u otra,98.677,Excluir de variables de entrada
UDPRNEEDMOR2,NEEDED A LOT MORE PN RLVR TO GET FEELING YOU WANT,SUBSTANCE USE DISORDER,Original u otra,99.321,Excluir de variables de entrada
UDPRLESSEFF2,SAME AMT PN RLVR HAS LESS EFFECT THAN IT USED TO,SUBSTANCE USE DISORDER,Original u otra,98.554,Excluir de variables de entrada
UDPRTRYSTOP2,TRY TO CUT DOWN/STOP PN RLVR IN PAST 12 MOS,SUBSTANCE USE DISORDER,Original u otra,99.192,Excluir de variables de entrada
UDPRNOTSTOP2,UNABLE TO CUT/STOP PN RLVR MORE THAN ONE TIME PAST 12 MOS,SUBSTANCE USE DISORDER,Original u otra,81.103,Excluir de variables de entrada
UDPRWSHSTOP2,OFTEN WISH CUT DOWN OR STOP PN RLVR PAST 12 MOS,SUBSTANCE USE DISORDER,Original u otra,95.843,Excluir de variables de entrada
UDPRHLTHPRB2,ANY LONG-LASTING PHYS PRBS CAUSED/WORSND BY PR PST 12 MOS,SUBSTANCE USE DISORDER,Original u otra,99.275,Excluir de variables de entrada
UDPRHLTHCTD2,CONTD TO USE PN RLVR DESPITE PN RLVR CAUSE/WORSEN PHYS PRBS,SUBSTANCE USE DISORDER,Original u otra,78.179,Excluir de variables de entrada
UDPRMNTLPRB2,ANY EMOT/MNTL HLTH PRBS CAUSED/WORSND BY PN RLVR PAST 12 MOS,SUBSTANCE USE DISORDER,Original u otra,99.055,Excluir de variables de entrada
UDPRMNTLCTD2,CONTD PN RLVR USE DESPITE PR CSE/WRSN EMOT/MNTL HLTH PRBS,SUBSTANCE USE DISORDER,Original u otra,78.01,Excluir de variables de entrada
UDPRSTOPACT2,LESS ACTIVITIES B/C OF PN RLVR USE PAST 12 MOS,SUBSTANCE USE DISORDER,Original u otra,99.285,Excluir de variables de entrada
UDPRWORKPRB2,PN RLVR CAUSE SERIOUS PRBS AT HOME/WORK/SCH PST 12 MOS,SUBSTANCE USE DISORDER,Original u otra,99.288,Excluir de variables de entrada
UDPRFMLYPRB2,PN RLVR CAUSE ARGUMENTS/PROBS W/FAMILY/FRIENDS PST 12 MOS,SUBSTANCE USE DISORDER,Original u otra,99.285,Excluir de variables de entrada
UDPRFMLYCTD2,CONTD PN RLVR USE DESPITE PR CAUSE ARGUMENTS W/FAM/FRNDS,SUBSTANCE USE DISORDER,Original u otra,78.114,Excluir de variables de entrada
UDPRGETHURT2,PN RLVR INCREASED CHANCE GETTING HURT PST 12 MOS,SUBSTANCE USE DISORDER,Original u otra,99.285,Excluir de variables de entrada
UDPRWDFLBLU2,FEELING BLUE/DOWN - PN RLVR WITHDRAWAL SYMPTOM PST 12 MOS,SUBSTANCE USE DISORDER,Original u otra,99.224,Excluir de variables de entrada
UDPRWDVOMIT2,VOMITING/NAUSEOUS - PN RLVR WITHDRAWAL SYMPTOM PST 12 MOS,SUBSTANCE USE DISORDER,Original u otra,99.239,Excluir de variables de entrada
UDPRWDCRAMP2,MUSCLE CRAMPS/ACHES - PN RLVR WITHDRAWAL SYMPTOM PST 12 MOS,SUBSTANCE USE DISORDER,Original u otra,99.239,Excluir de variables de entrada
UDPRWDRUNNY2,TEARY EYES/RUNNY NOSE - PR WITHDRAWAL SYMPTOM PST 12 MOS,SUBSTANCE USE DISORDER,Original u otra,99.243,Excluir de variables de entrada
UDPRWDSWEAT2,SWEATY/LRG PUPILS/HAIR STNDING UP-PR W/DRAWL SYMP PST 12 MOS,SUBSTANCE USE DISORDER,Original u otra,99.226,Excluir de variables de entrada
UDPRWDDIARR2,HAVING DIARRHEA -  PN RLVR WITHDRAWAL SYMPTOM PST 12 MOS,SUBSTANCE USE DISORDER,Original u otra,99.235,Excluir de variables de entrada
UDPRWDYAWNS2,YAWNING - PN RLVR WITHDRAWAL SYMPTOM PST 12 MOS,SUBSTANCE USE DISORDER,Original u otra,99.239,Excluir de variables de entrada
UDPRWDFEVER2,HAVING FEVER - PN RLVR WITHDRAWAL SYMPTOM PST 12 MOS,SUBSTANCE USE DISORDER,Original u otra,99.243,Excluir de variables de entrada
UDPRWDSLEEP2,HAVING TRBL SLEEPING - PN RLVR WITHDRAWAL SYMPTOM PST 12 MOS,SUBSTANCE USE DISORDER,Original u otra,99.243,Excluir de variables de entrada
UDPRAVOIDWD2,USE PN RLVR TO GET OVER/AVOID PR WITHDRAWAL IN PST 12 MOS,SUBSTANCE USE DISORDER,Original u otra,99.292,Excluir de variables de entrada
UDPRAVWPNRL2,USED PN RLVR TO GET OVER/AVOID PR WITHDRAWAL IN PST 12 MOS,SUBSTANCE USE DISORDER,Original u otra,78.209,Excluir de variables de entrada
UDPRAVWHERN2,USED HEROIN TO GET OVER/AVOID PR WITHDRAWAL IN PST 12 MOS,SUBSTANCE USE DISORDER,Original u otra,78.253,Excluir de variables de entrada
UDPRAVWOTHR2,USED SOMETHING ELSE TO GET OVR/AVD PR WITHDRAWAL PST 12 MOS,SUBSTANCE USE DISORDER,Original u otra,78.253,Excluir de variables de entrada
UDTRTIMEUSE,SPENT GREAT DEAL OF TIME USING/FEEL EFF OF TRN PST 12 MOS,SUBSTANCE USE DISORDER,Original u otra,99.488,Excluir de variables de entrada
UDTRTIMEGET,SPENT GREAT DEAL TIME TRY TO GET/GETTING TRN IN PST 12 MOS,SUBSTANCE USE DISORDER,Original u otra,99.017,Excluir de variables de entrada
UDTRLRGAMTS,USED TRN LARGER AMTS OR LONGER TIME THAN MEANT TO PST 12 MOS,SUBSTANCE USE DISORDER,Original u otra,99.497,Excluir de variables de entrada
UDTRWANTBAD,WANTED TO USE TRN SO BADLY IN PAST 12 MOS,SUBSTANCE USE DISORDER,Original u otra,99.503,Excluir de variables de entrada
UDTRSTRURGE,STRONG URGE TO USE TRN IN PAST 12 MOS,SUBSTANCE USE DISORDER,Original u otra,99.258,Excluir de variables de entrada
UDTRNEEDMOR,NEEDED A LOT MORE TRN TO GET FEELING YOU WANT,SUBSTANCE USE DISORDER,Original u otra,99.499,Excluir de variables de entrada
UDTRLESSEFF,SAME AMT TRN HAS LESS EFFECT THAN IT USED TO,SUBSTANCE USE DISORDER,Original u otra,99.23,Excluir de variables de entrada
UDTRTRYSTOP,TRY TO CUT DOWN/STOP TRN USE IN PAST 12 MOS,SUBSTANCE USE DISORDER,Original u otra,99.455,Excluir de variables de entrada
UDTRNOTSTOP,UNABLE TO CUT/STOP TRN MORE THAN ONE TIME PAST 12 MOS,SUBSTANCE USE DISORDER,Original u otra,90.059,Excluir de variables de entrada
UDTRWSHSTOP,OFTEN WISH CUT DOWN OR STOP TRN PAST 12 MOS,SUBSTANCE USE DISORDER,Original u otra,98.175,Excluir de variables de entrada
UDTRHLTHPRB,ANY LONG-LASTING PHYS PRBS CAUSED/WORSND BY TRN PST 12 MO,SUBSTANCE USE DISORDER,Original u otra,99.474,Excluir de variables de entrada
UDTRHLTHCTD,CONTD TO USE TRN DESPITE TRN CAUSE/WORSEN PHYS PRBS,SUBSTANCE USE DISORDER,Original u otra,88.93,Excluir de variables de entrada
UDTRMNTLPRB,ANY EMOT/MNTL HLTH PRBS CAUSED/WORSND BY TRN PAST 12 MOS,SUBSTANCE USE DISORDER,Original u otra,99.391,Excluir de variables de entrada
UDTRMNTLCTD,CONTD TRN DESPITE TRN CSE/WRSN EMOT/MNTL HLTH PRBS,SUBSTANCE USE DISORDER,Original u otra,88.957,Excluir de variables de entrada
UDTRSTOPACT,LESS ACTIVITIES B/C OF TRN USE PAST 12 MOS,SUBSTANCE USE DISORDER,Original u otra,99.488,Excluir de variables de entrada
UDTRWORKPRB,TRN CAUSE SERIOUS PRBS AT HOME/WORK/SCH PST 12 MOS,SUBSTANCE USE DISORDER,Original u otra,99.482,Excluir de variables de entrada
UDTRFMLYPRB,TRN CAUSE ARGUMENTS/PROBS W/FAMILY/FRIENDS PST 12 MOS,SUBSTANCE USE DISORDER,Original u otra,99.48,Excluir de variables de entrada
UDTRFMLYCTD,CONTD TRN USE DESPITE TRN CAUSE ARGUMENTS W/FAM/FRNDS,SUBSTANCE USE DISORDER,Original u otra,88.97,Excluir de variables de entrada
UDTRGETHURT,TRN USE INCREASED CHANCE GETTING HURT PST 12 MOS,SUBSTANCE USE DISORDER,Original u otra,99.478,Excluir de variables de entrada
UDTRWDSWEAT,SWEATY/FAST HEARTBEAT - TRN WITHDRAWAL SYMPTOM PST 12 MO,SUBSTANCE USE DISORDER,Original u otra,99.467,Excluir de variables de entrada
UDTRWDTRMBL,HANDS TREMBLE -TRN WITHDRAWAL SYMPTOM PST 12 MOS,SUBSTANCE USE DISORDER,Original u otra,99.471,Excluir de variables de entrada
UDTRWDSLEEP,TROUBLE SLEEPING - TRN WITHDRAWAL SYMPTOM PST 12 MOS,SUBSTANCE USE DISORDER,Original u otra,99.471,Excluir de variables de entrada
UDTRWDVOMIT,VOMITING/UPSET STOMACH - TRN WITHDRAWAL SYMPTOM PST 12 MO,SUBSTANCE USE DISORDER,Original u otra,99.467,Excluir de variables de entrada
UDTRWDHALUC,SEE/HEAR/FEEL THINGS - TRN WITHDRAWAL SYMPTOM PST 12 MOS,SUBSTANCE USE DISORDER,Original u otra,99.463,Excluir de variables de entrada
UDTRWDSITST,COULDN'T SIT STILL - TRN WITHDRAWAL SYMPTOM PST 12 MOS,SUBSTANCE USE DISORDER,Original u otra,99.471,Excluir de variables de entrada
UDTRWDFLANX,FEELING ANXIOUS - TRN WITHDRAWAL SYMPTOM PST 12 MOS,SUBSTANCE USE DISORDER,Original u otra,99.465,Excluir de variables de entrada
UDTRAVOIDWD,USE TRN TO GET OVER/AVOID TRN WITHDRAWAL IN PST 12 MOS,SUBSTANCE USE DISORDER,Original u otra,99.486,Excluir de variables de entrada
UDTRAVWSVTR,USED TRN/SED TO GET OVER/AVOID TRN WITHDRWL IN PST 12 MOS,SUBSTANCE USE DISORDER,Original u otra,88.924,Excluir de variables de entrada
UDTRAVWALCO,USED ALC TO GET OVER/AVOID TRN WITHDRAWAL IN PST 12 MOS,SUBSTANCE USE DISORDER,Original u otra,88.924,Excluir de variables de entrada
UDTRAVWOTHR,USED SOMETHING ELSE TO GET OVR/AVD TRN WTHDRWAL PST 12 MOS,SUBSTANCE USE DISORDER,Original u otra,88.924,Excluir de variables de entrada
UDSTTIMEUSE,SPENT GREAT DEAL OF TIME USING/FEEL EFF OF STM PST 12 MOS,SUBSTANCE USE DISORDER,Original u otra,99.436,Excluir de variables de entrada
UDSTTIMEGET,SPENT GREAT DEAL TIME TRY TO GET/GETTING STM IN PST 12 MOS,SUBSTANCE USE DISORDER,Original u otra,97.996,Excluir de variables de entrada
UDSTLRGAMTS,USE STM LARGER AMTS OR LONGER TIME THAN MEANT TO PST 12 MOS,SUBSTANCE USE DISORDER,Original u otra,99.457,Excluir de variables de entrada
UDSTWANTBAD,WANTED TO USE STM SO BADLY IN PAST 12 MOS,SUBSTANCE USE DISORDER,Original u otra,99.463,Excluir de variables de entrada
UDSTSTRURGE,STRONG URGE TO USE STM IN PAST 12 MOS,SUBSTANCE USE DISORDER,Original u otra,99.18,Excluir de variables de entrada
UDSTNEEDMOR,NEEDED A LOT MORE STM TO GET FEELING YOU WANT,SUBSTANCE USE DISORDER,Original u otra,99.461,Excluir de variables de entrada
UDSTLESSEFF,SAME AMT STM HAS LESS EFFECT THAN IT USED TO,SUBSTANCE USE DISORDER,Original u otra,99.036,Excluir de variables de entrada
UDSTTRYSTOP,TRY TO CUT DOWN/STOP STM USE IN PAST 12 MOS,SUBSTANCE USE DISORDER,Original u otra,99.436,Excluir de variables de entrada
UDSTNOTSTOP,UNABLE TO CUT/STOP STM USE MORE THAN ONE TIME PAST 12 MOS,SUBSTANCE USE DISORDER,Original u otra,91.917,Excluir de variables de entrada
UDSTWSHSTOP,OFTEN WISH CUT DOWN OR STOP STM USE PAST 12 MOS,SUBSTANCE USE DISORDER,Original u otra,98.397,Excluir de variables de entrada
UDSTHLTHPRB,ANY LONG-LASTING PHYS PRBS CAUSED/WORSND BY STM PST 12 MOS,SUBSTANCE USE DISORDER,Original u otra,99.444,Excluir de variables de entrada
UDSTHLTHCTD,CONTD TO USE STM DESPITE STM CAUSE/WORSEN PHYS PRBS,SUBSTANCE USE DISORDER,Original u otra,91.218,Excluir de variables de entrada
UDSTMNTLPRB,ANY EMOT/MNTL HLTH PRBS CAUSED/WORSND BY STM PAST 12 MOS,SUBSTANCE USE DISORDER,Original u otra,99.239,Excluir de variables de entrada
UDSTMNTLCTD,CONTD STM USE DESPITE STM CSE/WRSN EMOT/MNTL HLTH PRBS,SUBSTANCE USE DISORDER,Original u otra,91.177,Excluir de variables de entrada
UDSTSTOPACT,LESS ACTIVITIES B/C OF STM USE PAST 12 MOS,SUBSTANCE USE DISORDER,Original u otra,99.448,Excluir de variables de entrada
UDSTWORKPRB,STM CAUSE SERIOUS PRBS AT HOME/WORK/SCH PST 12 MOS,SUBSTANCE USE DISORDER,Original u otra,99.446,Excluir de variables de entrada
UDSTFMLYPRB,STM CAUSE ARGUMENTS/PROBS W/FAMILY/FRIENDS PST 12 MOS,SUBSTANCE USE DISORDER,Original u otra,99.438,Excluir de variables de entrada
UDSTFMLYCTD,CONTD STM DESPITE STM CAUSE ARGUMENTS W/FAM/FRNDS,SUBSTANCE USE DISORDER,Original u otra,91.139,Excluir de variables de entrada
UDSTGETHURT,STM INCREASED CHANCE GETTING HURT PST 12 MOS,SUBSTANCE USE DISORDER,Original u otra,99.44,Excluir de variables de entrada
UDSTWDFLBLU,FELT BLUE OR DOWN AFTER USING LESS OR STOPPING STM,SUBSTANCE USE DISORDER,Original u otra,99.433,Excluir de variables de entrada
UDSTWDTIRED,FEELING TIRED/EXHAUSTED - STM WITHDRAWAL SYMPTOM PST 12 MOS,SUBSTANCE USE DISORDER,Original u otra,91.831,Excluir de variables de entrada
UDSTWDDREAM,HAVING BAD DREAMS - STM WITHDRAWAL SYMPTOM PST 12 MOS,SUBSTANCE USE DISORDER,Original u otra,91.829,Excluir de variables de entrada
UDSTWDSLEEP,TROUBLE/MORE SLEEPING - STM WITHDRAWAL SYMPTOM PST 12 MOS,SUBSTANCE USE DISORDER,Original u otra,91.831,Excluir de variables de entrada
UDSTWDHNGRY,FEELING HUNGRY  -  STM WITHDRAWAL SYMPTOM PST 12 MOS,SUBSTANCE USE DISORDER,Original u otra,91.826,Excluir de variables de entrada
UDSTWDSITST,FEELING SLOWED DOWN/ -  STM W/DRAWL SYMPTOM PST 12 MOS,SUBSTANCE USE DISORDER,Original u otra,91.831,Excluir de variables de entrada
UDSTAVOIDWD,USE STM TO GET OVER/AVOID STM WITHDRAWAL IN PST 12 MOS,SUBSTANCE USE DISORDER,Original u otra,99.44,Excluir de variables de entrada
UDSTAVWSTIM,USED STM TO GET OVER/AVOID STM WITHDRAWAL IN PST 12 MOS,SUBSTANCE USE DISORDER,Original u otra,91.08,Excluir de variables de entrada
UDSTAVWCOCN,USED COC/CRK TO GET OVER/AVOID STM WITHDRAWAL IN PST 12 MOS,SUBSTANCE USE DISORDER,Original u otra,91.082,Excluir de variables de entrada
UDSTAVWMETH,USED METH TO GET OVER/AVOID STM WITHDRAWAL IN PST 12 MOS,SUBSTANCE USE DISORDER,Original u otra,91.082,Excluir de variables de entrada
UDSTAVWOTHR,USED SOMETHING ELSE TO GET OVR/AVD STM WITHDRAWAL PST 12 MOS,SUBSTANCE USE DISORDER,Original u otra,91.082,Excluir de variables de entrada
UDSVTIMEUSE,SPENT GREAT DEAL OF TIME USING/FEEL EFF OF SED PST 12 MOS,SUBSTANCE USE DISORDER,Original u otra,99.397,Excluir de variables de entrada
UDSVTIMEGET,SPENT GREAT DEAL TIME TRY TO GET/GETTING SED IN PST 12 MOS,SUBSTANCE USE DISORDER,Original u otra,99.156,Excluir de variables de entrada
UDSVLRGAMTS,USED SED LARGER AMTS OR LONGER TIME THAN MEANT TO PST 12 MOS,SUBSTANCE USE DISORDER,Original u otra,99.391,Excluir de variables de entrada
UDSVWANTBAD,WANTED TO USE SED SO BADLY IN PAST 12 MOS,SUBSTANCE USE DISORDER,Original u otra,99.397,Excluir de variables de entrada
UDSVSTRURGE,STRONG URGE TO USE SED IN PAST 12 MOS,SUBSTANCE USE DISORDER,Original u otra,99.321,Excluir de variables de entrada
UDSVNEEDMOR,NEEDED A LOT MORE SED TO GET FEELING YOU WANT,SUBSTANCE USE DISORDER,Original u otra,99.4,Excluir de variables de entrada
UDSVLESSEFF,SAME AMT SED HAS LESS EFFECT THAN IT USED TO,SUBSTANCE USE DISORDER,Original u otra,99.243,Excluir de variables de entrada
UDSVTRYSTOP,TRY TO CUT DOWN/STOP SED USE IN PAST 12 MOS,SUBSTANCE USE DISORDER,Original u otra,99.389,Excluir de variables de entrada
UDSVNOTSTOP,UNABLE TO CUT/STOP SED MORE THAN ONE TIME PAST 12 MOS,SUBSTANCE USE DISORDER,Original u otra,95.75,Excluir de variables de entrada
UDSVWSHSTOP,OFTEN WISH CUT DOWN OR STOP SED USE PAST 12 MOS,SUBSTANCE USE DISORDER,Original u otra,98.918,Excluir de variables de entrada
UDSVHLTHPRB,ANY LONG-LASTING PHYS PRBS CAUSED/WORSND BY SED PST 12 MO,SUBSTANCE USE DISORDER,Original u otra,99.391,Excluir de variables de entrada
UDSVHLTHCTD,CONTD TO USE SED DESPITE SED CAUSE/WORSEN PHYS PRBS,SUBSTANCE USE DISORDER,Original u otra,95.355,Excluir de variables de entrada
UDSVMNTLPRB,ANY EMOT/MNTL HLTH PRBS CAUSED/WORSND BY SED PAST 12 MOS,SUBSTANCE USE DISORDER,Original u otra,99.342,Excluir de variables de entrada
UDSVMNTLCTD,CONTD SED USE DESPITE SED CSE/WRSN EMOT/MNTL HLTH PRBS,SUBSTANCE USE DISORDER,Original u otra,95.366,Excluir de variables de entrada
UDSVSTOPACT,LESS ACTIVITIES B/C OF SED USE PAST 12 MOS,SUBSTANCE USE DISORDER,Original u otra,99.389,Excluir de variables de entrada
UDSVWORKPRB,SED CAUSE SERIOUS PRBS AT HOME/WORK/SCH PST 12 MOS,SUBSTANCE USE DISORDER,Original u otra,99.387,Excluir de variables de entrada
UDSVFMLYPRB,SED CAUSE ARGUMENTS/PROBS W/FAMILY/FRIENDS PST 12 MOS,SUBSTANCE USE DISORDER,Original u otra,99.387,Excluir de variables de entrada
UDSVFMLYCTD,CONTD SED DESPITE SED CAUSE ARGUMENTS W/FAM/FRNDS,SUBSTANCE USE DISORDER,Original u otra,95.374,Excluir de variables de entrada
UDSVGETHURT,SED INCREASED CHANCE GETTING HURT PST 12 MOS,SUBSTANCE USE DISORDER,Original u otra,99.389,Excluir de variables de entrada
UDSVWDSWEAT,SWEATY/FAST HEARTBEAT - SED WITHDRAWAL SYMPTOM PST 12 MOS,SUBSTANCE USE DISORDER,Original u otra,99.378,Excluir de variables de entrada
UDSVWDTRMBL,HANDS TREMBLE - SED WITHDRAWAL SYMPTOM PST 12 MOS,SUBSTANCE USE DISORDER,Original u otra,99.378,Excluir de variables de entrada
UDSVWDSLEEP,TROUBLE SLEEPING - SED WITHDRAWAL SYMPTOM PST 12 MOS,SUBSTANCE USE DISORDER,Original u otra,99.376,Excluir de variables de entrada
UDSVWDVOMIT,VOMITING/UPSET STOMACH - SED WITHDRAWAL SYMPTOM PST 12 MOS,SUBSTANCE USE DISORDER,Original u otra,99.374,Excluir de variables de entrada
UDSVWDHALUC,SEE/HEAR/FEEL THINGS - SED WITHDRAWAL SYMPTOM PST 12 MOS,SUBSTANCE USE DISORDER,Original u otra,99.378,Excluir de variables de entrada
UDSVWDSITST,COULDN'T SIT STILL - SED WITHDRAWAL SYMPTOM PST 12 MOS,SUBSTANCE USE DISORDER,Original u otra,99.383,Excluir de variables de entrada
UDSVWDFLANX,FEELING ANXIOUS - SED WITHDRAWAL SYMPTOM PST 12 MOS,SUBSTANCE USE DISORDER,Original u otra,99.378,Excluir de variables de entrada
UDSVAVOIDWD,USE SED TO GET OVER/AVOID SED WITHDRAWAL IN PST 12 MOS,SUBSTANCE USE DISORDER,Original u otra,99.391,Excluir de variables de entrada
UDSVAVWSVTR,USED SED/TR TO GET OVER/AVOID SED WITHDRWL IN PST 12 MOS,SUBSTANCE USE DISORDER,Original u otra,95.372,Excluir de variables de entrada
UDSVAVWALCO,USED ALC TO GET OVER/AVOID SED WITHDRAWAL IN PST 12 MOS,SUBSTANCE USE DISORDER,Original u otra,95.372,Excluir de variables de entrada
UDSVAVWOTHR,USED SOMETHING ELSE TO GET OVR/AVD SED WITHDRAWAL PST 12 MOS,SUBSTANCE USE DISORDER,Original u otra,95.372,Excluir de variables de entrada
PYUD5ALC,ALCOHOL USE DISORDER IN THE PAST YEAR,SUBSTANCE USE DISORDER,Original u otra,99.08,Excluir de variables de entrada
PYUD5MRJ,MARIJUANA USE DISORDER IN THE PAST YEAR,SUBSTANCE USE DISORDER,Original u otra,99.526,Excluir de variables de entrada
PYUD5COC,COCAINE USE DISORDER IN THE PAST YEAR,SUBSTANCE USE DISORDER,Original u otra,99.937,Excluir de variables de entrada
PYUD5HER,HEROIN USE DISORDER IN THE PAST YEAR,SUBSTANCE USE DISORDER,Original u otra,99.981,Excluir de variables de entrada
PYUD5HAL,HALLUCINOGEN USE DISORDER IN THE PAST YEAR,SUBSTANCE USE DISORDER,Original u otra,99.841,Excluir de variables de entrada
PYUD5INH,INHALANT USE DISORDER IN THE PAST YEAR,SUBSTANCE USE DISORDER,Original u otra,99.96,Excluir de variables de entrada
PYUD5MTH,METHAMPHETAMINE USE DISORDER IN THE PAST YEAR,SUBSTANCE USE DISORDER,Original u otra,99.968,Excluir de variables de entrada
EDUD5PNRMIS,"PAIN RELIEVER USE DISORDER, PY MISUSERS",SUBSTANCE USE DISORDER,Original u otra,99.888,Excluir de variables de entrada
EDUD5PNRUNM2,"PAIN RELIEVER USE DISORDER, PY USERS BUT NOT MISUSERS",SUBSTANCE USE DISORDER,Original u otra,99.503,Excluir de variables de entrada
EDUD5TRQMIS,"TRANQUILIZER USE DISORDER, PY MISUSERS",SUBSTANCE USE DISORDER,Original u otra,99.941,Excluir de variables de entrada
EDUD5TRQUNM,"TRANQUILIZER USE DISORDER, PY USERS BUT NOT MISUSERS",SUBSTANCE USE DISORDER,Original u otra,99.774,Excluir de variables de entrada
EDUD5STMMIS,"STIMULANT USE DISORDER, PY MISUSERS",SUBSTANCE USE DISORDER,Original u otra,99.953,Excluir de variables de entrada
EDUD5STMUNM,"STIMULANT USE DISORDER, PY USERS BUT NOT MISUSERS",SUBSTANCE USE DISORDER,Original u otra,99.841,Excluir de variables de entrada
EDUD5SEDMIS,"SEDATIVE USE DISORDER, PY MISUSERS",SUBSTANCE USE DISORDER,Original u otra,99.983,Excluir de variables de entrada
EDUD5SEDUNM,"SEDATIVE USE DISORDER, PY USERS BUT NOT MISUSERS",SUBSTANCE USE DISORDER,Original u otra,99.869,Excluir de variables de entrada
IRPYUD5ALC,ALCOHOL USE DISORDER IN THE PAST YEAR - IMP REV,IMPUTED SUBSTANCE USE DISORDER,Imputada,100.0,Predictor principal
IIPYUD5ALC,ALCOHOL USE DISORDER IN THE PAST YEAR - IMP IND,IMPUTED SUBSTANCE USE DISORDER,Imputada,57.261,Excluir de variables de entrada
IRPYUD5MRJ,MARIJUANA USE DISORDER IN THE PAST YEAR - IMP REV,IMPUTED SUBSTANCE USE DISORDER,Imputada,100.0,Predictor principal
IIPYUD5MRJ,MARIJUANA USE DISORDER IN THE PAST YEAR - IMP IND,IMPUTED SUBSTANCE USE DISORDER,Imputada,22.92,Excluir de variables de entrada
IRPYUD5COC,COCAINE USE DISORDER IN THE PAST YEAR - IMP REV,IMPUTED SUBSTANCE USE DISORDER,Imputada,100.0,Predictor principal
IIPYUD5COC,COCAINE USE DISORDER IN THE PAST YEAR - IMP IND,IMPUTED SUBSTANCE USE DISORDER,Imputada,2.044,Excluir de variables de entrada
IRPYUD5HER,HEROIN USE DISORDER IN THE PAST YEAR - IMP REV,IMPUTED SUBSTANCE USE DISORDER,Imputada,100.0,Predictor principal
IIPYUD5HER,HEROIN USE DISORDER IN THE PAST YEAR - IMP IND,IMPUTED SUBSTANCE USE DISORDER,Imputada,0.334,Excluir de variables de entrada
IRPYUD5HAL,HALLUCINOGEN USE DISORDER IN THE PAST YEAR - IMP REV,IMPUTED SUBSTANCE USE DISORDER,Imputada,100.0,Predictor principal
IIPYUD5HAL,HALLUCINOGEN USE DISORDER IN THE PAST YEAR - IMP IND,IMPUTED SUBSTANCE USE DISORDER,Imputada,5.045,Excluir de variables de entrada
IRPYUD5INH,INHALANT USE DISORDER IN THE PAST YEAR - IMP REV,IMPUTED SUBSTANCE USE DISORDER,Imputada,100.0,Predictor principal
IIPYUD5INH,INHALANT USE DISORDER IN THE PAST YEAR - IMP IND,IMPUTED SUBSTANCE USE DISORDER,Imputada,1.214,Excluir de variables de entrada
IRPYUD5MTH,METHAMPHETAMINE USE DISORDER IN THE PAST YEAR - IMP REV,IMPUTED SUBSTANCE USE DISORDER,Imputada,100.0,Predictor principal
IIPYUD5MTH,METHAMPHETAMINE USE DISORDER IN THE PAST YEAR - IMP IND,IMPUTED SUBSTANCE USE DISORDER,Imputada,1.142,Excluir de variables de entrada
IRUD5PNRMIS,"PAIN RELIEVER USE DISORDER, PY MISUERS - IMP REV",IMPUTED SUBSTANCE USE DISORDER,Imputada,100.0,Predictor principal
IIUD5PNRMIS,"PAIN RELIEVER USE DISORDER, PY MISUSERS - IMP IND",IMPUTED SUBSTANCE USE DISORDER,Imputada,3.059,Excluir de variables de entrada
IRUD5PNRUNM2,"PAIN RELIEVER USE DISORD, PY USERS BUT NOT MISUSERS-IMP REV",IMPUTED SUBSTANCE USE DISORDER,Imputada,100.0,Predictor principal
IIUD5PNRUNM2,"PAIN RELIEVER USE DISORD, PY USERS BUT NOT MISUSERS-IMP IND",IMPUTED SUBSTANCE USE DISORDER,Imputada,18.998,Excluir de variables de entrada
IRUD5TRQMIS,"TRANQUILIZER USE DISORDER, PY MISUSERS - IMP REV",IMPUTED SUBSTANCE USE DISORDER,Imputada,100.0,Predictor principal
IIUD5TRQMIS,"TRANQUILIZER USE DISORDER, PY MISUSERS - IMP IND",IMPUTED SUBSTANCE USE DISORDER,Imputada,1.626,Excluir de variables de entrada
IRUD5TRQUNM,"TRANQUILIZER USE DISORDER, PY USERS BUT NOT MISUSERS-IMP REV",IMPUTED SUBSTANCE USE DISORDER,Imputada,100.0,Predictor principal
IIUD5TRQUNM,"TRANQUILIZER USE DISORDER, PY USERS BUT NOT MISUSERS-IMP IND",IMPUTED SUBSTANCE USE DISORDER,Imputada,9.336,Excluir de variables de entrada
IRUD5STMMIS,"STIMULANT USE DISORDER, PY MISUSERS - IMP REV",IMPUTED SUBSTANCE USE DISORDER,Imputada,100.0,Predictor principal
IIUD5STMMIS,"STIMULANT USE DISORDER, PY MISUSERS - IMP IND",IMPUTED SUBSTANCE USE DISORDER,Imputada,1.803,Excluir de variables de entrada
IRUD5STMUNM,"STIMULANT USE DISORDER, PY USERS BUT NOT MISUSERS - IMP REV",IMPUTED SUBSTANCE USE DISORDER,Imputada,100.0,Predictor principal
IIUD5STMUNM,"STIMULANT USE DISORDER, PY USERS BUT NOT MISUSERS - IMP IND",IMPUTED SUBSTANCE USE DISORDER,Imputada,6.935,Excluir de variables de entrada
IRUD5SEDMIS,"SEDATIVE USE DISORDER, PY MISUSERS - IMP REV",IMPUTED SUBSTANCE USE DISORDER,Imputada,100.0,Predictor principal
IIUD5SEDMIS,"SEDATIVE USE DISORDER, PY MISUSERS - IMP IND",IMPUTED SUBSTANCE USE DISORDER,Imputada,0.317,Excluir de variables de entrada
IRUD5SEDUNM,"SEDATIVE USE DISORDER, PY USERS BUT NOT MISUSERS - IMP REV",IMPUTED SUBSTANCE USE DISORDER,Imputada,100.0,Predictor principal
IIUD5SEDUNM,"SEDATIVE USE DISORDER, PY USERS BUT NOT MISUSERS - IMP IND",IMPUTED SUBSTANCE USE DISORDER,Imputada,3.924,Excluir de variables de entrada
IRPYSEV5ALC,ALCOHOL USE DISORDER SEVERITY IN THE PAST YEAR - IMP REV,IMPUTED SUBSTANCE USE DISORDER,Imputada,100.0,Predictor principal
IIPYSEV5ALC,ALCOHOL USE DISORDER SEVERITY IN THE PAST YEAR - IMP IND,IMPUTED SUBSTANCE USE DISORDER,Imputada,12.808,Excluir de variables de entrada
IRPYSEV5MRJ,MARIJUANA USE DISORDER SEVERITY IN THE PAST YEAR - IMP REV,IMPUTED SUBSTANCE USE DISORDER,Imputada,100.0,Predictor principal
IIPYSEV5MRJ,MARIJUANA USE DISORDER SEVERITY IN THE PAST YEAR - IMP IND,IMPUTED SUBSTANCE USE DISORDER,Imputada,10.332,Excluir de variables de entrada
IRPYSEV5COC,COCAINE USE DISORDER SEVERITY IN THE PAST YEAR - IMP REV,IMPUTED SUBSTANCE USE DISORDER,Imputada,100.0,Predictor principal
IIPYSEV5COC,COCAINE USE DISORDER SEVERITY IN THE PAST YEAR - IMP IND,IMPUTED SUBSTANCE USE DISORDER,Imputada,0.626,Excluir de variables de entrada
IRPYSEV5HER,HEROIN USE DISORDER SEVERITY IN THE PAST YEAR - IMP REV,IMPUTED SUBSTANCE USE DISORDER,Imputada,100.0,Predictor principal
IIPYSEV5HER,HEROIN USE DISORDER SEVERITY IN THE PAST YEAR - IMP IND,IMPUTED SUBSTANCE USE DISORDER,Imputada,0.262,Excluir de variables de entrada
IRPYSEV5HAL,HALLUCINOGEN USE DISORDER SEVERITY IN THE PAST YR - IMP REV,IMPUTED SUBSTANCE USE DISORDER,Imputada,100.0,Predictor principal
IIPYSEV5HAL,HALLUCINOGEN USE DISORDER SEVERITY IN THE PAST YR - IMP IND,IMPUTED SUBSTANCE USE DISORDER,Imputada,0.387,Excluir de variables de entrada
IRPYSEV5INH,INHALANT USE DISORDER SEVERITY IN THE PAST YEAR - IMP REV,IMPUTED SUBSTANCE USE DISORDER,Imputada,100.0,Predictor principal
IIPYSEV5INH,INHALANT USE DISORDER SEVERITY IN THE PAST YEAR - IMP IND,IMPUTED SUBSTANCE USE DISORDER,Imputada,0.182,Excluir de variables de entrada
IRPYSEV5MTH,METHAMPHETAMINE USE DISORDER SEVERITY IN PAST YR - IMP REV,IMPUTED SUBSTANCE USE DISORDER,Imputada,100.0,Predictor principal
IIPYSEV5MTH,METHAMPHETAMINE USE DISORDER SEVERITY IN PAST YR - IMP IND,IMPUTED SUBSTANCE USE DISORDER,Imputada,0.793,Excluir de variables de entrada
IRSEVPNRMIS,"PAIN RELIEVER USE DISORDER SEVERITY, PY MISUSERS - IMP REV",IMPUTED SUBSTANCE USE DISORDER,Imputada,0.791,Predictor principal
IISEVPNRMIS,"PAIN RELIEVER USE DISORDER SEVERITY, PY MISUSERS - IMP IND",IMPUTED SUBSTANCE USE DISORDER,Imputada,0.871,Excluir de variables de entrada
IRSEVPNRUNM2,"PAIN RELIEVER USE DIS SEV, PY USERS BUT NOT MISUSERS-IMP REV",IMPUTED SUBSTANCE USE DISORDER,Imputada,0.867,Predictor principal
IISEVPNRUNM2,"PAIN RELIEVER USE DIS SEV, PY USERS BUT NOT MISUSERS-IMP IND",IMPUTED SUBSTANCE USE DISORDER,Imputada,1.323,Excluir de variables de entrada
IRSEVTRQMIS,"TRANQUILIZER USE DISORDER SEVERITY, PY MISUSERS - IMP REV",IMPUTED SUBSTANCE USE DISORDER,Imputada,0.332,Predictor principal
IISEVTRQMIS,"TRANQUILIZER USE DISORDER SEVERITY, PY MISUSERS - IMP IND",IMPUTED SUBSTANCE USE DISORDER,Imputada,0.381,Excluir de variables de entrada
IRSEVTRQUNM,"TRANQUILIZER USE DIS SEV, PY USERS BUT NOT MISUSERS-IMP REV",IMPUTED SUBSTANCE USE DISORDER,Imputada,0.37,Predictor principal
IISEVTRQUNM,"TRANQUILIZER USE DIS SEV, PY USERS BUT NOT MISUSERS-IMP IND",IMPUTED SUBSTANCE USE DISORDER,Imputada,0.577,Excluir de variables de entrada
IRSEVSTMMIS,"STIMULANT USE DISORDER SEVERITY, PY MISUSERS - IMP REV",IMPUTED SUBSTANCE USE DISORDER,Imputada,0.376,Predictor principal
IISEVSTMMIS,"STIMULANT USE DISORDER SEVERITY, PY MISUSERS - IMP IND",IMPUTED SUBSTANCE USE DISORDER,Imputada,0.4,Excluir de variables de entrada
IRSEVSTMUNM,"STIMULANT USE DIS SEV, PY USERS BUT NOT MISUSERS - IMP REV",IMPUTED SUBSTANCE USE DISORDER,Imputada,0.569,Predictor principal
IISEVSTMUNM,"STIMULANT USE DIS SEV, PY USERS BUT NOT MISUSERS - IMP IND",IMPUTED SUBSTANCE USE DISORDER,Imputada,0.704,Excluir de variables de entrada
IRSEVSEDMIS,"SEDATIVE USE DISORDER SEVERITY, PY MISUSERS - IMP REV",IMPUTED SUBSTANCE USE DISORDER,Imputada,0.101,Predictor principal
IISEVSEDMIS,"SEDATIVE USE DISORDER SEVERITY, PY MISUSERS - IMP IND",IMPUTED SUBSTANCE USE DISORDER,Imputada,0.11,Excluir de variables de entrada
IRSEVSEDUNM,"SEDATIVE USE DIS SEV, PY USERS BUT NOT MISUSERS - IMP REV",IMPUTED SUBSTANCE USE DISORDER,Imputada,0.237,Predictor principal
IISEVSEDUNM,"SEDATIVE USE DIS SEV, PY USERS BUT NOT MISUSERS - IMP IND",IMPUTED SUBSTANCE USE DISORDER,Imputada,0.351,Excluir de variables de entrada
UD5TRQSDANY,RC-TRANQUILIZER OR SEDATIVE USE DISORDER - PAST YEAR USERS,RECODED SUBSTANCE USE DISORDER,Recodificada,100.0,Predictor principal
UD5PSYANY,RC-PSYCHOTHERAPEUTIC USE DISORDER - PAST YEAR USERS,RECODED SUBSTANCE USE DISORDER,Recodificada,100.0,Predictor principal
UD5OPIANY2,RC-OPIOID (RX OPI OR HEROIN) USE DISORDER - PAST YEAR USERS,RECODED SUBSTANCE USE DISORDER,Recodificada,100.0,Predictor principal
UD5HROPANY,RC-HEROIN/RX OPIOID USE DISORDER - PAST YEAR USERS,RECODED SUBSTANCE USE DISORDER,Recodificada,100.0,Predictor principal
UD5CNSANY,RC-CNS STIMULANT USE DISORDER - PAST YEAR USERS,RECODED SUBSTANCE USE DISORDER,Recodificada,100.0,Predictor principal
UD5ILLANY,RC-DRUG USE DISORDER - PAST YEAR USERS,RECODED SUBSTANCE USE DISORDER,Recodificada,100.0,Predictor principal
UD5IEMANY,RC-DRUG OTHER THAN MRJ USE DISORDER - PAST YEAR USERS,RECODED SUBSTANCE USE DISORDER,Recodificada,100.0,Predictor principal
UD5ILALANY,RC-DRUG OR ALCOHOL USE DISORDER - PAST YEAR USERS,RECODED SUBSTANCE USE DISORDER,Recodificada,100.0,Predictor principal
UD5ILAALANY,RC-DRUG AND ALCOHOL USE DISORDER - PAST YEAR USERS,RECODED SUBSTANCE USE DISORDER,Recodificada,100.0,Predictor principal
UD5ILNALANY,"RC-DRUG USE DISORDER, NO ALC USE DISORDER - PAST YEAR USERS",RECODED SUBSTANCE USE DISORDER,Recodificada,100.0,Predictor principal
UD5ALNILANY,"RC-ALC USE DISORDER, NO DRUG USE DISORDER - PAST YEAR USERS",RECODED SUBSTANCE USE DISORDER,Recodificada,100.0,Predictor principal
UDYR5OPPRANY,"RC-RX OPIOID USE DISORDER, PY USERS",RECODED SUBSTANCE USE DISORDER,Recodificada,100.0,Predictor principal
UDYR5PNRANY2,"RC-PAIN RELIEVER USE DISORDER, PY USERS",RECODED SUBSTANCE USE DISORDER,Recodificada,100.0,Predictor principal
UDYR5SEDANY,"RC-SEDATIVE USE DISORDER, PY USERS",RECODED SUBSTANCE USE DISORDER,Recodificada,100.0,Predictor principal
UDYR5STMANY,"RC-STIMULANT USE DISORDER, PY USERS",RECODED SUBSTANCE USE DISORDER,Recodificada,100.0,Predictor principal
UDYR5TRQANY,"RC-TRANQUILIZER USE DISORDER, PY USERS",RECODED SUBSTANCE USE DISORDER,Recodificada,100.0,Predictor principal
UD5CNSGRP,"RC-CNS STM USE DISORDER - PY USE, MISUSE, USE/NOT MISUSE",RECODED SUBSTANCE USE DISORDER,Recodificada,100.0,Predictor principal
UD5OPIGRP,"RC-OPIOID USE DISORDER - PY USE, MISUSE, USE/NOT MISUSE",RECODED SUBSTANCE USE DISORDER,Recodificada,100.0,Predictor principal
UD5TRQSDGRP,"RC-TRQ/STM USE DISORDER - PY USE, MISUSE, USE/NOT MISUSE",RECODED SUBSTANCE USE DISORDER,Recodificada,100.0,Predictor principal
SEVYRPNRANY2,"RC-PAIN RELIEVER USE DISORDER SEVERITY, PY USERS",RECODED SUBSTANCE USE DISORDER,Recodificada,1.658,Predictor principal
SEVYROPPRANY,"RC-RX OPIOID USE DISORDER SEVERITY, PY USERS",RECODED SUBSTANCE USE DISORDER,Recodificada,1.579,Predictor principal
SEVYRTRQANY,"RC-TRANQUILIZER USE DISORDER SEVERITY, PY USERS",RECODED SUBSTANCE USE DISORDER,Recodificada,0.702,Predictor principal
SEVYRSTMANY,"RC-STIMULANT USE DISORDER SEVERITY, PY USERS",RECODED SUBSTANCE USE DISORDER,Recodificada,0.945,Predictor principal
SEVYRSEDANY,"RC-SEDATIVE USE DISORDER SEVERITY, PY USERS",RECODED SUBSTANCE USE DISORDER,Recodificada,0.338,Predictor principal
SVYRTQSDANY,"RC-TRANQUILIZER OR SEDATIVE USE DISORDER SEVERITY, PY USERS",RECODED SUBSTANCE USE DISORDER,Recodificada,100.0,Predictor principal
SVYRPSYANY,"RC-PSYCHOTHERAPUETIC USE DISORDER SEVERITY, PY USERS",RECODED SUBSTANCE USE DISORDER,Recodificada,100.0,Predictor principal
SVYROPIANY2,"RC-OPIOID (RX OPIOIDS OR HEROIN) USE DISORDER SEV, PY USERS",RECODED SUBSTANCE USE DISORDER,Recodificada,100.0,Predictor principal
SVYRCNSANY,"RC-CNS STIMULANT USE DISORDER SEVERITY, PY USERS",RECODED SUBSTANCE USE DISORDER,Recodificada,100.0,Predictor principal
SVYRDUDANY,"RC-DRUG USE DISORDER SEVERITY, PY USERS",RECODED SUBSTANCE USE DISORDER,Recodificada,100.0,Predictor principal
SVYRSUDANY,"RC-SUBSTANCE USE DISORDER SEVERITY, PY USERS",RECODED SUBSTANCE USE DISORDER,Recodificada,100.0,Predictor principal
SVYRTQSDMIS,"RC-TRANQUILIZER/SEDATIVE USE DISORDER SEVERITY, PY MISUSERS",RECODED SUBSTANCE USE DISORDER,Recodificada,100.0,Predictor principal
SVYROPIMIS,"RC-OPIOID USE DISORDER SEVERITY, PY MISUSERS",RECODED SUBSTANCE USE DISORDER,Recodificada,100.0,Predictor principal
SVYRCNSMIS,"RC-CNS STIMULANT USE DISORDER SEVERITY, PY MISUSERS",RECODED SUBSTANCE USE DISORDER,Recodificada,100.0,Predictor principal
SVYRTQSDUNM,"RC-TRANQ/SED USE DIS SEV, PY USERS/NOT MISUSERS ONLY",RECODED SUBSTANCE USE DISORDER,Recodificada,100.0,Predictor principal
SVYROPIUNM,"RC-OPIOID USE DIS SEV, PY RX OPIOID USERS/NOT MISUSERS ONLY",RECODED SUBSTANCE USE DISORDER,Recodificada,100.0,Predictor principal
SVYRCNSUNM,"RC-CNS STIM USE DIS SEV, PY STM USERS/ NOT MISUSERS ONLY",RECODED SUBSTANCE USE DISORDER,Recodificada,100.0,Predictor principal
MRJYRBFR,USE MJ/CANNABIS EVEN ONCE YR BEFORE LAST,PRIOR SUBSTANCE USE,Original u otra,98.932,Predictor principal
MRJAGLST,HOW OLD WERE YOU THE LAST TIME USED MARIJUANA/CANNABIS,PRIOR SUBSTANCE USE,Original u otra,78.803,Predictor principal
MRJYLU,YEAR OF LAST MARIJUANA/CANNABIS USE - RECODE,PRIOR SUBSTANCE USE,Original u otra,57.344,Predictor principal
MRJMLU,MONTH OF LAST MARIJUANA/CANNABIS USE - RECODE,PRIOR SUBSTANCE USE,Original u otra,56.855,Predictor principal
CIGAGLST,HOW OLD WERE YOU THE LAST TIME SMOKED CIGARETTE,PRIOR SUBSTANCE USE,Original u otra,84.179,Predictor principal
CIGYLU,YEAR OF LAST CIGARETTE USE - RECODE,PRIOR SUBSTANCE USE,Original u otra,54.278,Predictor principal
CIGMLU,MONTH OF LAST CIGARETTE USE - RECODE,PRIOR SUBSTANCE USE,Original u otra,53.988,Predictor principal
CIGDLLST,HOW OLD WERE YOU THE LAST TIME SMOKED CIGS DAILY,PRIOR SUBSTANCE USE,Original u otra,66.891,Predictor principal
CIGDLYLU,YEAR OF LAST CIGARETTE USE EVERY DAY - RECODE,PRIOR SUBSTANCE USE,Original u otra,51.263,Predictor principal
CIGDLMLU,MONTH OF LAST CIGARETTE USE EVERY DAY - RECODE,PRIOR SUBSTANCE USE,Original u otra,51.204,Predictor principal
SMKAGLAST,HOW OLD WERE YOU LAST THE TIME USED SMOKELESS TOB,PRIOR SUBSTANCE USE,Original u otra,95.922,Predictor principal
SMKYRLAST,YEAR OF LAST SMOKELESS TOBACCO USE - RECODE,PRIOR SUBSTANCE USE,Original u otra,87.581,Predictor principal
SMKMOLAST,MONTH OF LAST SMOKELESS TOBACCO USE - RECODE,PRIOR SUBSTANCE USE,Original u otra,87.494,Predictor principal
CGRAGLST,HOW OLD WERE YOU THE LAST TIME SMOKED CIGAR/CIGARILLO,PRIOR SUBSTANCE USE,Original u otra,93.41,Predictor principal
CIGARYLU,YEAR OF LAST CIGAR/CIGARILLO USE - RECODE,PRIOR SUBSTANCE USE,Original u otra,74.285,Predictor principal
CIGARMLU,MONTH OF LAST CIGAR/CIGARILLO USE - RECODE,PRIOR SUBSTANCE USE,Original u otra,74.073,Predictor principal
ALCAGLST,HOW OLD WERE YOU LAST TIME DRANK ALCOHOL BEVERAGE,PRIOR SUBSTANCE USE,Original u otra,47.982,Predictor principal
ALCYLU,YEAR OF LAST ALCOHOL USE - RECODE,PRIOR SUBSTANCE USE,Original u otra,35.777,Predictor principal
ALCMLU,MONTH OF LAST ALCOHOL USE - RECODE,PRIOR SUBSTANCE USE,Original u otra,35.371,Predictor principal
COCAGLST,HOW OLD WERE YOU THE LAST TIME USED COCAINE,PRIOR SUBSTANCE USE,Original u otra,97.989,Predictor principal
COCYLU,YEAR OF LAST COCAINE USE - RECODE,PRIOR SUBSTANCE USE,Original u otra,87.579,Predictor principal
COCMLU,MONTH OF LAST COCAINE USE - RECODE,PRIOR SUBSTANCE USE,Original u otra,87.478,Predictor principal
CRKAGLST,HOW OLD WERE YOU THE LAST TIME USED CRACK,PRIOR SUBSTANCE USE,Original u otra,99.372,Predictor principal
CRKYLU,YEAR OF LAST CRACK USE - RECODE,PRIOR SUBSTANCE USE,Original u otra,96.793,Predictor principal
CRKMLU,MONTH OF LAST CRACK USE - RECODE,PRIOR SUBSTANCE USE,Original u otra,96.786,Predictor principal
HERAGLST,HOW OLD WERE YOU THE LAST TIME USED HEROIN,PRIOR SUBSTANCE USE,Original u otra,99.476,Predictor principal
HERYLU,YEAR OF LAST HEROIN USE - RECODE,PRIOR SUBSTANCE USE,Original u otra,97.666,Predictor principal
HERMLU,MONTH OF LAST HEROIN USE - RECODE,PRIOR SUBSTANCE USE,Original u otra,97.664,Predictor principal
HALLAGLST,HOW OLD WERE YOU THE LAST TIME USED HALLUCINOGEN,PRIOR SUBSTANCE USE,Original u otra,96.801,Predictor principal
HALLYRLST,YEAR OF LAST HALLUCINOGEN USE - RECODE,PRIOR SUBSTANCE USE,Original u otra,84.181,Predictor principal
HALLMOLST,MONTH OF LAST HALLUCINOGEN USE - RECODE,PRIOR SUBSTANCE USE,Original u otra,83.953,Predictor principal
LSDAGLST,HOW OLD WERE YOU THE LAST TIME USED LSD,PRIOR SUBSTANCE USE,Original u otra,98.681,Predictor principal
LSDYLU,YEAR OF LAST LSD USE - RECODE,PRIOR SUBSTANCE USE,Original u otra,89.977,Predictor principal
LSDMLU,MONTH OF LAST LSD USE - RECODE,PRIOR SUBSTANCE USE,Original u otra,89.926,Predictor principal
PCPAGLST,HOW OLD WERE YOU THE LAST TIME USED PCP,PRIOR SUBSTANCE USE,Original u otra,99.643,Predictor principal
PCPYLU,YEAR OF LAST PCP USE - RECODE,PRIOR SUBSTANCE USE,Original u otra,98.311,Predictor principal
PCPMLU,MONTH OF LAST PCP USE - RECODE,PRIOR SUBSTANCE USE,Original u otra,98.307,Predictor principal
ECSTMOAGL,HOW OLD WERE YOU THE LAST TIME USED ECSTASY/MOLLY,PRIOR SUBSTANCE USE,Original u otra,98.672,Predictor principal
ECSTMOYLU,YEAR OF LAST ECSTASY OR MOLLY USE - RECODE,PRIOR SUBSTANCE USE,Original u otra,91.486,Predictor principal
ECSTMOMLU,MONTH OF LAST ECSTASY OR MOLLY USE - RECODE,PRIOR SUBSTANCE USE,Original u otra,91.444,Predictor principal
INHLAGLST,HOW OLD WERE YOU THE LAST TIME USED INHALANTS,PRIOR SUBSTANCE USE,Original u otra,97.808,Predictor principal
INHLYRLST,YEAR OF LAST INHALANT USE - RECODE,PRIOR SUBSTANCE USE,Original u otra,89.693,Predictor principal
INHLMOLST,MONTH OF LAST INHALANT USE - RECODE,PRIOR SUBSTANCE USE,Original u otra,89.634,Predictor principal
METHAGLST,HOW OLD WERE YOU THE LAST TIME USED METH,PRIOR SUBSTANCE USE,Original u otra,98.704,Predictor principal
METHYRLST,YEAR OF LAST METHAMPHETAMINE USE - RECODE,PRIOR SUBSTANCE USE,Original u otra,95.017,Predictor principal
METHMOLST,MONTH OF LAST METH USE - RECODE,PRIOR SUBSTANCE USE,Original u otra,94.991,Predictor principal
CIGYRBFR,SMOKE ALL OR PART OF CIGARETTE IN YR BEFORE LAST,PRIOR SUBSTANCE USE,Original u otra,71.752,Predictor principal
ALCYRBFR,HAVE ALCOHOLIC BEVERAGE IN YEAR BEFORE LAST,PRIOR SUBSTANCE USE,Original u otra,98.283,Predictor principal
COCYRBFR,HAVE ANY FORM OF COCAINE IN YEAR BEFORE LAST,PRIOR SUBSTANCE USE,Original u otra,99.626,Predictor principal
SUTSUPPADB,SUBSTANCE TYPE (ALC/DRGS/BOTH) PRTCPTD IN SUPP GRP FOR,ALCOHOL AND DRUG TREATMENT,Original u otra,12.398,Variable de sensibilidad
SUTOPALC2,RCVD OUTPATIENT TREATMENT FOR ALCOHOL USE - PST 12 MOS,ALCOHOL AND DRUG TREATMENT,Original u otra,19.33,Variable de sensibilidad
SUTOPMRJ2,RCVD OUTPATIENT TREATMENT FOR MARIJUANA USE - PST 12 MOS,ALCOHOL AND DRUG TREATMENT,Original u otra,49.204,Variable de sensibilidad
SUTOPINHL2,RCVD OUTPATIENT TREATMENT FOR INHALANT USE - PST 12 MOS,ALCOHOL AND DRUG TREATMENT,Original u otra,89.249,Variable de sensibilidad
SUTOPHALL2,RCVD OUTPATIENT TREATMENT FOR HALLUCINOGEN USE - PST 12 MOS,ALCOHOL AND DRUG TREATMENT,Original u otra,81.15,Variable de sensibilidad
SUTOPCOC2,RCVD OUTPATIENT TREATMENT FOR COCAINE USE - PST 12 MOS,ALCOHOL AND DRUG TREATMENT,Original u otra,86.816,Variable de sensibilidad
SUTOPHER2,RCVD OUTPATIENT TREATMENT FOR HEROIN USE - PST 12 MOS,ALCOHOL AND DRUG TREATMENT,Original u otra,97.689,Variable de sensibilidad
SUTOPMETH2,RCVD OUTPATIENT TREATMENT FOR METHAMPHETAMINE USE-PST 12 MOS,ALCOHOL AND DRUG TREATMENT,Original u otra,94.97,Variable de sensibilidad
SUTOPPNR2,RCVD OUTPATIENT TREATMENT FOR PAIN RELIEVER USE - PST 12 MOS,ALCOHOL AND DRUG TREATMENT,Original u otra,49.128,Variable de sensibilidad
SUTOPSTM2,RCVD OUTPATIENT TREATMENT FOR STIMULANT USE - PST 12 MOS,ALCOHOL AND DRUG TREATMENT,Original u otra,85.528,Variable de sensibilidad
SUTOPTRQ2,RCVD OUTPATIENT TREATMENT FOR TRANQUILIZER USE - PST 12 MOS,ALCOHOL AND DRUG TREATMENT,Original u otra,81.397,Variable de sensibilidad
SUTOPSED2,RCVD OUTPATIENT TREATMENT FOR SEDATIVE USE - PST 12 MOS,ALCOHOL AND DRUG TREATMENT,Original u otra,89.571,Variable de sensibilidad
SUTOPODG2,RCVD OUTPATIENT TREATMENT FOR OTHER DRUG USE - PST 12 MOS,ALCOHOL AND DRUG TREATMENT,Original u otra,13.114,Variable de sensibilidad
SUTPHVIADB,SUBSTANCE TYPE (ALC/DRGS/BOTH) RCVD PHONE/VIDEO SRVCS FOR,ALCOHOL AND DRUG TREATMENT,Original u otra,11.654,Variable de sensibilidad
SUTPEERADB,SUB TYPE (ALC/DRG/BOTH) RCVD HELP FROM PEER SUPP SPCLST FOR,ALCOHOL AND DRUG TREATMENT,Original u otra,11.119,Variable de sensibilidad
SUTUNCOST2,UNMET SUB TRMT NEED: TREATMENT COST TOO MUCH,ALCOHOL AND DRUG TREATMENT,Original u otra,11.233,Variable de sensibilidad
SUTUNINSCV2,UNMET SUB TRMT NEED: NO HEALTH INSURANCE COVERAGE FOR TRMT,ALCOHOL AND DRUG TREATMENT,Original u otra,11.174,Variable de sensibilidad
SUTUNENFCV2,UNMET SUB TRMT NEED: HEALTH INSURANCE DID NOT COVER ENOUGH,ALCOHOL AND DRUG TREATMENT,Original u otra,11.157,Variable de sensibilidad
SUTUNWHER2,UNMET SUB TRMT NEED: DID NOT KNOW HOW/WHERE TO GET TREATMENT,ALCOHOL AND DRUG TREATMENT,Original u otra,11.237,Variable de sensibilidad
SUTUNNOFND2,UNMET SUB TRMT NEED: COULD NOT FIND PREFERRED PROVIDER,ALCOHOL AND DRUG TREATMENT,Original u otra,11.199,Variable de sensibilidad
SUTUNNOOPN2,UNMET SUB TRMT NEED: NO OPENINGS WITH PREFERRED PROVIDER,ALCOHOL AND DRUG TREATMENT,Original u otra,11.171,Variable de sensibilidad
SUTUNPROBS2,"UNMET SUB TRMT NEED: PROB W/TRANS, CHILD CARE, APPT TIMES",ALCOHOL AND DRUG TREATMENT,Original u otra,11.22,Variable de sensibilidad
SUTUNTIME2,UNMET SUB TRMT NEED: NOT ENOUGH TIME FOR TREATMENT,ALCOHOL AND DRUG TREATMENT,Original u otra,11.222,Variable de sensibilidad
SUTUNPRIV2,UNMET SUB TRMT NEED: WORRIED THAT INFO NOT KEPT PRIVATE,ALCOHOL AND DRUG TREATMENT,Original u otra,11.222,Variable de sensibilidad
SUTUNPTHNK2,UNMET SUB TRMT NEED: WORRIED WHAT PEOPLE WOULD THINK OR SAY,ALCOHOL AND DRUG TREATMENT,Original u otra,11.241,Variable de sensibilidad
SUTUNCONSQ2,"UNMET SUB TRMT NEED: WORRIED LOSS OF JOB, HOME, CHLDRN, ETC",ALCOHOL AND DRUG TREATMENT,Original u otra,11.224,Variable de sensibilidad
SUTUNSTART2,UNMET SUB TRMT NEED: NOT READY TO START TREATMENT,ALCOHOL AND DRUG TREATMENT,Original u otra,11.224,Variable de sensibilidad
SUTUNQUIT2,UNMET SUB TRMT NEED: NOT RDY TO STOP/CUT BCK ON ALC/DRUG USE,ALCOHOL AND DRUG TREATMENT,Original u otra,11.224,Variable de sensibilidad
SUTUNHNDL2,UNMET SUB TRMT NEED: THGHT COULD HANDLE ALC/DRUG USE ON OWN,ALCOHOL AND DRUG TREATMENT,Original u otra,11.226,Variable de sensibilidad
SUTUNFFLKE2,UNMET SUB TRMT NEED: FAMILY/FRIENDS/RELIG GROUP WOULDNT LIKE,ALCOHOL AND DRUG TREATMENT,Original u otra,11.231,Variable de sensibilidad
SUTUNFORCE2,UNMET SUB TRMT NEED: WORRIED ABOUT BEING FORCED AGAINST WILL,ALCOHOL AND DRUG TREATMENT,Original u otra,11.22,Variable de sensibilidad
SUTUNNOHLP2,UNMET SUB TRMT NEED: DIDN'T THINK TREATMENT WOULD HELP,ALCOHOL AND DRUG TREATMENT,Original u otra,11.201,Variable de sensibilidad
SUTUNCARE2,UNMET SUB TRMT NEED: NO ONE WOULD CARE IF YOU GOT BETTER,ALCOHOL AND DRUG TREATMENT,Original u otra,11.216,Variable de sensibilidad
IRSUTSUPPGRP,PARTICIPATED IN SUPPORT GRP FOR SUBSTANCE USE - PY - IMP REV,IMPUTED ALCOHOL AND DRUG TREATMENT,Imputada,100.0,Variable de sensibilidad
IISUTSUPPGRP,PARTICIPATED IN SUPPORT GRP FOR SUBSTANCE USE - PY - IMP IND,IMPUTED ALCOHOL AND DRUG TREATMENT,Imputada,89.351,Excluir de variables de entrada
IRSUTERED,SEEN IN EMERGENCY ROOM/DEPT FOR SUBSTANCE USE - PY - IMP REV,IMPUTED ALCOHOL AND DRUG TREATMENT,Imputada,100.0,Variable de sensibilidad
IISUTERED,SEEN IN EMERGENCY ROOM/DEPT FOR SUBSTANCE USE - PY - IMP IND,IMPUTED ALCOHOL AND DRUG TREATMENT,Imputada,89.355,Excluir de variables de entrada
IRSUTINHOSP2,RCVD SUB TRMT AT HOSPITAL AS INPATIENT - PY - IMP REV,IMPUTED ALCOHOL AND DRUG TREATMENT,Imputada,100.0,Variable de sensibilidad
IISUTINHOSP2,RCVD SUB TRMT AT HOSPITAL AS INPATIENT - PY - IMP IND,IMPUTED ALCOHOL AND DRUG TREATMENT,Imputada,89.344,Excluir de variables de entrada
IRSUTINRHAB2,RCVD SUB TRMT AT RSDNTL SUB REHAB/TRMT CTR - PY - IMP REV,IMPUTED ALCOHOL AND DRUG TREATMENT,Imputada,100.0,Variable de sensibilidad
IISUTINRHAB2,RCVD SUB TRMT AT RSDNTL SUB REHAB/TRMT CTR - PY - IMP IND,IMPUTED ALCOHOL AND DRUG TREATMENT,Imputada,89.355,Excluir de variables de entrada
IRSUTINRSMH2,RCVD SUB TRMT AT RSDNTL MNTL HLTH TRMT CTR - PY - IMP REV,IMPUTED ALCOHOL AND DRUG TREATMENT,Imputada,100.0,Variable de sensibilidad
IISUTINRSMH2,RCVD SUB TRMT AT RSDNTL MNTL HLTH TRMT CTR - PY - IMP IND,IMPUTED ALCOHOL AND DRUG TREATMENT,Imputada,89.355,Excluir de variables de entrada
IRSUTINOPL2,RCVD SUB TRMT AT OTHER PLACE AS INPATIENT - PY - IMP REV,IMPUTED ALCOHOL AND DRUG TREATMENT,Imputada,100.0,Variable de sensibilidad
IISUTINOPL2,RCVD SUB TRMT AT OTHER PLACE AS INPATIENT - PY - IMP IND,IMPUTED ALCOHOL AND DRUG TREATMENT,Imputada,89.353,Excluir de variables de entrada
IRSUTOPRHAB2,RCVD SUB TRMT AT OUTPTNT SUB REHAB/TRMT CTR - PY - IMP REV,IMPUTED ALCOHOL AND DRUG TREATMENT,Imputada,100.0,Variable de sensibilidad
IISUTOPRHAB2,RCVD SUB TRMT AT OUTPTNT SUB REHAB/TRMT CTR - PY - IMP IND,IMPUTED ALCOHOL AND DRUG TREATMENT,Imputada,89.355,Excluir de variables de entrada
IRSUTOPMHCR2,RCVD SUB TRMT AT OUTPTNT MNTL HLTH TRMT CTR - PY - IMP REV,IMPUTED ALCOHOL AND DRUG TREATMENT,Imputada,100.0,Variable de sensibilidad
IISUTOPMHCR2,RCVD SUB TRMT AT OUTPTNT MNTL HLTH TRMT CTR - PY - IMP IND,IMPUTED ALCOHOL AND DRUG TREATMENT,Imputada,89.355,Excluir de variables de entrada
IRSUTOPTHRP2,RCVD SUB TRMT AT THERAPIST OFFICE - PY - IMP REV,IMPUTED ALCOHOL AND DRUG TREATMENT,Imputada,100.0,Variable de sensibilidad
IISUTOPTHRP2,RCVD SUB TRMT AT THERAPIST OFFICE - PY - IMP IND,IMPUTED ALCOHOL AND DRUG TREATMENT,Imputada,89.355,Excluir de variables de entrada
IRSUTOPDOC2,RCVD SUB TRMT AT GENERAL MEDICAL OFFICE - PY - IMP REV,IMPUTED ALCOHOL AND DRUG TREATMENT,Imputada,100.0,Variable de sensibilidad
IISUTOPDOC2,RCVD SUB TRMT AT GENERAL MEDICAL OFFICE - PY - IMP IND,IMPUTED ALCOHOL AND DRUG TREATMENT,Imputada,89.353,Excluir de variables de entrada
IRSUTOPHOSP2,RCVD SUB TRMT AT HOSPITAL AS OUTPATIENT - PY - IMP REV,IMPUTED ALCOHOL AND DRUG TREATMENT,Imputada,100.0,Variable de sensibilidad
IISUTOPHOSP2,RCVD SUB TRMT AT HOSPITAL AS OUTPATIENT - PY - IMP IND,IMPUTED ALCOHOL AND DRUG TREATMENT,Imputada,89.355,Excluir de variables de entrada
IRSUTOPSCHL2,RCVD SUB TRMT AT SCHOOL HEALTH/COUNSELING - PY - IMP REV,IMPUTED ALCOHOL AND DRUG TREATMENT,Imputada,100.0,Variable de sensibilidad
IISUTOPSCHL2,RCVD SUB TRMT AT SCHOOL HEALTH/COUNSELING - PY - IMP IND,IMPUTED ALCOHOL AND DRUG TREATMENT,Imputada,89.355,Excluir de variables de entrada
IRSUTOPOPL2,RCVD SUB TRMT AT OTHER PLACE AS OUTPATIENT - PY - IMP REV,IMPUTED ALCOHOL AND DRUG TREATMENT,Imputada,100.0,Variable de sensibilidad
IISUTOPOPL2,RCVD SUB TRMT AT OTHER PLACE AS OUTPATIENT - PY - IMP IND,IMPUTED ALCOHOL AND DRUG TREATMENT,Imputada,89.355,Excluir de variables de entrada
IRSUTRXALC,USED RX MED TO HELP CUT BACK OR STOP ALCOHOL USE - IMP REV,IMPUTED ALCOHOL AND DRUG TREATMENT,Imputada,100.0,Variable de sensibilidad
IISUTRXALC,USED RX MED TO HELP CUT BACK OR STOP ALCOHOL USE - IMP IND,IMPUTED ALCOHOL AND DRUG TREATMENT,Imputada,82.801,Excluir de variables de entrada
IRSUTRXDRG,USED RX MED TO HELP CUT BACK/STOP HER/PNR USE - IMP REV,IMPUTED ALCOHOL AND DRUG TREATMENT,Imputada,100.0,Variable de sensibilidad
IISUTRXDRG,USED RX MED TO HELP CUT BACK/STOP HER/PNR USE - IMP IND,IMPUTED ALCOHOL AND DRUG TREATMENT,Imputada,51.804,Excluir de variables de entrada
IRSUTODRVMED,TREATED WITH OVERDOSE REVERSAL MEDICATION - PY - IMP REV,IMPUTED ALCOHOL AND DRUG TREATMENT,Imputada,100.0,Variable de sensibilidad
IISUTODRVMED,TREATED WITH OVERDOSE REVERSAL MEDICATION - PY - IMP IND,IMPUTED ALCOHOL AND DRUG TREATMENT,Imputada,74.517,Excluir de variables de entrada
IRSUTPHVID,RCVD PHONE/VIDEO SVCS FOR SUB USE - PY - IMP REV,IMPUTED ALCOHOL AND DRUG TREATMENT,Imputada,100.0,Variable de sensibilidad
IISUTPHVID,RCVD PHONE/VIDEO SVCS FOR SUB USE - PY - IMP IND,IMPUTED ALCOHOL AND DRUG TREATMENT,Imputada,89.353,Excluir de variables de entrada
IRSUTDETOX,RCVD DETOX SRVCS FOR SUB USE WITHDRAWAL SYMPT - PY - IMP REV,IMPUTED ALCOHOL AND DRUG TREATMENT,Imputada,100.0,Variable de sensibilidad
IISUTDETOX,RCVD DETOX SRVCS FOR SUB USE WITHDRAWAL SYMPT - PY - IMP IND,IMPUTED ALCOHOL AND DRUG TREATMENT,Imputada,73.061,Excluir de variables de entrada
IRSUTPEERSPC,RCVD SUB USE HELP FM PEER SUPP SPCLST/RCVY COACH-PY-IMP REV,IMPUTED ALCOHOL AND DRUG TREATMENT,Imputada,100.0,Variable de sensibilidad
IISUTPEERSPC,RCVD SUB USE HELP FM PEER SUPP SPCLST/RCVY COACH-PY-IMP IND,IMPUTED ALCOHOL AND DRUG TREATMENT,Imputada,89.355,Excluir de variables de entrada
SUTINPPY2,RC-RCVD SUB USE TREATMENT AS AN INPATIENT - PAST YEAR,RECODED ALCOHOL AND DRUG TREATMENT,Recodificada,100.0,Variable de sensibilidad
SUTOPPY2,RC-RCVD SUB USE TREATMENT AS AN OUTPATIENT - PAST YEAR,RECODED ALCOHOL AND DRUG TREATMENT,Recodificada,100.0,Variable de sensibilidad
SUTOPNDOC2,RC-RCVD SUB TRMT AS AN OUTPATIENT OTHER THAN GEN MED-PY,RECODED ALCOHOL AND DRUG TREATMENT,Recodificada,100.0,Variable de sensibilidad
SUTOPALCPY2,RC- RCVD SUB USE TRMT AS AN OUTPATIENT FOR ALCOHOL USE - PY,RECODED ALCOHOL AND DRUG TREATMENT,Recodificada,0.979,Variable de sensibilidad
SUTOPMRJPY2,RC-RCVD SUB USE TRMT AS AN OUTPATIENT FOR MARIJUANA USE - PY,RECODED ALCOHOL AND DRUG TREATMENT,Recodificada,0.416,Variable de sensibilidad
SUTOPCOCPY2,RC-RCVD SUB USE TRMT AS AN OUTPATIENT FOR COCAINE USE - PY,RECODED ALCOHOL AND DRUG TREATMENT,Recodificada,0.18,Variable de sensibilidad
SUTOPHERPY2,RC-RCVD SUB USE TRMT AS AN OUTPATIENT FOR HEROIN USE - PY,RECODED ALCOHOL AND DRUG TREATMENT,Recodificada,0.311,Variable de sensibilidad
SUTOPHALPY2,RC-RCVD SUB USE TRMT AS AN OUTPATIENT FOR HALLUC USE - PY,RECODED ALCOHOL AND DRUG TREATMENT,Recodificada,0.085,Variable de sensibilidad
SUTOPINHPY2,RC-RCVD SUB USE TRMT AS AN OUTPATIENT FOR INHALANT USE - PY,RECODED ALCOHOL AND DRUG TREATMENT,Recodificada,0.04,Variable de sensibilidad
SUTOPMTHPY2,RC-RCVD SUB USE TRMT AS AN OUTPATIENT FOR METHAM USE - PY,RECODED ALCOHOL AND DRUG TREATMENT,Recodificada,0.364,Variable de sensibilidad
SUTOPPNRPY2,RC-RCVD SUB USE TRMT AS AN OUTPATIENT FOR PAIN REL USE - PY,RECODED ALCOHOL AND DRUG TREATMENT,Recodificada,0.577,Variable de sensibilidad
SUTOPSTMPY2,RC-RCVD SUB USE TRMT AS AN OUTPATIENT FOR STIM USE - PY,RECODED ALCOHOL AND DRUG TREATMENT,Recodificada,0.163,Variable de sensibilidad
SUTOPTRQPY2,RC-RCVD SUB USE TRMT AS AN OUTPATIENT FOR TRANQ USE - PY,RECODED ALCOHOL AND DRUG TREATMENT,Recodificada,0.216,Variable de sensibilidad
SUTOPSEDPY2,RC-RCVD SUB USE TRMT AS AN OUTPATIENT FOR SEDATIVE USE-PY,RECODED ALCOHOL AND DRUG TREATMENT,Recodificada,0.07,Variable de sensibilidad
SUTOPTQSDPY2,RC-RCVD SUB USE TRMT AS AN OUTPATIENT FOR TRQ OR SED USE-PY,RECODED ALCOHOL AND DRUG TREATMENT,Recodificada,100.0,Variable de sensibilidad
SUTOPPSYPY2,RC-RCVD SUB USE TRMT AS AN OUTPATIENT FOR PSYCHO USE - PY,RECODED ALCOHOL AND DRUG TREATMENT,Recodificada,100.0,Variable de sensibilidad
SUTOPOPIPY2,RC-RCVD SUB USE TRMT AS AN OUTPATIENT FOR OPIOID USE - PY,RECODED ALCOHOL AND DRUG TREATMENT,Recodificada,100.0,Variable de sensibilidad
SUTOPCNSPY2,RC-RCVD SUB USE TRMT AS AN OUTPATIENT FOR CNS USE - PY,RECODED ALCOHOL AND DRUG TREATMENT,Recodificada,100.0,Variable de sensibilidad
SUTOPDRGPY2,RC-RCVD SUB USE TRMT AS AN OUTPATIENT FOR DRUG USE - PY,RECODED ALCOHOL AND DRUG TREATMENT,Recodificada,100.0,Variable de sensibilidad
SUTOPDRALPY2,RC-RCVD SUB USE TRMT AS AN OUTPATIENT FOR DRUGS AND ALC - PY,RECODED ALCOHOL AND DRUG TREATMENT,Recodificada,100.0,Variable de sensibilidad
SUTOPUNSPPY2,RC-RCVD SUB USE TRMT AS AN OUTPATIENT - SUB UNSPECIFIED - PY,RECODED ALCOHOL AND DRUG TREATMENT,Recodificada,0.814,Variable de sensibilidad
SUTPHVIDRG,RC-RCVD PHONE/VIDEO SERVICES FOR DRUG USE - PAST YEAR,RECODED ALCOHOL AND DRUG TREATMENT,Recodificada,99.911,Variable de sensibilidad
SUTPHVIALC,RC-RCVD PHONE/VIDEO SERVICES FOR ALCOHOL USE - PAST YEAR,RECODED ALCOHOL AND DRUG TREATMENT,Recodificada,99.911,Variable de sensibilidad
SUTRTPY2,RC-RCVD SUBSTANCE USE TREATMENT - PAST YEAR,RECODED ALCOHOL AND DRUG TREATMENT,Recodificada,100.0,Variable de sensibilidad
SUTRTDRGPY2,RC-RCVD SUB USE TREATMENT FOR DRUG USE - PAST YEAR,RECODED ALCOHOL AND DRUG TREATMENT,Recodificada,2.296,Variable de sensibilidad
SUTRTALCPY2,RC-RCVD SUB USE TREATMENT FOR ALCOHOL USE - PAST YEAR,RECODED ALCOHOL AND DRUG TREATMENT,Recodificada,1.784,Variable de sensibilidad
SUTRTDRALPY2,RC-RCVD SUB USE TREATMENT FOR DRUG AND ALCOHOL USE - PST YR,RECODED ALCOHOL AND DRUG TREATMENT,Recodificada,100.0,Variable de sensibilidad
SUTRTUNSPPY2,RC-RCVD SUB USE TREATMENT - SUB UNSPECIFIED - PAST YEAR,RECODED ALCOHOL AND DRUG TREATMENT,Recodificada,0.801,Variable de sensibilidad
SUTRTOSVPY2,RC-RCVD SUB USE TREATMENT OR OTHER SERVICES - PAST YEAR,RECODED ALCOHOL AND DRUG TREATMENT,Recodificada,100.0,Variable de sensibilidad
SUTNEEDPY2,RC-CLASSIFIED AS NEEDING SUBSTANCE USE TREATMENT - PAST YEAR,RECODED ALCOHOL AND DRUG TREATMENT,Recodificada,100.0,Variable de sensibilidad
SUTNEDALCPY2,RC-CLASSIFIED AS NEEDING SUB USE TRMT FOR ALC USE - PST YR,RECODED ALCOHOL AND DRUG TREATMENT,Recodificada,100.0,Variable de sensibilidad
SUTSKTHPY2,"RC-SOUGHT OR THGHT SHLD GET SUB USE TRT, DIDNT RCV TRT - PY",RECODED ALCOHOL AND DRUG TREATMENT,Recodificada,94.243,Variable de sensibilidad
SUNTCOST2,RC-UNMET PY SUB USE TRT NEED: THOUGHT COST TOO MUCH,RECODED ALCOHOL AND DRUG TREATMENT,Recodificada,0.973,Variable de sensibilidad
SUNTINSCV2,RC-UNMET PY SUB USE TRT NEED: NO HEALTH INSUR COVERAGE,RECODED ALCOHOL AND DRUG TREATMENT,Recodificada,0.913,Variable de sensibilidad
SUNTENCV2,RC-UNMET PY SUB USE TRT NEED: HLTH INSUR DIDNT COVER ENOUGH,RECODED ALCOHOL AND DRUG TREATMENT,Recodificada,0.896,Variable de sensibilidad
SUNTWHER2,RC-UNMET PY SUB USE TRT NEED: DIDNT KNOW WHERE TO GET TRT,RECODED ALCOHOL AND DRUG TREATMENT,Recodificada,0.977,Variable de sensibilidad
SUNTNOFND2,RC-UNMET PY SUB USE TRT NEED: COULDNT FIND PREFERRED PROVIDR,RECODED ALCOHOL AND DRUG TREATMENT,Recodificada,0.939,Variable de sensibilidad
SUNTNOOPN2,RC-UNMET PY SUB USE TRT NEED: NO OPENING W/ PREFERRED PROVID,RECODED ALCOHOL AND DRUG TREATMENT,Recodificada,0.911,Variable de sensibilidad
SUNTPROBS2,"RC-UNMET PY SUB USE TRT NEED: PROB W/TRAN, CHLDCARE, APPT TM",RECODED ALCOHOL AND DRUG TREATMENT,Recodificada,0.96,Variable de sensibilidad
SUNTTIME2,RC-UNMET PY SUB USE TRT NEED: NOT ENOUGH TIME FOR TRT,RECODED ALCOHOL AND DRUG TREATMENT,Recodificada,0.962,Variable de sensibilidad
SUNTPRIV2,RC-UNMET PY SUB USE TRT NEED: WORRIED INFO NOT KEPT PRIVATE,RECODED ALCOHOL AND DRUG TREATMENT,Recodificada,0.962,Variable de sensibilidad
SUNTPTHNK2,RC-UNMET PY SUB USE TRT NEED: WORRIED WHAT PEOPLE THNK/SAY,RECODED ALCOHOL AND DRUG TREATMENT,Recodificada,0.981,Variable de sensibilidad
SUNTCONSQ2,RC-UNMET PY SUB USE TRT NEED: THGHT WOULD LOSE JOB/HOME/CHLD,RECODED ALCOHOL AND DRUG TREATMENT,Recodificada,0.964,Variable de sensibilidad
SUNTSTART2,RC-UNMET PY SUB USE TRT NEED: NOT READY TO START TRT,RECODED ALCOHOL AND DRUG TREATMENT,Recodificada,0.964,Variable de sensibilidad
SUNTQUIT2,RC-UNMET PY SUB USE TRT NEED: NOT RDY TO STOP/CUT SUB USE,RECODED ALCOHOL AND DRUG TREATMENT,Recodificada,0.964,Variable de sensibilidad
SUNTHNDL2,RC-UNMET PY SUB USE TRT NEED: THOUGHT COULD HANDLE ON OWN,RECODED ALCOHOL AND DRUG TREATMENT,Recodificada,0.966,Variable de sensibilidad
SUNTFFLKE2,RC-UNMET PY SUB USE TRT NEED: FAM/FRIENDS/RELIG WOULDNT LIKE,RECODED ALCOHOL AND DRUG TREATMENT,Recodificada,0.97,Variable de sensibilidad
SUNTFORCE2,RC-UNMET PY SUB USE TRT NEED: AFRAID TO BE FORCD AGNST WILL,RECODED ALCOHOL AND DRUG TREATMENT,Recodificada,0.96,Variable de sensibilidad
SUNTNOHLP2,RC-UNMET PY SUB USE TRT NEED: DIDN'T THINK TRT WOULD HELP,RECODED ALCOHOL AND DRUG TREATMENT,Recodificada,0.941,Variable de sensibilidad
SUNTCARE2,RC-UNMET PY SUB USE TRT NEED: NO ONE CARE IF YOU GOT BETTER,RECODED ALCOHOL AND DRUG TREATMENT,Recodificada,0.956,Variable de sensibilidad
RSKCIGPKD,RISK SMOKING 1 OR MORE PACKS CIGARETTES PER DAY,RISK/AVAILABILITY,Original u otra,98.827,Predictor principal
RSKMRJMON,RISK SMOKING MARIJUANA ONCE A MONTH,RISK/AVAILABILITY,Original u otra,98.581,Predictor principal
RSKMRJWK,RISK SMOKING MARIJUANA ONCE OR TWICE A WEEK,RISK/AVAILABILITY,Original u otra,98.533,Predictor principal
RSKLSDTRY,RISK TRYING LSD ONCE OR TWICE,RISK/AVAILABILITY,Original u otra,97.831,Predictor principal
RSKLSDWK,RISK USING LSD ONCE OR TWICE A WEEK,RISK/AVAILABILITY,Original u otra,97.77,Predictor principal
RSKHERTRY,RISK TRYING HEROIN ONCE OR TWICE,RISK/AVAILABILITY,Original u otra,98.273,Predictor principal
RSKHERWK,RISK USING HEROIN ONCE OR TWICE A WEEK,RISK/AVAILABILITY,Original u otra,98.355,Predictor principal
RSKCOCMON,RISK USING COCAINE ONCE A MONTH,RISK/AVAILABILITY,Original u otra,98.275,Predictor principal
RSKCOCWK,RISK USING COCAINE ONCE OR TWICE A WEEK,RISK/AVAILABILITY,Original u otra,98.317,Predictor principal
RSKBNGDLY,RISK HAVING 4 OR 5 DRINKS NEARLY EVERY DAY,RISK/AVAILABILITY,Original u otra,98.736,Predictor principal
RSKBNGWK,RISK HAVING 5 OR MORE DRINKS ONCE OR TWICE A WEEK,RISK/AVAILABILITY,Original u otra,98.702,Predictor principal
DIFGETMRJ,HOW DIFFICULT TO GET MARIJUANA,RISK/AVAILABILITY,Original u otra,97.839,Predictor principal
DIFGETLSD,HOW DIFFICULT TO GET LSD,RISK/AVAILABILITY,Original u otra,96.465,Predictor principal
DIFGETCOC,HOW DIFFICULT TO GET COCAINE,RISK/AVAILABILITY,Original u otra,96.759,Predictor principal
DIFGETCRK,"HOW DIFFICULT TO GET ""CRACK""",RISK/AVAILABILITY,Original u otra,96.66,Predictor principal
DIFGETHER,HOW DIFFICULT TO GET HEROIN,RISK/AVAILABILITY,Original u otra,96.626,Predictor principal
APPDRGMON,APPROACHED BY SOMEONE SELLING ILL DRUG PST 30 DYS,RISK/AVAILABILITY,Original u otra,99.201,Predictor principal
RSKYFQDGR,GET A REAL KICK OUT OF DOING DANGEROUS THINGS,RISK/AVAILABILITY,Original u otra,98.835,Predictor principal
RSKYFQTES,LIKE TO TEST YOURSELF BY DOING RISKY THINGS,RISK/AVAILABILITY,Original u otra,99.004,Predictor principal
RKFQPBLT,WEAR A SEATBELT WHEN RIDE FRONT PASS SEAT OF CAR,RISK/AVAILABILITY,Original u otra,99.199,Predictor principal
RKFQDBLT,WEAR A SEATBELT WHEN YOU DRIVE A CAR,RISK/AVAILABILITY,Original u otra,99.203,Predictor principal
GRSKCIGPKD,RC-GREAT RISK:  SMOKE 1+ PACKS CIGARETTES PER DAY,RECODED RISK/AVAILABILITY,Recodificada,65.412,Predictor principal
GRSKMRJMON,RC-GREAT RISK:  USE MARIJUANA ONCE A MONTH,RECODED RISK/AVAILABILITY,Recodificada,16.969,Predictor principal
GRSKMRJWK,RC-GREAT RISK:  USE MARIJUANA 1-2 TIMES PER WEEK,RECODED RISK/AVAILABILITY,Recodificada,20.605,Predictor principal
GRSKCOCMON,RC-GREAT RISK:  USE COCAINE ONCE A MONTH,RECODED RISK/AVAILABILITY,Recodificada,63.185,Predictor principal
GRSKCOCWK,RC-GREAT RISK:  USE COCAINE 1-2 TIMES PER WEEK,RECODED RISK/AVAILABILITY,Recodificada,81.439,Predictor principal
GRSKHERTRY,RC-GREAT RISK:  TRYING HEROIN ONCE OR TWICE,RECODED RISK/AVAILABILITY,Recodificada,79.655,Predictor principal
GRSKHERWK,RC-GREAT RISK:  USE HEROIN 1-2 TIMES PER WEEK,RECODED RISK/AVAILABILITY,Recodificada,90.655,Predictor principal
GRSKLSDTRY,RC-GREAT RISK:  TRYING LSD ONCE OR TWICE,RECODED RISK/AVAILABILITY,Recodificada,49.984,Predictor principal
GRSKLSDWK,RC-GREAT RISK:  USE LSD 1-2 TIMES PER WEEK,RECODED RISK/AVAILABILITY,Recodificada,67.158,Predictor principal
GRSKBNGDLY,RC-GREAT RISK:  HAVE 4-5 ALC DRINKS PER DAY,RECODED RISK/AVAILABILITY,Recodificada,68.602,Predictor principal
GRSKBNGWK,RC-GREAT RISK:  HAVE 5+ ALC DRINKS 1-2 TIMES PER WEEK,RECODED RISK/AVAILABILITY,Recodificada,44.771,Predictor principal
DIFOBTMRJ,RC-MARIJUANA FAIRLY OR VERY EASY TO OBTAIN,RECODED RISK/AVAILABILITY,Recodificada,71.215,Predictor principal
DIFOBTCOC,RC-COCAINE FAIRLY OR VERY EASY TO OBTAIN,RECODED RISK/AVAILABILITY,Recodificada,20.191,Predictor principal
DIFOBTCRK,RC-CRACK FAIRLY OR VERY EASY TO OBTAIN,RECODED RISK/AVAILABILITY,Recodificada,14.52,Predictor principal
DIFOBTHER,RC-HEROIN FAIRLY OR VERY EASY TO OBTAIN,RECODED RISK/AVAILABILITY,Recodificada,13.007,Predictor principal
DIFOBTLSD,RC-LSD FAIRLY OR VERY EASY TO OBTAIN,RECODED RISK/AVAILABILITY,Recodificada,14.068,Predictor principal
APPDRGMON2,RC-APPROACHED BY SOMEONE SELLING DRUGS,RECODED RISK/AVAILABILITY,Recodificada,99.201,Predictor principal
SNYSELL,SOLD ILLEGAL DRUGS,SOCIAL ENVIRONMENT,Original u otra,97.7,Predictor principal
SNYSTOLE,STOLEN/TRIED TO STEAL ANYTHING WORTH > $50,SOCIAL ENVIRONMENT,Original u otra,97.71,Predictor principal
SNYATTAK,ATTACKED SOMEONE W/INTENT TO SERIOUSLY HURT THEM,SOCIAL ENVIRONMENT,Original u otra,97.706,Predictor principal
SNAFLMJTRY,HOW YOU FEEL ABOUT ADULTS TRYING MJ/CANNABIS,SOCIAL ENVIRONMENT,Original u otra,97.0,Predictor principal
SNRLGIMP,MY RELIGIOUS BELIEFS ARE VERY IMPORTANT,SOCIAL ENVIRONMENT,Original u otra,96.52,Predictor principal
SNRLDCSN,MY RELIGIOUS BELIEFS INFLUENCE MY DECISIONS,SOCIAL ENVIRONMENT,Original u otra,96.586,Predictor principal
SNRLFRND,IT IS IMPORTANT THAT MY FRIENDS SHARE REL BELIEFS,SOCIAL ENVIRONMENT,Original u otra,96.56,Predictor principal
DSTNRV30,HOW OFTEN FELT NERVOUS PAST 30 DAYS,ADULT MENTAL HEALTH,Original u otra,97.406,Variable de sensibilidad
DSTHOP30,HOW OFTEN FELT HOPELESS PAST 30 DAYS,ADULT MENTAL HEALTH,Original u otra,97.366,Variable de sensibilidad
DSTRST30,HOW OFTEN FELT RESTLESS/FIDGETY PST 30 DYS,ADULT MENTAL HEALTH,Original u otra,97.366,Variable de sensibilidad
DSTCHR30,HOW OFTEN FELT SAD NOTHING COULD CHEER YOU UP,ADULT MENTAL HEALTH,Original u otra,97.391,Variable de sensibilidad
DSTEFF30,HOW OFT FELT EVERYTHING EFFORT PST 30 DYS,ADULT MENTAL HEALTH,Original u otra,97.152,Variable de sensibilidad
DSTNGD30,HOW OFT FELT DOWN/WTHLSS/NO GOOD PST 30 DYS,ADULT MENTAL HEALTH,Original u otra,97.357,Variable de sensibilidad
DSTWORST,MON IN PST 12 MOS FELT WORSE THAN PST 30 DYS,ADULT MENTAL HEALTH,Original u otra,97.199,Variable de sensibilidad
DSTNRV12,"HOW OFT FELT NERVOUS IN WORST MONTH, PST 12 MOS",ADULT MENTAL HEALTH,Original u otra,32.468,Variable de sensibilidad
DSTHOP12,HOW OFTEN FELT HOPELESS IN WORST MONTH,ADULT MENTAL HEALTH,Original u otra,32.474,Variable de sensibilidad
DSTRST12,HOW OFTEN FELT RESTLESS IN WORST MONTH,ADULT MENTAL HEALTH,Original u otra,32.457,Variable de sensibilidad
DSTCHR12,HOW OFTEN COULDN'T BE CHEERED UP IN WORST MONTH,ADULT MENTAL HEALTH,Original u otra,32.459,Variable de sensibilidad
DSTEFF12,HOW OFT FELT EVERYTHING AN EFFORT IN WORST MON,ADULT MENTAL HEALTH,Original u otra,32.434,Variable de sensibilidad
DSTNGD12,HOW OFTEN FELT NO GOOD IN WORST MONTH,ADULT MENTAL HEALTH,Original u otra,32.459,Variable de sensibilidad
IMPREMEM,DIFFICULTY REMEMBERING ONE MO IN PST 12 MOS,ADULT MENTAL HEALTH,Original u otra,75.456,Variable de sensibilidad
IMPCONCN,DIFFICULTY CONCENTRATING ONE MO IN PST 12 MOS,ADULT MENTAL HEALTH,Original u otra,75.465,Variable de sensibilidad
IMPGOUT,DIFFICULTY GOING OUT ONE MO IN PST 12 MO,ADULT MENTAL HEALTH,Original u otra,75.475,Variable de sensibilidad
IMPGOUTM,EMOTIONAL PROBLEMS KEEP YOU FROM LEAVING HOUSE,ADULT MENTAL HEALTH,Original u otra,2.546,Variable de sensibilidad
IMPPEOP,DIFFICULTY DEALING W STRANGERS ONE MO IN PST 12 M,ADULT MENTAL HEALTH,Original u otra,75.49,Variable de sensibilidad
IMPPEOPM,EMOTIONAL PROBLEMS KEEP YOU FROM DEALING W STRAGR,ADULT MENTAL HEALTH,Original u otra,3.152,Variable de sensibilidad
IMPSOC,DIFFICULTY PARTICIPATE IN SOCIAL ACT 1 MO /12 MO,ADULT MENTAL HEALTH,Original u otra,75.475,Variable de sensibilidad
IMPSOCM,EMOTIONAL PROBS KEEP YOU FROM PART IN SOCIAL,ADULT MENTAL HEALTH,Original u otra,4.592,Variable de sensibilidad
IMPHHLD,DIFFICULTY HOUSE RESPONS ONE MO IN PST 12 MO,ADULT MENTAL HEALTH,Original u otra,75.505,Variable de sensibilidad
IMPHHLDM,EMOTIONL PROBS MAKE KEEP YOU FRM TAKING CARE HOUS,ADULT MENTAL HEALTH,Original u otra,1.307,Variable de sensibilidad
IMPRESP,DIFFICULTY WORK RESPONS ONE MO IN PST 12 MO,ADULT MENTAL HEALTH,Original u otra,75.469,Variable de sensibilidad
IMPRESPM,DID EMOTIONAL PROBS KEEP YOU FROM WORK/SCHOOL,ADULT MENTAL HEALTH,Original u otra,4.763,Variable de sensibilidad
IMPWORK,DIFFICULTY DOING DAILY WORK ONE MO IN PST 12 MO,ADULT MENTAL HEALTH,Original u otra,70.684,Variable de sensibilidad
IMPWEEKS,NUM WEEKS HAVE DIFFICULTIES BECAUSE OF MENTL HLTH,ADULT MENTAL HEALTH,Original u otra,56.23,Variable de sensibilidad
IMPDYFRQ,HOW MANY DAYS IN WEEK DID YOU HAVE DIFFICULTIES,ADULT MENTAL HEALTH,Original u otra,56.058,Variable de sensibilidad
IMPYDAYS,HOW MANY DAY IN PAST YR YOU WERE UNABLE TO WORK,ADULT MENTAL HEALTH,Original u otra,56.868,Variable de sensibilidad
AGADNRVANX,"ADLT: GAD-7 - NERVOUS, ANXIOUS, OR ON EDGE LAST 2 WKS",ADULT MENTAL HEALTH,Original u otra,96.991,Variable de sensibilidad
AGADNTSTOP,ADLT: GAD-7 -NOT ABLE TO STOP OR CONTROL WORRYING LAST 2 WKS,ADULT MENTAL HEALTH,Original u otra,96.96,Variable de sensibilidad
AGADWRYMCH,ADLT: GAD-7 - WORRIED TOO MUCH ABOUT DIFF THINGS LAST 2 WKS,ADULT MENTAL HEALTH,Original u otra,96.964,Variable de sensibilidad
AGADTRBRLX,ADLT: GAD-7 - HAD TROUBLE RELAXING LAST 2 WKS,ADULT MENTAL HEALTH,Original u otra,97.034,Variable de sensibilidad
AGADRSTLSS,ADLT: GAD-7 - HARD TO SIT STILL BECAUSE RESTLESS LAST 2 WKS,ADULT MENTAL HEALTH,Original u otra,97.015,Variable de sensibilidad
AGADANNOY,ADLT: GAD-7 - EASILY ANNOYED OR IRRITABLE LAST 2 WKS,ADULT MENTAL HEALTH,Original u otra,97.004,Variable de sensibilidad
AGADAWFUL,ADLT: GAD-7 - AFRAID SOMETHING AWFUL MIGHT HAPPEN LAST 2 WKS,ADULT MENTAL HEALTH,Original u otra,97.0,Variable de sensibilidad
AGADSCED,ADULT GAD-7 TOTAL SCORE - LAST 2 WEEKS,ADULT MENTAL HEALTH,Original u otra,96.531,Variable de sensibilidad
KSSLR6MONED,K6 TOTAL SCORE IN PAST MONTH,ADULT MENTAL HEALTH,Original u otra,96.875,Variable de sensibilidad
KSSLR6YRED,K6 TOTAL SCORE IN PAST YEAR,ADULT MENTAL HEALTH,Original u otra,32.364,Variable de sensibilidad
WHODASSCED,WHODAS TOTAL SCORE,ADULT MENTAL HEALTH,Original u otra,97.125,Variable de sensibilidad
WHODASDAED,ALTERNATIVE WHODAS SCORE,ADULT MENTAL HEALTH,Original u otra,97.125,Variable de sensibilidad
IRDSTNRV30,HOW OFTEN FELT NERVOUS PAST 30 DAYS - IMP REV,IMPUTED ADULT MENTAL HEALTH,Imputada,100.0,Variable de sensibilidad
IIDSTNRV30,HOW OFTEN FELT NERVOUS PAST 30 DAYS - IMP IND,IMPUTED ADULT MENTAL HEALTH,Imputada,100.0,Excluir de variables de entrada
IRDSTHOP30,HOW OFTEN FELT HOPELESS PAST 30 DAYS - IMP REV,IMPUTED ADULT MENTAL HEALTH,Imputada,100.0,Variable de sensibilidad
IIDSTHOP30,HOW OFTEN FELT HOPELESS PAST 30 DAYS - IMP IND,IMPUTED ADULT MENTAL HEALTH,Imputada,100.0,Excluir de variables de entrada
IRDSTRST30,HOW OFTEN FELT RESTLESS/FIDGETY PAST 30 DAYS - IMP REV,IMPUTED ADULT MENTAL HEALTH,Imputada,100.0,Variable de sensibilidad
IIDSTRST30,HOW OFTEN FELT RESTLESS/FIDGETY PAST 30 DAYS - IMP IND,IMPUTED ADULT MENTAL HEALTH,Imputada,100.0,Excluir de variables de entrada
IRDSTCHR30,HOW OFTEN FELT COULDN'T BE CHEERED UP PST 30 DYS - IMP REV,IMPUTED ADULT MENTAL HEALTH,Imputada,100.0,Variable de sensibilidad
IIDSTCHR30,HOW OFTEN FELT COULDN'T BE CHEERED UP PST 30 DYS - IMP IND,IMPUTED ADULT MENTAL HEALTH,Imputada,100.0,Excluir de variables de entrada
IRDSTEFF30,HOW OFTEN FELT EVERYTHING EFFORT PAST 30 DAYS - IMP REV,IMPUTED ADULT MENTAL HEALTH,Imputada,100.0,Variable de sensibilidad
IIDSTEFF30,HOW OFTEN FELT EVERYTHING EFFORT PAST 30 DAYS - IMP IND,IMPUTED ADULT MENTAL HEALTH,Imputada,100.0,Excluir de variables de entrada
IRDSTNGD30,HOW OFTEN FELT DOWN/WTHLSS/NO GOOD PAST 30 DAYS - IMP REV,IMPUTED ADULT MENTAL HEALTH,Imputada,100.0,Variable de sensibilidad
IIDSTNGD30,HOW OFTEN FELT DOWN/WTHLSS/NO GOOD PAST 30 DAYS - IMP IND,IMPUTED ADULT MENTAL HEALTH,Imputada,100.0,Excluir de variables de entrada
IRDSTWORST,MONTH IN PAST 12 MOS FELT WORSE THAN PAST 30 DAYS - IMP REV,IMPUTED ADULT MENTAL HEALTH,Imputada,100.0,Variable de sensibilidad
IIDSTWORST,MONTH IN PAST 12 MOS FELT WORSE THAN PAST 30 DAYS - IMP IND,IMPUTED ADULT MENTAL HEALTH,Imputada,100.0,Excluir de variables de entrada
IRDSTNRV12,HOW OFTEN FELT NERVOUS WRST MONTH - IMP REV,IMPUTED ADULT MENTAL HEALTH,Imputada,33.432,Variable de sensibilidad
IIDSTNRV12,HOW OFTEN FELT NERVOUS WRST MONTH - IMP IND,IMPUTED ADULT MENTAL HEALTH,Imputada,33.432,Excluir de variables de entrada
IRDSTHOP12,HOW OFTEN FELT HOPELESS WRST MONTH - IMP REV,IMPUTED ADULT MENTAL HEALTH,Imputada,33.432,Variable de sensibilidad
IIDSTHOP12,HOW OFTEN FELT HOPELESS WRST MONTH - IMP IND,IMPUTED ADULT MENTAL HEALTH,Imputada,33.432,Excluir de variables de entrada
IRDSTRST12,HOW OFTEN FELT RESTLESS/FIDGETY WRST MONTH - IMP REV,IMPUTED ADULT MENTAL HEALTH,Imputada,33.432,Variable de sensibilidad
IIDSTRST12,HOW OFTEN FELT RESTLESS/FIDGETY WRST MONTH - IMP IND,IMPUTED ADULT MENTAL HEALTH,Imputada,33.432,Excluir de variables de entrada
IRDSTCHR12,HOW OFTEN FELT COULDN'T BE CHEERED UP WRST MONTH - IMP REV,IMPUTED ADULT MENTAL HEALTH,Imputada,33.432,Variable de sensibilidad
IIDSTCHR12,HOW OFTEN FELT COULDN'T BE CHEERED UP WRST MONTH - IMP IND,IMPUTED ADULT MENTAL HEALTH,Imputada,33.432,Excluir de variables de entrada
IRDSTEFF12,HOW OFTEN FELT EVERYTHING EFFORT WRST MONTH - IMP REV,IMPUTED ADULT MENTAL HEALTH,Imputada,33.432,Variable de sensibilidad
IIDSTEFF12,HOW OFTEN FELT EVERYTHING EFFORT WRST MONTH - IMP IND,IMPUTED ADULT MENTAL HEALTH,Imputada,33.432,Excluir de variables de entrada
IRDSTNGD12,HOW OFTEN FELT DOWN/WTHLSS/NO GOOD WRST MONTH - IMP REV,IMPUTED ADULT MENTAL HEALTH,Imputada,33.432,Variable de sensibilidad
IIDSTNGD12,HOW OFTEN FELT DOWN/WTHLSS/NO GOOD WRST MONTH - IMP IND,IMPUTED ADULT MENTAL HEALTH,Imputada,33.432,Excluir de variables de entrada
IRIMPREMEM,DIFFICULTY REMEMBERING ONE MO IN PST 12 MOS - IMP REV,IMPUTED ADULT MENTAL HEALTH,Imputada,77.89,Variable de sensibilidad
IIIMPREMEM,DIFFICULTY REMEMBERING ONE MO IN PST 12 MOS - IMP IND,IMPUTED ADULT MENTAL HEALTH,Imputada,77.89,Excluir de variables de entrada
IRIMPCONCN,DIFFICULTY CONCENTRATING ONE MO IN PST 12 MOS - IMP REV,IMPUTED ADULT MENTAL HEALTH,Imputada,77.89,Variable de sensibilidad
IIIMPCONCN,DIFFICULTY CONCENTRATING ONE MO IN PST 12 MOS - IMP IND,IMPUTED ADULT MENTAL HEALTH,Imputada,77.89,Excluir de variables de entrada
IRIMPGOUT,DIFFICULTY GOING OUT ONE MO IN PST 12 MOS - IMP REV,IMPUTED ADULT MENTAL HEALTH,Imputada,77.89,Variable de sensibilidad
IIIMPGOUT,DIFFICULTY GOING OUT ONE MO IN PST 12 MOS - IMP IND,IMPUTED ADULT MENTAL HEALTH,Imputada,77.89,Excluir de variables de entrada
IRIMPGOUTM,EMOTIONAL PROBLEMS KEEP YOU FROM LEAVING HOUSE - IMP REV,IMPUTED ADULT MENTAL HEALTH,Imputada,2.655,Variable de sensibilidad
IIIMPGOUTM,EMOTIONAL PROBLEMS KEEP YOU FROM LEAVING HOUSE - IMP IND,IMPUTED ADULT MENTAL HEALTH,Imputada,77.89,Excluir de variables de entrada
IRIMPPEOP,DIFFICULTY DEALING W STRNGERS ONE MO IN PST 12 MOS - IMP REV,IMPUTED ADULT MENTAL HEALTH,Imputada,77.89,Variable de sensibilidad
IIIMPPEOP,DIFFICULTY DEALING W STRNGERS ONE MO IN PST 12 MOS - IMP IND,IMPUTED ADULT MENTAL HEALTH,Imputada,77.89,Excluir de variables de entrada
IRIMPPEOPM,EMOTIONAL PROBLEMS KEEP YOU FROM DEALING W STRNGRS - IMP REV,IMPUTED ADULT MENTAL HEALTH,Imputada,3.296,Variable de sensibilidad
IIIMPPEOPM,EMOTIONAL PRBLMS KEEP YOU FROM DEALING W STRNGRS - IMP IND,IMPUTED ADULT MENTAL HEALTH,Imputada,77.89,Excluir de variables de entrada
IRIMPSOC,DIFFICULTY PART IN SOCIAL ACT ONE MO IN PST 12 MOS - IMP REV,IMPUTED ADULT MENTAL HEALTH,Imputada,77.89,Variable de sensibilidad
IIIMPSOC,DIFFICULTY PART IN SOCIAL ACT ONE MO IN PST 12 MOS - IMP IND,IMPUTED ADULT MENTAL HEALTH,Imputada,77.89,Excluir de variables de entrada
IRIMPSOCM,EMOTIONAL PROBLEMS KEEP YOU FROM SOCIAL ACT - IMP REV,IMPUTED ADULT MENTAL HEALTH,Imputada,4.78,Variable de sensibilidad
IIIMPSOCM,EMOTIONAL PROBLEMS KEEP YOU FROM SOCIAL ACT - IMP IND,IMPUTED ADULT MENTAL HEALTH,Imputada,77.89,Excluir de variables de entrada
IRIMPHHLD,DIFFICULTY HHLD RESPONS ONE MO IN PST 12 MOS - IMP REV,IMPUTED ADULT MENTAL HEALTH,Imputada,77.89,Variable de sensibilidad
IIIMPHHLD,DIFFICULTY HHLD RESPONS ONE MO IN PST 12 MOS - IMP IND,IMPUTED ADULT MENTAL HEALTH,Imputada,77.89,Excluir de variables de entrada
IRIMPHHLDM,EMOTIONAL PROBLEMS KEEP YOU FROM HHLD RESP - IMP REV,IMPUTED ADULT MENTAL HEALTH,Imputada,1.372,Variable de sensibilidad
IIIMPHHLDM,EMOTIONAL PROBLEMS KEEP YOU FROM HHLD RESP - IMP IND,IMPUTED ADULT MENTAL HEALTH,Imputada,77.89,Excluir de variables de entrada
IRIMPRESP,DIFFICULTY WORK RESPONS ONE MO IN PST 12 MOS - IMP REV,IMPUTED ADULT MENTAL HEALTH,Imputada,77.89,Variable de sensibilidad
IIIMPRESP,DIFFICULTY WORK RESPONS ONE MO IN PST 12 MOS - IMP IND,IMPUTED ADULT MENTAL HEALTH,Imputada,77.89,Excluir de variables de entrada
IRIMPRESPM,EMOTIONAL PROBLEMS KEEP YOU FROM WORK OR SCHOOL - IMP REV,IMPUTED ADULT MENTAL HEALTH,Imputada,4.99,Variable de sensibilidad
IIIMPRESPM,EMOTIONAL PROBLEMS KEEP YOU FROM WORK OR SCHOOL - IMP IND,IMPUTED ADULT MENTAL HEALTH,Imputada,77.89,Excluir de variables de entrada
IRIMPWORK,DIFFICULTY DOING DAILY WORK ONE MO IN PST 12 MOS - IMP REV,IMPUTED ADULT MENTAL HEALTH,Imputada,72.9,Variable de sensibilidad
IIIMPWORK,DIFFICULTY DOING DAILY WORK ONE MO IN PST 12 MOS - IMP IND,IMPUTED ADULT MENTAL HEALTH,Imputada,77.89,Excluir de variables de entrada
IRAGADNRVANX,"NERVOUS, ANXIOUS, OR ON EDGE LAST 2 WKS - IMP REV",IMPUTED ADULT MENTAL HEALTH,Imputada,100.0,Variable de sensibilidad
IIAGADNRVANX,"NERVOUS, ANXIOUS, OR ON EDGE LAST 2 WKS - IMP IND",IMPUTED ADULT MENTAL HEALTH,Imputada,100.0,Excluir de variables de entrada
IRAGADNTSTOP,NOT ABLE TO STOP OR CONTROL WORRYING LAST 2 WKS - IMP REV,IMPUTED ADULT MENTAL HEALTH,Imputada,100.0,Variable de sensibilidad
IIAGADNTSTOP,NOT ABLE TO STOP OR CONTROL WORRYING LAST 2 WKS - IMP IND,IMPUTED ADULT MENTAL HEALTH,Imputada,100.0,Excluir de variables de entrada
IRAGADWRYMCH,WORRIED TOO MUCH ABOUT DIFF THINGS LAST 2 WKS - IMP REV,IMPUTED ADULT MENTAL HEALTH,Imputada,100.0,Variable de sensibilidad
IIAGADWRYMCH,WORRIED TOO MUCH ABOUT DIFF THINGS LAST 2 WKS - IMP IND,IMPUTED ADULT MENTAL HEALTH,Imputada,100.0,Excluir de variables de entrada
IRAGADTRBRLX,HAD TROUBLE RELAXING LAST 2 WKS - IMP REV,IMPUTED ADULT MENTAL HEALTH,Imputada,100.0,Variable de sensibilidad
IIAGADTRBRLX,HAD TROUBLE RELAXING LAST 2 WKS - IMP IND,IMPUTED ADULT MENTAL HEALTH,Imputada,100.0,Excluir de variables de entrada
IRAGADRSTLSS,HARD TO SIT STILL BECAUSE RESTLESS LAST 2 WKS - IMP REV,IMPUTED ADULT MENTAL HEALTH,Imputada,100.0,Variable de sensibilidad
IIAGADRSTLSS,HARD TO SIT STILL BECAUSE RESTLESS LAST 2 WKS - IMP IND,IMPUTED ADULT MENTAL HEALTH,Imputada,100.0,Excluir de variables de entrada
IRAGADANNOY,EASILY ANNOYED OR IRRITABLE LAST 2 WKS - IMP REV,IMPUTED ADULT MENTAL HEALTH,Imputada,100.0,Variable de sensibilidad
IIAGADANNOY,EASILY ANNOYED OR IRRITABLE LAST 2 WKS - IMP IND,IMPUTED ADULT MENTAL HEALTH,Imputada,100.0,Excluir de variables de entrada
IRAGADAWFUL,AFRAID SOMETHING AWFUL MIGHT HAPPEN LAST 2 WKS - IMP REV,IMPUTED ADULT MENTAL HEALTH,Imputada,100.0,Variable de sensibilidad
IIAGADAWFUL,AFRAID SOMETHING AWFUL MIGHT HAPPEN LAST 2 WKS - IMP IND,IMPUTED ADULT MENTAL HEALTH,Imputada,100.0,Excluir de variables de entrada
KSSLR6MON,RC-K6 TOTAL SCORE IN PAST MONTH,RECODED ADULT MENTAL HEALTH,Recodificada,100.0,Variable de sensibilidad
SPDPSTMON,RC-PAST MONTH SERIOUS PSCYHOLOGICAL DISTRESS INDICATOR,RECODED ADULT MENTAL HEALTH,Recodificada,100.0,Variable de sensibilidad
KSSLR6YR,RC-K6 TOTAL SCORE IN PAST YEAR,RECODED ADULT MENTAL HEALTH,Recodificada,33.432,Variable de sensibilidad
KSSLR6MAX,RC-WORST K6 TOTAL SCORE IN PAST YEAR,RECODED ADULT MENTAL HEALTH,Recodificada,100.0,Variable de sensibilidad
SPDPSTYR,RC-PAST YEAR SERIOUS PSCYHOLOGICAL DISTRESS INDICATOR,RECODED ADULT MENTAL HEALTH,Recodificada,100.0,Variable de sensibilidad
AKSSLR6WRST,RC-ALTERNATIVE WORST K6 TOTAL SCORE,RECODED ADULT MENTAL HEALTH,Recodificada,100.0,Variable de sensibilidad
WHODASTOTSC,RC-WHODAS TOTAL SCORE,RECODED ADULT MENTAL HEALTH,Recodificada,100.0,Variable de sensibilidad
WHODASDASC,RC-ALTERNATIVE WHODAS SCORE,RECODED ADULT MENTAL HEALTH,Recodificada,100.0,Variable de sensibilidad
AGADTOTSC,RC-ADULT GAD-7 TOTAL SCORE - PAST 2 WEEKS,RECODED ADULT MENTAL HEALTH,Recodificada,100.0,Variable de sensibilidad
AGADSEVSYMP,RC-ADULT GAD-7 SEVERITY OF SYMPTOMS - PAST 2 WEEKS,RECODED ADULT MENTAL HEALTH,Recodificada,100.0,Variable de sensibilidad
AGADMODOSEV,RC-ADULT GAD-7 MODERATE OR SEVERE SYMPTOMS - PAST 2 WEEKS,RECODED ADULT MENTAL HEALTH,Recodificada,100.0,Variable de sensibilidad
ADDPDISC,FEEL DISCRGD ABOUT LIFE WHEN SAD/EMPTY/DEPRESSED,ADULT DEPRESSION,Original u otra,33.853,Variable de sensibilidad
ADDPLSIN,EVER LOSE INT IN THINGS WHEN SAD/EMPTY/DEPRESSED,ADULT DEPRESSION,Original u otra,33.859,Variable de sensibilidad
ADDSLSIN,EVER LOSE INT IN THNGS WHEN FEELING DISCOURGAGED,ADULT DEPRESSION,Original u otra,5.837,Variable de sensibilidad
ADWRPROB,ONE PARTICULAR TIME THAT IS THE WORST ONE EVER,ADULT DEPRESSION,Original u otra,21.929,Variable de sensibilidad
ADWRAGE,AGE WHEN WORST PERIOD OF TIME STARTED,ADULT DEPRESSION,Original u otra,21.62,Variable de sensibilidad
ADWRDEPR,WHEN PRBLMS WORST FELT SAD/EMPTY/DPRSD EVERY DAY,ADULT DEPRESSION,Original u otra,21.952,Variable de sensibilidad
ADWRDISC,WHEN PRBLMS WORST FELT DISCRGED ABT LIFE EVERYDAY,ADULT DEPRESSION,Original u otra,21.948,Variable de sensibilidad
ADWRLSIN,WHEN PRBLMS WORST LOSE INTRST IN ENJOYABLE THINGS,ADULT DEPRESSION,Original u otra,21.967,Variable de sensibilidad
ADWRPLSR,WHEN PRBLMS WORST LOSE PLSURE IN GOOD THINGS,ADULT DEPRESSION,Original u otra,21.945,Variable de sensibilidad
ADWRELES,WHEN PRBLMS WORST HAVE SMALLER APPETITE EVERY DAY,ADULT DEPRESSION,Original u otra,20.747,Variable de sensibilidad
ADWREMOR,WHEN PRBLMS WORST HAVE LARGER APPETITE EVERY DAY,ADULT DEPRESSION,Original u otra,7.755,Variable de sensibilidad
ADWRGAIN,WHEN PRBLMS WORST DID YOU GAIN WEIGHT W/O TRYING,ADULT DEPRESSION,Original u otra,7.746,Variable de sensibilidad
ADWRGROW,WHEN PRBLMS WORST GAIN WGHT W/O TRYING BC GROWING,ADULT DEPRESSION,Original u otra,1.757,Variable de sensibilidad
ADWRPREG,WHEN PRBLMS WORST GAIN WGHT W/O TRYING BC PRGN,ADULT DEPRESSION,Original u otra,2.56,Variable de sensibilidad
ADWRGNL2,WHEN PRBLMS WORST # LBS GAINED WITHOUT TRYING,ADULT DEPRESSION,Original u otra,3.594,Variable de sensibilidad
ADWRLOSE,WHEN PRBLMS WORST DID YOU LOSE WEIGHT W/O TRYING,ADULT DEPRESSION,Original u otra,16.516,Variable de sensibilidad
ADWRDIET,WHEN PRBLMS WORST LOSE WGHT W/O TRYING BC SICK/DT,ADULT DEPRESSION,Original u otra,9.918,Variable de sensibilidad
ADWRLSL2,WHEN PRBLMS WORST # LBS LOST WITHOUT TRYING,ADULT DEPRESSION,Original u otra,7.738,Variable de sensibilidad
ADWRSLEP,WHEN PRBLMS WORST HAVE PRBS SLEEPING/WAKING EARLY,ADULT DEPRESSION,Original u otra,20.8,Variable de sensibilidad
ADWRSMOR,WHEN PRBLMS WORST SLEEP A LOT MORE THAN USUAL,ADULT DEPRESSION,Original u otra,4.116,Variable de sensibilidad
ADWRENRG,WHEN PRBLMS WORST FEEL TIRED/LOW ON ENERGY EVRYDY,ADULT DEPRESSION,Original u otra,20.84,Variable de sensibilidad
ADWRSLOW,WHEN PRBLMS WORST TALK/MOVE SLOWER THAN USUAL,ADULT DEPRESSION,Original u otra,20.664,Variable de sensibilidad
ADWRSLNO,WHEN PRBLMS WORST PEOP NOTICE SLOWER THAN USUAL,ADULT DEPRESSION,Original u otra,10.55,Variable de sensibilidad
ADWRJITT,WHEN PRBLMS WORST RSTLSS/JITTRY/PACING EVERYDAY,ADULT DEPRESSION,Original u otra,10.138,Variable de sensibilidad
ADWRJINO,WHEN PRBLMS WORST PEOP NOTICE YOU WERE RSTLSS,ADULT DEPRESSION,Original u otra,2.417,Variable de sensibilidad
ADWRTHOT,WHEN PRBLMS WORST THGHTS SLOWER/MORE CONFUSING,ADULT DEPRESSION,Original u otra,20.666,Variable de sensibilidad
ADWRCONC,WHEN PRBLMS WORST HAVE TROUBLE CONCENTRATING,ADULT DEPRESSION,Original u otra,20.753,Variable de sensibilidad
ADWRDCSN,WHEN PRBLMS WORST UNABLE TO MAKE DECISIONS,ADULT DEPRESSION,Original u otra,20.713,Variable de sensibilidad
ADWRNOGD,WHEN PRBLMS WRST FEEL NOT AS GOOD AS OTHER PEOPLE,ADULT DEPRESSION,Original u otra,20.783,Variable de sensibilidad
ADWRWRTH,WHEN PRBLMS WORST FEEL TOTALLY WORTHLESS EVERYDAY,ADULT DEPRESSION,Original u otra,16.563,Variable de sensibilidad
AD_MDEA1,SAD/EMPTY/DEPRESSED MOST OF DAY OR DISCOURAGED,ADULT DEPRESSION,Original u otra,21.956,Variable de sensibilidad
AD_MDEA2,LOST INTEREST OR PLEASURE IN MOST THINGS,ADULT DEPRESSION,Original u otra,21.967,Variable de sensibilidad
AD_MDEA3,CHANGES IN APPETITE OR WT,ADULT DEPRESSION,Original u otra,20.654,Variable de sensibilidad
AD_MDEA4,SLEEP PROBLEMS,ADULT DEPRESSION,Original u otra,20.808,Variable de sensibilidad
AD_MDEA5,OTHERS NOTICED THAT R WAS RESTLESS OR LETHARGIC,ADULT DEPRESSION,Original u otra,20.749,Variable de sensibilidad
AD_MDEA6,FELT TIRED/LOW ENERGY NEARLY EVERY DAY,ADULT DEPRESSION,Original u otra,20.84,Variable de sensibilidad
AD_MDEA7,FELT WORTHLESS NEARLY EVERY DAY,ADULT DEPRESSION,Original u otra,20.833,Variable de sensibilidad
AD_MDEA8,INABILITY TO CONCENTRATE OR MAKE DECISIONS,ADULT DEPRESSION,Original u otra,20.772,Variable de sensibilidad
ADPBINTF,WHEN PRBLMS WORST INTERFERE WITH WORK/ PRSNL LIFE,ADULT DEPRESSION,Original u otra,19.679,Variable de sensibilidad
ADPBDLYA,WHEN PRBLMS WORST UNABLE TO CARRY OUT DLY ACTVTS,ADULT DEPRESSION,Original u otra,19.231,Variable de sensibilidad
ADPBRMBR,RMBR AGE WHEN FIRST 2+ WK PERIOD OF TIME STARTED,ADULT DEPRESSION,Original u otra,19.578,Variable de sensibilidad
ADPBAGE,AGE WHEN FIRST 2+ WK PERIOD OF TIME STARTED,ADULT DEPRESSION,Original u otra,19.155,Variable de sensibilidad
ADPBNUM,# TIMES FELT THIS WAY FOR 2 WKS/LNGR DURING LIFE,ADULT DEPRESSION,Original u otra,18.554,Variable de sensibilidad
ADPSHMGT,HOW MUCH DID FEELINGS INTERFERE WITH HOME MNGMT,ADULT DEPRESSION,Original u otra,10.605,Variable de sensibilidad
ADPSWORK,HOW MUCH DID FEELING INTERFERE WITH ABLTY TO WORK,ADULT DEPRESSION,Original u otra,10.592,Variable de sensibilidad
ADPSRELS,HOW MUCH DID FEELING INTERFERE WITH RELATIONSHIPS,ADULT DEPRESSION,Original u otra,10.622,Variable de sensibilidad
ADPSSOC,HOW MUCH DID FEELINGS INTERFERE WITH SOCIAL LIFE,ADULT DEPRESSION,Original u otra,10.626,Variable de sensibilidad
ADPSDAYS,# DYS UNABLE TO WORK/CARRY OUT DLY ACT PST 12 MOS,ADULT DEPRESSION,Original u otra,10.309,Variable de sensibilidad
ADSEEDOC,SEE/TALK TO DR/OTH PROF ABT FEELINGS PAST 12 MOS,ADULT DEPRESSION,Original u otra,19.645,Variable de sensibilidad
ADFAMDOC,GEN/FAM DOC TALKED W/ABT FEELINGS PAST 12 MOS,ADULT DEPRESSION,Original u otra,9.486,Variable de sensibilidad
ADOTHDOC,OTH DR TALKED W/ABOUT FEELINGS PAST 12 MOS,ADULT DEPRESSION,Original u otra,9.482,Variable de sensibilidad
ADPSYCH,PSYCHOLOGIST TALKED W/ABOUT FEELINGS PAST 12 MOS,ADULT DEPRESSION,Original u otra,9.484,Variable de sensibilidad
ADPSYMD,PSYCHIATRIST TALKED W/ABOUT FEELINGS PAST 12 MOS,ADULT DEPRESSION,Original u otra,9.486,Variable de sensibilidad
ADSOCWRK,SOCIAL WORKER TALKED W/ABOUT FEELINGS PAST 12 MOS,ADULT DEPRESSION,Original u otra,9.486,Variable de sensibilidad
ADCOUNS,COUNSELOR TALKED W/ABOUT FEELINGS PAST 12 MOS,ADULT DEPRESSION,Original u otra,9.476,Variable de sensibilidad
ADOTHMHP,MENTAL PROF TALKED W/ABOUT FEELINGS PAST 12 MOS,ADULT DEPRESSION,Original u otra,9.484,Variable de sensibilidad
ADNURSE,NURSE ETC.TALKED W/ABOUT FEELINGS PAST 12 MOS,ADULT DEPRESSION,Original u otra,9.463,Variable de sensibilidad
ADRELIG,RELIGIOUS ADVSR TLKED W/ABOUT FEELINGS PST 12 MOS,ADULT DEPRESSION,Original u otra,9.474,Variable de sensibilidad
ADHERBAL,HERBALIST TALKED W/ABOUT FEELINGS PAST 12 MOS,ADULT DEPRESSION,Original u otra,9.484,Variable de sensibilidad
ADOTHHLP,OTH HELP PROF TALKED W/ABOUT FEELINGS PAST 12 MOS,ADULT DEPRESSION,Original u otra,9.486,Variable de sensibilidad
ADTMTNOW,CURRENTLY RCVNG PROF TREATMENT/COUNSLG FOR MOOD,ADULT DEPRESSION,Original u otra,9.501,Variable de sensibilidad
ADRX12MO,TAKE PRES MEDS PRESCRIBED FOR MOOD PAST 12 MONTHS,ADULT DEPRESSION,Original u otra,19.645,Variable de sensibilidad
ADRXNOW,CURRENTLY TAKING PRESC MEDS PRESCRIBED FOR MOOD,ADULT DEPRESSION,Original u otra,8.131,Variable de sensibilidad
ADRXHLP,HOW MUCH HAS PRESC MEDS FOR MOOD HELPED PST 12 MO,ADULT DEPRESSION,Original u otra,8.104,Variable de sensibilidad
ADTMTHLP,HOW MUCH HAS TRMT/COUNSLG HELPED PST 12 MOS,ADULT DEPRESSION,Original u otra,9.41,Variable de sensibilidad
ASDSHOM2,ADULT: DEPRESS FEELINGS ROLE IMPAIRMENT - HOME MANAGEMENT,ADULT DEPRESSION,Original u otra,10.605,Variable de sensibilidad
ASDSWRK2,ADULT: DEPRESS FEELINGS ROLE IMPAIRMENT - ABILITY TO WORK,ADULT DEPRESSION,Original u otra,10.592,Variable de sensibilidad
ASDSREL2,ADULT: DEP FEELINGS ROLE IMPAIRMENT - CLOSE RELATIONSHIPS,ADULT DEPRESSION,Original u otra,10.622,Variable de sensibilidad
ASDSSOC2,ADULT: DEPRESSIVE FEELINGS ROLE IMPAIRMENT - SOCIAL LIFE,ADULT DEPRESSION,Original u otra,10.626,Variable de sensibilidad
AMDEIMP,ADULT: MDE WITH SEVERE ROLE IMPAIRMENT,ADULT DEPRESSION,Original u otra,96.444,Variable de sensibilidad
IRAMDELT,ADULT: LIFETIME MAJOR DEPRESSIVE EPISODE (MDE) - IMP REV,IMPUTED ADULT DEPRESSION,Imputada,100.0,Variable de sensibilidad
IIAMDELT,ADULT: LIFETIME MAJOR DEPRESSIVE EPISODE (MDE) - IMP IND,IMPUTED ADULT DEPRESSION,Imputada,100.0,Excluir de variables de entrada
IRAMDEIMP,ADULT: MDE WITH SEVERE ROLE IMPAIRMENT - IMP REV,IMPUTED ADULT DEPRESSION,Imputada,100.0,Variable de sensibilidad
IIAMDEIMP,ADULT: MDE WITH SEVERE ROLE IMPAIRMENT - IMP IND,IMPUTED ADULT DEPRESSION,Imputada,100.0,Excluir de variables de entrada
ATXMDEYR,RC-ADULT: SAW/TALK TO MD/PROF ABT DEPRESSIVE FEELNGS IN PY,RECODED ADULT DEPRESSION,Recodificada,19.645,Variable de sensibilidad
ARXMDEYR,RC-ADULT: USED RX MEDICATION FOR DEPRESSIVE FEELINGS IN PY,RECODED ADULT DEPRESSION,Recodificada,19.645,Variable de sensibilidad
AMDETXRX,RC-ADULT: RCVD TRT/CNSLG OR RX MED FOR DEPRESS FEELING IN PY,RECODED ADULT DEPRESSION,Recodificada,19.647,Variable de sensibilidad
ADOCMDE,RC-ADULT: SAW/TALK TO GEN PRAC/FAM MD ABT DEP FEELINGS IN PY,RECODED ADULT DEPRESSION,Recodificada,19.624,Variable de sensibilidad
AOMDMDE,RC-ADULT: SAW/TALK TO OTHER MD ABT DEPRESSIVE FEELINGS IN PY,RECODED ADULT DEPRESSION,Recodificada,19.624,Variable de sensibilidad
APSY1MDE,RC-ADULT: SAW/TALK TO PSYCHOLOGIST ABT DEPRES FEELINGS IN PY,RECODED ADULT DEPRESSION,Recodificada,19.624,Variable de sensibilidad
APSY2MDE,RC-ADULT: SAW/TALK TO PSYCHIATRIST ABT DEPRES FEELINGS IN PY,RECODED ADULT DEPRESSION,Recodificada,19.624,Variable de sensibilidad
ASOCMDE,RC-ADULT: SAW/TALK TO SOCIAL WORKR ABT DEPRES FEELINGS IN PY,RECODED ADULT DEPRESSION,Recodificada,19.624,Variable de sensibilidad
ACOUNMDE,RC-ADULT: SAW/TALK TO COUNSELOR ABT DEPRESSVE FEELINGS IN PY,RECODED ADULT DEPRESSION,Recodificada,19.624,Variable de sensibilidad
AOMHMDE,RC-ADULT: SAW/TALK TO OTH MENT HLTH PROF ABT DEP FEELINGS-PY,RECODED ADULT DEPRESSION,Recodificada,19.624,Variable de sensibilidad
ANURSMDE,RC-ADULT: SAW/TALK TO NURSE/OCC THERA ABT DEP FEELINGS IN PY,RECODED ADULT DEPRESSION,Recodificada,19.624,Variable de sensibilidad
ARELMDE,RC-ADULT: SAW/TALK TO RELIG ADVISR ABT DEPRES FEELINGS IN PY,RECODED ADULT DEPRESSION,Recodificada,19.624,Variable de sensibilidad
AHBCHMDE,RC-ADULT: SAW/TALK TO ANOTHER HEALER ABT DEPR FEELINGS IN PY,RECODED ADULT DEPRESSION,Recodificada,19.624,Variable de sensibilidad
AHLTMDE,RC-ADULT: SAW/TALK TO HLTH PROF ABT DEPRESSVE FEELINGS IN PY,RECODED ADULT DEPRESSION,Recodificada,19.624,Variable de sensibilidad
AALTMDE,RC-ADULT: SAW/TALK TO ALT SERV PROF ABT DEPRS FEELINGS IN PY,RECODED ADULT DEPRESSION,Recodificada,19.624,Variable de sensibilidad
MHTSEEKTX2,DID SEEK TRMT FOR MENTAL HEALTH (NOT RCVD TRMT)-PST 12 MOS,MENTAL HEALTH SERVICES UTILIZATION,Original u otra,70.765,Variable de sensibilidad
MHTSHLDTX2,THOUGHT SHLD GET MNTL HLTH TRMT (NOT RCVD TRMT)-PST 12 MOS,MENTAL HEALTH SERVICES UTILIZATION,Original u otra,69.957,Variable de sensibilidad
MHTUNCOST2,UNMET MH TRMT NEED: TREATMENT COST TOO MUCH,MENTAL HEALTH SERVICES UTILIZATION,Original u otra,5.22,Variable de sensibilidad
MHTUNINSCV2,UNMET MH TRMT NEED: NO HEALTH INSURANCE COVERAGE FOR TRMT,MENTAL HEALTH SERVICES UTILIZATION,Original u otra,4.882,Variable de sensibilidad
MHTUNENFCV2,UNMET MH TRMT NEED: HEALTH INSURANCE DID NOT COVER ENOUGH,MENTAL HEALTH SERVICES UTILIZATION,Original u otra,4.666,Variable de sensibilidad
MHTUNWHER2,UNMET TRMT NEED: DID NOT KNOW HOW/WHERE TO GET TREATMENT,MENTAL HEALTH SERVICES UTILIZATION,Original u otra,5.231,Variable de sensibilidad
MHTUNNOFND2,UNMET MH TRMT NEED: COULD NOT FIND PREFERRED PROVIDER,MENTAL HEALTH SERVICES UTILIZATION,Original u otra,5.045,Variable de sensibilidad
MHTUNNOOPN2,UNMET MH TRMT NEED: NO OPENINGS WITH PREFERRED PROVIDER,MENTAL HEALTH SERVICES UTILIZATION,Original u otra,4.941,Variable de sensibilidad
MHTUNPROBS2,"UNMET MH TRMT NEED: PROB W/TRANS, CHILD CARE, APPT TIMES",MENTAL HEALTH SERVICES UTILIZATION,Original u otra,5.169,Variable de sensibilidad
MHTUNTIME2,UNMET MH TRMT NEED: NOT ENOUGH TIME FOR TREATMENT,MENTAL HEALTH SERVICES UTILIZATION,Original u otra,5.18,Variable de sensibilidad
MHTUNPRIV2,UNMET MH TRMT NEED: WORRIED THAT INFO NOT KEPT PRIVATE,MENTAL HEALTH SERVICES UTILIZATION,Original u otra,5.188,Variable de sensibilidad
MHTUNPTHNK2,UNMET MH TRMT NEED: WORRIED WHAT PEOPLE WOULD THINK OR SAY,MENTAL HEALTH SERVICES UTILIZATION,Original u otra,5.226,Variable de sensibilidad
MHTUNCONSQ2,"UNMET MH TRMT NEED: WORRIED LOSS OF JOB, HOME, CHILDREN, ETC",MENTAL HEALTH SERVICES UTILIZATION,Original u otra,5.19,Variable de sensibilidad
MHTUNSTART2,UNMET MH TRMT NEED: NOT READY TO START TREATMENT,MENTAL HEALTH SERVICES UTILIZATION,Original u otra,5.129,Variable de sensibilidad
MHTUNHNDL2,UNMET MH TRMT NEED: THOUGHT COULD HANDLE MNTL HLTH ON OWN,MENTAL HEALTH SERVICES UTILIZATION,Original u otra,5.207,Variable de sensibilidad
MHTUNFFLKE2,UNMET MH TRMT NEED: FAMILY/FRIENDS/RELIG GROUP WOULDNT LIKE,MENTAL HEALTH SERVICES UTILIZATION,Original u otra,5.171,Variable de sensibilidad
MHTUNFORCE2,UNMET MH TRMT NEED: WORRIED ABOUT BEING FORCED AGAINST WILL,MENTAL HEALTH SERVICES UTILIZATION,Original u otra,5.192,Variable de sensibilidad
MHTUNMED2,UNMET MH TRMT NEED: THOUGHT WOULD BE TOLD TO TAKE MEDICATION,MENTAL HEALTH SERVICES UTILIZATION,Original u otra,5.171,Variable de sensibilidad
MHTUNNOHLP2,UNMET MH TRMT NEED: DIDN'T THINK TREATMENT WOULD HELP,MENTAL HEALTH SERVICES UTILIZATION,Original u otra,5.112,Variable de sensibilidad
MHTUNCARE2,UNMET MH TRMT NEED: NO ONE WOULD CARE IF YOU GOT BETTER,MENTAL HEALTH SERVICES UTILIZATION,Original u otra,5.169,Variable de sensibilidad
IRMHTSUPPGRP,PARTICIPATED IN SUPPORT GRP FOR MNTL HLTH - PY - IMP REV,IMPUTED MENTAL HEALTH SERVICES UTILIZATION,Imputada,100.0,Variable de sensibilidad
IIMHTSUPPGRP,PARTICIPATED IN SUPPORT GRP FOR MNTL HLTH - PY - IMP IND,IMPUTED MENTAL HEALTH SERVICES UTILIZATION,Imputada,99.994,Excluir de variables de entrada
IRMHTERED,SEEN IN EMERGENCY ROOM/DEPT FOR MNTL HLTH - PY - IMP REV,IMPUTED MENTAL HEALTH SERVICES UTILIZATION,Imputada,100.0,Variable de sensibilidad
IIMHTERED,SEEN IN EMERGENCY ROOM/DEPT FOR MNTL HLTH - PY - IMP IND,IMPUTED MENTAL HEALTH SERVICES UTILIZATION,Imputada,100.0,Excluir de variables de entrada
IRMHTINHOSP2,RCVD MNTL HLTH TRMT AT HOSPITAL AS INPATIENT - PY - IMP REV,IMPUTED MENTAL HEALTH SERVICES UTILIZATION,Imputada,100.0,Variable de sensibilidad
IIMHTINHOSP2,RCVD MNTL HLTH TRMT AT HOSPITAL AS INPATIENT - PY - IMP IND,IMPUTED MENTAL HEALTH SERVICES UTILIZATION,Imputada,99.994,Excluir de variables de entrada
IRMHTINRSMH2,RCVD MNTL HLTH TRMT AT RSDNTL MNTL HLTH TRMT CTR-PY-IMP REV,IMPUTED MENTAL HEALTH SERVICES UTILIZATION,Imputada,100.0,Variable de sensibilidad
IIMHTINRSMH2,RCVD MNTL HLTH TRMT AT RSDNTL MNTL HLTH TRMT CTR-PY-IMP IND,IMPUTED MENTAL HEALTH SERVICES UTILIZATION,Imputada,99.996,Excluir de variables de entrada
IRMHTINRHAB2,RCVD MNTL HLTH TRMT AT RSDNTL SUB REHAB/TRMT CTR-PY-IMP REV,IMPUTED MENTAL HEALTH SERVICES UTILIZATION,Imputada,100.0,Variable de sensibilidad
IIMHTINRHAB2,RCVD MNTL HLTH TRMT AT RSDNTL SUB REHAB/TRMT CTR-PY-IMP IND,IMPUTED MENTAL HEALTH SERVICES UTILIZATION,Imputada,100.0,Excluir de variables de entrada
IRMHTINOPL2,RCVD MNTL HLTH TRMT AT OTHER PLACE AS INPATIENT-PY-IMP REV,IMPUTED MENTAL HEALTH SERVICES UTILIZATION,Imputada,100.0,Variable de sensibilidad
IIMHTINOPL2,RCVD MNTL HLTH TRMT AT OTHER PLACE AS INPATIENT-PY-IMP IND,IMPUTED MENTAL HEALTH SERVICES UTILIZATION,Imputada,100.0,Excluir de variables de entrada
IRMHTOPMHCR2,RCVD MNTL HLTH TRMT AT OUTPTNT MNTL HLTH TRMT CTR-PY-IMP REV,IMPUTED MENTAL HEALTH SERVICES UTILIZATION,Imputada,100.0,Variable de sensibilidad
IIMHTOPMHCR2,RCVD MNTL HLTH TRMT AT OUTPTNT MNTL HLTH TRMT CTR-PY-IMP IND,IMPUTED MENTAL HEALTH SERVICES UTILIZATION,Imputada,99.996,Excluir de variables de entrada
IRMHTOPRHAB2,RCVD MNTL HLTH TRMT AT OUTPTNT SUB REHAB/TRMT CTR-PY-IMP REV,IMPUTED MENTAL HEALTH SERVICES UTILIZATION,Imputada,100.0,Variable de sensibilidad
IIMHTOPRHAB2,RCVD MNTL HLTH TRMT AT OUTPTNT SUB REHAB/TRMT CTR-PY-IMP IND,IMPUTED MENTAL HEALTH SERVICES UTILIZATION,Imputada,100.0,Excluir de variables de entrada
IRMHTOPTHRP2,RCVD MNTL HLTH TRMT AT THERAPIST OFFICE - PY - IMP REV,IMPUTED MENTAL HEALTH SERVICES UTILIZATION,Imputada,100.0,Variable de sensibilidad
IIMHTOPTHRP2,RCVD MNTL HLTH TRMT AT THERAPIST OFFICE - PY - IMP IND,IMPUTED MENTAL HEALTH SERVICES UTILIZATION,Imputada,99.983,Excluir de variables de entrada
IRMHTOPDOC2,RCVD MNTL HLTH TRMT AT GENERAL MEDICAL OFFICE - PY - IMP REV,IMPUTED MENTAL HEALTH SERVICES UTILIZATION,Imputada,100.0,Variable de sensibilidad
IIMHTOPDOC2,RCVD MNTL HLTH TRMT AT GENERAL MEDICAL OFFICE - PY - IMP IND,IMPUTED MENTAL HEALTH SERVICES UTILIZATION,Imputada,99.994,Excluir de variables de entrada
IRMHTOPHOSP2,RCVD MNTL HLTH TRMT AT HOSPITAL AS OUTPTNT - PY - IMP REV,IMPUTED MENTAL HEALTH SERVICES UTILIZATION,Imputada,100.0,Variable de sensibilidad
IIMHTOPHOSP2,RCVD MNTL HLTH TRMT AT HOSPITAL AS OUTPTNT - PY - IMP IND,IMPUTED MENTAL HEALTH SERVICES UTILIZATION,Imputada,99.998,Excluir de variables de entrada
IRMHTOPSCHL2,RCVD MNTL HLTH TRMT AT SCHOOL HEALTH/COUNSELING-PY-IMP REV,IMPUTED MENTAL HEALTH SERVICES UTILIZATION,Imputada,100.0,Variable de sensibilidad
IIMHTOPSCHL2,RCVD MNTL HLTH TRMT AT SCHOOL HEALTH/COUNSELING-PY-IMP IND,IMPUTED MENTAL HEALTH SERVICES UTILIZATION,Imputada,99.992,Excluir de variables de entrada
IRMHTOPOPL2,RCVD MNTL HLTH TRMT AT OTHER PLACE AS OUTPTNT-PY- IMP REV,IMPUTED MENTAL HEALTH SERVICES UTILIZATION,Imputada,100.0,Variable de sensibilidad
IIMHTOPOPL2,RCVD MNTL HLTH TRMT AT OTHER PLACE AS OUTPTNT-PY- IMP IND,IMPUTED MENTAL HEALTH SERVICES UTILIZATION,Imputada,99.998,Excluir de variables de entrada
IRMHTRXMED,USED RX MEDICATION TO HELP WITH MNTL HLTH - PY - IMP REV,IMPUTED MENTAL HEALTH SERVICES UTILIZATION,Imputada,100.0,Variable de sensibilidad
IIMHTRXMED,USED RX MEDICATION TO HELP WITH MNTL HLTH - PY - IMP IND,IMPUTED MENTAL HEALTH SERVICES UTILIZATION,Imputada,100.0,Excluir de variables de entrada
IRMHTPHVID,RCVD TRMT BY PHONE/VIDEO FOR MNTL HLTH - PY - IMP REV,IMPUTED MENTAL HEALTH SERVICES UTILIZATION,Imputada,100.0,Variable de sensibilidad
IIMHTPHVID,RCVD TRMT BY PHONE/VIDEO FOR MNTL HLTH - PY - IMP IND,IMPUTED MENTAL HEALTH SERVICES UTILIZATION,Imputada,99.977,Excluir de variables de entrada
IRMHTPEERSPC,RCVD MNTL HLTH HLP FM PEER SUP SPCLST/RECVY COACH-PY-IMP REV,IMPUTED MENTAL HEALTH SERVICES UTILIZATION,Imputada,100.0,Variable de sensibilidad
IIMHTPEERSPC,RCVD MNTL HLTH HLP FM PEER SUP SPCLST/RECVY COACH-PY-IMP IND,IMPUTED MENTAL HEALTH SERVICES UTILIZATION,Imputada,99.998,Excluir de variables de entrada
MHTINOTHPY2,RC-RCVD MH TRMT AT SOME OTHER PLACE AS AN INPATIENT - PST YR,RECODED MENTAL HEALTH SERVICES UTILIZATION,Recodificada,100.0,Variable de sensibilidad
MHTINPPY2,RC-RCVD MENTAL HEALTH TREATMENT AS AN INPATIENT - PAST YEAR,RECODED MENTAL HEALTH SERVICES UTILIZATION,Recodificada,100.0,Variable de sensibilidad
MHTOPOTPY2,RC-RCVD MH TRMT AT SOME OTHER PLACE AS AN OUTPATIENT-PST YR,RECODED MENTAL HEALTH SERVICES UTILIZATION,Recodificada,100.0,Variable de sensibilidad
MHTOPPY2,RC-RCVD MENTAL HEALTH TREATMENT AS AN OUTPATIENT - PAST YEAR,RECODED MENTAL HEALTH SERVICES UTILIZATION,Recodificada,100.0,Variable de sensibilidad
MHTOPNDOC2,RC-RCVD MH TRMT AS AN OUTPATIENT OTHER THAN GEN MED-PST YR,RECODED MENTAL HEALTH SERVICES UTILIZATION,Recodificada,100.0,Variable de sensibilidad
MHTRTPY2,RC-RCVD MENTAL HEALTH TREATMENT - PAST YEAR,RECODED MENTAL HEALTH SERVICES UTILIZATION,Recodificada,100.0,Variable de sensibilidad
MHTRTOSVPY2,RC-RCVD MENTAL HEALTH TREATMENT OR OTHER SERVICES-PAST YEAR,RECODED MENTAL HEALTH SERVICES UTILIZATION,Recodificada,100.0,Variable de sensibilidad
MHTNSEEKPY2,"RC-THGHT SHOULD GET MH TRT, DIDNT RECV OR SEEK TRT- PST YR",RECODED MENTAL HEALTH SERVICES UTILIZATION,Recodificada,72.056,Variable de sensibilidad
MHTSKTHPY2,"RC-SOUGHT OR THGHT SHLD GET MH TRT, DIDNT RECV TRT - PST YR",RECODED MENTAL HEALTH SERVICES UTILIZATION,Recodificada,72.035,Variable de sensibilidad
MHNTCOST2,RC-UNMET PY MNTL HLTH TRT NEED: THOUGHT COST TOO MUCH,RECODED MENTAL HEALTH SERVICES UTILIZATION,Recodificada,5.218,Variable de sensibilidad
MHNTINSCV2,RC-UNMET PY MNTL HLTH TRT NEED: NO HEALTH INSUR COVERAGE,RECODED MENTAL HEALTH SERVICES UTILIZATION,Recodificada,4.88,Variable de sensibilidad
MHNTENFCV2,RC-UNMET PY MH TRT NEED: HEALTH INSUR DIDNT COVER ENOUGH,RECODED MENTAL HEALTH SERVICES UTILIZATION,Recodificada,4.664,Variable de sensibilidad
MHNTWHER2,RC-UNMET PY MNTL HLTH TRT NEED: DIDNT KNOW WHERE TO GET TRT,RECODED MENTAL HEALTH SERVICES UTILIZATION,Recodificada,5.228,Variable de sensibilidad
MHNTNOFND2,RC-UNMET PY MH TRT NEED: COULD NOT FIND PREFERRED PROVIDER,RECODED MENTAL HEALTH SERVICES UTILIZATION,Recodificada,5.042,Variable de sensibilidad
MHNTNOOPN2,RC-UNMET PY MH TRT NEED: NO OPENINGS WITH PREFERRED PROVIDER,RECODED MENTAL HEALTH SERVICES UTILIZATION,Recodificada,4.939,Variable de sensibilidad
MHNTPROBS2,"RC-UNMET PY MH TRT NEED: PROB W/TRANS, CHILDCARE, APPT TIMES",RECODED MENTAL HEALTH SERVICES UTILIZATION,Recodificada,5.167,Variable de sensibilidad
MHNTTIME2,RC-UNMET PY MNTL HLTH TRT NEED: NOT ENOUGH TIME FOR TRT,RECODED MENTAL HEALTH SERVICES UTILIZATION,Recodificada,5.178,Variable de sensibilidad
MHNTPRIV2,RC-UNMET PY MH TRT NEED: WORRIED THAT INFO NOT KEPT PRIVATE,RECODED MENTAL HEALTH SERVICES UTILIZATION,Recodificada,5.186,Variable de sensibilidad
MHNTPTHNK2,RC-UNMET PY MH TRT NEED: WORRIED WHAT PEOPLE WOULD THNK/SAY,RECODED MENTAL HEALTH SERVICES UTILIZATION,Recodificada,5.224,Variable de sensibilidad
MHNTCONSQ2,"RC-UNMET PY MH TRT NEED: THGHT WOULD LOSE JOB, HOME, CHILD",RECODED MENTAL HEALTH SERVICES UTILIZATION,Recodificada,5.188,Variable de sensibilidad
MHNTSTART2,RC-UNMET PY MNTL HLTH TRT NEED: NOT READY TO START TRT,RECODED MENTAL HEALTH SERVICES UTILIZATION,Recodificada,5.127,Variable de sensibilidad
MHNTHNDL2,RC-UNMET PY MNTL HLTH TRT NEED: THOUGHT COULD HANDLE ON OWN,RECODED MENTAL HEALTH SERVICES UTILIZATION,Recodificada,5.205,Variable de sensibilidad
MHNTFFLKE2,RC-UNMET PY MH TRT NEED: FAM/FRIENDS/RELIG GRP WOULDNT LIKE,RECODED MENTAL HEALTH SERVICES UTILIZATION,Recodificada,5.169,Variable de sensibilidad
MHNTFORCE2,RC-UNMET PY MH TRT NEED: AFRAID OF BEING FORCED AGAINST WILL,RECODED MENTAL HEALTH SERVICES UTILIZATION,Recodificada,5.19,Variable de sensibilidad
MHNTMEDS2,RC-UNMET PY MH TRT NEED: THOUGHT WOULD BE TOLD TO TAKE MEDS,RECODED MENTAL HEALTH SERVICES UTILIZATION,Recodificada,5.169,Variable de sensibilidad
MHNTNOHLP2,RC-UNMET PY MNTL HLTH TRT NEED: DIDNT THINK TRT WOULD HELP,RECODED MENTAL HEALTH SERVICES UTILIZATION,Recodificada,5.11,Variable de sensibilidad
MHNTCARE2,RC-UNMET PY MH TRT NEED: NO ONE WOULD CARE IF YOU GOT BETTER,RECODED MENTAL HEALTH SERVICES UTILIZATION,Recodificada,5.167,Variable de sensibilidad
RCVSUTOMHT2,RC-RCVD SUBSTANCE USE TRT OR MENTAL HEALTH TRT IN PAST YEAR,RECODED MENTAL HEALTH SERVICES UTILIZATION,Recodificada,100.0,Variable de sensibilidad
RCVMHTNSUT2,RC-RCVD MENTAL HEALTH TRT BUT NOT SUB USE TRT IN PAST YEAR,RECODED MENTAL HEALTH SERVICES UTILIZATION,Recodificada,100.0,Variable de sensibilidad
RCVSUTNMHT2,RC-RCVD SUB USE TRT BUT NOT MENTAL HEALTH TRT IN PAST YEAR,RECODED MENTAL HEALTH SERVICES UTILIZATION,Recodificada,100.0,Variable de sensibilidad
RCVSUTAMHT2,RC-RCVD BOTH SUB USE TRT AND MENTAL HEALTH TRT IN PAST YEAR,RECODED MENTAL HEALTH SERVICES UTILIZATION,Recodificada,100.0,Variable de sensibilidad
PREGSTAT,CURRENTLY PREGNANT (FEMALES AGED 12-50),HEALTH,Original u otra,41.944,Predictor principal
HTANSWER,PREFERRED WAY TO REPORT HEIGHT,HEALTH,Original u otra,97.057,Predictor principal
HTINCHE2,HEIGHT IN INCHES WITHOUT SHOES - RECODE,HEALTH,Original u otra,96.091,Predictor principal
WTANSWER,PREFERRED WAY TO REPORT WEIGHT,HEALTH,Original u otra,96.86,Predictor principal
WTPOUND2,WEIGHT IN POUNDS - RECODE,HEALTH,Original u otra,96.042,Predictor principal
NMERTMT2,# OF TIMES BEEN TREATED IN EMER ROOM PAST 12 MOS,HEALTH,Original u otra,96.994,Predictor principal
INHOSPYR,STAYED OVERNIGHT AS INPNT IN HOSP PAST 12 MOS,HEALTH,Original u otra,97.911,Predictor principal
NMNGTHS2,# NIGHTS STAYED IN HOSPITAL OVERNIGHT OR LONGER,HEALTH,Original u otra,7.176,Predictor principal
NMVSOPT2,# OUTPATIENT VISITS PAST 12 MOS - RECODE,HEALTH,Original u otra,96.6,Predictor principal
NMVSOEST,# TIMES VISITED DR ABOUT OWN HEALTH PST YR,HEALTH,Original u otra,1.072,Predictor principal
TELEAPTYR,TALK TO DOC ABOUT HEALTH OVER PHONE/EMAIL/VIDEO PST 12 MOS,HEALTH,Original u otra,97.829,Predictor principal
HPUSETOB,HEALTH PROF ASKED PST 12 MOS: TOBACCO USE,HEALTH,Original u otra,76.551,Predictor principal
HPUSEALC,HEALTH PROF ASKED PST 12 MOS: ALCOHOL USE,HEALTH,Original u otra,76.562,Predictor principal
HPUSEDRG,HEALTH PROF ASKED PST 12 MOS: DRUG USE,HEALTH,Original u otra,76.482,Predictor principal
HPQTTOB,HEALTH PROF ADVISED YOU TO QUIT TOBACCO USE,HEALTH,Original u otra,93.232,Predictor principal
HPALCAMT2,DOCTOR ASKED HOW MUCH YOU DRINK,HEALTH,Original u otra,84.748,Predictor principal
HPALCFRQ2,DOCTOR ASKED HOW OFTEN YOU DRINK,HEALTH,Original u otra,84.748,Predictor principal
HPALCPRB2,DOCTOR ASKED IF ANY DRINKING PROBS,HEALTH,Original u otra,84.748,Predictor principal
HPALCCUT2,DOCTOR ADVISED YOU TO CUT DOWN ON DRINKING,HEALTH,Original u otra,84.748,Predictor principal
HPALCTX2,DOCTOR OFFERED INFO ABOUT ALCOHOL TREATMT,HEALTH,Original u otra,84.748,Predictor principal
HPALCNOT2,DOCTOR DIDNT DISCUSS MY ALCOHOL USE WITH ME,HEALTH,Original u otra,84.748,Predictor principal
HPDRGTALK,HEALTH PROF DISCUSSED MY DRUG USE WITH ME,HEALTH,Original u otra,92.649,Predictor principal
HRTCONDEV2,EVER TOLD HAD HEART CONDITION,HEALTH,Original u otra,97.175,Predictor principal
DIABETEVR2,EVER TOLD HAD DIABETES/SUGAR DIABETES,HEALTH,Original u otra,97.175,Predictor principal
COPDEVER2,EVER TOLD HAD CHRONIC BRONCHITIS OR COPD,HEALTH,Original u otra,97.175,Predictor principal
CIRROSEVR2,EVER TOLD HAD CIRRHOSIS OF THE LIVER,HEALTH,Original u otra,97.175,Predictor principal
HEPBCEVER2,EVER TOLD HAD HEPATITIS B OR C,HEALTH,Original u otra,97.175,Predictor principal
KIDNYDSEV2,EVER TOLD HAD KIDNEY DISEASE,HEALTH,Original u otra,97.175,Predictor principal
ASTHMAEVR2,EVER TOLD HAD ASTHMA,HEALTH,Original u otra,97.175,Predictor principal
HIVAIDSEV2,EVER TOLD HAD HIV OR AIDS,HEALTH,Original u otra,97.175,Predictor principal
CANCEREVR2,EVER TOLD HAD CANCER,HEALTH,Original u otra,97.175,Predictor principal
HIGHBPEVR2,EVER TOLD HAD HIGH BLOOD PRESSURE,HEALTH,Original u otra,97.175,Predictor principal
NONABOVEV2,NEVER HAD ANY OF THESE CONDITIONS,HEALTH,Original u otra,97.175,Predictor principal
CABLADDER,TYPE OF CANCER: BLADDER,HEALTH,Original u otra,4.123,Predictor principal
CABLOLEULYM,TYPE OF CANCER: BLOOD/LEUKEMIA/LYMPHOMA,HEALTH,Original u otra,4.123,Predictor principal
CAOTHER2,TYPE OF CANCER: OTHER,HEALTH,Original u otra,4.123,Predictor principal
CABREAST,TYPE OF CANCER: BREAST,HEALTH,Original u otra,4.123,Predictor principal
CACERVIX,TYPE OF CANCER: CERVIX (FEMALES ONLY),HEALTH,Original u otra,2.421,Predictor principal
CACOLNRECT,TYPE OF CANCER: COLON/RECTUM,HEALTH,Original u otra,4.123,Predictor principal
CAESOPSTOM,TYPE OF CANCER: ESOPHAGUS/STOMACH,HEALTH,Original u otra,4.123,Predictor principal
CAGALLIVPAN,TYPE OF CANCER: GALLBLADDER/LIVER/PANCREAS,HEALTH,Original u otra,4.123,Predictor principal
CAKIDNEY,TYPE OF CANCER: KIDNEY,HEALTH,Original u otra,4.123,Predictor principal
CALARYLUNG,TYPE OF CANCER: LARYNX/WINDPIPE/LUNG,HEALTH,Original u otra,4.123,Predictor principal
CAMELANOM,TYPE OF CANCER: MELANOMA,HEALTH,Original u otra,4.123,Predictor principal
CAMOUTTHRO,TYPE OF CANCER: MOUTH/TONGUE/LIP/THROAT/PHARYNX,HEALTH,Original u otra,4.123,Predictor principal
CAOVARY,TYPE OF CANCER: OVARY (FEMALES ONLY),HEALTH,Original u otra,2.421,Predictor principal
CAPROSTEST,TYPE OF CANCER: PROSTATE/TESTIS (MALES ONLY),HEALTH,Original u otra,1.702,Predictor principal
CASKINOTH,TYPE OF CANCER: SKIN (NOT MELANOMA),HEALTH,Original u otra,4.123,Predictor principal
CASKINDK,TYPE OF CANCER: SKIN DON'T KNOW WHICH KIND,HEALTH,Original u otra,4.123,Predictor principal
CATHYROID,TYPE OF CANCER: THYROID,HEALTH,Original u otra,4.123,Predictor principal
CAUTERUS,TYPE OF CANCER: UTERUS (FEMALES ONLY),HEALTH,Original u otra,2.421,Predictor principal
CANCERYR,HAD ANY CANCER PAST 12 MONTHS,HEALTH,Original u otra,3.886,Predictor principal
HRTCONDAG,AGE HEART CONDITION 1ST DIAGNOSED,HEALTH,Original u otra,7.419,Predictor principal
HRTCONDYR,HAD HEART CONDITION PAST 12 MONTHS,HEALTH,Original u otra,7.174,Predictor principal
DIABETEAG,AGE DIABETES 1ST DIAGNOSED,HEALTH,Original u otra,7.738,Predictor principal
COPDAGE,AGE COPD 1ST DIAGNOSED,HEALTH,Original u otra,2.349,Predictor principal
CIRROSAGE,AGE CIRRHOSIS 1ST DIAGNOSED,HEALTH,Original u otra,0.243,Predictor principal
HEPBCAGE,AGE HEPATITIS 1ST DIAGNOSED,HEALTH,Original u otra,0.949,Predictor principal
KIDNYDSAG,AGE KIDNEY DISEASE 1ST DIAGNOSED,HEALTH,Original u otra,1.723,Predictor principal
ASTHMAAGE,AGE ASTHMA 1ST DIAGNOSED,HEALTH,Original u otra,11.224,Predictor principal
ASTHMANOW,STILL HAVE ASTHMA,HEALTH,Original u otra,11.472,Predictor principal
HIVAIDSAG,AGE 1ST FOUND OUT HAD HIV/AIDS,HEALTH,Original u otra,0.239,Predictor principal
HIGHBPMED,TAKING MEDS FOR HIGH BLOOD PRESSURE,HEALTH,Original u otra,13.747,Predictor principal
HIGHBPAGE,AGE WHEN HIGH BLOOD PRESSURE 1ST DIAGNOSED,HEALTH,Original u otra,10.412,Predictor principal
PREGST,RC-PREGNANCY STATUS OF FEMALES AGED 12-50,RECODED HEALTH,Recodificada,41.944,Predictor principal
BMI2,RC-BODY MASS INDEX (BMI),RECODED HEALTH,Recodificada,95.243,Predictor principal
TELEAPTYR2,RC-TALK TO DOC ABOUT VIRTUAL SERVICE TREATMENT-PAST YEAR,RECODED HEALTH,Recodificada,97.829,Predictor principal
CASUPROB,THINK EVER HAD PROBLEM WITH OWN DRUG OR ALCOHOL USE,EMERGING ISSUES,Original u otra,96.649,Predictor principal
CASURCVR,THINK IN RECOVERY FROM DRUG OR ALCOHOL PROBLEM,EMERGING ISSUES,Original u otra,11.909,Predictor principal
CAMHPROB,THINK EVER HAD PROBLEM WITH OWN MENTAL HEALTH,EMERGING ISSUES,Original u otra,96.698,Predictor principal
CAMHRCVR,THINK IN RECOVERY FROM MENTAL HEALTH PROBLEM,EMERGING ISSUES,Original u otra,30.692,Predictor principal
KRATEVER,EVER USED KRATOM,EMERGING ISSUES,Original u otra,96.755,Predictor principal
KRATREC,TIME SINCE LAST USED KRATOM,EMERGING ISSUES,Original u otra,96.755,Predictor principal
FLVVAPEVR,EVER VAPED ONLY FLAVORING WITHOUT NICOTINE/SUBSTANCE,EMERGING ISSUES,Original u otra,96.799,Predictor principal
FLVVAPREC,TIME SINCE LAST VAPED ONLY FLAVORING,EMERGING ISSUES,Original u otra,96.759,Predictor principal
SYNMRJEVR,EVER USED SYNTHETIC MARIJUANA,EMERGING ISSUES,Original u otra,96.82,Predictor principal
SYNMRJREC,TIME SINCE LAST USED SYNTHETIC MARIJUANA,EMERGING ISSUES,Original u otra,96.805,Predictor principal
SYNSTMEVR,EVER USED SYNTHETIC STIMULANTS,EMERGING ISSUES,Original u otra,96.886,Predictor principal
SYNSTMREC,TIME SINCE LAST USED SYNTHETIC STIMULANTS,EMERGING ISSUES,Original u otra,96.882,Predictor principal
IMFEVER,EVER USED ILLEGALLY MADE FENTANYL,EMERGING ISSUES,Original u otra,96.863,Predictor principal
IMFNDLEVER,EVER INJECTED ILLEGALLY MADE FENTANYL WITH NEEDLE,EMERGING ISSUES,Original u otra,96.856,Predictor principal
IRKRATREC,KRATOM RECENCY - IMPUTATION REVISED,IMPUTED EMERGING ISSUES,Imputada,100.0,Predictor principal
IIKRATREC,KRATOM RECENCY - IMPUTATION INDICATOR,IMPUTED EMERGING ISSUES,Imputada,100.0,Excluir de variables de entrada
IRFLVVAPREC,ONLY FLAVORING VAPING RECENCY - IMPUTATION REVISED,IMPUTED EMERGING ISSUES,Imputada,100.0,Predictor principal
IIFLVVAPREC,ONLY FLAVORING VAPING RECENCY - IMPUTATION INDICATOR,IMPUTED EMERGING ISSUES,Imputada,100.0,Excluir de variables de entrada
IRSYNMRJREC,SYNTHETIC MARIJUANA RECENCY - IMPUTATION REVISED,IMPUTED EMERGING ISSUES,Imputada,100.0,Predictor principal
IISYNMRJREC,SYNTHETIC MARIJUANA RECENCY - IMPUTATION INDICATOR,IMPUTED EMERGING ISSUES,Imputada,100.0,Excluir de variables de entrada
IRSYNSTMREC,SYNTHETIC STIMULANTS RECENCY - IMPUTATION REVISED,IMPUTED EMERGING ISSUES,Imputada,100.0,Predictor principal
IISYNSTMREC,SYNTHETIC STIMULANTS RECENCY - IMPUTATION INDICATOR,IMPUTED EMERGING ISSUES,Imputada,100.0,Excluir de variables de entrada
IRIMFREC,ILLEGALLY MADE FENTANYL RECENCY - IMPUTATION REVISED,IMPUTED EMERGING ISSUES,Imputada,100.0,Predictor principal
IIIMFREC,ILLEGALLY MADE FENTANYL RECENCY - IMPUTATION INDICATOR,IMPUTED EMERGING ISSUES,Imputada,100.0,Excluir de variables de entrada
CASUPROB2,RC-PERCEIVED EVER HAD DRUG OR ALCOHOL USE PROBLEM,RECODED EMERGING ISSUES,Recodificada,96.649,Predictor principal
RCVYSUBPRB,RC-PERCEIVED RECOVERY FROM DRUG OR ALCOHOL USE PROBLEM,RECODED EMERGING ISSUES,Recodificada,96.624,Predictor principal
CAMHPROB2,RC-PERCEIVED EVER HAD A MENTAL HEALTH ISSUE,RECODED EMERGING ISSUES,Recodificada,96.698,Predictor principal
RCVYMHPRB,RC-PERCEIVED RECOVERY FROM MENTAL HEALTH ISSUE,RECODED EMERGING ISSUES,Recodificada,96.454,Predictor principal
KRATOMFLAG,RC-KRATOM - EVER USED,RECODED EMERGING ISSUES,Recodificada,100.0,Predictor principal
KRATOMYR,RC-KRATOM - PAST YEAR USE,RECODED EMERGING ISSUES,Recodificada,100.0,Predictor principal
KRATOMMON,RC-KRATOM - PAST MONTH USE,RECODED EMERGING ISSUES,Recodificada,100.0,Predictor principal
FLVVAPFLAG,RC-ONLY FLAVORING VAPING - EVER USED,RECODED EMERGING ISSUES,Recodificada,100.0,Predictor principal
FLVVAPYR,RC-ONLY FLAVORING VAPING - PAST YEAR USE,RECODED EMERGING ISSUES,Recodificada,100.0,Predictor principal
FLVVAPMON,RC-ONLY FLAVORING VAPING - PAST MONTH USE,RECODED EMERGING ISSUES,Recodificada,100.0,Predictor principal
SYNMRJFLAG,RC-SYNTHETIC MARIJUANA - EVER USED,RECODED EMERGING ISSUES,Recodificada,100.0,Predictor principal
SYNMRJYR,RC-SYNTHETIC MARIJUANA - PAST YEAR USE,RECODED EMERGING ISSUES,Recodificada,100.0,Predictor principal
SYNMRJMON,RC-SYNTHETIC MARIJUANA - PAST MONTH USE,RECODED EMERGING ISSUES,Recodificada,100.0,Predictor principal
SYNSTMFLAG,RC-SYNTHETIC STIMULANTS - EVER USED,RECODED EMERGING ISSUES,Recodificada,100.0,Predictor principal
SYNSTMYR,RC-SYNTHETIC STIMULANTS - PAST YEAR USE,RECODED EMERGING ISSUES,Recodificada,100.0,Predictor principal
SYNSTMMON,RC-SYNTHETIC STIMULANTS - PAST MONTH USE,RECODED EMERGING ISSUES,Recodificada,100.0,Predictor principal
IMFFLAG,RC-ILLEGALLY MADE FENTANYL - EVER USED,RECODED EMERGING ISSUES,Recodificada,100.0,Predictor principal
IMFYR,RC-ILLEGALLY MADE FENTANYL - PAST YEAR USE,RECODED EMERGING ISSUES,Recodificada,100.0,Predictor principal
IMFMON,RC-ILLEGALLY MADE FENTANYL - PAST MONTH USE,RECODED EMERGING ISSUES,Recodificada,100.0,Predictor principal
IMFNEDFLAG,RC-EVER USED A NEEDLE TO INJECT IMF,RECODED EMERGING ISSUES,Recodificada,99.945,Predictor principal
ANYNEDFLAG,RC-EVER USED A NEEDLE TO INJECT DRUGS,RECODED EMERGING ISSUES,Recodificada,99.419,Predictor principal
ANYNEDYR,RC- USED A NEEDLE TO INJECT DRUGS - PAST YEAR,RECODED EMERGING ISSUES,Recodificada,99.436,Predictor principal
FPIMFANYYR2,RC-FENTANYL PRODUCTS INCLUDING IMF - ANY PAST YEAR USE,RECODED EMERGING ISSUES,Recodificada,1.23,Predictor principal
FPIMFNMYR,RC-FENTANYL PRODUCTS INCLUDING IMF - PAST YEAR MISUSE,RECODED EMERGING ISSUES,Recodificada,0.416,Predictor principal
OPIIMFNMYR2,RC-OPIOIDS (RX OPIOIDS OR HER) INCLUDING IMF - PST YR MISUSE,RECODED EMERGING ISSUES,Recodificada,3.137,Predictor principal
OPIIMFNMMN2,RC-OPIOIDS (RX OPIOIDS OR HER) INCLUDING IMF - PST MO MISUSE,RECODED EMERGING ISSUES,Recodificada,0.943,Predictor principal
ILIMFOTHFG,"RC-ILLICIT DRUG, IMF, OR OTHER SUB - EVER USED",RECODED EMERGING ISSUES,Recodificada,100.0,Predictor principal
ILIMFOTHYR,"RC-ILLICIT DRUG, IMF, OR OTHER SUB - PAST YEAR USE",RECODED EMERGING ISSUES,Recodificada,100.0,Predictor principal
ILIMFOTHMN,"RC-ILLICIT DRUG, IMF, OR OTHER SUB - PAST MONTH USE",RECODED EMERGING ISSUES,Recodificada,100.0,Predictor principal
LANGVER,LANGUAGE VERSION,INTERVIEW INFORMATION,Original u otra,100.0,Excluir de variables de entrada
GQTYPE2,TYPE OF GROUP QUARTER,INTERVIEW INFORMATION,Original u otra,100.0,Excluir de variables de entrada
