posicion,columna_transformada,tipo
1,EDUSCKMON,Numérica procesada
2,EDUSCKCOM,Numérica procesada
3,EDUSKPMON,Numérica procesada
4,EDUSKPCOM,Numérica procesada
5,WRKDHRSWK2,Numérica procesada
6,WRKNJBWKS,Numérica procesada
7,WRKLASTYR2,Numérica procesada
8,WRKSICKMO,Numérica procesada
9,WRKSKIPMO,Numérica procesada
10,NRCH17_2,Numérica procesada
11,HLCNOTMO,Numérica procesada
12,IRWELMOS,Numérica procesada
13,CIGAVGM,Numérica procesada
14,ALCNUMDKPM,Numérica procesada
15,MRJAGLST,Numérica procesada
16,MRJYLU,Numérica procesada
17,CIGAGLST,Numérica procesada
18,CIGYLU,Numérica procesada
19,CIGDLLST,Numérica procesada
20,CIGDLYLU,Numérica procesada
21,SMKAGLAST,Numérica procesada
22,SMKYRLAST,Numérica procesada
23,CGRAGLST,Numérica procesada
24,CIGARYLU,Numérica procesada
25,ALCAGLST,Numérica procesada
26,ALCYLU,Numérica procesada
27,COCAGLST,Numérica procesada
28,COCYLU,Numérica procesada
29,CRKAGLST,Numérica procesada
30,CRKYLU,Numérica procesada
31,HERAGLST,Numérica procesada
32,HERYLU,Numérica procesada
33,HALLAGLST,Numérica procesada
34,HALLYRLST,Numérica procesada
35,LSDAGLST,Numérica procesada
36,LSDYLU,Numérica procesada
37,PCPAGLST,Numérica procesada
38,PCPYLU,Numérica procesada
39,ECSTMOAGL,Numérica procesada
40,ECSTMOYLU,Numérica procesada
41,INHLAGLST,Numérica procesada
42,INHLYRLST,Numérica procesada
43,METHAGLST,Numérica procesada
44,METHYRLST,Numérica procesada
45,HTINCHE2,Numérica procesada
46,WTPOUND2,Numérica procesada
47,NMERTMT2,Numérica procesada
48,NMNGTHS2,Numérica procesada
49,NMVSOPT2,Numérica procesada
50,HRTCONDAG,Numérica procesada
51,DIABETEAG,Numérica procesada
52,COPDAGE,Numérica procesada
53,CIRROSAGE,Numérica procesada
54,HEPBCAGE,Numérica procesada
55,KIDNYDSAG,Numérica procesada
56,ASTHMAAGE,Numérica procesada
57,HIVAIDSAG,Numérica procesada
58,HIGHBPAGE,Numérica procesada
59,BMI2,Numérica procesada
60,AGE3_5,One-Hot categórica
61,AGE3_6,One-Hot categórica
62,AGE3_7,One-Hot categórica
63,AGE3_8,One-Hot categórica
64,AGE3_9,One-Hot categórica
65,AGE3_10,One-Hot categórica
66,AGE3_11,One-Hot categórica
67,SERVICE_2,One-Hot categórica
68,SERVICE_85,One-Hot categórica
69,SERVICE_97,One-Hot categórica
70,SERVICE_98,One-Hot categórica
71,MILSTAT_3,One-Hot categórica
72,MILSTAT_85,One-Hot categórica
73,MILSTAT_97,One-Hot categórica
74,MILSTAT_98,One-Hot categórica
75,MILSTAT_99,One-Hot categórica
76,ACTDEVER_2,One-Hot categórica
77,ACTDEVER_85,One-Hot categórica
78,ACTDEVER_97,One-Hot categórica
79,ACTDEVER_98,One-Hot categórica
80,ACTDEVER_99,One-Hot categórica
81,ACTD2001_2,One-Hot categórica
82,ACTD2001_85,One-Hot categórica
83,ACTD2001_94,One-Hot categórica
84,ACTD2001_97,One-Hot categórica
85,ACTD2001_98,One-Hot categórica
86,ACTD2001_99,One-Hot categórica
87,ACTD9001_2,One-Hot categórica
88,ACTD9001_85,One-Hot categórica
89,ACTD9001_94,One-Hot categórica
90,ACTD9001_97,One-Hot categórica
91,ACTD9001_98,One-Hot categórica
92,ACTD9001_99,One-Hot categórica
93,ACTD7590_2,One-Hot categórica
94,ACTD7590_85,One-Hot categórica
95,ACTD7590_94,One-Hot categórica
96,ACTD7590_97,One-Hot categórica
97,ACTD7590_98,One-Hot categórica
98,ACTD7590_99,One-Hot categórica
99,ACTDVIET_2,One-Hot categórica
100,ACTDVIET_85,One-Hot categórica
101,ACTDVIET_94,One-Hot categórica
102,ACTDVIET_97,One-Hot categórica
103,ACTDVIET_98,One-Hot categórica
104,ACTDVIET_99,One-Hot categórica
105,ACTDPRIV_2,One-Hot categórica
106,ACTDPRIV_85,One-Hot categórica
107,ACTDPRIV_94,One-Hot categórica
108,ACTDPRIV_97,One-Hot categórica
109,ACTDPRIV_98,One-Hot categórica
110,ACTDPRIV_99,One-Hot categórica
111,COMBATPY_2,One-Hot categórica
112,COMBATPY_85,One-Hot categórica
113,COMBATPY_94,One-Hot categórica
114,COMBATPY_97,One-Hot categórica
115,COMBATPY_98,One-Hot categórica
116,COMBATPY_99,One-Hot categórica
117,NOMARR2_2,One-Hot categórica
118,NOMARR2_94,One-Hot categórica
119,NOMARR2_97,One-Hot categórica
120,NOMARR2_99,One-Hot categórica
121,HEALTH_2,One-Hot categórica
122,HEALTH_3,One-Hot categórica
123,HEALTH_4,One-Hot categórica
124,HEALTH_5,One-Hot categórica
125,HEALTH_94,One-Hot categórica
126,HEALTH_97,One-Hot categórica
127,MOVSINPYR2_1,One-Hot categórica
128,MOVSINPYR2_2,One-Hot categórica
129,MOVSINPYR2_3,One-Hot categórica
130,MOVSINPYR2_985,One-Hot categórica
131,MOVSINPYR2_994,One-Hot categórica
132,MOVSINPYR2_997,One-Hot categórica
133,MOVSINPYR2_998,One-Hot categórica
134,SPEAKENGL_2,One-Hot categórica
135,SPEAKENGL_3,One-Hot categórica
136,SPEAKENGL_4,One-Hot categórica
137,SPEAKENGL_85,One-Hot categórica
138,SPEAKENGL_94,One-Hot categórica
139,SPEAKENGL_97,One-Hot categórica
140,SPEAKENGL_98,One-Hot categórica
141,LVLDIFSEE2_2,One-Hot categórica
142,LVLDIFSEE2_3,One-Hot categórica
143,LVLDIFSEE2_85,One-Hot categórica
144,LVLDIFSEE2_94,One-Hot categórica
145,LVLDIFSEE2_97,One-Hot categórica
146,LVLDIFSEE2_98,One-Hot categórica
147,LVLDIFHEAR2_2,One-Hot categórica
148,LVLDIFHEAR2_3,One-Hot categórica
149,LVLDIFHEAR2_85,One-Hot categórica
150,LVLDIFHEAR2_94,One-Hot categórica
151,LVLDIFHEAR2_97,One-Hot categórica
152,LVLDIFHEAR2_98,One-Hot categórica
153,LVLDIFWALK2_2,One-Hot categórica
154,LVLDIFWALK2_3,One-Hot categórica
155,LVLDIFWALK2_85,One-Hot categórica
156,LVLDIFWALK2_94,One-Hot categórica
157,LVLDIFWALK2_97,One-Hot categórica
158,LVLDIFWALK2_98,One-Hot categórica
159,LVLDIFMEM2_2,One-Hot categórica
160,LVLDIFMEM2_3,One-Hot categórica
161,LVLDIFMEM2_85,One-Hot categórica
162,LVLDIFMEM2_94,One-Hot categórica
163,LVLDIFMEM2_97,One-Hot categórica
164,LVLDIFMEM2_98,One-Hot categórica
165,LVLDIFCARE2_2,One-Hot categórica
166,LVLDIFCARE2_3,One-Hot categórica
167,LVLDIFCARE2_85,One-Hot categórica
168,LVLDIFCARE2_94,One-Hot categórica
169,LVLDIFCARE2_97,One-Hot categórica
170,LVLDIFCARE2_98,One-Hot categórica
171,LVLDIFCOMM2_2,One-Hot categórica
172,LVLDIFCOMM2_3,One-Hot categórica
173,LVLDIFCOMM2_85,One-Hot categórica
174,LVLDIFCOMM2_94,One-Hot categórica
175,LVLDIFCOMM2_97,One-Hot categórica
176,LVLDIFCOMM2_98,One-Hot categórica
177,IRSEX_2,One-Hot categórica
178,IRMARIT_2,One-Hot categórica
179,IRMARIT_3,One-Hot categórica
180,IRMARIT_4,One-Hot categórica
181,IREDUHIGHST2_2,One-Hot categórica
182,IREDUHIGHST2_3,One-Hot categórica
183,IREDUHIGHST2_4,One-Hot categórica
184,IREDUHIGHST2_5,One-Hot categórica
185,IREDUHIGHST2_6,One-Hot categórica
186,IREDUHIGHST2_7,One-Hot categórica
187,IREDUHIGHST2_8,One-Hot categórica
188,IREDUHIGHST2_9,One-Hot categórica
189,IREDUHIGHST2_10,One-Hot categórica
190,IREDUHIGHST2_11,One-Hot categórica
191,CATAGE_3,One-Hot categórica
192,CATAGE_4,One-Hot categórica
193,CATAG2_3,One-Hot categórica
194,CATAG3_3,One-Hot categórica
195,CATAG3_4,One-Hot categórica
196,CATAG3_5,One-Hot categórica
197,CATAG6_3,One-Hot categórica
198,CATAG6_4,One-Hot categórica
199,CATAG6_5,One-Hot categórica
200,CATAG6_6,One-Hot categórica
201,CATAG7_5,One-Hot categórica
202,CATAG7_6,One-Hot categórica
203,CATAG7_7,One-Hot categórica
204,PREGAGE2_3,One-Hot categórica
205,PREGAGE2_4,One-Hot categórica
206,DRVINAGE_2,One-Hot categórica
207,DRVINDETAG_2,One-Hot categórica
208,DRVINDETAG_3,One-Hot categórica
209,SEXAGE_4,One-Hot categórica
210,SEXAGE_5,One-Hot categórica
211,NEWRACE2_2,One-Hot categórica
212,NEWRACE2_3,One-Hot categórica
213,NEWRACE2_4,One-Hot categórica
214,NEWRACE2_5,One-Hot categórica
215,NEWRACE2_6,One-Hot categórica
216,NEWRACE2_7,One-Hot categórica
217,SEXRACE_2,One-Hot categórica
218,SEXRACE_3,One-Hot categórica
219,SEXRACE_4,One-Hot categórica
220,SEXRACE_5,One-Hot categórica
221,SEXRACE_6,One-Hot categórica
222,SEXRACE_7,One-Hot categórica
223,EDUHIGHCAT_2,One-Hot categórica
224,EDUHIGHCAT_3,One-Hot categórica
225,EDUHIGHCAT_4,One-Hot categórica
226,HEALTH2_2.0,One-Hot categórica
227,HEALTH2_3.0,One-Hot categórica
228,HEALTH2_4.0,One-Hot categórica
229,HEALTH2_nan,One-Hot categórica
230,EDUSCHLGO_2,One-Hot categórica
231,EDUSCHLGO_11,One-Hot categórica
232,EDUSCHLGO_85,One-Hot categórica
233,EDUSCHLGO_94,One-Hot categórica
234,EDUSCHLGO_97,One-Hot categórica
235,EDUSCHLGO_98,One-Hot categórica
236,EDUSCHGRD2_2,One-Hot categórica
237,EDUSCHGRD2_3,One-Hot categórica
238,EDUSCHGRD2_4,One-Hot categórica
239,EDUSCHGRD2_5,One-Hot categórica
240,EDUSCHGRD2_6,One-Hot categórica
241,EDUSCHGRD2_7,One-Hot categórica
242,EDUSCHGRD2_8,One-Hot categórica
243,EDUSCHGRD2_9,One-Hot categórica
244,EDUSCHGRD2_10,One-Hot categórica
245,EDUSCHGRD2_11,One-Hot categórica
246,EDUSCHGRD2_98,One-Hot categórica
247,EDUSCHGRD2_99,One-Hot categórica
248,EDUFULPAR_2,One-Hot categórica
249,EDUFULPAR_85,One-Hot categórica
250,EDUFULPAR_94,One-Hot categórica
251,EDUFULPAR_97,One-Hot categórica
252,EDUFULPAR_98,One-Hot categórica
253,EDUFULPAR_99,One-Hot categórica
254,EDUSCKEST_2,One-Hot categórica
255,EDUSCKEST_3,One-Hot categórica
256,EDUSCKEST_4,One-Hot categórica
257,EDUSCKEST_5,One-Hot categórica
258,EDUSCKEST_6,One-Hot categórica
259,EDUSCKEST_94,One-Hot categórica
260,EDUSCKEST_97,One-Hot categórica
261,EDUSCKEST_98,One-Hot categórica
262,EDUSCKEST_99,One-Hot categórica
263,EDUSKPEST_2,One-Hot categórica
264,EDUSKPEST_3,One-Hot categórica
265,EDUSKPEST_4,One-Hot categórica
266,EDUSKPEST_5,One-Hot categórica
267,EDUSKPEST_94,One-Hot categórica
268,EDUSKPEST_97,One-Hot categórica
269,EDUSKPEST_98,One-Hot categórica
270,EDUSKPEST_99,One-Hot categórica
271,MILTFAMLY_2,One-Hot categórica
272,MILTFAMLY_85,One-Hot categórica
273,MILTFAMLY_94,One-Hot categórica
274,MILTFAMLY_97,One-Hot categórica
275,MILTFAMLY_98,One-Hot categórica
276,MILTSPPAR_2,One-Hot categórica
277,MILTSPPAR_85,One-Hot categórica
278,MILTSPPAR_94,One-Hot categórica
279,MILTSPPAR_97,One-Hot categórica
280,MILTSPPAR_98,One-Hot categórica
281,MILTSPPAR_99,One-Hot categórica
282,MILTPARNT_2,One-Hot categórica
283,MILTPARNT_85,One-Hot categórica
284,MILTPARNT_94,One-Hot categórica
285,MILTPARNT_97,One-Hot categórica
286,MILTPARNT_98,One-Hot categórica
287,MILTPARNT_99,One-Hot categórica
288,MILTCHLDR_2,One-Hot categórica
289,MILTCHLDR_85,One-Hot categórica
290,MILTCHLDR_94,One-Hot categórica
291,MILTCHLDR_97,One-Hot categórica
292,MILTCHLDR_98,One-Hot categórica
293,MILTCHLDR_99,One-Hot categórica
294,MILTSIBLN_2,One-Hot categórica
295,MILTSIBLN_85,One-Hot categórica
296,MILTSIBLN_94,One-Hot categórica
297,MILTSIBLN_97,One-Hot categórica
298,MILTSIBLN_98,One-Hot categórica
299,MILTSIBLN_99,One-Hot categórica
300,ENRLCOLLFT2_2,One-Hot categórica
301,ENRLCOLLFT2_3,One-Hot categórica
302,ENRLCOLLST2_2,One-Hot categórica
303,ENRLCOLLST2_3,One-Hot categórica
304,ENRLCOLLST2_4,One-Hot categórica
305,ENRLCOLLST2_5,One-Hot categórica
306,WRKSTATWK2_2,One-Hot categórica
307,WRKSTATWK2_3,One-Hot categórica
308,WRKSTATWK2_4,One-Hot categórica
309,WRKSTATWK2_5,One-Hot categórica
310,WRKSTATWK2_6,One-Hot categórica
311,WRKSTATWK2_7,One-Hot categórica
312,WRKSTATWK2_8,One-Hot categórica
313,WRKSTATWK2_9,One-Hot categórica
314,WRKSTATWK2_98,One-Hot categórica
315,WRKDPSTWK_2,One-Hot categórica
316,WRKDPSTWK_4,One-Hot categórica
317,WRKDPSTWK_85,One-Hot categórica
318,WRKDPSTWK_94,One-Hot categórica
319,WRKDPSTWK_97,One-Hot categórica
320,WRKDPSTWK_98,One-Hot categórica
321,WRKHADJOB_2,One-Hot categórica
322,WRKHADJOB_4,One-Hot categórica
323,WRKHADJOB_85,One-Hot categórica
324,WRKHADJOB_94,One-Hot categórica
325,WRKHADJOB_97,One-Hot categórica
326,WRKHADJOB_98,One-Hot categórica
327,WRKHADJOB_99,One-Hot categórica
328,WRK35WKUS_2,One-Hot categórica
329,WRK35WKUS_85,One-Hot categórica
330,WRK35WKUS_94,One-Hot categórica
331,WRK35WKUS_97,One-Hot categórica
332,WRK35WKUS_98,One-Hot categórica
333,WRK35WKUS_99,One-Hot categórica
334,WRKRSNNOT_2,One-Hot categórica
335,WRKRSNNOT_3,One-Hot categórica
336,WRKRSNNOT_4,One-Hot categórica
337,WRKRSNNOT_5,One-Hot categórica
338,WRKRSNNOT_6,One-Hot categórica
339,WRKRSNNOT_7,One-Hot categórica
340,WRKRSNNOT_994,One-Hot categórica
341,WRKRSNNOT_997,One-Hot categórica
342,WRKRSNNOT_998,One-Hot categórica
343,WRKRSNNOT_999,One-Hot categórica
344,WRKRSNJOB_2,One-Hot categórica
345,WRKRSNJOB_3,One-Hot categórica
346,WRKRSNJOB_4,One-Hot categórica
347,WRKRSNJOB_5,One-Hot categórica
348,WRKRSNJOB_6,One-Hot categórica
349,WRKRSNJOB_7,One-Hot categórica
350,WRKRSNJOB_8,One-Hot categórica
351,WRKRSNJOB_985,One-Hot categórica
352,WRKRSNJOB_994,One-Hot categórica
353,WRKRSNJOB_997,One-Hot categórica
354,WRKRSNJOB_998,One-Hot categórica
355,WRKRSNJOB_999,One-Hot categórica
356,WRKEFFORT_2,One-Hot categórica
357,WRKEFFORT_94,One-Hot categórica
358,WRKEFFORT_97,One-Hot categórica
359,WRKEFFORT_98,One-Hot categórica
360,WRKEFFORT_99,One-Hot categórica
361,WRKDPSTYR_2,One-Hot categórica
362,WRKDPSTYR_85,One-Hot categórica
363,WRKDPSTYR_94,One-Hot categórica
364,WRKDPSTYR_97,One-Hot categórica
365,WRKDPSTYR_98,One-Hot categórica
366,WRKDPSTYR_99,One-Hot categórica
367,WRKSELFEM_2,One-Hot categórica
368,WRKSELFEM_5,One-Hot categórica
369,WRKSELFEM_85,One-Hot categórica
370,WRKSELFEM_94,One-Hot categórica
371,WRKSELFEM_97,One-Hot categórica
372,WRKSELFEM_98,One-Hot categórica
373,WRKSELFEM_99,One-Hot categórica
374,WRKNUMJOB2_2,One-Hot categórica
375,WRKNUMJOB2_3,One-Hot categórica
376,WRKNUMJOB2_4,One-Hot categórica
377,WRKNUMJOB2_85,One-Hot categórica
378,WRKNUMJOB2_94,One-Hot categórica
379,WRKNUMJOB2_97,One-Hot categórica
380,WRKNUMJOB2_98,One-Hot categórica
381,WRKNUMJOB2_99,One-Hot categórica
382,WRKNJBPYR_2,One-Hot categórica
383,WRKNJBPYR_85,One-Hot categórica
384,WRKNJBPYR_94,One-Hot categórica
385,WRKNJBPYR_97,One-Hot categórica
386,WRKNJBPYR_98,One-Hot categórica
387,WRKNJBPYR_99,One-Hot categórica
388,IRWRKSTAT18_2,One-Hot categórica
389,IRWRKSTAT18_3,One-Hot categórica
390,IRWRKSTAT18_4,One-Hot categórica
391,EDFAM18_1,One-Hot categórica
392,EDFAM18_98,One-Hot categórica
393,IRHHSIZ2_2,One-Hot categórica
394,IRHHSIZ2_3,One-Hot categórica
395,IRHHSIZ2_4,One-Hot categórica
396,IRHHSIZ2_5,One-Hot categórica
397,IRHHSIZ2_6,One-Hot categórica
398,IRKI17_2_2,One-Hot categórica
399,IRKI17_2_3,One-Hot categórica
400,IRKI17_2_4,One-Hot categórica
401,IRHH65_2_2,One-Hot categórica
402,IRHH65_2_3,One-Hot categórica
403,MEDICARE_2,One-Hot categórica
404,MEDICARE_94,One-Hot categórica
405,MEDICARE_97,One-Hot categórica
406,MEDICARE_98,One-Hot categórica
407,CAIDCHIP_2,One-Hot categórica
408,CAIDCHIP_85,One-Hot categórica
409,CAIDCHIP_94,One-Hot categórica
410,CAIDCHIP_97,One-Hot categórica
411,CAIDCHIP_98,One-Hot categórica
412,CHAMPUS_2,One-Hot categórica
413,CHAMPUS_94,One-Hot categórica
414,CHAMPUS_97,One-Hot categórica
415,CHAMPUS_98,One-Hot categórica
416,PRVHLTIN_2,One-Hot categórica
417,PRVHLTIN_94,One-Hot categórica
418,PRVHLTIN_97,One-Hot categórica
419,PRVHLTIN_98,One-Hot categórica
420,GRPHLTIN_2,One-Hot categórica
421,GRPHLTIN_94,One-Hot categórica
422,GRPHLTIN_97,One-Hot categórica
423,GRPHLTIN_98,One-Hot categórica
424,GRPHLTIN_99,One-Hot categórica
425,HLTINALC_2,One-Hot categórica
426,HLTINALC_94,One-Hot categórica
427,HLTINALC_97,One-Hot categórica
428,HLTINALC_98,One-Hot categórica
429,HLTINALC_99,One-Hot categórica
430,HLTINDRG_2,One-Hot categórica
431,HLTINDRG_94,One-Hot categórica
432,HLTINDRG_97,One-Hot categórica
433,HLTINDRG_98,One-Hot categórica
434,HLTINDRG_99,One-Hot categórica
435,HLTINMNT_2,One-Hot categórica
436,HLTINMNT_94,One-Hot categórica
437,HLTINMNT_97,One-Hot categórica
438,HLTINMNT_98,One-Hot categórica
439,HLTINMNT_99,One-Hot categórica
440,HLTINNOS_2,One-Hot categórica
441,HLTINNOS_94,One-Hot categórica
442,HLTINNOS_97,One-Hot categórica
443,HLTINNOS_98,One-Hot categórica
444,HLTINNOS_99,One-Hot categórica
445,HLCNOTYR_2,One-Hot categórica
446,HLCNOTYR_85,One-Hot categórica
447,HLCNOTYR_94,One-Hot categórica
448,HLCNOTYR_97,One-Hot categórica
449,HLCNOTYR_98,One-Hot categórica
450,HLCNOTYR_99,One-Hot categórica
451,HLCLAST_2,One-Hot categórica
452,HLCLAST_3,One-Hot categórica
453,HLCLAST_4,One-Hot categórica
454,HLCLAST_5,One-Hot categórica
455,HLCLAST_94,One-Hot categórica
456,HLCLAST_97,One-Hot categórica
457,HLCLAST_98,One-Hot categórica
458,HLCLAST_99,One-Hot categórica
459,HLLOSRSN_2,One-Hot categórica
460,HLLOSRSN_3,One-Hot categórica
461,HLLOSRSN_4,One-Hot categórica
462,HLLOSRSN_5,One-Hot categórica
463,HLLOSRSN_6,One-Hot categórica
464,HLLOSRSN_7,One-Hot categórica
465,HLLOSRSN_8,One-Hot categórica
466,HLLOSRSN_9,One-Hot categórica
467,HLLOSRSN_10,One-Hot categórica
468,HLLOSRSN_11,One-Hot categórica
469,HLLOSRSN_12,One-Hot categórica
470,HLLOSRSN_85,One-Hot categórica
471,HLLOSRSN_94,One-Hot categórica
472,HLLOSRSN_97,One-Hot categórica
473,HLLOSRSN_98,One-Hot categórica
474,HLLOSRSN_99,One-Hot categórica
475,HLNVCOST_6,One-Hot categórica
476,HLNVCOST_94,One-Hot categórica
477,HLNVCOST_97,One-Hot categórica
478,HLNVCOST_98,One-Hot categórica
479,HLNVCOST_99,One-Hot categórica
480,HLNVOFFR_6,One-Hot categórica
481,HLNVOFFR_94,One-Hot categórica
482,HLNVOFFR_97,One-Hot categórica
483,HLNVOFFR_98,One-Hot categórica
484,HLNVOFFR_99,One-Hot categórica
485,HLNVREF_6,One-Hot categórica
486,HLNVREF_94,One-Hot categórica
487,HLNVREF_97,One-Hot categórica
488,HLNVREF_98,One-Hot categórica
489,HLNVREF_99,One-Hot categórica
490,HLNVNEED_6,One-Hot categórica
491,HLNVNEED_94,One-Hot categórica
492,HLNVNEED_97,One-Hot categórica
493,HLNVNEED_98,One-Hot categórica
494,HLNVNEED_99,One-Hot categórica
495,HLNVSOR_6,One-Hot categórica
496,HLNVSOR_94,One-Hot categórica
497,HLNVSOR_97,One-Hot categórica
498,HLNVSOR_98,One-Hot categórica
499,HLNVSOR_99,One-Hot categórica
500,IRMEDICR_2,One-Hot categórica
501,IRMCDCHP_2,One-Hot categórica
502,IRCHMPUS_2,One-Hot categórica
503,IRPRVHLT_2,One-Hot categórica
504,IROTHHLT_2,One-Hot categórica
505,IROTHHLT_99,One-Hot categórica
506,HLCALL99_98,One-Hot categórica
507,ANYHLTI2_2,One-Hot categórica
508,ANYHLTI2_94,One-Hot categórica
509,ANYHLTI2_97,One-Hot categórica
510,ANYHLTI2_98,One-Hot categórica
511,IRINSUR4_2,One-Hot categórica
512,OTHINS_2,One-Hot categórica
513,CELLWRKNG_2,One-Hot categórica
514,CELLWRKNG_85,One-Hot categórica
515,CELLWRKNG_94,One-Hot categórica
516,CELLWRKNG_97,One-Hot categórica
517,CELLWRKNG_98,One-Hot categórica
518,CELLNOTCL_2,One-Hot categórica
519,CELLNOTCL_85,One-Hot categórica
520,CELLNOTCL_94,One-Hot categórica
521,CELLNOTCL_97,One-Hot categórica
522,CELLNOTCL_98,One-Hot categórica
523,IRFAMSOC_2,One-Hot categórica
524,IRFAMSSI_2,One-Hot categórica
525,IRFSTAMP_2,One-Hot categórica
526,IRFAMPMT_2,One-Hot categórica
527,IRFAMSVC_2,One-Hot categórica
528,IRPINC3_2,One-Hot categórica
529,IRPINC3_3,One-Hot categórica
530,IRPINC3_4,One-Hot categórica
531,IRPINC3_5,One-Hot categórica
532,IRPINC3_6,One-Hot categórica
533,IRPINC3_7,One-Hot categórica
534,IRFAMIN3_2,One-Hot categórica
535,IRFAMIN3_3,One-Hot categórica
536,IRFAMIN3_4,One-Hot categórica
537,IRFAMIN3_5,One-Hot categórica
538,IRFAMIN3_6,One-Hot categórica
539,IRFAMIN3_7,One-Hot categórica
540,GOVTPROG_2,One-Hot categórica
541,INCOME_2,One-Hot categórica
542,INCOME_3,One-Hot categórica
543,INCOME_4,One-Hot categórica
544,POVERTY3_2.0,One-Hot categórica
545,POVERTY3_3.0,One-Hot categórica
546,POVERTY3_nan,One-Hot categórica
547,BOOKED_2,One-Hot categórica
548,BOOKED_3,One-Hot categórica
549,BOOKED_85,One-Hot categórica
550,BOOKED_94,One-Hot categórica
551,BOOKED_97,One-Hot categórica
552,BOOKED_98,One-Hot categórica
553,NOBOOKY2_1,One-Hot categórica
554,NOBOOKY2_2,One-Hot categórica
555,NOBOOKY2_3,One-Hot categórica
556,NOBOOKY2_985,One-Hot categórica
557,NOBOOKY2_994,One-Hot categórica
558,NOBOOKY2_997,One-Hot categórica
559,NOBOOKY2_998,One-Hot categórica
560,NOBOOKY2_999,One-Hot categórica
561,BKMVTHFT_2,One-Hot categórica
562,BKMVTHFT_3,One-Hot categórica
563,BKMVTHFT_85,One-Hot categórica
564,BKMVTHFT_89,One-Hot categórica
565,BKMVTHFT_97,One-Hot categórica
566,BKMVTHFT_98,One-Hot categórica
567,BKMVTHFT_99,One-Hot categórica
568,BKLARCNY_2,One-Hot categórica
569,BKLARCNY_3,One-Hot categórica
570,BKLARCNY_85,One-Hot categórica
571,BKLARCNY_89,One-Hot categórica
572,BKLARCNY_97,One-Hot categórica
573,BKLARCNY_98,One-Hot categórica
574,BKLARCNY_99,One-Hot categórica
575,BKBURGL_2,One-Hot categórica
576,BKBURGL_3,One-Hot categórica
577,BKBURGL_85,One-Hot categórica
578,BKBURGL_89,One-Hot categórica
579,BKBURGL_97,One-Hot categórica
580,BKBURGL_98,One-Hot categórica
581,BKBURGL_99,One-Hot categórica
582,BKSRVIOL_2,One-Hot categórica
583,BKSRVIOL_3,One-Hot categórica
584,BKSRVIOL_85,One-Hot categórica
585,BKSRVIOL_89,One-Hot categórica
586,BKSRVIOL_97,One-Hot categórica
587,BKSRVIOL_98,One-Hot categórica
588,BKSRVIOL_99,One-Hot categórica
589,BKSMASLT_2,One-Hot categórica
590,BKSMASLT_3,One-Hot categórica
591,BKSMASLT_85,One-Hot categórica
592,BKSMASLT_89,One-Hot categórica
593,BKSMASLT_97,One-Hot categórica
594,BKSMASLT_98,One-Hot categórica
595,BKSMASLT_99,One-Hot categórica
596,BKROB_2,One-Hot categórica
597,BKROB_85,One-Hot categórica
598,BKROB_89,One-Hot categórica
599,BKROB_97,One-Hot categórica
600,BKROB_98,One-Hot categórica
601,BKROB_99,One-Hot categórica
602,BKARSON_2,One-Hot categórica
603,BKARSON_85,One-Hot categórica
604,BKARSON_89,One-Hot categórica
605,BKARSON_97,One-Hot categórica
606,BKARSON_98,One-Hot categórica
607,BKARSON_99,One-Hot categórica
608,BKDRVINF_2,One-Hot categórica
609,BKDRVINF_3,One-Hot categórica
610,BKDRVINF_85,One-Hot categórica
611,BKDRVINF_89,One-Hot categórica
612,BKDRVINF_97,One-Hot categórica
613,BKDRVINF_98,One-Hot categórica
614,BKDRVINF_99,One-Hot categórica
615,BKDRUNK_2,One-Hot categórica
616,BKDRUNK_3,One-Hot categórica
617,BKDRUNK_85,One-Hot categórica
618,BKDRUNK_89,One-Hot categórica
619,BKDRUNK_97,One-Hot categórica
620,BKDRUNK_98,One-Hot categórica
621,BKDRUNK_99,One-Hot categórica
622,BKDRUG_2,One-Hot categórica
623,BKDRUG_3,One-Hot categórica
624,BKDRUG_85,One-Hot categórica
625,BKDRUG_89,One-Hot categórica
626,BKDRUG_97,One-Hot categórica
627,BKDRUG_98,One-Hot categórica
628,BKDRUG_99,One-Hot categórica
629,BKSEXNR_2,One-Hot categórica
630,BKSEXNR_85,One-Hot categórica
631,BKSEXNR_89,One-Hot categórica
632,BKSEXNR_97,One-Hot categórica
633,BKSEXNR_98,One-Hot categórica
634,BKSEXNR_99,One-Hot categórica
635,BKFRAUD_2,One-Hot categórica
636,BKFRAUD_3,One-Hot categórica
637,BKFRAUD_85,One-Hot categórica
638,BKFRAUD_89,One-Hot categórica
639,BKFRAUD_94,One-Hot categórica
640,BKFRAUD_97,One-Hot categórica
641,BKFRAUD_98,One-Hot categórica
642,BKFRAUD_99,One-Hot categórica
643,BKOTH_2,One-Hot categórica
644,BKOTH_3,One-Hot categórica
645,BKOTH_5,One-Hot categórica
646,BKOTH_85,One-Hot categórica
647,BKOTH_89,One-Hot categórica
648,BKOTH_97,One-Hot categórica
649,BKOTH_98,One-Hot categórica
650,BKOTH_99,One-Hot categórica
651,PROBATON_2,One-Hot categórica
652,PROBATON_85,One-Hot categórica
653,PROBATON_94,One-Hot categórica
654,PROBATON_97,One-Hot categórica
655,PROBATON_98,One-Hot categórica
656,PAROLREL_2,One-Hot categórica
657,PAROLREL_85,One-Hot categórica
658,PAROLREL_94,One-Hot categórica
659,PAROLREL_97,One-Hot categórica
660,PAROLREL_98,One-Hot categórica
661,DRVINALCO_2,One-Hot categórica
662,DRVINALCO_91,One-Hot categórica
663,DRVINALCO_93,One-Hot categórica
664,DRVINALCO_94,One-Hot categórica
665,DRVINALCO_97,One-Hot categórica
666,DRVINALCO_98,One-Hot categórica
667,DRVINMARJ_2,One-Hot categórica
668,DRVINMARJ_91,One-Hot categórica
669,DRVINMARJ_93,One-Hot categórica
670,DRVINMARJ_94,One-Hot categórica
671,DRVINMARJ_97,One-Hot categórica
672,DRVINMARJ_98,One-Hot categórica
673,DRVINCOCN_2,One-Hot categórica
674,DRVINCOCN_85,One-Hot categórica
675,DRVINCOCN_91,One-Hot categórica
676,DRVINCOCN_93,One-Hot categórica
677,DRVINCOCN_94,One-Hot categórica
678,DRVINCOCN_97,One-Hot categórica
679,DRVINCOCN_98,One-Hot categórica
680,DRVINHERN_2,One-Hot categórica
681,DRVINHERN_85,One-Hot categórica
682,DRVINHERN_91,One-Hot categórica
683,DRVINHERN_93,One-Hot categórica
684,DRVINHERN_97,One-Hot categórica
685,DRVINHERN_98,One-Hot categórica
686,DRVINHALL_2,One-Hot categórica
687,DRVINHALL_85,One-Hot categórica
688,DRVINHALL_91,One-Hot categórica
689,DRVINHALL_93,One-Hot categórica
690,DRVINHALL_94,One-Hot categórica
691,DRVINHALL_97,One-Hot categórica
692,DRVINHALL_98,One-Hot categórica
693,DRVININHL_2,One-Hot categórica
694,DRVININHL_85,One-Hot categórica
695,DRVININHL_91,One-Hot categórica
696,DRVININHL_93,One-Hot categórica
697,DRVININHL_98,One-Hot categórica
698,DRVINMETH_2,One-Hot categórica
699,DRVINMETH_91,One-Hot categórica
700,DRVINMETH_93,One-Hot categórica
701,DRVINMETH_97,One-Hot categórica
702,DRVINMETH_98,One-Hot categórica
703,DRVINALON_2,One-Hot categórica
704,DRVINALON_91,One-Hot categórica
705,DRVINALON_93,One-Hot categórica
706,DRVINALON_98,One-Hot categórica
707,DRVINALON_99,One-Hot categórica
708,MXMJPNLT_2,One-Hot categórica
709,MXMJPNLT_3,One-Hot categórica
710,MXMJPNLT_4,One-Hot categórica
711,MXMJPNLT_5,One-Hot categórica
712,MXMJPNLT_6,One-Hot categórica
713,MXMJPNLT_85,One-Hot categórica
714,MXMJPNLT_94,One-Hot categórica
715,MXMJPNLT_97,One-Hot categórica
716,MXMJPNLT_98,One-Hot categórica
717,DRVINALCO2_1.0,One-Hot categórica
718,DRVINALCO2_nan,One-Hot categórica
719,DRVINMARJ2_1.0,One-Hot categórica
720,DRVINMARJ2_nan,One-Hot categórica
721,DRVINDRG_1.0,One-Hot categórica
722,DRVINDRG_nan,One-Hot categórica
723,DRVINDROTMJ_1.0,One-Hot categórica
724,DRVINDROTMJ_nan,One-Hot categórica
725,DRVINALDRG_1.0,One-Hot categórica
726,DRVINALDRG_nan,One-Hot categórica
727,PAROL_2.0,One-Hot categórica
728,PAROL_nan,One-Hot categórica
729,PROB_2.0,One-Hot categórica
730,PROB_nan,One-Hot categórica
731,CIGIRTBL_2,One-Hot categórica
732,CIGIRTBL_3,One-Hot categórica
733,CIGIRTBL_4,One-Hot categórica
734,CIGIRTBL_5,One-Hot categórica
735,CIGIRTBL_91,One-Hot categórica
736,CIGIRTBL_93,One-Hot categórica
737,CIGIRTBL_94,One-Hot categórica
738,CIGIRTBL_97,One-Hot categórica
739,CIGIRTBL_98,One-Hot categórica
740,CIGCRAVE_2,One-Hot categórica
741,CIGCRAVE_3,One-Hot categórica
742,CIGCRAVE_4,One-Hot categórica
743,CIGCRAVE_5,One-Hot categórica
744,CIGCRAVE_91,One-Hot categórica
745,CIGCRAVE_93,One-Hot categórica
746,CIGCRAVE_94,One-Hot categórica
747,CIGCRAVE_97,One-Hot categórica
748,CIGCRAVE_98,One-Hot categórica
749,CIGCRAGP_2,One-Hot categórica
750,CIGCRAGP_3,One-Hot categórica
751,CIGCRAGP_4,One-Hot categórica
752,CIGCRAGP_5,One-Hot categórica
753,CIGCRAGP_91,One-Hot categórica
754,CIGCRAGP_93,One-Hot categórica
755,CIGCRAGP_94,One-Hot categórica
756,CIGCRAGP_97,One-Hot categórica
757,CIGCRAGP_98,One-Hot categórica
758,CIGINCTL_2,One-Hot categórica
759,CIGINCTL_3,One-Hot categórica
760,CIGINCTL_4,One-Hot categórica
761,CIGINCTL_5,One-Hot categórica
762,CIGINCTL_91,One-Hot categórica
763,CIGINCTL_93,One-Hot categórica
764,CIGINCTL_94,One-Hot categórica
765,CIGINCTL_97,One-Hot categórica
766,CIGINCTL_98,One-Hot categórica
767,CIGAVOID_2,One-Hot categórica
768,CIGAVOID_3,One-Hot categórica
769,CIGAVOID_4,One-Hot categórica
770,CIGAVOID_5,One-Hot categórica
771,CIGAVOID_91,One-Hot categórica
772,CIGAVOID_93,One-Hot categórica
773,CIGAVOID_94,One-Hot categórica
774,CIGAVOID_97,One-Hot categórica
775,CIGAVOID_98,One-Hot categórica
776,CIGFNSMK_2,One-Hot categórica
777,CIGFNSMK_91,One-Hot categórica
778,CIGFNSMK_93,One-Hot categórica
779,CIGFNSMK_94,One-Hot categórica
780,CIGFNSMK_97,One-Hot categórica
781,CIGFNSMK_98,One-Hot categórica
782,CIGFNLKE_2,One-Hot categórica
783,CIGFNLKE_3,One-Hot categórica
784,CIGFNLKE_4,One-Hot categórica
785,CIGFNLKE_5,One-Hot categórica
786,CIGFNLKE_91,One-Hot categórica
787,CIGFNLKE_93,One-Hot categórica
788,CIGFNLKE_94,One-Hot categórica
789,CIGFNLKE_97,One-Hot categórica
790,CIGFNLKE_98,One-Hot categórica
791,CIGFNLKE_99,One-Hot categórica
792,CIGPLANE_2,One-Hot categórica
793,CIGPLANE_3,One-Hot categórica
794,CIGPLANE_4,One-Hot categórica
795,CIGPLANE_5,One-Hot categórica
796,CIGPLANE_91,One-Hot categórica
797,CIGPLANE_93,One-Hot categórica
798,CIGPLANE_94,One-Hot categórica
799,CIGPLANE_97,One-Hot categórica
800,CIGPLANE_98,One-Hot categórica
801,CIGRNOUT_2,One-Hot categórica
802,CIGRNOUT_3,One-Hot categórica
803,CIGRNOUT_4,One-Hot categórica
804,CIGRNOUT_5,One-Hot categórica
805,CIGRNOUT_91,One-Hot categórica
806,CIGRNOUT_93,One-Hot categórica
807,CIGRNOUT_94,One-Hot categórica
808,CIGRNOUT_97,One-Hot categórica
809,CIGRNOUT_98,One-Hot categórica
810,CIGREGDY_2,One-Hot categórica
811,CIGREGDY_3,One-Hot categórica
812,CIGREGDY_4,One-Hot categórica
813,CIGREGDY_5,One-Hot categórica
814,CIGREGDY_91,One-Hot categórica
815,CIGREGDY_93,One-Hot categórica
816,CIGREGDY_94,One-Hot categórica
817,CIGREGDY_97,One-Hot categórica
818,CIGREGDY_98,One-Hot categórica
819,CIGREGWK_2,One-Hot categórica
820,CIGREGWK_3,One-Hot categórica
821,CIGREGWK_4,One-Hot categórica
822,CIGREGWK_5,One-Hot categórica
823,CIGREGWK_91,One-Hot categórica
824,CIGREGWK_93,One-Hot categórica
825,CIGREGWK_94,One-Hot categórica
826,CIGREGWK_97,One-Hot categórica
827,CIGREGWK_98,One-Hot categórica
828,CIGREGNM_2,One-Hot categórica
829,CIGREGNM_3,One-Hot categórica
830,CIGREGNM_4,One-Hot categórica
831,CIGREGNM_5,One-Hot categórica
832,CIGREGNM_91,One-Hot categórica
833,CIGREGNM_93,One-Hot categórica
834,CIGREGNM_94,One-Hot categórica
835,CIGREGNM_97,One-Hot categórica
836,CIGREGNM_98,One-Hot categórica
837,CIGNMCHG_2,One-Hot categórica
838,CIGNMCHG_3,One-Hot categórica
839,CIGNMCHG_4,One-Hot categórica
840,CIGNMCHG_5,One-Hot categórica
841,CIGNMCHG_91,One-Hot categórica
842,CIGNMCHG_93,One-Hot categórica
843,CIGNMCHG_94,One-Hot categórica
844,CIGNMCHG_97,One-Hot categórica
845,CIGNMCHG_98,One-Hot categórica
846,CIGSVLHR_2,One-Hot categórica
847,CIGSVLHR_3,One-Hot categórica
848,CIGSVLHR_4,One-Hot categórica
849,CIGSVLHR_5,One-Hot categórica
850,CIGSVLHR_91,One-Hot categórica
851,CIGSVLHR_93,One-Hot categórica
852,CIGSVLHR_94,One-Hot categórica
853,CIGSVLHR_97,One-Hot categórica
854,CIGSVLHR_98,One-Hot categórica
855,CIGINFLU_2,One-Hot categórica
856,CIGINFLU_3,One-Hot categórica
857,CIGINFLU_4,One-Hot categórica
858,CIGINFLU_5,One-Hot categórica
859,CIGINFLU_91,One-Hot categórica
860,CIGINFLU_93,One-Hot categórica
861,CIGINFLU_94,One-Hot categórica
862,CIGINFLU_97,One-Hot categórica
863,CIGINFLU_98,One-Hot categórica
864,CIGNOINF_2,One-Hot categórica
865,CIGNOINF_3,One-Hot categórica
866,CIGNOINF_4,One-Hot categórica
867,CIGNOINF_5,One-Hot categórica
868,CIGNOINF_91,One-Hot categórica
869,CIGNOINF_93,One-Hot categórica
870,CIGNOINF_94,One-Hot categórica
871,CIGNOINF_97,One-Hot categórica
872,CIGNOINF_98,One-Hot categórica
873,CIGINCRS_2,One-Hot categórica
874,CIGINCRS_3,One-Hot categórica
875,CIGINCRS_4,One-Hot categórica
876,CIGINCRS_5,One-Hot categórica
877,CIGINCRS_91,One-Hot categórica
878,CIGINCRS_93,One-Hot categórica
879,CIGINCRS_94,One-Hot categórica
880,CIGINCRS_97,One-Hot categórica
881,CIGINCRS_98,One-Hot categórica
882,CIGSATIS_2,One-Hot categórica
883,CIGSATIS_3,One-Hot categórica
884,CIGSATIS_4,One-Hot categórica
885,CIGSATIS_5,One-Hot categórica
886,CIGSATIS_91,One-Hot categórica
887,CIGSATIS_93,One-Hot categórica
888,CIGSATIS_94,One-Hot categórica
889,CIGSATIS_97,One-Hot categórica
890,CIGSATIS_98,One-Hot categórica
891,CIGLOTMR_2,One-Hot categórica
892,CIGLOTMR_3,One-Hot categórica
893,CIGLOTMR_4,One-Hot categórica
894,CIGLOTMR_5,One-Hot categórica
895,CIGLOTMR_91,One-Hot categórica
896,CIGLOTMR_93,One-Hot categórica
897,CIGLOTMR_94,One-Hot categórica
898,CIGLOTMR_97,One-Hot categórica
899,CIGLOTMR_98,One-Hot categórica
900,CIGWAKE_2,One-Hot categórica
901,CIGWAKE_3,One-Hot categórica
902,CIGWAKE_4,One-Hot categórica
903,CIGWAKE_91,One-Hot categórica
904,CIGWAKE_93,One-Hot categórica
905,CIGWAKE_94,One-Hot categórica
906,CIGWAKE_97,One-Hot categórica
907,CIGWAKE_98,One-Hot categórica
908,NDSSDEPND_1.0,One-Hot categórica
909,NDSSDEPND_9.0,One-Hot categórica
910,NDSSDEPND_nan,One-Hot categórica
911,FTNDDEPND_1.0,One-Hot categórica
912,FTNDDEPND_9.0,One-Hot categórica
913,FTNDDEPND_nan,One-Hot categórica
914,PMNICDEP_1.0,One-Hot categórica
915,PMNICDEP_9.0,One-Hot categórica
916,PMNICDEP_nan,One-Hot categórica
917,IRPMNICDEP_1,One-Hot categórica
918,UADPEOP_2.0,One-Hot categórica
919,UADPEOP_3.0,One-Hot categórica
920,UADPEOP_4.0,One-Hot categórica
921,UADPEOP_nan,One-Hot categórica
922,UADCAR_2.0,One-Hot categórica
923,UADCAR_nan,One-Hot categórica
924,UADHOME_2.0,One-Hot categórica
925,UADHOME_nan,One-Hot categórica
926,UADOTHM_2.0,One-Hot categórica
927,UADOTHM_nan,One-Hot categórica
928,UADPUBL_2.0,One-Hot categórica
929,UADPUBL_nan,One-Hot categórica
930,UADBAR_2.0,One-Hot categórica
931,UADBAR_nan,One-Hot categórica
932,UADEVNT_2.0,One-Hot categórica
933,UADEVNT_nan,One-Hot categórica
934,UADSCHL_2.0,One-Hot categórica
935,UADSCHL_nan,One-Hot categórica
936,UADROTH_2.0,One-Hot categórica
937,UADROTH_nan,One-Hot categórica
938,UADOTSP2_2.0,One-Hot categórica
939,UADOTSP2_3.0,One-Hot categórica
940,UADOTSP2_4.0,One-Hot categórica
941,UADOTSP2_5.0,One-Hot categórica
942,UADOTSP2_7.0,One-Hot categórica
943,UADOTSP2_nan,One-Hot categórica
944,UADPAID_2.0,One-Hot categórica
945,UADPAID_3.0,One-Hot categórica
946,UADPAID_nan,One-Hot categórica
947,UADMONY_2.0,One-Hot categórica
948,UADMONY_3.0,One-Hot categórica
949,UADMONY_nan,One-Hot categórica
950,UADBWHO_2.0,One-Hot categórica
951,UADBWHO_3.0,One-Hot categórica
952,UADBWHO_nan,One-Hot categórica
953,UADPLACE_2.0,One-Hot categórica
954,UADPLACE_3.0,One-Hot categórica
955,UADPLACE_4.0,One-Hot categórica
956,UADPLACE_nan,One-Hot categórica
957,UADBUND_2.0,One-Hot categórica
958,UADBUND_3.0,One-Hot categórica
959,UADBUND_nan,One-Hot categórica
960,UADCAG_2.0,One-Hot categórica
961,UADCAG_3.0,One-Hot categórica
962,UADCAG_4.0,One-Hot categórica
963,UADCAG_5.0,One-Hot categórica
964,UADCAG_nan,One-Hot categórica
965,UADFWHO_2.0,One-Hot categórica
966,UADFWHO_3.0,One-Hot categórica
967,UADFWHO_4.0,One-Hot categórica
968,UADFWHO_5.0,One-Hot categórica
969,UADFWHO_6.0,One-Hot categórica
970,UADFWHO_7.0,One-Hot categórica
971,UADFWHO_8.0,One-Hot categórica
972,UADFWHO_nan,One-Hot categórica
973,UADFRD_2.0,One-Hot categórica
974,UADFRD_3.0,One-Hot categórica
975,UADFRD_nan,One-Hot categórica
976,CADRKMARJ2_1.0,One-Hot categórica
977,CADRKMARJ2_nan,One-Hot categórica
978,CADRKCOCN2_1.0,One-Hot categórica
979,CADRKCOCN2_nan,One-Hot categórica
980,CADRKHERN2_1.0,One-Hot categórica
981,CADRKHERN2_nan,One-Hot categórica
982,CADRKHALL2_1.0,One-Hot categórica
983,CADRKHALL2_nan,One-Hot categórica
984,CADRKINHL2_1.0,One-Hot categórica
985,CADRKINHL2_nan,One-Hot categórica
986,CADRKMETH2_1.0,One-Hot categórica
987,CADRKMETH2_nan,One-Hot categórica
988,CIGFLAG_1,One-Hot categórica
989,CIGYR_1,One-Hot categórica
990,CIGMON_1,One-Hot categórica
991,CGRFLAG_1,One-Hot categórica
992,CGRYR_1,One-Hot categórica
993,CGRMON_1,One-Hot categórica
994,PIPFLAG_1,One-Hot categórica
995,PIPMON_1,One-Hot categórica
996,SMKLSSFLAG_1,One-Hot categórica
997,SMKLSSYR_1,One-Hot categórica
998,SMKLSSMON_1,One-Hot categórica
999,TOBCIGONL_2,One-Hot categórica
1000,TOBCIGONL_3,One-Hot categórica
1001,TOBCIGONL_4,One-Hot categórica
1002,TOBFLAG_1,One-Hot categórica
1003,TOBYR_1,One-Hot categórica
1004,TOBMON_1,One-Hot categórica
1005,NICVAPFLAG_1,One-Hot categórica
1006,NICVAPYR_1,One-Hot categórica
1007,NICVAPMON_1,One-Hot categórica
1008,TOBVNICFLAG_1,One-Hot categórica
1009,TOBVNICYR_1,One-Hot categórica
1010,TOBVNICMON_1,One-Hot categórica
1011,TOBVAPONL2_2,One-Hot categórica
1012,TOBVAPONL2_3,One-Hot categórica
1013,TOBVAPONL2_4,One-Hot categórica
1014,TOBCIGVAP2_2,One-Hot categórica
1015,TOBCIGVAP2_3,One-Hot categórica
1016,TOBCIGVAP2_4,One-Hot categórica
1017,ALCFLAG_1,One-Hot categórica
1018,ALCYR_1,One-Hot categórica
1019,ALCMON_1,One-Hot categórica
1020,CBDHMPFLAG_1,One-Hot categórica
1021,CBDHMPYR_1,One-Hot categórica
1022,CBDHMPMON_1,One-Hot categórica
1023,MRJFLAG_1,One-Hot categórica
1024,MRJYR_1,One-Hot categórica
1025,MRJMON_1,One-Hot categórica
1026,MJSMKYR_1,One-Hot categórica
1027,MJVAPFLAG_1,One-Hot categórica
1028,MJVAPYR_1,One-Hot categórica
1029,MJDABYR_1,One-Hot categórica
1030,MJEATYR_1,One-Hot categórica
1031,MJMTHYR_1,One-Hot categórica
1032,MJSKNYR_1,One-Hot categórica
1033,MJPLLYR_1,One-Hot categórica
1034,MJOTHYR_1,One-Hot categórica
1035,MJCMOTHYR_1,One-Hot categórica
1036,MJSMKMON_1,One-Hot categórica
1037,MJVAPMON_1,One-Hot categórica
1038,MRJMONVAP2_2,One-Hot categórica
1039,MRJMONVAP2_3,One-Hot categórica
1040,MJDABMON_1,One-Hot categórica
1041,MJEATMON_1,One-Hot categórica
1042,MJMTHMON_1,One-Hot categórica
1043,MJSKNMON_1,One-Hot categórica
1044,MJPLLMON_1,One-Hot categórica
1045,MJCMOTHMON_1,One-Hot categórica
1046,COCFLAG_1,One-Hot categórica
1047,COCYR_1,One-Hot categórica
1048,COCMON_1,One-Hot categórica
1049,CRKFLAG_1,One-Hot categórica
1050,CRKYR_1,One-Hot categórica
1051,CRKMON_1,One-Hot categórica
1052,HERFLAG_1,One-Hot categórica
1053,HERYR_1,One-Hot categórica
1054,HERMON_1,One-Hot categórica
1055,HALLUCFLAG_1,One-Hot categórica
1056,HALLUCYR_1,One-Hot categórica
1057,HALLUCMON_1,One-Hot categórica
1058,LSDFLAG_1,One-Hot categórica
1059,LSDYR_1,One-Hot categórica
1060,LSDMON_1,One-Hot categórica
1061,PCPFLAG_1,One-Hot categórica
1062,PCPYR_1,One-Hot categórica
1063,PCPMON_1,One-Hot categórica
1064,PSILCYFLAG_1,One-Hot categórica
1065,PSILCYYR_1,One-Hot categórica
1066,PSILCYMON_1,One-Hot categórica
1067,ECSTMOFLAG_1,One-Hot categórica
1068,ECSTMOYR_1,One-Hot categórica
1069,ECSTMOMON_1,One-Hot categórica
1070,DAMTFXFLAG_1,One-Hot categórica
1071,DAMTFXYR_1,One-Hot categórica
1072,DAMTFXMON_1,One-Hot categórica
1073,KETMINFLAG_1,One-Hot categórica
1074,KETMINYR_1,One-Hot categórica
1075,KETMINMON_1,One-Hot categórica
1076,SALVIAFLAG_1,One-Hot categórica
1077,SALVIAYR_1,One-Hot categórica
1078,SALVIAMON_1,One-Hot categórica
1079,INHALFLAG2_1,One-Hot categórica
1080,INHALYR2_1,One-Hot categórica
1081,INHALMON2_1,One-Hot categórica
1082,METHAMFLAG_1,One-Hot categórica
1083,METHAMYR_1,One-Hot categórica
1084,METHAMMON_1,One-Hot categórica
1085,PNRANYFLAG2_1,One-Hot categórica
1086,PNRANYYR2_1,One-Hot categórica
1087,OXYCNANYYR2_1,One-Hot categórica
1088,TRQANYFLAG_1,One-Hot categórica
1089,TRQANYYR_1,One-Hot categórica
1090,STMANYFLAG_1,One-Hot categórica
1091,STMANYYR_1,One-Hot categórica
1092,SEDANYFLAG_1,One-Hot categórica
1093,SEDANYYR_1,One-Hot categórica
1094,TQSDANYFLG_1,One-Hot categórica
1095,TQSDANYYR_1,One-Hot categórica
1096,BZOANYYR_1.0,One-Hot categórica
1097,BZOANYYR_nan,One-Hot categórica
1098,PSYANYFLAG2_1,One-Hot categórica
1099,PSYANYYR2_1,One-Hot categórica
1100,OPIANYYR2_1,One-Hot categórica
1101,CNSANYYR_1,One-Hot categórica
1102,PNRNMFLAG_1,One-Hot categórica
1103,PNRNMYR_1,One-Hot categórica
1104,PNRNMMON_1,One-Hot categórica
1105,OXYCNNMYR_1,One-Hot categórica
1106,TRQNMFLAG_1,One-Hot categórica
1107,TRQNMYR_1,One-Hot categórica
1108,TRQNMMON_1,One-Hot categórica
1109,STMNMFLAG_1,One-Hot categórica
1110,STMNMYR_1,One-Hot categórica
1111,STMNMMON_1,One-Hot categórica
1112,SEDNMFLAG_1,One-Hot categórica
1113,SEDNMYR_1,One-Hot categórica
1114,SEDNMMON_1,One-Hot categórica
1115,TQSDNMFLAG_1,One-Hot categórica
1116,TQSDNMYR_1,One-Hot categórica
1117,TQSDNMMON_1,One-Hot categórica
1118,BZONMYR_1.0,One-Hot categórica
1119,BZONMYR_nan,One-Hot categórica
1120,PSYCHFLAG_1,One-Hot categórica
1121,PSYCHYR_1,One-Hot categórica
1122,PSYCHMON_1,One-Hot categórica
1123,OPINMYR2_1,One-Hot categórica
1124,OPINMMON2_1,One-Hot categórica
1125,HERRXOPYR_2,One-Hot categórica
1126,HERRXOPYR_3,One-Hot categórica
1127,HERRXOPYR_4,One-Hot categórica
1128,CNSNMYR_1,One-Hot categórica
1129,CNSNMMON_1,One-Hot categórica
1130,ILLFLAG_1,One-Hot categórica
1131,ILLYR_1,One-Hot categórica
1132,ILLMON_1,One-Hot categórica
1133,MJONLYFLAG2_1,One-Hot categórica
1134,MJONLYYR2_1,One-Hot categórica
1135,MJONLYMON2_1,One-Hot categórica
1136,ILLEMFLAG2_1,One-Hot categórica
1137,ILLEMYR2_1,One-Hot categórica
1138,ILLEMMON2_1,One-Hot categórica
1139,CDUFLAG_1,One-Hot categórica
1140,DCIGMON_1,One-Hot categórica
1141,CDCGMO_1,One-Hot categórica
1142,CDNOCGMO_1,One-Hot categórica
1143,BNGDRKMON_1,One-Hot categórica
1144,HVYDRKMON_1,One-Hot categórica
1145,ILTOBALCFG_1,One-Hot categórica
1146,ILTOBALCYR_1,One-Hot categórica
1147,ILTOBALCMN_1,One-Hot categórica
1148,ILTOBVAPALC_1,One-Hot categórica
1149,ILLALCMON_1,One-Hot categórica
1150,TOBALCFLG_1,One-Hot categórica
1151,TOBALCYR_1,One-Hot categórica
1152,TOBALCMN_1,One-Hot categórica
1153,ILLANDALC_1,One-Hot categórica
1154,ILLORALC_1,One-Hot categórica
1155,ILLALCFLG_1,One-Hot categórica
1156,PEYOTEEVER_1.0,One-Hot categórica
1157,PEYOTEEVER_nan,One-Hot categórica
1158,MESCEVER_1.0,One-Hot categórica
1159,MESCEVER_nan,One-Hot categórica
1160,AMYLNIEVER2_1.0,One-Hot categórica
1161,AMYLNIEVER2_nan,One-Hot categórica
1162,CLEFLUEVER2_1.0,One-Hot categórica
1163,CLEFLUEVER2_nan,One-Hot categórica
1164,GASEVER2_1.0,One-Hot categórica
1165,GASEVER2_nan,One-Hot categórica
1166,GLUEEVER2_1.0,One-Hot categórica
1167,GLUEEVER2_nan,One-Hot categórica
1168,ETHEREVER2_1.0,One-Hot categórica
1169,ETHEREVER2_nan,One-Hot categórica
1170,SOLVENEVER2_1.0,One-Hot categórica
1171,SOLVENEVER2_nan,One-Hot categórica
1172,LGASEVER2_1.0,One-Hot categórica
1173,NITOXIEVER2_1.0,One-Hot categórica
1174,NITOXIEVER2_nan,One-Hot categórica
1175,FLTMRKEVER2_1.0,One-Hot categórica
1176,FLTMRKEVER2_nan,One-Hot categórica
1177,SPAINTEVER2_1.0,One-Hot categórica
1178,SPAINTEVER2_nan,One-Hot categórica
1179,AIRDUSEVER2_1.0,One-Hot categórica
1180,AIRDUSEVER2_nan,One-Hot categórica
1181,OTHAEREVER2_1.0,One-Hot categórica
1182,OTHAEREVER2_nan,One-Hot categórica
1183,RXHYDCANY2_1.0,One-Hot categórica
1184,RXHYDCANY2_nan,One-Hot categórica
1185,RXZOHYANY2_1.0,One-Hot categórica
1186,RXZOHYANY2_nan,One-Hot categórica
1187,RXOXCOANY2_1.0,One-Hot categórica
1188,RXOXCOANY2_nan,One-Hot categórica
1189,RXTRAMANY2_1.0,One-Hot categórica
1190,RXTRAMANY2_nan,One-Hot categórica
1191,RXCODEANY2_1.0,One-Hot categórica
1192,RXCODEANY2_nan,One-Hot categórica
1193,RXMORPANY2_1.0,One-Hot categórica
1194,RXMORPANY2_nan,One-Hot categórica
1195,RXBUPRANY2_1.0,One-Hot categórica
1196,RXBUPRANY2_nan,One-Hot categórica
1197,RXOXYMANY2_1.0,One-Hot categórica
1198,RXOXYMANY2_nan,One-Hot categórica
1199,RXDEMEANY2_1.0,One-Hot categórica
1200,RXDEMEANY2_nan,One-Hot categórica
1201,RXHYDMANY2_1.0,One-Hot categórica
1202,RXHYDMANY2_nan,One-Hot categórica
1203,RXMTDNANY2_1.0,One-Hot categórica
1204,RXMTDNANY2_nan,One-Hot categórica
1205,OTHRPNRANY2_1.0,One-Hot categórica
1206,OTHRPNRANY2_nan,One-Hot categórica
1207,RXBZOTANY_1.0,One-Hot categórica
1208,RXBZOTANY_nan,One-Hot categórica
1209,RXALPRANY_1.0,One-Hot categórica
1210,RXALPRANY_nan,One-Hot categórica
1211,RXLORAANY_1.0,One-Hot categórica
1212,RXLORAANY_nan,One-Hot categórica
1213,RXCLONANY_1.0,One-Hot categórica
1214,RXCLONANY_nan,One-Hot categórica
1215,RXDIAZANY_1.0,One-Hot categórica
1216,RXDIAZANY_nan,One-Hot categórica
1217,RXMRLXANY_1.0,One-Hot categórica
1218,RXMRLXANY_nan,One-Hot categórica
1219,RXCYCLANY_1.0,One-Hot categórica
1220,RXCYCLANY_nan,One-Hot categórica
1221,RXSOMAANY_1.0,One-Hot categórica
1222,RXSOMAANY_nan,One-Hot categórica
1223,OTHRTRQANY_1.0,One-Hot categórica
1224,OTHRTRQANY_nan,One-Hot categórica
1225,RXAMMEANY_1.0,One-Hot categórica
1226,RXAMMEANY_nan,One-Hot categórica
1227,RXAMPHANY_1.0,One-Hot categórica
1228,RXAMPHANY_nan,One-Hot categórica
1229,RXMTHPANY_1.0,One-Hot categórica
1230,RXMTHPANY_nan,One-Hot categórica
1231,RXANORANY_1.0,One-Hot categórica
1232,RXANORANY_nan,One-Hot categórica
1233,RXPROVANY_1.0,One-Hot categórica
1234,RXPROVANY_nan,One-Hot categórica
1235,OTHRSTMANY_1.0,One-Hot categórica
1236,OTHRSTMANY_nan,One-Hot categórica
1237,RXZOLPANY_1.0,One-Hot categórica
1238,RXZOLPANY_nan,One-Hot categórica
1239,RXESZOANY_1.0,One-Hot categórica
1240,RXESZOANY_nan,One-Hot categórica
1241,RXZALEANY_1.0,One-Hot categórica
1242,RXZALEANY_nan,One-Hot categórica
1243,RXBZOSANY_1.0,One-Hot categórica
1244,RXBZOSANY_nan,One-Hot categórica
1245,RXTRIAANY_1.0,One-Hot categórica
1246,RXTRIAANY_nan,One-Hot categórica
1247,RXTEMAANY_1.0,One-Hot categórica
1248,RXTEMAANY_nan,One-Hot categórica
1249,RXFLURANY_1.0,One-Hot categórica
1250,RXFLURANY_nan,One-Hot categórica
1251,RXBARBANY_1.0,One-Hot categórica
1252,RXBARBANY_nan,One-Hot categórica
1253,OTHRSEDANY_1.0,One-Hot categórica
1254,OTHRSEDANY_nan,One-Hot categórica
1255,RXHYDCMIS_1.0,One-Hot categórica
1256,RXHYDCMIS_nan,One-Hot categórica
1257,RXZOHYMIS_1.0,One-Hot categórica
1258,RXZOHYMIS_nan,One-Hot categórica
1259,RXOXCOMIS_1.0,One-Hot categórica
1260,RXOXCOMIS_nan,One-Hot categórica
1261,RXTRAMMIS_1.0,One-Hot categórica
1262,RXTRAMMIS_nan,One-Hot categórica
1263,RXCODEMIS_1.0,One-Hot categórica
1264,RXCODEMIS_nan,One-Hot categórica
1265,RXMORPMIS_1.0,One-Hot categórica
1266,RXMORPMIS_nan,One-Hot categórica
1267,RXBUPRMIS_1.0,One-Hot categórica
1268,RXBUPRMIS_nan,One-Hot categórica
1269,RXOXYMMIS_1.0,One-Hot categórica
1270,RXOXYMMIS_nan,One-Hot categórica
1271,RXDEMEMIS_1.0,One-Hot categórica
1272,RXDEMEMIS_nan,One-Hot categórica
1273,RXHYDMMIS_1.0,One-Hot categórica
1274,RXHYDMMIS_nan,One-Hot categórica
1275,RXMTDNMIS_1.0,One-Hot categórica
1276,RXMTDNMIS_nan,One-Hot categórica
1277,OTHRPNRMIS_1.0,One-Hot categórica
1278,OTHRPNRMIS_nan,One-Hot categórica
1279,RXBZOTMIS_1.0,One-Hot categórica
1280,RXBZOTMIS_nan,One-Hot categórica
1281,RXALPRMIS_1.0,One-Hot categórica
1282,RXALPRMIS_nan,One-Hot categórica
1283,RXLORAMIS_1.0,One-Hot categórica
1284,RXLORAMIS_nan,One-Hot categórica
1285,RXCLONMIS_1.0,One-Hot categórica
1286,RXCLONMIS_nan,One-Hot categórica
1287,RXDIAZMIS_1.0,One-Hot categórica
1288,RXDIAZMIS_nan,One-Hot categórica
1289,RXMRLXMIS_1.0,One-Hot categórica
1290,RXMRLXMIS_nan,One-Hot categórica
1291,RXCYCLMIS_1.0,One-Hot categórica
1292,RXCYCLMIS_nan,One-Hot categórica
1293,RXSOMAMIS_1.0,One-Hot categórica
1294,RXSOMAMIS_nan,One-Hot categórica
1295,OTHRTRQMIS_1.0,One-Hot categórica
1296,OTHRTRQMIS_nan,One-Hot categórica
1297,RXAMMEMIS_1.0,One-Hot categórica
1298,RXAMMEMIS_nan,One-Hot categórica
1299,RXAMPHMIS_1.0,One-Hot categórica
1300,RXAMPHMIS_nan,One-Hot categórica
1301,RXMTHPMIS_1.0,One-Hot categórica
1302,RXMTHPMIS_nan,One-Hot categórica
1303,RXANORMIS_1.0,One-Hot categórica
1304,RXANORMIS_nan,One-Hot categórica
1305,RXPROVMIS_1.0,One-Hot categórica
1306,RXPROVMIS_nan,One-Hot categórica
1307,OTHRSTMMIS_1.0,One-Hot categórica
1308,OTHRSTMMIS_nan,One-Hot categórica
1309,RXZOLPMIS_1.0,One-Hot categórica
1310,RXESZOMIS_1.0,One-Hot categórica
1311,RXESZOMIS_nan,One-Hot categórica
1312,OTHRSEDMIS2_1.0,One-Hot categórica
1313,OTHRSEDMIS2_nan,One-Hot categórica
1314,RXBZOSMIS_1.0,One-Hot categórica
1315,RXBZOSMIS_nan,One-Hot categórica
1316,RXBARBMIS_1.0,One-Hot categórica
1317,RXBARBMIS_nan,One-Hot categórica
1318,ALCYDAYS_2,One-Hot categórica
1319,ALCYDAYS_3,One-Hot categórica
1320,ALCYDAYS_4,One-Hot categórica
1321,ALCYDAYS_5,One-Hot categórica
1322,ALCYDAYS_6,One-Hot categórica
1323,MRJYDAYS_2,One-Hot categórica
1324,MRJYDAYS_3,One-Hot categórica
1325,MRJYDAYS_4,One-Hot categórica
1326,MRJYDAYS_5,One-Hot categórica
1327,MRJYDAYS_6,One-Hot categórica
1328,COCYDAYS_2,One-Hot categórica
1329,COCYDAYS_3,One-Hot categórica
1330,COCYDAYS_4,One-Hot categórica
1331,COCYDAYS_5,One-Hot categórica
1332,COCYDAYS_6,One-Hot categórica
1333,CRKYDAYS_2,One-Hot categórica
1334,CRKYDAYS_3,One-Hot categórica
1335,CRKYDAYS_4,One-Hot categórica
1336,CRKYDAYS_5,One-Hot categórica
1337,CRKYDAYS_6,One-Hot categórica
1338,HERYDAYS_2,One-Hot categórica
1339,HERYDAYS_3,One-Hot categórica
1340,HERYDAYS_4,One-Hot categórica
1341,HERYDAYS_5,One-Hot categórica
1342,HERYDAYS_6,One-Hot categórica
1343,HALLNDAYYR_2,One-Hot categórica
1344,HALLNDAYYR_3,One-Hot categórica
1345,HALLNDAYYR_4,One-Hot categórica
1346,HALLNDAYYR_5,One-Hot categórica
1347,HALLNDAYYR_6,One-Hot categórica
1348,INHNDAYYR2_2,One-Hot categórica
1349,INHNDAYYR2_3,One-Hot categórica
1350,INHNDAYYR2_4,One-Hot categórica
1351,INHNDAYYR2_5,One-Hot categórica
1352,INHNDAYYR2_6,One-Hot categórica
1353,METHNDAYYR_2,One-Hot categórica
1354,METHNDAYYR_3,One-Hot categórica
1355,METHNDAYYR_4,One-Hot categórica
1356,METHNDAYYR_5,One-Hot categórica
1357,METHNDAYYR_6,One-Hot categórica
1358,CIGMDAYS_2,One-Hot categórica
1359,CIGMDAYS_3,One-Hot categórica
1360,CIGMDAYS_4,One-Hot categórica
1361,CIGMDAYS_5,One-Hot categórica
1362,CIGMDAYS_6,One-Hot categórica
1363,CGRMDAYS_2,One-Hot categórica
1364,CGRMDAYS_3,One-Hot categórica
1365,CGRMDAYS_4,One-Hot categórica
1366,CGRMDAYS_5,One-Hot categórica
1367,SMKLSMDAYS_2,One-Hot categórica
1368,SMKLSMDAYS_3,One-Hot categórica
1369,SMKLSMDAYS_4,One-Hot categórica
1370,SMKLSMDAYS_5,One-Hot categórica
1371,NICVPMDAYS_2,One-Hot categórica
1372,NICVPMDAYS_3,One-Hot categórica
1373,NICVPMDAYS_4,One-Hot categórica
1374,NICVPMDAYS_5,One-Hot categórica
1375,ALCMDAYS_2,One-Hot categórica
1376,ALCMDAYS_3,One-Hot categórica
1377,ALCMDAYS_4,One-Hot categórica
1378,ALCMDAYS_5,One-Hot categórica
1379,MRJMDAYS_2,One-Hot categórica
1380,MRJMDAYS_3,One-Hot categórica
1381,MRJMDAYS_4,One-Hot categórica
1382,MRJMDAYS_5,One-Hot categórica
1383,COCMDAYS_2,One-Hot categórica
1384,COCMDAYS_3,One-Hot categórica
1385,COCMDAYS_4,One-Hot categórica
1386,COCMDAYS_5,One-Hot categórica
1387,CRKMDAYS_2,One-Hot categórica
1388,CRKMDAYS_3,One-Hot categórica
1389,CRKMDAYS_4,One-Hot categórica
1390,CRKMDAYS_5,One-Hot categórica
1391,HERMDAYS_2,One-Hot categórica
1392,HERMDAYS_3,One-Hot categórica
1393,HERMDAYS_4,One-Hot categórica
1394,HERMDAYS_5,One-Hot categórica
1395,HALLNDAYPM_2,One-Hot categórica
1396,HALLNDAYPM_3,One-Hot categórica
1397,HALLNDAYPM_4,One-Hot categórica
1398,HALLNDAYPM_5,One-Hot categórica
1399,INHNDAYPM2_2,One-Hot categórica
1400,INHNDAYPM2_3,One-Hot categórica
1401,INHNDAYPM2_4,One-Hot categórica
1402,INHNDAYPM2_5,One-Hot categórica
1403,METHNDAYPM_2,One-Hot categórica
1404,METHNDAYPM_3,One-Hot categórica
1405,METHNDAYPM_4,One-Hot categórica
1406,METHNDAYPM_5,One-Hot categórica
1407,PNRNDAYPM_2,One-Hot categórica
1408,PNRNDAYPM_3,One-Hot categórica
1409,PNRNDAYPM_4,One-Hot categórica
1410,PNRNDAYPM_5,One-Hot categórica
1411,TRQNDAYPM_2,One-Hot categórica
1412,TRQNDAYPM_3,One-Hot categórica
1413,TRQNDAYPM_4,One-Hot categórica
1414,TRQNDAYPM_5,One-Hot categórica
1415,STMNDAYPM_2,One-Hot categórica
1416,STMNDAYPM_3,One-Hot categórica
1417,STMNDAYPM_4,One-Hot categórica
1418,STMNDAYPM_5,One-Hot categórica
1419,SEDNDAYPM_2,One-Hot categórica
1420,SEDNDAYPM_3,One-Hot categórica
1421,SEDNDAYPM_4,One-Hot categórica
1422,SEDNDAYPM_5,One-Hot categórica
1423,BNGDRMDAYS_2,One-Hot categórica
1424,BNGDRMDAYS_3,One-Hot categórica
1425,BNGDRMDAYS_4,One-Hot categórica
1426,BNGDRMDAYS_5,One-Hot categórica
1427,CIGPDAY_2,One-Hot categórica
1428,CIGPDAY_3,One-Hot categórica
1429,CIGPDAY_4,One-Hot categórica
1430,CIGPDAY_5,One-Hot categórica
1431,CIGPDAY_6,One-Hot categórica
1432,CIG1PACK_1.0,One-Hot categórica
1433,CIG1PACK_nan,One-Hot categórica
1434,CIGAVGD_1.0,One-Hot categórica
1435,CIGAVGD_3.5,One-Hot categórica
1436,CIGAVGD_10.5,One-Hot categórica
1437,CIGAVGD_20.5,One-Hot categórica
1438,CIGAVGD_30.5,One-Hot categórica
1439,CIGAVGD_50.0,One-Hot categórica
1440,CIGAVGD_nan,One-Hot categórica
1441,FUCIG18_2,One-Hot categórica
1442,FUCIG21_2,One-Hot categórica
1443,FUCD218_2,One-Hot categórica
1444,FUCD221_2,One-Hot categórica
1445,FUCGR18_2,One-Hot categórica
1446,FUCGR21_2,One-Hot categórica
1447,FUSMKLSS18_2,One-Hot categórica
1448,FUSMKLSS21_2,One-Hot categórica
1449,FUNICVAP18_2,One-Hot categórica
1450,FUNICVAP21_2,One-Hot categórica
1451,FUALC18_2,One-Hot categórica
1452,FUALC21_2,One-Hot categórica
1453,FUMJ18_2,One-Hot categórica
1454,FUMJ21_2,One-Hot categórica
1455,FUCOC18_2,One-Hot categórica
1456,FUCOC21_2,One-Hot categórica
1457,FUCRK18_2,One-Hot categórica
1458,FUCRK21_2,One-Hot categórica
1459,FUHER18_2,One-Hot categórica
1460,FUHER21_2,One-Hot categórica
1461,FUHALLUC18_2,One-Hot categórica
1462,FUHALLUC21_2,One-Hot categórica
1463,FULSD18_2,One-Hot categórica
1464,FULSD21_2,One-Hot categórica
1465,FUPCP18_2,One-Hot categórica
1466,FUPCP21_2,One-Hot categórica
1467,FUECSTMO18_2,One-Hot categórica
1468,FUECSTMO21_2,One-Hot categórica
1469,FUINHAL182_2,One-Hot categórica
1470,FUINHAL212_2,One-Hot categórica
1471,FUMETHAM18_2,One-Hot categórica
1472,FUMETHAM21_2,One-Hot categórica
1473,FUPNRNM18_2,One-Hot categórica
1474,FUPNRNM21_2,One-Hot categórica
1475,FUTRQNM21_2,One-Hot categórica
1476,FUSTMNM18_2,One-Hot categórica
1477,FUSTMNM21_2,One-Hot categórica
1478,FUSEDNM21_2,One-Hot categórica
1479,PNRMAINRSN_2.0,One-Hot categórica
1480,PNRMAINRSN_3.0,One-Hot categórica
1481,PNRMAINRSN_4.0,One-Hot categórica
1482,PNRMAINRSN_5.0,One-Hot categórica
1483,PNRMAINRSN_6.0,One-Hot categórica
1484,PNRMAINRSN_7.0,One-Hot categórica
1485,PNRMAINRSN_8.0,One-Hot categórica
1486,PNRMAINRSN_9.0,One-Hot categórica
1487,PNRMAINRSN_10.0,One-Hot categórica
1488,PNRMAINRSN_nan,One-Hot categórica
1489,TRQMAINRSN_2.0,One-Hot categórica
1490,TRQMAINRSN_3.0,One-Hot categórica
1491,TRQMAINRSN_4.0,One-Hot categórica
1492,TRQMAINRSN_5.0,One-Hot categórica
1493,TRQMAINRSN_6.0,One-Hot categórica
1494,TRQMAINRSN_7.0,One-Hot categórica
1495,TRQMAINRSN_8.0,One-Hot categórica
1496,TRQMAINRSN_9.0,One-Hot categórica
1497,TRQMAINRSN_nan,One-Hot categórica
1498,STMMAINRSN_2.0,One-Hot categórica
1499,STMMAINRSN_3.0,One-Hot categórica
1500,STMMAINRSN_4.0,One-Hot categórica
1501,STMMAINRSN_5.0,One-Hot categórica
1502,STMMAINRSN_6.0,One-Hot categórica
1503,STMMAINRSN_7.0,One-Hot categórica
1504,STMMAINRSN_8.0,One-Hot categórica
1505,STMMAINRSN_9.0,One-Hot categórica
1506,STMMAINRSN_10.0,One-Hot categórica
1507,STMMAINRSN_nan,One-Hot categórica
1508,SEDMAINRSN_2.0,One-Hot categórica
1509,SEDMAINRSN_3.0,One-Hot categórica
1510,SEDMAINRSN_4.0,One-Hot categórica
1511,SEDMAINRSN_5.0,One-Hot categórica
1512,SEDMAINRSN_8.0,One-Hot categórica
1513,SEDMAINRSN_9.0,One-Hot categórica
1514,SEDMAINRSN_nan,One-Hot categórica
1515,SRCPNRNM2_2.0,One-Hot categórica
1516,SRCPNRNM2_3.0,One-Hot categórica
1517,SRCPNRNM2_4.0,One-Hot categórica
1518,SRCPNRNM2_5.0,One-Hot categórica
1519,SRCPNRNM2_6.0,One-Hot categórica
1520,SRCPNRNM2_7.0,One-Hot categórica
1521,SRCPNRNM2_8.0,One-Hot categórica
1522,SRCPNRNM2_nan,One-Hot categórica
1523,SRCTRQNM2_2.0,One-Hot categórica
1524,SRCTRQNM2_3.0,One-Hot categórica
1525,SRCTRQNM2_4.0,One-Hot categórica
1526,SRCTRQNM2_5.0,One-Hot categórica
1527,SRCTRQNM2_6.0,One-Hot categórica
1528,SRCTRQNM2_7.0,One-Hot categórica
1529,SRCTRQNM2_8.0,One-Hot categórica
1530,SRCTRQNM2_nan,One-Hot categórica
1531,SRCSTMNM2_2.0,One-Hot categórica
1532,SRCSTMNM2_3.0,One-Hot categórica
1533,SRCSTMNM2_4.0,One-Hot categórica
1534,SRCSTMNM2_5.0,One-Hot categórica
1535,SRCSTMNM2_6.0,One-Hot categórica
1536,SRCSTMNM2_7.0,One-Hot categórica
1537,SRCSTMNM2_8.0,One-Hot categórica
1538,SRCSTMNM2_nan,One-Hot categórica
1539,SRCSEDNM2_2.0,One-Hot categórica
1540,SRCSEDNM2_4.0,One-Hot categórica
1541,SRCSEDNM2_5.0,One-Hot categórica
1542,SRCSEDNM2_6.0,One-Hot categórica
1543,SRCSEDNM2_7.0,One-Hot categórica
1544,SRCSEDNM2_8.0,One-Hot categórica
1545,SRCSEDNM2_nan,One-Hot categórica
1546,SRCFRPNRNM_2.0,One-Hot categórica
1547,SRCFRPNRNM_3.0,One-Hot categórica
1548,SRCFRPNRNM_4.0,One-Hot categórica
1549,SRCFRPNRNM_5.0,One-Hot categórica
1550,SRCFRPNRNM_6.0,One-Hot categórica
1551,SRCFRPNRNM_7.0,One-Hot categórica
1552,SRCFRPNRNM_8.0,One-Hot categórica
1553,SRCFRPNRNM_nan,One-Hot categórica
1554,SRCFRTRQNM_2.0,One-Hot categórica
1555,SRCFRTRQNM_3.0,One-Hot categórica
1556,SRCFRTRQNM_4.0,One-Hot categórica
1557,SRCFRTRQNM_5.0,One-Hot categórica
1558,SRCFRTRQNM_6.0,One-Hot categórica
1559,SRCFRTRQNM_7.0,One-Hot categórica
1560,SRCFRTRQNM_8.0,One-Hot categórica
1561,SRCFRTRQNM_nan,One-Hot categórica
1562,SRCFRSTMNM_2.0,One-Hot categórica
1563,SRCFRSTMNM_4.0,One-Hot categórica
1564,SRCFRSTMNM_5.0,One-Hot categórica
1565,SRCFRSTMNM_7.0,One-Hot categórica
1566,SRCFRSTMNM_8.0,One-Hot categórica
1567,SRCFRSTMNM_nan,One-Hot categórica
1568,SRCFRSEDNM_4.0,One-Hot categórica
1569,SRCFRSEDNM_6.0,One-Hot categórica
1570,SRCFRSEDNM_nan,One-Hot categórica
1571,SRCCLFRPNR_2.0,One-Hot categórica
1572,SRCCLFRPNR_3.0,One-Hot categórica
1573,SRCCLFRPNR_nan,One-Hot categórica
1574,SRCCLFRTRQ_2.0,One-Hot categórica
1575,SRCCLFRTRQ_3.0,One-Hot categórica
1576,SRCCLFRTRQ_nan,One-Hot categórica
1577,SRCCLFRSTM_2.0,One-Hot categórica
1578,SRCCLFRSTM_3.0,One-Hot categórica
1579,SRCCLFRSTM_nan,One-Hot categórica
1580,SRCCLFRSED_2.0,One-Hot categórica
1581,SRCCLFRSED_nan,One-Hot categórica
1582,RXOPPRNMMON_1,One-Hot categórica
1583,NOOPPRANYYR_1,One-Hot categórica
1584,NOOPPRNMYR_1,One-Hot categórica
1585,IRNPCOLDREC_2,One-Hot categórica
1586,IRNPCOLDREC_3,One-Hot categórica
1587,IRNPCOLDREC_9,One-Hot categórica
1588,IINPCOLDREC_3,One-Hot categórica
1589,IINPCOLDREC_4,One-Hot categórica
1590,IRGHBREC_2,One-Hot categórica
1591,IRGHBREC_3,One-Hot categórica
1592,IRGHBREC_9,One-Hot categórica
1593,ANYNDLREC_2,One-Hot categórica
1594,ANYNDLREC_3,One-Hot categórica
1595,ANYNDLREC_9,One-Hot categórica
1596,ANYNDLREC_91,One-Hot categórica
1597,ANYNDLREC_97,One-Hot categórica
1598,ANYNDLREC_98,One-Hot categórica
1599,CHMNDLREC_2,One-Hot categórica
1600,CHMNDLREC_3,One-Hot categórica
1601,CHMNDLREC_13,One-Hot categórica
1602,CHMNDLREC_91,One-Hot categórica
1603,CHMNDLREC_97,One-Hot categórica
1604,CHMNDLREC_98,One-Hot categórica
1605,HERNEDEVER_1.0,One-Hot categórica
1606,HERNEDEVER_nan,One-Hot categórica
1607,COCNEDEVER_1.0,One-Hot categórica
1608,COCNEDEVER_nan,One-Hot categórica
1609,MTHNEDEVER_1.0,One-Hot categórica
1610,MTHNEDEVER_nan,One-Hot categórica
1611,HERSMOEVER_1.0,One-Hot categórica
1612,HERSMOEVER_nan,One-Hot categórica
1613,HERSNIEVER_1.0,One-Hot categórica
1614,HERSNIEVER_nan,One-Hot categórica
1615,NPCOLDFLAG_1,One-Hot categórica
1616,NPCOLDYR_1,One-Hot categórica
1617,NPCOLDMON_1,One-Hot categórica
1618,GHBFLAG_1,One-Hot categórica
1619,GHBYR_1,One-Hot categórica
1620,GHBMON_1,One-Hot categórica
1621,IRPYUD5ALC_1,One-Hot categórica
1622,IRPYUD5MRJ_1,One-Hot categórica
1623,IRPYUD5COC_1,One-Hot categórica
1624,IRPYUD5HER_1,One-Hot categórica
1625,IRPYUD5HAL_1,One-Hot categórica
1626,IRPYUD5INH_1,One-Hot categórica
1627,IRPYUD5MTH_1,One-Hot categórica
1628,IRUD5PNRMIS_1,One-Hot categórica
1629,IRUD5PNRUNM2_1,One-Hot categórica
1630,IRUD5TRQMIS_1,One-Hot categórica
1631,IRUD5TRQUNM_1,One-Hot categórica
1632,IRUD5STMMIS_1,One-Hot categórica
1633,IRUD5STMUNM_1,One-Hot categórica
1634,IRUD5SEDMIS_1,One-Hot categórica
1635,IRUD5SEDUNM_1,One-Hot categórica
1636,IRPYSEV5ALC_2,One-Hot categórica
1637,IRPYSEV5ALC_3,One-Hot categórica
1638,IRPYSEV5ALC_9,One-Hot categórica
1639,IRPYSEV5MRJ_2,One-Hot categórica
1640,IRPYSEV5MRJ_3,One-Hot categórica
1641,IRPYSEV5MRJ_9,One-Hot categórica
1642,IRPYSEV5COC_2,One-Hot categórica
1643,IRPYSEV5COC_3,One-Hot categórica
1644,IRPYSEV5COC_9,One-Hot categórica
1645,IRPYSEV5HER_2,One-Hot categórica
1646,IRPYSEV5HER_3,One-Hot categórica
1647,IRPYSEV5HER_9,One-Hot categórica
1648,IRPYSEV5HAL_2,One-Hot categórica
1649,IRPYSEV5HAL_3,One-Hot categórica
1650,IRPYSEV5HAL_9,One-Hot categórica
1651,IRPYSEV5INH_2,One-Hot categórica
1652,IRPYSEV5INH_3,One-Hot categórica
1653,IRPYSEV5INH_9,One-Hot categórica
1654,IRPYSEV5MTH_2,One-Hot categórica
1655,IRPYSEV5MTH_3,One-Hot categórica
1656,IRPYSEV5MTH_9,One-Hot categórica
1657,IRSEVPNRMIS_2,One-Hot categórica
1658,IRSEVPNRMIS_3,One-Hot categórica
1659,IRSEVPNRMIS_9,One-Hot categórica
1660,IRSEVPNRUNM2_2,One-Hot categórica
1661,IRSEVPNRUNM2_3,One-Hot categórica
1662,IRSEVPNRUNM2_9,One-Hot categórica
1663,IRSEVTRQMIS_2,One-Hot categórica
1664,IRSEVTRQMIS_3,One-Hot categórica
1665,IRSEVTRQMIS_9,One-Hot categórica
1666,IRSEVTRQUNM_2,One-Hot categórica
1667,IRSEVTRQUNM_3,One-Hot categórica
1668,IRSEVTRQUNM_9,One-Hot categórica
1669,IRSEVSTMMIS_2,One-Hot categórica
1670,IRSEVSTMMIS_3,One-Hot categórica
1671,IRSEVSTMMIS_9,One-Hot categórica
1672,IRSEVSTMUNM_2,One-Hot categórica
1673,IRSEVSTMUNM_3,One-Hot categórica
1674,IRSEVSTMUNM_9,One-Hot categórica
1675,IRSEVSEDMIS_2,One-Hot categórica
1676,IRSEVSEDMIS_3,One-Hot categórica
1677,IRSEVSEDMIS_9,One-Hot categórica
1678,IRSEVSEDUNM_2,One-Hot categórica
1679,IRSEVSEDUNM_3,One-Hot categórica
1680,IRSEVSEDUNM_9,One-Hot categórica
1681,UD5TRQSDANY_1,One-Hot categórica
1682,UD5PSYANY_1,One-Hot categórica
1683,UD5OPIANY2_1,One-Hot categórica
1684,UD5HROPANY_2,One-Hot categórica
1685,UD5HROPANY_3,One-Hot categórica
1686,UD5HROPANY_4,One-Hot categórica
1687,UD5CNSANY_1,One-Hot categórica
1688,UD5ILLANY_1,One-Hot categórica
1689,UD5IEMANY_1,One-Hot categórica
1690,UD5ILALANY_1,One-Hot categórica
1691,UD5ILAALANY_1,One-Hot categórica
1692,UD5ILNALANY_1,One-Hot categórica
1693,UD5ALNILANY_1,One-Hot categórica
1694,UDYR5OPPRANY_1,One-Hot categórica
1695,UDYR5PNRANY2_1,One-Hot categórica
1696,UDYR5SEDANY_1,One-Hot categórica
1697,UDYR5STMANY_1,One-Hot categórica
1698,UDYR5TRQANY_1,One-Hot categórica
1699,UD5CNSGRP_2,One-Hot categórica
1700,UD5CNSGRP_3,One-Hot categórica
1701,UD5OPIGRP_2,One-Hot categórica
1702,UD5OPIGRP_3,One-Hot categórica
1703,UD5TRQSDGRP_2,One-Hot categórica
1704,UD5TRQSDGRP_3,One-Hot categórica
1705,SEVYRPNRANY2_2,One-Hot categórica
1706,SEVYRPNRANY2_3,One-Hot categórica
1707,SEVYRPNRANY2_9,One-Hot categórica
1708,SEVYROPPRANY_2,One-Hot categórica
1709,SEVYROPPRANY_3,One-Hot categórica
1710,SEVYROPPRANY_4,One-Hot categórica
1711,SEVYRTRQANY_2,One-Hot categórica
1712,SEVYRTRQANY_3,One-Hot categórica
1713,SEVYRTRQANY_9,One-Hot categórica
1714,SEVYRSTMANY_2,One-Hot categórica
1715,SEVYRSTMANY_3,One-Hot categórica
1716,SEVYRSTMANY_9,One-Hot categórica
1717,SEVYRSEDANY_2,One-Hot categórica
1718,SEVYRSEDANY_3,One-Hot categórica
1719,SEVYRSEDANY_9,One-Hot categórica
1720,SVYRTQSDANY_2,One-Hot categórica
1721,SVYRTQSDANY_3,One-Hot categórica
1722,SVYRTQSDANY_4,One-Hot categórica
1723,SVYRPSYANY_2,One-Hot categórica
1724,SVYRPSYANY_3,One-Hot categórica
1725,SVYRPSYANY_4,One-Hot categórica
1726,SVYROPIANY2_2,One-Hot categórica
1727,SVYROPIANY2_3,One-Hot categórica
1728,SVYROPIANY2_4,One-Hot categórica
1729,SVYRCNSANY_2,One-Hot categórica
1730,SVYRCNSANY_3,One-Hot categórica
1731,SVYRCNSANY_4,One-Hot categórica
1732,SVYRDUDANY_2,One-Hot categórica
1733,SVYRDUDANY_3,One-Hot categórica
1734,SVYRDUDANY_4,One-Hot categórica
1735,SVYRSUDANY_2,One-Hot categórica
1736,SVYRSUDANY_3,One-Hot categórica
1737,SVYRSUDANY_4,One-Hot categórica
1738,SVYRTQSDMIS_2,One-Hot categórica
1739,SVYRTQSDMIS_3,One-Hot categórica
1740,SVYRTQSDMIS_4,One-Hot categórica
1741,SVYROPIMIS_2,One-Hot categórica
1742,SVYROPIMIS_3,One-Hot categórica
1743,SVYROPIMIS_4,One-Hot categórica
1744,SVYRCNSMIS_2,One-Hot categórica
1745,SVYRCNSMIS_3,One-Hot categórica
1746,SVYRCNSMIS_4,One-Hot categórica
1747,SVYRTQSDUNM_2,One-Hot categórica
1748,SVYRTQSDUNM_3,One-Hot categórica
1749,SVYRTQSDUNM_4,One-Hot categórica
1750,SVYROPIUNM_2,One-Hot categórica
1751,SVYROPIUNM_3,One-Hot categórica
1752,SVYROPIUNM_4,One-Hot categórica
1753,SVYRCNSUNM_2,One-Hot categórica
1754,SVYRCNSUNM_3,One-Hot categórica
1755,SVYRCNSUNM_4,One-Hot categórica
1756,MRJYRBFR_2,One-Hot categórica
1757,MRJYRBFR_85,One-Hot categórica
1758,MRJYRBFR_91,One-Hot categórica
1759,MRJYRBFR_94,One-Hot categórica
1760,MRJYRBFR_97,One-Hot categórica
1761,MRJYRBFR_98,One-Hot categórica
1762,MRJMLU_2,One-Hot categórica
1763,MRJMLU_3,One-Hot categórica
1764,MRJMLU_4,One-Hot categórica
1765,MRJMLU_5,One-Hot categórica
1766,MRJMLU_6,One-Hot categórica
1767,MRJMLU_7,One-Hot categórica
1768,MRJMLU_8,One-Hot categórica
1769,MRJMLU_9,One-Hot categórica
1770,MRJMLU_10,One-Hot categórica
1771,MRJMLU_11,One-Hot categórica
1772,MRJMLU_12,One-Hot categórica
1773,MRJMLU_85,One-Hot categórica
1774,MRJMLU_89,One-Hot categórica
1775,MRJMLU_91,One-Hot categórica
1776,MRJMLU_94,One-Hot categórica
1777,MRJMLU_97,One-Hot categórica
1778,MRJMLU_98,One-Hot categórica
1779,MRJMLU_99,One-Hot categórica
1780,CIGMLU_2,One-Hot categórica
1781,CIGMLU_3,One-Hot categórica
1782,CIGMLU_4,One-Hot categórica
1783,CIGMLU_5,One-Hot categórica
1784,CIGMLU_6,One-Hot categórica
1785,CIGMLU_7,One-Hot categórica
1786,CIGMLU_8,One-Hot categórica
1787,CIGMLU_9,One-Hot categórica
1788,CIGMLU_10,One-Hot categórica
1789,CIGMLU_11,One-Hot categórica
1790,CIGMLU_12,One-Hot categórica
1791,CIGMLU_85,One-Hot categórica
1792,CIGMLU_89,One-Hot categórica
1793,CIGMLU_91,One-Hot categórica
1794,CIGMLU_94,One-Hot categórica
1795,CIGMLU_97,One-Hot categórica
1796,CIGMLU_98,One-Hot categórica
1797,CIGMLU_99,One-Hot categórica
1798,CIGDLMLU_2,One-Hot categórica
1799,CIGDLMLU_3,One-Hot categórica
1800,CIGDLMLU_4,One-Hot categórica
1801,CIGDLMLU_5,One-Hot categórica
1802,CIGDLMLU_6,One-Hot categórica
1803,CIGDLMLU_7,One-Hot categórica
1804,CIGDLMLU_8,One-Hot categórica
1805,CIGDLMLU_9,One-Hot categórica
1806,CIGDLMLU_10,One-Hot categórica
1807,CIGDLMLU_11,One-Hot categórica
1808,CIGDLMLU_12,One-Hot categórica
1809,CIGDLMLU_85,One-Hot categórica
1810,CIGDLMLU_89,One-Hot categórica
1811,CIGDLMLU_91,One-Hot categórica
1812,CIGDLMLU_94,One-Hot categórica
1813,CIGDLMLU_97,One-Hot categórica
1814,CIGDLMLU_98,One-Hot categórica
1815,CIGDLMLU_99,One-Hot categórica
1816,SMKMOLAST_2,One-Hot categórica
1817,SMKMOLAST_3,One-Hot categórica
1818,SMKMOLAST_4,One-Hot categórica
1819,SMKMOLAST_5,One-Hot categórica
1820,SMKMOLAST_6,One-Hot categórica
1821,SMKMOLAST_7,One-Hot categórica
1822,SMKMOLAST_8,One-Hot categórica
1823,SMKMOLAST_9,One-Hot categórica
1824,SMKMOLAST_10,One-Hot categórica
1825,SMKMOLAST_11,One-Hot categórica
1826,SMKMOLAST_12,One-Hot categórica
1827,SMKMOLAST_85,One-Hot categórica
1828,SMKMOLAST_89,One-Hot categórica
1829,SMKMOLAST_91,One-Hot categórica
1830,SMKMOLAST_94,One-Hot categórica
1831,SMKMOLAST_97,One-Hot categórica
1832,SMKMOLAST_98,One-Hot categórica
1833,SMKMOLAST_99,One-Hot categórica
1834,CIGARMLU_2,One-Hot categórica
1835,CIGARMLU_3,One-Hot categórica
1836,CIGARMLU_4,One-Hot categórica
1837,CIGARMLU_5,One-Hot categórica
1838,CIGARMLU_6,One-Hot categórica
1839,CIGARMLU_7,One-Hot categórica
1840,CIGARMLU_8,One-Hot categórica
1841,CIGARMLU_9,One-Hot categórica
1842,CIGARMLU_10,One-Hot categórica
1843,CIGARMLU_11,One-Hot categórica
1844,CIGARMLU_12,One-Hot categórica
1845,CIGARMLU_85,One-Hot categórica
1846,CIGARMLU_89,One-Hot categórica
1847,CIGARMLU_91,One-Hot categórica
1848,CIGARMLU_94,One-Hot categórica
1849,CIGARMLU_97,One-Hot categórica
1850,CIGARMLU_98,One-Hot categórica
1851,CIGARMLU_99,One-Hot categórica
1852,ALCMLU_2,One-Hot categórica
1853,ALCMLU_3,One-Hot categórica
1854,ALCMLU_4,One-Hot categórica
1855,ALCMLU_5,One-Hot categórica
1856,ALCMLU_6,One-Hot categórica
1857,ALCMLU_7,One-Hot categórica
1858,ALCMLU_8,One-Hot categórica
1859,ALCMLU_9,One-Hot categórica
1860,ALCMLU_10,One-Hot categórica
1861,ALCMLU_11,One-Hot categórica
1862,ALCMLU_12,One-Hot categórica
1863,ALCMLU_85,One-Hot categórica
1864,ALCMLU_89,One-Hot categórica
1865,ALCMLU_91,One-Hot categórica
1866,ALCMLU_94,One-Hot categórica
1867,ALCMLU_97,One-Hot categórica
1868,ALCMLU_98,One-Hot categórica
1869,ALCMLU_99,One-Hot categórica
1870,COCMLU_2,One-Hot categórica
1871,COCMLU_3,One-Hot categórica
1872,COCMLU_4,One-Hot categórica
1873,COCMLU_5,One-Hot categórica
1874,COCMLU_6,One-Hot categórica
1875,COCMLU_7,One-Hot categórica
1876,COCMLU_8,One-Hot categórica
1877,COCMLU_9,One-Hot categórica
1878,COCMLU_10,One-Hot categórica
1879,COCMLU_11,One-Hot categórica
1880,COCMLU_12,One-Hot categórica
1881,COCMLU_85,One-Hot categórica
1882,COCMLU_89,One-Hot categórica
1883,COCMLU_91,One-Hot categórica
1884,COCMLU_94,One-Hot categórica
1885,COCMLU_97,One-Hot categórica
1886,COCMLU_98,One-Hot categórica
1887,COCMLU_99,One-Hot categórica
1888,CRKMLU_2,One-Hot categórica
1889,CRKMLU_3,One-Hot categórica
1890,CRKMLU_4,One-Hot categórica
1891,CRKMLU_5,One-Hot categórica
1892,CRKMLU_6,One-Hot categórica
1893,CRKMLU_7,One-Hot categórica
1894,CRKMLU_8,One-Hot categórica
1895,CRKMLU_9,One-Hot categórica
1896,CRKMLU_10,One-Hot categórica
1897,CRKMLU_11,One-Hot categórica
1898,CRKMLU_12,One-Hot categórica
1899,CRKMLU_85,One-Hot categórica
1900,CRKMLU_89,One-Hot categórica
1901,CRKMLU_91,One-Hot categórica
1902,CRKMLU_94,One-Hot categórica
1903,CRKMLU_97,One-Hot categórica
1904,CRKMLU_98,One-Hot categórica
1905,CRKMLU_99,One-Hot categórica
1906,HERMLU_2,One-Hot categórica
1907,HERMLU_3,One-Hot categórica
1908,HERMLU_4,One-Hot categórica
1909,HERMLU_5,One-Hot categórica
1910,HERMLU_6,One-Hot categórica
1911,HERMLU_7,One-Hot categórica
1912,HERMLU_8,One-Hot categórica
1913,HERMLU_9,One-Hot categórica
1914,HERMLU_10,One-Hot categórica
1915,HERMLU_11,One-Hot categórica
1916,HERMLU_12,One-Hot categórica
1917,HERMLU_85,One-Hot categórica
1918,HERMLU_89,One-Hot categórica
1919,HERMLU_91,One-Hot categórica
1920,HERMLU_94,One-Hot categórica
1921,HERMLU_97,One-Hot categórica
1922,HERMLU_98,One-Hot categórica
1923,HERMLU_99,One-Hot categórica
1924,HALLMOLST_2,One-Hot categórica
1925,HALLMOLST_3,One-Hot categórica
1926,HALLMOLST_4,One-Hot categórica
1927,HALLMOLST_5,One-Hot categórica
1928,HALLMOLST_6,One-Hot categórica
1929,HALLMOLST_7,One-Hot categórica
1930,HALLMOLST_8,One-Hot categórica
1931,HALLMOLST_9,One-Hot categórica
1932,HALLMOLST_10,One-Hot categórica
1933,HALLMOLST_11,One-Hot categórica
1934,HALLMOLST_12,One-Hot categórica
1935,HALLMOLST_85,One-Hot categórica
1936,HALLMOLST_89,One-Hot categórica
1937,HALLMOLST_91,One-Hot categórica
1938,HALLMOLST_94,One-Hot categórica
1939,HALLMOLST_97,One-Hot categórica
1940,HALLMOLST_98,One-Hot categórica
1941,HALLMOLST_99,One-Hot categórica
1942,LSDMLU_2,One-Hot categórica
1943,LSDMLU_3,One-Hot categórica
1944,LSDMLU_4,One-Hot categórica
1945,LSDMLU_5,One-Hot categórica
1946,LSDMLU_6,One-Hot categórica
1947,LSDMLU_7,One-Hot categórica
1948,LSDMLU_8,One-Hot categórica
1949,LSDMLU_9,One-Hot categórica
1950,LSDMLU_10,One-Hot categórica
1951,LSDMLU_11,One-Hot categórica
1952,LSDMLU_12,One-Hot categórica
1953,LSDMLU_85,One-Hot categórica
1954,LSDMLU_89,One-Hot categórica
1955,LSDMLU_91,One-Hot categórica
1956,LSDMLU_94,One-Hot categórica
1957,LSDMLU_97,One-Hot categórica
1958,LSDMLU_98,One-Hot categórica
1959,LSDMLU_99,One-Hot categórica
1960,PCPMLU_4,One-Hot categórica
1961,PCPMLU_5,One-Hot categórica
1962,PCPMLU_6,One-Hot categórica
1963,PCPMLU_7,One-Hot categórica
1964,PCPMLU_8,One-Hot categórica
1965,PCPMLU_9,One-Hot categórica
1966,PCPMLU_10,One-Hot categórica
1967,PCPMLU_11,One-Hot categórica
1968,PCPMLU_12,One-Hot categórica
1969,PCPMLU_85,One-Hot categórica
1970,PCPMLU_91,One-Hot categórica
1971,PCPMLU_94,One-Hot categórica
1972,PCPMLU_97,One-Hot categórica
1973,PCPMLU_98,One-Hot categórica
1974,PCPMLU_99,One-Hot categórica
1975,ECSTMOMLU_2,One-Hot categórica
1976,ECSTMOMLU_3,One-Hot categórica
1977,ECSTMOMLU_4,One-Hot categórica
1978,ECSTMOMLU_5,One-Hot categórica
1979,ECSTMOMLU_6,One-Hot categórica
1980,ECSTMOMLU_7,One-Hot categórica
1981,ECSTMOMLU_8,One-Hot categórica
1982,ECSTMOMLU_9,One-Hot categórica
1983,ECSTMOMLU_10,One-Hot categórica
1984,ECSTMOMLU_11,One-Hot categórica
1985,ECSTMOMLU_12,One-Hot categórica
1986,ECSTMOMLU_85,One-Hot categórica
1987,ECSTMOMLU_89,One-Hot categórica
1988,ECSTMOMLU_91,One-Hot categórica
1989,ECSTMOMLU_94,One-Hot categórica
1990,ECSTMOMLU_97,One-Hot categórica
1991,ECSTMOMLU_98,One-Hot categórica
1992,ECSTMOMLU_99,One-Hot categórica
1993,INHLMOLST_2,One-Hot categórica
1994,INHLMOLST_3,One-Hot categórica
1995,INHLMOLST_4,One-Hot categórica
1996,INHLMOLST_5,One-Hot categórica
1997,INHLMOLST_6,One-Hot categórica
1998,INHLMOLST_7,One-Hot categórica
1999,INHLMOLST_8,One-Hot categórica
2000,INHLMOLST_9,One-Hot categórica
2001,INHLMOLST_10,One-Hot categórica
2002,INHLMOLST_11,One-Hot categórica
2003,INHLMOLST_12,One-Hot categórica
2004,INHLMOLST_85,One-Hot categórica
2005,INHLMOLST_89,One-Hot categórica
2006,INHLMOLST_91,One-Hot categórica
2007,INHLMOLST_94,One-Hot categórica
2008,INHLMOLST_97,One-Hot categórica
2009,INHLMOLST_98,One-Hot categórica
2010,INHLMOLST_99,One-Hot categórica
2011,METHMOLST_2,One-Hot categórica
2012,METHMOLST_3,One-Hot categórica
2013,METHMOLST_4,One-Hot categórica
2014,METHMOLST_5,One-Hot categórica
2015,METHMOLST_6,One-Hot categórica
2016,METHMOLST_7,One-Hot categórica
2017,METHMOLST_8,One-Hot categórica
2018,METHMOLST_9,One-Hot categórica
2019,METHMOLST_10,One-Hot categórica
2020,METHMOLST_11,One-Hot categórica
2021,METHMOLST_12,One-Hot categórica
2022,METHMOLST_85,One-Hot categórica
2023,METHMOLST_89,One-Hot categórica
2024,METHMOLST_91,One-Hot categórica
2025,METHMOLST_94,One-Hot categórica
2026,METHMOLST_97,One-Hot categórica
2027,METHMOLST_98,One-Hot categórica
2028,METHMOLST_99,One-Hot categórica
2029,CIGYRBFR_2,One-Hot categórica
2030,CIGYRBFR_85,One-Hot categórica
2031,CIGYRBFR_91,One-Hot categórica
2032,CIGYRBFR_94,One-Hot categórica
2033,CIGYRBFR_97,One-Hot categórica
2034,CIGYRBFR_98,One-Hot categórica
2035,CIGYRBFR_99,One-Hot categórica
2036,ALCYRBFR_2,One-Hot categórica
2037,ALCYRBFR_85,One-Hot categórica
2038,ALCYRBFR_91,One-Hot categórica
2039,ALCYRBFR_94,One-Hot categórica
2040,ALCYRBFR_97,One-Hot categórica
2041,ALCYRBFR_98,One-Hot categórica
2042,COCYRBFR_2,One-Hot categórica
2043,COCYRBFR_85,One-Hot categórica
2044,COCYRBFR_91,One-Hot categórica
2045,COCYRBFR_94,One-Hot categórica
2046,COCYRBFR_97,One-Hot categórica
2047,COCYRBFR_98,One-Hot categórica
2048,RSKCIGPKD_2,One-Hot categórica
2049,RSKCIGPKD_3,One-Hot categórica
2050,RSKCIGPKD_4,One-Hot categórica
2051,RSKCIGPKD_85,One-Hot categórica
2052,RSKCIGPKD_94,One-Hot categórica
2053,RSKCIGPKD_97,One-Hot categórica
2054,RSKCIGPKD_98,One-Hot categórica
2055,RSKMRJMON_2,One-Hot categórica
2056,RSKMRJMON_3,One-Hot categórica
2057,RSKMRJMON_4,One-Hot categórica
2058,RSKMRJMON_85,One-Hot categórica
2059,RSKMRJMON_94,One-Hot categórica
2060,RSKMRJMON_97,One-Hot categórica
2061,RSKMRJMON_98,One-Hot categórica
2062,RSKMRJWK_2,One-Hot categórica
2063,RSKMRJWK_3,One-Hot categórica
2064,RSKMRJWK_4,One-Hot categórica
2065,RSKMRJWK_85,One-Hot categórica
2066,RSKMRJWK_94,One-Hot categórica
2067,RSKMRJWK_97,One-Hot categórica
2068,RSKMRJWK_98,One-Hot categórica
2069,RSKLSDTRY_2,One-Hot categórica
2070,RSKLSDTRY_3,One-Hot categórica
2071,RSKLSDTRY_4,One-Hot categórica
2072,RSKLSDTRY_85,One-Hot categórica
2073,RSKLSDTRY_94,One-Hot categórica
2074,RSKLSDTRY_97,One-Hot categórica
2075,RSKLSDTRY_98,One-Hot categórica
2076,RSKLSDWK_2,One-Hot categórica
2077,RSKLSDWK_3,One-Hot categórica
2078,RSKLSDWK_4,One-Hot categórica
2079,RSKLSDWK_85,One-Hot categórica
2080,RSKLSDWK_94,One-Hot categórica
2081,RSKLSDWK_97,One-Hot categórica
2082,RSKLSDWK_98,One-Hot categórica
2083,RSKHERTRY_2,One-Hot categórica
2084,RSKHERTRY_3,One-Hot categórica
2085,RSKHERTRY_4,One-Hot categórica
2086,RSKHERTRY_85,One-Hot categórica
2087,RSKHERTRY_94,One-Hot categórica
2088,RSKHERTRY_97,One-Hot categórica
2089,RSKHERTRY_98,One-Hot categórica
2090,RSKHERWK_2,One-Hot categórica
2091,RSKHERWK_3,One-Hot categórica
2092,RSKHERWK_4,One-Hot categórica
2093,RSKHERWK_85,One-Hot categórica
2094,RSKHERWK_94,One-Hot categórica
2095,RSKHERWK_97,One-Hot categórica
2096,RSKHERWK_98,One-Hot categórica
2097,RSKCOCMON_2,One-Hot categórica
2098,RSKCOCMON_3,One-Hot categórica
2099,RSKCOCMON_4,One-Hot categórica
2100,RSKCOCMON_85,One-Hot categórica
2101,RSKCOCMON_94,One-Hot categórica
2102,RSKCOCMON_97,One-Hot categórica
2103,RSKCOCMON_98,One-Hot categórica
2104,RSKCOCWK_2,One-Hot categórica
2105,RSKCOCWK_3,One-Hot categórica
2106,RSKCOCWK_4,One-Hot categórica
2107,RSKCOCWK_85,One-Hot categórica
2108,RSKCOCWK_94,One-Hot categórica
2109,RSKCOCWK_97,One-Hot categórica
2110,RSKCOCWK_98,One-Hot categórica
2111,RSKBNGDLY_2,One-Hot categórica
2112,RSKBNGDLY_3,One-Hot categórica
2113,RSKBNGDLY_4,One-Hot categórica
2114,RSKBNGDLY_85,One-Hot categórica
2115,RSKBNGDLY_94,One-Hot categórica
2116,RSKBNGDLY_97,One-Hot categórica
2117,RSKBNGDLY_98,One-Hot categórica
2118,RSKBNGWK_2,One-Hot categórica
2119,RSKBNGWK_3,One-Hot categórica
2120,RSKBNGWK_4,One-Hot categórica
2121,RSKBNGWK_85,One-Hot categórica
2122,RSKBNGWK_94,One-Hot categórica
2123,RSKBNGWK_97,One-Hot categórica
2124,RSKBNGWK_98,One-Hot categórica
2125,DIFGETMRJ_2,One-Hot categórica
2126,DIFGETMRJ_3,One-Hot categórica
2127,DIFGETMRJ_4,One-Hot categórica
2128,DIFGETMRJ_5,One-Hot categórica
2129,DIFGETMRJ_85,One-Hot categórica
2130,DIFGETMRJ_94,One-Hot categórica
2131,DIFGETMRJ_97,One-Hot categórica
2132,DIFGETMRJ_98,One-Hot categórica
2133,DIFGETLSD_2,One-Hot categórica
2134,DIFGETLSD_3,One-Hot categórica
2135,DIFGETLSD_4,One-Hot categórica
2136,DIFGETLSD_5,One-Hot categórica
2137,DIFGETLSD_85,One-Hot categórica
2138,DIFGETLSD_94,One-Hot categórica
2139,DIFGETLSD_97,One-Hot categórica
2140,DIFGETLSD_98,One-Hot categórica
2141,DIFGETCOC_2,One-Hot categórica
2142,DIFGETCOC_3,One-Hot categórica
2143,DIFGETCOC_4,One-Hot categórica
2144,DIFGETCOC_5,One-Hot categórica
2145,DIFGETCOC_85,One-Hot categórica
2146,DIFGETCOC_94,One-Hot categórica
2147,DIFGETCOC_97,One-Hot categórica
2148,DIFGETCOC_98,One-Hot categórica
2149,DIFGETCRK_2,One-Hot categórica
2150,DIFGETCRK_3,One-Hot categórica
2151,DIFGETCRK_4,One-Hot categórica
2152,DIFGETCRK_5,One-Hot categórica
2153,DIFGETCRK_85,One-Hot categórica
2154,DIFGETCRK_94,One-Hot categórica
2155,DIFGETCRK_97,One-Hot categórica
2156,DIFGETCRK_98,One-Hot categórica
2157,DIFGETHER_2,One-Hot categórica
2158,DIFGETHER_3,One-Hot categórica
2159,DIFGETHER_4,One-Hot categórica
2160,DIFGETHER_5,One-Hot categórica
2161,DIFGETHER_85,One-Hot categórica
2162,DIFGETHER_94,One-Hot categórica
2163,DIFGETHER_97,One-Hot categórica
2164,DIFGETHER_98,One-Hot categórica
2165,APPDRGMON_2,One-Hot categórica
2166,APPDRGMON_85,One-Hot categórica
2167,APPDRGMON_94,One-Hot categórica
2168,APPDRGMON_97,One-Hot categórica
2169,APPDRGMON_98,One-Hot categórica
2170,RSKYFQDGR_2,One-Hot categórica
2171,RSKYFQDGR_3,One-Hot categórica
2172,RSKYFQDGR_4,One-Hot categórica
2173,RSKYFQDGR_85,One-Hot categórica
2174,RSKYFQDGR_94,One-Hot categórica
2175,RSKYFQDGR_97,One-Hot categórica
2176,RSKYFQDGR_98,One-Hot categórica
2177,RSKYFQTES_2,One-Hot categórica
2178,RSKYFQTES_3,One-Hot categórica
2179,RSKYFQTES_4,One-Hot categórica
2180,RSKYFQTES_85,One-Hot categórica
2181,RSKYFQTES_94,One-Hot categórica
2182,RSKYFQTES_97,One-Hot categórica
2183,RSKYFQTES_98,One-Hot categórica
2184,RKFQPBLT_2,One-Hot categórica
2185,RKFQPBLT_3,One-Hot categórica
2186,RKFQPBLT_4,One-Hot categórica
2187,RKFQPBLT_85,One-Hot categórica
2188,RKFQPBLT_94,One-Hot categórica
2189,RKFQPBLT_97,One-Hot categórica
2190,RKFQPBLT_98,One-Hot categórica
2191,RKFQDBLT_2,One-Hot categórica
2192,RKFQDBLT_3,One-Hot categórica
2193,RKFQDBLT_4,One-Hot categórica
2194,RKFQDBLT_5,One-Hot categórica
2195,RKFQDBLT_85,One-Hot categórica
2196,RKFQDBLT_94,One-Hot categórica
2197,RKFQDBLT_97,One-Hot categórica
2198,RKFQDBLT_98,One-Hot categórica
2199,GRSKCIGPKD_1.0,One-Hot categórica
2200,GRSKCIGPKD_nan,One-Hot categórica
2201,GRSKMRJMON_1.0,One-Hot categórica
2202,GRSKMRJMON_nan,One-Hot categórica
2203,GRSKMRJWK_1.0,One-Hot categórica
2204,GRSKMRJWK_nan,One-Hot categórica
2205,GRSKCOCMON_1.0,One-Hot categórica
2206,GRSKCOCMON_nan,One-Hot categórica
2207,GRSKCOCWK_1.0,One-Hot categórica
2208,GRSKCOCWK_nan,One-Hot categórica
2209,GRSKHERTRY_1.0,One-Hot categórica
2210,GRSKHERTRY_nan,One-Hot categórica
2211,GRSKHERWK_1.0,One-Hot categórica
2212,GRSKHERWK_nan,One-Hot categórica
2213,GRSKLSDTRY_1.0,One-Hot categórica
2214,GRSKLSDTRY_nan,One-Hot categórica
2215,GRSKLSDWK_1.0,One-Hot categórica
2216,GRSKLSDWK_nan,One-Hot categórica
2217,GRSKBNGDLY_1.0,One-Hot categórica
2218,GRSKBNGDLY_nan,One-Hot categórica
2219,GRSKBNGWK_1.0,One-Hot categórica
2220,GRSKBNGWK_nan,One-Hot categórica
2221,DIFOBTMRJ_1.0,One-Hot categórica
2222,DIFOBTMRJ_nan,One-Hot categórica
2223,DIFOBTCOC_1.0,One-Hot categórica
2224,DIFOBTCOC_nan,One-Hot categórica
2225,DIFOBTCRK_1.0,One-Hot categórica
2226,DIFOBTCRK_nan,One-Hot categórica
2227,DIFOBTHER_1.0,One-Hot categórica
2228,DIFOBTHER_nan,One-Hot categórica
2229,DIFOBTLSD_1.0,One-Hot categórica
2230,DIFOBTLSD_nan,One-Hot categórica
2231,APPDRGMON2_1.0,One-Hot categórica
2232,APPDRGMON2_nan,One-Hot categórica
2233,SNYSELL_2,One-Hot categórica
2234,SNYSELL_3,One-Hot categórica
2235,SNYSELL_4,One-Hot categórica
2236,SNYSELL_5,One-Hot categórica
2237,SNYSELL_85,One-Hot categórica
2238,SNYSELL_94,One-Hot categórica
2239,SNYSELL_97,One-Hot categórica
2240,SNYSELL_98,One-Hot categórica
2241,SNYSTOLE_2,One-Hot categórica
2242,SNYSTOLE_3,One-Hot categórica
2243,SNYSTOLE_4,One-Hot categórica
2244,SNYSTOLE_5,One-Hot categórica
2245,SNYSTOLE_85,One-Hot categórica
2246,SNYSTOLE_94,One-Hot categórica
2247,SNYSTOLE_97,One-Hot categórica
2248,SNYSTOLE_98,One-Hot categórica
2249,SNYATTAK_2,One-Hot categórica
2250,SNYATTAK_3,One-Hot categórica
2251,SNYATTAK_4,One-Hot categórica
2252,SNYATTAK_5,One-Hot categórica
2253,SNYATTAK_85,One-Hot categórica
2254,SNYATTAK_94,One-Hot categórica
2255,SNYATTAK_97,One-Hot categórica
2256,SNYATTAK_98,One-Hot categórica
2257,SNAFLMJTRY_2,One-Hot categórica
2258,SNAFLMJTRY_3,One-Hot categórica
2259,SNAFLMJTRY_4,One-Hot categórica
2260,SNAFLMJTRY_5,One-Hot categórica
2261,SNAFLMJTRY_85,One-Hot categórica
2262,SNAFLMJTRY_94,One-Hot categórica
2263,SNAFLMJTRY_97,One-Hot categórica
2264,SNAFLMJTRY_98,One-Hot categórica
2265,SNRLGIMP_2,One-Hot categórica
2266,SNRLGIMP_3,One-Hot categórica
2267,SNRLGIMP_4,One-Hot categórica
2268,SNRLGIMP_85,One-Hot categórica
2269,SNRLGIMP_94,One-Hot categórica
2270,SNRLGIMP_97,One-Hot categórica
2271,SNRLGIMP_98,One-Hot categórica
2272,SNRLDCSN_2,One-Hot categórica
2273,SNRLDCSN_3,One-Hot categórica
2274,SNRLDCSN_4,One-Hot categórica
2275,SNRLDCSN_85,One-Hot categórica
2276,SNRLDCSN_94,One-Hot categórica
2277,SNRLDCSN_97,One-Hot categórica
2278,SNRLDCSN_98,One-Hot categórica
2279,SNRLFRND_2,One-Hot categórica
2280,SNRLFRND_3,One-Hot categórica
2281,SNRLFRND_4,One-Hot categórica
2282,SNRLFRND_85,One-Hot categórica
2283,SNRLFRND_94,One-Hot categórica
2284,SNRLFRND_97,One-Hot categórica
2285,SNRLFRND_98,One-Hot categórica
2286,PREGSTAT_2,One-Hot categórica
2287,PREGSTAT_85,One-Hot categórica
2288,PREGSTAT_94,One-Hot categórica
2289,PREGSTAT_97,One-Hot categórica
2290,PREGSTAT_98,One-Hot categórica
2291,PREGSTAT_99,One-Hot categórica
2292,HTANSWER_2,One-Hot categórica
2293,HTANSWER_85,One-Hot categórica
2294,HTANSWER_94,One-Hot categórica
2295,HTANSWER_97,One-Hot categórica
2296,HTANSWER_98,One-Hot categórica
2297,WTANSWER_2,One-Hot categórica
2298,WTANSWER_85,One-Hot categórica
2299,WTANSWER_94,One-Hot categórica
2300,WTANSWER_97,One-Hot categórica
2301,WTANSWER_98,One-Hot categórica
2302,INHOSPYR_2,One-Hot categórica
2303,INHOSPYR_85,One-Hot categórica
2304,INHOSPYR_94,One-Hot categórica
2305,INHOSPYR_97,One-Hot categórica
2306,INHOSPYR_98,One-Hot categórica
2307,NMVSOEST_1,One-Hot categórica
2308,NMVSOEST_2,One-Hot categórica
2309,NMVSOEST_3,One-Hot categórica
2310,NMVSOEST_4,One-Hot categórica
2311,NMVSOEST_5,One-Hot categórica
2312,NMVSOEST_6,One-Hot categórica
2313,NMVSOEST_7,One-Hot categórica
2314,NMVSOEST_8,One-Hot categórica
2315,NMVSOEST_94,One-Hot categórica
2316,NMVSOEST_97,One-Hot categórica
2317,NMVSOEST_98,One-Hot categórica
2318,NMVSOEST_99,One-Hot categórica
2319,TELEAPTYR_2,One-Hot categórica
2320,TELEAPTYR_85,One-Hot categórica
2321,TELEAPTYR_94,One-Hot categórica
2322,TELEAPTYR_97,One-Hot categórica
2323,TELEAPTYR_98,One-Hot categórica
2324,HPUSETOB_2,One-Hot categórica
2325,HPUSETOB_85,One-Hot categórica
2326,HPUSETOB_94,One-Hot categórica
2327,HPUSETOB_97,One-Hot categórica
2328,HPUSETOB_98,One-Hot categórica
2329,HPUSETOB_99,One-Hot categórica
2330,HPUSEALC_2,One-Hot categórica
2331,HPUSEALC_85,One-Hot categórica
2332,HPUSEALC_94,One-Hot categórica
2333,HPUSEALC_97,One-Hot categórica
2334,HPUSEALC_98,One-Hot categórica
2335,HPUSEALC_99,One-Hot categórica
2336,HPUSEDRG_2,One-Hot categórica
2337,HPUSEDRG_85,One-Hot categórica
2338,HPUSEDRG_94,One-Hot categórica
2339,HPUSEDRG_97,One-Hot categórica
2340,HPUSEDRG_98,One-Hot categórica
2341,HPUSEDRG_99,One-Hot categórica
2342,HPQTTOB_2,One-Hot categórica
2343,HPQTTOB_85,One-Hot categórica
2344,HPQTTOB_91,One-Hot categórica
2345,HPQTTOB_93,One-Hot categórica
2346,HPQTTOB_94,One-Hot categórica
2347,HPQTTOB_97,One-Hot categórica
2348,HPQTTOB_98,One-Hot categórica
2349,HPQTTOB_99,One-Hot categórica
2350,HPALCAMT2_2,One-Hot categórica
2351,HPALCAMT2_91,One-Hot categórica
2352,HPALCAMT2_93,One-Hot categórica
2353,HPALCAMT2_94,One-Hot categórica
2354,HPALCAMT2_97,One-Hot categórica
2355,HPALCAMT2_98,One-Hot categórica
2356,HPALCAMT2_99,One-Hot categórica
2357,HPALCFRQ2_2,One-Hot categórica
2358,HPALCFRQ2_85,One-Hot categórica
2359,HPALCFRQ2_91,One-Hot categórica
2360,HPALCFRQ2_93,One-Hot categórica
2361,HPALCFRQ2_94,One-Hot categórica
2362,HPALCFRQ2_97,One-Hot categórica
2363,HPALCFRQ2_98,One-Hot categórica
2364,HPALCFRQ2_99,One-Hot categórica
2365,HPALCPRB2_2,One-Hot categórica
2366,HPALCPRB2_91,One-Hot categórica
2367,HPALCPRB2_93,One-Hot categórica
2368,HPALCPRB2_94,One-Hot categórica
2369,HPALCPRB2_97,One-Hot categórica
2370,HPALCPRB2_98,One-Hot categórica
2371,HPALCPRB2_99,One-Hot categórica
2372,HPALCCUT2_2,One-Hot categórica
2373,HPALCCUT2_91,One-Hot categórica
2374,HPALCCUT2_93,One-Hot categórica
2375,HPALCCUT2_94,One-Hot categórica
2376,HPALCCUT2_97,One-Hot categórica
2377,HPALCCUT2_98,One-Hot categórica
2378,HPALCCUT2_99,One-Hot categórica
2379,HPALCTX2_2,One-Hot categórica
2380,HPALCTX2_91,One-Hot categórica
2381,HPALCTX2_93,One-Hot categórica
2382,HPALCTX2_94,One-Hot categórica
2383,HPALCTX2_97,One-Hot categórica
2384,HPALCTX2_98,One-Hot categórica
2385,HPALCTX2_99,One-Hot categórica
2386,HPALCNOT2_2,One-Hot categórica
2387,HPALCNOT2_91,One-Hot categórica
2388,HPALCNOT2_93,One-Hot categórica
2389,HPALCNOT2_94,One-Hot categórica
2390,HPALCNOT2_97,One-Hot categórica
2391,HPALCNOT2_98,One-Hot categórica
2392,HPALCNOT2_99,One-Hot categórica
2393,HPDRGTALK_2,One-Hot categórica
2394,HPDRGTALK_85,One-Hot categórica
2395,HPDRGTALK_91,One-Hot categórica
2396,HPDRGTALK_93,One-Hot categórica
2397,HPDRGTALK_94,One-Hot categórica
2398,HPDRGTALK_97,One-Hot categórica
2399,HPDRGTALK_98,One-Hot categórica
2400,HPDRGTALK_99,One-Hot categórica
2401,HRTCONDEV2_2,One-Hot categórica
2402,HRTCONDEV2_85,One-Hot categórica
2403,HRTCONDEV2_94,One-Hot categórica
2404,HRTCONDEV2_97,One-Hot categórica
2405,HRTCONDEV2_98,One-Hot categórica
2406,DIABETEVR2_2,One-Hot categórica
2407,DIABETEVR2_85,One-Hot categórica
2408,DIABETEVR2_94,One-Hot categórica
2409,DIABETEVR2_97,One-Hot categórica
2410,DIABETEVR2_98,One-Hot categórica
2411,COPDEVER2_2,One-Hot categórica
2412,COPDEVER2_85,One-Hot categórica
2413,COPDEVER2_94,One-Hot categórica
2414,COPDEVER2_97,One-Hot categórica
2415,COPDEVER2_98,One-Hot categórica
2416,CIRROSEVR2_2,One-Hot categórica
2417,CIRROSEVR2_85,One-Hot categórica
2418,CIRROSEVR2_94,One-Hot categórica
2419,CIRROSEVR2_97,One-Hot categórica
2420,CIRROSEVR2_98,One-Hot categórica
2421,HEPBCEVER2_2,One-Hot categórica
2422,HEPBCEVER2_85,One-Hot categórica
2423,HEPBCEVER2_94,One-Hot categórica
2424,HEPBCEVER2_97,One-Hot categórica
2425,HEPBCEVER2_98,One-Hot categórica
2426,KIDNYDSEV2_2,One-Hot categórica
2427,KIDNYDSEV2_85,One-Hot categórica
2428,KIDNYDSEV2_94,One-Hot categórica
2429,KIDNYDSEV2_97,One-Hot categórica
2430,KIDNYDSEV2_98,One-Hot categórica
2431,ASTHMAEVR2_2,One-Hot categórica
2432,ASTHMAEVR2_85,One-Hot categórica
2433,ASTHMAEVR2_94,One-Hot categórica
2434,ASTHMAEVR2_97,One-Hot categórica
2435,ASTHMAEVR2_98,One-Hot categórica
2436,HIVAIDSEV2_2,One-Hot categórica
2437,HIVAIDSEV2_85,One-Hot categórica
2438,HIVAIDSEV2_94,One-Hot categórica
2439,HIVAIDSEV2_97,One-Hot categórica
2440,HIVAIDSEV2_98,One-Hot categórica
2441,CANCEREVR2_2,One-Hot categórica
2442,CANCEREVR2_85,One-Hot categórica
2443,CANCEREVR2_94,One-Hot categórica
2444,CANCEREVR2_97,One-Hot categórica
2445,CANCEREVR2_98,One-Hot categórica
2446,HIGHBPEVR2_2,One-Hot categórica
2447,HIGHBPEVR2_85,One-Hot categórica
2448,HIGHBPEVR2_94,One-Hot categórica
2449,HIGHBPEVR2_97,One-Hot categórica
2450,HIGHBPEVR2_98,One-Hot categórica
2451,NONABOVEV2_2,One-Hot categórica
2452,NONABOVEV2_85,One-Hot categórica
2453,NONABOVEV2_94,One-Hot categórica
2454,NONABOVEV2_97,One-Hot categórica
2455,NONABOVEV2_98,One-Hot categórica
2456,CABLADDER_2,One-Hot categórica
2457,CABLADDER_85,One-Hot categórica
2458,CABLADDER_94,One-Hot categórica
2459,CABLADDER_97,One-Hot categórica
2460,CABLADDER_98,One-Hot categórica
2461,CABLADDER_99,One-Hot categórica
2462,CABLOLEULYM_2,One-Hot categórica
2463,CABLOLEULYM_85,One-Hot categórica
2464,CABLOLEULYM_94,One-Hot categórica
2465,CABLOLEULYM_97,One-Hot categórica
2466,CABLOLEULYM_98,One-Hot categórica
2467,CABLOLEULYM_99,One-Hot categórica
2468,CAOTHER2_2,One-Hot categórica
2469,CAOTHER2_85,One-Hot categórica
2470,CAOTHER2_94,One-Hot categórica
2471,CAOTHER2_97,One-Hot categórica
2472,CAOTHER2_98,One-Hot categórica
2473,CAOTHER2_99,One-Hot categórica
2474,CABREAST_2,One-Hot categórica
2475,CABREAST_85,One-Hot categórica
2476,CABREAST_94,One-Hot categórica
2477,CABREAST_97,One-Hot categórica
2478,CABREAST_98,One-Hot categórica
2479,CABREAST_99,One-Hot categórica
2480,CACERVIX_2,One-Hot categórica
2481,CACERVIX_85,One-Hot categórica
2482,CACERVIX_94,One-Hot categórica
2483,CACERVIX_97,One-Hot categórica
2484,CACERVIX_98,One-Hot categórica
2485,CACERVIX_99,One-Hot categórica
2486,CACOLNRECT_2,One-Hot categórica
2487,CACOLNRECT_85,One-Hot categórica
2488,CACOLNRECT_94,One-Hot categórica
2489,CACOLNRECT_97,One-Hot categórica
2490,CACOLNRECT_98,One-Hot categórica
2491,CACOLNRECT_99,One-Hot categórica
2492,CAESOPSTOM_2,One-Hot categórica
2493,CAESOPSTOM_85,One-Hot categórica
2494,CAESOPSTOM_94,One-Hot categórica
2495,CAESOPSTOM_97,One-Hot categórica
2496,CAESOPSTOM_98,One-Hot categórica
2497,CAESOPSTOM_99,One-Hot categórica
2498,CAGALLIVPAN_2,One-Hot categórica
2499,CAGALLIVPAN_85,One-Hot categórica
2500,CAGALLIVPAN_94,One-Hot categórica
2501,CAGALLIVPAN_97,One-Hot categórica
2502,CAGALLIVPAN_98,One-Hot categórica
2503,CAGALLIVPAN_99,One-Hot categórica
2504,CAKIDNEY_2,One-Hot categórica
2505,CAKIDNEY_85,One-Hot categórica
2506,CAKIDNEY_94,One-Hot categórica
2507,CAKIDNEY_97,One-Hot categórica
2508,CAKIDNEY_98,One-Hot categórica
2509,CAKIDNEY_99,One-Hot categórica
2510,CALARYLUNG_2,One-Hot categórica
2511,CALARYLUNG_85,One-Hot categórica
2512,CALARYLUNG_94,One-Hot categórica
2513,CALARYLUNG_97,One-Hot categórica
2514,CALARYLUNG_98,One-Hot categórica
2515,CALARYLUNG_99,One-Hot categórica
2516,CAMELANOM_2,One-Hot categórica
2517,CAMELANOM_85,One-Hot categórica
2518,CAMELANOM_94,One-Hot categórica
2519,CAMELANOM_97,One-Hot categórica
2520,CAMELANOM_98,One-Hot categórica
2521,CAMELANOM_99,One-Hot categórica
2522,CAMOUTTHRO_2,One-Hot categórica
2523,CAMOUTTHRO_85,One-Hot categórica
2524,CAMOUTTHRO_94,One-Hot categórica
2525,CAMOUTTHRO_97,One-Hot categórica
2526,CAMOUTTHRO_98,One-Hot categórica
2527,CAMOUTTHRO_99,One-Hot categórica
2528,CAOVARY_2,One-Hot categórica
2529,CAOVARY_85,One-Hot categórica
2530,CAOVARY_94,One-Hot categórica
2531,CAOVARY_97,One-Hot categórica
2532,CAOVARY_98,One-Hot categórica
2533,CAOVARY_99,One-Hot categórica
2534,CAPROSTEST_2,One-Hot categórica
2535,CAPROSTEST_85,One-Hot categórica
2536,CAPROSTEST_94,One-Hot categórica
2537,CAPROSTEST_98,One-Hot categórica
2538,CAPROSTEST_99,One-Hot categórica
2539,CASKINOTH_2,One-Hot categórica
2540,CASKINOTH_85,One-Hot categórica
2541,CASKINOTH_94,One-Hot categórica
2542,CASKINOTH_97,One-Hot categórica
2543,CASKINOTH_98,One-Hot categórica
2544,CASKINOTH_99,One-Hot categórica
2545,CASKINDK_2,One-Hot categórica
2546,CASKINDK_85,One-Hot categórica
2547,CASKINDK_94,One-Hot categórica
2548,CASKINDK_97,One-Hot categórica
2549,CASKINDK_98,One-Hot categórica
2550,CASKINDK_99,One-Hot categórica
2551,CATHYROID_2,One-Hot categórica
2552,CATHYROID_85,One-Hot categórica
2553,CATHYROID_94,One-Hot categórica
2554,CATHYROID_97,One-Hot categórica
2555,CATHYROID_98,One-Hot categórica
2556,CATHYROID_99,One-Hot categórica
2557,CAUTERUS_2,One-Hot categórica
2558,CAUTERUS_85,One-Hot categórica
2559,CAUTERUS_94,One-Hot categórica
2560,CAUTERUS_97,One-Hot categórica
2561,CAUTERUS_98,One-Hot categórica
2562,CAUTERUS_99,One-Hot categórica
2563,CANCERYR_2,One-Hot categórica
2564,CANCERYR_5,One-Hot categórica
2565,CANCERYR_11,One-Hot categórica
2566,CANCERYR_85,One-Hot categórica
2567,CANCERYR_94,One-Hot categórica
2568,CANCERYR_97,One-Hot categórica
2569,CANCERYR_98,One-Hot categórica
2570,CANCERYR_99,One-Hot categórica
2571,HRTCONDYR_2,One-Hot categórica
2572,HRTCONDYR_5,One-Hot categórica
2573,HRTCONDYR_85,One-Hot categórica
2574,HRTCONDYR_94,One-Hot categórica
2575,HRTCONDYR_97,One-Hot categórica
2576,HRTCONDYR_98,One-Hot categórica
2577,HRTCONDYR_99,One-Hot categórica
2578,ASTHMANOW_2,One-Hot categórica
2579,ASTHMANOW_85,One-Hot categórica
2580,ASTHMANOW_94,One-Hot categórica
2581,ASTHMANOW_98,One-Hot categórica
2582,ASTHMANOW_99,One-Hot categórica
2583,HIGHBPMED_2,One-Hot categórica
2584,HIGHBPMED_85,One-Hot categórica
2585,HIGHBPMED_94,One-Hot categórica
2586,HIGHBPMED_97,One-Hot categórica
2587,HIGHBPMED_98,One-Hot categórica
2588,HIGHBPMED_99,One-Hot categórica
2589,PREGST_2.0,One-Hot categórica
2590,PREGST_3.0,One-Hot categórica
2591,PREGST_nan,One-Hot categórica
2592,TELEAPTYR2_1.0,One-Hot categórica
2593,TELEAPTYR2_nan,One-Hot categórica
2594,CASUPROB_2,One-Hot categórica
2595,CASUPROB_85,One-Hot categórica
2596,CASUPROB_94,One-Hot categórica
2597,CASUPROB_97,One-Hot categórica
2598,CASUPROB_98,One-Hot categórica
2599,CASURCVR_2,One-Hot categórica
2600,CASURCVR_85,One-Hot categórica
2601,CASURCVR_94,One-Hot categórica
2602,CASURCVR_97,One-Hot categórica
2603,CASURCVR_98,One-Hot categórica
2604,CASURCVR_99,One-Hot categórica
2605,CAMHPROB_2,One-Hot categórica
2606,CAMHPROB_85,One-Hot categórica
2607,CAMHPROB_94,One-Hot categórica
2608,CAMHPROB_97,One-Hot categórica
2609,CAMHPROB_98,One-Hot categórica
2610,CAMHRCVR_2,One-Hot categórica
2611,CAMHRCVR_85,One-Hot categórica
2612,CAMHRCVR_94,One-Hot categórica
2613,CAMHRCVR_97,One-Hot categórica
2614,CAMHRCVR_98,One-Hot categórica
2615,CAMHRCVR_99,One-Hot categórica
2616,KRATEVER_2,One-Hot categórica
2617,KRATEVER_85,One-Hot categórica
2618,KRATEVER_94,One-Hot categórica
2619,KRATEVER_97,One-Hot categórica
2620,KRATEVER_98,One-Hot categórica
2621,KRATREC_2,One-Hot categórica
2622,KRATREC_3,One-Hot categórica
2623,KRATREC_9,One-Hot categórica
2624,KRATREC_85,One-Hot categórica
2625,KRATREC_91,One-Hot categórica
2626,KRATREC_98,One-Hot categórica
2627,FLVVAPEVR_2,One-Hot categórica
2628,FLVVAPEVR_85,One-Hot categórica
2629,FLVVAPEVR_94,One-Hot categórica
2630,FLVVAPEVR_97,One-Hot categórica
2631,FLVVAPEVR_98,One-Hot categórica
2632,FLVVAPREC_2,One-Hot categórica
2633,FLVVAPREC_3,One-Hot categórica
2634,FLVVAPREC_9,One-Hot categórica
2635,FLVVAPREC_85,One-Hot categórica
2636,FLVVAPREC_91,One-Hot categórica
2637,FLVVAPREC_98,One-Hot categórica
2638,SYNMRJEVR_2,One-Hot categórica
2639,SYNMRJEVR_85,One-Hot categórica
2640,SYNMRJEVR_94,One-Hot categórica
2641,SYNMRJEVR_97,One-Hot categórica
2642,SYNMRJEVR_98,One-Hot categórica
2643,SYNMRJREC_2,One-Hot categórica
2644,SYNMRJREC_3,One-Hot categórica
2645,SYNMRJREC_9,One-Hot categórica
2646,SYNMRJREC_85,One-Hot categórica
2647,SYNMRJREC_91,One-Hot categórica
2648,SYNMRJREC_98,One-Hot categórica
2649,SYNSTMEVR_2,One-Hot categórica
2650,SYNSTMEVR_85,One-Hot categórica
2651,SYNSTMEVR_94,One-Hot categórica
2652,SYNSTMEVR_97,One-Hot categórica
2653,SYNSTMEVR_98,One-Hot categórica
2654,SYNSTMREC_2,One-Hot categórica
2655,SYNSTMREC_3,One-Hot categórica
2656,SYNSTMREC_85,One-Hot categórica
2657,SYNSTMREC_91,One-Hot categórica
2658,SYNSTMREC_98,One-Hot categórica
2659,IMFEVER_2,One-Hot categórica
2660,IMFEVER_85,One-Hot categórica
2661,IMFEVER_94,One-Hot categórica
2662,IMFEVER_97,One-Hot categórica
2663,IMFEVER_98,One-Hot categórica
2664,IMFNDLEVER_2,One-Hot categórica
2665,IMFNDLEVER_85,One-Hot categórica
2666,IMFNDLEVER_91,One-Hot categórica
2667,IMFNDLEVER_94,One-Hot categórica
2668,IMFNDLEVER_98,One-Hot categórica
2669,IRKRATREC_2,One-Hot categórica
2670,IRKRATREC_3,One-Hot categórica
2671,IRKRATREC_9,One-Hot categórica
2672,IRFLVVAPREC_2,One-Hot categórica
2673,IRFLVVAPREC_3,One-Hot categórica
2674,IRFLVVAPREC_9,One-Hot categórica
2675,IRSYNMRJREC_2,One-Hot categórica
2676,IRSYNMRJREC_3,One-Hot categórica
2677,IRSYNMRJREC_9,One-Hot categórica
2678,IRSYNSTMREC_2,One-Hot categórica
2679,IRSYNSTMREC_3,One-Hot categórica
2680,IRSYNSTMREC_9,One-Hot categórica
2681,IRIMFREC_2,One-Hot categórica
2682,IRIMFREC_3,One-Hot categórica
2683,IRIMFREC_9,One-Hot categórica
2684,CASUPROB2_1.0,One-Hot categórica
2685,CASUPROB2_nan,One-Hot categórica
2686,RCVYSUBPRB_1.0,One-Hot categórica
2687,RCVYSUBPRB_nan,One-Hot categórica
2688,CAMHPROB2_1.0,One-Hot categórica
2689,CAMHPROB2_nan,One-Hot categórica
2690,RCVYMHPRB_1.0,One-Hot categórica
2691,RCVYMHPRB_nan,One-Hot categórica
2692,KRATOMFLAG_1,One-Hot categórica
2693,KRATOMYR_1,One-Hot categórica
2694,KRATOMMON_1,One-Hot categórica
2695,FLVVAPFLAG_1,One-Hot categórica
2696,FLVVAPYR_1,One-Hot categórica
2697,FLVVAPMON_1,One-Hot categórica
2698,SYNMRJFLAG_1,One-Hot categórica
2699,SYNMRJYR_1,One-Hot categórica
2700,SYNMRJMON_1,One-Hot categórica
2701,SYNSTMFLAG_1,One-Hot categórica
2702,SYNSTMYR_1,One-Hot categórica
2703,SYNSTMMON_1,One-Hot categórica
2704,IMFFLAG_1,One-Hot categórica
2705,IMFYR_1,One-Hot categórica
2706,IMFMON_1,One-Hot categórica
2707,IMFNEDFLAG_1.0,One-Hot categórica
2708,IMFNEDFLAG_nan,One-Hot categórica
2709,ANYNEDFLAG_1.0,One-Hot categórica
2710,ANYNEDFLAG_nan,One-Hot categórica
2711,ANYNEDYR_1.0,One-Hot categórica
2712,ANYNEDYR_nan,One-Hot categórica
2713,FPIMFANYYR2_1,One-Hot categórica
2714,FPIMFNMYR_1,One-Hot categórica
2715,OPIIMFNMYR2_1,One-Hot categórica
2716,OPIIMFNMMN2_1,One-Hot categórica
2717,ILIMFOTHFG_1,One-Hot categórica
2718,ILIMFOTHYR_1,One-Hot categórica
2719,ILIMFOTHMN_1,One-Hot categórica
2720,EDUSCKMON_estado_COD_85,One-Hot categórica
2721,EDUSCKMON_estado_COD_90,One-Hot categórica
2722,EDUSCKMON_estado_COD_94,One-Hot categórica
2723,EDUSCKMON_estado_COD_97,One-Hot categórica
2724,EDUSCKMON_estado_COD_98,One-Hot categórica
2725,EDUSCKMON_estado_COD_99,One-Hot categórica
2726,EDUSCKMON_estado_VALIDO,One-Hot categórica
2727,EDUSCKCOM_estado_COD_94,One-Hot categórica
2728,EDUSCKCOM_estado_COD_97,One-Hot categórica
2729,EDUSCKCOM_estado_COD_98,One-Hot categórica
2730,EDUSCKCOM_estado_COD_99,One-Hot categórica
2731,EDUSCKCOM_estado_VALIDO,One-Hot categórica
2732,EDUSKPMON_estado_COD_85,One-Hot categórica
2733,EDUSKPMON_estado_COD_94,One-Hot categórica
2734,EDUSKPMON_estado_COD_97,One-Hot categórica
2735,EDUSKPMON_estado_COD_98,One-Hot categórica
2736,EDUSKPMON_estado_COD_99,One-Hot categórica
2737,EDUSKPMON_estado_VALIDO,One-Hot categórica
2738,EDUSKPCOM_estado_COD_97,One-Hot categórica
2739,EDUSKPCOM_estado_COD_98,One-Hot categórica
2740,EDUSKPCOM_estado_COD_99,One-Hot categórica
2741,EDUSKPCOM_estado_VALIDO,One-Hot categórica
2742,WRKDHRSWK2_estado_COD_985,One-Hot categórica
2743,WRKDHRSWK2_estado_COD_994,One-Hot categórica
2744,WRKDHRSWK2_estado_COD_997,One-Hot categórica
2745,WRKDHRSWK2_estado_COD_998,One-Hot categórica
2746,WRKDHRSWK2_estado_COD_999,One-Hot categórica
2747,WRKDHRSWK2_estado_VALIDO,One-Hot categórica
2748,WRKNJBWKS_estado_COD_94,One-Hot categórica
2749,WRKNJBWKS_estado_COD_97,One-Hot categórica
2750,WRKNJBWKS_estado_COD_98,One-Hot categórica
2751,WRKNJBWKS_estado_COD_99,One-Hot categórica
2752,WRKNJBWKS_estado_VALIDO,One-Hot categórica
2753,WRKLASTYR2_estado_COD_9985,One-Hot categórica
2754,WRKLASTYR2_estado_COD_9991,One-Hot categórica
2755,WRKLASTYR2_estado_COD_9994,One-Hot categórica
2756,WRKLASTYR2_estado_COD_9997,One-Hot categórica
2757,WRKLASTYR2_estado_COD_9998,One-Hot categórica
2758,WRKLASTYR2_estado_COD_9999,One-Hot categórica
2759,WRKLASTYR2_estado_VALIDO,One-Hot categórica
2760,WRKSICKMO_estado_COD_85,One-Hot categórica
2761,WRKSICKMO_estado_COD_94,One-Hot categórica
2762,WRKSICKMO_estado_COD_97,One-Hot categórica
2763,WRKSICKMO_estado_COD_98,One-Hot categórica
2764,WRKSICKMO_estado_COD_99,One-Hot categórica
2765,WRKSICKMO_estado_VALIDO,One-Hot categórica
2766,WRKSKIPMO_estado_COD_85,One-Hot categórica
2767,WRKSKIPMO_estado_COD_94,One-Hot categórica
2768,WRKSKIPMO_estado_COD_97,One-Hot categórica
2769,WRKSKIPMO_estado_COD_98,One-Hot categórica
2770,WRKSKIPMO_estado_COD_99,One-Hot categórica
2771,WRKSKIPMO_estado_VALIDO,One-Hot categórica
2772,NRCH17_2_estado_MISSING,One-Hot categórica
2773,NRCH17_2_estado_VALIDO,One-Hot categórica
2774,HLCNOTMO_estado_COD_97,One-Hot categórica
2775,HLCNOTMO_estado_COD_98,One-Hot categórica
2776,HLCNOTMO_estado_COD_99,One-Hot categórica
2777,HLCNOTMO_estado_VALIDO,One-Hot categórica
2778,IRWELMOS_estado_VALIDO,One-Hot categórica
2779,CIGAVGM_estado_VALIDO,One-Hot categórica
2780,ALCNUMDKPM_estado_VALIDO,One-Hot categórica
2781,MRJAGLST_estado_COD_989,One-Hot categórica
2782,MRJAGLST_estado_COD_991,One-Hot categórica
2783,MRJAGLST_estado_COD_994,One-Hot categórica
2784,MRJAGLST_estado_COD_997,One-Hot categórica
2785,MRJAGLST_estado_COD_998,One-Hot categórica
2786,MRJAGLST_estado_COD_999,One-Hot categórica
2787,MRJAGLST_estado_VALIDO,One-Hot categórica
2788,MRJYLU_estado_COD_9989,One-Hot categórica
2789,MRJYLU_estado_COD_9991,One-Hot categórica
2790,MRJYLU_estado_COD_9994,One-Hot categórica
2791,MRJYLU_estado_COD_9997,One-Hot categórica
2792,MRJYLU_estado_COD_9998,One-Hot categórica
2793,MRJYLU_estado_COD_9999,One-Hot categórica
2794,MRJYLU_estado_VALIDO,One-Hot categórica
2795,CIGAGLST_estado_COD_991,One-Hot categórica
2796,CIGAGLST_estado_COD_994,One-Hot categórica
2797,CIGAGLST_estado_COD_997,One-Hot categórica
2798,CIGAGLST_estado_COD_998,One-Hot categórica
2799,CIGAGLST_estado_COD_999,One-Hot categórica
2800,CIGAGLST_estado_VALIDO,One-Hot categórica
2801,CIGYLU_estado_COD_9989,One-Hot categórica
2802,CIGYLU_estado_COD_9991,One-Hot categórica
2803,CIGYLU_estado_COD_9994,One-Hot categórica
2804,CIGYLU_estado_COD_9997,One-Hot categórica
2805,CIGYLU_estado_COD_9998,One-Hot categórica
2806,CIGYLU_estado_COD_9999,One-Hot categórica
2807,CIGYLU_estado_VALIDO,One-Hot categórica
2808,CIGDLLST_estado_COD_991,One-Hot categórica
2809,CIGDLLST_estado_COD_994,One-Hot categórica
2810,CIGDLLST_estado_COD_997,One-Hot categórica
2811,CIGDLLST_estado_COD_998,One-Hot categórica
2812,CIGDLLST_estado_COD_999,One-Hot categórica
2813,CIGDLLST_estado_VALIDO,One-Hot categórica
2814,CIGDLYLU_estado_COD_9989,One-Hot categórica
2815,CIGDLYLU_estado_COD_9991,One-Hot categórica
2816,CIGDLYLU_estado_COD_9994,One-Hot categórica
2817,CIGDLYLU_estado_COD_9997,One-Hot categórica
2818,CIGDLYLU_estado_COD_9998,One-Hot categórica
2819,CIGDLYLU_estado_COD_9999,One-Hot categórica
2820,CIGDLYLU_estado_VALIDO,One-Hot categórica
2821,SMKAGLAST_estado_COD_989,One-Hot categórica
2822,SMKAGLAST_estado_COD_991,One-Hot categórica
2823,SMKAGLAST_estado_COD_994,One-Hot categórica
2824,SMKAGLAST_estado_COD_997,One-Hot categórica
2825,SMKAGLAST_estado_COD_998,One-Hot categórica
2826,SMKAGLAST_estado_COD_999,One-Hot categórica
2827,SMKAGLAST_estado_VALIDO,One-Hot categórica
2828,SMKYRLAST_estado_COD_9989,One-Hot categórica
2829,SMKYRLAST_estado_COD_9991,One-Hot categórica
2830,SMKYRLAST_estado_COD_9994,One-Hot categórica
2831,SMKYRLAST_estado_COD_9997,One-Hot categórica
2832,SMKYRLAST_estado_COD_9998,One-Hot categórica
2833,SMKYRLAST_estado_COD_9999,One-Hot categórica
2834,SMKYRLAST_estado_VALIDO,One-Hot categórica
2835,CGRAGLST_estado_COD_991,One-Hot categórica
2836,CGRAGLST_estado_COD_994,One-Hot categórica
2837,CGRAGLST_estado_COD_997,One-Hot categórica
2838,CGRAGLST_estado_COD_998,One-Hot categórica
2839,CGRAGLST_estado_COD_999,One-Hot categórica
2840,CGRAGLST_estado_VALIDO,One-Hot categórica
2841,CIGARYLU_estado_COD_9989,One-Hot categórica
2842,CIGARYLU_estado_COD_9991,One-Hot categórica
2843,CIGARYLU_estado_COD_9994,One-Hot categórica
2844,CIGARYLU_estado_COD_9997,One-Hot categórica
2845,CIGARYLU_estado_COD_9998,One-Hot categórica
2846,CIGARYLU_estado_COD_9999,One-Hot categórica
2847,CIGARYLU_estado_VALIDO,One-Hot categórica
2848,ALCAGLST_estado_COD_989,One-Hot categórica
2849,ALCAGLST_estado_COD_991,One-Hot categórica
2850,ALCAGLST_estado_COD_994,One-Hot categórica
2851,ALCAGLST_estado_COD_997,One-Hot categórica
2852,ALCAGLST_estado_COD_998,One-Hot categórica
2853,ALCAGLST_estado_COD_999,One-Hot categórica
2854,ALCAGLST_estado_VALIDO,One-Hot categórica
2855,ALCYLU_estado_COD_9989,One-Hot categórica
2856,ALCYLU_estado_COD_9991,One-Hot categórica
2857,ALCYLU_estado_COD_9994,One-Hot categórica
2858,ALCYLU_estado_COD_9997,One-Hot categórica
2859,ALCYLU_estado_COD_9998,One-Hot categórica
2860,ALCYLU_estado_COD_9999,One-Hot categórica
2861,ALCYLU_estado_VALIDO,One-Hot categórica
2862,COCAGLST_estado_COD_989,One-Hot categórica
2863,COCAGLST_estado_COD_991,One-Hot categórica
2864,COCAGLST_estado_COD_994,One-Hot categórica
2865,COCAGLST_estado_COD_997,One-Hot categórica
2866,COCAGLST_estado_COD_998,One-Hot categórica
2867,COCAGLST_estado_COD_999,One-Hot categórica
2868,COCAGLST_estado_VALIDO,One-Hot categórica
2869,COCYLU_estado_COD_9989,One-Hot categórica
2870,COCYLU_estado_COD_9991,One-Hot categórica
2871,COCYLU_estado_COD_9994,One-Hot categórica
2872,COCYLU_estado_COD_9997,One-Hot categórica
2873,COCYLU_estado_COD_9998,One-Hot categórica
2874,COCYLU_estado_COD_9999,One-Hot categórica
2875,COCYLU_estado_VALIDO,One-Hot categórica
2876,CRKAGLST_estado_COD_991,One-Hot categórica
2877,CRKAGLST_estado_COD_994,One-Hot categórica
2878,CRKAGLST_estado_COD_997,One-Hot categórica
2879,CRKAGLST_estado_COD_998,One-Hot categórica
2880,CRKAGLST_estado_COD_999,One-Hot categórica
2881,CRKAGLST_estado_VALIDO,One-Hot categórica
2882,CRKYLU_estado_COD_9989,One-Hot categórica
2883,CRKYLU_estado_COD_9991,One-Hot categórica
2884,CRKYLU_estado_COD_9994,One-Hot categórica
2885,CRKYLU_estado_COD_9997,One-Hot categórica
2886,CRKYLU_estado_COD_9998,One-Hot categórica
2887,CRKYLU_estado_COD_9999,One-Hot categórica
2888,CRKYLU_estado_VALIDO,One-Hot categórica
2889,HERAGLST_estado_COD_991,One-Hot categórica
2890,HERAGLST_estado_COD_994,One-Hot categórica
2891,HERAGLST_estado_COD_997,One-Hot categórica
2892,HERAGLST_estado_COD_998,One-Hot categórica
2893,HERAGLST_estado_COD_999,One-Hot categórica
2894,HERAGLST_estado_VALIDO,One-Hot categórica
2895,HERYLU_estado_COD_9989,One-Hot categórica
2896,HERYLU_estado_COD_9991,One-Hot categórica
2897,HERYLU_estado_COD_9994,One-Hot categórica
2898,HERYLU_estado_COD_9997,One-Hot categórica
2899,HERYLU_estado_COD_9998,One-Hot categórica
2900,HERYLU_estado_COD_9999,One-Hot categórica
2901,HERYLU_estado_VALIDO,One-Hot categórica
2902,HALLAGLST_estado_COD_989,One-Hot categórica
2903,HALLAGLST_estado_COD_991,One-Hot categórica
2904,HALLAGLST_estado_COD_994,One-Hot categórica
2905,HALLAGLST_estado_COD_997,One-Hot categórica
2906,HALLAGLST_estado_COD_998,One-Hot categórica
2907,HALLAGLST_estado_COD_999,One-Hot categórica
2908,HALLAGLST_estado_VALIDO,One-Hot categórica
2909,HALLYRLST_estado_COD_9989,One-Hot categórica
2910,HALLYRLST_estado_COD_9991,One-Hot categórica
2911,HALLYRLST_estado_COD_9994,One-Hot categórica
2912,HALLYRLST_estado_COD_9997,One-Hot categórica
2913,HALLYRLST_estado_COD_9998,One-Hot categórica
2914,HALLYRLST_estado_COD_9999,One-Hot categórica
2915,HALLYRLST_estado_VALIDO,One-Hot categórica
2916,LSDAGLST_estado_COD_989,One-Hot categórica
2917,LSDAGLST_estado_COD_991,One-Hot categórica
2918,LSDAGLST_estado_COD_994,One-Hot categórica
2919,LSDAGLST_estado_COD_997,One-Hot categórica
2920,LSDAGLST_estado_COD_998,One-Hot categórica
2921,LSDAGLST_estado_COD_999,One-Hot categórica
2922,LSDAGLST_estado_VALIDO,One-Hot categórica
2923,LSDYLU_estado_COD_9989,One-Hot categórica
2924,LSDYLU_estado_COD_9991,One-Hot categórica
2925,LSDYLU_estado_COD_9994,One-Hot categórica
2926,LSDYLU_estado_COD_9997,One-Hot categórica
2927,LSDYLU_estado_COD_9998,One-Hot categórica
2928,LSDYLU_estado_COD_9999,One-Hot categórica
2929,LSDYLU_estado_VALIDO,One-Hot categórica
2930,PCPAGLST_estado_COD_991,One-Hot categórica
2931,PCPAGLST_estado_COD_994,One-Hot categórica
2932,PCPAGLST_estado_COD_997,One-Hot categórica
2933,PCPAGLST_estado_COD_998,One-Hot categórica
2934,PCPAGLST_estado_COD_999,One-Hot categórica
2935,PCPAGLST_estado_VALIDO,One-Hot categórica
2936,PCPYLU_estado_COD_9991,One-Hot categórica
2937,PCPYLU_estado_COD_9994,One-Hot categórica
2938,PCPYLU_estado_COD_9997,One-Hot categórica
2939,PCPYLU_estado_COD_9998,One-Hot categórica
2940,PCPYLU_estado_COD_9999,One-Hot categórica
2941,PCPYLU_estado_VALIDO,One-Hot categórica
2942,ECSTMOAGL_estado_COD_989,One-Hot categórica
2943,ECSTMOAGL_estado_COD_991,One-Hot categórica
2944,ECSTMOAGL_estado_COD_994,One-Hot categórica
2945,ECSTMOAGL_estado_COD_997,One-Hot categórica
2946,ECSTMOAGL_estado_COD_998,One-Hot categórica
2947,ECSTMOAGL_estado_COD_999,One-Hot categórica
2948,ECSTMOAGL_estado_VALIDO,One-Hot categórica
2949,ECSTMOYLU_estado_COD_9989,One-Hot categórica
2950,ECSTMOYLU_estado_COD_9991,One-Hot categórica
2951,ECSTMOYLU_estado_COD_9994,One-Hot categórica
2952,ECSTMOYLU_estado_COD_9997,One-Hot categórica
2953,ECSTMOYLU_estado_COD_9998,One-Hot categórica
2954,ECSTMOYLU_estado_COD_9999,One-Hot categórica
2955,ECSTMOYLU_estado_VALIDO,One-Hot categórica
2956,INHLAGLST_estado_COD_991,One-Hot categórica
2957,INHLAGLST_estado_COD_994,One-Hot categórica
2958,INHLAGLST_estado_COD_997,One-Hot categórica
2959,INHLAGLST_estado_COD_998,One-Hot categórica
2960,INHLAGLST_estado_COD_999,One-Hot categórica
2961,INHLAGLST_estado_VALIDO,One-Hot categórica
2962,INHLYRLST_estado_COD_9989,One-Hot categórica
2963,INHLYRLST_estado_COD_9991,One-Hot categórica
2964,INHLYRLST_estado_COD_9994,One-Hot categórica
2965,INHLYRLST_estado_COD_9997,One-Hot categórica
2966,INHLYRLST_estado_COD_9998,One-Hot categórica
2967,INHLYRLST_estado_COD_9999,One-Hot categórica
2968,INHLYRLST_estado_VALIDO,One-Hot categórica
2969,METHAGLST_estado_COD_991,One-Hot categórica
2970,METHAGLST_estado_COD_994,One-Hot categórica
2971,METHAGLST_estado_COD_997,One-Hot categórica
2972,METHAGLST_estado_COD_998,One-Hot categórica
2973,METHAGLST_estado_COD_999,One-Hot categórica
2974,METHAGLST_estado_VALIDO,One-Hot categórica
2975,METHYRLST_estado_COD_9989,One-Hot categórica
2976,METHYRLST_estado_COD_9991,One-Hot categórica
2977,METHYRLST_estado_COD_9994,One-Hot categórica
2978,METHYRLST_estado_COD_9997,One-Hot categórica
2979,METHYRLST_estado_COD_9998,One-Hot categórica
2980,METHYRLST_estado_COD_9999,One-Hot categórica
2981,METHYRLST_estado_VALIDO,One-Hot categórica
2982,HTINCHE2_estado_COD_994,One-Hot categórica
2983,HTINCHE2_estado_COD_997,One-Hot categórica
2984,HTINCHE2_estado_COD_998,One-Hot categórica
2985,HTINCHE2_estado_VALIDO,One-Hot categórica
2986,WTPOUND2_estado_COD_9994,One-Hot categórica
2987,WTPOUND2_estado_COD_9997,One-Hot categórica
2988,WTPOUND2_estado_COD_9998,One-Hot categórica
2989,WTPOUND2_estado_VALIDO,One-Hot categórica
2990,NMERTMT2_estado_COD_985,One-Hot categórica
2991,NMERTMT2_estado_COD_994,One-Hot categórica
2992,NMERTMT2_estado_COD_997,One-Hot categórica
2993,NMERTMT2_estado_COD_998,One-Hot categórica
2994,NMERTMT2_estado_VALIDO,One-Hot categórica
2995,NMNGTHS2_estado_COD_985,One-Hot categórica
2996,NMNGTHS2_estado_COD_994,One-Hot categórica
2997,NMNGTHS2_estado_COD_997,One-Hot categórica
2998,NMNGTHS2_estado_COD_998,One-Hot categórica
2999,NMNGTHS2_estado_COD_999,One-Hot categórica
3000,NMNGTHS2_estado_VALIDO,One-Hot categórica
3001,NMVSOPT2_estado_COD_17,One-Hot categórica
3002,NMVSOPT2_estado_COD_18,One-Hot categórica
3003,NMVSOPT2_estado_COD_19,One-Hot categórica
3004,NMVSOPT2_estado_COD_985,One-Hot categórica
3005,NMVSOPT2_estado_COD_994,One-Hot categórica
3006,NMVSOPT2_estado_COD_997,One-Hot categórica
3007,NMVSOPT2_estado_COD_998,One-Hot categórica
3008,NMVSOPT2_estado_VALIDO,One-Hot categórica
3009,HRTCONDAG_estado_COD_994,One-Hot categórica
3010,HRTCONDAG_estado_COD_997,One-Hot categórica
3011,HRTCONDAG_estado_COD_998,One-Hot categórica
3012,HRTCONDAG_estado_COD_999,One-Hot categórica
3013,HRTCONDAG_estado_VALIDO,One-Hot categórica
3014,DIABETEAG_estado_COD_994,One-Hot categórica
3015,DIABETEAG_estado_COD_997,One-Hot categórica
3016,DIABETEAG_estado_COD_998,One-Hot categórica
3017,DIABETEAG_estado_COD_999,One-Hot categórica
3018,DIABETEAG_estado_VALIDO,One-Hot categórica
3019,COPDAGE_estado_COD_994,One-Hot categórica
3020,COPDAGE_estado_COD_998,One-Hot categórica
3021,COPDAGE_estado_COD_999,One-Hot categórica
3022,COPDAGE_estado_VALIDO,One-Hot categórica
3023,CIRROSAGE_estado_COD_994,One-Hot categórica
3024,CIRROSAGE_estado_COD_998,One-Hot categórica
3025,CIRROSAGE_estado_COD_999,One-Hot categórica
3026,CIRROSAGE_estado_VALIDO,One-Hot categórica
3027,HEPBCAGE_estado_COD_994,One-Hot categórica
3028,HEPBCAGE_estado_COD_998,One-Hot categórica
3029,HEPBCAGE_estado_COD_999,One-Hot categórica
3030,HEPBCAGE_estado_VALIDO,One-Hot categórica
3031,KIDNYDSAG_estado_COD_994,One-Hot categórica
3032,KIDNYDSAG_estado_COD_997,One-Hot categórica
3033,KIDNYDSAG_estado_COD_998,One-Hot categórica
3034,KIDNYDSAG_estado_COD_999,One-Hot categórica
3035,KIDNYDSAG_estado_VALIDO,One-Hot categórica
3036,ASTHMAAGE_estado_COD_994,One-Hot categórica
3037,ASTHMAAGE_estado_COD_997,One-Hot categórica
3038,ASTHMAAGE_estado_COD_998,One-Hot categórica
3039,ASTHMAAGE_estado_COD_999,One-Hot categórica
3040,ASTHMAAGE_estado_VALIDO,One-Hot categórica
3041,HIVAIDSAG_estado_COD_994,One-Hot categórica
3042,HIVAIDSAG_estado_COD_997,One-Hot categórica
3043,HIVAIDSAG_estado_COD_998,One-Hot categórica
3044,HIVAIDSAG_estado_COD_999,One-Hot categórica
3045,HIVAIDSAG_estado_VALIDO,One-Hot categórica
3046,HIGHBPAGE_estado_COD_994,One-Hot categórica
3047,HIGHBPAGE_estado_COD_998,One-Hot categórica
3048,HIGHBPAGE_estado_COD_999,One-Hot categórica
3049,HIGHBPAGE_estado_VALIDO,One-Hot categórica
3050,BMI2_estado_VALIDO,One-Hot categórica
