columna_transformada,variable_original,tipo_representacion,categoria
ALCAGLST,ALCAGLST,Numérica,
ALCNUMDKPM,ALCNUMDKPM,Numérica,
ALCYLU,ALCYLU,Numérica,
ASTHMAAGE,ASTHMAAGE,Numérica,
BMI2,BMI2,Numérica,
CGRAGLST,CGRAGLST,Numérica,
CIGAGLST,CIGAGLST,Numérica,
CIGARYLU,CIGARYLU,Numérica,
CIGAVGM,CIGAVGM,Numérica,
CIGDLLST,CIGDLLST,Numérica,
CIGDLYLU,CIGDLYLU,Numérica,
CIGYLU,CIGYLU,Numérica,
CIRROSAGE,CIRROSAGE,Numérica,
COCAGLST,COCAGLST,Numérica,
COCYLU,COCYLU,Numérica,
COPDAGE,COPDAGE,Numérica,
CRKAGLST,CRKAGLST,Numérica,
CRKYLU,CRKYLU,Numérica,
DIABETEAG,DIABETEAG,Numérica,
ECSTMOAGL,ECSTMOAGL,Numérica,
ECSTMOYLU,ECSTMOYLU,Numérica,
EDUSCKCOM,EDUSCKCOM,Numérica,
EDUSCKMON,EDUSCKMON,Numérica,
EDUSKPCOM,EDUSKPCOM,Numérica,
EDUSKPMON,EDUSKPMON,Numérica,
HALLAGLST,HALLAGLST,Numérica,
HALLYRLST,HALLYRLST,Numérica,
HEPBCAGE,HEPBCAGE,Numérica,
HERAGLST,HERAGLST,Numérica,
HERYLU,HERYLU,Numérica,
HIGHBPAGE,HIGHBPAGE,Numérica,
HIVAIDSAG,HIVAIDSAG,Numérica,
HLCNOTMO,HLCNOTMO,Numérica,
HRTCONDAG,HRTCONDAG,Numérica,
HTINCHE2,HTINCHE2,Numérica,
INHLAGLST,INHLAGLST,Numérica,
INHLYRLST,INHLYRLST,Numérica,
IRWELMOS,IRWELMOS,Numérica,
KIDNYDSAG,KIDNYDSAG,Numérica,
LSDAGLST,LSDAGLST,Numérica,
LSDYLU,LSDYLU,Numérica,
METHAGLST,METHAGLST,Numérica,
METHYRLST,METHYRLST,Numérica,
MRJAGLST,MRJAGLST,Numérica,
MRJYLU,MRJYLU,Numérica,
NMERTMT2,NMERTMT2,Numérica,
NMNGTHS2,NMNGTHS2,Numérica,
NMVSOPT2,NMVSOPT2,Numérica,
NRCH17_2,NRCH17_2,Numérica,
PCPAGLST,PCPAGLST,Numérica,
PCPYLU,PCPYLU,Numérica,
SMKAGLAST,SMKAGLAST,Numérica,
SMKYRLAST,SMKYRLAST,Numérica,
WRKDHRSWK2,WRKDHRSWK2,Numérica,
WRKLASTYR2,WRKLASTYR2,Numérica,
WRKNJBWKS,WRKNJBWKS,Numérica,
WRKSICKMO,WRKSICKMO,Numérica,
WRKSKIPMO,WRKSKIPMO,Numérica,
WTPOUND2,WTPOUND2,Numérica,
ACTD2001_2,ACTD2001,Categórica,2
ACTD2001_85,ACTD2001,Categórica,85
ACTD2001_94,ACTD2001,Categórica,94
ACTD2001_97,ACTD2001,Categórica,97
ACTD2001_98,ACTD2001,Categórica,98
ACTD2001_99,ACTD2001,Categórica,99
ACTD7590_2,ACTD7590,Categórica,2
ACTD7590_85,ACTD7590,Categórica,85
ACTD7590_94,ACTD7590,Categórica,94
ACTD7590_97,ACTD7590,Categórica,97
ACTD7590_98,ACTD7590,Categórica,98
ACTD7590_99,ACTD7590,Categórica,99
ACTD9001_2,ACTD9001,Categórica,2
ACTD9001_85,ACTD9001,Categórica,85
ACTD9001_94,ACTD9001,Categórica,94
ACTD9001_97,ACTD9001,Categórica,97
ACTD9001_98,ACTD9001,Categórica,98
ACTD9001_99,ACTD9001,Categórica,99
ACTDEVER_2,ACTDEVER,Categórica,2
ACTDEVER_85,ACTDEVER,Categórica,85
ACTDEVER_97,ACTDEVER,Categórica,97
ACTDEVER_98,ACTDEVER,Categórica,98
ACTDEVER_99,ACTDEVER,Categórica,99
ACTDPRIV_2,ACTDPRIV,Categórica,2
ACTDPRIV_85,ACTDPRIV,Categórica,85
ACTDPRIV_94,ACTDPRIV,Categórica,94
ACTDPRIV_97,ACTDPRIV,Categórica,97
ACTDPRIV_98,ACTDPRIV,Categórica,98
ACTDPRIV_99,ACTDPRIV,Categórica,99
ACTDVIET_2,ACTDVIET,Categórica,2
ACTDVIET_85,ACTDVIET,Categórica,85
ACTDVIET_94,ACTDVIET,Categórica,94
ACTDVIET_97,ACTDVIET,Categórica,97
ACTDVIET_98,ACTDVIET,Categórica,98
ACTDVIET_99,ACTDVIET,Categórica,99
AGE3_5,AGE3,Categórica,5
AGE3_6,AGE3,Categórica,6
AGE3_7,AGE3,Categórica,7
AGE3_8,AGE3,Categórica,8
AGE3_9,AGE3,Categórica,9
AGE3_10,AGE3,Categórica,10
AGE3_11,AGE3,Categórica,11
AIRDUSEVER2_1.0,AIRDUSEVER2,Categórica,1.0
AIRDUSEVER2_nan,AIRDUSEVER2,Categórica,
ALCFLAG_1,ALCFLAG,Categórica,1
ALCMDAYS_2,ALCMDAYS,Categórica,2
ALCMDAYS_3,ALCMDAYS,Categórica,3
ALCMDAYS_4,ALCMDAYS,Categórica,4
ALCMDAYS_5,ALCMDAYS,Categórica,5
ALCMLU_2,ALCMLU,Categórica,2
ALCMLU_3,ALCMLU,Categórica,3
ALCMLU_4,ALCMLU,Categórica,4
ALCMLU_5,ALCMLU,Categórica,5
ALCMLU_6,ALCMLU,Categórica,6
ALCMLU_7,ALCMLU,Categórica,7
ALCMLU_8,ALCMLU,Categórica,8
ALCMLU_9,ALCMLU,Categórica,9
ALCMLU_10,ALCMLU,Categórica,10
ALCMLU_11,ALCMLU,Categórica,11
ALCMLU_12,ALCMLU,Categórica,12
ALCMLU_85,ALCMLU,Categórica,85
ALCMLU_89,ALCMLU,Categórica,89
ALCMLU_91,ALCMLU,Categórica,91
ALCMLU_94,ALCMLU,Categórica,94
ALCMLU_97,ALCMLU,Categórica,97
ALCMLU_98,ALCMLU,Categórica,98
ALCMLU_99,ALCMLU,Categórica,99
ALCMON_1,ALCMON,Categórica,1
ALCYDAYS_2,ALCYDAYS,Categórica,2
ALCYDAYS_3,ALCYDAYS,Categórica,3
ALCYDAYS_4,ALCYDAYS,Categórica,4
ALCYDAYS_5,ALCYDAYS,Categórica,5
ALCYDAYS_6,ALCYDAYS,Categórica,6
ALCYR_1,ALCYR,Categórica,1
ALCYRBFR_2,ALCYRBFR,Categórica,2
ALCYRBFR_85,ALCYRBFR,Categórica,85
ALCYRBFR_91,ALCYRBFR,Categórica,91
ALCYRBFR_94,ALCYRBFR,Categórica,94
ALCYRBFR_97,ALCYRBFR,Categórica,97
ALCYRBFR_98,ALCYRBFR,Categórica,98
AMYLNIEVER2_1.0,AMYLNIEVER2,Categórica,1.0
AMYLNIEVER2_nan,AMYLNIEVER2,Categórica,
ANYHLTI2_2,ANYHLTI2,Categórica,2
ANYHLTI2_94,ANYHLTI2,Categórica,94
ANYHLTI2_97,ANYHLTI2,Categórica,97
ANYHLTI2_98,ANYHLTI2,Categórica,98
ANYNDLREC_2,ANYNDLREC,Categórica,2
ANYNDLREC_3,ANYNDLREC,Categórica,3
ANYNDLREC_9,ANYNDLREC,Categórica,9
ANYNDLREC_91,ANYNDLREC,Categórica,91
ANYNDLREC_97,ANYNDLREC,Categórica,97
ANYNDLREC_98,ANYNDLREC,Categórica,98
ANYNEDFLAG_1.0,ANYNEDFLAG,Categórica,1.0
ANYNEDFLAG_nan,ANYNEDFLAG,Categórica,
ANYNEDYR_1.0,ANYNEDYR,Categórica,1.0
ANYNEDYR_nan,ANYNEDYR,Categórica,
APPDRGMON_2,APPDRGMON,Categórica,2
APPDRGMON_85,APPDRGMON,Categórica,85
APPDRGMON_94,APPDRGMON,Categórica,94
APPDRGMON_97,APPDRGMON,Categórica,97
APPDRGMON_98,APPDRGMON,Categórica,98
APPDRGMON2_1.0,APPDRGMON2,Categórica,1.0
APPDRGMON2_nan,APPDRGMON2,Categórica,
ASTHMAEVR2_2,ASTHMAEVR2,Categórica,2
ASTHMAEVR2_85,ASTHMAEVR2,Categórica,85
ASTHMAEVR2_94,ASTHMAEVR2,Categórica,94
ASTHMAEVR2_97,ASTHMAEVR2,Categórica,97
ASTHMAEVR2_98,ASTHMAEVR2,Categórica,98
ASTHMANOW_2,ASTHMANOW,Categórica,2
ASTHMANOW_85,ASTHMANOW,Categórica,85
ASTHMANOW_94,ASTHMANOW,Categórica,94
ASTHMANOW_98,ASTHMANOW,Categórica,98
ASTHMANOW_99,ASTHMANOW,Categórica,99
BKARSON_2,BKARSON,Categórica,2
BKARSON_85,BKARSON,Categórica,85
BKARSON_89,BKARSON,Categórica,89
BKARSON_97,BKARSON,Categórica,97
BKARSON_98,BKARSON,Categórica,98
BKARSON_99,BKARSON,Categórica,99
BKBURGL_2,BKBURGL,Categórica,2
BKBURGL_3,BKBURGL,Categórica,3
BKBURGL_85,BKBURGL,Categórica,85
BKBURGL_89,BKBURGL,Categórica,89
BKBURGL_97,BKBURGL,Categórica,97
BKBURGL_98,BKBURGL,Categórica,98
BKBURGL_99,BKBURGL,Categórica,99
BKDRUG_2,BKDRUG,Categórica,2
BKDRUG_3,BKDRUG,Categórica,3
BKDRUG_85,BKDRUG,Categórica,85
BKDRUG_89,BKDRUG,Categórica,89
BKDRUG_97,BKDRUG,Categórica,97
BKDRUG_98,BKDRUG,Categórica,98
BKDRUG_99,BKDRUG,Categórica,99
BKDRUNK_2,BKDRUNK,Categórica,2
BKDRUNK_3,BKDRUNK,Categórica,3
BKDRUNK_85,BKDRUNK,Categórica,85
BKDRUNK_89,BKDRUNK,Categórica,89
BKDRUNK_97,BKDRUNK,Categórica,97
BKDRUNK_98,BKDRUNK,Categórica,98
BKDRUNK_99,BKDRUNK,Categórica,99
BKDRVINF_2,BKDRVINF,Categórica,2
BKDRVINF_3,BKDRVINF,Categórica,3
BKDRVINF_85,BKDRVINF,Categórica,85
BKDRVINF_89,BKDRVINF,Categórica,89
BKDRVINF_97,BKDRVINF,Categórica,97
BKDRVINF_98,BKDRVINF,Categórica,98
BKDRVINF_99,BKDRVINF,Categórica,99
BKFRAUD_2,BKFRAUD,Categórica,2
BKFRAUD_3,BKFRAUD,Categórica,3
BKFRAUD_85,BKFRAUD,Categórica,85
BKFRAUD_89,BKFRAUD,Categórica,89
BKFRAUD_94,BKFRAUD,Categórica,94
BKFRAUD_97,BKFRAUD,Categórica,97
BKFRAUD_98,BKFRAUD,Categórica,98
BKFRAUD_99,BKFRAUD,Categórica,99
BKLARCNY_2,BKLARCNY,Categórica,2
BKLARCNY_3,BKLARCNY,Categórica,3
BKLARCNY_85,BKLARCNY,Categórica,85
BKLARCNY_89,BKLARCNY,Categórica,89
BKLARCNY_94,BKLARCNY,Categórica,94
BKLARCNY_97,BKLARCNY,Categórica,97
BKLARCNY_98,BKLARCNY,Categórica,98
BKLARCNY_99,BKLARCNY,Categórica,99
BKMVTHFT_2,BKMVTHFT,Categórica,2
BKMVTHFT_3,BKMVTHFT,Categórica,3
BKMVTHFT_85,BKMVTHFT,Categórica,85
BKMVTHFT_89,BKMVTHFT,Categórica,89
BKMVTHFT_97,BKMVTHFT,Categórica,97
BKMVTHFT_98,BKMVTHFT,Categórica,98
BKMVTHFT_99,BKMVTHFT,Categórica,99
BKOTH_2,BKOTH,Categórica,2
BKOTH_3,BKOTH,Categórica,3
BKOTH_5,BKOTH,Categórica,5
BKOTH_85,BKOTH,Categórica,85
BKOTH_89,BKOTH,Categórica,89
BKOTH_97,BKOTH,Categórica,97
BKOTH_98,BKOTH,Categórica,98
BKOTH_99,BKOTH,Categórica,99
BKROB_2,BKROB,Categórica,2
BKROB_85,BKROB,Categórica,85
BKROB_89,BKROB,Categórica,89
BKROB_97,BKROB,Categórica,97
BKROB_98,BKROB,Categórica,98
BKROB_99,BKROB,Categórica,99
BKSEXNR_2,BKSEXNR,Categórica,2
BKSEXNR_85,BKSEXNR,Categórica,85
BKSEXNR_89,BKSEXNR,Categórica,89
BKSEXNR_97,BKSEXNR,Categórica,97
BKSEXNR_98,BKSEXNR,Categórica,98
BKSEXNR_99,BKSEXNR,Categórica,99
BKSMASLT_2,BKSMASLT,Categórica,2
BKSMASLT_3,BKSMASLT,Categórica,3
BKSMASLT_85,BKSMASLT,Categórica,85
BKSMASLT_89,BKSMASLT,Categórica,89
BKSMASLT_97,BKSMASLT,Categórica,97
BKSMASLT_98,BKSMASLT,Categórica,98
BKSMASLT_99,BKSMASLT,Categórica,99
BKSRVIOL_2,BKSRVIOL,Categórica,2
BKSRVIOL_3,BKSRVIOL,Categórica,3
BKSRVIOL_85,BKSRVIOL,Categórica,85
BKSRVIOL_89,BKSRVIOL,Categórica,89
BKSRVIOL_94,BKSRVIOL,Categórica,94
BKSRVIOL_97,BKSRVIOL,Categórica,97
BKSRVIOL_98,BKSRVIOL,Categórica,98
BKSRVIOL_99,BKSRVIOL,Categórica,99
BNGDRKMON_1,BNGDRKMON,Categórica,1
BNGDRMDAYS_2,BNGDRMDAYS,Categórica,2
BNGDRMDAYS_3,BNGDRMDAYS,Categórica,3
BNGDRMDAYS_4,BNGDRMDAYS,Categórica,4
BNGDRMDAYS_5,BNGDRMDAYS,Categórica,5
BOOKED_2,BOOKED,Categórica,2
BOOKED_3,BOOKED,Categórica,3
BOOKED_85,BOOKED,Categórica,85
BOOKED_94,BOOKED,Categórica,94
BOOKED_97,BOOKED,Categórica,97
BOOKED_98,BOOKED,Categórica,98
BZOANYYR_1.0,BZOANYYR,Categórica,1.0
BZOANYYR_nan,BZOANYYR,Categórica,
BZONMYR_1.0,BZONMYR,Categórica,1.0
BZONMYR_nan,BZONMYR,Categórica,
CABLADDER_2,CABLADDER,Categórica,2
CABLADDER_85,CABLADDER,Categórica,85
CABLADDER_94,CABLADDER,Categórica,94
CABLADDER_97,CABLADDER,Categórica,97
CABLADDER_98,CABLADDER,Categórica,98
CABLADDER_99,CABLADDER,Categórica,99
CABLOLEULYM_2,CABLOLEULYM,Categórica,2
CABLOLEULYM_85,CABLOLEULYM,Categórica,85
CABLOLEULYM_94,CABLOLEULYM,Categórica,94
CABLOLEULYM_97,CABLOLEULYM,Categórica,97
CABLOLEULYM_98,CABLOLEULYM,Categórica,98
CABLOLEULYM_99,CABLOLEULYM,Categórica,99
CABREAST_2,CABREAST,Categórica,2
CABREAST_85,CABREAST,Categórica,85
CABREAST_94,CABREAST,Categórica,94
CABREAST_97,CABREAST,Categórica,97
CABREAST_98,CABREAST,Categórica,98
CABREAST_99,CABREAST,Categórica,99
CACERVIX_2,CACERVIX,Categórica,2
CACERVIX_85,CACERVIX,Categórica,85
CACERVIX_94,CACERVIX,Categórica,94
CACERVIX_97,CACERVIX,Categórica,97
CACERVIX_98,CACERVIX,Categórica,98
CACERVIX_99,CACERVIX,Categórica,99
CACOLNRECT_2,CACOLNRECT,Categórica,2
CACOLNRECT_85,CACOLNRECT,Categórica,85
CACOLNRECT_94,CACOLNRECT,Categórica,94
CACOLNRECT_97,CACOLNRECT,Categórica,97
CACOLNRECT_98,CACOLNRECT,Categórica,98
CACOLNRECT_99,CACOLNRECT,Categórica,99
CADRKCOCN2_1.0,CADRKCOCN2,Categórica,1.0
CADRKCOCN2_nan,CADRKCOCN2,Categórica,
CADRKHALL2_1.0,CADRKHALL2,Categórica,1.0
CADRKHALL2_nan,CADRKHALL2,Categórica,
CADRKHERN2_1.0,CADRKHERN2,Categórica,1.0
CADRKHERN2_nan,CADRKHERN2,Categórica,
CADRKINHL2_1.0,CADRKINHL2,Categórica,1.0
CADRKINHL2_nan,CADRKINHL2,Categórica,
CADRKMARJ2_1.0,CADRKMARJ2,Categórica,1.0
CADRKMARJ2_nan,CADRKMARJ2,Categórica,
CADRKMETH2_1.0,CADRKMETH2,Categórica,1.0
CADRKMETH2_nan,CADRKMETH2,Categórica,
CAESOPSTOM_2,CAESOPSTOM,Categórica,2
CAESOPSTOM_85,CAESOPSTOM,Categórica,85
CAESOPSTOM_94,CAESOPSTOM,Categórica,94
CAESOPSTOM_97,CAESOPSTOM,Categórica,97
CAESOPSTOM_98,CAESOPSTOM,Categórica,98
CAESOPSTOM_99,CAESOPSTOM,Categórica,99
CAGALLIVPAN_2,CAGALLIVPAN,Categórica,2
CAGALLIVPAN_85,CAGALLIVPAN,Categórica,85
CAGALLIVPAN_94,CAGALLIVPAN,Categórica,94
CAGALLIVPAN_97,CAGALLIVPAN,Categórica,97
CAGALLIVPAN_98,CAGALLIVPAN,Categórica,98
CAGALLIVPAN_99,CAGALLIVPAN,Categórica,99
CAIDCHIP_2,CAIDCHIP,Categórica,2
CAIDCHIP_85,CAIDCHIP,Categórica,85
CAIDCHIP_94,CAIDCHIP,Categórica,94
CAIDCHIP_97,CAIDCHIP,Categórica,97
CAIDCHIP_98,CAIDCHIP,Categórica,98
CAKIDNEY_2,CAKIDNEY,Categórica,2
CAKIDNEY_85,CAKIDNEY,Categórica,85
CAKIDNEY_94,CAKIDNEY,Categórica,94
CAKIDNEY_97,CAKIDNEY,Categórica,97
CAKIDNEY_98,CAKIDNEY,Categórica,98
CAKIDNEY_99,CAKIDNEY,Categórica,99
CALARYLUNG_2,CALARYLUNG,Categórica,2
CALARYLUNG_85,CALARYLUNG,Categórica,85
CALARYLUNG_94,CALARYLUNG,Categórica,94
CALARYLUNG_97,CALARYLUNG,Categórica,97
CALARYLUNG_98,CALARYLUNG,Categórica,98
CALARYLUNG_99,CALARYLUNG,Categórica,99
CAMELANOM_2,CAMELANOM,Categórica,2
CAMELANOM_85,CAMELANOM,Categórica,85
CAMELANOM_94,CAMELANOM,Categórica,94
CAMELANOM_97,CAMELANOM,Categórica,97
CAMELANOM_98,CAMELANOM,Categórica,98
CAMELANOM_99,CAMELANOM,Categórica,99
CAMHPROB_2,CAMHPROB,Categórica,2
CAMHPROB_85,CAMHPROB,Categórica,85
CAMHPROB_94,CAMHPROB,Categórica,94
CAMHPROB_97,CAMHPROB,Categórica,97
CAMHPROB_98,CAMHPROB,Categórica,98
CAMHPROB2_1.0,CAMHPROB2,Categórica,1.0
CAMHPROB2_nan,CAMHPROB2,Categórica,
CAMHRCVR_2,CAMHRCVR,Categórica,2
CAMHRCVR_85,CAMHRCVR,Categórica,85
CAMHRCVR_94,CAMHRCVR,Categórica,94
CAMHRCVR_97,CAMHRCVR,Categórica,97
CAMHRCVR_98,CAMHRCVR,Categórica,98
CAMHRCVR_99,CAMHRCVR,Categórica,99
CAMOUTTHRO_2,CAMOUTTHRO,Categórica,2
CAMOUTTHRO_85,CAMOUTTHRO,Categórica,85
CAMOUTTHRO_94,CAMOUTTHRO,Categórica,94
CAMOUTTHRO_97,CAMOUTTHRO,Categórica,97
CAMOUTTHRO_98,CAMOUTTHRO,Categórica,98
CAMOUTTHRO_99,CAMOUTTHRO,Categórica,99
CANCEREVR2_2,CANCEREVR2,Categórica,2
CANCEREVR2_85,CANCEREVR2,Categórica,85
CANCEREVR2_94,CANCEREVR2,Categórica,94
CANCEREVR2_97,CANCEREVR2,Categórica,97
CANCEREVR2_98,CANCEREVR2,Categórica,98
CANCERYR_2,CANCERYR,Categórica,2
CANCERYR_5,CANCERYR,Categórica,5
CANCERYR_11,CANCERYR,Categórica,11
CANCERYR_85,CANCERYR,Categórica,85
CANCERYR_94,CANCERYR,Categórica,94
CANCERYR_97,CANCERYR,Categórica,97
CANCERYR_98,CANCERYR,Categórica,98
CANCERYR_99,CANCERYR,Categórica,99
CAOTHER2_2,CAOTHER2,Categórica,2
CAOTHER2_85,CAOTHER2,Categórica,85
CAOTHER2_94,CAOTHER2,Categórica,94
CAOTHER2_97,CAOTHER2,Categórica,97
CAOTHER2_98,CAOTHER2,Categórica,98
CAOTHER2_99,CAOTHER2,Categórica,99
CAOVARY_2,CAOVARY,Categórica,2
CAOVARY_85,CAOVARY,Categórica,85
CAOVARY_94,CAOVARY,Categórica,94
CAOVARY_97,CAOVARY,Categórica,97
CAOVARY_98,CAOVARY,Categórica,98
CAOVARY_99,CAOVARY,Categórica,99
CAPROSTEST_2,CAPROSTEST,Categórica,2
CAPROSTEST_85,CAPROSTEST,Categórica,85
CAPROSTEST_94,CAPROSTEST,Categórica,94
CAPROSTEST_97,CAPROSTEST,Categórica,97
CAPROSTEST_98,CAPROSTEST,Categórica,98
CAPROSTEST_99,CAPROSTEST,Categórica,99
CASKINDK_2,CASKINDK,Categórica,2
CASKINDK_85,CASKINDK,Categórica,85
CASKINDK_94,CASKINDK,Categórica,94
CASKINDK_97,CASKINDK,Categórica,97
CASKINDK_98,CASKINDK,Categórica,98
CASKINDK_99,CASKINDK,Categórica,99
CASKINOTH_2,CASKINOTH,Categórica,2
CASKINOTH_85,CASKINOTH,Categórica,85
CASKINOTH_94,CASKINOTH,Categórica,94
CASKINOTH_97,CASKINOTH,Categórica,97
CASKINOTH_98,CASKINOTH,Categórica,98
CASKINOTH_99,CASKINOTH,Categórica,99
CASUPROB_2,CASUPROB,Categórica,2
CASUPROB_85,CASUPROB,Categórica,85
CASUPROB_94,CASUPROB,Categórica,94
CASUPROB_97,CASUPROB,Categórica,97
CASUPROB_98,CASUPROB,Categórica,98
CASUPROB2_1.0,CASUPROB2,Categórica,1.0
CASUPROB2_nan,CASUPROB2,Categórica,
CASURCVR_2,CASURCVR,Categórica,2
CASURCVR_85,CASURCVR,Categórica,85
CASURCVR_94,CASURCVR,Categórica,94
CASURCVR_97,CASURCVR,Categórica,97
CASURCVR_98,CASURCVR,Categórica,98
CASURCVR_99,CASURCVR,Categórica,99
CATAG2_3,CATAG2,Categórica,3
CATAG3_3,CATAG3,Categórica,3
CATAG3_4,CATAG3,Categórica,4
CATAG3_5,CATAG3,Categórica,5
CATAG6_3,CATAG6,Categórica,3
CATAG6_4,CATAG6,Categórica,4
CATAG6_5,CATAG6,Categórica,5
CATAG6_6,CATAG6,Categórica,6
CATAG7_5,CATAG7,Categórica,5
CATAG7_6,CATAG7,Categórica,6
CATAG7_7,CATAG7,Categórica,7
CATAGE_3,CATAGE,Categórica,3
CATAGE_4,CATAGE,Categórica,4
CATHYROID_2,CATHYROID,Categórica,2
CATHYROID_85,CATHYROID,Categórica,85
CATHYROID_94,CATHYROID,Categórica,94
CATHYROID_97,CATHYROID,Categórica,97
CATHYROID_98,CATHYROID,Categórica,98
CATHYROID_99,CATHYROID,Categórica,99
CAUTERUS_2,CAUTERUS,Categórica,2
CAUTERUS_85,CAUTERUS,Categórica,85
CAUTERUS_94,CAUTERUS,Categórica,94
CAUTERUS_97,CAUTERUS,Categórica,97
CAUTERUS_98,CAUTERUS,Categórica,98
CAUTERUS_99,CAUTERUS,Categórica,99
CBDHMPFLAG_1,CBDHMPFLAG,Categórica,1
CBDHMPMON_1,CBDHMPMON,Categórica,1
CBDHMPYR_1,CBDHMPYR,Categórica,1
CDCGMO_1,CDCGMO,Categórica,1
CDNOCGMO_1,CDNOCGMO,Categórica,1
CDUFLAG_1,CDUFLAG,Categórica,1
CELLNOTCL_2,CELLNOTCL,Categórica,2
CELLNOTCL_85,CELLNOTCL,Categórica,85
CELLNOTCL_94,CELLNOTCL,Categórica,94
CELLNOTCL_97,CELLNOTCL,Categórica,97
CELLNOTCL_98,CELLNOTCL,Categórica,98
CELLWRKNG_2,CELLWRKNG,Categórica,2
CELLWRKNG_85,CELLWRKNG,Categórica,85
CELLWRKNG_94,CELLWRKNG,Categórica,94
CELLWRKNG_97,CELLWRKNG,Categórica,97
CELLWRKNG_98,CELLWRKNG,Categórica,98
CGRFLAG_1,CGRFLAG,Categórica,1
CGRMDAYS_2,CGRMDAYS,Categórica,2
CGRMDAYS_3,CGRMDAYS,Categórica,3
CGRMDAYS_4,CGRMDAYS,Categórica,4
CGRMDAYS_5,CGRMDAYS,Categórica,5
CGRMON_1,CGRMON,Categórica,1
CGRYR_1,CGRYR,Categórica,1
CHAMPUS_2,CHAMPUS,Categórica,2
CHAMPUS_94,CHAMPUS,Categórica,94
CHAMPUS_97,CHAMPUS,Categórica,97
CHAMPUS_98,CHAMPUS,Categórica,98
CHMNDLREC_2,CHMNDLREC,Categórica,2
CHMNDLREC_3,CHMNDLREC,Categórica,3
CHMNDLREC_13,CHMNDLREC,Categórica,13
CHMNDLREC_91,CHMNDLREC,Categórica,91
CHMNDLREC_97,CHMNDLREC,Categórica,97
CHMNDLREC_98,CHMNDLREC,Categórica,98
CIG1PACK_1.0,CIG1PACK,Categórica,1.0
CIG1PACK_nan,CIG1PACK,Categórica,
CIGARMLU_2,CIGARMLU,Categórica,2
CIGARMLU_3,CIGARMLU,Categórica,3
CIGARMLU_4,CIGARMLU,Categórica,4
CIGARMLU_5,CIGARMLU,Categórica,5
CIGARMLU_6,CIGARMLU,Categórica,6
CIGARMLU_7,CIGARMLU,Categórica,7
CIGARMLU_8,CIGARMLU,Categórica,8
CIGARMLU_9,CIGARMLU,Categórica,9
CIGARMLU_10,CIGARMLU,Categórica,10
CIGARMLU_11,CIGARMLU,Categórica,11
CIGARMLU_12,CIGARMLU,Categórica,12
CIGARMLU_85,CIGARMLU,Categórica,85
CIGARMLU_89,CIGARMLU,Categórica,89
CIGARMLU_91,CIGARMLU,Categórica,91
CIGARMLU_94,CIGARMLU,Categórica,94
CIGARMLU_97,CIGARMLU,Categórica,97
CIGARMLU_98,CIGARMLU,Categórica,98
CIGARMLU_99,CIGARMLU,Categórica,99
CIGAVGD_1.0,CIGAVGD,Categórica,1.0
CIGAVGD_3.5,CIGAVGD,Categórica,3.5
CIGAVGD_10.5,CIGAVGD,Categórica,10.5
CIGAVGD_20.5,CIGAVGD,Categórica,20.5
CIGAVGD_30.5,CIGAVGD,Categórica,30.5
CIGAVGD_50.0,CIGAVGD,Categórica,50.0
CIGAVGD_nan,CIGAVGD,Categórica,
CIGAVOID_2,CIGAVOID,Categórica,2
CIGAVOID_3,CIGAVOID,Categórica,3
CIGAVOID_4,CIGAVOID,Categórica,4
CIGAVOID_5,CIGAVOID,Categórica,5
CIGAVOID_91,CIGAVOID,Categórica,91
CIGAVOID_93,CIGAVOID,Categórica,93
CIGAVOID_94,CIGAVOID,Categórica,94
CIGAVOID_97,CIGAVOID,Categórica,97
CIGAVOID_98,CIGAVOID,Categórica,98
CIGCRAGP_2,CIGCRAGP,Categórica,2
CIGCRAGP_3,CIGCRAGP,Categórica,3
CIGCRAGP_4,CIGCRAGP,Categórica,4
CIGCRAGP_5,CIGCRAGP,Categórica,5
CIGCRAGP_91,CIGCRAGP,Categórica,91
CIGCRAGP_93,CIGCRAGP,Categórica,93
CIGCRAGP_94,CIGCRAGP,Categórica,94
CIGCRAGP_97,CIGCRAGP,Categórica,97
CIGCRAGP_98,CIGCRAGP,Categórica,98
CIGCRAVE_2,CIGCRAVE,Categórica,2
CIGCRAVE_3,CIGCRAVE,Categórica,3
CIGCRAVE_4,CIGCRAVE,Categórica,4
CIGCRAVE_5,CIGCRAVE,Categórica,5
CIGCRAVE_91,CIGCRAVE,Categórica,91
CIGCRAVE_93,CIGCRAVE,Categórica,93
CIGCRAVE_94,CIGCRAVE,Categórica,94
CIGCRAVE_97,CIGCRAVE,Categórica,97
CIGCRAVE_98,CIGCRAVE,Categórica,98
CIGDLMLU_2,CIGDLMLU,Categórica,2
CIGDLMLU_3,CIGDLMLU,Categórica,3
CIGDLMLU_4,CIGDLMLU,Categórica,4
CIGDLMLU_5,CIGDLMLU,Categórica,5
CIGDLMLU_6,CIGDLMLU,Categórica,6
CIGDLMLU_7,CIGDLMLU,Categórica,7
CIGDLMLU_8,CIGDLMLU,Categórica,8
CIGDLMLU_9,CIGDLMLU,Categórica,9
CIGDLMLU_10,CIGDLMLU,Categórica,10
CIGDLMLU_11,CIGDLMLU,Categórica,11
CIGDLMLU_12,CIGDLMLU,Categórica,12
CIGDLMLU_85,CIGDLMLU,Categórica,85
CIGDLMLU_89,CIGDLMLU,Categórica,89
CIGDLMLU_91,CIGDLMLU,Categórica,91
CIGDLMLU_94,CIGDLMLU,Categórica,94
CIGDLMLU_97,CIGDLMLU,Categórica,97
CIGDLMLU_98,CIGDLMLU,Categórica,98
CIGDLMLU_99,CIGDLMLU,Categórica,99
CIGFLAG_1,CIGFLAG,Categórica,1
CIGFNLKE_2,CIGFNLKE,Categórica,2
CIGFNLKE_3,CIGFNLKE,Categórica,3
CIGFNLKE_4,CIGFNLKE,Categórica,4
CIGFNLKE_5,CIGFNLKE,Categórica,5
CIGFNLKE_91,CIGFNLKE,Categórica,91
CIGFNLKE_93,CIGFNLKE,Categórica,93
CIGFNLKE_94,CIGFNLKE,Categórica,94
CIGFNLKE_97,CIGFNLKE,Categórica,97
CIGFNLKE_98,CIGFNLKE,Categórica,98
CIGFNLKE_99,CIGFNLKE,Categórica,99
CIGFNSMK_2,CIGFNSMK,Categórica,2
CIGFNSMK_91,CIGFNSMK,Categórica,91
CIGFNSMK_93,CIGFNSMK,Categórica,93
CIGFNSMK_94,CIGFNSMK,Categórica,94
CIGFNSMK_97,CIGFNSMK,Categórica,97
CIGFNSMK_98,CIGFNSMK,Categórica,98
CIGINCRS_2,CIGINCRS,Categórica,2
CIGINCRS_3,CIGINCRS,Categórica,3
CIGINCRS_4,CIGINCRS,Categórica,4
CIGINCRS_5,CIGINCRS,Categórica,5
CIGINCRS_91,CIGINCRS,Categórica,91
CIGINCRS_93,CIGINCRS,Categórica,93
CIGINCRS_94,CIGINCRS,Categórica,94
CIGINCRS_97,CIGINCRS,Categórica,97
CIGINCRS_98,CIGINCRS,Categórica,98
CIGINCTL_2,CIGINCTL,Categórica,2
CIGINCTL_3,CIGINCTL,Categórica,3
CIGINCTL_4,CIGINCTL,Categórica,4
CIGINCTL_5,CIGINCTL,Categórica,5
CIGINCTL_91,CIGINCTL,Categórica,91
CIGINCTL_93,CIGINCTL,Categórica,93
CIGINCTL_94,CIGINCTL,Categórica,94
CIGINCTL_97,CIGINCTL,Categórica,97
CIGINCTL_98,CIGINCTL,Categórica,98
CIGINFLU_2,CIGINFLU,Categórica,2
CIGINFLU_3,CIGINFLU,Categórica,3
CIGINFLU_4,CIGINFLU,Categórica,4
CIGINFLU_5,CIGINFLU,Categórica,5
CIGINFLU_91,CIGINFLU,Categórica,91
CIGINFLU_93,CIGINFLU,Categórica,93
CIGINFLU_94,CIGINFLU,Categórica,94
CIGINFLU_97,CIGINFLU,Categórica,97
CIGINFLU_98,CIGINFLU,Categórica,98
CIGIRTBL_2,CIGIRTBL,Categórica,2
CIGIRTBL_3,CIGIRTBL,Categórica,3
CIGIRTBL_4,CIGIRTBL,Categórica,4
CIGIRTBL_5,CIGIRTBL,Categórica,5
CIGIRTBL_91,CIGIRTBL,Categórica,91
CIGIRTBL_93,CIGIRTBL,Categórica,93
CIGIRTBL_94,CIGIRTBL,Categórica,94
CIGIRTBL_97,CIGIRTBL,Categórica,97
CIGIRTBL_98,CIGIRTBL,Categórica,98
CIGLOTMR_2,CIGLOTMR,Categórica,2
CIGLOTMR_3,CIGLOTMR,Categórica,3
CIGLOTMR_4,CIGLOTMR,Categórica,4
CIGLOTMR_5,CIGLOTMR,Categórica,5
CIGLOTMR_91,CIGLOTMR,Categórica,91
CIGLOTMR_93,CIGLOTMR,Categórica,93
CIGLOTMR_94,CIGLOTMR,Categórica,94
CIGLOTMR_97,CIGLOTMR,Categórica,97
CIGLOTMR_98,CIGLOTMR,Categórica,98
CIGMDAYS_2,CIGMDAYS,Categórica,2
CIGMDAYS_3,CIGMDAYS,Categórica,3
CIGMDAYS_4,CIGMDAYS,Categórica,4
CIGMDAYS_5,CIGMDAYS,Categórica,5
CIGMDAYS_6,CIGMDAYS,Categórica,6
CIGMLU_2,CIGMLU,Categórica,2
CIGMLU_3,CIGMLU,Categórica,3
CIGMLU_4,CIGMLU,Categórica,4
CIGMLU_5,CIGMLU,Categórica,5
CIGMLU_6,CIGMLU,Categórica,6
CIGMLU_7,CIGMLU,Categórica,7
CIGMLU_8,CIGMLU,Categórica,8
CIGMLU_9,CIGMLU,Categórica,9
CIGMLU_10,CIGMLU,Categórica,10
CIGMLU_11,CIGMLU,Categórica,11
CIGMLU_12,CIGMLU,Categórica,12
CIGMLU_85,CIGMLU,Categórica,85
CIGMLU_89,CIGMLU,Categórica,89
CIGMLU_91,CIGMLU,Categórica,91
CIGMLU_94,CIGMLU,Categórica,94
CIGMLU_97,CIGMLU,Categórica,97
CIGMLU_98,CIGMLU,Categórica,98
CIGMLU_99,CIGMLU,Categórica,99
CIGMON_1,CIGMON,Categórica,1
CIGNMCHG_2,CIGNMCHG,Categórica,2
CIGNMCHG_3,CIGNMCHG,Categórica,3
CIGNMCHG_4,CIGNMCHG,Categórica,4
CIGNMCHG_5,CIGNMCHG,Categórica,5
CIGNMCHG_91,CIGNMCHG,Categórica,91
CIGNMCHG_93,CIGNMCHG,Categórica,93
CIGNMCHG_94,CIGNMCHG,Categórica,94
CIGNMCHG_97,CIGNMCHG,Categórica,97
CIGNMCHG_98,CIGNMCHG,Categórica,98
CIGNOINF_2,CIGNOINF,Categórica,2
CIGNOINF_3,CIGNOINF,Categórica,3
CIGNOINF_4,CIGNOINF,Categórica,4
CIGNOINF_5,CIGNOINF,Categórica,5
CIGNOINF_91,CIGNOINF,Categórica,91
CIGNOINF_93,CIGNOINF,Categórica,93
CIGNOINF_94,CIGNOINF,Categórica,94
CIGNOINF_97,CIGNOINF,Categórica,97
CIGNOINF_98,CIGNOINF,Categórica,98
CIGPDAY_2,CIGPDAY,Categórica,2
CIGPDAY_3,CIGPDAY,Categórica,3
CIGPDAY_4,CIGPDAY,Categórica,4
CIGPDAY_5,CIGPDAY,Categórica,5
CIGPDAY_6,CIGPDAY,Categórica,6
CIGPLANE_2,CIGPLANE,Categórica,2
CIGPLANE_3,CIGPLANE,Categórica,3
CIGPLANE_4,CIGPLANE,Categórica,4
CIGPLANE_5,CIGPLANE,Categórica,5
CIGPLANE_91,CIGPLANE,Categórica,91
CIGPLANE_93,CIGPLANE,Categórica,93
CIGPLANE_94,CIGPLANE,Categórica,94
CIGPLANE_97,CIGPLANE,Categórica,97
CIGPLANE_98,CIGPLANE,Categórica,98
CIGREGDY_2,CIGREGDY,Categórica,2
CIGREGDY_3,CIGREGDY,Categórica,3
CIGREGDY_4,CIGREGDY,Categórica,4
CIGREGDY_5,CIGREGDY,Categórica,5
CIGREGDY_91,CIGREGDY,Categórica,91
CIGREGDY_93,CIGREGDY,Categórica,93
CIGREGDY_94,CIGREGDY,Categórica,94
CIGREGDY_97,CIGREGDY,Categórica,97
CIGREGDY_98,CIGREGDY,Categórica,98
CIGREGNM_2,CIGREGNM,Categórica,2
CIGREGNM_3,CIGREGNM,Categórica,3
CIGREGNM_4,CIGREGNM,Categórica,4
CIGREGNM_5,CIGREGNM,Categórica,5
CIGREGNM_91,CIGREGNM,Categórica,91
CIGREGNM_93,CIGREGNM,Categórica,93
CIGREGNM_94,CIGREGNM,Categórica,94
CIGREGNM_97,CIGREGNM,Categórica,97
CIGREGNM_98,CIGREGNM,Categórica,98
CIGREGWK_2,CIGREGWK,Categórica,2
CIGREGWK_3,CIGREGWK,Categórica,3
CIGREGWK_4,CIGREGWK,Categórica,4
CIGREGWK_5,CIGREGWK,Categórica,5
CIGREGWK_91,CIGREGWK,Categórica,91
CIGREGWK_93,CIGREGWK,Categórica,93
CIGREGWK_94,CIGREGWK,Categórica,94
CIGREGWK_97,CIGREGWK,Categórica,97
CIGREGWK_98,CIGREGWK,Categórica,98
CIGRNOUT_2,CIGRNOUT,Categórica,2
CIGRNOUT_3,CIGRNOUT,Categórica,3
CIGRNOUT_4,CIGRNOUT,Categórica,4
CIGRNOUT_5,CIGRNOUT,Categórica,5
CIGRNOUT_91,CIGRNOUT,Categórica,91
CIGRNOUT_93,CIGRNOUT,Categórica,93
CIGRNOUT_94,CIGRNOUT,Categórica,94
CIGRNOUT_97,CIGRNOUT,Categórica,97
CIGRNOUT_98,CIGRNOUT,Categórica,98
CIGSATIS_2,CIGSATIS,Categórica,2
CIGSATIS_3,CIGSATIS,Categórica,3
CIGSATIS_4,CIGSATIS,Categórica,4
CIGSATIS_5,CIGSATIS,Categórica,5
CIGSATIS_91,CIGSATIS,Categórica,91
CIGSATIS_93,CIGSATIS,Categórica,93
CIGSATIS_94,CIGSATIS,Categórica,94
CIGSATIS_97,CIGSATIS,Categórica,97
CIGSATIS_98,CIGSATIS,Categórica,98
CIGSVLHR_2,CIGSVLHR,Categórica,2
CIGSVLHR_3,CIGSVLHR,Categórica,3
CIGSVLHR_4,CIGSVLHR,Categórica,4
CIGSVLHR_5,CIGSVLHR,Categórica,5
CIGSVLHR_91,CIGSVLHR,Categórica,91
CIGSVLHR_93,CIGSVLHR,Categórica,93
CIGSVLHR_94,CIGSVLHR,Categórica,94
CIGSVLHR_97,CIGSVLHR,Categórica,97
CIGSVLHR_98,CIGSVLHR,Categórica,98
CIGWAKE_2,CIGWAKE,Categórica,2
CIGWAKE_3,CIGWAKE,Categórica,3
CIGWAKE_4,CIGWAKE,Categórica,4
CIGWAKE_91,CIGWAKE,Categórica,91
CIGWAKE_93,CIGWAKE,Categórica,93
CIGWAKE_94,CIGWAKE,Categórica,94
CIGWAKE_97,CIGWAKE,Categórica,97
CIGWAKE_98,CIGWAKE,Categórica,98
CIGYR_1,CIGYR,Categórica,1
CIGYRBFR_2,CIGYRBFR,Categórica,2
CIGYRBFR_85,CIGYRBFR,Categórica,85
CIGYRBFR_91,CIGYRBFR,Categórica,91
CIGYRBFR_94,CIGYRBFR,Categórica,94
CIGYRBFR_97,CIGYRBFR,Categórica,97
CIGYRBFR_98,CIGYRBFR,Categórica,98
CIGYRBFR_99,CIGYRBFR,Categórica,99
CIRROSEVR2_2,CIRROSEVR2,Categórica,2
CIRROSEVR2_85,CIRROSEVR2,Categórica,85
CIRROSEVR2_94,CIRROSEVR2,Categórica,94
CIRROSEVR2_97,CIRROSEVR2,Categórica,97
CIRROSEVR2_98,CIRROSEVR2,Categórica,98
CLEFLUEVER2_1.0,CLEFLUEVER2,Categórica,1.0
CLEFLUEVER2_nan,CLEFLUEVER2,Categórica,
CNSANYYR_1,CNSANYYR,Categórica,1
CNSNMMON_1,CNSNMMON,Categórica,1
CNSNMYR_1,CNSNMYR,Categórica,1
COCFLAG_1,COCFLAG,Categórica,1
COCMDAYS_2,COCMDAYS,Categórica,2
COCMDAYS_3,COCMDAYS,Categórica,3
COCMDAYS_4,COCMDAYS,Categórica,4
COCMDAYS_5,COCMDAYS,Categórica,5
COCMLU_2,COCMLU,Categórica,2
COCMLU_3,COCMLU,Categórica,3
COCMLU_4,COCMLU,Categórica,4
COCMLU_5,COCMLU,Categórica,5
COCMLU_6,COCMLU,Categórica,6
COCMLU_7,COCMLU,Categórica,7
COCMLU_8,COCMLU,Categórica,8
COCMLU_9,COCMLU,Categórica,9
COCMLU_10,COCMLU,Categórica,10
COCMLU_11,COCMLU,Categórica,11
COCMLU_12,COCMLU,Categórica,12
COCMLU_85,COCMLU,Categórica,85
COCMLU_89,COCMLU,Categórica,89
COCMLU_91,COCMLU,Categórica,91
COCMLU_94,COCMLU,Categórica,94
COCMLU_97,COCMLU,Categórica,97
COCMLU_98,COCMLU,Categórica,98
COCMLU_99,COCMLU,Categórica,99
COCMON_1,COCMON,Categórica,1
COCNEDEVER_1.0,COCNEDEVER,Categórica,1.0
COCNEDEVER_nan,COCNEDEVER,Categórica,
COCYDAYS_2,COCYDAYS,Categórica,2
COCYDAYS_3,COCYDAYS,Categórica,3
COCYDAYS_4,COCYDAYS,Categórica,4
COCYDAYS_5,COCYDAYS,Categórica,5
COCYDAYS_6,COCYDAYS,Categórica,6
COCYR_1,COCYR,Categórica,1
COCYRBFR_2,COCYRBFR,Categórica,2
COCYRBFR_85,COCYRBFR,Categórica,85
COCYRBFR_91,COCYRBFR,Categórica,91
COCYRBFR_94,COCYRBFR,Categórica,94
COCYRBFR_97,COCYRBFR,Categórica,97
COCYRBFR_98,COCYRBFR,Categórica,98
COMBATPY_2,COMBATPY,Categórica,2
COMBATPY_85,COMBATPY,Categórica,85
COMBATPY_94,COMBATPY,Categórica,94
COMBATPY_97,COMBATPY,Categórica,97
COMBATPY_98,COMBATPY,Categórica,98
COMBATPY_99,COMBATPY,Categórica,99
COPDEVER2_2,COPDEVER2,Categórica,2
COPDEVER2_85,COPDEVER2,Categórica,85
COPDEVER2_94,COPDEVER2,Categórica,94
COPDEVER2_97,COPDEVER2,Categórica,97
COPDEVER2_98,COPDEVER2,Categórica,98
CRKFLAG_1,CRKFLAG,Categórica,1
CRKMDAYS_2,CRKMDAYS,Categórica,2
CRKMDAYS_3,CRKMDAYS,Categórica,3
CRKMDAYS_4,CRKMDAYS,Categórica,4
CRKMDAYS_5,CRKMDAYS,Categórica,5
CRKMLU_2,CRKMLU,Categórica,2
CRKMLU_3,CRKMLU,Categórica,3
CRKMLU_4,CRKMLU,Categórica,4
CRKMLU_5,CRKMLU,Categórica,5
CRKMLU_6,CRKMLU,Categórica,6
CRKMLU_7,CRKMLU,Categórica,7
CRKMLU_8,CRKMLU,Categórica,8
CRKMLU_9,CRKMLU,Categórica,9
CRKMLU_10,CRKMLU,Categórica,10
CRKMLU_11,CRKMLU,Categórica,11
CRKMLU_12,CRKMLU,Categórica,12
CRKMLU_85,CRKMLU,Categórica,85
CRKMLU_89,CRKMLU,Categórica,89
CRKMLU_91,CRKMLU,Categórica,91
CRKMLU_94,CRKMLU,Categórica,94
CRKMLU_97,CRKMLU,Categórica,97
CRKMLU_98,CRKMLU,Categórica,98
CRKMLU_99,CRKMLU,Categórica,99
CRKMON_1,CRKMON,Categórica,1
CRKYDAYS_2,CRKYDAYS,Categórica,2
CRKYDAYS_3,CRKYDAYS,Categórica,3
CRKYDAYS_4,CRKYDAYS,Categórica,4
CRKYDAYS_5,CRKYDAYS,Categórica,5
CRKYDAYS_6,CRKYDAYS,Categórica,6
CRKYR_1,CRKYR,Categórica,1
DAMTFXFLAG_1,DAMTFXFLAG,Categórica,1
DAMTFXMON_1,DAMTFXMON,Categórica,1
DAMTFXYR_1,DAMTFXYR,Categórica,1
DCIGMON_1,DCIGMON,Categórica,1
DIABETEVR2_2,DIABETEVR2,Categórica,2
DIABETEVR2_85,DIABETEVR2,Categórica,85
DIABETEVR2_94,DIABETEVR2,Categórica,94
DIABETEVR2_97,DIABETEVR2,Categórica,97
DIABETEVR2_98,DIABETEVR2,Categórica,98
DIFGETCOC_2,DIFGETCOC,Categórica,2
DIFGETCOC_3,DIFGETCOC,Categórica,3
DIFGETCOC_4,DIFGETCOC,Categórica,4
DIFGETCOC_5,DIFGETCOC,Categórica,5
DIFGETCOC_85,DIFGETCOC,Categórica,85
DIFGETCOC_94,DIFGETCOC,Categórica,94
DIFGETCOC_97,DIFGETCOC,Categórica,97
DIFGETCOC_98,DIFGETCOC,Categórica,98
DIFGETCRK_2,DIFGETCRK,Categórica,2
DIFGETCRK_3,DIFGETCRK,Categórica,3
DIFGETCRK_4,DIFGETCRK,Categórica,4
DIFGETCRK_5,DIFGETCRK,Categórica,5
DIFGETCRK_85,DIFGETCRK,Categórica,85
DIFGETCRK_94,DIFGETCRK,Categórica,94
DIFGETCRK_97,DIFGETCRK,Categórica,97
DIFGETCRK_98,DIFGETCRK,Categórica,98
DIFGETHER_2,DIFGETHER,Categórica,2
DIFGETHER_3,DIFGETHER,Categórica,3
DIFGETHER_4,DIFGETHER,Categórica,4
DIFGETHER_5,DIFGETHER,Categórica,5
DIFGETHER_85,DIFGETHER,Categórica,85
DIFGETHER_94,DIFGETHER,Categórica,94
DIFGETHER_97,DIFGETHER,Categórica,97
DIFGETHER_98,DIFGETHER,Categórica,98
DIFGETLSD_2,DIFGETLSD,Categórica,2
DIFGETLSD_3,DIFGETLSD,Categórica,3
DIFGETLSD_4,DIFGETLSD,Categórica,4
DIFGETLSD_5,DIFGETLSD,Categórica,5
DIFGETLSD_85,DIFGETLSD,Categórica,85
DIFGETLSD_94,DIFGETLSD,Categórica,94
DIFGETLSD_97,DIFGETLSD,Categórica,97
DIFGETLSD_98,DIFGETLSD,Categórica,98
DIFGETMRJ_2,DIFGETMRJ,Categórica,2
DIFGETMRJ_3,DIFGETMRJ,Categórica,3
DIFGETMRJ_4,DIFGETMRJ,Categórica,4
DIFGETMRJ_5,DIFGETMRJ,Categórica,5
DIFGETMRJ_85,DIFGETMRJ,Categórica,85
DIFGETMRJ_94,DIFGETMRJ,Categórica,94
DIFGETMRJ_97,DIFGETMRJ,Categórica,97
DIFGETMRJ_98,DIFGETMRJ,Categórica,98
DIFOBTCOC_1.0,DIFOBTCOC,Categórica,1.0
DIFOBTCOC_nan,DIFOBTCOC,Categórica,
DIFOBTCRK_1.0,DIFOBTCRK,Categórica,1.0
DIFOBTCRK_nan,DIFOBTCRK,Categórica,
DIFOBTHER_1.0,DIFOBTHER,Categórica,1.0
DIFOBTHER_nan,DIFOBTHER,Categórica,
DIFOBTLSD_1.0,DIFOBTLSD,Categórica,1.0
DIFOBTLSD_nan,DIFOBTLSD,Categórica,
DIFOBTMRJ_1.0,DIFOBTMRJ,Categórica,1.0
DIFOBTMRJ_nan,DIFOBTMRJ,Categórica,
DRVINAGE_2,DRVINAGE,Categórica,2
DRVINALCO_2,DRVINALCO,Categórica,2
DRVINALCO_91,DRVINALCO,Categórica,91
DRVINALCO_93,DRVINALCO,Categórica,93
DRVINALCO_94,DRVINALCO,Categórica,94
DRVINALCO_97,DRVINALCO,Categórica,97
DRVINALCO_98,DRVINALCO,Categórica,98
DRVINALCO2_1.0,DRVINALCO2,Categórica,1.0
DRVINALCO2_nan,DRVINALCO2,Categórica,
DRVINALDRG_1.0,DRVINALDRG,Categórica,1.0
DRVINALDRG_nan,DRVINALDRG,Categórica,
DRVINALON_2,DRVINALON,Categórica,2
DRVINALON_91,DRVINALON,Categórica,91
DRVINALON_93,DRVINALON,Categórica,93
DRVINALON_98,DRVINALON,Categórica,98
DRVINALON_99,DRVINALON,Categórica,99
DRVINCOCN_2,DRVINCOCN,Categórica,2
DRVINCOCN_85,DRVINCOCN,Categórica,85
DRVINCOCN_91,DRVINCOCN,Categórica,91
DRVINCOCN_93,DRVINCOCN,Categórica,93
DRVINCOCN_94,DRVINCOCN,Categórica,94
DRVINCOCN_97,DRVINCOCN,Categórica,97
DRVINCOCN_98,DRVINCOCN,Categórica,98
DRVINDETAG_2,DRVINDETAG,Categórica,2
DRVINDETAG_3,DRVINDETAG,Categórica,3
DRVINDRG_1.0,DRVINDRG,Categórica,1.0
DRVINDRG_nan,DRVINDRG,Categórica,
DRVINDROTMJ_1.0,DRVINDROTMJ,Categórica,1.0
DRVINDROTMJ_nan,DRVINDROTMJ,Categórica,
DRVINHALL_2,DRVINHALL,Categórica,2
DRVINHALL_85,DRVINHALL,Categórica,85
DRVINHALL_91,DRVINHALL,Categórica,91
DRVINHALL_93,DRVINHALL,Categórica,93
DRVINHALL_94,DRVINHALL,Categórica,94
DRVINHALL_97,DRVINHALL,Categórica,97
DRVINHALL_98,DRVINHALL,Categórica,98
DRVINHERN_2,DRVINHERN,Categórica,2
DRVINHERN_85,DRVINHERN,Categórica,85
DRVINHERN_91,DRVINHERN,Categórica,91
DRVINHERN_93,DRVINHERN,Categórica,93
DRVINHERN_97,DRVINHERN,Categórica,97
DRVINHERN_98,DRVINHERN,Categórica,98
DRVININHL_2,DRVININHL,Categórica,2
DRVININHL_85,DRVININHL,Categórica,85
DRVININHL_91,DRVININHL,Categórica,91
DRVININHL_93,DRVININHL,Categórica,93
DRVININHL_98,DRVININHL,Categórica,98
DRVINMARJ_2,DRVINMARJ,Categórica,2
DRVINMARJ_91,DRVINMARJ,Categórica,91
DRVINMARJ_93,DRVINMARJ,Categórica,93
DRVINMARJ_94,DRVINMARJ,Categórica,94
DRVINMARJ_97,DRVINMARJ,Categórica,97
DRVINMARJ_98,DRVINMARJ,Categórica,98
DRVINMARJ2_1.0,DRVINMARJ2,Categórica,1.0
DRVINMARJ2_nan,DRVINMARJ2,Categórica,
DRVINMETH_2,DRVINMETH,Categórica,2
DRVINMETH_91,DRVINMETH,Categórica,91
DRVINMETH_93,DRVINMETH,Categórica,93
DRVINMETH_97,DRVINMETH,Categórica,97
DRVINMETH_98,DRVINMETH,Categórica,98
ECSTMOFLAG_1,ECSTMOFLAG,Categórica,1
ECSTMOMLU_2,ECSTMOMLU,Categórica,2
ECSTMOMLU_3,ECSTMOMLU,Categórica,3
ECSTMOMLU_4,ECSTMOMLU,Categórica,4
ECSTMOMLU_5,ECSTMOMLU,Categórica,5
ECSTMOMLU_6,ECSTMOMLU,Categórica,6
ECSTMOMLU_7,ECSTMOMLU,Categórica,7
ECSTMOMLU_8,ECSTMOMLU,Categórica,8
ECSTMOMLU_9,ECSTMOMLU,Categórica,9
ECSTMOMLU_10,ECSTMOMLU,Categórica,10
ECSTMOMLU_11,ECSTMOMLU,Categórica,11
ECSTMOMLU_12,ECSTMOMLU,Categórica,12
ECSTMOMLU_85,ECSTMOMLU,Categórica,85
ECSTMOMLU_89,ECSTMOMLU,Categórica,89
ECSTMOMLU_91,ECSTMOMLU,Categórica,91
ECSTMOMLU_94,ECSTMOMLU,Categórica,94
ECSTMOMLU_97,ECSTMOMLU,Categórica,97
ECSTMOMLU_98,ECSTMOMLU,Categórica,98
ECSTMOMLU_99,ECSTMOMLU,Categórica,99
ECSTMOMON_1,ECSTMOMON,Categórica,1
ECSTMOYR_1,ECSTMOYR,Categórica,1
EDFAM18_1,EDFAM18,Categórica,1
EDFAM18_98,EDFAM18,Categórica,98
EDUFULPAR_2,EDUFULPAR,Categórica,2
EDUFULPAR_85,EDUFULPAR,Categórica,85
EDUFULPAR_94,EDUFULPAR,Categórica,94
EDUFULPAR_97,EDUFULPAR,Categórica,97
EDUFULPAR_98,EDUFULPAR,Categórica,98
EDUFULPAR_99,EDUFULPAR,Categórica,99
EDUHIGHCAT_2,EDUHIGHCAT,Categórica,2
EDUHIGHCAT_3,EDUHIGHCAT,Categórica,3
EDUHIGHCAT_4,EDUHIGHCAT,Categórica,4
EDUSCHGRD2_2,EDUSCHGRD2,Categórica,2
EDUSCHGRD2_3,EDUSCHGRD2,Categórica,3
EDUSCHGRD2_4,EDUSCHGRD2,Categórica,4
EDUSCHGRD2_5,EDUSCHGRD2,Categórica,5
EDUSCHGRD2_6,EDUSCHGRD2,Categórica,6
EDUSCHGRD2_7,EDUSCHGRD2,Categórica,7
EDUSCHGRD2_8,EDUSCHGRD2,Categórica,8
EDUSCHGRD2_9,EDUSCHGRD2,Categórica,9
EDUSCHGRD2_10,EDUSCHGRD2,Categórica,10
EDUSCHGRD2_11,EDUSCHGRD2,Categórica,11
EDUSCHGRD2_98,EDUSCHGRD2,Categórica,98
EDUSCHGRD2_99,EDUSCHGRD2,Categórica,99
EDUSCHLGO_2,EDUSCHLGO,Categórica,2
EDUSCHLGO_11,EDUSCHLGO,Categórica,11
EDUSCHLGO_85,EDUSCHLGO,Categórica,85
EDUSCHLGO_94,EDUSCHLGO,Categórica,94
EDUSCHLGO_97,EDUSCHLGO,Categórica,97
EDUSCHLGO_98,EDUSCHLGO,Categórica,98
EDUSCKEST_2,EDUSCKEST,Categórica,2
EDUSCKEST_3,EDUSCKEST,Categórica,3
EDUSCKEST_4,EDUSCKEST,Categórica,4
EDUSCKEST_5,EDUSCKEST,Categórica,5
EDUSCKEST_6,EDUSCKEST,Categórica,6
EDUSCKEST_94,EDUSCKEST,Categórica,94
EDUSCKEST_97,EDUSCKEST,Categórica,97
EDUSCKEST_98,EDUSCKEST,Categórica,98
EDUSCKEST_99,EDUSCKEST,Categórica,99
EDUSKPEST_2,EDUSKPEST,Categórica,2
EDUSKPEST_3,EDUSKPEST,Categórica,3
EDUSKPEST_4,EDUSKPEST,Categórica,4
EDUSKPEST_5,EDUSKPEST,Categórica,5
EDUSKPEST_94,EDUSKPEST,Categórica,94
EDUSKPEST_97,EDUSKPEST,Categórica,97
EDUSKPEST_98,EDUSKPEST,Categórica,98
EDUSKPEST_99,EDUSKPEST,Categórica,99
ENRLCOLLFT2_2,ENRLCOLLFT2,Categórica,2
ENRLCOLLFT2_3,ENRLCOLLFT2,Categórica,3
ENRLCOLLST2_2,ENRLCOLLST2,Categórica,2
ENRLCOLLST2_3,ENRLCOLLST2,Categórica,3
ENRLCOLLST2_4,ENRLCOLLST2,Categórica,4
ENRLCOLLST2_5,ENRLCOLLST2,Categórica,5
ETHEREVER2_1.0,ETHEREVER2,Categórica,1.0
ETHEREVER2_nan,ETHEREVER2,Categórica,
FLTMRKEVER2_1.0,FLTMRKEVER2,Categórica,1.0
FLTMRKEVER2_nan,FLTMRKEVER2,Categórica,
FLVVAPEVR_2,FLVVAPEVR,Categórica,2
FLVVAPEVR_85,FLVVAPEVR,Categórica,85
FLVVAPEVR_94,FLVVAPEVR,Categórica,94
FLVVAPEVR_97,FLVVAPEVR,Categórica,97
FLVVAPEVR_98,FLVVAPEVR,Categórica,98
FLVVAPFLAG_1,FLVVAPFLAG,Categórica,1
FLVVAPMON_1,FLVVAPMON,Categórica,1
FLVVAPREC_2,FLVVAPREC,Categórica,2
FLVVAPREC_3,FLVVAPREC,Categórica,3
FLVVAPREC_9,FLVVAPREC,Categórica,9
FLVVAPREC_85,FLVVAPREC,Categórica,85
FLVVAPREC_91,FLVVAPREC,Categórica,91
FLVVAPREC_98,FLVVAPREC,Categórica,98
FLVVAPYR_1,FLVVAPYR,Categórica,1
FPIMFANYYR2_1,FPIMFANYYR2,Categórica,1
FPIMFNMYR_1,FPIMFNMYR,Categórica,1
FTNDDEPND_1.0,FTNDDEPND,Categórica,1.0
FTNDDEPND_9.0,FTNDDEPND,Categórica,9.0
FTNDDEPND_nan,FTNDDEPND,Categórica,
FUALC18_2,FUALC18,Categórica,2
FUALC21_2,FUALC21,Categórica,2
FUCD218_2,FUCD218,Categórica,2
FUCD221_2,FUCD221,Categórica,2
FUCGR18_2,FUCGR18,Categórica,2
FUCGR21_2,FUCGR21,Categórica,2
FUCIG18_2,FUCIG18,Categórica,2
FUCIG21_2,FUCIG21,Categórica,2
FUCOC18_2,FUCOC18,Categórica,2
FUCOC21_2,FUCOC21,Categórica,2
FUCRK18_2,FUCRK18,Categórica,2
FUCRK21_2,FUCRK21,Categórica,2
FUECSTMO18_2,FUECSTMO18,Categórica,2
FUECSTMO21_2,FUECSTMO21,Categórica,2
FUHALLUC18_2,FUHALLUC18,Categórica,2
FUHALLUC21_2,FUHALLUC21,Categórica,2
FUHER18_2,FUHER18,Categórica,2
FUHER21_2,FUHER21,Categórica,2
FUINHAL182_2,FUINHAL182,Categórica,2
FUINHAL212_2,FUINHAL212,Categórica,2
FULSD18_2,FULSD18,Categórica,2
FULSD21_2,FULSD21,Categórica,2
FUMETHAM18_2,FUMETHAM18,Categórica,2
FUMETHAM21_2,FUMETHAM21,Categórica,2
FUMJ18_2,FUMJ18,Categórica,2
FUMJ21_2,FUMJ21,Categórica,2
FUNICVAP18_2,FUNICVAP18,Categórica,2
FUNICVAP21_2,FUNICVAP21,Categórica,2
FUPCP18_2,FUPCP18,Categórica,2
FUPCP21_2,FUPCP21,Categórica,2
FUPNRNM18_2,FUPNRNM18,Categórica,2
FUPNRNM21_2,FUPNRNM21,Categórica,2
FUSEDNM21_2,FUSEDNM21,Categórica,2
FUSMKLSS18_2,FUSMKLSS18,Categórica,2
FUSMKLSS21_2,FUSMKLSS21,Categórica,2
FUSTMNM18_2,FUSTMNM18,Categórica,2
FUSTMNM21_2,FUSTMNM21,Categórica,2
FUTRQNM18_2,FUTRQNM18,Categórica,2
FUTRQNM21_2,FUTRQNM21,Categórica,2
GASEVER2_1.0,GASEVER2,Categórica,1.0
GASEVER2_nan,GASEVER2,Categórica,
GHBFLAG_1,GHBFLAG,Categórica,1
GHBMON_1,GHBMON,Categórica,1
GHBYR_1,GHBYR,Categórica,1
GLUEEVER2_1.0,GLUEEVER2,Categórica,1.0
GLUEEVER2_nan,GLUEEVER2,Categórica,
GOVTPROG_2,GOVTPROG,Categórica,2
GRPHLTIN_2,GRPHLTIN,Categórica,2
GRPHLTIN_94,GRPHLTIN,Categórica,94
GRPHLTIN_97,GRPHLTIN,Categórica,97
GRPHLTIN_98,GRPHLTIN,Categórica,98
GRPHLTIN_99,GRPHLTIN,Categórica,99
GRSKBNGDLY_1.0,GRSKBNGDLY,Categórica,1.0
GRSKBNGDLY_nan,GRSKBNGDLY,Categórica,
GRSKBNGWK_1.0,GRSKBNGWK,Categórica,1.0
GRSKBNGWK_nan,GRSKBNGWK,Categórica,
GRSKCIGPKD_1.0,GRSKCIGPKD,Categórica,1.0
GRSKCIGPKD_nan,GRSKCIGPKD,Categórica,
GRSKCOCMON_1.0,GRSKCOCMON,Categórica,1.0
GRSKCOCMON_nan,GRSKCOCMON,Categórica,
GRSKCOCWK_1.0,GRSKCOCWK,Categórica,1.0
GRSKCOCWK_nan,GRSKCOCWK,Categórica,
GRSKHERTRY_1.0,GRSKHERTRY,Categórica,1.0
GRSKHERTRY_nan,GRSKHERTRY,Categórica,
GRSKHERWK_1.0,GRSKHERWK,Categórica,1.0
GRSKHERWK_nan,GRSKHERWK,Categórica,
GRSKLSDTRY_1.0,GRSKLSDTRY,Categórica,1.0
GRSKLSDTRY_nan,GRSKLSDTRY,Categórica,
GRSKLSDWK_1.0,GRSKLSDWK,Categórica,1.0
GRSKLSDWK_nan,GRSKLSDWK,Categórica,
GRSKMRJMON_1.0,GRSKMRJMON,Categórica,1.0
GRSKMRJMON_nan,GRSKMRJMON,Categórica,
GRSKMRJWK_1.0,GRSKMRJWK,Categórica,1.0
GRSKMRJWK_nan,GRSKMRJWK,Categórica,
HALLMOLST_2,HALLMOLST,Categórica,2
HALLMOLST_3,HALLMOLST,Categórica,3
HALLMOLST_4,HALLMOLST,Categórica,4
HALLMOLST_5,HALLMOLST,Categórica,5
HALLMOLST_6,HALLMOLST,Categórica,6
HALLMOLST_7,HALLMOLST,Categórica,7
HALLMOLST_8,HALLMOLST,Categórica,8
HALLMOLST_9,HALLMOLST,Categórica,9
HALLMOLST_10,HALLMOLST,Categórica,10
HALLMOLST_11,HALLMOLST,Categórica,11
HALLMOLST_12,HALLMOLST,Categórica,12
HALLMOLST_85,HALLMOLST,Categórica,85
HALLMOLST_89,HALLMOLST,Categórica,89
HALLMOLST_91,HALLMOLST,Categórica,91
HALLMOLST_94,HALLMOLST,Categórica,94
HALLMOLST_97,HALLMOLST,Categórica,97
HALLMOLST_98,HALLMOLST,Categórica,98
HALLMOLST_99,HALLMOLST,Categórica,99
HALLNDAYPM_2,HALLNDAYPM,Categórica,2
HALLNDAYPM_3,HALLNDAYPM,Categórica,3
HALLNDAYPM_4,HALLNDAYPM,Categórica,4
HALLNDAYPM_5,HALLNDAYPM,Categórica,5
HALLNDAYYR_2,HALLNDAYYR,Categórica,2
HALLNDAYYR_3,HALLNDAYYR,Categórica,3
HALLNDAYYR_4,HALLNDAYYR,Categórica,4
HALLNDAYYR_5,HALLNDAYYR,Categórica,5
HALLNDAYYR_6,HALLNDAYYR,Categórica,6
HALLUCFLAG_1,HALLUCFLAG,Categórica,1
HALLUCMON_1,HALLUCMON,Categórica,1
HALLUCYR_1,HALLUCYR,Categórica,1
HEALTH_2,HEALTH,Categórica,2
HEALTH_3,HEALTH,Categórica,3
HEALTH_4,HEALTH,Categórica,4
HEALTH_5,HEALTH,Categórica,5
HEALTH_94,HEALTH,Categórica,94
HEALTH_97,HEALTH,Categórica,97
HEALTH2_2.0,HEALTH2,Categórica,2.0
HEALTH2_3.0,HEALTH2,Categórica,3.0
HEALTH2_4.0,HEALTH2,Categórica,4.0
HEALTH2_nan,HEALTH2,Categórica,
HEPBCEVER2_2,HEPBCEVER2,Categórica,2
HEPBCEVER2_85,HEPBCEVER2,Categórica,85
HEPBCEVER2_94,HEPBCEVER2,Categórica,94
HEPBCEVER2_97,HEPBCEVER2,Categórica,97
HEPBCEVER2_98,HEPBCEVER2,Categórica,98
HERFLAG_1,HERFLAG,Categórica,1
HERMDAYS_2,HERMDAYS,Categórica,2
HERMDAYS_3,HERMDAYS,Categórica,3
HERMDAYS_4,HERMDAYS,Categórica,4
HERMDAYS_5,HERMDAYS,Categórica,5
HERMLU_2,HERMLU,Categórica,2
HERMLU_3,HERMLU,Categórica,3
HERMLU_4,HERMLU,Categórica,4
HERMLU_5,HERMLU,Categórica,5
HERMLU_6,HERMLU,Categórica,6
HERMLU_7,HERMLU,Categórica,7
HERMLU_8,HERMLU,Categórica,8
HERMLU_9,HERMLU,Categórica,9
HERMLU_10,HERMLU,Categórica,10
HERMLU_11,HERMLU,Categórica,11
HERMLU_12,HERMLU,Categórica,12
HERMLU_85,HERMLU,Categórica,85
HERMLU_89,HERMLU,Categórica,89
HERMLU_91,HERMLU,Categórica,91
HERMLU_94,HERMLU,Categórica,94
HERMLU_97,HERMLU,Categórica,97
HERMLU_98,HERMLU,Categórica,98
HERMLU_99,HERMLU,Categórica,99
HERMON_1,HERMON,Categórica,1
HERNEDEVER_1.0,HERNEDEVER,Categórica,1.0
HERNEDEVER_nan,HERNEDEVER,Categórica,
HERRXOPYR_2,HERRXOPYR,Categórica,2
HERRXOPYR_3,HERRXOPYR,Categórica,3
HERRXOPYR_4,HERRXOPYR,Categórica,4
HERSMOEVER_1.0,HERSMOEVER,Categórica,1.0
HERSMOEVER_nan,HERSMOEVER,Categórica,
HERSNIEVER_1.0,HERSNIEVER,Categórica,1.0
HERSNIEVER_nan,HERSNIEVER,Categórica,
HERYDAYS_2,HERYDAYS,Categórica,2
HERYDAYS_3,HERYDAYS,Categórica,3
HERYDAYS_4,HERYDAYS,Categórica,4
HERYDAYS_5,HERYDAYS,Categórica,5
HERYDAYS_6,HERYDAYS,Categórica,6
HERYR_1,HERYR,Categórica,1
HIGHBPEVR2_2,HIGHBPEVR2,Categórica,2
HIGHBPEVR2_85,HIGHBPEVR2,Categórica,85
HIGHBPEVR2_94,HIGHBPEVR2,Categórica,94
HIGHBPEVR2_97,HIGHBPEVR2,Categórica,97
HIGHBPEVR2_98,HIGHBPEVR2,Categórica,98
HIGHBPMED_2,HIGHBPMED,Categórica,2
HIGHBPMED_85,HIGHBPMED,Categórica,85
HIGHBPMED_94,HIGHBPMED,Categórica,94
HIGHBPMED_97,HIGHBPMED,Categórica,97
HIGHBPMED_98,HIGHBPMED,Categórica,98
HIGHBPMED_99,HIGHBPMED,Categórica,99
HIVAIDSEV2_2,HIVAIDSEV2,Categórica,2
HIVAIDSEV2_85,HIVAIDSEV2,Categórica,85
HIVAIDSEV2_94,HIVAIDSEV2,Categórica,94
HIVAIDSEV2_97,HIVAIDSEV2,Categórica,97
HIVAIDSEV2_98,HIVAIDSEV2,Categórica,98
HLCALL99_98,HLCALL99,Categórica,98
HLCLAST_2,HLCLAST,Categórica,2
HLCLAST_3,HLCLAST,Categórica,3
HLCLAST_4,HLCLAST,Categórica,4
HLCLAST_5,HLCLAST,Categórica,5
HLCLAST_94,HLCLAST,Categórica,94
HLCLAST_97,HLCLAST,Categórica,97
HLCLAST_98,HLCLAST,Categórica,98
HLCLAST_99,HLCLAST,Categórica,99
HLCNOTYR_2,HLCNOTYR,Categórica,2
HLCNOTYR_85,HLCNOTYR,Categórica,85
HLCNOTYR_94,HLCNOTYR,Categórica,94
HLCNOTYR_97,HLCNOTYR,Categórica,97
HLCNOTYR_98,HLCNOTYR,Categórica,98
HLCNOTYR_99,HLCNOTYR,Categórica,99
HLLOSRSN_2,HLLOSRSN,Categórica,2
HLLOSRSN_3,HLLOSRSN,Categórica,3
HLLOSRSN_4,HLLOSRSN,Categórica,4
HLLOSRSN_5,HLLOSRSN,Categórica,5
HLLOSRSN_6,HLLOSRSN,Categórica,6
HLLOSRSN_7,HLLOSRSN,Categórica,7
HLLOSRSN_8,HLLOSRSN,Categórica,8
HLLOSRSN_9,HLLOSRSN,Categórica,9
HLLOSRSN_10,HLLOSRSN,Categórica,10
HLLOSRSN_11,HLLOSRSN,Categórica,11
HLLOSRSN_12,HLLOSRSN,Categórica,12
HLLOSRSN_85,HLLOSRSN,Categórica,85
HLLOSRSN_94,HLLOSRSN,Categórica,94
HLLOSRSN_97,HLLOSRSN,Categórica,97
HLLOSRSN_98,HLLOSRSN,Categórica,98
HLLOSRSN_99,HLLOSRSN,Categórica,99
HLNVCOST_6,HLNVCOST,Categórica,6
HLNVCOST_94,HLNVCOST,Categórica,94
HLNVCOST_97,HLNVCOST,Categórica,97
HLNVCOST_98,HLNVCOST,Categórica,98
HLNVCOST_99,HLNVCOST,Categórica,99
HLNVNEED_6,HLNVNEED,Categórica,6
HLNVNEED_94,HLNVNEED,Categórica,94
HLNVNEED_97,HLNVNEED,Categórica,97
HLNVNEED_98,HLNVNEED,Categórica,98
HLNVNEED_99,HLNVNEED,Categórica,99
HLNVOFFR_6,HLNVOFFR,Categórica,6
HLNVOFFR_94,HLNVOFFR,Categórica,94
HLNVOFFR_97,HLNVOFFR,Categórica,97
HLNVOFFR_98,HLNVOFFR,Categórica,98
HLNVOFFR_99,HLNVOFFR,Categórica,99
HLNVREF_6,HLNVREF,Categórica,6
HLNVREF_94,HLNVREF,Categórica,94
HLNVREF_97,HLNVREF,Categórica,97
HLNVREF_98,HLNVREF,Categórica,98
HLNVREF_99,HLNVREF,Categórica,99
HLNVSOR_6,HLNVSOR,Categórica,6
HLNVSOR_94,HLNVSOR,Categórica,94
HLNVSOR_97,HLNVSOR,Categórica,97
HLNVSOR_98,HLNVSOR,Categórica,98
HLNVSOR_99,HLNVSOR,Categórica,99
HLTINALC_2,HLTINALC,Categórica,2
HLTINALC_94,HLTINALC,Categórica,94
HLTINALC_97,HLTINALC,Categórica,97
HLTINALC_98,HLTINALC,Categórica,98
HLTINALC_99,HLTINALC,Categórica,99
HLTINDRG_2,HLTINDRG,Categórica,2
HLTINDRG_94,HLTINDRG,Categórica,94
HLTINDRG_97,HLTINDRG,Categórica,97
HLTINDRG_98,HLTINDRG,Categórica,98
HLTINDRG_99,HLTINDRG,Categórica,99
HLTINMNT_2,HLTINMNT,Categórica,2
HLTINMNT_94,HLTINMNT,Categórica,94
HLTINMNT_97,HLTINMNT,Categórica,97
HLTINMNT_98,HLTINMNT,Categórica,98
HLTINMNT_99,HLTINMNT,Categórica,99
HLTINNOS_2,HLTINNOS,Categórica,2
HLTINNOS_94,HLTINNOS,Categórica,94
HLTINNOS_97,HLTINNOS,Categórica,97
HLTINNOS_98,HLTINNOS,Categórica,98
HLTINNOS_99,HLTINNOS,Categórica,99
HPALCAMT2_2,HPALCAMT2,Categórica,2
HPALCAMT2_91,HPALCAMT2,Categórica,91
HPALCAMT2_93,HPALCAMT2,Categórica,93
HPALCAMT2_94,HPALCAMT2,Categórica,94
HPALCAMT2_97,HPALCAMT2,Categórica,97
HPALCAMT2_98,HPALCAMT2,Categórica,98
HPALCAMT2_99,HPALCAMT2,Categórica,99
HPALCCUT2_2,HPALCCUT2,Categórica,2
HPALCCUT2_91,HPALCCUT2,Categórica,91
HPALCCUT2_93,HPALCCUT2,Categórica,93
HPALCCUT2_94,HPALCCUT2,Categórica,94
HPALCCUT2_97,HPALCCUT2,Categórica,97
HPALCCUT2_98,HPALCCUT2,Categórica,98
HPALCCUT2_99,HPALCCUT2,Categórica,99
HPALCFRQ2_2,HPALCFRQ2,Categórica,2
HPALCFRQ2_85,HPALCFRQ2,Categórica,85
HPALCFRQ2_91,HPALCFRQ2,Categórica,91
HPALCFRQ2_93,HPALCFRQ2,Categórica,93
HPALCFRQ2_94,HPALCFRQ2,Categórica,94
HPALCFRQ2_97,HPALCFRQ2,Categórica,97
HPALCFRQ2_98,HPALCFRQ2,Categórica,98
HPALCFRQ2_99,HPALCFRQ2,Categórica,99
HPALCNOT2_2,HPALCNOT2,Categórica,2
HPALCNOT2_91,HPALCNOT2,Categórica,91
HPALCNOT2_93,HPALCNOT2,Categórica,93
HPALCNOT2_94,HPALCNOT2,Categórica,94
HPALCNOT2_97,HPALCNOT2,Categórica,97
HPALCNOT2_98,HPALCNOT2,Categórica,98
HPALCNOT2_99,HPALCNOT2,Categórica,99
HPALCPRB2_2,HPALCPRB2,Categórica,2
HPALCPRB2_91,HPALCPRB2,Categórica,91
HPALCPRB2_93,HPALCPRB2,Categórica,93
HPALCPRB2_94,HPALCPRB2,Categórica,94
HPALCPRB2_97,HPALCPRB2,Categórica,97
HPALCPRB2_98,HPALCPRB2,Categórica,98
HPALCPRB2_99,HPALCPRB2,Categórica,99
HPALCTX2_2,HPALCTX2,Categórica,2
HPALCTX2_91,HPALCTX2,Categórica,91
HPALCTX2_93,HPALCTX2,Categórica,93
HPALCTX2_94,HPALCTX2,Categórica,94
HPALCTX2_97,HPALCTX2,Categórica,97
HPALCTX2_98,HPALCTX2,Categórica,98
HPALCTX2_99,HPALCTX2,Categórica,99
HPDRGTALK_2,HPDRGTALK,Categórica,2
HPDRGTALK_85,HPDRGTALK,Categórica,85
HPDRGTALK_91,HPDRGTALK,Categórica,91
HPDRGTALK_93,HPDRGTALK,Categórica,93
HPDRGTALK_94,HPDRGTALK,Categórica,94
HPDRGTALK_97,HPDRGTALK,Categórica,97
HPDRGTALK_98,HPDRGTALK,Categórica,98
HPDRGTALK_99,HPDRGTALK,Categórica,99
HPQTTOB_2,HPQTTOB,Categórica,2
HPQTTOB_85,HPQTTOB,Categórica,85
HPQTTOB_91,HPQTTOB,Categórica,91
HPQTTOB_93,HPQTTOB,Categórica,93
HPQTTOB_94,HPQTTOB,Categórica,94
HPQTTOB_97,HPQTTOB,Categórica,97
HPQTTOB_98,HPQTTOB,Categórica,98
HPQTTOB_99,HPQTTOB,Categórica,99
HPUSEALC_2,HPUSEALC,Categórica,2
HPUSEALC_85,HPUSEALC,Categórica,85
HPUSEALC_94,HPUSEALC,Categórica,94
HPUSEALC_97,HPUSEALC,Categórica,97
HPUSEALC_98,HPUSEALC,Categórica,98
HPUSEALC_99,HPUSEALC,Categórica,99
HPUSEDRG_2,HPUSEDRG,Categórica,2
HPUSEDRG_85,HPUSEDRG,Categórica,85
HPUSEDRG_94,HPUSEDRG,Categórica,94
HPUSEDRG_97,HPUSEDRG,Categórica,97
HPUSEDRG_98,HPUSEDRG,Categórica,98
HPUSEDRG_99,HPUSEDRG,Categórica,99
HPUSETOB_2,HPUSETOB,Categórica,2
HPUSETOB_85,HPUSETOB,Categórica,85
HPUSETOB_94,HPUSETOB,Categórica,94
HPUSETOB_97,HPUSETOB,Categórica,97
HPUSETOB_98,HPUSETOB,Categórica,98
HPUSETOB_99,HPUSETOB,Categórica,99
HRTCONDEV2_2,HRTCONDEV2,Categórica,2
HRTCONDEV2_85,HRTCONDEV2,Categórica,85
HRTCONDEV2_94,HRTCONDEV2,Categórica,94
HRTCONDEV2_97,HRTCONDEV2,Categórica,97
HRTCONDEV2_98,HRTCONDEV2,Categórica,98
HRTCONDYR_2,HRTCONDYR,Categórica,2
HRTCONDYR_5,HRTCONDYR,Categórica,5
HRTCONDYR_85,HRTCONDYR,Categórica,85
HRTCONDYR_94,HRTCONDYR,Categórica,94
HRTCONDYR_97,HRTCONDYR,Categórica,97
HRTCONDYR_98,HRTCONDYR,Categórica,98
HRTCONDYR_99,HRTCONDYR,Categórica,99
HTANSWER_2,HTANSWER,Categórica,2
HTANSWER_85,HTANSWER,Categórica,85
HTANSWER_94,HTANSWER,Categórica,94
HTANSWER_97,HTANSWER,Categórica,97
HTANSWER_98,HTANSWER,Categórica,98
HVYDRKMON_1,HVYDRKMON,Categórica,1
IINPCOLDREC_3,IINPCOLDREC,Categórica,3
IINPCOLDREC_4,IINPCOLDREC,Categórica,4
ILIMFOTHFG_1,ILIMFOTHFG,Categórica,1
ILIMFOTHMN_1,ILIMFOTHMN,Categórica,1
ILIMFOTHYR_1,ILIMFOTHYR,Categórica,1
ILLALCFLG_1,ILLALCFLG,Categórica,1
ILLALCMON_1,ILLALCMON,Categórica,1
ILLANDALC_1,ILLANDALC,Categórica,1
ILLEMFLAG2_1,ILLEMFLAG2,Categórica,1
ILLEMMON2_1,ILLEMMON2,Categórica,1
ILLEMYR2_1,ILLEMYR2,Categórica,1
ILLFLAG_1,ILLFLAG,Categórica,1
ILLMON_1,ILLMON,Categórica,1
ILLORALC_1,ILLORALC,Categórica,1
ILLYR_1,ILLYR,Categórica,1
ILTOBALCFG_1,ILTOBALCFG,Categórica,1
ILTOBALCMN_1,ILTOBALCMN,Categórica,1
ILTOBALCYR_1,ILTOBALCYR,Categórica,1
ILTOBVAPALC_1,ILTOBVAPALC,Categórica,1
IMFEVER_2,IMFEVER,Categórica,2
IMFEVER_85,IMFEVER,Categórica,85
IMFEVER_94,IMFEVER,Categórica,94
IMFEVER_97,IMFEVER,Categórica,97
IMFEVER_98,IMFEVER,Categórica,98
IMFFLAG_1,IMFFLAG,Categórica,1
IMFMON_1,IMFMON,Categórica,1
IMFNDLEVER_2,IMFNDLEVER,Categórica,2
IMFNDLEVER_85,IMFNDLEVER,Categórica,85
IMFNDLEVER_91,IMFNDLEVER,Categórica,91
IMFNDLEVER_94,IMFNDLEVER,Categórica,94
IMFNDLEVER_98,IMFNDLEVER,Categórica,98
IMFNEDFLAG_1.0,IMFNEDFLAG,Categórica,1.0
IMFNEDFLAG_nan,IMFNEDFLAG,Categórica,
IMFYR_1,IMFYR,Categórica,1
INCOME_2,INCOME,Categórica,2
INCOME_3,INCOME,Categórica,3
INCOME_4,INCOME,Categórica,4
INHALFLAG2_1,INHALFLAG2,Categórica,1
INHALMON2_1,INHALMON2,Categórica,1
INHALYR2_1,INHALYR2,Categórica,1
INHLMOLST_2,INHLMOLST,Categórica,2
INHLMOLST_3,INHLMOLST,Categórica,3
INHLMOLST_4,INHLMOLST,Categórica,4
INHLMOLST_5,INHLMOLST,Categórica,5
INHLMOLST_6,INHLMOLST,Categórica,6
INHLMOLST_7,INHLMOLST,Categórica,7
INHLMOLST_8,INHLMOLST,Categórica,8
INHLMOLST_9,INHLMOLST,Categórica,9
INHLMOLST_10,INHLMOLST,Categórica,10
INHLMOLST_11,INHLMOLST,Categórica,11
INHLMOLST_12,INHLMOLST,Categórica,12
INHLMOLST_85,INHLMOLST,Categórica,85
INHLMOLST_89,INHLMOLST,Categórica,89
INHLMOLST_91,INHLMOLST,Categórica,91
INHLMOLST_94,INHLMOLST,Categórica,94
INHLMOLST_97,INHLMOLST,Categórica,97
INHLMOLST_98,INHLMOLST,Categórica,98
INHLMOLST_99,INHLMOLST,Categórica,99
INHNDAYPM2_2,INHNDAYPM2,Categórica,2
INHNDAYPM2_3,INHNDAYPM2,Categórica,3
INHNDAYPM2_4,INHNDAYPM2,Categórica,4
INHNDAYPM2_5,INHNDAYPM2,Categórica,5
INHNDAYYR2_2,INHNDAYYR2,Categórica,2
INHNDAYYR2_3,INHNDAYYR2,Categórica,3
INHNDAYYR2_4,INHNDAYYR2,Categórica,4
INHNDAYYR2_5,INHNDAYYR2,Categórica,5
INHNDAYYR2_6,INHNDAYYR2,Categórica,6
INHOSPYR_2,INHOSPYR,Categórica,2
INHOSPYR_85,INHOSPYR,Categórica,85
INHOSPYR_94,INHOSPYR,Categórica,94
INHOSPYR_97,INHOSPYR,Categórica,97
INHOSPYR_98,INHOSPYR,Categórica,98
IRCHMPUS_2,IRCHMPUS,Categórica,2
IREDUHIGHST2_2,IREDUHIGHST2,Categórica,2
IREDUHIGHST2_3,IREDUHIGHST2,Categórica,3
IREDUHIGHST2_4,IREDUHIGHST2,Categórica,4
IREDUHIGHST2_5,IREDUHIGHST2,Categórica,5
IREDUHIGHST2_6,IREDUHIGHST2,Categórica,6
IREDUHIGHST2_7,IREDUHIGHST2,Categórica,7
IREDUHIGHST2_8,IREDUHIGHST2,Categórica,8
IREDUHIGHST2_9,IREDUHIGHST2,Categórica,9
IREDUHIGHST2_10,IREDUHIGHST2,Categórica,10
IREDUHIGHST2_11,IREDUHIGHST2,Categórica,11
IRFAMIN3_2,IRFAMIN3,Categórica,2
IRFAMIN3_3,IRFAMIN3,Categórica,3
IRFAMIN3_4,IRFAMIN3,Categórica,4
IRFAMIN3_5,IRFAMIN3,Categórica,5
IRFAMIN3_6,IRFAMIN3,Categórica,6
IRFAMIN3_7,IRFAMIN3,Categórica,7
IRFAMPMT_2,IRFAMPMT,Categórica,2
IRFAMSOC_2,IRFAMSOC,Categórica,2
IRFAMSSI_2,IRFAMSSI,Categórica,2
IRFAMSVC_2,IRFAMSVC,Categórica,2
IRFLVVAPREC_2,IRFLVVAPREC,Categórica,2
IRFLVVAPREC_3,IRFLVVAPREC,Categórica,3
IRFLVVAPREC_9,IRFLVVAPREC,Categórica,9
IRFSTAMP_2,IRFSTAMP,Categórica,2
IRGHBREC_2,IRGHBREC,Categórica,2
IRGHBREC_3,IRGHBREC,Categórica,3
IRGHBREC_9,IRGHBREC,Categórica,9
IRHH65_2_2,IRHH65_2,Categórica,2
IRHH65_2_3,IRHH65_2,Categórica,3
IRHHSIZ2_2,IRHHSIZ2,Categórica,2
IRHHSIZ2_3,IRHHSIZ2,Categórica,3
IRHHSIZ2_4,IRHHSIZ2,Categórica,4
IRHHSIZ2_5,IRHHSIZ2,Categórica,5
IRHHSIZ2_6,IRHHSIZ2,Categórica,6
IRIMFREC_2,IRIMFREC,Categórica,2
IRIMFREC_3,IRIMFREC,Categórica,3
IRIMFREC_9,IRIMFREC,Categórica,9
IRINSUR4_2,IRINSUR4,Categórica,2
IRKI17_2_2,IRKI17_2,Categórica,2
IRKI17_2_3,IRKI17_2,Categórica,3
IRKI17_2_4,IRKI17_2,Categórica,4
IRKRATREC_2,IRKRATREC,Categórica,2
IRKRATREC_3,IRKRATREC,Categórica,3
IRKRATREC_9,IRKRATREC,Categórica,9
IRMARIT_2,IRMARIT,Categórica,2
IRMARIT_3,IRMARIT,Categórica,3
IRMARIT_4,IRMARIT,Categórica,4
IRMCDCHP_2,IRMCDCHP,Categórica,2
IRMEDICR_2,IRMEDICR,Categórica,2
IRNPCOLDREC_2,IRNPCOLDREC,Categórica,2
IRNPCOLDREC_3,IRNPCOLDREC,Categórica,3
IRNPCOLDREC_9,IRNPCOLDREC,Categórica,9
IROTHHLT_2,IROTHHLT,Categórica,2
IROTHHLT_99,IROTHHLT,Categórica,99
IRPINC3_2,IRPINC3,Categórica,2
IRPINC3_3,IRPINC3,Categórica,3
IRPINC3_4,IRPINC3,Categórica,4
IRPINC3_5,IRPINC3,Categórica,5
IRPINC3_6,IRPINC3,Categórica,6
IRPINC3_7,IRPINC3,Categórica,7
IRPMNICDEP_1,IRPMNICDEP,Categórica,1
IRPRVHLT_2,IRPRVHLT,Categórica,2
IRPYSEV5ALC_2,IRPYSEV5ALC,Categórica,2
IRPYSEV5ALC_3,IRPYSEV5ALC,Categórica,3
IRPYSEV5ALC_9,IRPYSEV5ALC,Categórica,9
IRPYSEV5COC_2,IRPYSEV5COC,Categórica,2
IRPYSEV5COC_3,IRPYSEV5COC,Categórica,3
IRPYSEV5COC_9,IRPYSEV5COC,Categórica,9
IRPYSEV5HAL_2,IRPYSEV5HAL,Categórica,2
IRPYSEV5HAL_3,IRPYSEV5HAL,Categórica,3
IRPYSEV5HAL_9,IRPYSEV5HAL,Categórica,9
IRPYSEV5HER_2,IRPYSEV5HER,Categórica,2
IRPYSEV5HER_3,IRPYSEV5HER,Categórica,3
IRPYSEV5HER_9,IRPYSEV5HER,Categórica,9
IRPYSEV5INH_2,IRPYSEV5INH,Categórica,2
IRPYSEV5INH_3,IRPYSEV5INH,Categórica,3
IRPYSEV5INH_9,IRPYSEV5INH,Categórica,9
IRPYSEV5MRJ_2,IRPYSEV5MRJ,Categórica,2
IRPYSEV5MRJ_3,IRPYSEV5MRJ,Categórica,3
IRPYSEV5MRJ_9,IRPYSEV5MRJ,Categórica,9
IRPYSEV5MTH_2,IRPYSEV5MTH,Categórica,2
IRPYSEV5MTH_3,IRPYSEV5MTH,Categórica,3
IRPYSEV5MTH_9,IRPYSEV5MTH,Categórica,9
IRPYUD5ALC_1,IRPYUD5ALC,Categórica,1
IRPYUD5COC_1,IRPYUD5COC,Categórica,1
IRPYUD5HAL_1,IRPYUD5HAL,Categórica,1
IRPYUD5HER_1,IRPYUD5HER,Categórica,1
IRPYUD5INH_1,IRPYUD5INH,Categórica,1
IRPYUD5MRJ_1,IRPYUD5MRJ,Categórica,1
IRPYUD5MTH_1,IRPYUD5MTH,Categórica,1
IRSEVPNRMIS_2,IRSEVPNRMIS,Categórica,2
IRSEVPNRMIS_3,IRSEVPNRMIS,Categórica,3
IRSEVPNRMIS_9,IRSEVPNRMIS,Categórica,9
IRSEVPNRUNM2_2,IRSEVPNRUNM2,Categórica,2
IRSEVPNRUNM2_3,IRSEVPNRUNM2,Categórica,3
IRSEVPNRUNM2_9,IRSEVPNRUNM2,Categórica,9
IRSEVSEDMIS_2,IRSEVSEDMIS,Categórica,2
IRSEVSEDMIS_3,IRSEVSEDMIS,Categórica,3
IRSEVSEDMIS_9,IRSEVSEDMIS,Categórica,9
IRSEVSEDUNM_2,IRSEVSEDUNM,Categórica,2
IRSEVSEDUNM_3,IRSEVSEDUNM,Categórica,3
IRSEVSEDUNM_9,IRSEVSEDUNM,Categórica,9
IRSEVSTMMIS_2,IRSEVSTMMIS,Categórica,2
IRSEVSTMMIS_3,IRSEVSTMMIS,Categórica,3
IRSEVSTMMIS_9,IRSEVSTMMIS,Categórica,9
IRSEVSTMUNM_2,IRSEVSTMUNM,Categórica,2
IRSEVSTMUNM_3,IRSEVSTMUNM,Categórica,3
IRSEVSTMUNM_9,IRSEVSTMUNM,Categórica,9
IRSEVTRQMIS_2,IRSEVTRQMIS,Categórica,2
IRSEVTRQMIS_3,IRSEVTRQMIS,Categórica,3
IRSEVTRQMIS_9,IRSEVTRQMIS,Categórica,9
IRSEVTRQUNM_2,IRSEVTRQUNM,Categórica,2
IRSEVTRQUNM_3,IRSEVTRQUNM,Categórica,3
IRSEVTRQUNM_9,IRSEVTRQUNM,Categórica,9
IRSEX_2,IRSEX,Categórica,2
IRSYNMRJREC_2,IRSYNMRJREC,Categórica,2
IRSYNMRJREC_3,IRSYNMRJREC,Categórica,3
IRSYNMRJREC_9,IRSYNMRJREC,Categórica,9
IRSYNSTMREC_2,IRSYNSTMREC,Categórica,2
IRSYNSTMREC_3,IRSYNSTMREC,Categórica,3
IRSYNSTMREC_9,IRSYNSTMREC,Categórica,9
IRUD5PNRMIS_1,IRUD5PNRMIS,Categórica,1
IRUD5PNRUNM2_1,IRUD5PNRUNM2,Categórica,1
IRUD5SEDMIS_1,IRUD5SEDMIS,Categórica,1
IRUD5SEDUNM_1,IRUD5SEDUNM,Categórica,1
IRUD5STMMIS_1,IRUD5STMMIS,Categórica,1
IRUD5STMUNM_1,IRUD5STMUNM,Categórica,1
IRUD5TRQMIS_1,IRUD5TRQMIS,Categórica,1
IRUD5TRQUNM_1,IRUD5TRQUNM,Categórica,1
IRWRKSTAT_2,IRWRKSTAT,Categórica,2
IRWRKSTAT_3,IRWRKSTAT,Categórica,3
IRWRKSTAT_4,IRWRKSTAT,Categórica,4
IRWRKSTAT18_2,IRWRKSTAT18,Categórica,2
IRWRKSTAT18_3,IRWRKSTAT18,Categórica,3
IRWRKSTAT18_4,IRWRKSTAT18,Categórica,4
KETMINFLAG_1,KETMINFLAG,Categórica,1
KETMINMON_1,KETMINMON,Categórica,1
KETMINYR_1,KETMINYR,Categórica,1
KIDNYDSEV2_2,KIDNYDSEV2,Categórica,2
KIDNYDSEV2_85,KIDNYDSEV2,Categórica,85
KIDNYDSEV2_94,KIDNYDSEV2,Categórica,94
KIDNYDSEV2_97,KIDNYDSEV2,Categórica,97
KIDNYDSEV2_98,KIDNYDSEV2,Categórica,98
KRATEVER_2,KRATEVER,Categórica,2
KRATEVER_85,KRATEVER,Categórica,85
KRATEVER_94,KRATEVER,Categórica,94
KRATEVER_97,KRATEVER,Categórica,97
KRATEVER_98,KRATEVER,Categórica,98
KRATOMFLAG_1,KRATOMFLAG,Categórica,1
KRATOMMON_1,KRATOMMON,Categórica,1
KRATOMYR_1,KRATOMYR,Categórica,1
KRATREC_2,KRATREC,Categórica,2
KRATREC_3,KRATREC,Categórica,3
KRATREC_9,KRATREC,Categórica,9
KRATREC_85,KRATREC,Categórica,85
KRATREC_91,KRATREC,Categórica,91
KRATREC_98,KRATREC,Categórica,98
LGASEVER2_1.0,LGASEVER2,Categórica,1.0
LGASEVER2_nan,LGASEVER2,Categórica,
LSDFLAG_1,LSDFLAG,Categórica,1
LSDMLU_2,LSDMLU,Categórica,2
LSDMLU_3,LSDMLU,Categórica,3
LSDMLU_4,LSDMLU,Categórica,4
LSDMLU_5,LSDMLU,Categórica,5
LSDMLU_6,LSDMLU,Categórica,6
LSDMLU_7,LSDMLU,Categórica,7
LSDMLU_8,LSDMLU,Categórica,8
LSDMLU_9,LSDMLU,Categórica,9
LSDMLU_10,LSDMLU,Categórica,10
LSDMLU_11,LSDMLU,Categórica,11
LSDMLU_12,LSDMLU,Categórica,12
LSDMLU_85,LSDMLU,Categórica,85
LSDMLU_89,LSDMLU,Categórica,89
LSDMLU_91,LSDMLU,Categórica,91
LSDMLU_94,LSDMLU,Categórica,94
LSDMLU_97,LSDMLU,Categórica,97
LSDMLU_98,LSDMLU,Categórica,98
LSDMLU_99,LSDMLU,Categórica,99
LSDMON_1,LSDMON,Categórica,1
LSDYR_1,LSDYR,Categórica,1
LVLDIFCARE2_2,LVLDIFCARE2,Categórica,2
LVLDIFCARE2_3,LVLDIFCARE2,Categórica,3
LVLDIFCARE2_85,LVLDIFCARE2,Categórica,85
LVLDIFCARE2_94,LVLDIFCARE2,Categórica,94
LVLDIFCARE2_97,LVLDIFCARE2,Categórica,97
LVLDIFCARE2_98,LVLDIFCARE2,Categórica,98
LVLDIFCOMM2_2,LVLDIFCOMM2,Categórica,2
LVLDIFCOMM2_3,LVLDIFCOMM2,Categórica,3
LVLDIFCOMM2_85,LVLDIFCOMM2,Categórica,85
LVLDIFCOMM2_94,LVLDIFCOMM2,Categórica,94
LVLDIFCOMM2_97,LVLDIFCOMM2,Categórica,97
LVLDIFCOMM2_98,LVLDIFCOMM2,Categórica,98
LVLDIFHEAR2_2,LVLDIFHEAR2,Categórica,2
LVLDIFHEAR2_3,LVLDIFHEAR2,Categórica,3
LVLDIFHEAR2_85,LVLDIFHEAR2,Categórica,85
LVLDIFHEAR2_94,LVLDIFHEAR2,Categórica,94
LVLDIFHEAR2_97,LVLDIFHEAR2,Categórica,97
LVLDIFHEAR2_98,LVLDIFHEAR2,Categórica,98
LVLDIFMEM2_2,LVLDIFMEM2,Categórica,2
LVLDIFMEM2_3,LVLDIFMEM2,Categórica,3
LVLDIFMEM2_85,LVLDIFMEM2,Categórica,85
LVLDIFMEM2_94,LVLDIFMEM2,Categórica,94
LVLDIFMEM2_97,LVLDIFMEM2,Categórica,97
LVLDIFMEM2_98,LVLDIFMEM2,Categórica,98
LVLDIFSEE2_2,LVLDIFSEE2,Categórica,2
LVLDIFSEE2_3,LVLDIFSEE2,Categórica,3
LVLDIFSEE2_85,LVLDIFSEE2,Categórica,85
LVLDIFSEE2_94,LVLDIFSEE2,Categórica,94
LVLDIFSEE2_97,LVLDIFSEE2,Categórica,97
LVLDIFSEE2_98,LVLDIFSEE2,Categórica,98
LVLDIFWALK2_2,LVLDIFWALK2,Categórica,2
LVLDIFWALK2_3,LVLDIFWALK2,Categórica,3
LVLDIFWALK2_85,LVLDIFWALK2,Categórica,85
LVLDIFWALK2_94,LVLDIFWALK2,Categórica,94
LVLDIFWALK2_97,LVLDIFWALK2,Categórica,97
LVLDIFWALK2_98,LVLDIFWALK2,Categórica,98
MEDICARE_2,MEDICARE,Categórica,2
MEDICARE_94,MEDICARE,Categórica,94
MEDICARE_97,MEDICARE,Categórica,97
MEDICARE_98,MEDICARE,Categórica,98
MESCEVER_1.0,MESCEVER,Categórica,1.0
MESCEVER_nan,MESCEVER,Categórica,
METHAMFLAG_1,METHAMFLAG,Categórica,1
METHAMMON_1,METHAMMON,Categórica,1
METHAMYR_1,METHAMYR,Categórica,1
METHMOLST_2,METHMOLST,Categórica,2
METHMOLST_3,METHMOLST,Categórica,3
METHMOLST_4,METHMOLST,Categórica,4
METHMOLST_5,METHMOLST,Categórica,5
METHMOLST_6,METHMOLST,Categórica,6
METHMOLST_7,METHMOLST,Categórica,7
METHMOLST_8,METHMOLST,Categórica,8
METHMOLST_9,METHMOLST,Categórica,9
METHMOLST_10,METHMOLST,Categórica,10
METHMOLST_11,METHMOLST,Categórica,11
METHMOLST_12,METHMOLST,Categórica,12
METHMOLST_85,METHMOLST,Categórica,85
METHMOLST_89,METHMOLST,Categórica,89
METHMOLST_91,METHMOLST,Categórica,91
METHMOLST_94,METHMOLST,Categórica,94
METHMOLST_97,METHMOLST,Categórica,97
METHMOLST_98,METHMOLST,Categórica,98
METHMOLST_99,METHMOLST,Categórica,99
METHNDAYPM_2,METHNDAYPM,Categórica,2
METHNDAYPM_3,METHNDAYPM,Categórica,3
METHNDAYPM_4,METHNDAYPM,Categórica,4
METHNDAYPM_5,METHNDAYPM,Categórica,5
METHNDAYYR_2,METHNDAYYR,Categórica,2
METHNDAYYR_3,METHNDAYYR,Categórica,3
METHNDAYYR_4,METHNDAYYR,Categórica,4
METHNDAYYR_5,METHNDAYYR,Categórica,5
METHNDAYYR_6,METHNDAYYR,Categórica,6
MILSTAT_3,MILSTAT,Categórica,3
MILSTAT_85,MILSTAT,Categórica,85
MILSTAT_94,MILSTAT,Categórica,94
MILSTAT_97,MILSTAT,Categórica,97
MILSTAT_98,MILSTAT,Categórica,98
MILSTAT_99,MILSTAT,Categórica,99
MILTCHLDR_2,MILTCHLDR,Categórica,2
MILTCHLDR_85,MILTCHLDR,Categórica,85
MILTCHLDR_94,MILTCHLDR,Categórica,94
MILTCHLDR_97,MILTCHLDR,Categórica,97
MILTCHLDR_98,MILTCHLDR,Categórica,98
MILTCHLDR_99,MILTCHLDR,Categórica,99
MILTFAMLY_2,MILTFAMLY,Categórica,2
MILTFAMLY_85,MILTFAMLY,Categórica,85
MILTFAMLY_94,MILTFAMLY,Categórica,94
MILTFAMLY_97,MILTFAMLY,Categórica,97
MILTFAMLY_98,MILTFAMLY,Categórica,98
MILTPARNT_2,MILTPARNT,Categórica,2
MILTPARNT_85,MILTPARNT,Categórica,85
MILTPARNT_94,MILTPARNT,Categórica,94
MILTPARNT_97,MILTPARNT,Categórica,97
MILTPARNT_98,MILTPARNT,Categórica,98
MILTPARNT_99,MILTPARNT,Categórica,99
MILTSIBLN_2,MILTSIBLN,Categórica,2
MILTSIBLN_85,MILTSIBLN,Categórica,85
MILTSIBLN_94,MILTSIBLN,Categórica,94
MILTSIBLN_97,MILTSIBLN,Categórica,97
MILTSIBLN_98,MILTSIBLN,Categórica,98
MILTSIBLN_99,MILTSIBLN,Categórica,99
MILTSPPAR_2,MILTSPPAR,Categórica,2
MILTSPPAR_85,MILTSPPAR,Categórica,85
MILTSPPAR_94,MILTSPPAR,Categórica,94
MILTSPPAR_97,MILTSPPAR,Categórica,97
MILTSPPAR_98,MILTSPPAR,Categórica,98
MILTSPPAR_99,MILTSPPAR,Categórica,99
MJCMOTHMON_1,MJCMOTHMON,Categórica,1
MJCMOTHYR_1,MJCMOTHYR,Categórica,1
MJDABMON_1,MJDABMON,Categórica,1
MJDABYR_1,MJDABYR,Categórica,1
MJEATMON_1,MJEATMON,Categórica,1
MJEATYR_1,MJEATYR,Categórica,1
MJMTHMON_1,MJMTHMON,Categórica,1
MJMTHYR_1,MJMTHYR,Categórica,1
MJONLYFLAG2_1,MJONLYFLAG2,Categórica,1
MJONLYMON2_1,MJONLYMON2,Categórica,1
MJONLYYR2_1,MJONLYYR2,Categórica,1
MJOTHYR_1,MJOTHYR,Categórica,1
MJPLLMON_1,MJPLLMON,Categórica,1
MJPLLYR_1,MJPLLYR,Categórica,1
MJSKNMON_1,MJSKNMON,Categórica,1
MJSKNYR_1,MJSKNYR,Categórica,1
MJSMKMON_1,MJSMKMON,Categórica,1
MJSMKYR_1,MJSMKYR,Categórica,1
MJVAPFLAG_1,MJVAPFLAG,Categórica,1
MJVAPMON_1,MJVAPMON,Categórica,1
MJVAPYR_1,MJVAPYR,Categórica,1
MOVSINPYR2_1,MOVSINPYR2,Categórica,1
MOVSINPYR2_2,MOVSINPYR2,Categórica,2
MOVSINPYR2_3,MOVSINPYR2,Categórica,3
MOVSINPYR2_985,MOVSINPYR2,Categórica,985
MOVSINPYR2_994,MOVSINPYR2,Categórica,994
MOVSINPYR2_997,MOVSINPYR2,Categórica,997
MOVSINPYR2_998,MOVSINPYR2,Categórica,998
MRJFLAG_1,MRJFLAG,Categórica,1
MRJMDAYS_2,MRJMDAYS,Categórica,2
MRJMDAYS_3,MRJMDAYS,Categórica,3
MRJMDAYS_4,MRJMDAYS,Categórica,4
MRJMDAYS_5,MRJMDAYS,Categórica,5
MRJMLU_2,MRJMLU,Categórica,2
MRJMLU_3,MRJMLU,Categórica,3
MRJMLU_4,MRJMLU,Categórica,4
MRJMLU_5,MRJMLU,Categórica,5
MRJMLU_6,MRJMLU,Categórica,6
MRJMLU_7,MRJMLU,Categórica,7
MRJMLU_8,MRJMLU,Categórica,8
MRJMLU_9,MRJMLU,Categórica,9
MRJMLU_10,MRJMLU,Categórica,10
MRJMLU_11,MRJMLU,Categórica,11
MRJMLU_12,MRJMLU,Categórica,12
MRJMLU_85,MRJMLU,Categórica,85
MRJMLU_89,MRJMLU,Categórica,89
MRJMLU_91,MRJMLU,Categórica,91
MRJMLU_94,MRJMLU,Categórica,94
MRJMLU_97,MRJMLU,Categórica,97
MRJMLU_98,MRJMLU,Categórica,98
MRJMLU_99,MRJMLU,Categórica,99
MRJMON_1,MRJMON,Categórica,1
MRJMONVAP2_2,MRJMONVAP2,Categórica,2
MRJMONVAP2_3,MRJMONVAP2,Categórica,3
MRJYDAYS_2,MRJYDAYS,Categórica,2
MRJYDAYS_3,MRJYDAYS,Categórica,3
MRJYDAYS_4,MRJYDAYS,Categórica,4
MRJYDAYS_5,MRJYDAYS,Categórica,5
MRJYDAYS_6,MRJYDAYS,Categórica,6
MRJYR_1,MRJYR,Categórica,1
MRJYRBFR_2,MRJYRBFR,Categórica,2
MRJYRBFR_85,MRJYRBFR,Categórica,85
MRJYRBFR_91,MRJYRBFR,Categórica,91
MRJYRBFR_94,MRJYRBFR,Categórica,94
MRJYRBFR_97,MRJYRBFR,Categórica,97
MRJYRBFR_98,MRJYRBFR,Categórica,98
MTHNEDEVER_1.0,MTHNEDEVER,Categórica,1.0
MTHNEDEVER_nan,MTHNEDEVER,Categórica,
MXMJPNLT_2,MXMJPNLT,Categórica,2
MXMJPNLT_3,MXMJPNLT,Categórica,3
MXMJPNLT_4,MXMJPNLT,Categórica,4
MXMJPNLT_5,MXMJPNLT,Categórica,5
MXMJPNLT_6,MXMJPNLT,Categórica,6
MXMJPNLT_85,MXMJPNLT,Categórica,85
MXMJPNLT_94,MXMJPNLT,Categórica,94
MXMJPNLT_97,MXMJPNLT,Categórica,97
MXMJPNLT_98,MXMJPNLT,Categórica,98
NDSSDEPND_1.0,NDSSDEPND,Categórica,1.0
NDSSDEPND_9.0,NDSSDEPND,Categórica,9.0
NDSSDEPND_nan,NDSSDEPND,Categórica,
NEWRACE2_2,NEWRACE2,Categórica,2
NEWRACE2_3,NEWRACE2,Categórica,3
NEWRACE2_4,NEWRACE2,Categórica,4
NEWRACE2_5,NEWRACE2,Categórica,5
NEWRACE2_6,NEWRACE2,Categórica,6
NEWRACE2_7,NEWRACE2,Categórica,7
NICVAPFLAG_1,NICVAPFLAG,Categórica,1
NICVAPMON_1,NICVAPMON,Categórica,1
NICVAPYR_1,NICVAPYR,Categórica,1
NICVPMDAYS_2,NICVPMDAYS,Categórica,2
NICVPMDAYS_3,NICVPMDAYS,Categórica,3
NICVPMDAYS_4,NICVPMDAYS,Categórica,4
NICVPMDAYS_5,NICVPMDAYS,Categórica,5
NITOXIEVER2_1.0,NITOXIEVER2,Categórica,1.0
NITOXIEVER2_nan,NITOXIEVER2,Categórica,
NMVSOEST_1,NMVSOEST,Categórica,1
NMVSOEST_2,NMVSOEST,Categórica,2
NMVSOEST_3,NMVSOEST,Categórica,3
NMVSOEST_4,NMVSOEST,Categórica,4
NMVSOEST_5,NMVSOEST,Categórica,5
NMVSOEST_6,NMVSOEST,Categórica,6
NMVSOEST_7,NMVSOEST,Categórica,7
NMVSOEST_8,NMVSOEST,Categórica,8
NMVSOEST_94,NMVSOEST,Categórica,94
NMVSOEST_97,NMVSOEST,Categórica,97
NMVSOEST_98,NMVSOEST,Categórica,98
NMVSOEST_99,NMVSOEST,Categórica,99
NOBOOKY2_1,NOBOOKY2,Categórica,1
NOBOOKY2_2,NOBOOKY2,Categórica,2
NOBOOKY2_3,NOBOOKY2,Categórica,3
NOBOOKY2_985,NOBOOKY2,Categórica,985
NOBOOKY2_994,NOBOOKY2,Categórica,994
NOBOOKY2_997,NOBOOKY2,Categórica,997
NOBOOKY2_998,NOBOOKY2,Categórica,998
NOBOOKY2_999,NOBOOKY2,Categórica,999
NOMARR2_2,NOMARR2,Categórica,2
NOMARR2_94,NOMARR2,Categórica,94
NOMARR2_97,NOMARR2,Categórica,97
NOMARR2_99,NOMARR2,Categórica,99
NONABOVEV2_2,NONABOVEV2,Categórica,2
NONABOVEV2_85,NONABOVEV2,Categórica,85
NONABOVEV2_94,NONABOVEV2,Categórica,94
NONABOVEV2_97,NONABOVEV2,Categórica,97
NONABOVEV2_98,NONABOVEV2,Categórica,98
NOOPPRANYYR_1,NOOPPRANYYR,Categórica,1
NOOPPRNMYR_1,NOOPPRNMYR,Categórica,1
NPCOLDFLAG_1,NPCOLDFLAG,Categórica,1
NPCOLDMON_1,NPCOLDMON,Categórica,1
NPCOLDYR_1,NPCOLDYR,Categórica,1
OPIANYYR2_1,OPIANYYR2,Categórica,1
OPIIMFNMMN2_1,OPIIMFNMMN2,Categórica,1
OPIIMFNMYR2_1,OPIIMFNMYR2,Categórica,1
OPINMMON2_1,OPINMMON2,Categórica,1
OPINMYR2_1,OPINMYR2,Categórica,1
OTHAEREVER2_1.0,OTHAEREVER2,Categórica,1.0
OTHAEREVER2_nan,OTHAEREVER2,Categórica,
OTHINS_2,OTHINS,Categórica,2
OTHRPNRANY2_1.0,OTHRPNRANY2,Categórica,1.0
OTHRPNRANY2_nan,OTHRPNRANY2,Categórica,
OTHRPNRMIS_1.0,OTHRPNRMIS,Categórica,1.0
OTHRPNRMIS_nan,OTHRPNRMIS,Categórica,
OTHRSEDANY_1.0,OTHRSEDANY,Categórica,1.0
OTHRSEDANY_nan,OTHRSEDANY,Categórica,
OTHRSEDMIS2_1.0,OTHRSEDMIS2,Categórica,1.0
OTHRSEDMIS2_nan,OTHRSEDMIS2,Categórica,
OTHRSTMANY_1.0,OTHRSTMANY,Categórica,1.0
OTHRSTMANY_nan,OTHRSTMANY,Categórica,
OTHRSTMMIS_1.0,OTHRSTMMIS,Categórica,1.0
OTHRSTMMIS_nan,OTHRSTMMIS,Categórica,
OTHRTRQANY_1.0,OTHRTRQANY,Categórica,1.0
OTHRTRQANY_nan,OTHRTRQANY,Categórica,
OTHRTRQMIS_1.0,OTHRTRQMIS,Categórica,1.0
OTHRTRQMIS_nan,OTHRTRQMIS,Categórica,
OXYCNANYYR2_1,OXYCNANYYR2,Categórica,1
OXYCNNMYR_1,OXYCNNMYR,Categórica,1
PAROL_2.0,PAROL,Categórica,2.0
PAROL_nan,PAROL,Categórica,
PAROLREL_2,PAROLREL,Categórica,2
PAROLREL_85,PAROLREL,Categórica,85
PAROLREL_94,PAROLREL,Categórica,94
PAROLREL_97,PAROLREL,Categórica,97
PAROLREL_98,PAROLREL,Categórica,98
PCPFLAG_1,PCPFLAG,Categórica,1
PCPMLU_2,PCPMLU,Categórica,2
PCPMLU_4,PCPMLU,Categórica,4
PCPMLU_5,PCPMLU,Categórica,5
PCPMLU_6,PCPMLU,Categórica,6
PCPMLU_7,PCPMLU,Categórica,7
PCPMLU_8,PCPMLU,Categórica,8
PCPMLU_9,PCPMLU,Categórica,9
PCPMLU_10,PCPMLU,Categórica,10
PCPMLU_11,PCPMLU,Categórica,11
PCPMLU_12,PCPMLU,Categórica,12
PCPMLU_85,PCPMLU,Categórica,85
PCPMLU_91,PCPMLU,Categórica,91
PCPMLU_94,PCPMLU,Categórica,94
PCPMLU_97,PCPMLU,Categórica,97
PCPMLU_98,PCPMLU,Categórica,98
PCPMLU_99,PCPMLU,Categórica,99
PCPMON_1,PCPMON,Categórica,1
PCPYR_1,PCPYR,Categórica,1
PEYOTEEVER_1.0,PEYOTEEVER,Categórica,1.0
PEYOTEEVER_nan,PEYOTEEVER,Categórica,
PIPFLAG_1,PIPFLAG,Categórica,1
PIPMON_1,PIPMON,Categórica,1
PMNICDEP_1.0,PMNICDEP,Categórica,1.0
PMNICDEP_9.0,PMNICDEP,Categórica,9.0
PMNICDEP_nan,PMNICDEP,Categórica,
PNRANYFLAG2_1,PNRANYFLAG2,Categórica,1
PNRANYYR2_1,PNRANYYR2,Categórica,1
PNRMAINRSN_2.0,PNRMAINRSN,Categórica,2.0
PNRMAINRSN_3.0,PNRMAINRSN,Categórica,3.0
PNRMAINRSN_4.0,PNRMAINRSN,Categórica,4.0
PNRMAINRSN_5.0,PNRMAINRSN,Categórica,5.0
PNRMAINRSN_6.0,PNRMAINRSN,Categórica,6.0
PNRMAINRSN_7.0,PNRMAINRSN,Categórica,7.0
PNRMAINRSN_8.0,PNRMAINRSN,Categórica,8.0
PNRMAINRSN_9.0,PNRMAINRSN,Categórica,9.0
PNRMAINRSN_10.0,PNRMAINRSN,Categórica,10.0
PNRMAINRSN_nan,PNRMAINRSN,Categórica,
PNRNDAYPM_2,PNRNDAYPM,Categórica,2
PNRNDAYPM_3,PNRNDAYPM,Categórica,3
PNRNDAYPM_4,PNRNDAYPM,Categórica,4
PNRNDAYPM_5,PNRNDAYPM,Categórica,5
PNRNMFLAG_1,PNRNMFLAG,Categórica,1
PNRNMMON_1,PNRNMMON,Categórica,1
PNRNMYR_1,PNRNMYR,Categórica,1
POVERTY3_2.0,POVERTY3,Categórica,2.0
POVERTY3_3.0,POVERTY3,Categórica,3.0
POVERTY3_nan,POVERTY3,Categórica,
PREGAGE2_3,PREGAGE2,Categórica,3
PREGAGE2_4,PREGAGE2,Categórica,4
PREGST_2.0,PREGST,Categórica,2.0
PREGST_3.0,PREGST,Categórica,3.0
PREGST_nan,PREGST,Categórica,
PREGSTAT_2,PREGSTAT,Categórica,2
PREGSTAT_85,PREGSTAT,Categórica,85
PREGSTAT_94,PREGSTAT,Categórica,94
PREGSTAT_97,PREGSTAT,Categórica,97
PREGSTAT_98,PREGSTAT,Categórica,98
PREGSTAT_99,PREGSTAT,Categórica,99
PROB_2.0,PROB,Categórica,2.0
PROB_nan,PROB,Categórica,
PROBATON_2,PROBATON,Categórica,2
PROBATON_85,PROBATON,Categórica,85
PROBATON_94,PROBATON,Categórica,94
PROBATON_97,PROBATON,Categórica,97
PROBATON_98,PROBATON,Categórica,98
PRVHLTIN_2,PRVHLTIN,Categórica,2
PRVHLTIN_94,PRVHLTIN,Categórica,94
PRVHLTIN_97,PRVHLTIN,Categórica,97
PRVHLTIN_98,PRVHLTIN,Categórica,98
PSILCYFLAG_1,PSILCYFLAG,Categórica,1
PSILCYMON_1,PSILCYMON,Categórica,1
PSILCYYR_1,PSILCYYR,Categórica,1
PSYANYFLAG2_1,PSYANYFLAG2,Categórica,1
PSYANYYR2_1,PSYANYYR2,Categórica,1
PSYCHFLAG_1,PSYCHFLAG,Categórica,1
PSYCHMON_1,PSYCHMON,Categórica,1
PSYCHYR_1,PSYCHYR,Categórica,1
RCVYMHPRB_1.0,RCVYMHPRB,Categórica,1.0
RCVYMHPRB_nan,RCVYMHPRB,Categórica,
RCVYSUBPRB_1.0,RCVYSUBPRB,Categórica,1.0
RCVYSUBPRB_nan,RCVYSUBPRB,Categórica,
RKFQDBLT_2,RKFQDBLT,Categórica,2
RKFQDBLT_3,RKFQDBLT,Categórica,3
RKFQDBLT_4,RKFQDBLT,Categórica,4
RKFQDBLT_5,RKFQDBLT,Categórica,5
RKFQDBLT_85,RKFQDBLT,Categórica,85
RKFQDBLT_94,RKFQDBLT,Categórica,94
RKFQDBLT_97,RKFQDBLT,Categórica,97
RKFQDBLT_98,RKFQDBLT,Categórica,98
RKFQPBLT_2,RKFQPBLT,Categórica,2
RKFQPBLT_3,RKFQPBLT,Categórica,3
RKFQPBLT_4,RKFQPBLT,Categórica,4
RKFQPBLT_85,RKFQPBLT,Categórica,85
RKFQPBLT_94,RKFQPBLT,Categórica,94
RKFQPBLT_97,RKFQPBLT,Categórica,97
RKFQPBLT_98,RKFQPBLT,Categórica,98
RSKBNGDLY_2,RSKBNGDLY,Categórica,2
RSKBNGDLY_3,RSKBNGDLY,Categórica,3
RSKBNGDLY_4,RSKBNGDLY,Categórica,4
RSKBNGDLY_85,RSKBNGDLY,Categórica,85
RSKBNGDLY_94,RSKBNGDLY,Categórica,94
RSKBNGDLY_97,RSKBNGDLY,Categórica,97
RSKBNGDLY_98,RSKBNGDLY,Categórica,98
RSKBNGWK_2,RSKBNGWK,Categórica,2
RSKBNGWK_3,RSKBNGWK,Categórica,3
RSKBNGWK_4,RSKBNGWK,Categórica,4
RSKBNGWK_85,RSKBNGWK,Categórica,85
RSKBNGWK_94,RSKBNGWK,Categórica,94
RSKBNGWK_97,RSKBNGWK,Categórica,97
RSKBNGWK_98,RSKBNGWK,Categórica,98
RSKCIGPKD_2,RSKCIGPKD,Categórica,2
RSKCIGPKD_3,RSKCIGPKD,Categórica,3
RSKCIGPKD_4,RSKCIGPKD,Categórica,4
RSKCIGPKD_85,RSKCIGPKD,Categórica,85
RSKCIGPKD_94,RSKCIGPKD,Categórica,94
RSKCIGPKD_97,RSKCIGPKD,Categórica,97
RSKCIGPKD_98,RSKCIGPKD,Categórica,98
RSKCOCMON_2,RSKCOCMON,Categórica,2
RSKCOCMON_3,RSKCOCMON,Categórica,3
RSKCOCMON_4,RSKCOCMON,Categórica,4
RSKCOCMON_85,RSKCOCMON,Categórica,85
RSKCOCMON_94,RSKCOCMON,Categórica,94
RSKCOCMON_97,RSKCOCMON,Categórica,97
RSKCOCMON_98,RSKCOCMON,Categórica,98
RSKCOCWK_2,RSKCOCWK,Categórica,2
RSKCOCWK_3,RSKCOCWK,Categórica,3
RSKCOCWK_4,RSKCOCWK,Categórica,4
RSKCOCWK_85,RSKCOCWK,Categórica,85
RSKCOCWK_94,RSKCOCWK,Categórica,94
RSKCOCWK_97,RSKCOCWK,Categórica,97
RSKCOCWK_98,RSKCOCWK,Categórica,98
RSKHERTRY_2,RSKHERTRY,Categórica,2
RSKHERTRY_3,RSKHERTRY,Categórica,3
RSKHERTRY_4,RSKHERTRY,Categórica,4
RSKHERTRY_85,RSKHERTRY,Categórica,85
RSKHERTRY_94,RSKHERTRY,Categórica,94
RSKHERTRY_97,RSKHERTRY,Categórica,97
RSKHERTRY_98,RSKHERTRY,Categórica,98
RSKHERWK_2,RSKHERWK,Categórica,2
RSKHERWK_3,RSKHERWK,Categórica,3
RSKHERWK_4,RSKHERWK,Categórica,4
RSKHERWK_85,RSKHERWK,Categórica,85
RSKHERWK_94,RSKHERWK,Categórica,94
RSKHERWK_97,RSKHERWK,Categórica,97
RSKHERWK_98,RSKHERWK,Categórica,98
RSKLSDTRY_2,RSKLSDTRY,Categórica,2
RSKLSDTRY_3,RSKLSDTRY,Categórica,3
RSKLSDTRY_4,RSKLSDTRY,Categórica,4
RSKLSDTRY_85,RSKLSDTRY,Categórica,85
RSKLSDTRY_94,RSKLSDTRY,Categórica,94
RSKLSDTRY_97,RSKLSDTRY,Categórica,97
RSKLSDTRY_98,RSKLSDTRY,Categórica,98
RSKLSDWK_2,RSKLSDWK,Categórica,2
RSKLSDWK_3,RSKLSDWK,Categórica,3
RSKLSDWK_4,RSKLSDWK,Categórica,4
RSKLSDWK_85,RSKLSDWK,Categórica,85
RSKLSDWK_94,RSKLSDWK,Categórica,94
RSKLSDWK_97,RSKLSDWK,Categórica,97
RSKLSDWK_98,RSKLSDWK,Categórica,98
RSKMRJMON_2,RSKMRJMON,Categórica,2
RSKMRJMON_3,RSKMRJMON,Categórica,3
RSKMRJMON_4,RSKMRJMON,Categórica,4
RSKMRJMON_85,RSKMRJMON,Categórica,85
RSKMRJMON_94,RSKMRJMON,Categórica,94
RSKMRJMON_97,RSKMRJMON,Categórica,97
RSKMRJMON_98,RSKMRJMON,Categórica,98
RSKMRJWK_2,RSKMRJWK,Categórica,2
RSKMRJWK_3,RSKMRJWK,Categórica,3
RSKMRJWK_4,RSKMRJWK,Categórica,4
RSKMRJWK_85,RSKMRJWK,Categórica,85
RSKMRJWK_94,RSKMRJWK,Categórica,94
RSKMRJWK_97,RSKMRJWK,Categórica,97
RSKMRJWK_98,RSKMRJWK,Categórica,98
RSKYFQDGR_2,RSKYFQDGR,Categórica,2
RSKYFQDGR_3,RSKYFQDGR,Categórica,3
RSKYFQDGR_4,RSKYFQDGR,Categórica,4
RSKYFQDGR_85,RSKYFQDGR,Categórica,85
RSKYFQDGR_94,RSKYFQDGR,Categórica,94
RSKYFQDGR_97,RSKYFQDGR,Categórica,97
RSKYFQDGR_98,RSKYFQDGR,Categórica,98
RSKYFQTES_2,RSKYFQTES,Categórica,2
RSKYFQTES_3,RSKYFQTES,Categórica,3
RSKYFQTES_4,RSKYFQTES,Categórica,4
RSKYFQTES_85,RSKYFQTES,Categórica,85
RSKYFQTES_94,RSKYFQTES,Categórica,94
RSKYFQTES_97,RSKYFQTES,Categórica,97
RSKYFQTES_98,RSKYFQTES,Categórica,98
RXALPRANY_1.0,RXALPRANY,Categórica,1.0
RXALPRANY_nan,RXALPRANY,Categórica,
RXALPRMIS_1.0,RXALPRMIS,Categórica,1.0
RXALPRMIS_nan,RXALPRMIS,Categórica,
RXAMMEANY_1.0,RXAMMEANY,Categórica,1.0
RXAMMEANY_nan,RXAMMEANY,Categórica,
RXAMMEMIS_1.0,RXAMMEMIS,Categórica,1.0
RXAMMEMIS_nan,RXAMMEMIS,Categórica,
RXAMPHANY_1.0,RXAMPHANY,Categórica,1.0
RXAMPHANY_nan,RXAMPHANY,Categórica,
RXAMPHMIS_1.0,RXAMPHMIS,Categórica,1.0
RXAMPHMIS_nan,RXAMPHMIS,Categórica,
RXANORANY_1.0,RXANORANY,Categórica,1.0
RXANORANY_nan,RXANORANY,Categórica,
RXANORMIS_1.0,RXANORMIS,Categórica,1.0
RXANORMIS_nan,RXANORMIS,Categórica,
RXBARBANY_1.0,RXBARBANY,Categórica,1.0
RXBARBANY_nan,RXBARBANY,Categórica,
RXBARBMIS_1.0,RXBARBMIS,Categórica,1.0
RXBARBMIS_nan,RXBARBMIS,Categórica,
RXBUPRANY2_1.0,RXBUPRANY2,Categórica,1.0
RXBUPRANY2_nan,RXBUPRANY2,Categórica,
RXBUPRMIS_1.0,RXBUPRMIS,Categórica,1.0
RXBUPRMIS_nan,RXBUPRMIS,Categórica,
RXBZOSANY_1.0,RXBZOSANY,Categórica,1.0
RXBZOSANY_nan,RXBZOSANY,Categórica,
RXBZOSMIS_1.0,RXBZOSMIS,Categórica,1.0
RXBZOSMIS_nan,RXBZOSMIS,Categórica,
RXBZOTANY_1.0,RXBZOTANY,Categórica,1.0
RXBZOTANY_nan,RXBZOTANY,Categórica,
RXBZOTMIS_1.0,RXBZOTMIS,Categórica,1.0
RXBZOTMIS_nan,RXBZOTMIS,Categórica,
RXCLONANY_1.0,RXCLONANY,Categórica,1.0
RXCLONANY_nan,RXCLONANY,Categórica,
RXCLONMIS_1.0,RXCLONMIS,Categórica,1.0
RXCLONMIS_nan,RXCLONMIS,Categórica,
RXCODEANY2_1.0,RXCODEANY2,Categórica,1.0
RXCODEANY2_nan,RXCODEANY2,Categórica,
RXCODEMIS_1.0,RXCODEMIS,Categórica,1.0
RXCODEMIS_nan,RXCODEMIS,Categórica,
RXCYCLANY_1.0,RXCYCLANY,Categórica,1.0
RXCYCLANY_nan,RXCYCLANY,Categórica,
RXCYCLMIS_1.0,RXCYCLMIS,Categórica,1.0
RXCYCLMIS_nan,RXCYCLMIS,Categórica,
RXDEMEANY2_1.0,RXDEMEANY2,Categórica,1.0
RXDEMEANY2_nan,RXDEMEANY2,Categórica,
RXDEMEMIS_1.0,RXDEMEMIS,Categórica,1.0
RXDEMEMIS_nan,RXDEMEMIS,Categórica,
RXDIAZANY_1.0,RXDIAZANY,Categórica,1.0
RXDIAZANY_nan,RXDIAZANY,Categórica,
RXDIAZMIS_1.0,RXDIAZMIS,Categórica,1.0
RXDIAZMIS_nan,RXDIAZMIS,Categórica,
RXESZOANY_1.0,RXESZOANY,Categórica,1.0
RXESZOANY_nan,RXESZOANY,Categórica,
RXESZOMIS_1.0,RXESZOMIS,Categórica,1.0
RXESZOMIS_nan,RXESZOMIS,Categórica,
RXFLURANY_1.0,RXFLURANY,Categórica,1.0
RXFLURANY_nan,RXFLURANY,Categórica,
RXHYDCANY2_1.0,RXHYDCANY2,Categórica,1.0
RXHYDCANY2_nan,RXHYDCANY2,Categórica,
RXHYDCMIS_1.0,RXHYDCMIS,Categórica,1.0
RXHYDCMIS_nan,RXHYDCMIS,Categórica,
RXHYDMANY2_1.0,RXHYDMANY2,Categórica,1.0
RXHYDMANY2_nan,RXHYDMANY2,Categórica,
RXHYDMMIS_1.0,RXHYDMMIS,Categórica,1.0
RXHYDMMIS_nan,RXHYDMMIS,Categórica,
RXLORAANY_1.0,RXLORAANY,Categórica,1.0
RXLORAANY_nan,RXLORAANY,Categórica,
RXLORAMIS_1.0,RXLORAMIS,Categórica,1.0
RXLORAMIS_nan,RXLORAMIS,Categórica,
RXMORPANY2_1.0,RXMORPANY2,Categórica,1.0
RXMORPANY2_nan,RXMORPANY2,Categórica,
RXMORPMIS_1.0,RXMORPMIS,Categórica,1.0
RXMORPMIS_nan,RXMORPMIS,Categórica,
RXMRLXANY_1.0,RXMRLXANY,Categórica,1.0
RXMRLXANY_nan,RXMRLXANY,Categórica,
RXMRLXMIS_1.0,RXMRLXMIS,Categórica,1.0
RXMRLXMIS_nan,RXMRLXMIS,Categórica,
RXMTDNANY2_1.0,RXMTDNANY2,Categórica,1.0
RXMTDNANY2_nan,RXMTDNANY2,Categórica,
RXMTDNMIS_1.0,RXMTDNMIS,Categórica,1.0
RXMTDNMIS_nan,RXMTDNMIS,Categórica,
RXMTHPANY_1.0,RXMTHPANY,Categórica,1.0
RXMTHPANY_nan,RXMTHPANY,Categórica,
RXMTHPMIS_1.0,RXMTHPMIS,Categórica,1.0
RXMTHPMIS_nan,RXMTHPMIS,Categórica,
RXOPPRNMMON_1,RXOPPRNMMON,Categórica,1
RXOXCOANY2_1.0,RXOXCOANY2,Categórica,1.0
RXOXCOANY2_nan,RXOXCOANY2,Categórica,
RXOXCOMIS_1.0,RXOXCOMIS,Categórica,1.0
RXOXCOMIS_nan,RXOXCOMIS,Categórica,
RXOXYMANY2_1.0,RXOXYMANY2,Categórica,1.0
RXOXYMANY2_nan,RXOXYMANY2,Categórica,
RXOXYMMIS_1.0,RXOXYMMIS,Categórica,1.0
RXOXYMMIS_nan,RXOXYMMIS,Categórica,
RXPROVANY_1.0,RXPROVANY,Categórica,1.0
RXPROVANY_nan,RXPROVANY,Categórica,
RXPROVMIS_1.0,RXPROVMIS,Categórica,1.0
RXPROVMIS_nan,RXPROVMIS,Categórica,
RXSOMAANY_1.0,RXSOMAANY,Categórica,1.0
RXSOMAANY_nan,RXSOMAANY,Categórica,
RXSOMAMIS_1.0,RXSOMAMIS,Categórica,1.0
RXSOMAMIS_nan,RXSOMAMIS,Categórica,
RXTEMAANY_1.0,RXTEMAANY,Categórica,1.0
RXTEMAANY_nan,RXTEMAANY,Categórica,
RXTRAMANY2_1.0,RXTRAMANY2,Categórica,1.0
RXTRAMANY2_nan,RXTRAMANY2,Categórica,
RXTRAMMIS_1.0,RXTRAMMIS,Categórica,1.0
RXTRAMMIS_nan,RXTRAMMIS,Categórica,
RXTRIAANY_1.0,RXTRIAANY,Categórica,1.0
RXTRIAANY_nan,RXTRIAANY,Categórica,
RXZALEANY_1.0,RXZALEANY,Categórica,1.0
RXZALEANY_nan,RXZALEANY,Categórica,
RXZOHYANY2_1.0,RXZOHYANY2,Categórica,1.0
RXZOHYANY2_nan,RXZOHYANY2,Categórica,
RXZOHYMIS_1.0,RXZOHYMIS,Categórica,1.0
RXZOHYMIS_nan,RXZOHYMIS,Categórica,
RXZOLPANY_1.0,RXZOLPANY,Categórica,1.0
RXZOLPANY_nan,RXZOLPANY,Categórica,
RXZOLPMIS_1.0,RXZOLPMIS,Categórica,1.0
SALVIAFLAG_1,SALVIAFLAG,Categórica,1
SALVIAMON_1,SALVIAMON,Categórica,1
SALVIAYR_1,SALVIAYR,Categórica,1
SEDANYFLAG_1,SEDANYFLAG,Categórica,1
SEDANYYR_1,SEDANYYR,Categórica,1
SEDMAINRSN_2.0,SEDMAINRSN,Categórica,2.0
SEDMAINRSN_3.0,SEDMAINRSN,Categórica,3.0
SEDMAINRSN_4.0,SEDMAINRSN,Categórica,4.0
SEDMAINRSN_5.0,SEDMAINRSN,Categórica,5.0
SEDMAINRSN_8.0,SEDMAINRSN,Categórica,8.0
SEDMAINRSN_9.0,SEDMAINRSN,Categórica,9.0
SEDMAINRSN_nan,SEDMAINRSN,Categórica,
SEDNDAYPM_2,SEDNDAYPM,Categórica,2
SEDNDAYPM_3,SEDNDAYPM,Categórica,3
SEDNDAYPM_4,SEDNDAYPM,Categórica,4
SEDNDAYPM_5,SEDNDAYPM,Categórica,5
SEDNMFLAG_1,SEDNMFLAG,Categórica,1
SEDNMMON_1,SEDNMMON,Categórica,1
SEDNMYR_1,SEDNMYR,Categórica,1
SERVICE_2,SERVICE,Categórica,2
SERVICE_85,SERVICE,Categórica,85
SERVICE_97,SERVICE,Categórica,97
SERVICE_98,SERVICE,Categórica,98
SEVYROPPRANY_2,SEVYROPPRANY,Categórica,2
SEVYROPPRANY_3,SEVYROPPRANY,Categórica,3
SEVYROPPRANY_4,SEVYROPPRANY,Categórica,4
SEVYRPNRANY2_2,SEVYRPNRANY2,Categórica,2
SEVYRPNRANY2_3,SEVYRPNRANY2,Categórica,3
SEVYRPNRANY2_9,SEVYRPNRANY2,Categórica,9
SEVYRSEDANY_2,SEVYRSEDANY,Categórica,2
SEVYRSEDANY_3,SEVYRSEDANY,Categórica,3
SEVYRSEDANY_9,SEVYRSEDANY,Categórica,9
SEVYRSTMANY_2,SEVYRSTMANY,Categórica,2
SEVYRSTMANY_3,SEVYRSTMANY,Categórica,3
SEVYRSTMANY_9,SEVYRSTMANY,Categórica,9
SEVYRTRQANY_2,SEVYRTRQANY,Categórica,2
SEVYRTRQANY_3,SEVYRTRQANY,Categórica,3
SEVYRTRQANY_9,SEVYRTRQANY,Categórica,9
SEXAGE_4,SEXAGE,Categórica,4
SEXAGE_5,SEXAGE,Categórica,5
SEXRACE_2,SEXRACE,Categórica,2
SEXRACE_3,SEXRACE,Categórica,3
SEXRACE_4,SEXRACE,Categórica,4
SEXRACE_5,SEXRACE,Categórica,5
SEXRACE_6,SEXRACE,Categórica,6
SEXRACE_7,SEXRACE,Categórica,7
SMKLSMDAYS_2,SMKLSMDAYS,Categórica,2
SMKLSMDAYS_3,SMKLSMDAYS,Categórica,3
SMKLSMDAYS_4,SMKLSMDAYS,Categórica,4
SMKLSMDAYS_5,SMKLSMDAYS,Categórica,5
SMKLSSFLAG_1,SMKLSSFLAG,Categórica,1
SMKLSSMON_1,SMKLSSMON,Categórica,1
SMKLSSYR_1,SMKLSSYR,Categórica,1
SMKMOLAST_2,SMKMOLAST,Categórica,2
SMKMOLAST_3,SMKMOLAST,Categórica,3
SMKMOLAST_4,SMKMOLAST,Categórica,4
SMKMOLAST_5,SMKMOLAST,Categórica,5
SMKMOLAST_6,SMKMOLAST,Categórica,6
SMKMOLAST_7,SMKMOLAST,Categórica,7
SMKMOLAST_8,SMKMOLAST,Categórica,8
SMKMOLAST_9,SMKMOLAST,Categórica,9
SMKMOLAST_10,SMKMOLAST,Categórica,10
SMKMOLAST_11,SMKMOLAST,Categórica,11
SMKMOLAST_12,SMKMOLAST,Categórica,12
SMKMOLAST_85,SMKMOLAST,Categórica,85
SMKMOLAST_89,SMKMOLAST,Categórica,89
SMKMOLAST_91,SMKMOLAST,Categórica,91
SMKMOLAST_94,SMKMOLAST,Categórica,94
SMKMOLAST_97,SMKMOLAST,Categórica,97
SMKMOLAST_98,SMKMOLAST,Categórica,98
SMKMOLAST_99,SMKMOLAST,Categórica,99
SNAFLMJTRY_2,SNAFLMJTRY,Categórica,2
SNAFLMJTRY_3,SNAFLMJTRY,Categórica,3
SNAFLMJTRY_4,SNAFLMJTRY,Categórica,4
SNAFLMJTRY_5,SNAFLMJTRY,Categórica,5
SNAFLMJTRY_85,SNAFLMJTRY,Categórica,85
SNAFLMJTRY_94,SNAFLMJTRY,Categórica,94
SNAFLMJTRY_97,SNAFLMJTRY,Categórica,97
SNAFLMJTRY_98,SNAFLMJTRY,Categórica,98
SNRLDCSN_2,SNRLDCSN,Categórica,2
SNRLDCSN_3,SNRLDCSN,Categórica,3
SNRLDCSN_4,SNRLDCSN,Categórica,4
SNRLDCSN_85,SNRLDCSN,Categórica,85
SNRLDCSN_94,SNRLDCSN,Categórica,94
SNRLDCSN_97,SNRLDCSN,Categórica,97
SNRLDCSN_98,SNRLDCSN,Categórica,98
SNRLFRND_2,SNRLFRND,Categórica,2
SNRLFRND_3,SNRLFRND,Categórica,3
SNRLFRND_4,SNRLFRND,Categórica,4
SNRLFRND_85,SNRLFRND,Categórica,85
SNRLFRND_94,SNRLFRND,Categórica,94
SNRLFRND_97,SNRLFRND,Categórica,97
SNRLFRND_98,SNRLFRND,Categórica,98
SNRLGIMP_2,SNRLGIMP,Categórica,2
SNRLGIMP_3,SNRLGIMP,Categórica,3
SNRLGIMP_4,SNRLGIMP,Categórica,4
SNRLGIMP_85,SNRLGIMP,Categórica,85
SNRLGIMP_94,SNRLGIMP,Categórica,94
SNRLGIMP_97,SNRLGIMP,Categórica,97
SNRLGIMP_98,SNRLGIMP,Categórica,98
SNYATTAK_2,SNYATTAK,Categórica,2
SNYATTAK_3,SNYATTAK,Categórica,3
SNYATTAK_4,SNYATTAK,Categórica,4
SNYATTAK_5,SNYATTAK,Categórica,5
SNYATTAK_85,SNYATTAK,Categórica,85
SNYATTAK_94,SNYATTAK,Categórica,94
SNYATTAK_97,SNYATTAK,Categórica,97
SNYATTAK_98,SNYATTAK,Categórica,98
SNYSELL_2,SNYSELL,Categórica,2
SNYSELL_3,SNYSELL,Categórica,3
SNYSELL_4,SNYSELL,Categórica,4
SNYSELL_5,SNYSELL,Categórica,5
SNYSELL_85,SNYSELL,Categórica,85
SNYSELL_94,SNYSELL,Categórica,94
SNYSELL_97,SNYSELL,Categórica,97
SNYSELL_98,SNYSELL,Categórica,98
SNYSTOLE_2,SNYSTOLE,Categórica,2
SNYSTOLE_3,SNYSTOLE,Categórica,3
SNYSTOLE_4,SNYSTOLE,Categórica,4
SNYSTOLE_5,SNYSTOLE,Categórica,5
SNYSTOLE_85,SNYSTOLE,Categórica,85
SNYSTOLE_94,SNYSTOLE,Categórica,94
SNYSTOLE_97,SNYSTOLE,Categórica,97
SNYSTOLE_98,SNYSTOLE,Categórica,98
SOLVENEVER2_1.0,SOLVENEVER2,Categórica,1.0
SOLVENEVER2_nan,SOLVENEVER2,Categórica,
SPAINTEVER2_1.0,SPAINTEVER2,Categórica,1.0
SPAINTEVER2_nan,SPAINTEVER2,Categórica,
SPEAKENGL_2,SPEAKENGL,Categórica,2
SPEAKENGL_3,SPEAKENGL,Categórica,3
SPEAKENGL_4,SPEAKENGL,Categórica,4
SPEAKENGL_85,SPEAKENGL,Categórica,85
SPEAKENGL_94,SPEAKENGL,Categórica,94
SPEAKENGL_97,SPEAKENGL,Categórica,97
SPEAKENGL_98,SPEAKENGL,Categórica,98
SRCCLFRPNR_2.0,SRCCLFRPNR,Categórica,2.0
SRCCLFRPNR_3.0,SRCCLFRPNR,Categórica,3.0
SRCCLFRPNR_nan,SRCCLFRPNR,Categórica,
SRCCLFRSED_2.0,SRCCLFRSED,Categórica,2.0
SRCCLFRSED_nan,SRCCLFRSED,Categórica,
SRCCLFRSTM_2.0,SRCCLFRSTM,Categórica,2.0
SRCCLFRSTM_3.0,SRCCLFRSTM,Categórica,3.0
SRCCLFRSTM_nan,SRCCLFRSTM,Categórica,
SRCCLFRTRQ_2.0,SRCCLFRTRQ,Categórica,2.0
SRCCLFRTRQ_3.0,SRCCLFRTRQ,Categórica,3.0
SRCCLFRTRQ_nan,SRCCLFRTRQ,Categórica,
SRCFRPNRNM_2.0,SRCFRPNRNM,Categórica,2.0
SRCFRPNRNM_3.0,SRCFRPNRNM,Categórica,3.0
SRCFRPNRNM_4.0,SRCFRPNRNM,Categórica,4.0
SRCFRPNRNM_5.0,SRCFRPNRNM,Categórica,5.0
SRCFRPNRNM_6.0,SRCFRPNRNM,Categórica,6.0
SRCFRPNRNM_7.0,SRCFRPNRNM,Categórica,7.0
SRCFRPNRNM_8.0,SRCFRPNRNM,Categórica,8.0
SRCFRPNRNM_nan,SRCFRPNRNM,Categórica,
SRCFRSEDNM_4.0,SRCFRSEDNM,Categórica,4.0
SRCFRSEDNM_6.0,SRCFRSEDNM,Categórica,6.0
SRCFRSEDNM_nan,SRCFRSEDNM,Categórica,
SRCFRSTMNM_2.0,SRCFRSTMNM,Categórica,2.0
SRCFRSTMNM_4.0,SRCFRSTMNM,Categórica,4.0
SRCFRSTMNM_5.0,SRCFRSTMNM,Categórica,5.0
SRCFRSTMNM_7.0,SRCFRSTMNM,Categórica,7.0
SRCFRSTMNM_8.0,SRCFRSTMNM,Categórica,8.0
SRCFRSTMNM_nan,SRCFRSTMNM,Categórica,
SRCFRTRQNM_2.0,SRCFRTRQNM,Categórica,2.0
SRCFRTRQNM_3.0,SRCFRTRQNM,Categórica,3.0
SRCFRTRQNM_4.0,SRCFRTRQNM,Categórica,4.0
SRCFRTRQNM_5.0,SRCFRTRQNM,Categórica,5.0
SRCFRTRQNM_6.0,SRCFRTRQNM,Categórica,6.0
SRCFRTRQNM_7.0,SRCFRTRQNM,Categórica,7.0
SRCFRTRQNM_8.0,SRCFRTRQNM,Categórica,8.0
SRCFRTRQNM_nan,SRCFRTRQNM,Categórica,
SRCPNRNM2_2.0,SRCPNRNM2,Categórica,2.0
SRCPNRNM2_3.0,SRCPNRNM2,Categórica,3.0
SRCPNRNM2_4.0,SRCPNRNM2,Categórica,4.0
SRCPNRNM2_5.0,SRCPNRNM2,Categórica,5.0
SRCPNRNM2_6.0,SRCPNRNM2,Categórica,6.0
SRCPNRNM2_7.0,SRCPNRNM2,Categórica,7.0
SRCPNRNM2_8.0,SRCPNRNM2,Categórica,8.0
SRCPNRNM2_nan,SRCPNRNM2,Categórica,
SRCSEDNM2_2.0,SRCSEDNM2,Categórica,2.0
SRCSEDNM2_4.0,SRCSEDNM2,Categórica,4.0
SRCSEDNM2_5.0,SRCSEDNM2,Categórica,5.0
SRCSEDNM2_6.0,SRCSEDNM2,Categórica,6.0
SRCSEDNM2_7.0,SRCSEDNM2,Categórica,7.0
SRCSEDNM2_8.0,SRCSEDNM2,Categórica,8.0
SRCSEDNM2_nan,SRCSEDNM2,Categórica,
SRCSTMNM2_2.0,SRCSTMNM2,Categórica,2.0
SRCSTMNM2_3.0,SRCSTMNM2,Categórica,3.0
SRCSTMNM2_4.0,SRCSTMNM2,Categórica,4.0
SRCSTMNM2_5.0,SRCSTMNM2,Categórica,5.0
SRCSTMNM2_6.0,SRCSTMNM2,Categórica,6.0
SRCSTMNM2_7.0,SRCSTMNM2,Categórica,7.0
SRCSTMNM2_8.0,SRCSTMNM2,Categórica,8.0
SRCSTMNM2_nan,SRCSTMNM2,Categórica,
SRCTRQNM2_2.0,SRCTRQNM2,Categórica,2.0
SRCTRQNM2_3.0,SRCTRQNM2,Categórica,3.0
SRCTRQNM2_4.0,SRCTRQNM2,Categórica,4.0
SRCTRQNM2_5.0,SRCTRQNM2,Categórica,5.0
SRCTRQNM2_6.0,SRCTRQNM2,Categórica,6.0
SRCTRQNM2_7.0,SRCTRQNM2,Categórica,7.0
SRCTRQNM2_8.0,SRCTRQNM2,Categórica,8.0
SRCTRQNM2_nan,SRCTRQNM2,Categórica,
STMANYFLAG_1,STMANYFLAG,Categórica,1
STMANYYR_1,STMANYYR,Categórica,1
STMMAINRSN_2.0,STMMAINRSN,Categórica,2.0
STMMAINRSN_3.0,STMMAINRSN,Categórica,3.0
STMMAINRSN_4.0,STMMAINRSN,Categórica,4.0
STMMAINRSN_5.0,STMMAINRSN,Categórica,5.0
STMMAINRSN_6.0,STMMAINRSN,Categórica,6.0
STMMAINRSN_7.0,STMMAINRSN,Categórica,7.0
STMMAINRSN_8.0,STMMAINRSN,Categórica,8.0
STMMAINRSN_9.0,STMMAINRSN,Categórica,9.0
STMMAINRSN_10.0,STMMAINRSN,Categórica,10.0
STMMAINRSN_nan,STMMAINRSN,Categórica,
STMNDAYPM_2,STMNDAYPM,Categórica,2
STMNDAYPM_3,STMNDAYPM,Categórica,3
STMNDAYPM_4,STMNDAYPM,Categórica,4
STMNDAYPM_5,STMNDAYPM,Categórica,5
STMNMFLAG_1,STMNMFLAG,Categórica,1
STMNMMON_1,STMNMMON,Categórica,1
STMNMYR_1,STMNMYR,Categórica,1
SVYRCNSANY_2,SVYRCNSANY,Categórica,2
SVYRCNSANY_3,SVYRCNSANY,Categórica,3
SVYRCNSANY_4,SVYRCNSANY,Categórica,4
SVYRCNSMIS_2,SVYRCNSMIS,Categórica,2
SVYRCNSMIS_3,SVYRCNSMIS,Categórica,3
SVYRCNSMIS_4,SVYRCNSMIS,Categórica,4
SVYRCNSUNM_2,SVYRCNSUNM,Categórica,2
SVYRCNSUNM_3,SVYRCNSUNM,Categórica,3
SVYRCNSUNM_4,SVYRCNSUNM,Categórica,4
SVYRDUDANY_2,SVYRDUDANY,Categórica,2
SVYRDUDANY_3,SVYRDUDANY,Categórica,3
SVYRDUDANY_4,SVYRDUDANY,Categórica,4
SVYROPIANY2_2,SVYROPIANY2,Categórica,2
SVYROPIANY2_3,SVYROPIANY2,Categórica,3
SVYROPIANY2_4,SVYROPIANY2,Categórica,4
SVYROPIMIS_2,SVYROPIMIS,Categórica,2
SVYROPIMIS_3,SVYROPIMIS,Categórica,3
SVYROPIMIS_4,SVYROPIMIS,Categórica,4
SVYROPIUNM_2,SVYROPIUNM,Categórica,2
SVYROPIUNM_3,SVYROPIUNM,Categórica,3
SVYROPIUNM_4,SVYROPIUNM,Categórica,4
SVYRPSYANY_2,SVYRPSYANY,Categórica,2
SVYRPSYANY_3,SVYRPSYANY,Categórica,3
SVYRPSYANY_4,SVYRPSYANY,Categórica,4
SVYRSUDANY_2,SVYRSUDANY,Categórica,2
SVYRSUDANY_3,SVYRSUDANY,Categórica,3
SVYRSUDANY_4,SVYRSUDANY,Categórica,4
SVYRTQSDANY_2,SVYRTQSDANY,Categórica,2
SVYRTQSDANY_3,SVYRTQSDANY,Categórica,3
SVYRTQSDANY_4,SVYRTQSDANY,Categórica,4
SVYRTQSDMIS_2,SVYRTQSDMIS,Categórica,2
SVYRTQSDMIS_3,SVYRTQSDMIS,Categórica,3
SVYRTQSDMIS_4,SVYRTQSDMIS,Categórica,4
SVYRTQSDUNM_2,SVYRTQSDUNM,Categórica,2
SVYRTQSDUNM_3,SVYRTQSDUNM,Categórica,3
SVYRTQSDUNM_4,SVYRTQSDUNM,Categórica,4
SYNMRJEVR_2,SYNMRJEVR,Categórica,2
SYNMRJEVR_85,SYNMRJEVR,Categórica,85
SYNMRJEVR_94,SYNMRJEVR,Categórica,94
SYNMRJEVR_97,SYNMRJEVR,Categórica,97
SYNMRJEVR_98,SYNMRJEVR,Categórica,98
SYNMRJFLAG_1,SYNMRJFLAG,Categórica,1
SYNMRJMON_1,SYNMRJMON,Categórica,1
SYNMRJREC_2,SYNMRJREC,Categórica,2
SYNMRJREC_3,SYNMRJREC,Categórica,3
SYNMRJREC_9,SYNMRJREC,Categórica,9
SYNMRJREC_85,SYNMRJREC,Categórica,85
SYNMRJREC_91,SYNMRJREC,Categórica,91
SYNMRJREC_98,SYNMRJREC,Categórica,98
SYNMRJYR_1,SYNMRJYR,Categórica,1
SYNSTMEVR_2,SYNSTMEVR,Categórica,2
SYNSTMEVR_85,SYNSTMEVR,Categórica,85
SYNSTMEVR_94,SYNSTMEVR,Categórica,94
SYNSTMEVR_97,SYNSTMEVR,Categórica,97
SYNSTMEVR_98,SYNSTMEVR,Categórica,98
SYNSTMFLAG_1,SYNSTMFLAG,Categórica,1
SYNSTMMON_1,SYNSTMMON,Categórica,1
SYNSTMREC_2,SYNSTMREC,Categórica,2
SYNSTMREC_3,SYNSTMREC,Categórica,3
SYNSTMREC_9,SYNSTMREC,Categórica,9
SYNSTMREC_85,SYNSTMREC,Categórica,85
SYNSTMREC_91,SYNSTMREC,Categórica,91
SYNSTMREC_98,SYNSTMREC,Categórica,98
SYNSTMYR_1,SYNSTMYR,Categórica,1
TELEAPTYR_2,TELEAPTYR,Categórica,2
TELEAPTYR_85,TELEAPTYR,Categórica,85
TELEAPTYR_94,TELEAPTYR,Categórica,94
TELEAPTYR_97,TELEAPTYR,Categórica,97
TELEAPTYR_98,TELEAPTYR,Categórica,98
TELEAPTYR2_1.0,TELEAPTYR2,Categórica,1.0
TELEAPTYR2_nan,TELEAPTYR2,Categórica,
TOBALCFLG_1,TOBALCFLG,Categórica,1
TOBALCMN_1,TOBALCMN,Categórica,1
TOBALCYR_1,TOBALCYR,Categórica,1
TOBCIGONL_2,TOBCIGONL,Categórica,2
TOBCIGONL_3,TOBCIGONL,Categórica,3
TOBCIGONL_4,TOBCIGONL,Categórica,4
TOBCIGVAP2_2,TOBCIGVAP2,Categórica,2
TOBCIGVAP2_3,TOBCIGVAP2,Categórica,3
TOBCIGVAP2_4,TOBCIGVAP2,Categórica,4
TOBFLAG_1,TOBFLAG,Categórica,1
TOBMON_1,TOBMON,Categórica,1
TOBVAPONL2_2,TOBVAPONL2,Categórica,2
TOBVAPONL2_3,TOBVAPONL2,Categórica,3
TOBVAPONL2_4,TOBVAPONL2,Categórica,4
TOBVNICFLAG_1,TOBVNICFLAG,Categórica,1
TOBVNICMON_1,TOBVNICMON,Categórica,1
TOBVNICYR_1,TOBVNICYR,Categórica,1
TOBYR_1,TOBYR,Categórica,1
TQSDANYFLG_1,TQSDANYFLG,Categórica,1
TQSDANYYR_1,TQSDANYYR,Categórica,1
TQSDNMFLAG_1,TQSDNMFLAG,Categórica,1
TQSDNMMON_1,TQSDNMMON,Categórica,1
TQSDNMYR_1,TQSDNMYR,Categórica,1
TRQANYFLAG_1,TRQANYFLAG,Categórica,1
TRQANYYR_1,TRQANYYR,Categórica,1
TRQMAINRSN_2.0,TRQMAINRSN,Categórica,2.0
TRQMAINRSN_3.0,TRQMAINRSN,Categórica,3.0
TRQMAINRSN_4.0,TRQMAINRSN,Categórica,4.0
TRQMAINRSN_5.0,TRQMAINRSN,Categórica,5.0
TRQMAINRSN_6.0,TRQMAINRSN,Categórica,6.0
TRQMAINRSN_7.0,TRQMAINRSN,Categórica,7.0
TRQMAINRSN_8.0,TRQMAINRSN,Categórica,8.0
TRQMAINRSN_9.0,TRQMAINRSN,Categórica,9.0
TRQMAINRSN_nan,TRQMAINRSN,Categórica,
TRQNDAYPM_2,TRQNDAYPM,Categórica,2
TRQNDAYPM_3,TRQNDAYPM,Categórica,3
TRQNDAYPM_4,TRQNDAYPM,Categórica,4
TRQNDAYPM_5,TRQNDAYPM,Categórica,5
TRQNMFLAG_1,TRQNMFLAG,Categórica,1
TRQNMMON_1,TRQNMMON,Categórica,1
TRQNMYR_1,TRQNMYR,Categórica,1
UADBAR_2.0,UADBAR,Categórica,2.0
UADBAR_nan,UADBAR,Categórica,
UADBUND_2.0,UADBUND,Categórica,2.0
UADBUND_3.0,UADBUND,Categórica,3.0
UADBUND_nan,UADBUND,Categórica,
UADBWHO_2.0,UADBWHO,Categórica,2.0
UADBWHO_3.0,UADBWHO,Categórica,3.0
UADBWHO_nan,UADBWHO,Categórica,
UADCAG_2.0,UADCAG,Categórica,2.0
UADCAG_3.0,UADCAG,Categórica,3.0
UADCAG_4.0,UADCAG,Categórica,4.0
UADCAG_5.0,UADCAG,Categórica,5.0
UADCAG_nan,UADCAG,Categórica,
UADCAR_2.0,UADCAR,Categórica,2.0
UADCAR_nan,UADCAR,Categórica,
UADEVNT_2.0,UADEVNT,Categórica,2.0
UADEVNT_nan,UADEVNT,Categórica,
UADFRD_2.0,UADFRD,Categórica,2.0
UADFRD_3.0,UADFRD,Categórica,3.0
UADFRD_nan,UADFRD,Categórica,
UADFWHO_2.0,UADFWHO,Categórica,2.0
UADFWHO_3.0,UADFWHO,Categórica,3.0
UADFWHO_4.0,UADFWHO,Categórica,4.0
UADFWHO_5.0,UADFWHO,Categórica,5.0
UADFWHO_6.0,UADFWHO,Categórica,6.0
UADFWHO_7.0,UADFWHO,Categórica,7.0
UADFWHO_8.0,UADFWHO,Categórica,8.0
UADFWHO_nan,UADFWHO,Categórica,
UADHOME_2.0,UADHOME,Categórica,2.0
UADHOME_nan,UADHOME,Categórica,
UADMONY_2.0,UADMONY,Categórica,2.0
UADMONY_3.0,UADMONY,Categórica,3.0
UADMONY_nan,UADMONY,Categórica,
UADOTHM_2.0,UADOTHM,Categórica,2.0
UADOTHM_nan,UADOTHM,Categórica,
UADOTSP2_2.0,UADOTSP2,Categórica,2.0
UADOTSP2_3.0,UADOTSP2,Categórica,3.0
UADOTSP2_4.0,UADOTSP2,Categórica,4.0
UADOTSP2_5.0,UADOTSP2,Categórica,5.0
UADOTSP2_7.0,UADOTSP2,Categórica,7.0
UADOTSP2_nan,UADOTSP2,Categórica,
UADPAID_2.0,UADPAID,Categórica,2.0
UADPAID_3.0,UADPAID,Categórica,3.0
UADPAID_nan,UADPAID,Categórica,
UADPEOP_2.0,UADPEOP,Categórica,2.0
UADPEOP_3.0,UADPEOP,Categórica,3.0
UADPEOP_4.0,UADPEOP,Categórica,4.0
UADPEOP_nan,UADPEOP,Categórica,
UADPLACE_2.0,UADPLACE,Categórica,2.0
UADPLACE_3.0,UADPLACE,Categórica,3.0
UADPLACE_4.0,UADPLACE,Categórica,4.0
UADPLACE_nan,UADPLACE,Categórica,
UADPUBL_2.0,UADPUBL,Categórica,2.0
UADPUBL_nan,UADPUBL,Categórica,
UADROTH_2.0,UADROTH,Categórica,2.0
UADROTH_nan,UADROTH,Categórica,
UADSCHL_2.0,UADSCHL,Categórica,2.0
UADSCHL_nan,UADSCHL,Categórica,
UD5ALNILANY_1,UD5ALNILANY,Categórica,1
UD5CNSANY_1,UD5CNSANY,Categórica,1
UD5CNSGRP_2,UD5CNSGRP,Categórica,2
UD5CNSGRP_3,UD5CNSGRP,Categórica,3
UD5HROPANY_2,UD5HROPANY,Categórica,2
UD5HROPANY_3,UD5HROPANY,Categórica,3
UD5HROPANY_4,UD5HROPANY,Categórica,4
UD5IEMANY_1,UD5IEMANY,Categórica,1
UD5ILAALANY_1,UD5ILAALANY,Categórica,1
UD5ILALANY_1,UD5ILALANY,Categórica,1
UD5ILLANY_1,UD5ILLANY,Categórica,1
UD5ILNALANY_1,UD5ILNALANY,Categórica,1
UD5OPIANY2_1,UD5OPIANY2,Categórica,1
UD5OPIGRP_2,UD5OPIGRP,Categórica,2
UD5OPIGRP_3,UD5OPIGRP,Categórica,3
UD5PSYANY_1,UD5PSYANY,Categórica,1
UD5TRQSDANY_1,UD5TRQSDANY,Categórica,1
UD5TRQSDGRP_2,UD5TRQSDGRP,Categórica,2
UD5TRQSDGRP_3,UD5TRQSDGRP,Categórica,3
UDYR5OPPRANY_1,UDYR5OPPRANY,Categórica,1
UDYR5PNRANY2_1,UDYR5PNRANY2,Categórica,1
UDYR5SEDANY_1,UDYR5SEDANY,Categórica,1
UDYR5STMANY_1,UDYR5STMANY,Categórica,1
UDYR5TRQANY_1,UDYR5TRQANY,Categórica,1
WRK35WKUS_2,WRK35WKUS,Categórica,2
WRK35WKUS_85,WRK35WKUS,Categórica,85
WRK35WKUS_94,WRK35WKUS,Categórica,94
WRK35WKUS_97,WRK35WKUS,Categórica,97
WRK35WKUS_98,WRK35WKUS,Categórica,98
WRK35WKUS_99,WRK35WKUS,Categórica,99
WRKDPSTWK_2,WRKDPSTWK,Categórica,2
WRKDPSTWK_4,WRKDPSTWK,Categórica,4
WRKDPSTWK_85,WRKDPSTWK,Categórica,85
WRKDPSTWK_94,WRKDPSTWK,Categórica,94
WRKDPSTWK_97,WRKDPSTWK,Categórica,97
WRKDPSTWK_98,WRKDPSTWK,Categórica,98
WRKDPSTYR_2,WRKDPSTYR,Categórica,2
WRKDPSTYR_85,WRKDPSTYR,Categórica,85
WRKDPSTYR_94,WRKDPSTYR,Categórica,94
WRKDPSTYR_97,WRKDPSTYR,Categórica,97
WRKDPSTYR_98,WRKDPSTYR,Categórica,98
WRKDPSTYR_99,WRKDPSTYR,Categórica,99
WRKEFFORT_2,WRKEFFORT,Categórica,2
WRKEFFORT_94,WRKEFFORT,Categórica,94
WRKEFFORT_97,WRKEFFORT,Categórica,97
WRKEFFORT_98,WRKEFFORT,Categórica,98
WRKEFFORT_99,WRKEFFORT,Categórica,99
WRKHADJOB_2,WRKHADJOB,Categórica,2
WRKHADJOB_4,WRKHADJOB,Categórica,4
WRKHADJOB_85,WRKHADJOB,Categórica,85
WRKHADJOB_94,WRKHADJOB,Categórica,94
WRKHADJOB_97,WRKHADJOB,Categórica,97
WRKHADJOB_98,WRKHADJOB,Categórica,98
WRKHADJOB_99,WRKHADJOB,Categórica,99
WRKNJBPYR_2,WRKNJBPYR,Categórica,2
WRKNJBPYR_85,WRKNJBPYR,Categórica,85
WRKNJBPYR_94,WRKNJBPYR,Categórica,94
WRKNJBPYR_97,WRKNJBPYR,Categórica,97
WRKNJBPYR_98,WRKNJBPYR,Categórica,98
WRKNJBPYR_99,WRKNJBPYR,Categórica,99
WRKNUMJOB2_2,WRKNUMJOB2,Categórica,2
WRKNUMJOB2_3,WRKNUMJOB2,Categórica,3
WRKNUMJOB2_4,WRKNUMJOB2,Categórica,4
WRKNUMJOB2_85,WRKNUMJOB2,Categórica,85
WRKNUMJOB2_94,WRKNUMJOB2,Categórica,94
WRKNUMJOB2_97,WRKNUMJOB2,Categórica,97
WRKNUMJOB2_98,WRKNUMJOB2,Categórica,98
WRKNUMJOB2_99,WRKNUMJOB2,Categórica,99
WRKRSNJOB_2,WRKRSNJOB,Categórica,2
WRKRSNJOB_3,WRKRSNJOB,Categórica,3
WRKRSNJOB_4,WRKRSNJOB,Categórica,4
WRKRSNJOB_5,WRKRSNJOB,Categórica,5
WRKRSNJOB_6,WRKRSNJOB,Categórica,6
WRKRSNJOB_7,WRKRSNJOB,Categórica,7
WRKRSNJOB_8,WRKRSNJOB,Categórica,8
WRKRSNJOB_985,WRKRSNJOB,Categórica,985
WRKRSNJOB_994,WRKRSNJOB,Categórica,994
WRKRSNJOB_997,WRKRSNJOB,Categórica,997
WRKRSNJOB_998,WRKRSNJOB,Categórica,998
WRKRSNJOB_999,WRKRSNJOB,Categórica,999
WRKRSNNOT_2,WRKRSNNOT,Categórica,2
WRKRSNNOT_3,WRKRSNNOT,Categórica,3
WRKRSNNOT_4,WRKRSNNOT,Categórica,4
WRKRSNNOT_5,WRKRSNNOT,Categórica,5
WRKRSNNOT_6,WRKRSNNOT,Categórica,6
WRKRSNNOT_7,WRKRSNNOT,Categórica,7
WRKRSNNOT_994,WRKRSNNOT,Categórica,994
WRKRSNNOT_997,WRKRSNNOT,Categórica,997
WRKRSNNOT_998,WRKRSNNOT,Categórica,998
WRKRSNNOT_999,WRKRSNNOT,Categórica,999
WRKSELFEM_2,WRKSELFEM,Categórica,2
WRKSELFEM_5,WRKSELFEM,Categórica,5
WRKSELFEM_85,WRKSELFEM,Categórica,85
WRKSELFEM_94,WRKSELFEM,Categórica,94
WRKSELFEM_97,WRKSELFEM,Categórica,97
WRKSELFEM_98,WRKSELFEM,Categórica,98
WRKSELFEM_99,WRKSELFEM,Categórica,99
WRKSTATWK2_2,WRKSTATWK2,Categórica,2
WRKSTATWK2_3,WRKSTATWK2,Categórica,3
WRKSTATWK2_4,WRKSTATWK2,Categórica,4
WRKSTATWK2_5,WRKSTATWK2,Categórica,5
WRKSTATWK2_6,WRKSTATWK2,Categórica,6
WRKSTATWK2_7,WRKSTATWK2,Categórica,7
WRKSTATWK2_8,WRKSTATWK2,Categórica,8
WRKSTATWK2_9,WRKSTATWK2,Categórica,9
WRKSTATWK2_98,WRKSTATWK2,Categórica,98
WTANSWER_2,WTANSWER,Categórica,2
WTANSWER_85,WTANSWER,Categórica,85
WTANSWER_94,WTANSWER,Categórica,94
WTANSWER_97,WTANSWER,Categórica,97
WTANSWER_98,WTANSWER,Categórica,98
ALCAGLST_estado_COD_989,ALCAGLST,Estado numérico,COD_989
ALCAGLST_estado_COD_991,ALCAGLST,Estado numérico,COD_991
ALCAGLST_estado_COD_994,ALCAGLST,Estado numérico,COD_994
ALCAGLST_estado_COD_997,ALCAGLST,Estado numérico,COD_997
ALCAGLST_estado_COD_998,ALCAGLST,Estado numérico,COD_998
ALCAGLST_estado_COD_999,ALCAGLST,Estado numérico,COD_999
ALCAGLST_estado_VALIDO,ALCAGLST,Estado numérico,VALIDO
ALCNUMDKPM_estado_VALIDO,ALCNUMDKPM,Estado numérico,VALIDO
ALCYLU_estado_COD_9989,ALCYLU,Estado numérico,COD_9989
ALCYLU_estado_COD_9991,ALCYLU,Estado numérico,COD_9991
ALCYLU_estado_COD_9994,ALCYLU,Estado numérico,COD_9994
ALCYLU_estado_COD_9997,ALCYLU,Estado numérico,COD_9997
ALCYLU_estado_COD_9998,ALCYLU,Estado numérico,COD_9998
ALCYLU_estado_COD_9999,ALCYLU,Estado numérico,COD_9999
ALCYLU_estado_VALIDO,ALCYLU,Estado numérico,VALIDO
ASTHMAAGE_estado_COD_994,ASTHMAAGE,Estado numérico,COD_994
ASTHMAAGE_estado_COD_997,ASTHMAAGE,Estado numérico,COD_997
ASTHMAAGE_estado_COD_998,ASTHMAAGE,Estado numérico,COD_998
ASTHMAAGE_estado_COD_999,ASTHMAAGE,Estado numérico,COD_999
ASTHMAAGE_estado_VALIDO,ASTHMAAGE,Estado numérico,VALIDO
BMI2_estado_VALIDO,BMI2,Estado numérico,VALIDO
CGRAGLST_estado_COD_991,CGRAGLST,Estado numérico,COD_991
CGRAGLST_estado_COD_994,CGRAGLST,Estado numérico,COD_994
CGRAGLST_estado_COD_997,CGRAGLST,Estado numérico,COD_997
CGRAGLST_estado_COD_998,CGRAGLST,Estado numérico,COD_998
CGRAGLST_estado_COD_999,CGRAGLST,Estado numérico,COD_999
CGRAGLST_estado_VALIDO,CGRAGLST,Estado numérico,VALIDO
CIGAGLST_estado_COD_991,CIGAGLST,Estado numérico,COD_991
CIGAGLST_estado_COD_994,CIGAGLST,Estado numérico,COD_994
CIGAGLST_estado_COD_997,CIGAGLST,Estado numérico,COD_997
CIGAGLST_estado_COD_998,CIGAGLST,Estado numérico,COD_998
CIGAGLST_estado_COD_999,CIGAGLST,Estado numérico,COD_999
CIGAGLST_estado_VALIDO,CIGAGLST,Estado numérico,VALIDO
CIGARYLU_estado_COD_9989,CIGARYLU,Estado numérico,COD_9989
CIGARYLU_estado_COD_9991,CIGARYLU,Estado numérico,COD_9991
CIGARYLU_estado_COD_9994,CIGARYLU,Estado numérico,COD_9994
CIGARYLU_estado_COD_9997,CIGARYLU,Estado numérico,COD_9997
CIGARYLU_estado_COD_9998,CIGARYLU,Estado numérico,COD_9998
CIGARYLU_estado_COD_9999,CIGARYLU,Estado numérico,COD_9999
CIGARYLU_estado_VALIDO,CIGARYLU,Estado numérico,VALIDO
CIGAVGM_estado_VALIDO,CIGAVGM,Estado numérico,VALIDO
CIGDLLST_estado_COD_991,CIGDLLST,Estado numérico,COD_991
CIGDLLST_estado_COD_994,CIGDLLST,Estado numérico,COD_994
CIGDLLST_estado_COD_997,CIGDLLST,Estado numérico,COD_997
CIGDLLST_estado_COD_998,CIGDLLST,Estado numérico,COD_998
CIGDLLST_estado_COD_999,CIGDLLST,Estado numérico,COD_999
CIGDLLST_estado_VALIDO,CIGDLLST,Estado numérico,VALIDO
CIGDLYLU_estado_COD_9989,CIGDLYLU,Estado numérico,COD_9989
CIGDLYLU_estado_COD_9991,CIGDLYLU,Estado numérico,COD_9991
CIGDLYLU_estado_COD_9994,CIGDLYLU,Estado numérico,COD_9994
CIGDLYLU_estado_COD_9997,CIGDLYLU,Estado numérico,COD_9997
CIGDLYLU_estado_COD_9998,CIGDLYLU,Estado numérico,COD_9998
CIGDLYLU_estado_COD_9999,CIGDLYLU,Estado numérico,COD_9999
CIGDLYLU_estado_VALIDO,CIGDLYLU,Estado numérico,VALIDO
CIGYLU_estado_COD_9989,CIGYLU,Estado numérico,COD_9989
CIGYLU_estado_COD_9991,CIGYLU,Estado numérico,COD_9991
CIGYLU_estado_COD_9994,CIGYLU,Estado numérico,COD_9994
CIGYLU_estado_COD_9997,CIGYLU,Estado numérico,COD_9997
CIGYLU_estado_COD_9998,CIGYLU,Estado numérico,COD_9998
CIGYLU_estado_COD_9999,CIGYLU,Estado numérico,COD_9999
CIGYLU_estado_VALIDO,CIGYLU,Estado numérico,VALIDO
CIRROSAGE_estado_COD_994,CIRROSAGE,Estado numérico,COD_994
CIRROSAGE_estado_COD_998,CIRROSAGE,Estado numérico,COD_998
CIRROSAGE_estado_COD_999,CIRROSAGE,Estado numérico,COD_999
CIRROSAGE_estado_VALIDO,CIRROSAGE,Estado numérico,VALIDO
COCAGLST_estado_COD_989,COCAGLST,Estado numérico,COD_989
COCAGLST_estado_COD_991,COCAGLST,Estado numérico,COD_991
COCAGLST_estado_COD_994,COCAGLST,Estado numérico,COD_994
COCAGLST_estado_COD_997,COCAGLST,Estado numérico,COD_997
COCAGLST_estado_COD_998,COCAGLST,Estado numérico,COD_998
COCAGLST_estado_COD_999,COCAGLST,Estado numérico,COD_999
COCAGLST_estado_VALIDO,COCAGLST,Estado numérico,VALIDO
COCYLU_estado_COD_9989,COCYLU,Estado numérico,COD_9989
COCYLU_estado_COD_9991,COCYLU,Estado numérico,COD_9991
COCYLU_estado_COD_9994,COCYLU,Estado numérico,COD_9994
COCYLU_estado_COD_9997,COCYLU,Estado numérico,COD_9997
COCYLU_estado_COD_9998,COCYLU,Estado numérico,COD_9998
COCYLU_estado_COD_9999,COCYLU,Estado numérico,COD_9999
COCYLU_estado_VALIDO,COCYLU,Estado numérico,VALIDO
COPDAGE_estado_COD_994,COPDAGE,Estado numérico,COD_994
COPDAGE_estado_COD_998,COPDAGE,Estado numérico,COD_998
COPDAGE_estado_COD_999,COPDAGE,Estado numérico,COD_999
COPDAGE_estado_VALIDO,COPDAGE,Estado numérico,VALIDO
CRKAGLST_estado_COD_991,CRKAGLST,Estado numérico,COD_991
CRKAGLST_estado_COD_994,CRKAGLST,Estado numérico,COD_994
CRKAGLST_estado_COD_997,CRKAGLST,Estado numérico,COD_997
CRKAGLST_estado_COD_998,CRKAGLST,Estado numérico,COD_998
CRKAGLST_estado_COD_999,CRKAGLST,Estado numérico,COD_999
CRKAGLST_estado_VALIDO,CRKAGLST,Estado numérico,VALIDO
CRKYLU_estado_COD_9989,CRKYLU,Estado numérico,COD_9989
CRKYLU_estado_COD_9991,CRKYLU,Estado numérico,COD_9991
CRKYLU_estado_COD_9994,CRKYLU,Estado numérico,COD_9994
CRKYLU_estado_COD_9997,CRKYLU,Estado numérico,COD_9997
CRKYLU_estado_COD_9998,CRKYLU,Estado numérico,COD_9998
CRKYLU_estado_COD_9999,CRKYLU,Estado numérico,COD_9999
CRKYLU_estado_VALIDO,CRKYLU,Estado numérico,VALIDO
DIABETEAG_estado_COD_994,DIABETEAG,Estado numérico,COD_994
DIABETEAG_estado_COD_997,DIABETEAG,Estado numérico,COD_997
DIABETEAG_estado_COD_998,DIABETEAG,Estado numérico,COD_998
DIABETEAG_estado_COD_999,DIABETEAG,Estado numérico,COD_999
DIABETEAG_estado_VALIDO,DIABETEAG,Estado numérico,VALIDO
ECSTMOAGL_estado_COD_989,ECSTMOAGL,Estado numérico,COD_989
ECSTMOAGL_estado_COD_991,ECSTMOAGL,Estado numérico,COD_991
ECSTMOAGL_estado_COD_994,ECSTMOAGL,Estado numérico,COD_994
ECSTMOAGL_estado_COD_997,ECSTMOAGL,Estado numérico,COD_997
ECSTMOAGL_estado_COD_998,ECSTMOAGL,Estado numérico,COD_998
ECSTMOAGL_estado_COD_999,ECSTMOAGL,Estado numérico,COD_999
ECSTMOAGL_estado_VALIDO,ECSTMOAGL,Estado numérico,VALIDO
ECSTMOYLU_estado_COD_9989,ECSTMOYLU,Estado numérico,COD_9989
ECSTMOYLU_estado_COD_9991,ECSTMOYLU,Estado numérico,COD_9991
ECSTMOYLU_estado_COD_9994,ECSTMOYLU,Estado numérico,COD_9994
ECSTMOYLU_estado_COD_9997,ECSTMOYLU,Estado numérico,COD_9997
ECSTMOYLU_estado_COD_9998,ECSTMOYLU,Estado numérico,COD_9998
ECSTMOYLU_estado_COD_9999,ECSTMOYLU,Estado numérico,COD_9999
ECSTMOYLU_estado_VALIDO,ECSTMOYLU,Estado numérico,VALIDO
EDUSCKCOM_estado_COD_94,EDUSCKCOM,Estado numérico,COD_94
EDUSCKCOM_estado_COD_97,EDUSCKCOM,Estado numérico,COD_97
EDUSCKCOM_estado_COD_98,EDUSCKCOM,Estado numérico,COD_98
EDUSCKCOM_estado_COD_99,EDUSCKCOM,Estado numérico,COD_99
EDUSCKCOM_estado_VALIDO,EDUSCKCOM,Estado numérico,VALIDO
EDUSCKMON_estado_COD_85,EDUSCKMON,Estado numérico,COD_85
EDUSCKMON_estado_COD_90,EDUSCKMON,Estado numérico,COD_90
EDUSCKMON_estado_COD_94,EDUSCKMON,Estado numérico,COD_94
EDUSCKMON_estado_COD_97,EDUSCKMON,Estado numérico,COD_97
EDUSCKMON_estado_COD_98,EDUSCKMON,Estado numérico,COD_98
EDUSCKMON_estado_COD_99,EDUSCKMON,Estado numérico,COD_99
EDUSCKMON_estado_VALIDO,EDUSCKMON,Estado numérico,VALIDO
EDUSKPCOM_estado_COD_97,EDUSKPCOM,Estado numérico,COD_97
EDUSKPCOM_estado_COD_98,EDUSKPCOM,Estado numérico,COD_98
EDUSKPCOM_estado_COD_99,EDUSKPCOM,Estado numérico,COD_99
EDUSKPCOM_estado_VALIDO,EDUSKPCOM,Estado numérico,VALIDO
EDUSKPMON_estado_COD_85,EDUSKPMON,Estado numérico,COD_85
EDUSKPMON_estado_COD_94,EDUSKPMON,Estado numérico,COD_94
EDUSKPMON_estado_COD_97,EDUSKPMON,Estado numérico,COD_97
EDUSKPMON_estado_COD_98,EDUSKPMON,Estado numérico,COD_98
EDUSKPMON_estado_COD_99,EDUSKPMON,Estado numérico,COD_99
EDUSKPMON_estado_VALIDO,EDUSKPMON,Estado numérico,VALIDO
HALLAGLST_estado_COD_989,HALLAGLST,Estado numérico,COD_989
HALLAGLST_estado_COD_991,HALLAGLST,Estado numérico,COD_991
HALLAGLST_estado_COD_994,HALLAGLST,Estado numérico,COD_994
HALLAGLST_estado_COD_997,HALLAGLST,Estado numérico,COD_997
HALLAGLST_estado_COD_998,HALLAGLST,Estado numérico,COD_998
HALLAGLST_estado_COD_999,HALLAGLST,Estado numérico,COD_999
HALLAGLST_estado_VALIDO,HALLAGLST,Estado numérico,VALIDO
HALLYRLST_estado_COD_9989,HALLYRLST,Estado numérico,COD_9989
HALLYRLST_estado_COD_9991,HALLYRLST,Estado numérico,COD_9991
HALLYRLST_estado_COD_9994,HALLYRLST,Estado numérico,COD_9994
HALLYRLST_estado_COD_9997,HALLYRLST,Estado numérico,COD_9997
HALLYRLST_estado_COD_9998,HALLYRLST,Estado numérico,COD_9998
HALLYRLST_estado_COD_9999,HALLYRLST,Estado numérico,COD_9999
HALLYRLST_estado_VALIDO,HALLYRLST,Estado numérico,VALIDO
HEPBCAGE_estado_COD_994,HEPBCAGE,Estado numérico,COD_994
HEPBCAGE_estado_COD_998,HEPBCAGE,Estado numérico,COD_998
HEPBCAGE_estado_COD_999,HEPBCAGE,Estado numérico,COD_999
HEPBCAGE_estado_VALIDO,HEPBCAGE,Estado numérico,VALIDO
HERAGLST_estado_COD_991,HERAGLST,Estado numérico,COD_991
HERAGLST_estado_COD_994,HERAGLST,Estado numérico,COD_994
HERAGLST_estado_COD_997,HERAGLST,Estado numérico,COD_997
HERAGLST_estado_COD_998,HERAGLST,Estado numérico,COD_998
HERAGLST_estado_COD_999,HERAGLST,Estado numérico,COD_999
HERAGLST_estado_VALIDO,HERAGLST,Estado numérico,VALIDO
HERYLU_estado_COD_9989,HERYLU,Estado numérico,COD_9989
HERYLU_estado_COD_9991,HERYLU,Estado numérico,COD_9991
HERYLU_estado_COD_9994,HERYLU,Estado numérico,COD_9994
HERYLU_estado_COD_9997,HERYLU,Estado numérico,COD_9997
HERYLU_estado_COD_9998,HERYLU,Estado numérico,COD_9998
HERYLU_estado_COD_9999,HERYLU,Estado numérico,COD_9999
HERYLU_estado_VALIDO,HERYLU,Estado numérico,VALIDO
HIGHBPAGE_estado_COD_994,HIGHBPAGE,Estado numérico,COD_994
HIGHBPAGE_estado_COD_998,HIGHBPAGE,Estado numérico,COD_998
HIGHBPAGE_estado_COD_999,HIGHBPAGE,Estado numérico,COD_999
HIGHBPAGE_estado_VALIDO,HIGHBPAGE,Estado numérico,VALIDO
HIVAIDSAG_estado_COD_994,HIVAIDSAG,Estado numérico,COD_994
HIVAIDSAG_estado_COD_997,HIVAIDSAG,Estado numérico,COD_997
HIVAIDSAG_estado_COD_998,HIVAIDSAG,Estado numérico,COD_998
HIVAIDSAG_estado_COD_999,HIVAIDSAG,Estado numérico,COD_999
HIVAIDSAG_estado_VALIDO,HIVAIDSAG,Estado numérico,VALIDO
HLCNOTMO_estado_COD_97,HLCNOTMO,Estado numérico,COD_97
HLCNOTMO_estado_COD_98,HLCNOTMO,Estado numérico,COD_98
HLCNOTMO_estado_COD_99,HLCNOTMO,Estado numérico,COD_99
HLCNOTMO_estado_VALIDO,HLCNOTMO,Estado numérico,VALIDO
HRTCONDAG_estado_COD_994,HRTCONDAG,Estado numérico,COD_994
HRTCONDAG_estado_COD_997,HRTCONDAG,Estado numérico,COD_997
HRTCONDAG_estado_COD_998,HRTCONDAG,Estado numérico,COD_998
HRTCONDAG_estado_COD_999,HRTCONDAG,Estado numérico,COD_999
HRTCONDAG_estado_VALIDO,HRTCONDAG,Estado numérico,VALIDO
HTINCHE2_estado_COD_994,HTINCHE2,Estado numérico,COD_994
HTINCHE2_estado_COD_997,HTINCHE2,Estado numérico,COD_997
HTINCHE2_estado_COD_998,HTINCHE2,Estado numérico,COD_998
HTINCHE2_estado_VALIDO,HTINCHE2,Estado numérico,VALIDO
INHLAGLST_estado_COD_991,INHLAGLST,Estado numérico,COD_991
INHLAGLST_estado_COD_994,INHLAGLST,Estado numérico,COD_994
INHLAGLST_estado_COD_997,INHLAGLST,Estado numérico,COD_997
INHLAGLST_estado_COD_998,INHLAGLST,Estado numérico,COD_998
INHLAGLST_estado_COD_999,INHLAGLST,Estado numérico,COD_999
INHLAGLST_estado_VALIDO,INHLAGLST,Estado numérico,VALIDO
INHLYRLST_estado_COD_9989,INHLYRLST,Estado numérico,COD_9989
INHLYRLST_estado_COD_9991,INHLYRLST,Estado numérico,COD_9991
INHLYRLST_estado_COD_9994,INHLYRLST,Estado numérico,COD_9994
INHLYRLST_estado_COD_9997,INHLYRLST,Estado numérico,COD_9997
INHLYRLST_estado_COD_9998,INHLYRLST,Estado numérico,COD_9998
INHLYRLST_estado_COD_9999,INHLYRLST,Estado numérico,COD_9999
INHLYRLST_estado_VALIDO,INHLYRLST,Estado numérico,VALIDO
IRWELMOS_estado_VALIDO,IRWELMOS,Estado numérico,VALIDO
KIDNYDSAG_estado_COD_994,KIDNYDSAG,Estado numérico,COD_994
KIDNYDSAG_estado_COD_997,KIDNYDSAG,Estado numérico,COD_997
KIDNYDSAG_estado_COD_998,KIDNYDSAG,Estado numérico,COD_998
KIDNYDSAG_estado_COD_999,KIDNYDSAG,Estado numérico,COD_999
KIDNYDSAG_estado_VALIDO,KIDNYDSAG,Estado numérico,VALIDO
LSDAGLST_estado_COD_989,LSDAGLST,Estado numérico,COD_989
LSDAGLST_estado_COD_991,LSDAGLST,Estado numérico,COD_991
LSDAGLST_estado_COD_994,LSDAGLST,Estado numérico,COD_994
LSDAGLST_estado_COD_997,LSDAGLST,Estado numérico,COD_997
LSDAGLST_estado_COD_998,LSDAGLST,Estado numérico,COD_998
LSDAGLST_estado_COD_999,LSDAGLST,Estado numérico,COD_999
LSDAGLST_estado_VALIDO,LSDAGLST,Estado numérico,VALIDO
LSDYLU_estado_COD_9989,LSDYLU,Estado numérico,COD_9989
LSDYLU_estado_COD_9991,LSDYLU,Estado numérico,COD_9991
LSDYLU_estado_COD_9994,LSDYLU,Estado numérico,COD_9994
LSDYLU_estado_COD_9997,LSDYLU,Estado numérico,COD_9997
LSDYLU_estado_COD_9998,LSDYLU,Estado numérico,COD_9998
LSDYLU_estado_COD_9999,LSDYLU,Estado numérico,COD_9999
LSDYLU_estado_VALIDO,LSDYLU,Estado numérico,VALIDO
METHAGLST_estado_COD_991,METHAGLST,Estado numérico,COD_991
METHAGLST_estado_COD_994,METHAGLST,Estado numérico,COD_994
METHAGLST_estado_COD_997,METHAGLST,Estado numérico,COD_997
METHAGLST_estado_COD_998,METHAGLST,Estado numérico,COD_998
METHAGLST_estado_COD_999,METHAGLST,Estado numérico,COD_999
METHAGLST_estado_VALIDO,METHAGLST,Estado numérico,VALIDO
METHYRLST_estado_COD_9989,METHYRLST,Estado numérico,COD_9989
METHYRLST_estado_COD_9991,METHYRLST,Estado numérico,COD_9991
METHYRLST_estado_COD_9994,METHYRLST,Estado numérico,COD_9994
METHYRLST_estado_COD_9997,METHYRLST,Estado numérico,COD_9997
METHYRLST_estado_COD_9998,METHYRLST,Estado numérico,COD_9998
METHYRLST_estado_COD_9999,METHYRLST,Estado numérico,COD_9999
METHYRLST_estado_VALIDO,METHYRLST,Estado numérico,VALIDO
MRJAGLST_estado_COD_989,MRJAGLST,Estado numérico,COD_989
MRJAGLST_estado_COD_991,MRJAGLST,Estado numérico,COD_991
MRJAGLST_estado_COD_994,MRJAGLST,Estado numérico,COD_994
MRJAGLST_estado_COD_997,MRJAGLST,Estado numérico,COD_997
MRJAGLST_estado_COD_998,MRJAGLST,Estado numérico,COD_998
MRJAGLST_estado_COD_999,MRJAGLST,Estado numérico,COD_999
MRJAGLST_estado_VALIDO,MRJAGLST,Estado numérico,VALIDO
MRJYLU_estado_COD_9989,MRJYLU,Estado numérico,COD_9989
MRJYLU_estado_COD_9991,MRJYLU,Estado numérico,COD_9991
MRJYLU_estado_COD_9994,MRJYLU,Estado numérico,COD_9994
MRJYLU_estado_COD_9997,MRJYLU,Estado numérico,COD_9997
MRJYLU_estado_COD_9998,MRJYLU,Estado numérico,COD_9998
MRJYLU_estado_COD_9999,MRJYLU,Estado numérico,COD_9999
MRJYLU_estado_VALIDO,MRJYLU,Estado numérico,VALIDO
NMERTMT2_estado_COD_985,NMERTMT2,Estado numérico,COD_985
NMERTMT2_estado_COD_994,NMERTMT2,Estado numérico,COD_994
NMERTMT2_estado_COD_997,NMERTMT2,Estado numérico,COD_997
NMERTMT2_estado_COD_998,NMERTMT2,Estado numérico,COD_998
NMERTMT2_estado_VALIDO,NMERTMT2,Estado numérico,VALIDO
NMNGTHS2_estado_COD_985,NMNGTHS2,Estado numérico,COD_985
NMNGTHS2_estado_COD_994,NMNGTHS2,Estado numérico,COD_994
NMNGTHS2_estado_COD_997,NMNGTHS2,Estado numérico,COD_997
NMNGTHS2_estado_COD_998,NMNGTHS2,Estado numérico,COD_998
NMNGTHS2_estado_COD_999,NMNGTHS2,Estado numérico,COD_999
NMNGTHS2_estado_VALIDO,NMNGTHS2,Estado numérico,VALIDO
NMVSOPT2_estado_COD_17,NMVSOPT2,Estado numérico,COD_17
NMVSOPT2_estado_COD_18,NMVSOPT2,Estado numérico,COD_18
NMVSOPT2_estado_COD_19,NMVSOPT2,Estado numérico,COD_19
NMVSOPT2_estado_COD_985,NMVSOPT2,Estado numérico,COD_985
NMVSOPT2_estado_COD_994,NMVSOPT2,Estado numérico,COD_994
NMVSOPT2_estado_COD_997,NMVSOPT2,Estado numérico,COD_997
NMVSOPT2_estado_COD_998,NMVSOPT2,Estado numérico,COD_998
NMVSOPT2_estado_VALIDO,NMVSOPT2,Estado numérico,VALIDO
NRCH17_2_estado_MISSING,NRCH17_2,Estado numérico,MISSING
NRCH17_2_estado_VALIDO,NRCH17_2,Estado numérico,VALIDO
PCPAGLST_estado_COD_991,PCPAGLST,Estado numérico,COD_991
PCPAGLST_estado_COD_994,PCPAGLST,Estado numérico,COD_994
PCPAGLST_estado_COD_997,PCPAGLST,Estado numérico,COD_997
PCPAGLST_estado_COD_998,PCPAGLST,Estado numérico,COD_998
PCPAGLST_estado_COD_999,PCPAGLST,Estado numérico,COD_999
PCPAGLST_estado_VALIDO,PCPAGLST,Estado numérico,VALIDO
PCPYLU_estado_COD_9991,PCPYLU,Estado numérico,COD_9991
PCPYLU_estado_COD_9994,PCPYLU,Estado numérico,COD_9994
PCPYLU_estado_COD_9997,PCPYLU,Estado numérico,COD_9997
PCPYLU_estado_COD_9998,PCPYLU,Estado numérico,COD_9998
PCPYLU_estado_COD_9999,PCPYLU,Estado numérico,COD_9999
PCPYLU_estado_VALIDO,PCPYLU,Estado numérico,VALIDO
SMKAGLAST_estado_COD_989,SMKAGLAST,Estado numérico,COD_989
SMKAGLAST_estado_COD_991,SMKAGLAST,Estado numérico,COD_991
SMKAGLAST_estado_COD_994,SMKAGLAST,Estado numérico,COD_994
SMKAGLAST_estado_COD_997,SMKAGLAST,Estado numérico,COD_997
SMKAGLAST_estado_COD_998,SMKAGLAST,Estado numérico,COD_998
SMKAGLAST_estado_COD_999,SMKAGLAST,Estado numérico,COD_999
SMKAGLAST_estado_VALIDO,SMKAGLAST,Estado numérico,VALIDO
SMKYRLAST_estado_COD_9989,SMKYRLAST,Estado numérico,COD_9989
SMKYRLAST_estado_COD_9991,SMKYRLAST,Estado numérico,COD_9991
SMKYRLAST_estado_COD_9994,SMKYRLAST,Estado numérico,COD_9994
SMKYRLAST_estado_COD_9997,SMKYRLAST,Estado numérico,COD_9997
SMKYRLAST_estado_COD_9998,SMKYRLAST,Estado numérico,COD_9998
SMKYRLAST_estado_COD_9999,SMKYRLAST,Estado numérico,COD_9999
SMKYRLAST_estado_VALIDO,SMKYRLAST,Estado numérico,VALIDO
WRKDHRSWK2_estado_COD_985,WRKDHRSWK2,Estado numérico,COD_985
WRKDHRSWK2_estado_COD_994,WRKDHRSWK2,Estado numérico,COD_994
WRKDHRSWK2_estado_COD_997,WRKDHRSWK2,Estado numérico,COD_997
WRKDHRSWK2_estado_COD_998,WRKDHRSWK2,Estado numérico,COD_998
WRKDHRSWK2_estado_COD_999,WRKDHRSWK2,Estado numérico,COD_999
WRKDHRSWK2_estado_VALIDO,WRKDHRSWK2,Estado numérico,VALIDO
WRKLASTYR2_estado_COD_9985,WRKLASTYR2,Estado numérico,COD_9985
WRKLASTYR2_estado_COD_9991,WRKLASTYR2,Estado numérico,COD_9991
WRKLASTYR2_estado_COD_9994,WRKLASTYR2,Estado numérico,COD_9994
WRKLASTYR2_estado_COD_9997,WRKLASTYR2,Estado numérico,COD_9997
WRKLASTYR2_estado_COD_9998,WRKLASTYR2,Estado numérico,COD_9998
WRKLASTYR2_estado_COD_9999,WRKLASTYR2,Estado numérico,COD_9999
WRKLASTYR2_estado_VALIDO,WRKLASTYR2,Estado numérico,VALIDO
WRKNJBWKS_estado_COD_94,WRKNJBWKS,Estado numérico,COD_94
WRKNJBWKS_estado_COD_97,WRKNJBWKS,Estado numérico,COD_97
WRKNJBWKS_estado_COD_98,WRKNJBWKS,Estado numérico,COD_98
WRKNJBWKS_estado_COD_99,WRKNJBWKS,Estado numérico,COD_99
WRKNJBWKS_estado_VALIDO,WRKNJBWKS,Estado numérico,VALIDO
WRKSICKMO_estado_COD_85,WRKSICKMO,Estado numérico,COD_85
WRKSICKMO_estado_COD_94,WRKSICKMO,Estado numérico,COD_94
WRKSICKMO_estado_COD_97,WRKSICKMO,Estado numérico,COD_97
WRKSICKMO_estado_COD_98,WRKSICKMO,Estado numérico,COD_98
WRKSICKMO_estado_COD_99,WRKSICKMO,Estado numérico,COD_99
WRKSICKMO_estado_VALIDO,WRKSICKMO,Estado numérico,VALIDO
WRKSKIPMO_estado_COD_85,WRKSKIPMO,Estado numérico,COD_85
WRKSKIPMO_estado_COD_94,WRKSKIPMO,Estado numérico,COD_94
WRKSKIPMO_estado_COD_97,WRKSKIPMO,Estado numérico,COD_97
WRKSKIPMO_estado_COD_98,WRKSKIPMO,Estado numérico,COD_98
WRKSKIPMO_estado_COD_99,WRKSKIPMO,Estado numérico,COD_99
WRKSKIPMO_estado_VALIDO,WRKSKIPMO,Estado numérico,VALIDO
WTPOUND2_estado_COD_9994,WTPOUND2,Estado numérico,COD_9994
WTPOUND2_estado_COD_9997,WTPOUND2,Estado numérico,COD_9997
WTPOUND2_estado_COD_9998,WTPOUND2,Estado numérico,COD_9998
WTPOUND2_estado_VALIDO,WTPOUND2,Estado numérico,VALIDO
