variable_original,score_f,coef_l1,importancia_rf,percentil_f,percentil_l1,percentil_rf,puntuacion_conjunta,metodos_top10pct,target,posicion
CAMHRCVR,7713.76810530692,3.526325742129105e-11,0.04819247638168865,0.9981549815498155,0.9612546125461254,1.0,0.986469864698647,3,IRAMDEYR,1
CAMHPROB,7713.76810530692,3.526325742129105e-11,0.044276522875081395,0.9981549815498155,0.9612546125461254,0.998769987699877,0.9860598605986061,3,IRAMDEYR,2
CAMHPROB2,8138.269349962695,3.412265105998468e-11,0.042009316692215075,1.0,0.959409594095941,0.997539975399754,0.985649856498565,3,IRAMDEYR,3
LVLDIFMEM2,2594.8113318213245,1.3440777102256352e-11,0.009959050584784529,0.996309963099631,0.9446494464944649,0.996309963099631,0.979089790897909,3,IRAMDEYR,4
RCVYMHPRB,1438.623781546237,1.3363499703980153e-11,0.009212197411210314,0.990159901599016,0.9434194341943419,0.995079950799508,0.976219762197622,3,IRAMDEYR,5
LVLDIFCOMM2,1447.5381425180783,9.535325638178256e-12,0.006702986038441156,0.993849938499385,0.8917589175891759,0.993849938499385,0.959819598195982,2,IRAMDEYR,6
MRJAGLST,787.0552408231832,1.3074097843909264e-11,0.0050034401467554356,0.956949569495695,0.9366543665436654,0.984009840098401,0.9592045920459205,3,IRAMDEYR,7
LVLDIFCARE2,1999.0573441622225,9.431003644788828e-12,0.0064388068829426956,0.995079950799508,0.8856088560885609,0.992619926199262,0.957769577695777,2,IRAMDEYR,8
UD5ILALANY,1427.7149031046024,1.346398383302535e-11,0.004394542824902307,0.9876998769987699,0.9458794587945879,0.933579335793358,0.955719557195572,3,IRAMDEYR,9
HALLYRLST,688.6377168861559,3.485822296875443e-10,0.004674118484212331,0.9378843788437884,0.971709717097171,0.955719557195572,0.9551045510455105,3,IRAMDEYR,10
SVYRSUDANY,1427.7149031046183,1.4508283212288223e-11,0.003109064104102744,0.988929889298893,0.95079950799508,0.9114391143911439,0.950389503895039,3,IRAMDEYR,11
ILLYR,1094.5907028100944,1.326502009813577e-11,0.003518407929809307,0.984009840098401,0.942189421894219,0.9175891758917589,0.947929479294793,3,IRAMDEYR,12
INHLAGLST,568.3845211008418,2.1557983344791856e-09,0.004666236535109207,0.9108241082410824,0.9790897908979089,0.9532595325953259,0.9477244772447723,3,IRAMDEYR,13
MRJYLU,787.0552408231832,3.30919025078631e-11,0.004294703354065911,0.956949569495695,0.956949569495695,0.9286592865928659,0.9475194751947519,3,IRAMDEYR,14
SVYRDUDANY,1445.6020386362566,1.2192655830783585e-11,0.0036452299183509273,0.992619926199262,0.9298892988929889,0.9200492004920049,0.9475194751947519,3,IRAMDEYR,15
CBDHMPFLAG,1097.9037001470856,1.3886838672825222e-11,0.002949340431139971,0.985239852398524,0.948339483394834,0.9077490774907749,0.947109471094711,3,IRAMDEYR,16
ILIMFOTHYR,1081.3714231171127,1.3693165051462594e-11,0.002530579274150964,0.982779827798278,0.947109471094711,0.9040590405904059,0.9446494464944649,3,IRAMDEYR,17
MJVAPFLAG,1180.4979447085452,1.2937512193014173e-11,0.0026720348823302876,0.986469864698647,0.933579335793358,0.9052890528905289,0.941779417794178,3,IRAMDEYR,18
UD5ILLANY,1445.6020386362288,1.1148356589258922e-11,0.003500599410414298,0.991389913899139,0.9188191881918819,0.915129151291513,0.941779417794178,3,IRAMDEYR,19
HPDRGTALK,819.0545787474895,1.3220369372935203e-11,0.003585058939589884,0.9630996309963099,0.940959409594096,0.9188191881918819,0.9409594095940959,3,IRAMDEYR,20
MRJYDAYS,964.006753528159,1.3086305704624232e-11,0.002492197937470453,0.976629766297663,0.939729397293973,0.9015990159901599,0.9393193931939319,3,IRAMDEYR,21
HALLAGLST,688.6377168861559,1.0226389245195148e-11,0.004817425907131522,0.9378843788437884,0.9052890528905289,0.974169741697417,0.9391143911439115,3,IRAMDEYR,22
ILIMFOTHFG,823.7705344718009,1.1975509439460851e-11,0.0034078458733830595,0.965559655596556,0.923739237392374,0.9138991389913899,0.9343993439934399,3,IRAMDEYR,23
ECSTMOAGL,370.2419656905591,1.261693645004462e-07,0.0048040858890412924,0.8327183271832719,0.996309963099631,0.9704797047970479,0.9331693316933171,2,IRAMDEYR,24
WRKNJBWKS,344.0884200119657,4.328116004057817e-09,0.005107322936150826,0.8216482164821648,0.982779827798278,0.988929889298893,0.931119311193112,2,IRAMDEYR,25
ILLFLAG,844.3600919530858,1.233538448513555e-11,0.0018876237837723278,0.966789667896679,0.931119311193112,0.8892988929889298,0.9290692906929069,2,IRAMDEYR,26
TQSDANYFLG,820.7343686289438,1.055548752173891e-11,0.0030732252131359357,0.964329643296433,0.9126691266912669,0.9102091020910209,0.9290692906929069,3,IRAMDEYR,27
WRKSKIPMO,342.5666591507028,3.276615205754349e-08,0.004862087212337369,0.8204182041820418,0.9876998769987699,0.977859778597786,0.9286592865928659,2,IRAMDEYR,28
ILLANDALC,990.9214188719607,1.2030909559204731e-11,0.0016844244754308953,0.977859778597786,0.9261992619926199,0.8794587945879458,0.9278392783927839,2,IRAMDEYR,29
MRJMLU,787.0552408231832,1.3074097843909264e-11,0.0017406701953397719,0.956949569495695,0.9366543665436654,0.8831488314883149,0.9255842558425584,2,IRAMDEYR,30
CASURCVR,871.3481748421372,1.0429838927946596e-11,0.001968266546037928,0.9698646986469864,0.9108241082410824,0.8929889298892989,0.924559245592456,2,IRAMDEYR,31
MRJFLAG,785.5293188319105,1.2017682661772863e-11,0.0019352203737270793,0.9532595325953259,0.9249692496924969,0.8917589175891759,0.923329233292333,2,IRAMDEYR,32
DRVINMARJ,787.0552408231832,1.3074097843909264e-11,0.001630150777594565,0.956949569495695,0.9366543665436654,0.8745387453874539,0.9227142271422714,2,IRAMDEYR,33
NMVSOPT2,406.8318336840132,1.7689832222363638e-11,0.004711345127851158,0.8474784747847478,0.9544895448954489,0.9630996309963099,0.9216892168921689,2,IRAMDEYR,34
ILLEMFLAG2,956.490850451996,1.2458159610181786e-11,0.0011812318264355138,0.974169741697417,0.932349323493235,0.8560885608856088,0.9208692086920869,2,IRAMDEYR,35
MRJYRBFR,787.0552408231832,1.3074097843909264e-11,0.0014773776003454597,0.956949569495695,0.9366543665436654,0.8671586715867159,0.9202542025420254,2,IRAMDEYR,36
HEALTH2,862.984230217988,8.638007406970608e-12,0.003511943915639677,0.968019680196802,0.8696186961869619,0.9163591635916359,0.9179991799917998,2,IRAMDEYR,37
STMANYFLAG,882.372530946677,9.164877242570416e-12,0.0027829734343427243,0.971709717097171,0.8733087330873309,0.906519065190652,0.917179171791718,2,IRAMDEYR,38
TRQANYFLAG,807.4653046893067,9.770997448274331e-12,0.002021551586923909,0.9618696186961869,0.8942189421894219,0.8954489544895449,0.9171791717917178,1,IRAMDEYR,39
CASUPROB2,1059.2479777666338,9.326048004878577e-12,0.0018834870790666377,0.981549815498155,0.8769987699876999,0.8880688806888068,0.9155391553915538,1,IRAMDEYR,40
CASUPROB,871.3481748421372,1.0429838927946596e-11,0.0013006324949215752,0.9698646986469864,0.9108241082410824,0.8622386223862238,0.914309143091431,2,IRAMDEYR,41
FUMJ21,683.6199965523153,1.2115012266816185e-11,0.0016570465268769723,0.9348093480934809,0.9286592865928659,0.8769987699876999,0.9134891348913489,2,IRAMDEYR,42
NICVAPFLAG,801.9311902693807,1.149696903481515e-11,0.0011253012632121192,0.9606396063960639,0.9212792127921279,0.8462484624846248,0.9093890938909389,2,IRAMDEYR,43
PREGST,562.502771520763,1.0329584380851556e-11,0.0032325729043387354,0.9071340713407134,0.9083640836408364,0.9126691266912669,0.9093890938909389,3,IRAMDEYR,44
PREGSTAT,562.502771520763,1.0329584380851556e-11,0.003017182530999122,0.9071340713407134,0.9083640836408364,0.9089790897908979,0.9081590815908159,3,IRAMDEYR,45
CATAG7,545.7038885939215,1.0583544289524613e-11,0.002089101668946738,0.8985239852398524,0.9145141451414515,0.8966789667896679,0.9032390323903239,1,IRAMDEYR,46
LSDAGLST,324.33947436945084,3.3445083214021516e-10,0.0044402405416630935,0.8019680196801968,0.9704797047970479,0.9372693726937269,0.9032390323903239,2,IRAMDEYR,47
INHLYRLST,568.3845211008418,7.654803144928957e-12,0.004602552091332397,0.9108241082410824,0.8462484624846248,0.948339483394834,0.9018040180401803,2,IRAMDEYR,48
NOMARR2,556.7969264824383,9.84654796525363e-12,0.0025040539229512038,0.9015990159901599,0.8966789667896679,0.9028290282902829,0.9003690036900368,2,IRAMDEYR,49
CATAGE,545.7038885939215,1.0583544289524613e-11,0.001875704547982896,0.8985239852398524,0.9145141451414515,0.8868388683886839,0.8999589995899959,1,IRAMDEYR,50
IRPYSEV5MRJ,996.3952197562767,9.360247582463646e-12,0.0010775928526263977,0.980319803198032,0.8782287822878229,0.8413284132841329,0.8999589995899959,1,IRAMDEYR,51
IRPYUD5MRJ,996.3952197562554,8.315948340944554e-12,0.0012025771980922794,0.9790897908979089,0.8597785977859779,0.8585485854858549,0.8991389913899139,1,IRAMDEYR,52
DRVINHALL,688.6377168861559,1.0226389245195148e-11,0.001178265587146338,0.9378843788437884,0.9052890528905289,0.8536285362853628,0.8989339893398934,2,IRAMDEYR,53
IRMARIT,556.7413510900888,9.845916685306064e-12,0.0021352465123805507,0.9003690036900369,0.8954489544895449,0.8991389913899139,0.8983189831898319,1,IRAMDEYR,54
ASTHMAAGE,276.55306577687713,1.6228096637118565e-10,0.0046678862613398564,0.7736777367773677,0.966789667896679,0.9544895448954489,0.8983189831898318,2,IRAMDEYR,55
PSYCHFLAG,772.860346883941,8.061046631813813e-12,0.001657873585556159,0.95079950799508,0.8548585485854858,0.8782287822878229,0.8946289462894629,1,IRAMDEYR,56
COCYLU,230.08872938320852,2.0306816613367307e-09,0.004694695007601275,0.7447724477244773,0.977859778597786,0.958179581795818,0.8936039360393604,2,IRAMDEYR,57
LSDYLU,324.33947436945084,9.9159183931764e-12,0.004891086344435731,0.8019680196801968,0.897908979089791,0.980319803198032,0.8933989339893399,1,IRAMDEYR,58
SEXAGE,579.6024365357649,9.415712246301475e-12,0.0015471739990322011,0.9175891758917589,0.8825338253382534,0.8708487084870848,0.8903239032390324,1,IRAMDEYR,59
MJVAPYR,894.5151533163685,8.527836817912109e-12,0.0008676396628405227,0.972939729397294,0.8646986469864698,0.8241082410824109,0.8872488724887249,1,IRAMDEYR,60
CNSANYYR,773.0457146753968,7.538603641622343e-12,0.0013194333426471776,0.9520295202952029,0.8413284132841329,0.8634686346863468,0.8856088560885609,1,IRAMDEYR,61
MJSMKYR,717.9085676766732,9.491898953202176e-12,0.0008600613539759803,0.9446494464944649,0.8892988929889298,0.8204182041820418,0.8847888478884789,1,IRAMDEYR,62
GRSKLSDTRY,452.6331489645686,1.0048712996214371e-11,0.0018904557586274296,0.8603936039360394,0.9009840098400984,0.8905289052890529,0.8839688396883969,1,IRAMDEYR,63
LVLDIFSEE2,529.0017068776887,8.400726201300786e-12,0.0023950790856995946,0.8892988929889298,0.8622386223862238,0.9003690036900369,0.8839688396883968,1,IRAMDEYR,64
FUNICVAP21,664.0710931251867,9.255969425300251e-12,0.0010604578155821505,0.932349323493235,0.8757687576875769,0.8400984009840098,0.8827388273882738,1,IRAMDEYR,65
COCAGLST,230.08872938320852,9.079477455193176e-11,0.004460554597201548,0.7447724477244773,0.9630996309963099,0.9384993849938499,0.8821238212382124,2,IRAMDEYR,66
HEALTH,590.4345511674416,6.7551744581647096e-12,0.0021145257179337367,0.9212792127921279,0.8265682656826568,0.897908979089791,0.881918819188192,1,IRAMDEYR,67
TQSDANYYR,627.4445478348899,7.432524583444397e-12,0.0016006555308165466,0.9274292742927429,0.8400984009840098,0.8733087330873309,0.8802788027880278,1,IRAMDEYR,68
METHAGLST,171.77063348488107,1.649111166032899e-08,0.004939408518015216,0.6678966789667896,0.986469864698647,0.981549815498155,0.8786387863878639,2,IRAMDEYR,69
MJEATYR,700.0356491920213,8.173780549112864e-12,0.0009990574536804361,0.9434194341943419,0.8585485854858549,0.8339483394833949,0.8786387863878639,1,IRAMDEYR,70
ILIMFOTHMN,749.0110061035621,1.0189279142840146e-11,0.0007329779739839949,0.948339483394834,0.9028290282902829,0.7835178351783518,0.878228782287823,2,IRAMDEYR,71
CATAG2,466.4507639831013,9.415712246301475e-12,0.0017878464162751366,0.8671586715867159,0.8825338253382534,0.8843788437884379,0.8780237802378025,0,IRAMDEYR,72
DRVINDETAG,466.4507639831013,9.415712246301475e-12,0.0016525926773472554,0.8671586715867159,0.8825338253382534,0.8757687576875769,0.8751537515375154,0,IRAMDEYR,73
PSYANYYR2,532.4736608258308,9.39482603865292e-12,0.0011321533753555718,0.8929889298892989,0.8794587945879458,0.8474784747847478,0.8733087330873309,0,IRAMDEYR,74
WRKSICKMO,178.1431004807158,1.3887535604986927e-11,0.00508168406723195,0.6826568265682657,0.949569495694957,0.9876998769987699,0.8733087330873307,2,IRAMDEYR,75
RSKLSDTRY,452.6331489645686,1.0048712996214371e-11,0.001198218829448995,0.8603936039360394,0.9009840098400984,0.8573185731857319,0.8728987289872899,1,IRAMDEYR,76
DRVINAGE,466.4507639831013,9.415712246301475e-12,0.001491850472597722,0.8671586715867159,0.8825338253382534,0.8683886838868389,0.8726937269372694,0,IRAMDEYR,77
CATAG3,476.3096446259312,7.64892699279631e-12,0.002009811808610466,0.8757687576875769,0.8437884378843789,0.8942189421894219,0.8712587125871258,0,IRAMDEYR,78
HRTCONDAG,157.41244096239438,7.419643752157101e-07,0.004759891877088112,0.6469864698646987,1.0,0.965559655596556,0.870848708487085,2,IRAMDEYR,79
STMANYYR,666.1004197077422,6.413231187828246e-12,0.0012645368411382863,0.933579335793358,0.8179581795817958,0.8610086100861009,0.870848708487085,1,IRAMDEYR,80
CBDHMPYR,626.4151231770896,8.63179549317692e-12,0.0008135566031975491,0.9261992619926199,0.8683886838868389,0.8093480934809348,0.8679786797867979,1,IRAMDEYR,81
PREGAGE2,467.7907135745534,8.58635377966786e-12,0.0013261856871483086,0.8696186961869619,0.8671586715867159,0.8646986469864698,0.8671586715867159,0,IRAMDEYR,82
HALLMOLST,688.6377168861559,1.0226389245195148e-11,0.0006555988563442584,0.9378843788437884,0.9052890528905289,0.7576875768757687,0.8669536695366954,2,IRAMDEYR,83
PSYANYFLAG2,452.297132662668,8.89412597658188e-12,0.0015017281944685633,0.8585485854858549,0.8720787207872078,0.8696186961869619,0.8667486674866748,0,IRAMDEYR,84
MRJYR,964.0067535281449,1.2042006325361984e-11,0.0005258158942285002,0.97539975399754,0.9274292742927429,0.6961869618696187,0.8663386633866339,2,IRAMDEYR,85
MRJMDAYS,598.9353283221855,9.443190745978975e-12,0.0007370263985496137,0.9231242312423125,0.8874538745387454,0.7847478474784748,0.8651086510865108,1,IRAMDEYR,86
ECSTMOYLU,370.2419656905591,5.896576207420765e-12,0.0047678588821087895,0.8327183271832719,0.7939729397293973,0.966789667896679,0.8644936449364494,1,IRAMDEYR,87
HALLUCFLAG,698.4522177934459,9.219840391770134e-12,0.0006988805386391482,0.942189421894219,0.8745387453874539,0.7749077490774908,0.8638786387863879,1,IRAMDEYR,88
UD5ILNALANY,730.5009225043639,6.83908516426225e-12,0.0008396500594853788,0.947109471094711,0.8277982779827798,0.8167281672816729,0.8638786387863879,1,IRAMDEYR,89
TELEAPTYR,383.55535153185394,8.575641720333992e-12,0.0017005330955833287,0.8413284132841329,0.8659286592865929,0.8806888068880688,0.8626486264862648,0,IRAMDEYR,90
PSILCYFLAG,580.6585563405928,7.307220230969141e-12,0.000872829100271875,0.9188191881918819,0.8339483394833949,0.8277982779827798,0.8601886018860189,1,IRAMDEYR,91
TRQANYYR,574.9231998630152,6.535648267205535e-12,0.0011030015667655678,0.915129151291513,0.8191881918819188,0.8437884378843789,0.8593685936859369,1,IRAMDEYR,92
TELEAPTYR2,422.4254715785625,7.710597185694297e-12,0.0015760900404672394,0.8499384993849939,0.8511685116851169,0.8720787207872078,0.8577285772857728,0,IRAMDEYR,93
SEDANYFLAG,561.4473820082641,6.3679451801470936e-12,0.0011513433860358886,0.9040590405904059,0.8167281672816729,0.8499384993849939,0.8569085690856909,1,IRAMDEYR,94
RXAMMEANY,658.4107320916125,5.879280837734658e-12,0.0010106624545301046,0.931119311193112,0.7921279212792128,0.8351783517835178,0.8528085280852808,1,IRAMDEYR,95
ILLEMYR2,771.4717558373269,7.572955535546425e-12,0.0006572049662790975,0.949569495694957,0.8425584255842559,0.7601476014760148,0.8507585075850758,1,IRAMDEYR,96
DIFOBTMRJ,435.8820398756137,7.773077660182225e-12,0.0010425379336508024,0.8536285362853628,0.8523985239852399,0.8376383763837638,0.8478884788847889,0,IRAMDEYR,97
RCVYSUBPRB,578.9110157906566,6.006903238038222e-12,0.0008657930977073436,0.9163591635916359,0.8007380073800738,0.8228782287822878,0.8466584665846658,1,IRAMDEYR,98
IRPYSEV5ALC,531.9650327451499,7.657472906347121e-12,0.0007650134624023893,0.8905289052890529,0.8487084870848709,0.7982779827798278,0.8458384583845838,0,IRAMDEYR,99
IRPYUD5ALC,531.9650327451642,6.613173527104355e-12,0.0008691126472558058,0.8917589175891759,0.8204182041820418,0.8253382533825339,0.8458384583845838,0,IRAMDEYR,100
CIGAGLST,137.66643714019114,1.5347087181500454e-11,0.004840058377667991,0.6076260762607626,0.9520295202952029,0.976629766297663,0.8454284542845428,2,IRAMDEYR,101
NICVAPYR,561.5656139319211,8.081187559407183e-12,0.0006699501697801719,0.9052890528905289,0.8573185731857319,0.7687576875768758,0.8437884378843789,1,IRAMDEYR,102
NMERTMT2,179.43777048599966,3.31556820394673e-11,0.0017305272561920664,0.6851168511685117,0.958179581795818,0.8819188191881919,0.8417384173841738,1,IRAMDEYR,103
DIFGETMRJ,345.6837655151336,7.820836064225083e-12,0.0010312981462784463,0.8228782287822878,0.8536285362853628,0.8364083640836408,0.8376383763837638,0,IRAMDEYR,104
SNAFLMJTRY,480.21141810267574,6.8824631729133165e-12,0.0007861248974113857,0.8769987699876999,0.8290282902829028,0.8019680196801968,0.8359983599835998,0,IRAMDEYR,105
BZOANYYR,488.4542046163588,5.357072071050606e-12,0.001138132300022974,0.8794587945879458,0.7699876998769988,0.8487084870848709,0.8327183271832719,0,IRAMDEYR,106
CRKAGLST,131.4376008859675,9.463877771750116e-09,0.004408943438902547,0.5793357933579336,0.984009840098401,0.9348093480934809,0.8327183271832718,2,IRAMDEYR,107
HLCNOTMO,124.90512346266334,7.189947220617582e-10,0.004708317569321156,0.5596555965559655,0.976629766297663,0.9606396063960639,0.8323083230832308,2,IRAMDEYR,108
GRSKMRJWK,342.5248770592948,6.901639797328042e-12,0.0011056567110423346,0.8185731857318573,0.8308733087330873,0.8450184501845018,0.8314883148831488,0,IRAMDEYR,109
DRVININHL,568.3845211008418,7.654803144928957e-12,0.000592113281852726,0.9108241082410824,0.8462484624846248,0.7318573185731857,0.8296432964329643,1,IRAMDEYR,110
PCPYLU,121.13687982578828,1.898537985255446e-11,0.004986469412672986,0.5485854858548586,0.955719557195572,0.982779827798278,0.8290282902829028,2,IRAMDEYR,111
RSKYFQDGR,379.72166763390584,6.0594819452164414e-12,0.0010551335292944685,0.8400984009840098,0.8031980319803198,0.8388683886838868,0.8273882738827387,0,IRAMDEYR,112
FUMJ18,527.3790935571337,9.92946766581139e-12,0.0005200117828758089,0.8880688806888068,0.8991389913899139,0.6912669126691267,0.8261582615826158,0,IRAMDEYR,113
ILLMON,726.6159294217653,9.523236995034041e-12,0.0004112119647997401,0.9458794587945879,0.8905289052890529,0.6420664206642066,0.8261582615826158,1,IRAMDEYR,114
HERAGLST,114.03746674552427,4.6236535449918636e-10,0.0047880400912230425,0.5301353013530136,0.974169741697417,0.968019680196802,0.8241082410824108,2,IRAMDEYR,115
INHLMOLST,568.3845211008418,7.654803144928957e-12,0.0005609798471062434,0.9108241082410824,0.8462484624846248,0.7121771217712177,0.8230832308323083,1,IRAMDEYR,116
CIGDLYLU,99.68523552325107,5.563401747371285e-08,0.005219980460527422,0.482779827798278,0.990159901599016,0.991389913899139,0.8214432144321443,2,IRAMDEYR,117
DRVINDRG,653.8086076765912,5.334285692994556e-12,0.0006547412432555932,0.9298892988929889,0.7662976629766297,0.7552275522755227,0.8171381713817137,1,IRAMDEYR,118
FUALC21,310.036290580813,8.07725805555051e-12,0.0007917224188570838,0.7896678966789668,0.8560885608856088,0.8031980319803198,0.8163181631816318,0,IRAMDEYR,119
RXBZOTANY,475.4443958042059,5.205140284047103e-12,0.000821110959869709,0.8745387453874539,0.7601476014760148,0.8130381303813038,0.8159081590815909,0,IRAMDEYR,120
RSKMRJWK,342.5248770592948,6.901639797328042e-12,0.0007459590719311288,0.8185731857318573,0.8308733087330873,0.7884378843788438,0.8126281262812629,0,IRAMDEYR,121
ALCAGLST,179.72053262984664,5.90020204135276e-12,0.00462798342263962,0.6924969249692496,0.7958179581795818,0.949569495694957,0.8126281262812628,1,IRAMDEYR,122
CIGAVGM,137.331193545365,9.542333346491001e-12,0.004409447846262596,0.6063960639606396,0.8929889298892989,0.9360393603936039,0.8118081180811808,1,IRAMDEYR,123
HIGHBPAGE,111.53520611178998,3.0032469410194095e-10,0.004552056646257376,0.5190651906519065,0.968019680196802,0.9446494464944649,0.8105781057810578,2,IRAMDEYR,124
FLVVAPFLAG,512.2399919416728,5.642883921841073e-12,0.0006598190748639877,0.8843788437884379,0.7822878228782287,0.7626076260762608,0.8097580975809757,0,IRAMDEYR,125
NICVAPMON,441.8673662115929,6.3339666328929505e-12,0.0006555574505768488,0.8548585485854858,0.8130381303813038,0.7564575645756457,0.8081180811808117,0,IRAMDEYR,126
RSKMRJMON,313.42833146484105,6.106586998735498e-12,0.0008713039752989141,0.7927429274292743,0.8050430504305043,0.8265682656826568,0.8081180811808117,0,IRAMDEYR,127
MRJMONVAP2,598.9353283221855,9.443190745978975e-12,0.00037447126511204443,0.9231242312423125,0.8874538745387454,0.6113161131611317,0.8072980729807298,1,IRAMDEYR,128
FLVVAPEVR,400.17485527019784,6.691421504967776e-12,0.0006324822138834446,0.8456334563345633,0.8247232472324724,0.7503075030750308,0.8068880688806889,0,IRAMDEYR,129
FUALC18,310.4235545208377,8.493523448630673e-12,0.0006626021757488464,0.7908979089790897,0.8634686346863468,0.7638376383763837,0.8060680606806069,0,IRAMDEYR,130
FLVVAPREC,400.17485527019784,6.691421504967776e-12,0.0006250531596596063,0.8456334563345633,0.8247232472324724,0.7466174661746617,0.8056580565805658,0,IRAMDEYR,131
CIGARYLU,113.02123811456595,9.946254287427434e-11,0.004254510224770415,0.5252152521525215,0.964329643296433,0.9261992619926199,0.8052480524805249,2,IRAMDEYR,132
DRVINALDRG,543.6811613607342,6.140843942837522e-12,0.0005407572393479365,0.8966789667896679,0.8081180811808119,0.7060270602706027,0.8036080360803609,0,IRAMDEYR,133
IRWELMOS,91.25664348801556,1.301303664262171e-07,0.004702239931962328,0.45264452644526443,0.997539975399754,0.959409594095941,0.8031980319803198,2,IRAMDEYR,134
CGRAGLST,113.02123811456595,1.174733508259451e-11,0.004675868704478106,0.5252152521525215,0.922509225092251,0.956949569495695,0.8015580155801558,2,IRAMDEYR,135
FUNICVAP18,433.69603676504886,6.242423262308235e-12,0.0006152459563073108,0.8511685116851169,0.8105781057810578,0.7429274292742928,0.8015580155801558,0,IRAMDEYR,136
CIGYLU,202.83489632527855,5.137133133332852e-12,0.004482081662964403,0.7146371463714637,0.7435424354243543,0.940959409594096,0.7997129971299713,1,IRAMDEYR,137
EDUSKPMON,94.29157152780573,5.650570232157863e-08,0.00453049918788491,0.4612546125461255,0.991389913899139,0.9434194341943419,0.7986879868798687,2,IRAMDEYR,138
INHALFLAG2,582.1719128428585,6.65773453222857e-12,0.0004373117254048013,0.9200492004920049,0.8216482164821648,0.6519065190651907,0.7978679786797868,1,IRAMDEYR,139
GRSKMRJMON,313.42833146484105,6.106586998735498e-12,0.0007534899958916921,0.7927429274292743,0.8050430504305043,0.7921279212792128,0.7966379663796638,0,IRAMDEYR,140
ALCYLU,179.72053262984664,5.474534878843336e-12,0.0038852273149087833,0.6924969249692496,0.7749077490774908,0.9212792127921279,0.7962279622796228,1,IRAMDEYR,141
NMNGTHS2,81.60647379551513,1.0676207874709961e-08,0.004814434686949522,0.4268142681426814,0.985239852398524,0.972939729397294,0.7949979499794998,2,IRAMDEYR,142
RSKCOCMON,233.96505693433556,7.381729387951847e-12,0.0007605726324918814,0.7509225092250923,0.8370233702337023,0.7970479704797048,0.7949979499794998,0,IRAMDEYR,143
IRFLVVAPREC,512.2399919416468,6.687179651126687e-12,0.0004880845613581449,0.8831488314883149,0.8228782287822878,0.6777367773677737,0.7945879458794588,0,IRAMDEYR,144
FUINHAL212,465.5603218424604,6.346325229563139e-12,0.0005323069148923284,0.8646986469864698,0.8142681426814268,0.7011070110701108,0.7933579335793358,0,IRAMDEYR,145
NICVPMDAYS,441.8673662115965,7.37826360461154e-12,0.0005093820000538799,0.8560885608856088,0.8351783517835178,0.6851168511685117,0.7921279212792127,0,IRAMDEYR,146
TOBVNICYR,377.82999772695234,7.684388834634115e-12,0.0005052923922590522,0.8388683886838868,0.8499384993849939,0.6826568265682657,0.7904879048790487,0,IRAMDEYR,147
CIGDLLST,99.68523552325107,1.1084416572533037e-11,0.004796433435910398,0.482779827798278,0.9175891758917589,0.9692496924969249,0.7898728987289872,2,IRAMDEYR,148
IRSEX,217.8352815734772,5.920354796173402e-12,0.0010960643566403038,0.7257072570725708,0.7982779827798278,0.8425584255842559,0.7888478884788848,0,IRAMDEYR,149
RSKYFQTES,325.14111803303473,5.1069776587496725e-12,0.0008795067435299323,0.8056580565805658,0.7281672816728167,0.8302583025830258,0.7880278802788028,0,IRAMDEYR,150
PNRANYFLAG2,229.0870029679151,6.290350674893641e-12,0.0008102115127812737,0.7380073800738007,0.8118081180811808,0.8081180811808119,0.7859778597785977,0,IRAMDEYR,151
CATAG6,322.0807248657165,4.7022857452032104e-12,0.0011810215698127046,0.7988929889298892,0.6955719557195572,0.8548585485854858,0.7831078310783107,0,IRAMDEYR,152
UD5IEMANY,696.2982607187264,4.63268080662456e-12,0.0005669641440691338,0.940959409594096,0.6888068880688807,0.7183271832718328,0.7826978269782697,1,IRAMDEYR,153
SEXRACE,199.24328656426584,5.618788543984996e-12,0.0011692642296365107,0.7109471094710947,0.7810578105781057,0.8523985239852399,0.7814678146781467,0,IRAMDEYR,154
EDUSKPCOM,75.94485174760027,5.651522204599291e-08,0.0044734263407697405,0.4071340713407134,0.992619926199262,0.939729397293973,0.7798277982779828,2,IRAMDEYR,155
GRSKCOCMON,233.96505693433556,7.381729387951847e-12,0.0006279807463767102,0.7509225092250923,0.8370233702337023,0.7478474784747847,0.7785977859778598,0,IRAMDEYR,156
ENRLCOLLST2,221.9854875513346,5.830222843521269e-12,0.000815918279464607,0.7337023370233703,0.7902829028290282,0.8105781057810578,0.7781877818778188,0,IRAMDEYR,157
HPUSEDRG,189.25517832518514,5.904769702339585e-12,0.0008402944181623476,0.7072570725707257,0.7970479704797048,0.8179581795817958,0.7740877408774086,0,IRAMDEYR,158
MRJMON,598.9353283221885,8.39889134090182e-12,0.0002865879079370288,0.9249692496924969,0.8610086100861009,0.5350553505535055,0.7736777367773677,1,IRAMDEYR,159
ENRLCOLLFT2,221.9854875513346,5.830222843521269e-12,0.0007545245980640066,0.7337023370233703,0.7902829028290282,0.7933579335793358,0.7724477244772449,0,IRAMDEYR,160
MJVAPMON,570.2594305292845,5.655892846634499e-12,0.00037597383667089504,0.9138991389913899,0.7859778597785978,0.6137761377613776,0.7712177121771218,1,IRAMDEYR,161
NRCH17_2,94.40814493007727,1.587357333364136e-11,0.0018302074423606673,0.46248462484624847,0.9532595325953259,0.8856088560885609,0.7671176711767117,1,IRAMDEYR,162
HPALCNOT2,224.5030348882587,5.9240317048387036e-12,0.000655686294997418,0.7355473554735548,0.7995079950799509,0.7589175891758918,0.7646576465764658,0,IRAMDEYR,163
WRKRSNJOB,281.0449109562583,4.052418084509363e-12,0.0013999195547169982,0.7773677736777368,0.6506765067650676,0.8659286592865929,0.7646576465764658,0,IRAMDEYR,164
COPDAGE,54.34030418434706,3.6629639117515755e-08,0.004808710176804278,0.3210332103321033,0.988929889298893,0.971709717097171,0.7605576055760558,2,IRAMDEYR,165
RXAMPHANY,524.5593788074401,4.920518118369859e-12,0.0004634869090412518,0.8868388683886839,0.7207872078720787,0.6666666666666666,0.7580975809758098,0,IRAMDEYR,166
MJONLYMON2,365.02002476535085,6.223431776123975e-12,0.0003889865439304581,0.8302583025830258,0.8093480934809348,0.6248462484624846,0.7548175481754816,0,IRAMDEYR,167
LVLDIFWALK2,226.9812026428919,4.2673656373256266e-12,0.0012299397649826395,0.7367773677736777,0.6666666666666666,0.8597785977859779,0.7544075440754408,0,IRAMDEYR,168
FUINHAL182,394.13378183164554,5.265547744320857e-12,0.0004392305254348706,0.8425584255842559,0.7613776137761378,0.6531365313653137,0.7523575235752359,0,IRAMDEYR,169
PNRNMFLAG,463.73074712906924,5.362864340067599e-12,0.0003810590287806309,0.8634686346863468,0.7712177121771218,0.6199261992619927,0.7515375153751537,0,IRAMDEYR,170
DIFGETLSD,200.76473814059568,5.015996470772393e-12,0.0008261916147088701,0.7121771217712177,0.7244772447724477,0.8142681426814268,0.7503075030750308,0,IRAMDEYR,171
TOBVAPONL2,292.142017329933,7.393387242354914e-12,0.00039320802095887264,0.7810578105781057,0.8388683886838868,0.6285362853628537,0.7494874948749488,0,IRAMDEYR,172
AGE3,322.0807248657165,4.7022857452032104e-12,0.0006477387245412152,0.7988929889298892,0.6955719557195572,0.7539975399753998,0.7494874948749487,0,IRAMDEYR,173
METHYRLST,171.77063348488107,3.6036926968301558e-12,0.00471108591540096,0.6678966789667896,0.6168511685116851,0.9618696186961869,0.7488724887248872,1,IRAMDEYR,174
FUHALLUC21,434.99527611324805,7.079686590588839e-12,0.00030658242369580095,0.8523985239852399,0.8327183271832719,0.5584255842558425,0.7478474784747847,0,IRAMDEYR,175
WRKDHRSWK2,72.98132876725099,1.072803645606309e-11,0.004230725772852296,0.4009840098400984,0.9163591635916359,0.9249692496924969,0.7474374743747437,2,IRAMDEYR,176
EDUSCKMON,52.499600875389284,8.076615909005709e-08,0.004351811458303136,0.3167281672816728,0.995079950799508,0.9298892988929889,0.7472324723247232,2,IRAMDEYR,177
DIABETEAG,46.90321286450164,4.084926055852024e-07,0.004485797746298485,0.2976629766297663,0.998769987699877,0.942189421894219,0.7462074620746207,2,IRAMDEYR,178
DRVINMARJ2,561.3169742038932,4.78497147541129e-12,0.0003932618649360486,0.9028290282902829,0.7060270602706027,0.6297662976629766,0.7462074620746207,1,IRAMDEYR,179
UD5ILAALANY,637.5266501365536,4.297546283438771e-12,0.0004079029244322135,0.9286592865928659,0.6703567035670357,0.6396063960639606,0.7462074620746207,1,IRAMDEYR,180
EDUSCKCOM,52.499600875389284,8.073079601878182e-08,0.004268703435597413,0.3167281672816728,0.993849938499385,0.9274292742927429,0.7460024600246001,2,IRAMDEYR,181
LVLDIFHEAR2,229.37623258993327,4.414712172014291e-12,0.0008546819967177264,0.7392373923739237,0.6765067650676507,0.8191881918819188,0.7449774497744978,0,IRAMDEYR,182
PCPAGLST,38.970563483581756,3.545208536684923e-10,0.005024366225247447,0.27613776137761376,0.972939729397294,0.985239852398524,0.7447724477244773,2,IRAMDEYR,183
WRKSTATWK2,280.62619406168557,4.0479505494903e-12,0.0007975277114489275,0.7749077490774908,0.6482164821648216,0.8056580565805658,0.7429274292742928,0,IRAMDEYR,184
SMKYRLAST,64.45128846849568,8.869816525508104e-12,0.004820148234629372,0.3763837638376384,0.8708487084870848,0.97539975399754,0.7408774087740877,1,IRAMDEYR,185
WRKLASTYR2,52.58578304432022,1.1332370887661375e-11,0.004886016927028474,0.31857318573185733,0.9200492004920049,0.9790897908979089,0.7392373923739237,2,IRAMDEYR,186
ASTHMAEVR2,202.88435829872424,5.0871456448613364e-12,0.0006682537590696553,0.7164821648216482,0.7263222632226323,0.7662976629766297,0.7363673636736366,0,IRAMDEYR,187
TOBVNICMON,292.14201732991626,6.3490924513688245e-12,0.0003726809504247136,0.7798277982779828,0.8154981549815498,0.6076260762607626,0.7343173431734318,0,IRAMDEYR,188
IRPINC3,172.85362936828986,4.729523660764827e-12,0.000898303165778197,0.6715867158671587,0.6986469864698647,0.8314883148831488,0.7339073390733907,0,IRAMDEYR,189
TQSDNMFLAG,513.3241417097977,4.251552227597883e-12,0.0004337794286753626,0.8856088560885609,0.6654366543665436,0.6494464944649446,0.7334973349733498,0,IRAMDEYR,190
WRKNJBPYR,124.75811959847498,5.7390395740668335e-12,0.0011585579921984603,0.5584255842558425,0.7884378843788438,0.8511685116851169,0.7326773267732678,0,IRAMDEYR,191
ASTHMANOW,202.88435829872424,5.0871456448613364e-12,0.0006356073772044747,0.7164821648216482,0.7263222632226323,0.7527675276752768,0.7318573185731857,0,IRAMDEYR,192
MJONLYYR2,269.2238435818933,5.6803384137696216e-12,0.0003958156803580276,0.7724477244772447,0.7872078720787208,0.6322263222632226,0.7306273062730627,0,IRAMDEYR,193
SEDANYYR,325.06246634118145,3.202276328040868e-12,0.0007530029511851614,0.8044280442804428,0.5965559655596556,0.7908979089790897,0.7306273062730627,0,IRAMDEYR,194
HPALCTX2,179.72053262984664,5.348462683390848e-12,0.0005836050355231084,0.6924969249692496,0.7675276752767528,0.7257072570725708,0.7285772857728577,0,IRAMDEYR,195
SMKAGLAST,35.524601868576234,2.348390707419094e-09,0.004377279968219196,0.26752767527675275,0.980319803198032,0.932349323493235,0.7267322673226732,2,IRAMDEYR,196
ILLORALC,241.06800903727262,5.4629921499805305e-12,0.00041220180965237494,0.7589175891758918,0.7736777367773677,0.6432964329643296,0.7252972529725298,0,IRAMDEYR,197
MJSMKMON,397.43913957523847,6.111730208278113e-12,0.0002685187504224616,0.8437884378843789,0.8068880688806888,0.5227552275522755,0.7244772447724476,0,IRAMDEYR,198
HPUSEALC,149.00208766541508,4.784423350993124e-12,0.0008627300575800754,0.6377613776137762,0.7041820418204182,0.8216482164821648,0.7211972119721196,0,IRAMDEYR,199
HPALCCUT2,179.72053262984664,5.2686740206943645e-12,0.0005384882131582937,0.6924969249692496,0.7626076260762608,0.7047970479704797,0.7199671996719967,0,IRAMDEYR,200
GRSKLSDWK,140.12903683043152,5.6443582173736304e-12,0.0006348405887581233,0.6193111931119312,0.7841328413284133,0.7515375153751538,0.7183271832718328,0,IRAMDEYR,201
ECSTMOMLU,370.2419656905591,5.896576207420765e-12,0.00027574273974130206,0.8327183271832719,0.7939729397293973,0.5264452644526445,0.7177121771217712,0,IRAMDEYR,202
HPALCAMT2,179.72053262984664,4.8689899552785265e-12,0.0006160926646562791,0.6924969249692496,0.7121771217712177,0.7441574415744158,0.7162771627716277,0,IRAMDEYR,203
HPALCFRQ2,179.72053262984664,4.8689899552785265e-12,0.0005976250414306363,0.6924969249692496,0.7121771217712177,0.7367773677736777,0.7138171381713817,0,IRAMDEYR,204
ALCYDAYS,140.49866326862647,5.2731799056682175e-12,0.0006301861714351238,0.6223862238622386,0.7638376383763837,0.7490774907749077,0.7117671176711767,0,IRAMDEYR,205
CADRKMARJ2,443.1741595701526,4.656390528142911e-12,0.0003333688642250487,0.8573185731857319,0.6924969249692496,0.5842558425584256,0.7113571135711356,0,IRAMDEYR,206
KIDNYDSAG,23.682201378914318,3.3419041255396347e-09,0.004600752032257663,0.20418204182041821,0.981549815498155,0.947109471094711,0.7109471094710947,2,IRAMDEYR,207
TOBYR,229.95360182141047,5.509892177648096e-12,0.00037601709615812674,0.7416974169741697,0.7761377613776138,0.6150061500615006,0.7109471094710947,0,IRAMDEYR,208
STMNMFLAG,486.81931259428205,4.196289627141974e-12,0.00033887632299125603,0.8782287822878229,0.6617466174661747,0.5891758917589176,0.7097170971709718,0,IRAMDEYR,209
FUCGR21,169.36982166373127,5.355472353837549e-12,0.0005282362343989371,0.6617466174661747,0.7687576875768758,0.6974169741697417,0.7093070930709308,0,IRAMDEYR,210
HPALCPRB2,179.72053262984664,4.8689899552785265e-12,0.0005691861125215219,0.6924969249692496,0.7121771217712177,0.7220172201722017,0.7088970889708897,0,IRAMDEYR,211
RSKLSDWK,140.12903683043152,5.6443582173736304e-12,0.0005637761114282891,0.6193111931119312,0.7841328413284133,0.7146371463714637,0.7060270602706028,0,IRAMDEYR,212
DRVINALCO,179.72053262984664,4.8689899552785265e-12,0.00053553470331062,0.6924969249692496,0.7121771217712177,0.7035670356703567,0.7027470274702748,0,IRAMDEYR,213
IREDUHIGHST2,148.7525646542652,4.120812264398668e-12,0.0008270199015801995,0.6359163591635917,0.6568265682656826,0.8154981549815498,0.7027470274702746,0,IRAMDEYR,214
HPUSETOB,149.00208766541508,4.784423350993124e-12,0.0006630002088007706,0.6377613776137762,0.7041820418204182,0.7650676506765067,0.7023370233702337,0,IRAMDEYR,215
LSDMLU,324.33947436945084,6.007870229322858e-12,0.00023851817455301677,0.8019680196801968,0.8019680196801968,0.4944649446494465,0.6994669946699467,0,IRAMDEYR,216
CRKYLU,131.4376008859675,2.775736757578858e-12,0.004636768690934159,0.5793357933579336,0.566420664206642,0.95079950799508,0.6988519885198853,1,IRAMDEYR,217
HEPBCAGE,11.431301910029635,3.1550446904209177e-10,0.005072529861701234,0.14022140221402213,0.9692496924969249,0.986469864698647,0.6986469864698647,2,IRAMDEYR,218
CBDHMPMON,305.94336339562864,4.74733520956123e-12,0.0003675484605145194,0.7884378843788438,0.7011070110701108,0.6039360393603936,0.6978269782697827,0,IRAMDEYR,219
ALCYRBFR,179.72053262984664,4.8689899552785265e-12,0.0005139950835566048,0.6924969249692496,0.7121771217712177,0.6875768757687577,0.6974169741697418,0,IRAMDEYR,220
IRMCDCHP,130.44578239830264,4.901998277099696e-12,0.0007760472355345488,0.5707257072570726,0.7195571955719557,0.7995079950799509,0.6965969659696597,0,IRAMDEYR,221
SVYRPSYANY,532.8370467759171,4.5241586011048015e-12,0.00024108198228683242,0.8954489544895449,0.6838868388683886,0.4981549815498155,0.6924969249692497,0,IRAMDEYR,222
ALCMLU,179.72053262984664,4.8689899552785265e-12,0.00047789394958117174,0.6924969249692496,0.7121771217712177,0.6715867158671587,0.6920869208692088,0,IRAMDEYR,223
HALLNDAYYR,498.2340902963842,5.31886453487225e-12,0.00016865291621358318,0.8806888068880688,0.7650676506765067,0.43050430504305043,0.6920869208692086,0,IRAMDEYR,224
COCYRBFR,230.08872938320852,5.599120673488734e-12,0.0003017440143962217,0.7447724477244773,0.7792127921279213,0.5485854858548586,0.6908569085690858,0,IRAMDEYR,225
DRVINCOCN,229.69701990004012,5.595727473761189e-12,0.0002995467504648462,0.7404674046740467,0.7773677736777368,0.5461254612546126,0.6879868798687987,0,IRAMDEYR,226
ECSTMOFLAG,372.4250154812704,4.860305584275137e-12,0.0002656942531976502,0.8364083640836408,0.7072570725707257,0.5190651906519065,0.6875768757687576,0,IRAMDEYR,227
CIGINFLU,233.82148690000378,5.137133133332852e-12,0.00031938928632492715,0.7490774907749077,0.7435424354243543,0.5694956949569495,0.6873718737187372,0,IRAMDEYR,228
HALLUCYR,498.2340902963909,4.274574056712318e-12,0.00025228956357318844,0.8819188191881919,0.6678966789667896,0.5092250922509225,0.6863468634686347,0,IRAMDEYR,229
MJDABYR,414.52150605230366,3.928944000753298e-12,0.0003117704811165758,0.8487084870848709,0.6445264452644527,0.5645756457564576,0.6859368593685938,0,IRAMDEYR,230
CIGYR,267.23402386828735,5.444121383196703e-12,0.00025746646213705706,0.7699876998769988,0.7724477244772447,0.5153751537515375,0.6859368593685936,0,IRAMDEYR,231
ILTOBALCYR,205.59782318644443,4.775520025584796e-12,0.0003983517930931834,0.7207872078720787,0.7023370233702337,0.6346863468634686,0.6859368593685936,0,IRAMDEYR,232
DRVINALON,179.72053262984664,4.8689899552785265e-12,0.00043494593430572974,0.6924969249692496,0.7121771217712177,0.6506765067650676,0.6851168511685116,0,IRAMDEYR,233
COCMLU,230.08872938320852,5.599120673488734e-12,0.00027940528490360975,0.7447724477244773,0.7792127921279213,0.5301353013530136,0.6847068470684707,0,IRAMDEYR,234
CIRROSAGE,7.829978808892912,4.969882940116234e-10,0.005147272383720213,0.08610086100861009,0.97539975399754,0.990159901599016,0.6838868388683887,2,IRAMDEYR,235
DIFOBTCOC,148.22866505087475,4.103766286117484e-12,0.0006577034813627981,0.6346863468634686,0.6543665436654367,0.7613776137761378,0.6834768347683476,0,IRAMDEYR,236
EDUHIGHCAT,120.59238260860263,4.188226445047574e-12,0.0008736818716296372,0.5473554735547356,0.6605166051660517,0.8290282902829028,0.6789667896678967,0,IRAMDEYR,237
HERYLU,114.03746674552427,2.8810888725872413e-12,0.004361984930906308,0.5301353013530136,0.5744157441574416,0.931119311193112,0.6785567855678557,1,IRAMDEYR,238
CIGIRTBL,197.9704485141621,5.137133133332852e-12,0.0003225182422664487,0.7097170971709718,0.7435424354243543,0.5731857318573186,0.6754817548175481,0,IRAMDEYR,239
ILTOBVAPALC,169.0284969683159,4.8783001173596845e-12,0.00042004408661622277,0.6605166051660517,0.7170971709717097,0.6469864698646987,0.6748667486674867,0,IRAMDEYR,240
LSDFLAG,327.4501517376425,4.982474531985818e-12,0.00022191148123858849,0.8081180811808119,0.7232472324723247,0.4821648216482165,0.6711767117671177,0,IRAMDEYR,241
MJEATMON,299.4672042061448,4.049912677300781e-12,0.00032990259433556863,0.7835178351783518,0.6494464944649446,0.5793357933579336,0.6707667076670766,0,IRAMDEYR,242
PNRANYYR2,142.29966867695427,4.1819017970238676e-12,0.0005743667385915776,0.6248462484624846,0.6592865928659286,0.7244772447724477,0.6695366953669536,0,IRAMDEYR,243
UD5CNSGRP,471.2679249444552,3.777614789335154e-12,0.00024268347487434237,0.8714637146371463,0.6316113161131611,0.5006150061500615,0.6678966789667897,0,IRAMDEYR,244
ILLALCMON,146.09170691416813,4.746492363853858e-12,0.00045312661399228885,0.6297662976629766,0.6998769987699877,0.6617466174661747,0.6637966379663797,0,IRAMDEYR,245
ILTOBALCMN,142.73057117027062,4.528145540902845e-12,0.00048689575569259855,0.6260762607626076,0.6851168511685117,0.6765067650676507,0.6625666256662567,0,IRAMDEYR,246
FLTMRKEVER2,326.7202688333429,2.9144258963740726e-12,0.00036507581089175107,0.8068880688806888,0.5756457564575646,0.6027060270602707,0.6617466174661747,0,IRAMDEYR,247
TOBVNICFLAG,155.25101606597886,4.878307703566291e-12,0.00038185204925883515,0.6457564575645757,0.7183271832718328,0.6211562115621156,0.6617466174661747,0,IRAMDEYR,248
SNRLFRND,122.57501220040746,4.00204915065377e-12,0.0007392603065264972,0.5510455104551045,0.6469864698646987,0.7859778597785978,0.6613366133661337,0,IRAMDEYR,249
COCFLAG,230.8065678473994,4.557777224405622e-12,0.00029897999401998676,0.7478474784747847,0.6875768757687577,0.5424354243542435,0.6592865928659286,0,IRAMDEYR,250
TRQNMFLAG,459.2405679334648,3.7011977640536814e-12,0.00023012636563008153,0.8622386223862238,0.6260762607626076,0.48954489544895446,0.6592865928659286,0,IRAMDEYR,251
UD5PSYANY,532.8370467756934,3.4798601688323913e-12,0.00020367579481268556,0.8942189421894219,0.6125461254612546,0.46371463714637146,0.6568265682656826,0,IRAMDEYR,252
HIVAIDSAG,3.517413348893647,1.4072351607227082e-10,0.004745038787595657,0.03936039360393604,0.965559655596556,0.964329643296433,0.6564165641656416,2,IRAMDEYR,253
CIGYRBFR,99.68523552325107,5.137133133332852e-12,0.0006005617993028261,0.482779827798278,0.7435424354243543,0.7392373923739237,0.6551865518655187,0,IRAMDEYR,254
IRFAMIN3,87.91017231865504,4.6339923837367e-12,0.0009032655433082872,0.44095940959409596,0.6906519065190652,0.8327183271832719,0.6547765477654777,0,IRAMDEYR,255
CIGARMLU,113.02123811456595,5.196882658711688e-12,0.00048272122147219174,0.5252152521525215,0.7589175891758918,0.6752767527675276,0.6531365313653136,0,IRAMDEYR,256
SNRLDCSN,107.40214673399896,4.114384747710374e-12,0.0007488923791618393,0.5104551045510455,0.6555965559655597,0.7896678966789668,0.6519065190651906,0,IRAMDEYR,257
SNRLGIMP,105.74126894468202,4.2840038185049905e-12,0.0007086643214795311,0.5067650676506765,0.6691266912669127,0.7773677736777368,0.6510865108651087,0,IRAMDEYR,258
IRKRATREC,336.59012955194544,3.5206480434182192e-12,0.0002549885868847409,0.8154981549815498,0.6137761377613776,0.5116851168511685,0.6469864698646987,0,IRAMDEYR,259
INCOME,87.91017231865504,4.6339923837367e-12,0.0008095697956231182,0.44095940959409596,0.6906519065190652,0.8068880688806888,0.6461664616646167,0,IRAMDEYR,260
SVYRCNSANY,471.2679249444552,3.777614789335154e-12,0.00017099684083188825,0.8714637146371463,0.6316113161131611,0.43419434194341944,0.6457564575645757,0,IRAMDEYR,261
FULSD21,249.7130669179408,4.660163213529662e-12,0.00021607410931016416,0.7626076260762608,0.6937269372693727,0.4784747847478475,0.6449364493644937,0,IRAMDEYR,262
HPQTTOB,119.80727238838092,4.727932264181162e-12,0.000521675349140496,0.5436654366543665,0.6974169741697417,0.6924969249692496,0.6445264452644526,0,IRAMDEYR,263
DIFOBTLSD,133.53168067637858,3.3987577872174923e-12,0.000593706544691195,0.5904059040590406,0.6051660516605166,0.7343173431734318,0.6432964329643297,0,IRAMDEYR,264
IRSYNMRJREC,330.8937387527605,3.7767836638277344e-12,0.00022514154688594491,0.8118081180811808,0.6297662976629766,0.48462484624846247,0.6420664206642067,0,IRAMDEYR,265
CIGCRAVE,138.18556102706586,5.137133133332852e-12,0.00032079547433219615,0.6100861008610086,0.7435424354243543,0.5719557195571956,0.6418614186141861,0,IRAMDEYR,266
ALCYR,140.49866326863486,4.228883745996444e-12,0.00039573594072955576,0.6236162361623616,0.6642066420664207,0.6309963099630996,0.6396063960639607,0,IRAMDEYR,267
ALCFLAG,179.93651746005028,3.8280219483476324e-12,0.0003315501520420593,0.6998769987699877,0.6346863468634686,0.5830258302583026,0.6391963919639196,0,IRAMDEYR,268
FUHALLUC18,247.63931561425105,4.361558786894531e-12,0.00022452847980265598,0.7613776137761378,0.6715867158671587,0.4833948339483395,0.6387863878638785,0,IRAMDEYR,269
OTHRSEDANY,329.9980523852783,2.2707285049232295e-12,0.0003769913472190652,0.8093480934809348,0.4907749077490775,0.6162361623616236,0.6387863878638785,0,IRAMDEYR,270
IRHH65_2,153.7793741619859,2.735936859080866e-12,0.0005570048767348765,0.6432964329643296,0.5608856088560885,0.7109471094710947,0.6383763837638377,0,IRAMDEYR,271
PSYCHYR,353.7622386808486,3.780627216093224e-12,0.00018360629580995547,0.8277982779827798,0.6334563345633456,0.4489544895448955,0.6367363673636737,0,IRAMDEYR,272
SYNMRJEVR,186.83699403539813,3.873151149926407e-12,0.000309597993231593,0.7047970479704797,0.6389913899138991,0.5633456334563346,0.6357113571135712,0,IRAMDEYR,273
SYNMRJREC,280.73688981210194,3.873151149926407e-12,0.0002350425919244195,0.7761377613776138,0.6389913899138991,0.4920049200492005,0.6357113571135712,0,IRAMDEYR,274
EDFAM18,104.14349296144387,3.665200577145065e-12,0.0007131809571956523,0.5006150061500615,0.6236162361623616,0.7785977859778598,0.6342763427634276,0,IRAMDEYR,275
WRKNUMJOB2,130.31799821452768,3.0846174782354204e-12,0.0006105639210236196,0.5694956949569495,0.5904059040590406,0.7416974169741697,0.6338663386633866,0,IRAMDEYR,276
CAIDCHIP,101.97224624199707,4.555322405347708e-12,0.0005641394232767456,0.4981549815498155,0.6863468634686347,0.7158671586715867,0.6334563345633457,0,IRAMDEYR,277
TOBALCYR,136.50132223338878,3.900463506764766e-12,0.0004542044505565746,0.5940959409594095,0.6432964329643296,0.6629766297662977,0.6334563345633456,0,IRAMDEYR,278
TOBCIGVAP2,261.7450344283503,4.386649242159782e-12,0.0001916277328358378,0.7675276752767528,0.6740467404674046,0.45633456334563344,0.6326363263632636,0,IRAMDEYR,279
ILLEMMON2,370.337589741224,3.288079001357639e-12,0.00020093384536564213,0.8351783517835178,0.6002460024600246,0.46002460024600245,0.6318163181631816,0,IRAMDEYR,280
OPIANYYR2,130.94365961333938,3.844271181862513e-12,0.0005064023617901928,0.5731857318573186,0.6359163591635917,0.6838868388683886,0.6309963099630996,0,IRAMDEYR,281
UD5CNSANY,471.26792494457106,2.733317665429801e-12,0.0001972686430255353,0.8733087330873309,0.5596555965559655,0.4575645756457565,0.6301763017630176,0,IRAMDEYR,282
FUCOC21,190.0008568246606,4.079550793395161e-12,0.0002538058966849806,0.7084870848708487,0.6519065190651907,0.5104551045510455,0.6236162361623616,0,IRAMDEYR,283
ILLALCFLG,213.1778434787554,3.878503138184606e-12,0.00024366162377913948,0.7244772447724477,0.6408364083640836,0.5018450184501845,0.6223862238622386,0,IRAMDEYR,284
GOVTPROG,96.1400584686111,4.199689290702459e-12,0.0005928798159211853,0.4661746617466175,0.6629766297662977,0.7330873308733087,0.6207462074620747,0,IRAMDEYR,285
RXLORAANY,330.33739422107936,2.4364228984003158e-12,0.00028431100297019504,0.8105781057810578,0.5129151291512916,0.5338253382533825,0.6191061910619107,0,IRAMDEYR,286
KRATREC,184.40682268825395,3.4668944526337254e-12,0.0002976558624003745,0.7011070110701108,0.6094710947109471,0.5399753997539976,0.6168511685116851,0,IRAMDEYR,287
CIGMLU,99.68523552325107,5.137133133332852e-12,0.0003804788565083353,0.482779827798278,0.7435424354243543,0.6186961869618696,0.6150061500615006,0,IRAMDEYR,288
CGRFLAG,113.46983119904282,4.1612178513205966e-12,0.00044510358276122727,0.5276752767527675,0.6580565805658056,0.6580565805658056,0.6145961459614596,0,IRAMDEYR,289
DIFGETCOC,90.2293631806252,3.1362197935875485e-12,0.0007859619452998001,0.4489544895448955,0.5940959409594095,0.8007380073800738,0.6145961459614596,0,IRAMDEYR,290
CIGREGNM,120.42000022779645,5.137133133332852e-12,0.00030279908255325603,0.5461254612546126,0.7435424354243543,0.5510455104551045,0.6135711357113571,0,IRAMDEYR,291
NITOXIEVER2,243.64033626186472,3.038096285328423e-12,0.00021465446979265326,0.7601476014760148,0.5891758917589176,0.47724477244772445,0.6088560885608857,0,IRAMDEYR,292
KRATOMFLAG,336.59012955213524,2.476357100282088e-12,0.00022987698723948776,0.8167281672816729,0.5190651906519065,0.4883148831488315,0.6080360803608037,0,IRAMDEYR,293
PSILCYYR,359.0243066003309,3.212329019447167e-12,0.0001470917086110724,0.8290282902829028,0.5977859778597786,0.3936039360393604,0.6068060680606806,0,IRAMDEYR,294
RXMTHPANY,302.3243873473322,2.097302789236813e-12,0.0003072069964770833,0.7847478474784748,0.4698646986469865,0.5596555965559655,0.6047560475604756,0,IRAMDEYR,295
CIGINCRS,116.8645228555852,5.137133133332852e-12,0.00027701680649467366,0.5412054120541205,0.7435424354243543,0.5276752767527675,0.6041410414104141,0,IRAMDEYR,296
CIGSVLHR,99.68523552325107,5.137133133332852e-12,0.0003357151493497026,0.482779827798278,0.7435424354243543,0.5854858548585485,0.6039360393603936,0,IRAMDEYR,297
SYNMRJFLAG,330.89373875281916,2.7324862041946588e-12,0.0001750439315138428,0.8130381303813038,0.5584255842558425,0.43788437884378845,0.6031160311603115,0,IRAMDEYR,298
CIGFNLKE,99.68523552325107,5.137133133332852e-12,0.00033047183752130273,0.482779827798278,0.7435424354243543,0.5817958179581796,0.6027060270602705,0,IRAMDEYR,299
CIGRNOUT,99.68523552325107,5.137133133332852e-12,0.0003301424017214874,0.482779827798278,0.7435424354243543,0.5805658056580566,0.6022960229602297,0,IRAMDEYR,300
FUECSTMO21,221.1852229561806,3.705865979578921e-12,0.00018190110199098786,0.7293972939729397,0.6273062730627307,0.44772447724477243,0.6014760147601476,0,IRAMDEYR,301
RXALPRANY,201.38971446013238,2.5233254915350918e-12,0.00031558227235378467,0.7134071340713407,0.5227552275522755,0.5682656826568265,0.6014760147601476,0,IRAMDEYR,302
CIGLOTMR,99.68523552325107,5.137133133332852e-12,0.0003292531379369105,0.482779827798278,0.7435424354243543,0.5756457564575646,0.6006560065600656,0,IRAMDEYR,303
CIGDLMLU,99.68523552325107,5.137133133332852e-12,0.00031939620015202956,0.482779827798278,0.7435424354243543,0.5707257072570726,0.5990159901599016,0,IRAMDEYR,304
POVERTY3,63.07499202022823,3.952917239867048e-12,0.0007175507988393851,0.36531365313653136,0.6457564575645757,0.7810578105781057,0.5973759737597376,0,IRAMDEYR,305
CIGAVOID,99.68523552325107,5.137133133332852e-12,0.0003090169427216677,0.482779827798278,0.7435424354243543,0.5621156211562116,0.5961459614596146,0,IRAMDEYR,306
CIGSATIS,99.68523552325107,5.137133133332852e-12,0.00030884533526657836,0.482779827798278,0.7435424354243543,0.5608856088560885,0.5957359573595736,0,IRAMDEYR,307
MEDICARE,130.16975862688184,2.5674087904749142e-12,0.0005143915539459365,0.5682656826568265,0.5301353013530136,0.6888068880688807,0.5957359573595736,0,IRAMDEYR,308
FUCIG21,93.49132684308853,4.969242755678125e-12,0.00037114575439318526,0.4575645756457565,0.7220172201722017,0.6063960639606396,0.5953259532595326,0,IRAMDEYR,309
CIGCRAGP,104.55236509097807,5.137133133332852e-12,0.0002884307223770715,0.5018450184501845,0.7435424354243543,0.5375153751537516,0.5943009430094301,0,IRAMDEYR,310
CIGNMCHG,99.68523552325107,5.137133133332852e-12,0.00030502597846894064,0.482779827798278,0.7435424354243543,0.5535055350553506,0.5932759327593277,0,IRAMDEYR,311
FUCGR18,133.6305450527759,3.745307316437339e-12,0.0003057529482878604,0.5916359163591636,0.6285362853628537,0.5571955719557196,0.5924559245592456,0,IRAMDEYR,312
CIGFNSMK,99.68523552325107,5.137133133332852e-12,0.000302407532214471,0.482779827798278,0.7435424354243543,0.5498154981549815,0.5920459204592046,0,IRAMDEYR,313
CIGPLANE,99.68523552325107,5.137133133332852e-12,0.00029929536850898525,0.482779827798278,0.7435424354243543,0.5448954489544895,0.5904059040590406,0,IRAMDEYR,314
MJCMOTHYR,218.55116566929644,2.4767623033546812e-12,0.0002686306259875663,0.7269372693726938,0.5202952029520295,0.5239852398523985,0.5904059040590406,0,IRAMDEYR,315
CNSNMYR,376.4651661768899,3.386373438413999e-12,0.00011803882579230381,0.8376383763837638,0.6039360393603936,0.32718327183271834,0.5895858958589586,0,IRAMDEYR,316
IRFSTAMP,86.07856573858155,3.852453571448303e-12,0.0005294731744925895,0.43296432964329645,0.6371463714637147,0.6986469864698647,0.5895858958589586,0,IRAMDEYR,317
CIGWAKE,99.68523552325107,5.137133133332852e-12,0.0002984465507378259,0.482779827798278,0.7435424354243543,0.5412054120541205,0.5891758917589176,0,IRAMDEYR,318
CIGREGWK,99.68523552325107,5.137133133332852e-12,0.0002940955749189269,0.482779827798278,0.7435424354243543,0.5387453874538746,0.5883558835588356,0,IRAMDEYR,319
CIGINCTL,99.68523552325107,5.137133133332852e-12,0.0002867958059115601,0.482779827798278,0.7435424354243543,0.5362853628536285,0.5875358753587535,0,IRAMDEYR,320
IRMEDICR,147.20222942442277,2.444445192684125e-12,0.00037999689171469743,0.6309963099630996,0.5141451414514145,0.6174661746617466,0.5875358753587535,0,IRAMDEYR,321
CIGREGDY,99.68523552325107,5.137133133332852e-12,0.000277194970357702,0.482779827798278,0.7435424354243543,0.5289052890528906,0.5850758507585075,0,IRAMDEYR,322
RKFQDBLT,86.60531711662817,3.4700438323678894e-12,0.0005472815806329287,0.43665436654366546,0.6113161131611317,0.7072570725707257,0.5850758507585075,0,IRAMDEYR,323
IRNPCOLDREC,167.55641301364537,3.28324510297249e-12,0.00023904787798779414,0.6580565805658056,0.5990159901599016,0.4956949569495695,0.5842558425584256,0,IRAMDEYR,324
PMNICDEP,137.22810455537376,4.459363664936813e-12,0.00020616415314121547,0.602091020910209,0.6808118081180812,0.46863468634686345,0.5838458384583846,0,IRAMDEYR,325
CIGNOINF,99.68523552325107,5.137133133332852e-12,0.00026628488843134497,0.482779827798278,0.7435424354243543,0.5202952029520295,0.5822058220582206,0,IRAMDEYR,326
APPDRGMON,160.15391991677336,3.4641714447105405e-12,0.00022930280765354628,0.6506765067650676,0.6076260762607626,0.4870848708487085,0.5817958179581796,0,IRAMDEYR,327
FTNDDEPND,137.22810455537376,4.459363664936813e-12,0.0001904916755447676,0.602091020910209,0.6808118081180812,0.45387453874538747,0.5789257892578926,0,IRAMDEYR,328
DRVINALCO2,158.01524975715617,2.5996629032401908e-12,0.00030562689988174917,0.6482164821648216,0.5325953259532595,0.5547355473554736,0.5785157851578516,0,IRAMDEYR,329
EDUSCHLGO,67.32185789045741,3.661198972897826e-12,0.0005673427522939368,0.3880688806888069,0.6211562115621156,0.7195571955719557,0.576260762607626,0,IRAMDEYR,330
HTINCHE2,25.026687190693938,3.1863055066254802e-12,0.003962947665761929,0.21033210332103322,0.5953259532595326,0.922509225092251,0.5760557605576057,1,IRAMDEYR,331
CIGMDAYS,137.22810455537376,4.459363664936813e-12,0.00017785513790561215,0.602091020910209,0.6808118081180812,0.44280442804428044,0.5752357523575236,0,IRAMDEYR,332
RXCLONANY,254.06228403833734,1.9832409363172615e-12,0.0002449460997404165,0.7650676506765067,0.4575645756457565,0.5030750307503075,0.5752357523575236,0,IRAMDEYR,333
KRATEVER,149.27352562800297,3.4668944526337254e-12,0.00021281896570240984,0.6396063960639606,0.6094710947109471,0.4747847478474785,0.5746207462074621,0,IRAMDEYR,334
APPDRGMON2,188.71930023661469,2.4303064915056483e-12,0.00024674412910101804,0.7060270602706027,0.5116851168511685,0.5043050430504306,0.5740057400574006,0,IRAMDEYR,335
CIGAVGD,137.33119354535833,4.455490005608366e-12,0.00017489407700390034,0.6051660516605166,0.6777367773677737,0.43665436654366546,0.5731857318573187,0,IRAMDEYR,336
FUCIG18,73.1854764398183,4.368077448938101e-12,0.0004083461415178376,0.4022140221402214,0.6728167281672817,0.6408364083640836,0.5719557195571956,0,IRAMDEYR,337
RSKHERTRY,77.44577941449171,2.9444211764269774e-12,0.0005717339785201902,0.41205412054120544,0.5799507995079951,0.7232472324723247,0.5717507175071751,0,IRAMDEYR,338
TOBCIGONL,110.42047559105629,4.401773551354719e-12,0.0002664840060916715,0.5178351783517835,0.6752767527675276,0.5215252152521526,0.5715457154571545,0,IRAMDEYR,339
MOVSINPYR2,97.47413806870838,2.4048474428290585e-12,0.0005966392162909569,0.46863468634686345,0.5043050430504306,0.7355473554735548,0.5694956949569496,0,IRAMDEYR,340
METHMOLST,171.77063348488107,3.6036926968301558e-12,0.00016476408893660238,0.6678966789667896,0.6168511685116851,0.4231242312423124,0.5692906929069291,0,IRAMDEYR,341
UD5TRQSDGRP,347.12136711972903,2.6379835474523145e-12,0.0001215810737227763,0.8259532595325954,0.5381303813038131,0.34071340713407133,0.5682656826568265,0,IRAMDEYR,342
IRWRKSTAT18,83.37366340222718,2.8122704494964517e-12,0.0005346428164500055,0.43050430504305043,0.5682656826568265,0.7023370233702337,0.5670356703567035,0,IRAMDEYR,343
NDSSDEPND,137.22810455537376,4.459363664936813e-12,0.0001574472762934715,0.602091020910209,0.6808118081180812,0.41205412054120544,0.5649856498564986,0,IRAMDEYR,344
DRVINMETH,170.35055881626278,3.5954899987082703e-12,0.00015402076151361122,0.6654366543665436,0.6150061500615006,0.40836408364083643,0.5629356293562936,0,IRAMDEYR,345
SVYRTQSDANY,347.12136711972903,2.6379835474523145e-12,0.0001161013425136275,0.8259532595325954,0.5381303813038131,0.31857318573185733,0.5608856088560885,0,IRAMDEYR,346
SVYRCNSMIS,333.9364672519287,3.0292119773405452e-12,9.576672568408531e-05,0.8142681426814268,0.5879458794587946,0.27921279212792127,0.5604756047560476,0,IRAMDEYR,347
ALCNUMDKPM,33.619003662119475,2.1132588440014283e-12,0.004560166765115834,0.2570725707257073,0.47724477244772445,0.9458794587945879,0.5600656006560065,1,IRAMDEYR,348
KETMINFLAG,263.6605741310863,2.1937532327680453e-12,0.00016641190456179652,0.7687576875768758,0.4833948339483395,0.4280442804428044,0.5600656006560065,0,IRAMDEYR,349
EDUFULPAR,67.32185789045741,3.661198972897826e-12,0.00047066145066989586,0.3880688806888069,0.6211562115621156,0.6691266912669127,0.559450594505945,0,IRAMDEYR,350
TOBFLAG,87.82619019801109,3.70088811898559e-12,0.00037376601911785355,0.43911439114391143,0.6248462484624846,0.6100861008610086,0.5580155801558015,0,IRAMDEYR,351
DIFGETCRK,63.07831683784495,2.4140074471893888e-12,0.0007596611596600278,0.36654366543665434,0.5079950799507995,0.7945879458794588,0.5563755637556375,0,IRAMDEYR,352
NEWRACE2,75.52432158417102,2.607050977118198e-12,0.0005901472592391185,0.4059040590405904,0.5338253382533825,0.7293972939729397,0.5563755637556375,0,IRAMDEYR,353
UD5TRQSDANY,347.1213671190701,1.5936882570688856e-12,0.00020531102513118428,0.8241082410824109,0.3763837638376384,0.46740467404674046,0.5559655596555966,0,IRAMDEYR,354
ILTOBALCFG,164.50909905856096,3.0944460125367842e-12,0.00016150006876314372,0.6568265682656826,0.5916359163591636,0.41697416974169743,0.5551455514555146,0,IRAMDEYR,355
TRQMAINRSN,269.0556384577446,3.0018756286431535e-12,0.0001072486518254787,0.7712177121771218,0.5830258302583026,0.3087330873308733,0.5543255432554326,0,IRAMDEYR,356
DIFGETHER,64.73205870310524,2.350896293330817e-12,0.0007168402929959187,0.37884378843788435,0.5018450184501845,0.7798277982779828,0.5535055350553505,0,IRAMDEYR,357
CIGMON,137.22810455535654,3.4150701135954747e-12,0.00018439850304529255,0.5990159901599016,0.6063960639606396,0.45141451414514144,0.5522755227552275,0,IRAMDEYR,358
CIGFLAG,99.68523552325107,4.0928479665356384e-12,0.0002653246751516364,0.482779827798278,0.6531365313653137,0.5178351783517835,0.551250512505125,0,IRAMDEYR,359
FULSD18,139.67757995453846,3.0183311226099706e-12,0.00018371355367897106,0.6150061500615006,0.5867158671586716,0.45018450184501846,0.5506355063550635,0,IRAMDEYR,360
TOBMON,110.4204755910454,3.3574821865296024e-12,0.00028228497902203515,0.5166051660516605,0.6027060270602707,0.5313653136531366,0.5502255022550225,0,IRAMDEYR,361
NPCOLDFLAG,158.6538517541349,2.2389469288062426e-12,0.0002501888661219877,0.6494464944649446,0.48954489544895446,0.5067650676506765,0.5485854858548586,0,IRAMDEYR,362
STMMAINRSN,219.6601299832605,2.978042607792043e-12,0.00011923424131153631,0.7281672816728167,0.5817958179581796,0.3333333333333333,0.5477654776547766,0,IRAMDEYR,363
NONABOVEV2,58.231268476709374,2.320058620860908e-12,0.0007603731676239935,0.34686346863468637,0.4981549815498155,0.7958179581795818,0.5469454694546946,0,IRAMDEYR,364
SEDNMFLAG,256.166081932651,1.9729137200671703e-12,0.00015877707206108282,0.7662976629766297,0.45633456334563344,0.4157441574415744,0.5461254612546125,0,IRAMDEYR,365
FUCD221,66.68532753201042,3.893764063384094e-12,0.0003753108807121636,0.38253382533825336,0.6420664206642066,0.6125461254612546,0.5457154571545715,0,IRAMDEYR,366
TOBALCFLG,128.46467861141323,2.8318877815943536e-12,0.00024119541098211115,0.5633456334563346,0.5694956949569495,0.4993849938499385,0.5440754407544075,0,IRAMDEYR,367
SRCTRQNM2,291.0790219944236,2.8783612461987906e-12,9.29247650529675e-05,0.7785977859778598,0.5731857318573186,0.2742927429274293,0.5420254202542026,0,IRAMDEYR,368
RSKBNGWK,33.82732919305744,3.012734490471454e-12,0.0007304919614898985,0.25830258302583026,0.584870848708487,0.7822878228782287,0.541820418204182,0,IRAMDEYR,369
WRK35WKUS,78.44382372313375,2.693439722102822e-12,0.00045005487390151373,0.4157441574415744,0.5461254612546126,0.6605166051660517,0.5407954079540795,0,IRAMDEYR,370
BNGDRMDAYS,56.47985882768502,3.612224787060593e-12,0.0004726466416816142,0.33087330873308735,0.6186961869618696,0.6703567035670357,0.5399753997539976,0,IRAMDEYR,371
EDUSCHGRD2,71.64892328118322,3.661198972897826e-12,0.0003631696469291889,0.3985239852398524,0.6211562115621156,0.6002460024600246,0.5399753997539976,0,IRAMDEYR,372
HLTINMNT,64.48901008458837,2.0483487276338092e-12,0.0006985525425243232,0.37761377613776137,0.46494464944649444,0.7736777367773677,0.5387453874538745,0,IRAMDEYR,373
UD5ALNILANY,90.73937715362841,2.3039010949575814e-12,0.00044659041589926443,0.45141451414514144,0.4944649446494465,0.6592865928659286,0.5350553505535055,0,IRAMDEYR,374
OTHINS,90.36139678123864,2.0979242384566255e-12,0.0004942327261300615,0.45018450184501846,0.4710947109471095,0.6801968019680197,0.5338253382533825,0,IRAMDEYR,375
TOBALCMN,56.55911253453294,2.6827240371567483e-12,0.0005685259182162946,0.33579335793357934,0.5448954489544895,0.7207872078720787,0.5338253382533825,0,IRAMDEYR,376
SRCSTMNM2,240.07105440857285,2.851662732896525e-12,7.942829277291302e-05,0.7564575645756457,0.5719557195571956,0.2521525215252153,0.5268552685526856,0,IRAMDEYR,377
FLVVAPYR,154.42372822671067,1.9964773464205767e-12,0.00021019546871878236,0.6445264452644527,0.46002460024600245,0.47232472324723246,0.5256252562525626,0,IRAMDEYR,378
MJDABMON,251.79556143209857,2.4271242105852428e-12,0.00010444471926157318,0.7638376383763837,0.5104551045510455,0.3001230012300123,0.5248052480524805,0,IRAMDEYR,379
TQSDNMYR,317.28545073591755,2.0969193868615543e-12,0.00010723366639393154,0.7970479704797048,0.46863468634686345,0.3075030750307503,0.5243952439524395,0,IRAMDEYR,380
UADPUBL,138.68992403664146,2.7244408378697903e-12,0.00015186404230260086,0.6125461254612546,0.5535055350553506,0.4046740467404674,0.5235752357523576,0,IRAMDEYR,381
UADHOME,137.0622243159737,2.7244408378697903e-12,0.00016274503521327403,0.5965559655596556,0.5535055350553506,0.4182041820418204,0.5227552275522757,0,IRAMDEYR,382
INHOSPYR,64.26898905928492,3.11233501660323e-12,0.00036178255900264344,0.3751537515375154,0.5928659286592866,0.5990159901599016,0.5223452234522346,0,IRAMDEYR,383
UADEVNT,144.03061204739606,2.7244408378697903e-12,0.00014201450830164677,0.6273062730627307,0.5535055350553506,0.38253382533825336,0.5211152111521115,0,IRAMDEYR,384
GRSKHERTRY,35.030348377245005,2.9444211764269774e-12,0.000566606076798036,0.26322263222632225,0.5799507995079951,0.7170971709717097,0.520090200902009,0,IRAMDEYR,385
GRSKBNGWK,30.328610705651652,3.012734490471454e-12,0.0005916298264140434,0.24108241082410825,0.584870848708487,0.7306273062730627,0.5188601886018861,0,IRAMDEYR,386
AMYLNIEVER2,179.08673298624169,2.1116205407526335e-12,0.00014777387248455045,0.6838868388683886,0.47601476014760147,0.3948339483394834,0.5182451824518245,0,IRAMDEYR,387
RXHYDCANY2,77.92146265665696,2.2853742624655945e-12,0.0004300445774417953,0.4132841328413284,0.4932349323493235,0.6482164821648216,0.5182451824518245,0,IRAMDEYR,388
FUCD218,63.27305203267284,3.299078898786087e-12,0.0003297475116192426,0.3677736777367774,0.6014760147601476,0.5781057810578106,0.5157851578515785,0,IRAMDEYR,389
BNGDRKMON,56.47985882769255,2.567935600034407e-12,0.0004976748085373935,0.33210332103321033,0.5313653136531366,0.6814268142681427,0.5149651496514965,0,IRAMDEYR,390
IRKI17_2,40.59837508648886,2.2073190222623385e-12,0.000670287340280313,0.28413284132841327,0.4858548585485855,0.7699876998769988,0.5133251332513326,0,IRAMDEYR,391
METHAMFLAG,172.82584594549314,2.5482185968120324e-12,0.00011967648470833302,0.6703567035670357,0.5289052890528906,0.3370233702337023,0.5120951209512095,0,IRAMDEYR,392
UADROTH,137.8561434681005,2.7178549589244526e-12,0.00013656430576539858,0.6088560885608856,0.5485854858548586,0.3726937269372694,0.5100451004510046,0,IRAMDEYR,393
SEVYRSTMANY,304.2328951164202,2.5183104625526248e-12,6.688365885448946e-05,0.7872078720787208,0.5215252152521526,0.2201722017220172,0.5096350963509635,0,IRAMDEYR,394
UADPEOP,132.8205992882981,2.7612506914792583e-12,0.0001394893543316661,0.5873308733087331,0.5627306273062731,0.37761377613776137,0.5092250922509226,0,IRAMDEYR,395
ALCMDAYS,25.784184781880356,2.766393350119907e-12,0.0006090242646559372,0.2134071340713407,0.5645756457564576,0.7404674046740467,0.506150061500615,0,IRAMDEYR,396
NOBOOKY2,44.71199893095309,2.920357585632923e-12,0.00041570291395439686,0.2921279212792128,0.577490774907749,0.6445264452644527,0.5047150471504716,0,IRAMDEYR,397
UADBAR,145.2295548636008,2.7244408378697903e-12,0.00011873462801063775,0.6285362853628537,0.5535055350553506,0.3296432964329643,0.5038950389503896,0,IRAMDEYR,398
UD5OPIGRP,175.6321834089093,2.5441512824929814e-12,0.00010538938645584225,0.6789667896678967,0.5252152521525215,0.3050430504305043,0.5030750307503075,0,IRAMDEYR,399
UADPAID,132.8205992882981,2.7612506914792583e-12,0.0001246699570392164,0.5873308733087331,0.5627306273062731,0.35670356703567035,0.5022550225502256,0,IRAMDEYR,400
BOOKED,44.71199893095309,2.920357585632923e-12,0.00040296127490639574,0.2921279212792128,0.577490774907749,0.6371463714637147,0.5022550225502255,0,IRAMDEYR,401
CDCGMO,100.58234589860339,2.6362280951526405e-12,0.0002095945072232275,0.4956949569495695,0.5362853628536285,0.4710947109471095,0.5010250102501025,0,IRAMDEYR,402
CDUFLAG,57.31646290396233,2.8502540699676378e-12,0.0003397028323102021,0.33948339483394835,0.5707257072570726,0.5904059040590406,0.5002050020500205,0,IRAMDEYR,403
SEVYRTRQANY,316.38864351283314,2.3486760333460684e-12,6.126582456536446e-05,0.7958179581795818,0.5006150061500615,0.20418204182041821,0.5002050020500205,0,IRAMDEYR,404
STMNMYR,237.64551524225328,1.815655630824567e-12,0.00011395286289300886,0.7539975399753998,0.43050430504305043,0.3148831488314883,0.49979499794997945,0,IRAMDEYR,405
RXOXCOANY2,96.46666859412174,2.1629238621220177e-12,0.0003016531088216149,0.46740467404674046,0.4784747847478475,0.5473554735547356,0.4977449774497746,0,IRAMDEYR,406
IRFAMSVC,98.30998204885705,2.4250397657332933e-12,0.00025526926994096734,0.4698646986469865,0.5092250922509225,0.5129151291512916,0.4973349733497335,0,IRAMDEYR,407
PNRMAINRSN,106.03802996057865,2.6777412865347232e-12,0.00017770648907470914,0.5079950799507995,0.5424354243542435,0.44157441574415746,0.4973349733497335,0,IRAMDEYR,408
HLCNOTYR,28.692402052895304,2.6992541725023356e-12,0.0005625194973007723,0.23001230012300122,0.5473554735547356,0.7134071340713407,0.4969249692496925,0,IRAMDEYR,409
DIFOBTCRK,50.7664051080515,2.0600005305805995e-12,0.0005500570365578383,0.3087330873308733,0.4661746617466175,0.7084870848708487,0.49446494464944646,0,IRAMDEYR,410
UADCAR,137.0622243159737,2.7244408378697903e-12,0.00011896658489682142,0.5965559655596556,0.5535055350553506,0.33210332103321033,0.4940549405494055,0,IRAMDEYR,411
DIFOBTHER,57.55461014486316,2.092774546519672e-12,0.00047834246857047635,0.34071340713407133,0.46740467404674046,0.6728167281672817,0.49364493644936447,0,IRAMDEYR,412
INHNDAYYR2,185.42690223702516,2.3448177293653782e-12,9.54503050053706e-05,0.7023370233702337,0.4993849938499385,0.2779827798277983,0.4932349323493235,0,IRAMDEYR,413
BMI2,15.58424395748617,1.5118442174937917e-12,0.004646132085798252,0.16605166051660517,0.36039360393603936,0.9520295202952029,0.4928249282492825,1,IRAMDEYR,414
UADOTHM,137.0622243159737,2.7244408378697903e-12,0.00011466761304329105,0.5965559655596556,0.5535055350553506,0.3173431734317343,0.4891348913489135,0,IRAMDEYR,415
IRFAMSOC,61.645044776457084,1.5657415698820496e-12,0.0005987270812925276,0.3591635916359164,0.36900369003690037,0.7380073800738007,0.48872488724887253,0,IRAMDEYR,416
UADSCHL,140.27470620905783,2.7244408378697903e-12,0.00010154687736285131,0.6211562115621156,0.5535055350553506,0.2902829028290283,0.48831488314883154,0,IRAMDEYR,417
OTHRTRQANY,174.68356521615976,1.4083444989888583e-12,0.00018073840368743472,0.6765067650676507,0.3419434194341943,0.44649446494464945,0.4883148831488315,0,IRAMDEYR,418
TRQNMYR,298.76523974152866,1.906184187207603e-12,6.821745340667347e-05,0.7822878228782287,0.45264452644526443,0.22755227552275523,0.4874948749487495,0,IRAMDEYR,419
UADFWHO,123.53249466015603,2.4099635068222573e-12,0.00014535810009704965,0.5522755227552275,0.506150061500615,0.3886838868388684,0.482369823698237,0,IRAMDEYR,420
COCYDAYS,174.36263328352507,2.6755325880457775e-12,6.902590601484465e-05,0.6740467404674046,0.5412054120541205,0.23001230012300122,0.48175481754817545,0,IRAMDEYR,421
UD5HROPANY,175.6321834089093,2.5441512824929814e-12,7.45800534913985e-05,0.6789667896678967,0.5252152521525215,0.24108241082410825,0.48175481754817545,0,IRAMDEYR,422
CRKMLU,131.4376008859675,2.775736757578858e-12,0.00010418402158571706,0.5793357933579336,0.566420664206642,0.2988929889298893,0.48154981549815495,0,IRAMDEYR,423
RXAMMEMIS,237.985789698956,1.7720134193791013e-12,8.242423121550235e-05,0.7552275522755227,0.42435424354243545,0.2644526445264453,0.48134481344813446,0,IRAMDEYR,424
SALVIAFLAG,163.17912595371902,1.7076725363314347e-12,0.0001391636049947955,0.6543665436654367,0.4132841328413284,0.3751537515375154,0.48093480934809346,0,IRAMDEYR,425
UADFRD,132.18277369729097,2.4099635068222573e-12,0.00012324495892506097,0.5842558425584256,0.506150061500615,0.35178351783517836,0.480729807298073,0,IRAMDEYR,426
SVYROPIANY2,175.6321834089093,2.5441512824929814e-12,7.268667883574936e-05,0.6789667896678967,0.5252152521525215,0.23616236162361623,0.4801148011480114,0,IRAMDEYR,427
MJSKNYR,138.5627346305961,1.5555736008386754e-12,0.00019869678511671475,0.6113161131611317,0.36531365313653136,0.45879458794587946,0.4784747847478475,0,IRAMDEYR,428
SEVYRPNRANY2,160.2979403921026,2.45589706050197e-12,8.193162716954046e-05,0.6519065190651907,0.5166051660516605,0.2607626076260763,0.4764247642476425,0,IRAMDEYR,429
HLTINDRG,27.131841223069497,1.9028336203779982e-12,0.0006221566910040926,0.22078720787207873,0.44956949569495697,0.7453874538745388,0.4719147191471915,0,IRAMDEYR,430
HERRXOPYR,114.617308494822,2.6547417496217267e-12,0.00012184101519803071,0.5338253382533825,0.5399753997539976,0.3419434194341943,0.47191471914719146,0,IRAMDEYR,431
FUCOC18,123.88909096916395,2.6303248873836915e-12,0.00011782434681880759,0.5535055350553506,0.5350553505535055,0.32595325953259535,0.4715047150471505,0,IRAMDEYR,432
SRCPNRNM2,105.01349250432415,2.5459918919491525e-12,0.0001424896662791215,0.5030750307503075,0.5276752767527675,0.3837638376383764,0.47150471504715047,0,IRAMDEYR,433
IRPRVHLT,24.929863847860656,1.8180142722889843e-12,0.0006858075309286209,0.2091020910209102,0.4317343173431734,0.7724477244772447,0.4710947109471095,0,IRAMDEYR,434
RSKCOCWK,40.008783416552255,2.103091142710792e-12,0.00044453136915235237,0.2829028290282903,0.474169741697417,0.6555965559655597,0.470889708897089,0,IRAMDEYR,435
BZONMYR,241.06773744204543,1.6058632333032352e-12,8.980341750458722e-05,0.7576875768757687,0.37884378843788435,0.27060270602706027,0.4690446904469045,0,IRAMDEYR,436
SMKMOLAST,35.524601868576234,2.6816830011256713e-12,0.0003474170675791604,0.26752767527675275,0.5436654366543665,0.5928659286592866,0.46801968019680196,0,IRAMDEYR,437
HLTINALC,27.131841223069497,1.9028336203779982e-12,0.00058445317878637,0.22078720787207873,0.44956949569495697,0.7269372693726938,0.46576465764657654,0,IRAMDEYR,438
UDYR5TRQANY,316.38864351208554,1.3043807429870361e-12,9.159129849342849e-05,0.7945879458794588,0.3247232472324723,0.2730627306273063,0.46412464124641245,0,IRAMDEYR,439
RXAMPHMIS,221.2300276845686,1.654647570304762e-12,8.771757149264799e-05,0.7306273062730627,0.3923739237392374,0.26814268142681424,0.46371463714637146,0,IRAMDEYR,440
FUECSTMO18,106.60724735360701,2.2257243009752887e-12,0.00014673229164682535,0.5092250922509225,0.4870848708487085,0.3923739237392374,0.46289462894628947,0,IRAMDEYR,441
UDYR5STMANY,304.2328951161764,1.4740120129119697e-12,7.544344787468863e-05,0.7859778597785978,0.35301353013530135,0.24477244772447723,0.4612546125461255,0,IRAMDEYR,442
CGRYR,69.35547394999945,1.9001921361118878e-12,0.0002991347414370608,0.3923739237392374,0.44649446494464945,0.5436654366543665,0.46084460844608444,0,IRAMDEYR,443
PRVHLTIN,27.131841223069497,1.9028336203779982e-12,0.0005554630646847531,0.22078720787207873,0.44956949569495697,0.7097170971709718,0.46002460024600245,0,IRAMDEYR,444
RXBZOTMIS,234.58992039243003,1.5769035254800954e-12,7.814132535429752e-05,0.7527675276752768,0.3726937269372694,0.25092250922509224,0.45879458794587946,0,IRAMDEYR,445
HIGHBPMED,77.40750443125879,1.2196886977774256e-12,0.0004446868570596756,0.4108241082410824,0.3038130381303813,0.6568265682656826,0.4571545715457154,0,IRAMDEYR,446
WRKSELFEM,22.89184694358904,1.8686192449209383e-12,0.0005879841498650708,0.1998769987699877,0.44218942189421895,0.7281672816728167,0.4567445674456745,0,IRAMDEYR,447
SEVYROPPRANY,148.20182915332592,2.370161799662483e-12,7.064292966563953e-05,0.6322263222632226,0.5030750307503075,0.23247232472324722,0.45592455924559244,0,IRAMDEYR,448
DAMTFXFLAG,168.36044405858357,1.512701655614617e-12,0.00012233871526260895,0.6592865928659286,0.36162361623616235,0.34440344403444034,0.45510455104551045,0,IRAMDEYR,449
SVYRTQSDMIS,221.4965344294079,1.860594081302457e-12,5.6224181349512524e-05,0.7318573185731857,0.4403444034440344,0.18942189421894218,0.45387453874538747,0,IRAMDEYR,450
GRPHLTIN,27.131841223069497,1.9028336203779982e-12,0.0005125357523719651,0.22078720787207873,0.44956949569495697,0.6863468634686347,0.4522345223452235,0,IRAMDEYR,451
RXTRAMANY2,78.03737364486167,1.5710084685828997e-12,0.000313032706845275,0.4145141451414514,0.37023370233702335,0.5658056580565806,0.4501845018450184,0,IRAMDEYR,452
CNSNMMON,204.6361807007356,1.6313820254066243e-12,7.375783792775029e-05,0.7183271832718328,0.3874538745387454,0.23862238622386223,0.44813448134481354,0,IRAMDEYR,453
HALLNDAYPM,128.66414146722366,2.1856320981054727e-12,0.00010226105772235377,0.5658056580565806,0.4821648216482165,0.29274292742927427,0.44690446904469044,0,IRAMDEYR,454
CELLNOTCL,52.0099574907589,1.4191803550766455e-12,0.0004785336813738066,0.3148831488314883,0.34440344403444034,0.6740467404674046,0.4444444444444444,0,IRAMDEYR,455
IRFAMSSI,31.848495175227534,2.173139841120659e-12,0.00037106125385192505,0.24600246002460024,0.4797047970479705,0.6051660516605166,0.44362443624436243,0,IRAMDEYR,456
GRSKBNGDLY,22.62111927763975,1.3011575502578536e-12,0.0008184298672788323,0.1961869618696187,0.3216482164821648,0.8118081180811808,0.44321443214432144,0,IRAMDEYR,457
IRPMNICDEP,81.74074460027056,2.0232923714419914e-12,0.0001769195573698269,0.4280442804428044,0.4612546125461255,0.43911439114391143,0.44280442804428044,0,IRAMDEYR,458
DRVINDROTMJ,205.43437692510395,1.2202193859084196e-12,0.00010503056082061493,0.7195571955719557,0.3050430504305043,0.3025830258302583,0.44239442394423945,0,IRAMDEYR,459
GRSKCOCWK,12.519700302393465,2.103091142710792e-12,0.0005307818045216619,0.15252152521525214,0.474169741697417,0.6998769987699877,0.4421894218942189,0,IRAMDEYR,460
RXMRLXANY,102.53404065839766,1.4058385119139847e-12,0.00022867435958947487,0.4993849938499385,0.34071340713407133,0.4858548585485855,0.44198441984419845,0,IRAMDEYR,461
ALCMON,25.784184781880356,1.7221856325412124e-12,0.0005250431530172514,0.2134071340713407,0.41697416974169743,0.6949569495694957,0.441779417794178,0,IRAMDEYR,462
RSKBNGDLY,22.62111927763975,1.3011575502578536e-12,0.0007973332019333665,0.1961869618696187,0.3216482164821648,0.8044280442804428,0.44075440754407547,0,IRAMDEYR,463
COCYR,174.3626332835965,1.6312332517338043e-12,8.080791088939061e-05,0.6752767527675276,0.3862238622386224,0.25584255842558423,0.4391143911439115,0,IRAMDEYR,464
UD5OPIANY2,175.63218340911877,1.4998528845010011e-12,8.78731736387934e-05,0.6814268142681427,0.3591635916359164,0.2693726937269373,0.4366543665436655,0,IRAMDEYR,465
DRVINHERN,114.08623660616357,2.4603400664637623e-12,8.170241920693544e-05,0.5325953259532595,0.5178351783517835,0.25953259532595324,0.43665436654366546,0,IRAMDEYR,466
WRKEFFORT,22.41637817761707,2.1790728187463958e-12,0.0003921019552966715,0.1931119311193112,0.48093480934809346,0.6273062730627307,0.4337843378433785,0,IRAMDEYR,467
OPIIMFNMYR2,118.59088564483825,1.653243551484725e-12,0.00012884548645927254,0.5424354243542435,0.39114391143911437,0.3640836408364084,0.4325543255432554,0,IRAMDEYR,468
WRKDPSTYR,22.89184694358904,1.8686192449209383e-12,0.0004404824265773665,0.1998769987699877,0.44218942189421895,0.6543665436654367,0.4321443214432144,0,IRAMDEYR,469
OTHRPNRANY2,63.64095954233893,1.3213963943475907e-12,0.00034730431093520764,0.36900369003690037,0.3284132841328413,0.5916359163591636,0.4296842968429684,0,IRAMDEYR,470
CRKFLAG,132.53630552482184,1.7272411230343485e-12,9.70191500407598e-05,0.5854858548585485,0.4182041820418204,0.28413284132841327,0.4292742927429274,0,IRAMDEYR,471
SRCFRSTMNM,131.6075069589941,2.024355790295222e-12,7.230806685827814e-05,0.5824108241082411,0.46309963099630996,0.23493234932349324,0.4268142681426814,0,IRAMDEYR,472
PIPFLAG,54.8668875662098,1.7880041877001656e-12,0.0002724901259201518,0.32226322263222634,0.4268142681426814,0.5252152521525215,0.42476424764247644,0,IRAMDEYR,473
INHALYR2,185.4269022373276,1.3005183930785667e-12,7.655421113807264e-05,0.7035670356703567,0.3198031980319803,0.24723247232472326,0.4235342353423534,0,IRAMDEYR,474
FUMETHAM21,89.02448793502565,2.2770552757521326e-12,0.00011872095513586806,0.44772447724477243,0.4920049200492005,0.3284132841328413,0.4227142271422714,0,IRAMDEYR,475
IRSEVSTMUNM,140.10182263224706,1.831618499853222e-12,6.489070601598788e-05,0.6162361623616236,0.43419434194341944,0.21648216482164823,0.4223042230422304,0,IRAMDEYR,476
SRCCLFRSTM,131.6075069589941,2.024355790295222e-12,6.61684226217655e-05,0.5824108241082411,0.46309963099630996,0.2177121771217712,0.42107421074210744,0,IRAMDEYR,477
OPINMYR2,114.61730849485576,1.6104478021422177e-12,0.00012192898554447944,0.5350553505535055,0.3800738007380074,0.34317343173431736,0.41943419434194346,0,IRAMDEYR,478
SMKLSSFLAG,35.914145421993666,1.6461942595840394e-12,0.00035871781508150564,0.27060270602706027,0.3899138991389914,0.5977859778597786,0.41943419434194346,0,IRAMDEYR,479
HERMLU,114.03746674552427,2.455036832310333e-12,6.292373644050986e-05,0.5301353013530136,0.5153751537515375,0.2115621156211562,0.41902419024190246,0,IRAMDEYR,480
RKFQPBLT,36.8866607765276,1.2793136211436927e-12,0.00045469298153750706,0.27183271832718325,0.3173431734317343,0.6642066420664207,0.4177941779417795,0,IRAMDEYR,481
IRPYSEV5MTH,152.1603166521575,1.994447691664562e-12,4.01981120716014e-05,0.6408364083640836,0.45879458794587946,0.15252152521525214,0.41738417384173837,0,IRAMDEYR,482
UDYR5OPPRANY,148.20182915341599,1.3258634016842961e-12,9.89858808763062e-05,0.6334563345633456,0.3296432964329643,0.2865928659286593,0.4165641656416564,0,IRAMDEYR,483
MJCMOTHMON,119.93335069528486,1.3113143335825442e-12,0.00013704971504306448,0.5448954489544895,0.32595325953259535,0.37392373923739236,0.4149241492414924,0,IRAMDEYR,484
IRSEVTRQMIS,212.37067115504684,1.7689788082748163e-12,2.1938264933072404e-05,0.7232472324723247,0.4231242312423124,0.0971709717097171,0.4145141451414514,0,IRAMDEYR,485
MXMJPNLT,17.61485386812755,1.1368837734452279e-12,0.0007430005094440173,0.17589175891758918,0.27921279212792127,0.7872078720787208,0.4141041410414104,0,IRAMDEYR,486
UDYR5PNRANY2,160.2979403923323,1.4115986625171664e-12,7.585113682830958e-05,0.6531365313653137,0.34317343173431736,0.24600246002460024,0.4141041410414104,0,IRAMDEYR,487
ANYNDLREC,68.73073320180116,2.206078980338893e-12,0.00012693370534107605,0.39114391143911437,0.48462484624846247,0.36162361623616235,0.4124641246412464,0,IRAMDEYR,488
PNRNMYR,101.29637152970581,1.518588377597498e-12,0.00013328168972474253,0.4969249692496925,0.3628536285362854,0.3677736777367774,0.4091840918409184,0,IRAMDEYR,489
SVYRTQSDUNM,134.9736654168551,1.8099625845378436e-12,5.979203241071416e-05,0.5928659286592866,0.42927429274292744,0.1992619926199262,0.4071340713407134,0,IRAMDEYR,490
AIRDUSEVER2,129.88493117991078,1.1389963232380187e-12,0.00012873588954927316,0.5670356703567035,0.28413284132841327,0.3628536285362854,0.4046740467404674,0,IRAMDEYR,491
CIGPDAY,35.47480038671933,2.311679351925362e-12,0.0001797316574632859,0.2656826568265683,0.4956949569495695,0.44526445264452646,0.40221402214022145,0,IRAMDEYR,492
SVYRCNSUNM,131.34072121093152,1.7809798902882577e-12,6.049512465508858e-05,0.5768757687576875,0.42558425584255843,0.2004920049200492,0.40098400984009835,0,IRAMDEYR,493
FLVVAPMON,94.88480233499973,1.2230055110100556e-12,0.00016557147707365596,0.46371463714637146,0.3062730627306273,0.4268142681426814,0.3989339893398934,0,IRAMDEYR,494
IRSEVTRQUNM,112.09530735027532,1.6122706705947743e-12,0.00010212924854803888,0.5215252152521526,0.38253382533825336,0.2915129151291513,0.3985239852398524,0,IRAMDEYR,495
RXCYCLANY,79.72284679955686,1.192105205025704e-12,0.0002126687800189999,0.42435424354243545,0.2964329643296433,0.4735547355473555,0.3981139811398114,0,IRAMDEYR,496
HTANSWER,62.4094862693397,1.4764677490214998e-12,0.00021465069266966692,0.36162361623616235,0.35424354243542433,0.47601476014760147,0.3972939729397294,0,IRAMDEYR,497
IRHHSIZ2,8.192929654659483,1.3203044913435041e-12,0.0006711348216627119,0.09225092250922509,0.32718327183271834,0.7712177121771218,0.39688396883968835,0,IRAMDEYR,498
SVYROPIMIS,130.58959651236904,1.96568303063173e-12,4.514148519031818e-05,0.5719557195571956,0.45510455104551045,0.16236162361623616,0.3964739647396474,0,IRAMDEYR,499
IRSEVSTMMIS,169.45247575368847,1.7192658386279093e-12,2.6174072159447383e-05,0.6629766297662977,0.4157441574415744,0.10824108241082411,0.3956539565395654,0,IRAMDEYR,500
METHNDAYYR,131.2549400408403,2.0992005196170863e-12,3.604757519894482e-05,0.5756457564575646,0.47232472324723246,0.13899138991389914,0.3956539565395654,0,IRAMDEYR,501
PSYCHMON,164.08882149829304,1.3788528424506151e-12,5.772727888060916e-05,0.6555965559655597,0.33456334563345635,0.19557195571955718,0.39524395243952437,0,IRAMDEYR,502
WTPOUND2,7.334871023619001,5.881327795917529e-13,0.004168099906961697,0.08241082410824108,0.17589175891758918,0.923739237392374,0.3940139401394014,1,IRAMDEYR,503
FUSMKLSS21,13.487859624574964,1.883140558797233e-12,0.00032381444017146803,0.15867158671586715,0.44526445264452646,0.5744157441574416,0.3927839278392784,0,IRAMDEYR,504
MJMTHYR,124.02159827580776,1.1508036606074188e-12,0.00011959327499076443,0.5547355473554736,0.2865928659286593,0.33579335793357934,0.3923739237392374,0,IRAMDEYR,505
CIG1PACK,35.76458280427833,2.3162522220478066e-12,0.00014981543787225544,0.2693726937269373,0.4969249692496925,0.4009840098400984,0.3890938909389094,0,IRAMDEYR,506
SPEAKENGL,59.77338299594116,1.1578480416624401e-12,0.00025953668625154966,0.35424354243542433,0.2902829028290283,0.5166051660516605,0.3870438704387043,0,IRAMDEYR,507
IMFNDLEVER,51.741057995393284,1.8380814175188115e-12,0.00015272002914208145,0.31365313653136534,0.4360393603936039,0.4059040590405904,0.3851988519885199,0,IRAMDEYR,508
METHNDAYPM,115.7626379504012,1.8254543128580243e-12,5.3599050758067155e-05,0.5375153751537516,0.43296432964329645,0.18450184501845018,0.38499384993849944,0,IRAMDEYR,509
RSKCIGPKD,10.591134030535098,9.800254856339327e-13,0.0006690252521177859,0.13161131611316113,0.2521525215252153,0.7675276752767528,0.38376383763837635,0,IRAMDEYR,510
CHMNDLREC,87.15906593673051,2.2295033487511722e-12,6.709727276181864e-05,0.43788437884378845,0.4883148831488315,0.22263222632226323,0.38294382943829436,0,IRAMDEYR,511
RXMORPANY2,79.6553139379993,1.023494702938828e-12,0.00020339135656576447,0.4218942189421894,0.25584255842558423,0.46248462484624847,0.38007380073800734,0,IRAMDEYR,512
WRKHADJOB,8.286521324815498,1.4822033600844289e-12,0.0005175017771740482,0.09471094710947109,0.35547355473554737,0.6900369003690037,0.38007380073800734,0,IRAMDEYR,513
FUMETHAM18,77.22300820986888,1.8782718984242497e-12,9.723626024185655e-05,0.4095940959409594,0.4440344403444034,0.2853628536285363,0.3796637966379664,0,IRAMDEYR,514
FUCRK21,92.73712160599759,1.9256544016110135e-12,6.842484313500227e-05,0.45387453874538747,0.45387453874538747,0.22878228782287824,0.3788437884378844,0,IRAMDEYR,515
SRCCLFRPNR,88.01837555862112,1.842813054818562e-12,8.057175423230252e-05,0.44341943419434193,0.43849938499384994,0.25461254612546125,0.3788437884378844,0,IRAMDEYR,516
HERFLAG,115.87714648747189,1.4194422993955099e-12,7.74618986633892e-05,0.5399753997539976,0.3456334563345633,0.24846248462484624,0.37802378023780236,0,IRAMDEYR,517
RXALPRMIS,173.43095557161948,1.1169967651839227e-12,5.003484172279259e-05,0.6728167281672817,0.2767527675276753,0.17589175891758918,0.3751537515375154,0,IRAMDEYR,518
GASEVER2,121.92244051368628,1.0534606887173247e-12,0.00010661485313707048,0.5498154981549815,0.2607626076260763,0.3062730627306273,0.3722837228372284,0,IRAMDEYR,519
WTANSWER,58.66800815734261,1.302030997717632e-12,0.00017949693171781286,0.34809348093480935,0.3234932349323493,0.4440344403444034,0.3718737187371874,0,IRAMDEYR,520
SRCCLFRTRQ,105.3874689432184,1.7579381424394287e-12,5.6123342401921525e-05,0.504920049200492,0.42127921279212793,0.1881918819188192,0.3714637146371464,0,IRAMDEYR,521
SRCFRPNRNM,88.01837555862112,1.842813054818562e-12,6.185363688717853e-05,0.44341943419434193,0.43849938499384994,0.2066420664206642,0.3628536285362854,0,IRAMDEYR,522
KRATOMYR,133.47702476883717,9.058837534727418e-13,8.084767163354134e-05,0.5891758917589176,0.24108241082410825,0.2570725707257073,0.3624436244362444,0,IRAMDEYR,523
SEVYRSEDANY,125.88370802867794,1.6213779367522555e-12,3.537593040485009e-05,0.5608856088560885,0.3837638376383764,0.13530135301353013,0.35998359983599837,0,IRAMDEYR,524
OXYCNANYYR2,57.69123421528963,1.061766585088025e-12,0.0002045285662724042,0.34317343173431736,0.26691266912669126,0.46494464944649444,0.35834358343583433,0,IRAMDEYR,525
HALLUCMON,128.66414146703409,1.1413526299211474e-12,6.718501371283679e-05,0.5645756457564576,0.2853628536285363,0.22386223862238622,0.3579335793357934,0,IRAMDEYR,526
GLUEEVER2,88.04878051099793,9.047087770954931e-13,0.00014281050222903925,0.44526445264452646,0.23985239852398524,0.3849938499384994,0.3567035670356704,0,IRAMDEYR,527
IRSEVPNRMIS,107.47923320355602,1.807068720314803e-12,3.389316294387346e-05,0.5129151291512916,0.4280442804428044,0.12915129151291513,0.35670356703567035,0,IRAMDEYR,528
WRKRSNNOT,9.743269438783763,1.2966726474280258e-12,0.0003878671666301965,0.12546125461254612,0.31857318573185733,0.6236162361623616,0.35588355883558837,0,IRAMDEYR,529
HVYDRKMON,34.82363907427088,1.1533667586339476e-12,0.0002562352208575932,0.26199261992619927,0.2878228782287823,0.5141451414514145,0.3546535465354654,0,IRAMDEYR,530
SRCFRTRQNM,105.3874689432184,1.7579381424394287e-12,3.4835954038637785e-05,0.504920049200492,0.42127921279212793,0.13407134071340712,0.3534235342353424,0,IRAMDEYR,531
IRUD5STMUNM,140.10182263268786,7.873196629077157e-13,6.435593615326953e-05,0.6174661746617466,0.22509225092250923,0.21525215252152521,0.3526035260352603,0,IRAMDEYR,532
TRQNDAYPM,124.47600970753622,1.6959942507884416e-12,1.7078432603638145e-05,0.5571955719557196,0.41205412054120544,0.07503075030750307,0.34809348093480935,0,IRAMDEYR,533
IRIMFREC,86.294599316596,1.7162163489713761e-12,5.7041808205762004e-05,0.43419434194341944,0.4145141451414514,0.1931119311193112,0.34727347273472736,0,IRAMDEYR,534
METHAMYR,131.2549400406835,1.0549464374869091e-12,6.053153779568021e-05,0.5744157441574416,0.26199261992619927,0.2017220172201722,0.3460434604346043,0,IRAMDEYR,535
HLCLAST,31.707200904519443,7.838900176275441e-13,0.0003133053200814367,0.24477244772447723,0.22386223862238622,0.5670356703567035,0.34522345223452233,0,IRAMDEYR,536
HLLOSRSN,9.620292761607658,1.240550469391972e-12,0.0003485053441938777,0.12423124231242312,0.3087330873308733,0.5940959409594095,0.3423534235342353,0,IRAMDEYR,537
IRUD5TRQMIS,212.37067115498277,7.246822267202679e-13,2.017389460310062e-05,0.7220172201722017,0.2115621156211562,0.08733087330873308,0.34030340303403034,0,IRAMDEYR,538
IMFEVER,27.702438834942456,1.8380814175188115e-12,0.00012379590851153586,0.22509225092250923,0.4360393603936039,0.35424354243542433,0.3384583845838458,0,IRAMDEYR,539
GRSKCIGPKD,1.3626842223944815,7.457897431257654e-13,0.0007053061031407729,0.01968019680196802,0.21525215252152521,0.7761377613776138,0.3370233702337024,0,IRAMDEYR,540
IRUD5STMMIS,169.4524757547056,6.749815411991553e-13,3.75842404130389e-05,0.6642066420664207,0.2017220172201722,0.14514145141451415,0.3370233702337024,0,IRAMDEYR,541
HRTCONDYR,12.063313209904308,1.1373144574000328e-12,0.0003368913729477678,0.14268142681426815,0.2810578105781058,0.5867158671586716,0.3368183681836818,0,IRAMDEYR,542
BKSEXNR,32.59383221196602,1.682565457113039e-12,0.0001241314749329926,0.25092250922509224,0.4034440344403444,0.35547355473554737,0.3366133661336614,0,IRAMDEYR,543
HIGHBPEVR2,3.89990246003863,1.1683305886847553e-12,0.0004650862906207852,0.046740467404674045,0.2915129151291513,0.6678966789667896,0.3353833538335383,0,IRAMDEYR,544
IRPYUD5MTH,152.1603166523649,9.501709179175987e-13,3.1949502278974416e-05,0.6420664206642066,0.24354243542435425,0.11931119311193111,0.3349733497334973,0,IRAMDEYR,545
PSILCYMON,88.09117056161622,7.498162710580621e-13,0.00012101504842051724,0.44649446494464945,0.2177121771217712,0.33948339483394835,0.3345633456334563,0,IRAMDEYR,546
IRPYSEV5COC,92.98776318636156,1.6717834727313483e-12,3.995741590338332e-05,0.45633456334563344,0.3936039360393604,0.15129151291512916,0.3337433374333743,0,IRAMDEYR,547
DCIGMON,35.47480038671762,1.2674036025390005e-12,0.00016343531465850403,0.2644526445264453,0.3148831488314883,0.42066420664206644,0.3333333333333333,0,IRAMDEYR,548
RXDIAZANY,60.78503704698519,8.162780677265628e-13,0.00015841280446759738,0.35547355473554737,0.23001230012300122,0.4145141451414514,0.3333333333333333,0,IRAMDEYR,549
BKBURGL,29.994375562758297,1.682565457113039e-12,0.00012317405221524955,0.23739237392373924,0.4034440344403444,0.3505535055350554,0.33046330463304635,0,IRAMDEYR,550
BKSRVIOL,28.277285966399006,1.682565457113039e-12,0.00012634286336963335,0.22755227552275523,0.4034440344403444,0.36039360393603936,0.33046330463304635,0,IRAMDEYR,551
SYNSTMREC,17.306230473808217,1.2543682588197125e-12,0.0002372078975329442,0.17343173431734318,0.3105781057810578,0.4932349323493235,0.3257482574825748,0,IRAMDEYR,552
HERSMOEVER,109.43145559255318,9.947683620098322e-13,6.171701701950726e-05,0.5141451414514145,0.25338253382533826,0.2054120541205412,0.3243132431324313,0,IRAMDEYR,553
CGRMDAYS,12.307692361797946,1.5629350113092767e-12,0.0001911659072782027,0.14883148831488316,0.3677736777367774,0.45510455104551045,0.3239032390323903,0,IRAMDEYR,554
MILTCHLDR,7.544412935803625,9.659481023444205e-13,0.00040751882543365415,0.08487084870848709,0.24846248462484624,0.6383763837638377,0.3239032390323903,0,IRAMDEYR,555
BKROB,33.04416140553174,1.682565457113039e-12,0.0001136018422152846,0.25338253382533826,0.4034440344403444,0.31365313653136534,0.3234932349323493,0,IRAMDEYR,556
ANYNEDFLAG,79.02910011296169,1.1150590144722614e-12,9.378668959845416e-05,0.4182041820418204,0.2742927429274293,0.27552275522755226,0.32267322673226734,0,IRAMDEYR,557
MILTSPPAR,7.378406855652633,9.659481023444205e-13,0.0003999833551537336,0.08364083640836409,0.24846248462484624,0.6359163591635917,0.32267322673226734,0,IRAMDEYR,558
FUSMKLSS18,4.995499279611905,1.428226114221937e-12,0.00030569794638618444,0.06027060270602706,0.34686346863468637,0.5559655596555966,0.32103321033210336,0,IRAMDEYR,559
STMNDAYPM,93.58527989828109,1.6450476550188295e-12,3.080205002095379e-05,0.46002460024600245,0.3886838868388684,0.11439114391143912,0.32103321033210336,0,IRAMDEYR,560
PCPMLU,38.970563483581756,1.7298251290186483e-12,8.11825705758573e-05,0.27613776137761376,0.4194341943419434,0.25830258302583026,0.31795817958179584,0,IRAMDEYR,561
BKARSON,32.98883585863316,1.682565457113039e-12,0.0001029058990956185,0.2521525215252153,0.4034440344403444,0.2952029520295203,0.3169331693316933,0,IRAMDEYR,562
BKLARCNY,27.474632686274603,1.682565457113039e-12,0.00011689278817694083,0.22386223862238622,0.4034440344403444,0.3234932349323493,0.3169331693316933,0,IRAMDEYR,563
UDYR5SEDANY,125.88370802964536,5.770813551978033e-13,6.429651074076688e-05,0.5621156211562116,0.17466174661746617,0.2140221402214022,0.3169331693316933,0,IRAMDEYR,564
IRSEVPNRUNM2,56.52613479465621,1.681401957868529e-12,6.657233875991285e-05,0.33456334563345635,0.3948339483394834,0.21894218942189422,0.3161131611316113,0,IRAMDEYR,565
SPAINTEVER2,110.32774576512459,8.258223690059785e-13,5.892250446032308e-05,0.5153751537515375,0.23124231242312424,0.1980319803198032,0.3148831488314883,0,IRAMDEYR,566
BKDRUG,23.2520149367256,1.682565457113039e-12,0.00012020100156605043,0.2017220172201722,0.4034440344403444,0.33825338253382536,0.31447314473144733,0,IRAMDEYR,567
BKDRVINF,22.117389449622035,1.682565457113039e-12,0.0001227094873778893,0.1918819188191882,0.4034440344403444,0.3456334563345633,0.3136531365313653,0,IRAMDEYR,568
WRKDPSTWK,7.237748752744393,6.046830534548578e-13,0.000491392288735203,0.07995079950799508,0.17835178351783518,0.6789667896678967,0.3124231242312423,0,IRAMDEYR,569
UADMONY,26.142017132669878,1.4330874754790588e-12,0.00013278839819977502,0.21648216482164823,0.34809348093480935,0.36654366543665434,0.3103731037310373,0,IRAMDEYR,570
MILTFAMLY,4.967348104734078,9.659481023444205e-13,0.0003832933920643918,0.05904059040590406,0.24846248462484624,0.6223862238622386,0.30996309963099633,0,IRAMDEYR,571
BKMVTHFT,28.22431565854163,1.682565457113039e-12,0.00010363406883719558,0.22632226322263221,0.4034440344403444,0.2976629766297663,0.3091430914309143,0,IRAMDEYR,572
SVYROPIUNM,49.72722691535953,1.6110413702697967e-12,7.384481739081071e-05,0.3038130381303813,0.3813038130381304,0.23985239852398524,0.3083230832308323,0,IRAMDEYR,573
IRGHBREC,70.56190167905483,1.5876341976949398e-12,3.9787568801020956e-05,0.3936039360393604,0.37392373923739236,0.15006150061500614,0.3058630586305863,0,IRAMDEYR,574
RXCODEANY2,11.538596780893734,5.696606477561773e-13,0.00036439285566136723,0.14145141451414514,0.17343173431734318,0.6014760147601476,0.30545305453054533,0,IRAMDEYR,575
RXLORAMIS,138.9050857502173,5.21726982005815e-13,3.639963240114448e-05,0.6137761377613776,0.15990159901599016,0.14268142681426815,0.30545305453054533,0,IRAMDEYR,576
BKSMASLT,17.683140275812903,1.682565457113039e-12,0.00011875793754444197,0.17712177121771217,0.4034440344403444,0.33087330873308735,0.30381303813038124,0,IRAMDEYR,577
MILTSIBLN,5.490514522397495,9.659481023444205e-13,0.00035302207994632575,0.06396063960639606,0.24846248462484624,0.5965559655596556,0.3029930299302993,0,IRAMDEYR,578
HRTCONDEV2,5.873982303998399,1.1373144574000328e-12,0.0003029813488795953,0.06888068880688807,0.2810578105781058,0.5522755227552275,0.3007380073800738,0,IRAMDEYR,579
MJSKNMON,66.66426070115351,7.465070869409091e-13,0.00010448900489856502,0.3813038130381304,0.21648216482164823,0.3013530135301353,0.2997129971299713,0,IRAMDEYR,580
BKFRAUD,23.732207018399748,1.682565457113039e-12,0.00010144240417901848,0.2054120541205412,0.4034440344403444,0.2890528905289053,0.2993029930299303,0,IRAMDEYR,581
HERSNIEVER,76.84471593049975,9.59918424048547e-13,7.497371236583e-05,0.40836408364083643,0.24477244772447723,0.24231242312423124,0.2984829848298483,0,IRAMDEYR,582
BKDRUNK,22.428517104578656,1.682565457113039e-12,0.00010230000521320277,0.1943419434194342,0.4034440344403444,0.2939729397293973,0.2972529725297253,0,IRAMDEYR,583
FUCRK18,66.52103585618036,1.5395683366748218e-12,3.917702598889194e-05,0.3800738007380074,0.3640836408364084,0.14760147601476015,0.2972529725297253,0,IRAMDEYR,584
IRUD5TRQUNM,112.09530734965864,5.6798770746172e-13,5.80056187848865e-05,0.5202952029520295,0.17220172201722017,0.1968019680196802,0.2964329643296433,0,IRAMDEYR,585
HLNVREF,29.005779953372194,7.373795978611886e-13,0.0001698589385247703,0.23124231242312424,0.21279212792127922,0.43296432964329645,0.2923329233292333,0,IRAMDEYR,586
FPIMFANYYR2,61.858886294895896,6.754789709234777e-13,0.00011336870536795251,0.36039360393603936,0.2029520295202952,0.3124231242312423,0.2919229192291923,0,IRAMDEYR,587
ACTD2001,40.76026466199178,7.141508563398498e-13,0.00014146712107478986,0.2853628536285363,0.2091020910209102,0.3800738007380074,0.2915129151291513,0,IRAMDEYR,588
FUHER21,57.10415671300242,1.6299398535431996e-12,3.952154692884673e-05,0.33825338253382536,0.3849938499384994,0.14883148831488316,0.2906929069290693,0,IRAMDEYR,589
IRFAMPMT,23.770096717787016,1.558327097566454e-12,0.0001034360322776446,0.2066420664206642,0.36654366543665434,0.2964329643296433,0.2898728987289873,0,IRAMDEYR,590
RXOXCOMIS,82.52423463368537,7.597311657789412e-13,6.694962660055252e-05,0.42927429274292744,0.21894218942189422,0.22140221402214022,0.2898728987289873,0,IRAMDEYR,591
COCMDAYS,55.30978303762463,1.5750070145345752e-12,4.6485924637997177e-05,0.32595325953259535,0.3714637146371464,0.16974169741697417,0.2890528905289053,0,IRAMDEYR,592
BKOTH,18.726943251675337,1.682565457113039e-12,9.63075730261618e-05,0.1820418204182042,0.4034440344403444,0.28044280442804426,0.28864288642886426,0,IRAMDEYR,593
PNRNDAYPM,55.211562661462,1.5953014342132046e-12,4.496111037930243e-05,0.3247232472324723,0.37761377613776137,0.15990159901599016,0.28741287412874134,0,IRAMDEYR,594
CELLWRKNG,29.15085202692833,7.756905438745009e-13,0.00015360789896506915,0.23370233702337023,0.22140221402214022,0.4071340713407134,0.2874128741287413,0,IRAMDEYR,595
INHNDAYPM2,58.11760907284071,1.49945119648798e-12,4.269243292968939e-05,0.3456334563345633,0.35793357933579334,0.15621156211562115,0.2865928659286593,0,IRAMDEYR,596
TQSDNMMON,114.84238187011951,6.74775938066689e-13,3.2106366450695953e-05,0.5362853628536285,0.2004920049200492,0.12054120541205413,0.2857728577285773,0,IRAMDEYR,597
GRSKHERWK,12.28343811203903,1.6186455664316223e-13,0.00041761566189036205,0.14698646986469865,0.06396063960639606,0.6457564575645757,0.2855678556785568,0,IRAMDEYR,598
SRCSEDNM2,79.72032486645891,1.4674465938140058e-12,1.8938550177500587e-05,0.4231242312423124,0.35178351783517836,0.08118081180811808,0.28536285362853625,0,IRAMDEYR,599
UADCAG,29.99879062707809,1.4012546556459291e-12,9.462337863310383e-05,0.23862238622386223,0.33948339483394835,0.2767527675276753,0.28495284952849526,0,IRAMDEYR,600
RXZOLPANY,32.32485560822991,6.478216212696142e-13,0.0001627923427962532,0.24846248462484624,0.1857318573185732,0.4194341943419434,0.28454284542845426,0,IRAMDEYR,601
METHAMMON,115.76263795062218,7.812038979216797e-13,2.104421278678266e-05,0.5387453874538746,0.22263222632226323,0.0910209102091021,0.28413284132841327,0,IRAMDEYR,602
MILTPARNT,1.7389723841489237,9.659481023444205e-13,0.0003294427984599661,0.024600246002460024,0.24846248462484624,0.5768757687576875,0.2833128331283313,0,IRAMDEYR,603
CLEFLUEVER2,95.15820828319643,6.722408531243369e-13,5.4493815584367526e-05,0.46494464944649444,0.1980319803198032,0.1857318573185732,0.2829028290282903,0,IRAMDEYR,604
RSKHERWK,12.28343811203903,1.9931764951884042e-13,0.0003917707937014012,0.14698646986469865,0.07503075030750307,0.6260762607626076,0.2826978269782698,0,IRAMDEYR,605
SEDMAINRSN,56.17069503394152,1.5894370966697742e-12,3.6189477916418715e-05,0.3296432964329643,0.3751537515375154,0.14145141451414514,0.2820828208282083,0,IRAMDEYR,606
TRQNMMON,124.47600970728348,6.517172962892378e-13,2.2537548966340777e-05,0.5559655596555966,0.18696186961869618,0.10209102091020911,0.2816728167281673,0,IRAMDEYR,607
IRUD5PNRMIS,107.47923320293106,7.62769900587911e-13,2.8669840467747467e-05,0.5116851168511685,0.2201722017220172,0.11070110701107011,0.28085280852808525,0,IRAMDEYR,608
RXHYDCMIS,63.9008358680146,8.40330162443902e-13,7.226379876347261e-05,0.37392373923739236,0.23370233702337023,0.23370233702337023,0.28044280442804426,0,IRAMDEYR,609
IROTHHLT,1.2634849815154778,4.804762829540017e-13,0.0004601102873762971,0.015990159901599015,0.15375153751537515,0.6654366543665436,0.2783927839278393,0,IRAMDEYR,610
IRPYSEV5HAL,79.4335977009895,1.3949081934044828e-12,1.7228544350752762e-05,0.4194341943419434,0.3370233702337023,0.07626076260762607,0.27757277572775724,0,IRAMDEYR,611
OTHRSTMANY,56.658766677761776,5.605098386791176e-13,0.00011686901606394517,0.3370233702337023,0.17097170971709716,0.32226322263222634,0.2767527675276753,0,IRAMDEYR,612
RXCLONMIS,112.15944477586109,5.528779429916053e-13,3.5593876675261814e-05,0.5227552275522755,0.16974169741697417,0.13653136531365315,0.2763427634276343,0,IRAMDEYR,613
IRUD5PNRUNM2,56.52613479454978,6.371211209992519e-13,0.00010833302062703824,0.3333333333333333,0.18450184501845018,0.30996309963099633,0.27593275932759326,0,IRAMDEYR,614
SYNSTMEVR,3.0683752754333726,1.2543682588197125e-12,0.00022059174964595741,0.03444034440344403,0.3105781057810578,0.4797047970479705,0.27490774907749077,0,IRAMDEYR,615
IRSEVSEDUNM,63.892468897525866,1.3867512490237007e-12,3.1466626770103686e-05,0.3726937269372694,0.33579335793357934,0.11562115621156212,0.2747027470274703,0,IRAMDEYR,616
NMVSOEST,22.643196313704888,1.0185024012369457e-12,0.00013446888719685374,0.1980319803198032,0.25461254612546125,0.3714637146371464,0.2747027470274703,0,IRAMDEYR,617
HLNVNEED,19.420245909048017,5.33814637743914e-13,0.00020457377179616443,0.18450184501845018,0.16482164821648215,0.4661746617466175,0.2718327183271833,0,IRAMDEYR,618
PROB,9.911726761588618,1.4462736042392279e-12,0.00011924044338939322,0.12730627306273062,0.34993849938499383,0.33456334563345635,0.27060270602706027,0,IRAMDEYR,619
SNYATTAK,63.71158988474809,6.07494899466677e-13,8.201803379070094e-05,0.37023370233702335,0.1795817958179582,0.26199261992619927,0.27060270602706027,0,IRAMDEYR,620
OPIIMFNMMN2,71.34158557375221,6.777709233856993e-13,6.237986432794566e-05,0.3960639606396064,0.20418204182041821,0.2091020910209102,0.26978269782697833,0,IRAMDEYR,621
IRCHMPUS,0.6438188097623908,1.1900043763367585e-12,0.00024730079010257646,0.007380073800738007,0.2952029520295203,0.5055350553505535,0.2693726937269373,0,IRAMDEYR,622
ECSTMOYR,67.34412624341853,7.109432851299999e-13,6.10158538549021e-05,0.3899138991389914,0.2078720787207872,0.2029520295202952,0.26691266912669126,0,IRAMDEYR,623
SOLVENEVER2,84.69542016182773,6.100952417149821e-13,5.587190857342483e-05,0.4317343173431734,0.18081180811808117,0.18696186961869618,0.26650266502665027,0,IRAMDEYR,624
HLNVSOR,20.343016112825467,5.11431130210062e-13,0.0001882441974412121,0.1881918819188192,0.15744157441574416,0.45264452644526443,0.26609266092660927,0,IRAMDEYR,625
FUPCP21,28.290071892985967,1.4988913136095497e-12,6.260096580183585e-05,0.22878228782287824,0.35670356703567035,0.21033210332103322,0.2652726527265273,0,IRAMDEYR,626
IMFFLAG,86.29459931696142,6.719428722468035e-13,4.502419127230189e-05,0.4354243542435424,0.1968019680196802,0.16113161131611317,0.2644526445264453,0,IRAMDEYR,627
HLNVOFFR,29.142464720256132,7.014364681197236e-13,0.00012341117850546218,0.23247232472324722,0.2066420664206642,0.35301353013530135,0.26404264042640424,0,IRAMDEYR,628
SNYSTOLE,39.34740891150053,4.768171673830635e-13,0.00012476311267501945,0.28044280442804426,0.15252152521525214,0.35793357933579334,0.26363263632636325,0,IRAMDEYR,629
IRPYSEV5HER,58.948740552136464,1.3567495009750125e-12,2.422281186401286e-05,0.34932349323493234,0.3333333333333333,0.1070110701107011,0.26322263222632225,0,IRAMDEYR,630
MILSTAT,11.196229217287549,5.267843666624069e-13,0.00023191468002025438,0.13653136531365315,0.16113161131611317,0.4907749077490775,0.26281262812628126,0,IRAMDEYR,631
SMKLSSYR,17.767339090362647,6.817469401336853e-13,0.00014957722065234188,0.17835178351783518,0.2054120541205412,0.3985239852398524,0.2607626076260763,0,IRAMDEYR,632
STMNMMON,93.58527989799799,6.007483187904885e-13,3.857479991164633e-05,0.45879458794587946,0.17712177121771217,0.14637146371463713,0.2607626076260763,0,IRAMDEYR,633
CHAMPUS,3.118741056974958,8.892120218853155e-13,0.0002522285271825913,0.03690036900369004,0.23616236162361623,0.5079950799507995,0.26035260352603523,0,IRAMDEYR,634
IRPYUD5COC,92.98776318571896,6.275993507522514e-13,3.584526769373693e-05,0.45510455104551045,0.18327183271832717,0.13776137761377613,0.25871258712587125,0,IRAMDEYR,635
HLNVCOST,20.181030416343848,4.873160977342853e-13,0.0001685956113409736,0.18696186961869618,0.15498154981549817,0.42927429274292744,0.2570725707257073,0,IRAMDEYR,636
CGRMON,12.30769236183697,5.186383178465135e-13,0.00020141232486908217,0.15006150061500614,0.15867158671586715,0.4612546125461255,0.2566625666256663,0,IRAMDEYR,637
HLTINNOS,1.735972412749905,3.673160338773682e-13,0.0003981273512606413,0.023370233702337023,0.11316113161131611,0.6334563345633456,0.2566625666256663,0,IRAMDEYR,638
CAOVARY,12.710105535347958,8.125200417841432e-13,0.00014393966893864102,0.15498154981549817,0.22755227552275523,0.3862238622386224,0.2562525625256253,0,IRAMDEYR,639
NOOPPRANYYR,11.179410891351491,4.1392082759961964e-13,0.00023941111813767675,0.13407134071340712,0.13776137761377613,0.4969249692496925,0.2562525625256253,0,IRAMDEYR,640
ACTDEVER,11.196229217287549,4.659174299733113e-13,0.00022072342271177775,0.13653136531365315,0.14944649446494465,0.48093480934809346,0.25563755637556373,0,IRAMDEYR,641
PROBATON,9.911726761588618,1.4462736042392279e-12,9.664548524461843e-05,0.12730627306273062,0.34993849938499383,0.2816728167281673,0.2529725297252972,0,IRAMDEYR,642
COPDEVER2,5.429459803505036,1.2768648308082218e-12,0.00014006593854360452,0.06273062730627306,0.3161131611316113,0.37884378843788435,0.2525625256252562,0,IRAMDEYR,643
PCPFLAG,37.06817337598247,6.672659643238733e-13,9.990727038691416e-05,0.2730627306273063,0.19557195571955718,0.2878228782287823,0.2521525215252152,0,IRAMDEYR,644
SERVICE,11.196229217287549,4.659174299733113e-13,0.00020661830866393238,0.13653136531365315,0.14944649446494465,0.4698646986469865,0.2519475194751948,0,IRAMDEYR,645
DIABETEVR2,6.763128151064953,1.7697742282838487e-13,0.0003727131746687414,0.07749077490774908,0.06888068880688807,0.6088560885608856,0.25174251742517423,0,IRAMDEYR,646
EDUSCKEST,8.012916136333043,9.291505559249159e-13,0.00016465142745539333,0.0897908979089791,0.24231242312423124,0.4218942189421894,0.25133251332513323,0,IRAMDEYR,647
FUHER18,34.657192027629684,1.348516471364363e-12,4.333676863544144e-05,0.2607626076260763,0.33210332103321033,0.15867158671586715,0.25051250512505124,0,IRAMDEYR,648
OPINMMON2,71.5648156090916,6.533623037016002e-13,4.535220047304678e-05,0.3972939729397294,0.1881918819188192,0.16605166051660517,0.25051250512505124,0,IRAMDEYR,649
MJONLYFLAG2,0.028204629939983183,1.1939448553495218e-13,0.0005219635596368643,0.0024600246002460025,0.05166051660516605,0.6937269372693727,0.2492824928249283,0,IRAMDEYR,650
RXBUPRANY2,46.9811119068239,6.739017801466746e-13,7.803098029809716e-05,0.2988929889298893,0.1992619926199262,0.24969249692496925,0.2492824928249283,0,IRAMDEYR,651
MTHNEDEVER,61.09199547031773,7.402193477637891e-13,4.8908696997209555e-05,0.35670356703567035,0.2140221402214022,0.17343173431734318,0.24805248052480525,0,IRAMDEYR,652
CAUTERUS,12.710105535347958,8.125200417841432e-13,0.0001254069698006936,0.15498154981549817,0.22755227552275523,0.3591635916359164,0.24723247232472326,0,IRAMDEYR,653
IRINSUR4,0.8220862813869629,4.201442184195733e-13,0.0003386114027772981,0.01107011070110701,0.14022140221402213,0.5879458794587946,0.24641246412464124,0,IRAMDEYR,654
IRSEVSEDMIS,67.08948008317108,1.2672009424964543e-12,8.175925810349633e-06,0.3849938499384994,0.31365313653136534,0.03936039360393604,0.24600246002460027,0,IRAMDEYR,655
LSDYR,62.492842799035856,6.217789591449845e-13,5.260049315647711e-05,0.3628536285362854,0.1820418204182042,0.1795817958179582,0.24149241492414927,0,IRAMDEYR,656
RXESZOANY,44.283382685229626,3.498989456514915e-13,0.00011640401104598709,0.2902829028290283,0.1070110701107011,0.3210332103321033,0.23944239442394424,0,IRAMDEYR,657
CRKYDAYS,49.93914835139417,1.3950741473281363e-12,1.5409778385501482e-05,0.3062730627306273,0.33825338253382536,0.06642066420664207,0.23698236982369825,0,IRAMDEYR,658
ACTDVIET,6.507040547802571,6.549110724511756e-13,0.00017730993874284293,0.07441574415744158,0.1918819188191882,0.4403444034440344,0.23554735547355474,0,IRAMDEYR,659
COMBATPY,11.082564013684612,6.549110724511756e-13,0.00014197232985623873,0.13284132841328414,0.1918819188191882,0.3813038130381304,0.23534235342353424,0,IRAMDEYR,660
GHBFLAG,70.56190167954134,5.433528357158639e-13,3.7197384610416916e-05,0.3948339483394834,0.16728167281672818,0.14391143911439114,0.23534235342353424,0,IRAMDEYR,661
ACTD9001,6.507040547802571,6.549110724511756e-13,0.00017114846939635402,0.07441574415744158,0.1918819188191882,0.4354243542435424,0.2339073390733907,0,IRAMDEYR,662
CACERVIX,12.710105535347958,8.125200417841432e-13,0.00011426831146745075,0.15498154981549817,0.22755227552275523,0.3161131611316113,0.23288232882328827,0,IRAMDEYR,663
ACTD7590,6.507040547802571,6.549110724511756e-13,0.00016975118709769635,0.07441574415744158,0.1918819188191882,0.4317343173431734,0.23267732677326772,0,IRAMDEYR,664
MJMTHMON,54.03860344915129,5.312763524762262e-13,6.337174594275543e-05,0.3198031980319803,0.16359163591635917,0.21279212792127922,0.23206232062320623,0,IRAMDEYR,665
HERNEDEVER,59.55232915516921,7.204987230518477e-13,3.222227097314719e-05,0.35301353013530135,0.21033210332103322,0.12300123001230012,0.22878228782287824,0,IRAMDEYR,666
CDNOCGMO,0.2546562921317835,2.0242700576836292e-13,0.00034857282732743763,0.004920049200492005,0.07626076260762607,0.5953259532595326,0.22550225502255025,0,IRAMDEYR,667
HERYDAYS,46.89482008457042,1.3378365033047567e-12,1.1491450048163901e-05,0.2952029520295203,0.33087330873308735,0.05043050430504305,0.2255022550225502,0,IRAMDEYR,668
ACTDPRIV,6.507040547802571,6.549110724511756e-13,0.0001549715377918969,0.07441574415744158,0.1918819188191882,0.4095940959409594,0.22529725297252975,0,IRAMDEYR,669
CAMELANOM,8.368154377906109,4.3552667607438045e-13,0.00016534521606599803,0.10639606396063961,0.14514145141451415,0.42435424354243545,0.22529725297252975,0,IRAMDEYR,670
KETMINYR,72.95976074869678,5.413855805343797e-13,2.7673140908141875e-05,0.3997539975399754,0.16605166051660517,0.10947109471094711,0.2250922509225092,0,IRAMDEYR,671
KRATOMMON,57.59246199926374,4.1884529484908427e-13,5.759956130527569e-05,0.3419434194341943,0.13899138991389914,0.1943419434194342,0.2250922509225092,0,IRAMDEYR,672
RXTEMAANY,50.8277918678351,3.223799097926539e-13,8.251384296139806e-05,0.30996309963099633,0.0959409594095941,0.2656826568265683,0.22386223862238622,0,IRAMDEYR,673
EDUSKPEST,3.0683752754333726,8.908694725737557e-13,0.00014903122752449432,0.03444034440344403,0.23739237392373924,0.3972939729397294,0.22304223042230423,0,IRAMDEYR,674
ANYHLTI2,3.1209757578227943,3.270657957901885e-13,0.00028425557969586436,0.038130381303813035,0.0971709717097171,0.5325953259532595,0.22263222632226323,0,IRAMDEYR,675
SMKLSMDAYS,2.3895070685936766,1.1563801406294802e-12,0.00012274822845289858,0.02952029520295203,0.2890528905289053,0.34686346863468637,0.22181221812218124,0,IRAMDEYR,676
OTHAEREVER2,43.12907124964169,4.2288873776613694e-13,6.969204026522278e-05,0.2890528905289053,0.14145141451414514,0.23124231242312424,0.22058220582205823,0,IRAMDEYR,677
CAOTHER2,8.368154377906109,3.927423762172418e-13,0.0001654275067987563,0.10639606396063961,0.12915129151291513,0.42558425584255843,0.22037720377203773,0,IRAMDEYR,678
HERMDAYS,45.64398512906123,1.2399591802941676e-12,1.2634267003706078e-05,0.2939729397293973,0.3075030750307503,0.055350553505535055,0.21894218942189425,0,IRAMDEYR,679
PNRNMMON,55.21156266097509,5.510026144865432e-13,4.5342913584312775e-05,0.3234932349323493,0.16851168511685116,0.16482164821648215,0.21894218942189422,0,IRAMDEYR,680
IRPYSEV5INH,51.14152607298708,1.2642053658336129e-12,4.371947795752933e-06,0.3111931119311193,0.3124231242312423,0.024600246002460024,0.2160721607216072,0,IRAMDEYR,681
INHALMON2,58.11760907283116,4.551660210069764e-13,4.1603334552191805e-05,0.34440344403444034,0.14637146371463713,0.15498154981549817,0.21525215252152521,0,IRAMDEYR,682
COCMON,55.30978303816018,5.307996327754442e-13,4.0760442367662306e-05,0.32718327183271834,0.16236162361623616,0.15375153751537515,0.21443214432144322,0,IRAMDEYR,683
CASKINDK,8.368154377906109,4.134368398148297e-13,0.00014969974110863775,0.10639606396063961,0.13653136531365315,0.3997539975399754,0.21422714227142273,0,IRAMDEYR,684
MJPLLYR,31.12578318649924,3.934871864204672e-13,8.613745456397822e-05,0.24354243542435425,0.13038130381303814,0.26691266912669126,0.2136121361213612,0,IRAMDEYR,685
CATHYROID,8.368154377906109,3.800191816288802e-13,0.0001576684861242977,0.10639606396063961,0.11869618696186962,0.4132841328413284,0.21279212792127922,0,IRAMDEYR,686
CAPROSTEST,16.24614500721158,3.293986036254939e-13,0.0001334426589410577,0.16851168511685116,0.0996309963099631,0.36900369003690037,0.21238212382123822,0,IRAMDEYR,687
CABLOLEULYM,8.368154377906109,4.2561938798656906e-13,0.00014437241041976974,0.10639606396063961,0.14268142681426815,0.3874538745387454,0.21217712177121772,0,IRAMDEYR,688
CAESOPSTOM,8.368154377906109,3.921490358939039e-13,0.00014996898504514118,0.10639606396063961,0.12792127921279212,0.4022140221402214,0.2121771217712177,0,IRAMDEYR,689
CANCEREVR2,8.368154377906109,3.800191816288802e-13,0.00015729483508013646,0.10639606396063961,0.11869618696186962,0.4108241082410824,0.21197211972119723,0,IRAMDEYR,690
CAMOUTTHRO,8.368154377906109,4.594468859445833e-13,0.00013935457770532033,0.10639606396063961,0.14760147601476015,0.3763837638376384,0.21012710127101272,0,IRAMDEYR,691
CABREAST,8.368154377906109,3.800191816288802e-13,0.00015076919422995404,0.10639606396063961,0.11869618696186962,0.4034440344403444,0.20951209512095118,0,IRAMDEYR,692
IRPYUD5HAL,79.43359770258394,3.506182488938128e-13,2.1966358366919754e-05,0.42066420664206644,0.10824108241082411,0.0984009840098401,0.20910209102091024,0,IRAMDEYR,693
CASKINOTH,8.368154377906109,3.800191816288802e-13,0.00014788003308330227,0.10639606396063961,0.11869618696186962,0.3960639606396064,0.2070520705207052,0,IRAMDEYR,694
CALARYLUNG,8.368154377906109,3.800191816288802e-13,0.0001454946454777796,0.10639606396063961,0.11869618696186962,0.39114391143911437,0.2054120541205412,0,IRAMDEYR,695
CACOLNRECT,8.368154377906109,3.800191816288802e-13,0.00014548303900674284,0.10639606396063961,0.11869618696186962,0.3899138991389914,0.2050020500205002,0,IRAMDEYR,696
SRCCLFRSED,29.774752422110286,1.1945269574859844e-12,1.7880751285783173e-05,0.23554735547355474,0.2982779827798278,0.07995079950799508,0.2045920459204592,0,IRAMDEYR,697
HEPBCEVER2,3.89990246003863,1.0561922478835044e-12,0.00010514603314113834,0.046740467404674045,0.26322263222632225,0.3038130381303813,0.20459204592045918,0,IRAMDEYR,698
MESCEVER,17.306230473808217,1.810939473264944e-13,0.00013145334677414362,0.17343173431734318,0.07134071340713408,0.36531365313653136,0.2033620336203362,0,IRAMDEYR,699
CAKIDNEY,8.368154377906109,4.000060198978577e-13,0.00013373046572456027,0.10639606396063961,0.13284132841328414,0.37023370233702335,0.2031570315703157,0,IRAMDEYR,700
RXTRAMMIS,48.716739814061995,3.948909433638027e-13,4.906663425803946e-05,0.3013530135301353,0.13161131611316113,0.17466174661746617,0.2025420254202542,0,IRAMDEYR,701
SEDNMYR,78.7095883420607,4.2937587183936704e-13,1.0095565703075854e-05,0.41697416974169743,0.14391143911439114,0.04551045510455105,0.2021320213202132,0,IRAMDEYR,702
RXMRLXMIS,73.61876585795758,3.480562235583818e-13,2.1264052462547963e-05,0.4034440344403444,0.1057810578105781,0.09348093480934809,0.20090200902009017,0,IRAMDEYR,703
IRUD5SEDUNM,63.892468894367404,3.4245466746901004e-13,3.259238399876109e-05,0.3714637146371464,0.1033210332103321,0.12669126691266913,0.20049200492004923,0,IRAMDEYR,704
RXMTHPMIS,67.31993594601026,3.614722935521049e-13,2.393053539448195e-05,0.3862238622386224,0.11070110701107011,0.1045510455104551,0.20049200492004918,0,IRAMDEYR,705
LGASEVER2,61.365455923355924,3.8519890477195587e-13,2.889514846901546e-05,0.35793357933579334,0.12546125461254612,0.11193111931119311,0.1984419844198442,0,IRAMDEYR,706
SRCFRSEDNM,29.774752422110286,1.1945269574859844e-12,1.3235464622930634e-05,0.23554735547355474,0.2982779827798278,0.05904059040590406,0.19762197621976219,0,IRAMDEYR,707
RXOPPRNMMON,49.511228265482856,5.028201515622369e-13,3.429149540556797e-05,0.3025830258302583,0.15621156211562115,0.13161131611316113,0.1968019680196802,0,IRAMDEYR,708
OXYCNNMYR,62.61116534467465,4.0593193239250624e-13,2.007966460743918e-05,0.3640836408364084,0.13530135301353013,0.08610086100861009,0.19516195161951622,0,IRAMDEYR,709
COCNEDEVER,33.603277603365584,4.72814559125571e-13,5.179683154417078e-05,0.25584255842558423,0.15129151291512916,0.17835178351783518,0.1951619516195162,0,IRAMDEYR,710
IRSYNSTMREC,17.306230473808217,1.1780225957234552e-12,3.165524548760581e-05,0.17343173431734318,0.29274292742927427,0.11685116851168512,0.1943419434194342,0,IRAMDEYR,711
CAGALLIVPAN,8.368154377906109,3.873257549268455e-13,0.00012314205063774844,0.10639606396063961,0.12669126691266913,0.34932349323493234,0.1941369413694137,0,IRAMDEYR,712
IMFYR,59.00759757053045,3.4522586351484885e-13,3.2491504171224264e-05,0.35178351783517836,0.1045510455104551,0.12423124231242312,0.1935219352193522,0,IRAMDEYR,713
SNYSELL,38.42076686660769,3.281900624107215e-13,6.229928683630447e-05,0.2742927429274293,0.0984009840098401,0.2078720787207872,0.1935219352193522,0,IRAMDEYR,714
PAROL,3.0036441361376642,1.2096908152271102e-12,7.518967078645092e-05,0.03075030750307503,0.3007380073800738,0.24354243542435425,0.19167691676916768,0,IRAMDEYR,715
CANCERYR,8.368154377906109,3.800191816288802e-13,0.00012297201269775707,0.10639606396063961,0.11869618696186962,0.34809348093480935,0.19106191061910618,0,IRAMDEYR,716
FUPCP18,8.270267865557894,1.2146920615724502e-12,5.1793419552546354e-05,0.09348093480934809,0.3025830258302583,0.17712177121771217,0.19106191061910618,0,IRAMDEYR,717
RXBZOSANY,31.031554728926267,3.355584996790505e-13,6.789815192728513e-05,0.24231242312423124,0.10209102091020911,0.22632226322263221,0.1902419024190242,0,IRAMDEYR,718
UADBWHO,1.235204009733634,1.1067404629436607e-12,9.681084191762001e-05,0.014760147601476014,0.2730627306273063,0.2829028290282903,0.1902419024190242,0,IRAMDEYR,719
PAROLREL,3.007702243071612,1.2096908152271102e-12,7.336479930815112e-05,0.03198031980319803,0.3007380073800738,0.23739237392373924,0.19003690036900367,0,IRAMDEYR,720
RXHYDMANY2,39.35329078252794,3.6697762824306727e-13,4.737385040792602e-05,0.2816728167281673,0.11193111931119311,0.17097170971709716,0.1881918819188192,0,IRAMDEYR,721
CADRKMETH2,81.28150713102596,3.188560466000889e-13,9.073773596720209e-06,0.42558425584255843,0.09471094710947109,0.04305043050430504,0.1877818778187782,0,IRAMDEYR,722
ANYNEDYR,50.41935031709822,4.0261735137422244e-13,3.1889426882601925e-05,0.3075030750307503,0.13407134071340712,0.11808118081180811,0.18655186551865519,0,IRAMDEYR,723
FPIMFNMYR,56.017089577857526,3.802209304857566e-13,2.1846849454601353e-05,0.3284132841328413,0.12423124231242312,0.0959409594095941,0.18286182861828618,0,IRAMDEYR,724
CABLADDER,8.368154377906109,3.800191816288802e-13,0.00011635908240202366,0.10639606396063961,0.11869618696186962,0.3198031980319803,0.18163181631816316,0,IRAMDEYR,725
UADOTSP2,8.749330786475998,1.1796287825679887e-12,3.275271370776226e-05,0.12054120541205413,0.2939729397293973,0.12792127921279212,0.18081180811808117,0,IRAMDEYR,726
SYNMRJYR,39.216715661444496,3.178318523380665e-13,4.627313962392336e-05,0.27921279212792127,0.09348093480934809,0.16728167281672818,0.17999179991799918,0,IRAMDEYR,727
KIDNYDSEV2,3.89990246003863,8.510376051008042e-13,8.042504831646292e-05,0.046740467404674045,0.23493234932349324,0.25338253382533826,0.1783517835178352,0,IRAMDEYR,728
ETHEREVER2,39.00509570459601,3.3102769349853784e-13,3.6075831261444325e-05,0.2779827798277983,0.1008610086100861,0.14022140221402213,0.17302173021730216,0,IRAMDEYR,729
IRUD5SEDMIS,67.08948007799764,2.2298277446524496e-13,8.814920354085937e-06,0.3837638376383764,0.08118081180811808,0.041820418204182044,0.16892168921689218,0,IRAMDEYR,730
OTHRSEDMIS2,73.81409215092697,1.9303385994464458e-13,5.362520455839832e-06,0.4046740467404674,0.07257072570725707,0.02952029520295203,0.16892168921689218,0,IRAMDEYR,731
IRPYUD5HER,58.94874055252992,3.124655909223392e-13,1.4024537656815355e-05,0.3505535055350554,0.09225092250922509,0.06150061500615006,0.1681016810168102,0,IRAMDEYR,732
CRKYR,49.93914834988576,3.508449864261343e-13,1.9610590114811434e-05,0.3050430504305043,0.10947109471094711,0.08487084870848709,0.16646166461664616,0,IRAMDEYR,733
FUSTMNM21,14.59177668764197,1.1286946808253746e-12,1.270452676973916e-05,0.16113161131611317,0.2779827798277983,0.056580565805658053,0.16523165231652318,0,IRAMDEYR,734
CRKMDAYS,12.27843545515296,1.1380752290216005e-12,1.2775321694049914e-05,0.14452644526445266,0.2829028290282903,0.05781057810578106,0.16174661746617466,0,IRAMDEYR,735
PIPMON,17.17225361900894,2.7558692661556874e-13,6.759356623393218e-05,0.17097170971709716,0.08856088560885608,0.22509225092250923,0.16154161541615417,0,IRAMDEYR,736
UADPLACE,1.0246262496429066,1.0866846151122358e-12,5.663034064677194e-05,0.013530135301353014,0.26814268142681424,0.1906519065190652,0.15744157441574413,0,IRAMDEYR,737
HERYR,46.894820085093734,2.93545276148769e-13,1.7466302939551122e-05,0.2964329643296433,0.0910209102091021,0.07749077490774908,0.15498154981549814,0,IRAMDEYR,738
FUTRQNM21,18.42259083438132,1.0979036046756536e-12,3.6215179747474164e-07,0.1795817958179582,0.27183271832718325,0.01107011070110701,0.15416154161541615,0,IRAMDEYR,739
UADBUND,2.0609668923959013,1.0949635770255432e-12,4.53258938229789e-05,0.028290282902829027,0.27060270602706027,0.16359163591635917,0.15416154161541615,0,IRAMDEYR,740
CIRROSEVR2,3.89990246003863,9.015518383517415e-13,4.627663366444867e-05,0.046740467404674045,0.23862238622386223,0.16851168511685116,0.15129151291512913,0,IRAMDEYR,741
SEDNDAYPM,12.27843545515296,1.115518021207791e-12,6.066677992698985e-06,0.14452644526445266,0.27552275522755226,0.033210332103321034,0.15108651086510863,0,IRAMDEYR,742
IRPYUD5INH,51.141526077145585,2.1992039695307722e-13,1.3901490010084881e-05,0.3124231242312423,0.07995079950799508,0.06027060270602706,0.15088150881508816,0,IRAMDEYR,743
HIVAIDSEV2,3.89990246003863,8.325093323158567e-13,4.812205446890346e-05,0.046740467404674045,0.23247232472324722,0.17220172201722017,0.15047150471504714,0,IRAMDEYR,744
RXCYCLMIS,41.24715238850519,2.3979030647874675e-13,1.6550817371565857e-05,0.2878228782287823,0.08487084870848709,0.07134071340713408,0.14801148011480114,0,IRAMDEYR,745
RXBUPRMIS,32.093182517993576,2.859280963360703e-13,2.409822608152882e-05,0.24723247232472326,0.0897908979089791,0.1057810578105781,0.14760147601476015,0,IRAMDEYR,746
RXSOMAANY,32.408196334702225,2.1125385953030358e-13,3.0043065890249566e-05,0.24969249692496925,0.07872078720787208,0.11316113161131611,0.14719147191471915,0,IRAMDEYR,747
RXCODEMIS,13.474657933466693,2.5354326209322547e-13,5.67700633780501e-05,0.15744157441574416,0.08733087330873308,0.1918819188191882,0.14555145551455514,0,IRAMDEYR,748
RXANORANY,4.61902897596437,1.6954609545463187e-13,0.00011331623143573085,0.056580565805658053,0.06642066420664207,0.3111931119311193,0.14473144731447316,0,IRAMDEYR,749
CADRKHALL2,26.6672811409856,2.282132440987646e-13,3.395094213012614e-05,0.2177121771217712,0.08364083640836409,0.13038130381303814,0.14391143911439117,0,IRAMDEYR,750
HERMON,40.9987435538919,1.9568279394539938e-13,1.1864852191712088e-05,0.2865928659286593,0.07380073800738007,0.05166051660516605,0.13735137351373514,0,IRAMDEYR,751
RXDIAZMIS,34.0955906910333,2.241306013485681e-13,1.6056674635634893e-05,0.25953259532595324,0.08241082410824108,0.06888068880688807,0.13694136941369414,0,IRAMDEYR,752
RXDEMEANY2,16.230819445897417,1.5324862791063695e-13,5.32846377402253e-05,0.16728167281672818,0.06027060270602706,0.1820418204182042,0.13653136531365315,0,IRAMDEYR,753
FUPNRNM21,5.003328170066483,1.0901200410620562e-12,1.6622707890377583e-05,0.06150061500615006,0.2693726937269373,0.07257072570725707,0.13448134481344814,0,IRAMDEYR,754
NPCOLDYR,4.892364743329731,1.6946163287400507e-13,9.15681332867297e-05,0.05781057810578106,0.06519065190651907,0.27183271832718325,0.13161131611316113,0,IRAMDEYR,755
SMKLSSMON,1.3624697216801318,1.1209976000308415e-13,0.00011743888987413268,0.01845018450184502,0.05043050430504305,0.3247232472324723,0.13120131201312013,0,IRAMDEYR,756
FUSTMNM18,9.392761500857956,1.0578153912930062e-12,0.0,0.12300123001230012,0.2644526445264453,0.004920049200492005,0.13079130791307914,0,IRAMDEYR,757
MJPLLMON,12.502833575753279,1.516891152945339e-13,5.2635785536541786e-05,0.15129151291512916,0.05904059040590406,0.18081180811808117,0.13038130381303814,0,IRAMDEYR,758
RXMTDNANY2,16.61850548535215,2.4462558202105074e-13,3.429330103990189e-05,0.16974169741697417,0.08610086100861009,0.13284132841328414,0.12956129561295612,0,IRAMDEYR,759
IMFNEDFLAG,24.389201625165654,2.0655234092242578e-13,1.915987112878277e-05,0.2078720787207872,0.07749077490774908,0.08241082410824108,0.12259122591225913,0,IRAMDEYR,760
KETMINMON,26.13798690786402,1.5716947494392115e-13,1.938099063637978e-05,0.21525215252152521,0.06273062730627306,0.08364083640836409,0.12054120541205411,0,IRAMDEYR,761
PEYOTEEVER,3.623027043810993,1.400703716108474e-13,8.215701534539543e-05,0.04120541205412054,0.056580565805658053,0.26322263222632225,0.12033620336203361,0,IRAMDEYR,762
FUSEDNM21,8.012916166230637,1.0446649938133419e-12,0.0,0.0910209102091021,0.25953259532595324,0.004920049200492005,0.11849118491184911,0,IRAMDEYR,763
RXSOMAMIS,48.19457526699358,7.861058830752678e-14,4.166068876099217e-08,0.3001230012300123,0.03690036900369004,0.00984009840098401,0.1156211562115621,0,IRAMDEYR,764
HLCALL99,3.687380699140668,1.0609961147000007e-12,5.320126172306356e-06,0.04305043050430504,0.2656826568265683,0.028290282902829027,0.11234112341123413,0,IRAMDEYR,765
RXMORPMIS,25.557258380114195,1.7380417116758212e-13,1.0458638229986978e-05,0.2115621156211562,0.06765067650676507,0.04797047970479705,0.10906109061090612,0,IRAMDEYR,766
RXZOLPMIS,15.193700090697751,1.3902654060871512e-13,2.2730479138113392e-05,0.16359163591635917,0.055350553505535055,0.1033210332103321,0.10742107421074211,0,IRAMDEYR,767
OTHRTRQMIS,33.56658959534057,8.030648277062475e-14,4.273697630605488e-06,0.25461254612546125,0.04059040590405904,0.023370233702337023,0.10619106191061911,0,IRAMDEYR,768
DAMTFXYR,18.865201940709934,1.7891847366770346e-13,1.252794343016402e-05,0.18327183271832717,0.07011070110701106,0.05412054120541206,0.1025010250102501,0,IRAMDEYR,769
RXBZOSMIS,30.121017724979243,7.849059179763314e-14,2.7443190985449253e-06,0.23985239852398524,0.03567035670356704,0.020910209102091022,0.09881098810988109,0,IRAMDEYR,770
CADRKINHL2,23.326930478033518,7.944085613378542e-14,1.2149740839706774e-05,0.2029520295202952,0.038130381303813035,0.05289052890528905,0.0979909799097991,0,IRAMDEYR,771
OTHRPNRMIS,7.936758268129501,9.416010304038261e-14,4.304798603475628e-05,0.08733087330873308,0.04797047970479705,0.15744157441574416,0.09758097580975811,0,IRAMDEYR,772
IMFMON,21.113923331794485,1.4974404163095127e-13,9.836799948087033e-06,0.18942189421894218,0.05781057810578106,0.04428044280442804,0.0971709717097171,0,IRAMDEYR,773
CADRKCOCN2,14.613133273757375,1.1956004738136282e-13,1.695457374376151e-05,0.16236162361623616,0.05289052890528905,0.07380073800738007,0.09635096350963508,0,IRAMDEYR,774
ECSTMOMON,13.695875722051882,1.5538020163057257e-13,1.562870251609712e-05,0.15990159901599016,0.06150061500615006,0.06765067650676507,0.09635096350963508,0,IRAMDEYR,775
SYNSTMFLAG,9.932355795302415,1.3404173426927807e-13,2.10317185671901e-05,0.12915129151291513,0.05412054120541206,0.0897908979089791,0.0910209102091021,0,IRAMDEYR,776
FUPNRNM18,0.7837641345956159,1.0409687827056497e-12,0.0,0.008610086100861008,0.25830258302583026,0.004920049200492005,0.09061090610906108,0,IRAMDEYR,777
GHBYR,21.383905153460372,1.067842961934611e-13,5.417031652374735e-06,0.1906519065190652,0.04920049200492005,0.03198031980319803,0.09061090610906108,0,IRAMDEYR,778
FUTRQNM18,0.12481858361158556,1.030805125997211e-12,0.0,0.0036900369003690036,0.2570725707257073,0.004920049200492005,0.0885608856088561,0,IRAMDEYR,779
RXPROVANY,8.302558414649907,8.995362234601027e-14,3.221891317390479e-05,0.0959409594095941,0.04551045510455105,0.12177121771217712,0.08774087740877408,0,IRAMDEYR,780
CRKMON,11.273910288877493,9.391278401123523e-14,1.4878934951797166e-05,0.13899138991389914,0.046740467404674045,0.06273062730627306,0.08282082820828209,0,IRAMDEYR,781
IINPCOLDREC,1.4349269984566924,8.46006732621114e-14,5.334070010358864e-05,0.020910209102091022,0.04428044280442804,0.18327183271832717,0.08282082820828209,0,IRAMDEYR,782
RXHYDMMIS,19.757354916641933,8.024389530390102e-14,1.2903291017250178e-06,0.1857318573185732,0.03936039360393604,0.014760147601476014,0.07995079950799508,0,IRAMDEYR,783
MJOTHYR,7.982822666713685,8.297761446702761e-14,2.143405091731531e-05,0.08856088560885608,0.04305043050430504,0.09471094710947109,0.07544075440754407,0,IRAMDEYR,784
LSDMON,8.45037571679395,8.283284762017669e-14,1.539365788820915e-05,0.11808118081180811,0.041820418204182044,0.06519065190651907,0.07503075030750307,0,IRAMDEYR,785
RXESZOMIS,18.422590843324123,5.71982262848975e-14,1.2146863418655187e-06,0.18081180811808117,0.03075030750307503,0.013530135301353014,0.07503075030750307,0,IRAMDEYR,786
NOOPPRNMYR,6.033352637174876,6.691940599312293e-14,2.2464639158452646e-05,0.07011070110701106,0.03198031980319803,0.1008610086100861,0.06765067650676505,0,IRAMDEYR,787
RXMTDNMIS,10.208219566891728,6.929101482107275e-14,7.473169657880282e-06,0.13038130381303814,0.033210332103321034,0.03567035670356704,0.06642066420664207,0,IRAMDEYR,788
CADRKHERN2,15.350101401776632,4.8111625038170594e-14,0.0,0.16482164821648215,0.025830258302583026,0.004920049200492005,0.06519065190651906,0,IRAMDEYR,789
PCPYR,8.674385338611021,4.138436974912933e-14,1.021427526020388e-05,0.11931119311193111,0.023370233702337023,0.046740467404674045,0.06314063140631405,0,IRAMDEYR,790
SEDNMMON,8.37204038332447,7.132698671838373e-14,7.506943642239295e-06,0.11685116851168512,0.03444034440344403,0.03690036900369004,0.06273062730627306,0,IRAMDEYR,791
RXZALEANY,6.10945439774217,5.698269169252163e-14,1.612132286546491e-05,0.07134071340713408,0.02952029520295203,0.07011070110701106,0.05699056990569906,0,IRAMDEYR,792
SALVIAMON,9.207592672425273,2.48618497782388e-14,1.6347627120792891e-06,0.12177121771217712,0.015990159901599015,0.01845018450184502,0.05207052070520705,0,IRAMDEYR,793
RXFLURANY,4.512090518484001,2.392393624470019e-14,2.046584927869917e-05,0.055350553505535055,0.011685116851168511,0.08856088560885608,0.05186551865518655,0,IRAMDEYR,794
RXOXYMMIS,7.245884858087073,5.462601459646868e-14,7.710683070323192e-06,0.08118081180811808,0.028290282902829027,0.038130381303813035,0.04920049200492005,0,IRAMDEYR,795
RXZOHYANY2,1.9261508704331616,3.0528272246374834e-14,2.2386357952969307e-05,0.026445264452644526,0.020910209102091022,0.0996309963099631,0.04899548995489955,0,IRAMDEYR,796
RXTRIAANY,4.335090255217093,2.392393624470019e-14,1.7673812395105724e-05,0.05350553505535055,0.011685116851168511,0.07872078720787208,0.047970479704797044,0,IRAMDEYR,797
RXANORMIS,5.785779577869326,4.136581814565127e-14,8.2799106023482e-06,0.06703567035670356,0.02214022140221402,0.04059040590405904,0.04325543255432554,0,IRAMDEYR,798
NPCOLDMON,0.0036064947286322973,0.0,3.254373384370508e-05,0.0012300123001230013,0.0012300123001230013,0.12546125461254612,0.04264042640426404,0,IRAMDEYR,799
SYNMRJMON,4.151862625995238,5.392620422301308e-14,1.0869095488970172e-05,0.05043050430504305,0.02706027060270603,0.04920049200492005,0.042230422304223046,0,IRAMDEYR,800
RXDEMEMIS,7.159447194700961,2.447827860055183e-14,5.391078224256859e-06,0.07872078720787208,0.014760147601476014,0.03075030750307503,0.04141041410414104,0,IRAMDEYR,801
RXOXYMANY2,0.8800919308084154,2.5570215385686262e-14,2.1184559053844006e-05,0.012300123001230012,0.017220172201722016,0.09225092250922509,0.04059040590405904,0,IRAMDEYR,802
RXBARBANY,1.9261508704331616,2.603685629144668e-14,1.5111887277380042e-05,0.026445264452644526,0.01845018450184502,0.06396063960639606,0.03628536285362854,0,IRAMDEYR,803
SYNSTMYR,5.785779577869326,4.2472126021596724e-14,1.5895877713255448e-06,0.06703567035670356,0.024600246002460024,0.017220172201722016,0.03628536285362854,0,IRAMDEYR,804
DAMTFXMON,5.783181913237464,2.443695895159119e-14,2.999725428369769e-06,0.06519065190651907,0.013530135301353014,0.02214022140221402,0.03362033620336203,0,IRAMDEYR,805
SALVIAYR,4.335090255217093,2.6542995469947157e-14,1.2904304484227585e-06,0.05350553505535055,0.01968019680196802,0.015990159901599015,0.029725297252972526,0,IRAMDEYR,806
OTHRSTMMIS,3.623027043810993,1.280436384496643e-14,1.8130694959079658e-06,0.04120541205412054,0.008610086100861008,0.01968019680196802,0.023165231652316525,0,IRAMDEYR,807
PCPMON,4.234633581783556,8.83896810263628e-15,0.0,0.05166051660516605,0.007380073800738007,0.004920049200492005,0.02132021320213202,0,IRAMDEYR,808
GHBMON,1.3462646174142774,1.4342003267283314e-14,6.108247244892874e-06,0.017220172201722016,0.00984009840098401,0.03444034440344403,0.02050020500205002,0,IRAMDEYR,809
RXZOHYMIS,1.5677265765043156,4.5561921400541506e-15,5.31656542508389e-06,0.02214022140221402,0.006150061500615006,0.02706027060270603,0.01845018450184502,0,IRAMDEYR,810
RXBARBMIS,3.0683752754333726,3.236893238144581e-16,0.0,0.03444034440344403,0.0024600246002460025,0.004920049200492005,0.013940139401394014,0,IRAMDEYR,811
SYNSTMMON,0.4687664278883808,3.8310784642212635e-15,4.854598614327097e-06,0.006150061500615006,0.004920049200492005,0.025830258302583026,0.012300123001230012,0,IRAMDEYR,812
RXPROVMIS,0.803617994644435,2.473353066346018e-15,8.828772420237807e-07,0.00984009840098401,0.0036900369003690036,0.012300123001230012,0.008610086100861008,0,IRAMDEYR,813
CAMHRCVR,2404.2791984689884,3.591188031452978e-11,0.025113990482625106,0.9981549815498155,0.9587945879458795,1.0,0.985649856498565,3,IRSUICTHNK,1
CAMHPROB,2404.2791984689884,3.591188031452978e-11,0.020567216924377747,0.9981549815498155,0.9587945879458795,0.998769987699877,0.9852398523985239,3,IRSUICTHNK,2
CAMHPROB2,2512.1397475250906,3.400194043264205e-11,0.018694860809340505,1.0,0.956949569495695,0.997539975399754,0.984829848298483,3,IRSUICTHNK,3
MRJAGLST,510.00945871529376,2.467378937687103e-11,0.006025375728533349,0.9520295202952029,0.9520295202952029,0.992619926199262,0.965559655596556,3,IRSUICTHNK,4
SVYRSUDANY,1027.0297912988653,2.104579089149947e-11,0.0040134036560867375,0.993849938499385,0.9458794587945879,0.9212792127921279,0.9536695366953669,3,IRSUICTHNK,5
UD5ILALANY,1027.0297912988494,1.9308569891465946e-11,0.004081965923886666,0.992619926199262,0.9434194341943419,0.923739237392374,0.953259532595326,3,IRSUICTHNK,6
WRKSKIPMO,307.6310433773497,3.4004875416629e-08,0.0061011114786570664,0.8733087330873309,0.986469864698647,0.993849938499385,0.951209512095121,2,IRSUICTHNK,7
SVYRDUDANY,1113.4973338792759,1.834991127714326e-11,0.00427072406427439,0.995079950799508,0.9298892988929889,0.9261992619926199,0.950389503895039,3,IRSUICTHNK,8
ILLYR,768.404627573828,1.8829676645804175e-11,0.003320314157722189,0.986469864698647,0.942189421894219,0.9126691266912669,0.947109471094711,3,IRSUICTHNK,9
DRVINDETAG,639.3206680112869,1.869504991319032e-11,0.004410401613140547,0.9735547355473555,0.9366543665436654,0.9286592865928659,0.946289462894629,3,IRSUICTHNK,10
UD5ILLANY,1113.4973338792784,1.6612690242609996e-11,0.004003043492971882,0.996309963099631,0.9200492004920049,0.9200492004920049,0.945469454694547,3,IRSUICTHNK,11
INHLAGLST,296.68789946813297,5.3516846250235404e-09,0.005878415995489397,0.8616236162361623,0.981549815498155,0.984009840098401,0.9423944239442394,2,IRSUICTHNK,12
HALLYRLST,340.5682465138107,2.0721846108969064e-09,0.00542376316339896,0.9009840098400984,0.976629766297663,0.9458794587945879,0.9411644116441163,3,IRSUICTHNK,13
CATAG2,639.3206680112869,1.869504991319032e-11,0.0032481525535403297,0.9735547355473555,0.9366543665436654,0.9102091020910209,0.940139401394014,3,IRSUICTHNK,14
CATAG7,589.748395402947,1.8756090140182844e-11,0.003828312672274806,0.9624846248462484,0.9403444034440345,0.9175891758917589,0.940139401394014,3,IRSUICTHNK,15
SEXAGE,639.3206680112869,1.869504991319032e-11,0.00320167657875612,0.9735547355473555,0.9366543665436654,0.9089790897908979,0.939729397293973,3,IRSUICTHNK,16
CATAGE,589.748395402947,1.8756090140182844e-11,0.0032804888572448673,0.9624846248462484,0.9403444034440345,0.9114391143911439,0.938089380893809,3,IRSUICTHNK,17
DRVINAGE,639.3206680112869,1.869504991319032e-11,0.00241115343290165,0.9735547355473555,0.9366543665436654,0.9040590405904059,0.938089380893809,3,IRSUICTHNK,18
MRJYDAYS,661.0338705497965,1.863563438586016e-11,0.002038192721113433,0.981549815498155,0.933579335793358,0.8991389913899139,0.938089380893809,2,IRSUICTHNK,19
NOMARR2,568.7732321360929,1.700912449765144e-11,0.004321564634714731,0.9606396063960639,0.9261992619926199,0.9274292742927429,0.938089380893809,3,IRSUICTHNK,20
ILIMFOTHYR,658.8908311663134,1.8038535160899332e-11,0.002242396639251447,0.9790897908979089,0.9286592865928659,0.9028290282902829,0.9368593685936859,3,IRSUICTHNK,21
IRMARIT,568.0611415505645,1.699834998623456e-11,0.0038906283697127835,0.959409594095941,0.9249692496924969,0.9188191881918819,0.9343993439934399,3,IRSUICTHNK,22
ECSTMOAGL,203.90540930874405,2.5331374796452343e-07,0.005867384502433543,0.8105781057810578,0.997539975399754,0.982779827798278,0.9302993029930299,2,IRSUICTHNK,23
ILLANDALC,654.3610295075474,1.6620683103359807e-11,0.0017695613366475625,0.976629766297663,0.9212792127921279,0.8905289052890529,0.9294792947929479,2,IRSUICTHNK,24
NICVAPFLAG,612.2156581190764,1.7064677476719046e-11,0.001780377362072352,0.968019680196802,0.9274292742927429,0.8917589175891759,0.9290692906929069,2,IRSUICTHNK,25
LSDAGLST,207.4264944734449,2.1354482627807966e-09,0.005974777213744496,0.8191881918819188,0.977859778597786,0.9876998769987699,0.9282492824928248,2,IRSUICTHNK,26
MJVAPFLAG,700.9528043773157,1.6842763369858837e-11,0.0014470896468260453,0.984009840098401,0.922509225092251,0.8769987699876999,0.9278392783927839,2,IRSUICTHNK,27
IRPYSEV5MRJ,871.128341128782,1.4919127319741433e-11,0.0016465429946133077,0.9876998769987699,0.906519065190652,0.8856088560885609,0.9266092660926609,2,IRSUICTHNK,28
FUNICVAP21,705.8445384302106,1.607406038258085e-11,0.0013546590971057018,0.985239852398524,0.9163591635916359,0.8720787207872078,0.924559245592456,2,IRSUICTHNK,29
LVLDIFCARE2,933.6700169333631,1.1009436839218844e-11,0.00401738039924464,0.990159901599016,0.8610086100861009,0.922509225092251,0.924559245592456,2,IRSUICTHNK,30
ILIMFOTHMN,600.3063482278952,1.5565491909133108e-11,0.0017368083894143806,0.965559655596556,0.915129151291513,0.8880688806888068,0.922919229192292,2,IRSUICTHNK,31
MRJYLU,324.77548905697154,2.3632733708646197e-11,0.0051375715834742295,0.8862238622386224,0.948339483394834,0.932349323493235,0.9223042230422305,2,IRSUICTHNK,32
LVLDIFMEM2,1004.1427448379125,1.0753804657339573e-11,0.003351319391209891,0.991389913899139,0.8560885608856088,0.9138991389913899,0.9204592045920458,2,IRSUICTHNK,33
MJSMKYR,632.1449412568084,1.5191089341954055e-11,0.0013974303850481078,0.9704797047970479,0.9138991389913899,0.8745387453874539,0.9196391963919638,2,IRSUICTHNK,34
WRKNJBWKS,195.4507104572288,1.4390407623879353e-09,0.006126295281086404,0.7872078720787208,0.97539975399754,0.995079950799508,0.9192291922919229,2,IRSUICTHNK,35
IRPYUD5MRJ,871.1283411287874,1.318190621652139e-11,0.0015168383075136061,0.988929889298893,0.8880688806888068,0.8794587945879458,0.9188191881918818,1,IRSUICTHNK,36
LVLDIFCOMM2,656.4702473407643,1.0890648070488514e-11,0.0028428697225778635,0.977859778597786,0.8597785977859779,0.9077490774907749,0.915129151291513,2,IRSUICTHNK,37
NICVAPYR,562.3782582038921,1.3762027608130609e-11,0.001694384263695282,0.958179581795818,0.897908979089791,0.8868388683886839,0.9143091430914309,1,IRSUICTHNK,38
ENRLCOLLFT2,432.1489773384687,1.3478456505717302e-11,0.002192472825361956,0.9391143911439115,0.8960639606396064,0.9015990159901599,0.9122591225912259,2,IRSUICTHNK,39
ENRLCOLLST2,432.1489773384687,1.3478456505717302e-11,0.001831028944439734,0.9391143911439115,0.8960639606396064,0.8966789667896679,0.9106191061910619,1,IRSUICTHNK,40
HALLAGLST,340.5682465138107,1.2504158192952578e-11,0.0055404554102218015,0.9009840098400984,0.8782287822878229,0.9520295202952029,0.9104141041410414,2,IRSUICTHNK,41
MRJYR,661.0338705498035,1.6898413385763074e-11,0.0009150428964645333,0.982779827798278,0.923739237392374,0.8241082410824109,0.9102091020910209,2,IRSUICTHNK,42
MRJMDAYS,526.2903086326568,1.5144280522454918e-11,0.001208087935856448,0.9551045510455105,0.9120541205412054,0.8573185731857319,0.9081590815908159,2,IRSUICTHNK,43
NMERTMT2,272.0596633142802,7.030196994446814e-11,0.002801502226265686,0.8548585485854858,0.9618696186961869,0.906519065190652,0.9077490774907749,2,IRSUICTHNK,44
RCVYMHPRB,391.62163154465134,1.1689986459149027e-11,0.0036410205681417637,0.931119311193112,0.8708487084870848,0.9163591635916359,0.906109061090611,2,IRSUICTHNK,45
COCYLU,178.50398876156638,8.378236686060897e-09,0.0056547618800616,0.7662976629766297,0.982779827798278,0.968019680196802,0.9056990569905699,2,IRSUICTHNK,46
CBDHMPFLAG,444.84968999881136,1.4890940577671843e-11,0.0013098535056788505,0.940959409594096,0.9052890528905289,0.8671586715867159,0.904469044690447,2,IRSUICTHNK,47
ILLEMFLAG2,480.33524706703855,1.4875036455648597e-11,0.0012319170645727095,0.949569495694957,0.9040590405904059,0.8585485854858549,0.9040590405904059,2,IRSUICTHNK,48
HPDRGTALK,353.3039931387261,1.4937709518811278e-11,0.0017580586060871755,0.9114391143911439,0.9077490774907749,0.8892988929889298,0.902829028290283,2,IRSUICTHNK,49
ILLEMYR2,601.458123580907,1.1358763332745168e-11,0.0013697102643620508,0.966789667896679,0.8671586715867159,0.8733087330873309,0.9024190241902419,1,IRSUICTHNK,50
FUNICVAP18,529.0975602289338,1.1460081262100769e-11,0.0014623025331336628,0.956949569495695,0.8696186961869619,0.8782287822878229,0.9015990159901599,1,IRSUICTHNK,51
CIGAGLST,197.44945113282702,2.976681279726206e-11,0.005454637659075255,0.7970479704797048,0.9544895448954489,0.948339483394834,0.8999589995899958,2,IRSUICTHNK,52
ILIMFOTHFG,349.7678941358198,1.2857255613382313e-11,0.001830115615764999,0.9102091020910209,0.8843788437884379,0.8954489544895449,0.8966789667896679,1,IRSUICTHNK,53
CIGAVGM,196.2068796720894,3.6150939004961143e-11,0.0052097502449927405,0.7884378843788438,0.9606396063960639,0.9348093480934809,0.8946289462894628,2,IRSUICTHNK,54
PREGAGE2,359.60233476534563,1.2852187905647316e-11,0.001427301158748945,0.915129151291513,0.8831488314883149,0.8757687576875769,0.8913489134891349,1,IRSUICTHNK,55
CATAG3,341.0270136703762,1.1112067190127752e-11,0.0026850485574535106,0.9040590405904059,0.8622386223862238,0.9052890528905289,0.8905289052890529,2,IRSUICTHNK,56
MJVAPYR,658.8999749375082,1.2408585917698313e-11,0.0008906282502064379,0.980319803198032,0.8757687576875769,0.8130381303813038,0.8897088970889708,1,IRSUICTHNK,57
FUMJ21,356.14993707417625,1.505174849609087e-11,0.0010366469757489751,0.9126691266912669,0.9102091020910209,0.8437884378843789,0.8888888888888888,2,IRSUICTHNK,58
INHLYRLST,296.68789946813297,9.856170215346544e-12,0.005598428016316577,0.8616236162361623,0.8413284132841329,0.9606396063960639,0.8878638786387865,1,IRSUICTHNK,59
CASUPROB2,446.74350747754755,1.0033752575465947e-11,0.0012706223817840069,0.9434194341943419,0.8462484624846248,0.8634686346863468,0.8843788437884378,1,IRSUICTHNK,60
PSYCHFLAG,462.5617616728669,1.0535309610836459e-11,0.0010558032199496842,0.947109471094711,0.8536285362853628,0.8462484624846248,0.8823288232882329,1,IRSUICTHNK,61
METHAGLST,134.7895351556759,1.7577641024073915e-07,0.005612288991497681,0.6838868388683886,0.995079950799508,0.9630996309963099,0.8806888068880688,2,IRSUICTHNK,62
MRJMLU,324.77548905697154,1.4477529745079449e-11,0.0010768649397408631,0.8862238622386224,0.9015990159901599,0.8499384993849939,0.8792537925379253,1,IRSUICTHNK,63
HEALTH2,361.621506377225,9.412899376248077e-12,0.001798533712929573,0.9163591635916359,0.8265682656826568,0.8942189421894219,0.879048790487905,1,IRSUICTHNK,64
GRSKLSDTRY,261.8317914795104,1.3194681977270812e-11,0.001611751501348021,0.8493234932349324,0.8899138991389914,0.8831488314883149,0.8741287412874129,0,IRSUICTHNK,65
RSKLSDTRY,261.8317914795104,1.3194681977270812e-11,0.0015245285207677564,0.8493234932349324,0.8899138991389914,0.8806888068880688,0.8733087330873309,0,IRSUICTHNK,66
NICVPMDAYS,417.08649719446584,1.2173663698733646e-11,0.0008537476672387785,0.9360393603936039,0.8745387453874539,0.8031980319803198,0.8712587125871258,1,IRSUICTHNK,67
LSDYLU,207.4264944734449,9.749186112291194e-12,0.005557109180107785,0.8191881918819188,0.8364083640836408,0.956949569495695,0.870848708487085,1,IRSUICTHNK,68
CASURCVR,367.8347891148887,1.1852672170448728e-11,0.0008774727936422217,0.9182041820418204,0.8726937269372693,0.8081180811808119,0.8663386633866339,1,IRSUICTHNK,69
STMANYFLAG,330.7945486933709,9.288382929684208e-12,0.001317461593258944,0.8929889298892989,0.8241082410824109,0.8696186961869619,0.862238622386224,0,IRSUICTHNK,70
TOBVNICYR,381.6453592232419,1.3102584269151685e-11,0.0007795743184803677,0.9298892988929889,0.8868388683886839,0.7650676506765067,0.8605986059860599,1,IRSUICTHNK,71
ILLFLAG,368.6384295623195,1.34774983518228e-11,0.000766886748346394,0.9212792127921279,0.8942189421894219,0.7626076260762608,0.8593685936859368,1,IRSUICTHNK,72
RSKYFQDGR,311.3968547253384,9.417486429214028e-12,0.0013198143179765677,0.8757687576875769,0.8277982779827798,0.8708487084870848,0.8581385813858139,0,IRSUICTHNK,73
UD5ILNALANY,595.8309840137756,1.0450789541847583e-11,0.000759430688680733,0.964329643296433,0.8523985239852399,0.7564575645756457,0.8577285772857728,1,IRSUICTHNK,74
DRVINMARJ,324.77548905697154,1.4477529745079449e-11,0.0008162691116339114,0.8862238622386224,0.9015990159901599,0.7835178351783518,0.8571135711357115,1,IRSUICTHNK,75
CASUPROB,367.8347891148887,1.1852672170448728e-11,0.0008135533648505485,0.9182041820418204,0.8726937269372693,0.7798277982779828,0.8569085690856908,1,IRSUICTHNK,76
ILLMON,616.1238368533856,1.4959088774614677e-11,0.0006041686279728644,0.9692496924969249,0.9089790897908979,0.6851168511685117,0.8544485444854448,2,IRSUICTHNK,77
ECSTMOYLU,203.90540930874405,7.634815010689773e-12,0.005764578682918289,0.8105781057810578,0.7755227552275523,0.97539975399754,0.8538335383353833,1,IRSUICTHNK,78
IRPYUD5ALC,337.6336152637463,8.840843828249534e-12,0.0010717848121862099,0.8966789667896679,0.8130381303813038,0.8487084870848709,0.8528085280852808,0,IRSUICTHNK,79
MJEATYR,356.3366892821643,9.859317545939838e-12,0.0008348576872375488,0.9138991389913899,0.8437884378843789,0.7958179581795818,0.8511685116851169,1,IRSUICTHNK,80
IRPINC3,213.15914767218538,8.951117231824951e-12,0.0018713436336493688,0.8253382533825339,0.8191881918819188,0.897908979089791,0.8474784747847478,0,IRSUICTHNK,81
DRVINHALL,340.5682465138107,1.2504158192952578e-11,0.00076490023410845,0.9009840098400984,0.8782287822878229,0.7589175891758918,0.8460434604346044,1,IRSUICTHNK,82
COCAGLST,106.7977400021795,8.999629139037221e-11,0.005558581661331152,0.6125461254612546,0.9630996309963099,0.958179581795818,0.8446084460844608,2,IRSUICTHNK,83
NICVAPMON,417.0864971944623,1.0436442922724264e-11,0.000734821679910025,0.9348093480934809,0.8511685116851169,0.7441574415744158,0.8433784337843379,1,IRSUICTHNK,84
RKFQDBLT,228.11352899034807,1.0205417910331323e-11,0.0011619473184906568,0.8302583025830258,0.8474784747847478,0.8523985239852399,0.8433784337843377,0,IRSUICTHNK,85
TOBVAPONL2,323.88415658500105,1.301907164312897e-11,0.0007404047164806927,0.8831488314883149,0.8856088560885609,0.7478474784747847,0.8388683886838869,0,IRSUICTHNK,86
CNSANYYR,379.9910447534646,8.881960092515057e-12,0.0007870109537550762,0.9286592865928659,0.8142681426814268,0.7699876998769988,0.8376383763837638,1,IRSUICTHNK,87
APPDRGMON,330.5441867092037,7.744550875859066e-12,0.0009393611115606353,0.8917589175891759,0.7798277982779828,0.8290282902829028,0.8335383353833539,0,IRSUICTHNK,88
HALLUCFLAG,348.240242981367,1.0857229972192793e-11,0.000723766478039501,0.906519065190652,0.8585485854858549,0.7355473554735548,0.8335383353833539,1,IRSUICTHNK,89
NMNGTHS2,83.24906369638603,1.4636386279925032e-08,0.005808556608033474,0.5313653136531366,0.984009840098401,0.981549815498155,0.8323083230832308,2,IRSUICTHNK,90
MRJYRBFR,324.77548905697154,1.4477529745079449e-11,0.0006423042984738605,0.8862238622386224,0.9015990159901599,0.7047970479704797,0.8308733087330874,1,IRSUICTHNK,91
HALLMOLST,340.5682465138107,1.2504158192952578e-11,0.0006541793549887824,0.9009840098400984,0.8782287822878229,0.7097170971709718,0.8296432964329643,1,IRSUICTHNK,92
IREDUHIGHST2,166.5061169805323,9.807996738846623e-12,0.001785397548943132,0.7558425584255842,0.8382533825338253,0.8929889298892989,0.8290282902829028,0,IRSUICTHNK,93
CATAG6,228.05132256610653,7.627086902242663e-12,0.0016292046973450647,0.8290282902829028,0.7730627306273062,0.8843788437884379,0.8288232882328823,0,IRSUICTHNK,94
GRSKLSDWK,202.50801079722692,1.1331344123352422e-11,0.0008900162442162653,0.8025830258302583,0.8653136531365314,0.8118081180811808,0.8265682656826568,0,IRSUICTHNK,95
HEALTH,216.6682925595011,8.297218219732175e-12,0.0012380975572586943,0.8265682656826568,0.7933579335793358,0.8597785977859779,0.8265682656826568,0,IRSUICTHNK,96
TOBVNICMON,321.07768739428474,1.1281850428088229e-11,0.0007240915850638194,0.8794587945879458,0.8634686346863468,0.7367773677736777,0.8265682656826568,0,IRSUICTHNK,97
CBDHMPYR,345.4314019064572,1.079475770771033e-11,0.0006590633665850315,0.9052890528905289,0.8573185731857319,0.7134071340713407,0.8253382533825339,1,IRSUICTHNK,98
SNAFLMJTRY,252.72709252800078,8.315474241081041e-12,0.000979047317237943,0.8462484624846248,0.7945879458794588,0.8339483394833949,0.8249282492824929,0,IRSUICTHNK,99
HERAGLST,78.69809883223554,5.086528374216371e-10,0.006014959006560724,0.5104551045510455,0.9692496924969249,0.991389913899139,0.8236982369823699,2,IRSUICTHNK,100
DRVINDRG,492.98301492374117,7.949710760303111e-12,0.000717412544843954,0.95079950799508,0.7810578105781057,0.7343173431734318,0.8220582205822059,1,IRSUICTHNK,101
EDUSCKMON,83.46295676974837,1.025346780595493e-07,0.005257826637173549,0.5325953259532595,0.993849938499385,0.9372693726937269,0.8212382123821239,2,IRSUICTHNK,102
EDUSKPMON,85.16672953295439,7.177022779132362e-08,0.005219085918865888,0.5362853628536285,0.990159901599016,0.9360393603936039,0.8208282082820828,2,IRSUICTHNK,103
HLCNOTMO,85.70783936143418,5.241764534398285e-10,0.005549098995740343,0.5375153751537516,0.9704797047970479,0.9544895448954489,0.8208282082820828,2,IRSUICTHNK,104
RSKLSDWK,202.50801079722692,1.1331344123352422e-11,0.0008311636532146687,0.8025830258302583,0.8653136531365314,0.7945879458794588,0.8208282082820828,0,IRSUICTHNK,105
MJSMKMON,470.6758386810092,1.1378615594025025e-11,0.0005073698333626223,0.948339483394834,0.8683886838868389,0.6420664206642066,0.8195981959819599,1,IRSUICTHNK,106
AGE3,250.414699104698,7.627086902242663e-12,0.0010010737043161964,0.8450184501845018,0.7730627306273062,0.8376383763837638,0.8185731857318572,0,IRSUICTHNK,107
CIGYLU,90.32022518531448,2.958494136052837e-11,0.005359771134472325,0.5584255842558425,0.9532595325953259,0.9434194341943419,0.8183681836818368,2,IRSUICTHNK,108
PSYANYYR2,191.8724301730737,9.335921355371442e-12,0.0010192407283429426,0.7859778597785978,0.8253382533825339,0.8400984009840098,0.8171381713817137,0,IRSUICTHNK,109
FUMJ18,314.89417926804185,1.325194573767533e-11,0.0005995631128306085,0.8769987699876999,0.8917589175891759,0.6814268142681427,0.8167281672816729,0,IRSUICTHNK,110
EDUHIGHCAT,166.5061169805323,9.807996738846623e-12,0.0011731307655757613,0.7558425584255842,0.8382533825338253,0.8548585485854858,0.8163181631816318,0,IRSUICTHNK,111
DRVINALDRG,376.57365612007897,8.691708578025883e-12,0.0006537512409379399,0.9274292742927429,0.8118081180811808,0.7084870848708487,0.8159081590815909,1,IRSUICTHNK,112
LVLDIFSEE2,190.8936698577321,8.433066755649598e-12,0.0012808265329874557,0.7835178351783518,0.7982779827798278,0.8646986469864698,0.8154981549815498,0,IRSUICTHNK,113
MRJMONVAP2,526.2903086326568,1.5144280522454918e-11,0.0004085446370408651,0.9551045510455105,0.9120541205412054,0.5793357933579336,0.8154981549815498,2,IRSUICTHNK,114
MRJFLAG,323.067599838869,1.2703652526790308e-11,0.0005995740535197525,0.8806888068880688,0.8819188191881919,0.6826568265682657,0.8150881508815088,0,IRSUICTHNK,115
RKFQPBLT,188.25877163013465,8.597853658519022e-12,0.001257727335054807,0.7810578105781057,0.7995079950799509,0.8622386223862238,0.8142681426814269,0,IRSUICTHNK,116
HRTCONDAG,68.91125087968085,5.920643210854096e-07,0.005661303610117104,0.46248462484624847,0.998769987699877,0.9704797047970479,0.8105781057810578,2,IRSUICTHNK,117
MRJMON,526.290308632648,1.340705949666402e-11,0.00041468766404141654,0.9532595325953259,0.8929889298892989,0.5854858548585485,0.8105781057810578,1,IRSUICTHNK,118
IRWELMOS,66.81751150641725,1.8607579552490523e-07,0.005880193824676318,0.4489544895448955,0.996309963099631,0.985239852398524,0.8101681016810168,2,IRSUICTHNK,119
MJONLYMON2,326.3853137337105,9.964016662522155e-12,0.000625991885221806,0.8892988929889298,0.8450184501845018,0.6937269372693727,0.8093480934809348,0,IRSUICTHNK,120
CRKAGLST,73.41353381389048,2.7694791875089346e-08,0.00561917352538744,0.47724477244772445,0.985239852398524,0.964329643296433,0.8089380893808938,2,IRSUICTHNK,121
INHLMOLST,296.68789946813297,9.856170215346544e-12,0.0006844029179267253,0.8616236162361623,0.8413284132841329,0.7220172201722017,0.8083230832308322,0,IRSUICTHNK,122
IRPYSEV5ALC,337.63361526373427,1.0578064828067526e-11,0.0005772736568848077,0.8954489544895449,0.8548585485854858,0.6728167281672817,0.8077080770807709,0,IRSUICTHNK,123
ASTHMAAGE,76.91994448788688,1.028785833108259e-09,0.005469440147672829,0.4956949569495695,0.974169741697417,0.949569495694957,0.8064780647806478,2,IRSUICTHNK,124
TQSDANYFLG,190.48261367984585,8.390600859830953e-12,0.0009933027413402103,0.7822878228782287,0.7958179581795818,0.8364083640836408,0.8048380483804838,0,IRSUICTHNK,125
DIABETEAG,64.3595687416587,7.420634632005136e-07,0.0056583193864997135,0.4403444034440344,1.0,0.9692496924969249,0.8031980319803198,2,IRSUICTHNK,126
WRKNJBPYR,144.28863097345672,1.042406842593307e-11,0.0011580180131488607,0.7023370233702337,0.8499384993849939,0.8511685116851169,0.8011480114801147,0,IRSUICTHNK,127
RSKYFQTES,247.8210615524965,7.58501626258531e-12,0.0008228245179241757,0.8425584255842559,0.7699876998769988,0.7872078720787208,0.7999179991799918,0,IRSUICTHNK,128
EDUSCKCOM,70.87191032081611,1.0248974432202305e-07,0.005004458368108906,0.4698646986469865,0.992619926199262,0.931119311193112,0.7978679786797868,2,IRSUICTHNK,129
SEDANYFLAG,207.69911856661793,6.503465483671045e-12,0.0010036459409173896,0.8216482164821648,0.7306273062730627,0.8388683886838868,0.7970479704797047,0,IRSUICTHNK,130
UD5IEMANY,445.1603430936358,6.285627213711126e-12,0.0006906375413580966,0.942189421894219,0.7183271832718328,0.7244772447724477,0.7949979499794999,1,IRSUICTHNK,131
WRKSICKMO,84.35536780232617,1.4459384882944329e-11,0.00553330614923764,0.5338253382533825,0.8991389913899139,0.95079950799508,0.7945879458794588,1,IRSUICTHNK,132
PSILCYFLAG,338.7846233777055,9.450157024243976e-12,0.0005424950317741787,0.897908979089791,0.8290282902829028,0.6555965559655597,0.7941779417794178,0,IRSUICTHNK,133
APPDRGMON2,374.50743390037417,5.894132688643652e-12,0.0007888383956764037,0.9261992619926199,0.6752767527675276,0.7712177121771218,0.7908979089790898,1,IRSUICTHNK,134
INCOME,133.74360246321984,9.523308103839955e-12,0.0012567227713743147,0.6795817958179582,0.8321033210332104,0.8610086100861009,0.7908979089790898,0,IRSUICTHNK,135
STMANYYR,297.34999185363006,7.166323780584738e-12,0.0007320802978181742,0.8646986469864698,0.7601476014760148,0.7429274292742928,0.7892578925789259,0,IRSUICTHNK,136
EDUFULPAR,142.5168506050558,8.63060098644209e-12,0.0013109087420952392,0.6961869618696187,0.8019680196801968,0.8683886838868389,0.7888478884788848,0,IRSUICTHNK,137
IRFAMIN3,133.74360246321984,9.523308103839955e-12,0.0011710738120639867,0.6795817958179582,0.8321033210332104,0.8536285362853628,0.7884378843788439,0,IRSUICTHNK,138
PCPYLU,66.90233417200906,2.1344423487330655e-11,0.0056472617776177235,0.45141451414514144,0.947109471094711,0.966789667896679,0.7884378843788437,2,IRSUICTHNK,139
EDUSCHGRD2,142.5168506050558,8.63060098644209e-12,0.0013029071205720782,0.6961869618696187,0.8019680196801968,0.8659286592865929,0.7880278802788029,0,IRSUICTHNK,140
PNRNMFLAG,333.8030339565507,7.700761415414596e-12,0.0006196069665870011,0.8942189421894219,0.7773677736777368,0.6900369003690037,0.7872078720787208,0,IRSUICTHNK,141
RSKMRJWK,166.21058078835713,8.274536875781019e-12,0.0008980528861316929,0.7521525215252153,0.7915129151291513,0.8167281672816729,0.7867978679786799,0,IRSUICTHNK,142
MJVAPMON,462.0640351962113,8.664336528078098e-12,0.00044813569288266027,0.9458794587945879,0.8056580565805658,0.6088560885608856,0.7867978679786797,1,IRSUICTHNK,143
EDUSCHLGO,142.5168506050558,8.63060098644209e-12,0.001187894268913006,0.6961869618696187,0.8019680196801968,0.8560885608856088,0.7847478474784748,0,IRSUICTHNK,144
POVERTY3,135.56178430212228,9.522218659571594e-12,0.0009895695838163011,0.6888068880688807,0.8302583025830258,0.8351783517835178,0.7847478474784748,0,IRSUICTHNK,145
RXAMMEANY,311.1172627219839,6.769347888752444e-12,0.0007147931383597782,0.8745387453874539,0.7478474784747847,0.7318573185731857,0.7847478474784748,0,IRSUICTHNK,146
EDUSKPCOM,61.82012367489989,7.178232514357596e-08,0.004867314954682002,0.4317343173431734,0.991389913899139,0.9298892988929889,0.7843378433784337,2,IRSUICTHNK,147
DRVININHL,296.68789946813297,9.856170215346544e-12,0.0005183381076423691,0.8616236162361623,0.8413284132841329,0.6494464944649446,0.7841328413284133,0,IRSUICTHNK,148
SMKAGLAST,52.81552864988415,4.350323693968932e-09,0.005785658421920736,0.38314883148831486,0.980319803198032,0.9790897908979089,0.7808528085280853,2,IRSUICTHNK,149
NRCH17_2,76.3768684002918,2.4542529278035524e-11,0.00214764728694271,0.4907749077490775,0.95079950799508,0.9003690036900369,0.7806478064780649,2,IRSUICTHNK,150
HIGHBPAGE,57.92804172263511,2.4486143858291153e-10,0.005601467483808601,0.4132841328413284,0.965559655596556,0.9618696186961869,0.7802378023780238,2,IRSUICTHNK,151
CIGDLLST,62.04251193396758,2.0876232715301956e-11,0.0055421937206166305,0.43296432964329645,0.9446494464944649,0.9532595325953259,0.7769577695776958,2,IRSUICTHNK,152
CGRAGLST,59.80546354089767,1.8466100112478433e-11,0.005735785329744289,0.4231242312423124,0.931119311193112,0.974169741697417,0.7761377613776138,2,IRSUICTHNK,153
FLVVAPFLAG,297.9973729932718,7.2185382031475214e-12,0.0006297546283963788,0.8671586715867159,0.7626076260762608,0.6986469864698647,0.7761377613776137,0,IRSUICTHNK,154
DRVINMARJ2,429.7102379391796,7.169695311244327e-12,0.0004680675415585526,0.9372693726937269,0.7613776137761378,0.6273062730627307,0.7753177531775317,1,IRSUICTHNK,155
CIGDLYLU,50.397911164790564,3.671980714518643e-08,0.005701269533487342,0.35793357933579334,0.988929889298893,0.972939729397294,0.7732677326773268,2,IRSUICTHNK,156
SMKYRLAST,58.81351533650673,3.226824552884378e-11,0.005293988657984955,0.4182041820418204,0.955719557195572,0.940959409594096,0.7716277162771629,2,IRSUICTHNK,157
UD5ILAALANY,452.43490636012507,6.14496417988359e-12,0.000610556462465767,0.9446494464944649,0.6814268142681427,0.6875768757687577,0.7712177121771218,1,IRSUICTHNK,158
GRSKMRJWK,166.21058078835713,8.274536875781019e-12,0.0007659784697796724,0.7521525215252153,0.7915129151291513,0.7601476014760148,0.7679376793767938,0,IRSUICTHNK,159
IRFLVVAPREC,297.99737299325824,8.95575513980148e-12,0.0004568632772174454,0.8659286592865929,0.8204182041820418,0.6150061500615006,0.7671176711767118,0,IRSUICTHNK,160
FLVVAPEVR,229.6807777422401,8.92996370520501e-12,0.000515599772461039,0.8333333333333334,0.8173431734317343,0.6457564575645757,0.7654776547765478,0,IRSUICTHNK,161
METHYRLST,134.7895351556759,5.54247607300392e-12,0.005647068047098179,0.6838868388683886,0.6451414514145142,0.965559655596556,0.7648626486264862,1,IRSUICTHNK,162
WRKSTATWK2,187.32706048158084,5.6691753604799345e-12,0.0010408360569282007,0.7785977859778598,0.6592865928659286,0.8450184501845018,0.7609676096760967,0,IRSUICTHNK,163
CIGYR,290.79260624363553,9.586341466209776e-12,0.00042091435784645704,0.8585485854858549,0.8339483394833949,0.5891758917589176,0.7605576055760558,0,IRSUICTHNK,164
FUINHAL182,263.83172290024197,7.61438477646298e-12,0.0005451538974964423,0.8523985239852399,0.7712177121771218,0.6568265682656826,0.7601476014760147,0,IRSUICTHNK,165
TRQANYFLAG,149.47307584844359,6.918540296183122e-12,0.0008895391770764498,0.7121771217712177,0.7539975399753998,0.8105781057810578,0.7589175891758918,0,IRSUICTHNK,166
FUINHAL212,298.1358712909272,8.968577539118719e-12,0.0004134358668862498,0.8683886838868389,0.8216482164821648,0.5842558425584256,0.7580975809758098,0,IRSUICTHNK,167
TOBYR,249.0511152870974,9.693528498765732e-12,0.00042232057387399505,0.8437884378843789,0.8351783517835178,0.5916359163591636,0.7568675686756867,0,IRSUICTHNK,168
IRMCDCHP,126.32804056692157,8.250829812722364e-12,0.000903747530444842,0.6629766297662977,0.7884378843788438,0.8179581795817958,0.7564575645756456,0,IRSUICTHNK,169
FUHALLUC21,318.737183647796,1.0354731121761656e-11,0.00034672362778869273,0.8782287822878229,0.8487084870848709,0.5387453874538746,0.7552275522755227,0,IRSUICTHNK,170
INHALFLAG2,300.66851125775145,8.13026107665155e-12,0.0004437854291716711,0.8708487084870848,0.7872078720787208,0.6076260762607626,0.7552275522755227,0,IRSUICTHNK,171
WRKRSNJOB,187.59810202518872,5.675387718580743e-12,0.0009068394295846278,0.7798277982779828,0.6605166051660517,0.8191881918819188,0.7531775317753177,0,IRSUICTHNK,172
DIFGETMRJ,136.45524809493978,7.971275813308935e-12,0.0007892259572416026,0.6912669126691267,0.7822878228782287,0.7724477244772447,0.7486674866748668,0,IRSUICTHNK,173
MOVSINPYR2,181.15041596751766,4.661273735646214e-12,0.0015721931484668594,0.7699876998769988,0.5879458794587946,0.8819188191881919,0.7466174661746617,0,IRSUICTHNK,174
ALCYLU,51.19633210116409,1.8585827784818385e-11,0.005161988079168012,0.36654366543665434,0.932349323493235,0.933579335793358,0.7441574415744157,2,IRSUICTHNK,175
FLVVAPREC,229.6807777422401,8.92996370520501e-12,0.0004016269624419684,0.8333333333333334,0.8173431734317343,0.5781057810578106,0.7429274292742928,0,IRSUICTHNK,176
CIGARYLU,44.489693674180664,2.1544770969969011e-10,0.005288419770778042,0.3241082410824108,0.964329643296433,0.939729397293973,0.7427224272242722,2,IRSUICTHNK,177
CBDHMPMON,218.28871055943503,6.843027321653545e-12,0.0005187820124152072,0.8277982779827798,0.7490774907749077,0.6506765067650676,0.7425174251742517,0,IRSUICTHNK,178
SNRLGIMP,107.71817280267138,7.430137638935647e-12,0.0010271459367852977,0.6174661746617466,0.7675276752767528,0.8413284132841329,0.7421074210742108,0,IRSUICTHNK,179
COPDAGE,31.171105791326063,3.5199464995353974e-08,0.005773642586947872,0.25584255842558423,0.9876998769987699,0.977859778597786,0.7404674046740466,2,IRSUICTHNK,180
MJDABYR,368.56455525766324,6.2307328779929944e-12,0.0004425045137628954,0.9200492004920049,0.6851168511685117,0.6039360393603936,0.7363673636736369,1,IRSUICTHNK,181
MJONLYYR2,165.54991881787518,7.45397545747863e-12,0.0006171160509496304,0.7490774907749077,0.7687576875768758,0.6888068880688807,0.7355473554735547,0,IRSUICTHNK,182
PMNICDEP,196.995495449145,8.683723155733552e-12,0.00044066045239033445,0.7939729397293973,0.8087330873308733,0.6002460024600246,0.7343173431734318,0,IRSUICTHNK,183
FUALC18,119.67417597777802,9.174542917016513e-12,0.0006760732343959317,0.6519065190651907,0.8228782287822878,0.7195571955719557,0.7314473144731447,0,IRSUICTHNK,184
CADRKMARJ2,279.11545651283814,6.262858816220301e-12,0.0004565756829792645,0.8560885608856088,0.7158671586715867,0.6137761377613776,0.7285772857728577,0,IRSUICTHNK,185
HALLNDAYYR,400.4634998655931,8.267821686983145e-12,0.0002321853340158924,0.932349323493235,0.7896678966789668,0.45879458794587946,0.7269372693726938,1,IRSUICTHNK,186
WRKLASTYR2,35.85780576775565,1.6220679971737437e-11,0.005786996354079614,0.28044280442804426,0.9188191881918819,0.980319803198032,0.7265272652726527,2,IRSUICTHNK,187
HALLUCYR,400.4634998656328,6.5306071434638544e-12,0.00028932551914348325,0.933579335793358,0.7380073800738007,0.4944649446494465,0.7220172201722018,1,IRSUICTHNK,188
UD5CNSGRP,373.5135770943278,5.868747947810348e-12,0.00038276676352012027,0.9243542435424354,0.6722017220172202,0.5645756457564576,0.7203772037720378,1,IRSUICTHNK,189
GOVTPROG,99.18169987100508,7.341977565136887e-12,0.0008488369677857774,0.5940959409594095,0.7662976629766297,0.7995079950799509,0.7199671996719967,0,IRSUICTHNK,190
PCPAGLST,25.79828734661123,4.208955599157534e-10,0.005772172200922938,0.2134071340713407,0.968019680196802,0.976629766297663,0.7193521935219352,2,IRSUICTHNK,191
LSDMLU,207.4264944734449,8.408158734182753e-12,0.0003549440213719644,0.8191881918819188,0.7970479704797048,0.5412054120541205,0.7191471914719146,0,IRSUICTHNK,192
DIFOBTMRJ,119.44338803426733,6.306613297543345e-12,0.0008189634337571457,0.6506765067650676,0.7195571955719557,0.7847478474784748,0.7183271832718328,0,IRSUICTHNK,193
TOBCIGVAP2,323.88415658495694,8.042046371893423e-12,0.00027290070186531366,0.8819188191881919,0.7835178351783518,0.48462484624846247,0.7166871668716688,0,IRSUICTHNK,194
ALCAGLST,28.32567676397244,2.4084568539478322e-11,0.005552377488003393,0.23862238622386223,0.949569495694957,0.955719557195572,0.7146371463714637,2,IRSUICTHNK,195
HLTINMNT,91.00686660739478,6.5214352103502454e-12,0.0010286573153217705,0.5645756457564576,0.7343173431734318,0.8425584255842559,0.7138171381713817,0,IRSUICTHNK,196
RCVYSUBPRB,243.2680115354993,6.457417273170015e-12,0.00040031080339978,0.8388683886838868,0.7269372693726938,0.5744157441574416,0.7134071340713407,0,IRSUICTHNK,197
TOBCIGONL,172.14509354048528,8.88745369647109e-12,0.00037886609250287006,0.7613776137761378,0.8154981549815498,0.5596555965559655,0.7121771217712176,0,IRSUICTHNK,198
IRPRVHLT,91.80885657539277,6.595702510974795e-12,0.0009365855357283488,0.5682656826568265,0.7392373923739237,0.8277982779827798,0.7117671176711767,0,IRSUICTHNK,199
CIGMDAYS,196.995495449145,8.683723155733552e-12,0.00032360320062831366,0.7939729397293973,0.8087330873308733,0.5264452644526445,0.7097170971709718,0,IRSUICTHNK,200
RXAMPHANY,244.3145991027802,5.6012972028206604e-12,0.00048203119762008876,0.8413284132841329,0.6494464944649446,0.6322263222632226,0.7076670766707668,0,IRSUICTHNK,201
NMVSOPT2,64.63646767886496,7.314753924266015e-12,0.003517792716119585,0.44157441574415746,0.7650676506765067,0.915129151291513,0.7072570725707257,1,IRSUICTHNK,202
SVYRPSYANY,349.21427888769546,6.468161097205822e-12,0.0002544904499121792,0.9077490774907749,0.7293972939729397,0.4747847478474785,0.7039770397703977,1,IRSUICTHNK,203
TQSDANYYR,153.97785846172107,6.190919237371266e-12,0.0006236464576114898,0.7380073800738007,0.6826568265682657,0.6912669126691267,0.7039770397703977,0,IRSUICTHNK,204
GRSKCOCMON,85.90545280826572,8.104225526253363e-12,0.0008220930152889744,0.5393603936039361,0.7853628536285363,0.7859778597785978,0.7035670356703566,0,IRSUICTHNK,205
PRVHLTIN,91.00686660739478,6.5214352103502454e-12,0.0008782518828847114,0.5645756457564576,0.7343173431734318,0.8093480934809348,0.7027470274702748,0,IRSUICTHNK,206
CIGAVGD,196.20687967209622,8.657873820764693e-12,0.0003085745994454122,0.7896678966789668,0.8044280442804428,0.5116851168511685,0.7019270192701926,0,IRSUICTHNK,207
HLTINALC,91.00686660739478,6.5214352103502454e-12,0.0008563480957830427,0.5645756457564576,0.7343173431734318,0.8044280442804428,0.7011070110701109,0,IRSUICTHNK,208
CAIDCHIP,99.73505318923546,7.731874118471759e-12,0.0007021721841147277,0.5953259532595326,0.7785977859778598,0.7293972939729397,0.7011070110701106,0,IRSUICTHNK,209
HLTINDRG,91.00686660739478,6.5214352103502454e-12,0.0008353296144245538,0.5645756457564576,0.7343173431734318,0.7970479704797048,0.6986469864698647,0,IRSUICTHNK,210
HERYLU,78.69809883223554,5.130381377269054e-12,0.005560021853712833,0.5104551045510455,0.6236162361623616,0.959409594095941,0.6978269782697827,1,IRSUICTHNK,211
TOBMON,172.14509354050855,7.150245962153745e-12,0.00039623339717986757,0.7626076260762608,0.7589175891758918,0.5719557195571956,0.6978269782697827,0,IRSUICTHNK,212
WRKDHRSWK2,33.47000047645927,1.2559523967615375e-11,0.005354281730236852,0.26691266912669126,0.8806888068880688,0.942189421894219,0.6965969659696597,1,IRSUICTHNK,213
IRFSTAMP,90.75775133842714,6.7440153619108785e-12,0.0007979384453268493,0.5608856088560885,0.7441574415744158,0.7773677736777368,0.6941369413694137,0,IRSUICTHNK,214
RSKCOCMON,85.90545280826572,8.104225526253363e-12,0.0007541105565169274,0.5393603936039361,0.7853628536285363,0.7552275522755227,0.6933169331693317,0,IRSUICTHNK,215
ALCNUMDKPM,25.712831736219943,1.609499408709406e-11,0.00543325898813076,0.2115621156211562,0.9175891758917589,0.947109471094711,0.6920869208692088,2,IRSUICTHNK,216
TQSDNMFLAG,329.711298999807,5.728239222968259e-12,0.0003215578344934989,0.8905289052890529,0.6617466174661747,0.5239852398523985,0.6920869208692088,0,IRSUICTHNK,217
SNRLDCSN,88.23657990931066,6.462631480003715e-12,0.0008434081982673279,0.5473554735547356,0.7281672816728167,0.7982779827798278,0.6912669126691267,0,IRSUICTHNK,218
ECSTMOMLU,203.90540930874405,7.634815010689773e-12,0.0002789288918217544,0.8105781057810578,0.7755227552275523,0.4870848708487085,0.6910619106191063,0,IRSUICTHNK,219
RSKMRJMON,94.23741286508711,5.820732008342654e-12,0.0009110681153741223,0.5799507995079951,0.6697416974169742,0.8228782287822878,0.6908569085690855,0,IRSUICTHNK,220
NDSSDEPND,196.995495449145,8.683723155733552e-12,0.0002449431744522464,0.7939729397293973,0.8087330873308733,0.46863468634686345,0.6904469044690447,0,IRSUICTHNK,221
PREGSTAT,80.1680194479581,6.756154411065542e-12,0.0008307598488809866,0.515990159901599,0.7460024600246002,0.7921279212792128,0.6847068470684707,0,IRSUICTHNK,222
PSYCHYR,304.1040692639369,5.893010733815658e-12,0.0003035714656008435,0.8720787207872078,0.6740467404674046,0.5079950799507995,0.6847068470684707,0,IRSUICTHNK,223
UD5PSYANY,349.21427888770774,4.730939873658069e-12,0.0003634134666506941,0.9089790897908979,0.5940959409594095,0.5510455104551045,0.6847068470684707,1,IRSUICTHNK,224
HLCNOTYR,90.66105769917534,7.2630829281161035e-12,0.0006935074313035189,0.5596555965559655,0.7638376383763837,0.7269372693726938,0.6834768347683476,0,IRSUICTHNK,225
DIFOBTCOC,112.88327538593461,6.1258524433733366e-12,0.000706076307821582,0.6322263222632226,0.6801968019680197,0.7306273062730627,0.6810168101681017,0,IRSUICTHNK,226
PREGST,80.1680194479581,6.756154411065542e-12,0.0008143464852938568,0.515990159901599,0.7460024600246002,0.7810578105781057,0.6810168101681017,0,IRSUICTHNK,227
GRPHLTIN,91.00686660739478,6.5214352103502454e-12,0.0007289573679832855,0.5645756457564576,0.7343173431734318,0.7416974169741697,0.6801968019680197,0,IRSUICTHNK,228
CIGMON,196.9954954491441,6.9465139407805316e-12,0.00028704195752385386,0.7908979089790897,0.7564575645756457,0.4920049200492005,0.6797867978679787,0,IRSUICTHNK,229
FULSD21,191.49189899097408,7.063921274309266e-12,0.000292579220428202,0.7847478474784748,0.7576875768757687,0.4969249692496925,0.6797867978679787,0,IRSUICTHNK,230
LSDFLAG,209.41339963876067,6.696837447120319e-12,0.0002512536081076855,0.8241082410824109,0.7416974169741697,0.4710947109471095,0.6789667896678967,0,IRSUICTHNK,231
LVLDIFHEAR2,119.82467814028153,5.348822855587774e-12,0.000716849859708467,0.6531365313653137,0.6346863468634686,0.7330873308733087,0.6736367363673637,0,IRSUICTHNK,232
DIFOBTLSD,126.42906781911236,5.627945355814581e-12,0.0006378166578787658,0.6642066420664207,0.6519065190651907,0.7035670356703567,0.6732267322673225,0,IRSUICTHNK,233
HPQTTOB,129.08074382467808,5.9520855249143325e-12,0.000572980772747479,0.6691266912669127,0.6789667896678967,0.6703567035670357,0.6728167281672817,0,IRSUICTHNK,234
FTNDDEPND,196.995495449145,8.683723155733552e-12,0.00018411075676554291,0.7939729397293973,0.8087330873308733,0.41205412054120544,0.6715867158671588,0,IRSUICTHNK,235
KIDNYDSAG,9.792304892583267,3.608706408936093e-09,0.005402295621424705,0.08856088560885608,0.9790897908979089,0.9446494464944649,0.6707667076670766,2,IRSUICTHNK,236
PNRANYYR2,92.0811133284449,5.621430515448336e-12,0.0008250851903790475,0.5707257072570726,0.6506765067650676,0.7896678966789668,0.6703567035670357,0,IRSUICTHNK,237
TELEAPTYR,66.8374437221509,6.702002615482055e-12,0.0008941531331806328,0.45018450184501846,0.7429274292742928,0.8142681426814268,0.6691266912669126,0,IRSUICTHNK,238
CRKYLU,73.41353381389048,3.87835508920694e-12,0.0059910186992285135,0.47724477244772445,0.5381303813038131,0.990159901599016,0.6685116851168512,1,IRSUICTHNK,239
HEPBCAGE,6.077950751678349,3.1406468099053385e-10,0.005917907959965327,0.04920049200492005,0.966789667896679,0.986469864698647,0.6674866748667486,2,IRSUICTHNK,240
TRQANYYR,135.2643183278774,5.315924686338528e-12,0.0005960450421026288,0.6875768757687577,0.6322263222632226,0.6789667896678967,0.6662566625666257,0,IRSUICTHNK,241
ECSTMOFLAG,206.4430786881246,5.928336571280739e-12,0.00030019086260926314,0.8167281672816729,0.6765067650676507,0.5018450184501845,0.6650266502665027,0,IRSUICTHNK,242
TOBVNICFLAG,110.12939225431731,6.6571075660345136e-12,0.00048734183912458657,0.6211562115621156,0.7404674046740467,0.6334563345633456,0.6650266502665027,0,IRSUICTHNK,243
CIRROSAGE,3.2765121742590964,5.966052892315122e-10,0.006401354467760682,0.025830258302583026,0.971709717097171,0.996309963099631,0.6646166461664617,2,IRSUICTHNK,244
TRQNMFLAG,263.74993259698493,4.711989033937962e-12,0.0003625793222738625,0.8511685116851169,0.5916359163591636,0.5498154981549815,0.6642066420664207,0,IRSUICTHNK,245
SVYRCNSANY,373.5135770943278,5.868747947810348e-12,0.00016518242029040203,0.9243542435424354,0.6722017220172202,0.39114391143911437,0.6625666256662567,1,IRSUICTHNK,246
MJEATMON,200.07668132640805,5.634709229956677e-12,0.0003225391206911027,0.8007380073800738,0.6555965559655597,0.5252152521525215,0.6605166051660517,0,IRSUICTHNK,247
ILLEMMON2,283.6839568926354,4.978134188445893e-12,0.0003022947559288433,0.8573185731857319,0.6174661746617466,0.5055350553505535,0.6601066010660107,0,IRSUICTHNK,248
OPIANYYR2,97.37898540471036,5.566088506005144e-12,0.000736392024433974,0.5879458794587946,0.6469864698646987,0.7453874538745388,0.6601066010660107,0,IRSUICTHNK,249
HIVAIDSAG,3.6658058890870775,7.268619894177102e-10,0.005679843502537275,0.03075030750307503,0.972939729397294,0.971709717097171,0.6584665846658466,2,IRSUICTHNK,250
BZOANYYR,137.51538580216402,4.770343629483133e-12,0.0005985030614497268,0.6937269372693727,0.5977859778597786,0.6801968019680197,0.6572365723657237,0,IRSUICTHNK,251
FUCGR21,96.52437848189702,6.923066468043767e-12,0.00047658857519725074,0.5867158671586716,0.7552275522755227,0.6285362853628537,0.6568265682656826,0,IRSUICTHNK,252
PSYANYFLAG2,77.9294522689683,5.601008399056233e-12,0.0009086943123398752,0.5018450184501845,0.6482164821648216,0.8204182041820418,0.6568265682656826,0,IRSUICTHNK,253
ILTOBVAPALC,103.78753672745043,6.214477893844233e-12,0.0005386476324297182,0.6039360393603936,0.6838868388683886,0.6531365313653137,0.6469864698646987,0,IRSUICTHNK,254
GRSKHERTRY,61.53284803371651,6.328081103685719e-12,0.0008064679656527294,0.42988929889298894,0.7226322263222632,0.7785977859778598,0.6437064370643707,0,IRSUICTHNK,255
FUHALLUC18,174.22666577424877,6.369498717024178e-12,0.00021029508593065768,0.7638376383763837,0.7244772447724477,0.4354243542435424,0.6412464124641245,0,IRSUICTHNK,256
MEDICARE,120.55934284013154,4.310670557638718e-12,0.0006297019238334433,0.6543665436654367,0.5707257072570726,0.6974169741697417,0.6408364083640836,0,IRSUICTHNK,257
RSKHERTRY,61.53284803371651,6.328081103685719e-12,0.0007856972368646182,0.42988929889298894,0.7226322263222632,0.7687576875768758,0.6404264042640426,0,IRSUICTHNK,258
COCYRBFR,106.7977400021795,6.885403082830381e-12,0.00037300091822899513,0.6125461254612546,0.7521525215252153,0.5547355473554736,0.6398113981139811,0,IRSUICTHNK,259
TELEAPTYR2,68.49439706430329,4.884210878375531e-12,0.0010576929841052901,0.45879458794587946,0.6125461254612546,0.8474784747847478,0.6396063960639605,0,IRSUICTHNK,260
FLTMRKEVER2,244.15374152398053,4.283980500303873e-12,0.0003035677979715551,0.8400984009840098,0.5694956949569495,0.5067650676506765,0.6387863878638786,0,IRSUICTHNK,261
FUALC21,63.97372321195799,6.437772211972439e-12,0.0007400656817488056,0.43911439114391143,0.7257072570725708,0.7466174661746617,0.6371463714637146,0,IRSUICTHNK,262
IRWRKSTAT18,125.57297859289723,4.06863767727496e-12,0.0006270704220173568,0.6617466174661747,0.5535055350553506,0.6949569495694957,0.6367363673636737,0,IRSUICTHNK,263
CNSNMYR,299.31139108092043,5.147935219502005e-12,0.0001893495866152029,0.8696186961869619,0.6248462484624846,0.4157441574415744,0.6367363673636736,0,IRSUICTHNK,264
GRSKMRJMON,94.23741286508711,5.820732008342654e-12,0.0005495916614170865,0.5799507995079951,0.6697416974169742,0.6580565805658056,0.6359163591635916,0,IRSUICTHNK,265
CIGIRTBL,115.68283710781363,6.231568955361473e-12,0.0003864589189778902,0.6408364083640836,0.6992619926199262,0.5658056580565806,0.6353013530135301,0,IRSUICTHNK,266
RXBZOTANY,126.99132593700833,4.508677230007782e-12,0.0005164666829293721,0.6654366543665436,0.5793357933579336,0.6482164821648216,0.6309963099630996,0,IRSUICTHNK,267
MJDABMON,239.92858736429798,4.022381112158446e-12,0.00030133349421656425,0.8376383763837638,0.5498154981549815,0.5043050430504306,0.6305863058630586,0,IRSUICTHNK,268
STMNMFLAG,228.71935496970366,4.7615500112907436e-12,0.00023911740090066616,0.8314883148831488,0.5953259532595326,0.46371463714637146,0.6301763017630176,0,IRSUICTHNK,269
CIGYRBFR,78.07120464633104,6.311145430911557e-12,0.0005518797461427073,0.5030750307503075,0.7207872078720787,0.6592865928659286,0.6277162771627717,0,IRSUICTHNK,270
IRMEDICR,136.6387347841137,4.125853391367695e-12,0.0004787522686338194,0.6924969249692496,0.5596555965559655,0.6309963099630996,0.6277162771627717,0,IRSUICTHNK,271
CIGINFLU,112.30623616531042,6.231568955361473e-12,0.00037184999803438,0.6285362853628537,0.6992619926199262,0.5535055350553506,0.6271012710127102,0,IRSUICTHNK,272
HERRXOPYR,182.0645582519079,5.210902480041334e-12,0.00026020173899797316,0.7724477244772447,0.6260762607626076,0.47724477244772445,0.6252562525625256,0,IRSUICTHNK,273
RSKCIGPKD,51.49604820628526,6.248966299545837e-12,0.0008282119219711618,0.3683886838868389,0.7140221402214022,0.7908979089790897,0.6244362443624436,0,IRSUICTHNK,274
IRNPCOLDREC,148.35682885707814,5.334449983229189e-12,0.00032098243246459114,0.7097170971709718,0.6334563345633456,0.5227552275522755,0.6219762197621976,0,IRSUICTHNK,275
COCMLU,106.7977400021795,6.885403082830381e-12,0.0002943072873137046,0.6125461254612546,0.7521525215252153,0.4981549815498155,0.6209512095120951,0,IRSUICTHNK,276
IRSYNMRJREC,199.29714758955856,5.297146085637712e-12,0.00020255711831361137,0.7982779827798278,0.6297662976629766,0.4317343173431734,0.6199261992619925,0,IRSUICTHNK,277
FUCGR18,107.30739771435371,5.629114294713416e-12,0.0004220658810724348,0.6150061500615006,0.6531365313653137,0.5904059040590406,0.6195161951619516,0,IRSUICTHNK,278
FUECSTMO21,165.6642570336396,5.417231046732158e-12,0.00023757679585408048,0.7503075030750308,0.6371463714637147,0.46248462484624847,0.6166461664616646,0,IRSUICTHNK,279
GRSKCIGPKD,51.49604820628526,6.248966299545837e-12,0.0007844792212240908,0.3683886838868389,0.7140221402214022,0.7675276752767528,0.6166461664616646,0,IRSUICTHNK,280
SNRLFRND,58.30910283620992,4.789962090694747e-12,0.000917756711862781,0.4145141451414514,0.6076260762607626,0.8253382533825339,0.6158261582615826,0,IRSUICTHNK,281
DRVINCOCN,106.59044073002704,6.8807335521193554e-12,0.00026295335779033324,0.6100861008610086,0.7503075030750308,0.48093480934809346,0.6137761377613776,0,IRSUICTHNK,282
ILLORALC,98.85922878869306,5.407977673325638e-12,0.00044268348115754797,0.5928659286592866,0.6359163591635917,0.6051660516605166,0.6113161131611317,0,IRSUICTHNK,283
LVLDIFWALK2,69.60758678019401,3.962062269793403e-12,0.0008966513910475314,0.4661746617466175,0.5461254612546126,0.8154981549815498,0.6092660926609267,0,IRSUICTHNK,284
OTHINS,102.48783508024387,4.141626427446562e-12,0.0005655576669059031,0.5977859778597786,0.5621156211562116,0.6666666666666666,0.6088560885608856,0,IRSUICTHNK,285
SEVYRSTMANY,233.2062701895468,3.904108643475241e-12,0.00021995317709524645,0.8364083640836408,0.5412054120541205,0.44649446494464945,0.6080360803608036,0,IRSUICTHNK,286
WRKNUMJOB2,101.16763345081397,3.352307414372487e-12,0.0007451737588746591,0.5965559655596556,0.4698646986469865,0.7515375153751538,0.6059860598605986,0,IRSUICTHNK,287
PSILCYYR,254.13481589891302,4.5591946456530305e-12,0.00016061275252508166,0.8474784747847478,0.5830258302583026,0.38253382533825336,0.6043460434604345,0,IRSUICTHNK,288
UD5CNSANY,373.51357709426975,4.131530460322298e-12,0.0001298518224251035,0.922509225092251,0.5608856088560885,0.32595325953259535,0.6031160311603115,1,IRSUICTHNK,289
INHOSPYR,82.46158771926368,5.633599919541264e-12,0.0004616153429214789,0.5252152521525215,0.6543665436654367,0.6186961869618696,0.5994259942599426,0,IRSUICTHNK,290
CIGCRAVE,82.38670185629763,6.231568955361473e-12,0.0003949860769911562,0.5239852398523985,0.6992619926199262,0.5707257072570726,0.5979909799097991,0,IRSUICTHNK,291
ASTHMAEVR2,76.57630330768156,5.65414971356875e-12,0.0005000866137503687,0.49384993849938497,0.6574415744157441,0.6408364083640836,0.5973759737597376,0,IRSUICTHNK,292
SRCPNRNM2,163.89383634763033,4.9372272421152344e-12,0.0001973947954206401,0.7466174661746617,0.6162361623616236,0.42558425584255843,0.5961459614596146,0,IRSUICTHNK,293
ILLALCMON,82.1396073823558,5.783120131211408e-12,0.0004345026291104996,0.5227552275522755,0.6654366543665436,0.5990159901599016,0.5957359573595736,0,IRSUICTHNK,294
ILTOBALCMN,79.60136710539528,5.433916962033577e-12,0.00047830317324462954,0.5129151291512916,0.6383763837638377,0.6297662976629766,0.5936859368593685,0,IRSUICTHNK,295
DIFGETLSD,63.66288356888395,4.204480425607602e-12,0.000792213717734105,0.43788437884378845,0.5670356703567035,0.7749077490774908,0.5932759327593277,0,IRSUICTHNK,296
FUCOC21,129.63789021179315,5.7633592673427505e-12,0.00021745801661573485,0.6703567035670357,0.6642066420664207,0.44280442804428044,0.5924559245592456,0,IRSUICTHNK,297
UADPEOP,159.69877494984394,4.9857707258422864e-12,0.00017665352477995848,0.7423124231242313,0.6193111931119312,0.4108241082410824,0.5908159081590816,0,IRSUICTHNK,298
OPIIMFNMYR2,204.06037004801243,3.73224844678611e-12,0.0001996544216339602,0.8142681426814268,0.5252152521525215,0.4280442804428044,0.5891758917589175,0,IRSUICTHNK,299
RSKCOCWK,52.53735956250318,5.812466962387082e-12,0.0006865868570508442,0.37453874538745385,0.6672816728167281,0.7232472324723247,0.5883558835588355,0,IRSUICTHNK,300
PNRMAINRSN,171.07290568111517,5.301555247476312e-12,0.000156512771198771,0.7576875768757687,0.6309963099630996,0.3751537515375154,0.5879458794587946,0,IRSUICTHNK,301
ASTHMANOW,76.57630330768156,5.65414971356875e-12,0.0004555146986780738,0.49384993849938497,0.6574415744157441,0.6113161131611317,0.5875358753587535,0,IRSUICTHNK,302
FUCIG18,53.608750720010896,6.273639028773714e-12,0.0005408551288119532,0.3886838868388684,0.7170971709717097,0.6543665436654367,0.5867158671586715,0,IRSUICTHNK,303
CIGCRAGP,72.53517513520458,6.231568955361473e-12,0.0004174133197185621,0.47232472324723246,0.6992619926199262,0.5879458794587946,0.5865108651086511,0,IRSUICTHNK,304
UADPAID,159.69877494984394,4.9857707258422864e-12,0.0001676987946019375,0.7423124231242313,0.6193111931119312,0.3972939729397294,0.5863058630586305,0,IRSUICTHNK,305
SYNMRJFLAG,199.2971475897158,3.559928537923367e-12,0.0002272551175767894,0.7995079950799509,0.5043050430504306,0.45387453874538747,0.5858958589585896,0,IRSUICTHNK,306
GRSKCOCWK,52.53735956250318,5.812466962387082e-12,0.0006617571695354895,0.37453874538745385,0.6672816728167281,0.7146371463714637,0.5854858548585485,0,IRSUICTHNK,307
METHMOLST,134.7895351556759,5.54247607300392e-12,0.00019916685727244037,0.6838868388683886,0.6451414514145142,0.4268142681426814,0.585280852808528,0,IRSUICTHNK,308
UADHOME,151.64342711140893,4.779481501305422e-12,0.00019045209118745694,0.7312423124231242,0.6027060270602707,0.4182041820418204,0.5840508405084051,0,IRSUICTHNK,309
CIGINCTL,77.50852611541653,6.231568955361473e-12,0.00036124053988501016,0.4993849938499385,0.6992619926199262,0.5485854858548586,0.5824108241082411,0,IRSUICTHNK,310
SYNMRJEVR,113.09772999831424,5.4550038706508575e-12,0.0002523468888534981,0.6334563345633456,0.6402214022140221,0.4735547355473555,0.5824108241082411,0,IRSUICTHNK,311
SEDNMFLAG,205.81029212372076,2.975035135172523e-12,0.00026552537301421166,0.8154981549815498,0.4354243542435424,0.4821648216482165,0.5776957769577695,0,IRSUICTHNK,312
CIGRNOUT,62.563330906442985,6.231568955361473e-12,0.00043127339310617053,0.4354243542435424,0.6992619926199262,0.5953259532595326,0.576670766707667,0,IRSUICTHNK,313
COCFLAG,104.44732655373164,5.091692491813183e-12,0.0002890536889011135,0.6063960639606396,0.6211562115621156,0.4932349323493235,0.5735957359573596,0,IRSUICTHNK,314
DRVINMETH,133.75272119173027,5.531291452150015e-12,0.00016769102101776812,0.6814268142681427,0.6432964329643296,0.3960639606396064,0.5735957359573596,0,IRSUICTHNK,315
CIGWAKE,68.68672224929487,6.231568955361473e-12,0.00037566616803214807,0.4612546125461255,0.6992619926199262,0.5584255842558425,0.5729807298072981,0,IRSUICTHNK,316
NPCOLDFLAG,148.35682885704568,3.5972287769678923e-12,0.00029992266444978967,0.7084870848708487,0.5067650676506765,0.5006150061500615,0.5719557195571956,0,IRSUICTHNK,317
STMMAINRSN,159.82263585769894,4.521772630033358e-12,0.0001651517398231923,0.7441574415744158,0.5817958179581796,0.3899138991389914,0.5719557195571956,0,IRSUICTHNK,318
UADEVNT,152.63163356470724,4.779481501305422e-12,0.00015495772335666802,0.7355473554735548,0.6027060270602707,0.3726937269372694,0.5703157031570316,0,IRSUICTHNK,319
ILTOBALCYR,88.74752129526479,4.795051648486629e-12,0.0003599045026272079,0.5522755227552275,0.6100861008610086,0.5473554735547356,0.5699056990569905,0,IRSUICTHNK,320
UADROTH,156.90446462300454,4.8119447154084875e-12,0.00014575068901968914,0.7404674046740467,0.6113161131611317,0.35670356703567035,0.5694956949569496,0,IRSUICTHNK,321
SYNMRJREC,116.84660096631383,5.4550038706508575e-12,0.00019169533996642396,0.6469864698646987,0.6402214022140221,0.42066420664206644,0.5692906929069291,0,IRSUICTHNK,322
SVYRCNSMIS,265.723076634811,4.764204340324379e-12,9.224382595936352e-05,0.8536285362853628,0.5965559655596556,0.25584255842558423,0.5686756867568676,0,IRSUICTHNK,323
WRKEFFORT,60.796777975091565,5.2875346405141606e-12,0.0005311670990215949,0.42558425584255843,0.6285362853628537,0.6519065190651907,0.5686756867568676,0,IRSUICTHNK,324
IRKRATREC,150.25955395757322,4.567041343803045e-12,0.00017322808262191944,0.7146371463714637,0.5842558425584256,0.4046740467404674,0.5678556785567855,0,IRSUICTHNK,325
METHAMFLAG,135.0777812881822,3.783332493729048e-12,0.00027916269584359765,0.6863468634686347,0.5289052890528906,0.4883148831488315,0.5678556785567855,0,IRSUICTHNK,326
UADSCHL,151.64342711140893,4.779481501305422e-12,0.00015102386199263343,0.7312423124231242,0.6027060270602707,0.36654366543665434,0.566830668306683,0,IRSUICTHNK,327
IRHH65_2,87.35158879753544,3.4682070525121347e-12,0.0005719882167247282,0.5448954489544895,0.48093480934809346,0.6691266912669127,0.5649856498564986,0,IRSUICTHNK,328
DIFGETCOC,65.70543144236069,3.2332181059265035e-12,0.0008242649192824281,0.44280442804428044,0.46248462484624847,0.7884378843788438,0.5645756457564576,0,IRSUICTHNK,329
CIGARMLU,44.489693674180664,5.7606677794680806e-12,0.0006343978582930945,0.3241082410824108,0.6629766297662977,0.7011070110701108,0.5627306273062731,0,IRSUICTHNK,330
IRPMNICDEP,111.64025209034392,3.9797650692820176e-12,0.0003125765834753121,0.6236162361623616,0.5473554735547356,0.5153751537515375,0.5621156211562116,0,IRSUICTHNK,331
MJCMOTHYR,155.06297658167043,3.4594371350970763e-12,0.000244214137181607,0.7392373923739237,0.4797047970479705,0.46740467404674046,0.5621156211562116,0,IRSUICTHNK,332
SRCSTMNM2,182.0761460911333,4.396439414677007e-12,0.00013126065479502646,0.7736777367773677,0.5768757687576875,0.33210332103321033,0.5608856088560885,0,IRSUICTHNK,333
UADCAR,151.64342711140893,4.779481501305422e-12,0.00014009683063544206,0.7312423124231242,0.6027060270602707,0.34686346863468637,0.560270602706027,0,IRSUICTHNK,334
CIGMLU,50.397911164790564,6.231568955361473e-12,0.00046385296034242234,0.35793357933579334,0.6992619926199262,0.6223862238622386,0.559860598605986,0,IRSUICTHNK,335
CIGSATIS,68.27533667314775,6.231568955361473e-12,0.0003129311653218896,0.4575645756457565,0.6992619926199262,0.5166051660516605,0.557810578105781,0,IRSUICTHNK,336
UADPUBL,151.64342711140893,4.779481501305422e-12,0.00013263949234691407,0.7312423124231242,0.6027060270602707,0.33579335793357934,0.5565805658056581,0,IRSUICTHNK,337
TRQMAINRSN,163.23438227913067,4.312873471094442e-12,0.00014389329222424488,0.7453874538745388,0.5719557195571956,0.35178351783517836,0.5563755637556377,0,IRSUICTHNK,338
ALCYDAYS,39.188432694879694,4.936192958883619e-12,0.0007501096053023918,0.2976629766297663,0.6150061500615006,0.7539975399753998,0.5555555555555556,0,IRSUICTHNK,339
HPUSEDRG,39.112927405097786,4.7146579128931475e-12,0.000792302774492219,0.2952029520295203,0.5928659286592866,0.7761377613776138,0.5547355473554735,0,IRSUICTHNK,340
CIGLOTMR,66.41726243752007,6.231568955361473e-12,0.00031200407070399166,0.44772447724477243,0.6992619926199262,0.5129151291512916,0.5533005330053301,0,IRSUICTHNK,341
SNYATTAK,208.40802216407022,1.9522434766079274e-12,0.00035571687021474755,0.8228782287822878,0.2915129151291513,0.5424354243542435,0.5522755227552275,0,IRSUICTHNK,342
SVYROPIANY2,150.4595028651487,4.104778944189469e-12,0.00015869102336399138,0.7195571955719557,0.5571955719557196,0.37884378843788435,0.5518655186551865,0,IRSUICTHNK,343
CIGFNLKE,53.242627690740846,6.231568955361473e-12,0.0003883963338094254,0.38683886838868387,0.6992619926199262,0.5670356703567035,0.5510455104551045,0,IRSUICTHNK,344
UADBAR,151.64342711140893,4.779481501305422e-12,0.0001275057616497819,0.7312423124231242,0.6027060270602707,0.31857318573185733,0.5508405084050841,0,IRSUICTHNK,345
SNYSELL,150.38829941869096,1.835292132485558e-12,0.0005548481562505622,0.7170971709717097,0.27060270602706027,0.6605166051660517,0.5494054940549405,0,IRSUICTHNK,346
CIGDLMLU,50.397911164790564,6.231568955361473e-12,0.0004155902030581247,0.35793357933579334,0.6992619926199262,0.5867158671586716,0.5479704797047971,0,IRSUICTHNK,347
RXMTHPANY,183.73755475567307,2.780717757993251e-12,0.00022959926760146083,0.7761377613776138,0.4108241082410824,0.45633456334563344,0.5477654776547766,0,IRSUICTHNK,348
FULSD18,103.08821442839567,4.588925514273262e-12,0.00022412325326687135,0.6014760147601476,0.5854858548585485,0.45264452644526443,0.5465354653546535,0,IRSUICTHNK,349
PNRNMYR,171.16764135347736,3.385716461789529e-12,0.0001721996732845896,0.7589175891758918,0.47601476014760147,0.4034440344403444,0.5461254612546126,0,IRSUICTHNK,350
CGRYR,90.02808300777562,3.68006495585346e-12,0.00037991102011461747,0.5571955719557196,0.5178351783517835,0.5621156211562116,0.5457154571545716,0,IRSUICTHNK,351
NEWRACE2,78.63208501481137,2.5999112739259035e-12,0.0007264187396801115,0.5079950799507995,0.3886838868388684,0.7404674046740467,0.5457154571545716,0,IRSUICTHNK,352
CIGINCRS,55.66897296106392,6.231568955361473e-12,0.00033978434455974964,0.3997539975399754,0.6992619926199262,0.5350553505535055,0.5446904469044691,0,IRSUICTHNK,353
CDCGMO,111.47227742635113,4.650564633939495e-12,0.00019715944405252717,0.6223862238622386,0.5867158671586716,0.42435424354243545,0.5444854448544486,0,IRSUICTHNK,354
FLVVAPYR,149.48297937915888,3.3326395899685844e-12,0.00022074650089325584,0.7134071340713407,0.46863468634686345,0.45018450184501846,0.5440754407544075,0,IRSUICTHNK,355
CIGREGNM,55.42734285829471,6.231568955361473e-12,0.00033191834449404793,0.3985239852398524,0.6992619926199262,0.5289052890528906,0.542230422304223,0,IRSUICTHNK,356
OPINMYR2,182.06455825185927,3.4736833483781514e-12,0.0001541170664406686,0.7712177121771218,0.4821648216482165,0.37023370233702335,0.5412054120541206,0,IRSUICTHNK,357
UADOTHM,151.64342711140893,4.779481501305422e-12,0.00011320105974349794,0.7312423124231242,0.6027060270602707,0.2878228782287823,0.540590405904059,0,IRSUICTHNK,358
CIGAVOID,50.397911164790564,6.231568955361473e-12,0.00038062241874767244,0.35793357933579334,0.6992619926199262,0.5633456334563346,0.540180401804018,0,IRSUICTHNK,359
CIGREGDY,51.969053081656504,6.231568955361473e-12,0.00035692597866189384,0.37023370233702335,0.6992619926199262,0.5461254612546126,0.5385403854038541,0,IRSUICTHNK,360
KRATOMFLAG,150.25955395765493,2.8298272995696576e-12,0.00025905136422868676,0.7158671586715867,0.4182041820418204,0.47601476014760147,0.5366953669536695,0,IRSUICTHNK,361
WRKHADJOB,30.0294759753907,5.499950411803762e-12,0.0006636966056138302,0.24969249692496925,0.6420664206642066,0.7158671586715867,0.5358753587535875,0,IRSUICTHNK,362
SEDANYYR,94.25748297072374,2.9069417854166042e-12,0.00044079695010248077,0.5817958179581796,0.4231242312423124,0.6014760147601476,0.5354653546535465,0,IRSUICTHNK,363
CIGFNSMK,53.242627690740846,6.231568955361473e-12,0.0003145344744199999,0.38683886838868387,0.6992619926199262,0.5178351783517835,0.5346453464534645,0,IRSUICTHNK,364
EDFAM18,34.6049716436283,3.5026422079161703e-12,0.0009419031065592877,0.2730627306273063,0.5006150061500615,0.8302583025830258,0.5346453464534645,0,IRSUICTHNK,365
CIGREGWK,52.21983245832198,6.231568955361473e-12,0.0003351423470600148,0.3714637146371464,0.6992619926199262,0.5325953259532595,0.534440344403444,0,IRSUICTHNK,366
CIGSVLHR,50.397911164790564,6.231568955361473e-12,0.0003565355021259519,0.35793357933579334,0.6992619926199262,0.5448954489544895,0.534030340303403,0,IRSUICTHNK,367
BNGDRMDAYS,39.22252013770934,5.21984836651072e-12,0.0005881639760093645,0.2988929889298893,0.6273062730627307,0.6752767527675276,0.5338253382533825,0,IRSUICTHNK,368
FUCIG21,45.32242582930907,5.9320775826183614e-12,0.0004087237258777067,0.32718327183271834,0.6777367773677737,0.5817958179581796,0.5289052890528905,0,IRSUICTHNK,369
SEVYRPNRANY2,150.93614983745715,4.081439672916498e-12,0.00011943729064872082,0.7232472324723247,0.5547355473554736,0.3075030750307503,0.5284952849528496,0,IRSUICTHNK,370
CIGPLANE,50.397911164790564,6.231568955361473e-12,0.0003206495479271414,0.35793357933579334,0.6992619926199262,0.5215252152521526,0.526240262402624,0,IRSUICTHNK,371
SMKMOLAST,52.81552864988415,5.123818312338238e-12,0.00039636470451211836,0.38314883148831486,0.6223862238622386,0.5731857318573186,0.526240262402624,0,IRSUICTHNK,372
CIGNMCHG,50.397911164790564,6.231568955361473e-12,0.0003192352688889123,0.35793357933579334,0.6992619926199262,0.5202952029520295,0.525830258302583,0,IRSUICTHNK,373
DIFOBTHER,56.25381503112453,3.585102641576908e-12,0.0005668599508188418,0.4034440344403444,0.5055350553505535,0.6678966789667896,0.5256252562525625,0,IRSUICTHNK,374
DIFOBTCRK,56.990941834783015,3.762697280438504e-12,0.0004895356790795245,0.4108241082410824,0.5276752767527675,0.6371463714637147,0.5252152521525215,0,IRSUICTHNK,375
IRHHSIZ2,26.37120272084981,3.897928200826203e-12,0.0008738357873365215,0.22878228782287824,0.5399753997539976,0.8068880688806888,0.5252152521525215,0,IRSUICTHNK,376
DIFGETHER,59.14421135788912,2.384019440911181e-12,0.0008524390035881647,0.4194341943419434,0.35301353013530135,0.8019680196801968,0.5248052480524805,0,IRSUICTHNK,377
RXOXCOANY2,75.56897370691574,3.215972248475871e-12,0.000467593723512458,0.4870848708487085,0.4612546125461255,0.6260762607626076,0.5248052480524805,0,IRSUICTHNK,378
FUSMKLSS21,55.302255485079776,4.793665781129748e-12,0.000388601415732339,0.3960639606396064,0.6088560885608856,0.5682656826568265,0.5243952439524394,0,IRSUICTHNK,379
UD5TRQSDGRP,203.33000262157452,3.7275847502979156e-12,8.559530197541796e-05,0.8075030750307504,0.523370233702337,0.23739237392373924,0.5227552275522757,0,IRSUICTHNK,380
RSKBNGWK,23.99900436465953,4.165148203854659e-12,0.0008309402455707022,0.2017220172201722,0.5639606396063961,0.7933579335793358,0.5196801968019681,0,IRSUICTHNK,381
DRVINALCO2,89.84159328125916,3.2420179295384395e-12,0.00034455109787675554,0.5559655596555966,0.46371463714637146,0.5375153751537516,0.5190651906519065,0,IRSUICTHNK,382
UD5HROPANY,150.4595028651487,4.104778944189469e-12,0.00010440420408609047,0.7195571955719557,0.5571955719557196,0.2779827798277983,0.5182451824518245,0,IRSUICTHNK,383
TQSDNMYR,203.92872363705922,2.82324732881888e-12,0.000129875730563985,0.8130381303813038,0.4132841328413284,0.32718327183271834,0.5178351783517835,0,IRSUICTHNK,384
CIGNOINF,50.397911164790564,6.231568955361473e-12,0.0002903783485053088,0.35793357933579334,0.6992619926199262,0.4956949569495695,0.517630176301763,0,IRSUICTHNK,385
SRCTRQNM2,183.38745743750073,4.18940943636208e-12,7.450553020353397e-05,0.7749077490774908,0.5658056580565806,0.2091020910209102,0.5166051660516605,0,IRSUICTHNK,386
IROTHHLT,34.33232080947257,4.254993964153045e-12,0.0006553499673375295,0.2699876998769988,0.5682656826568265,0.7109471094710947,0.51640016400164,0,IRSUICTHNK,387
MXMJPNLT,42.28512061290704,2.730435672347899e-12,0.0009095835557376879,0.31857318573185733,0.4059040590405904,0.8216482164821648,0.5153751537515375,0,IRSUICTHNK,388
GRSKBNGWK,19.052158488752813,4.165148203854659e-12,0.0008503268207255324,0.17220172201722017,0.5639606396063961,0.8007380073800738,0.51230012300123,0,IRSUICTHNK,389
MILTCHLDR,45.93813011762132,3.785316710239769e-12,0.00056520949884742,0.33456334563345635,0.5338253382533825,0.6654366543665436,0.5112751127511275,0,IRSUICTHNK,390
KRATEVER,73.3659714902473,4.669096591348002e-12,0.00024301687271071124,0.474169741697417,0.5897908979089791,0.4661746617466175,0.5100451004510046,0,IRSUICTHNK,391
AMYLNIEVER2,117.81803059460971,2.9263617956791537e-12,0.00021717225823489287,0.6482164821648216,0.43419434194341944,0.44157441574415746,0.5079950799507995,0,IRSUICTHNK,392
CGRFLAG,44.7121202513794,4.035382893200977e-12,0.0005138498662995529,0.32595325953259535,0.5510455104551045,0.6445264452644527,0.5071750717507175,0,IRSUICTHNK,393
IRFAMSVC,63.34133841509281,3.6055219193417587e-12,0.0004006990815571968,0.43665436654366546,0.5079950799507995,0.5768757687576875,0.5071750717507175,0,IRSUICTHNK,394
SVYRTQSDANY,203.33000262157452,3.7275847502979156e-12,5.842029948126284e-05,0.8075030750307504,0.523370233702337,0.17712177121771217,0.5026650266502666,0,IRSUICTHNK,395
COCYDAYS,151.02766481361306,4.3484421333995025e-12,7.39055106026238e-05,0.7257072570725708,0.5731857318573186,0.2078720787207872,0.5022550225502256,0,IRSUICTHNK,396
KRATREC,73.3659714902473,4.669096591348002e-12,0.0002137804812563115,0.474169741697417,0.5897908979089791,0.43788437884378845,0.5006150061500615,0,IRSUICTHNK,397
SNYSTOLE,148.74860787398484,1.7384571540742254e-12,0.0003350654400785702,0.7109471094710947,0.25953259532595324,0.5313653136531366,0.5006150061500615,0,IRSUICTHNK,398
TOBALCYR,53.6690402985878,3.608396213502107e-12,0.00044100085821404647,0.3899138991389914,0.5092250922509225,0.6027060270602707,0.5006150061500615,0,IRSUICTHNK,399
UADFWHO,106.53333289697622,3.912619771197958e-12,0.000143801589194562,0.6082410824108241,0.543050430504305,0.3505535055350554,0.5006150061500615,0,IRSUICTHNK,400
FUCD221,35.82326001407693,4.935559995675234e-12,0.00044351987200504274,0.27921279212792127,0.6137761377613776,0.6063960639606396,0.49979499794997945,0,IRSUICTHNK,401
OTHRSEDANY,117.87763155570441,2.272512308238585e-12,0.0003058576762877234,0.6494464944649446,0.33825338253382536,0.5104551045510455,0.49938499384993845,0,IRSUICTHNK,402
UD5OPIGRP,150.4595028651487,4.104778944189469e-12,7.519203798651811e-05,0.7195571955719557,0.5571955719557196,0.21279212792127922,0.4965149651496515,0,IRSUICTHNK,403
SEVYRTRQANY,180.61689705906312,3.3627210194268264e-12,8.905668825355801e-05,0.7675276752767528,0.4710947109471095,0.24600246002460024,0.4948749487494875,0,IRSUICTHNK,404
CIGFLAG,50.397911164790564,4.494364199613248e-12,0.00035577517087317007,0.35793357933579334,0.5781057810578106,0.5436654366543665,0.4932349323493235,0,IRSUICTHNK,405
SEVYROPPRANY,146.53096312286883,3.9901333053761255e-12,8.09139788309715e-05,0.7035670356703567,0.5485854858548586,0.22632226322263221,0.4928249282492825,0,IRSUICTHNK,406
BNGDRKMON,39.22252013771185,3.482634355396549e-12,0.0005836632693885305,0.3001230012300123,0.4993849938499385,0.6740467404674046,0.4911849118491185,0,IRSUICTHNK,407
UADFRD,106.53333289697622,3.912619771197958e-12,0.00012421898654768577,0.6082410824108241,0.543050430504305,0.31365313653136534,0.4883148831488315,0,IRSUICTHNK,408
HPALCNOT2,31.50690091065944,3.176731075814871e-12,0.0007406158845888896,0.2607626076260763,0.45387453874538747,0.7490774907749077,0.48790487904879054,0,IRSUICTHNK,409
SMKLSSFLAG,52.96631049787107,3.3882933248588447e-12,0.00043449858960574103,0.3849938499384994,0.47724477244772445,0.5977859778597786,0.4866748667486675,0,IRSUICTHNK,410
DRVINDROTMJ,203.1984335787857,2.093102272909081e-12,0.00013033612133271213,0.8044280442804428,0.31857318573185733,0.3296432964329643,0.48421484214842153,0,IRSUICTHNK,411
IRFAMSOC,52.714676293529855,2.4942997957855817e-12,0.0006294959723762943,0.37884378843788435,0.37392373923739236,0.6961869618696187,0.48298482984829844,0,IRSUICTHNK,412
PNRANYFLAG2,24.3362330751406,2.78106019919196e-12,0.0009585630151585272,0.2029520295202952,0.41205412054120544,0.8314883148831488,0.48216482164821645,0,IRSUICTHNK,413
RXHYDCANY2,46.597185320390054,3.015121728701767e-12,0.0005586388012918706,0.33948339483394835,0.4403444034440344,0.6617466174661747,0.48052480524805247,0,IRSUICTHNK,414
HALLNDAYPM,112.20336737719161,3.5403933937333176e-12,0.00012082628325335145,0.6273062730627307,0.5030750307503075,0.3087330873308733,0.4797047970479705,0,IRSUICTHNK,415
RXAMPHMIS,171.90896185829249,2.4529946806584513e-12,0.00012201438001165696,0.7601476014760148,0.36654366543665434,0.3124231242312423,0.4797047970479705,0,IRSUICTHNK,416
STMNMYR,183.95135156498895,2.6968309440178384e-12,9.294756868152918e-05,0.7773677736777368,0.4022140221402214,0.25830258302583026,0.4792947929479295,0,IRSUICTHNK,417
HLCLAST,29.647889511131154,4.063111485378944e-12,0.0004951534268529954,0.24477244772447723,0.5522755227552275,0.6383763837638377,0.47847478474784744,0,IRSUICTHNK,418
KETMINFLAG,133.14869159248747,2.641154046553449e-12,0.00015018221029076089,0.6752767527675276,0.3972939729397294,0.3628536285362854,0.47847478474784744,0,IRSUICTHNK,419
HLLOSRSN,34.55322128410425,4.519768860591617e-12,0.0004085479330004596,0.27183271832718325,0.5805658056580566,0.5805658056580566,0.47765477654776545,0,IRSUICTHNK,420
RXAMMEMIS,166.4561622830045,2.4893417061747556e-12,0.00011937697864400454,0.7539975399753998,0.3726937269372694,0.3050430504305043,0.4772447724477245,0,IRSUICTHNK,421
WRKDPSTYR,16.238569705234603,4.390806027804875e-12,0.0006499238490716778,0.14883148831488316,0.5756457564575646,0.7072570725707257,0.47724477244772445,0,IRSUICTHNK,422
FUCD218,37.53391111908581,4.390248065729848e-12,0.00038881204335254897,0.2865928659286593,0.5744157441574416,0.5694956949569495,0.47683476834768346,0,IRSUICTHNK,423
FUMETHAM21,108.12329966571662,3.956878012740335e-12,9.652111126310143e-05,0.6186961869618696,0.5448954489544895,0.2656826568265683,0.4764247642476424,0,IRSUICTHNK,424
WRKDPSTWK,23.617955589303065,3.2784124001947947e-12,0.0007661761835630043,0.1968019680196802,0.46494464944649444,0.7613776137761378,0.4743747437474375,0,IRSUICTHNK,425
METHNDAYYR,147.32170147410224,3.65478455962399e-12,6.552586923706731e-05,0.7072570725707257,0.5141451414514145,0.1968019680196802,0.4727347273472735,0,IRSUICTHNK,426
HPALCFRQ2,25.844127617424544,2.9251960254721564e-12,0.000779918990836948,0.21832718327183273,0.42927429274292744,0.7662976629766297,0.4712997129971299,0,IRSUICTHNK,427
MILTSPPAR,20.076640165417594,3.785316710239769e-12,0.0006335889952721421,0.17896678966789667,0.5338253382533825,0.6998769987699877,0.470889708897089,0,IRSUICTHNK,428
COCYR,151.02766481385703,2.61122109052768e-12,0.00011495328353479082,0.7269372693726938,0.3923739237392374,0.2915129151291513,0.4702747027470275,0,IRSUICTHNK,429
UDYR5STMANY,233.20627018948636,2.1668909663612347e-12,8.913256925877257e-05,0.8351783517835178,0.32595325953259535,0.24723247232472326,0.4694546945469455,0,IRSUICTHNK,430
MILTPARNT,20.076640165417594,3.785316710239769e-12,0.0006239155285772451,0.17896678966789667,0.5338253382533825,0.6924969249692496,0.46842968429684295,0,IRSUICTHNK,431
UD5ALNILANY,46.110773204408595,2.678947940176932e-12,0.0005616152085953127,0.33579335793357934,0.4009840098400984,0.6629766297662977,0.46658466584665853,0,IRSUICTHNK,432
NITOXIEVER2,88.6319323212581,2.9853432571538806e-12,0.00017582848487299055,0.5510455104551045,0.43665436654366546,0.40836408364083643,0.46535465354653544,0,IRSUICTHNK,433
TOBFLAG,39.716187282691855,3.733072089445669e-12,0.00037967399265211927,0.3087330873308733,0.5264452644526445,0.5608856088560885,0.46535465354653544,0,IRSUICTHNK,434
TRQNMYR,178.40956265147705,2.4733795271022265e-12,9.329425526437789e-05,0.7650676506765067,0.36900369003690037,0.25953259532595324,0.46453464534645345,0,IRSUICTHNK,435
MILTSIBLN,20.076640165417594,3.785316710239769e-12,0.0005924467991863554,0.17896678966789667,0.5338253382533825,0.6765067650676507,0.46309963099631,0,IRSUICTHNK,436
HLTINNOS,31.003260934162927,3.615328158331954e-12,0.0004644358902403923,0.25276752767527677,0.5116851168511685,0.6236162361623616,0.46268962689626897,0,IRSUICTHNK,437
HPALCAMT2,25.844127617424544,2.9251960254721564e-12,0.0007261312033174254,0.21832718327183273,0.42927429274292744,0.7392373923739237,0.462279622796228,0,IRSUICTHNK,438
HPALCPRB2,25.844127617424544,2.9251960254721564e-12,0.0006922709852942653,0.21832718327183273,0.42927429274292744,0.7257072570725708,0.45776957769577703,0,IRSUICTHNK,439
ALCYR,39.18843269487761,3.1989938416221472e-12,0.00045871619242479996,0.2964329643296433,0.46002460024600245,0.6162361623616236,0.4575645756457565,0,IRSUICTHNK,440
DRVINALCO,25.844127617424544,2.9251960254721564e-12,0.000681840991349524,0.21832718327183273,0.42927429274292744,0.7207872078720787,0.45612956129561294,0,IRSUICTHNK,441
CGRMDAYS,47.18027482202958,3.6127592017159555e-12,0.0003121226875518053,0.34317343173431736,0.5104551045510455,0.5141451414514145,0.4559245592455925,0,IRSUICTHNK,442
DIFGETCRK,39.58014836531791,2.0039659514213415e-12,0.0007616347881044331,0.3050430504305043,0.2988929889298893,0.7576875768757687,0.45387453874538747,0,IRSUICTHNK,443
UDYR5OPPRANY,146.53096312305578,2.252912098862659e-12,0.00012789659380451685,0.7047970479704797,0.3370233702337023,0.3198031980319803,0.45387453874538747,0,IRSUICTHNK,444
HPALCCUT2,25.844127617424544,2.9251960254721564e-12,0.0006561643300641289,0.21832718327183273,0.42927429274292744,0.7121771217712177,0.453259532595326,0,IRSUICTHNK,445
PSYCHMON,143.44759435059422,2.243264146991234e-12,0.00012844742229930123,0.6998769987699877,0.3333333333333333,0.32226322263222634,0.4518245182451825,0,IRSUICTHNK,446
MILTFAMLY,20.076640165417594,3.785316710239769e-12,0.0004988114681799015,0.17896678966789667,0.5338253382533825,0.6396063960639606,0.45079950799507995,0,IRSUICTHNK,447
DRVINALON,35.77445517241935,2.9251960254721564e-12,0.0005109459359738248,0.2779827798277983,0.42927429274292744,0.6432964329643296,0.4501845018450184,0,IRSUICTHNK,448
HPALCTX2,25.844127617424544,2.9251960254721564e-12,0.0006350887368280632,0.21832718327183273,0.42927429274292744,0.7023370233702337,0.44997949979499796,0,IRSUICTHNK,449
CELLNOTCL,41.16395588816108,2.0899721714345796e-12,0.0006662965911450934,0.3148831488314883,0.3161131611316113,0.7183271832718328,0.4497744977449775,0,IRSUICTHNK,450
FUCOC18,79.63377584888556,3.784436734175199e-12,0.00011811579880459818,0.5141451414514145,0.5301353013530136,0.3001230012300123,0.44813448134481343,0,IRSUICTHNK,451
PNRNDAYPM,115.03407121730297,3.167096368225298e-12,9.074075544494174e-05,0.6396063960639606,0.45264452644526443,0.2521525215252153,0.4481344813448134,0,IRSUICTHNK,452
CNSNMMON,152.8080489461359,2.433241440307308e-12,8.718546081656042e-05,0.7367773677736777,0.36531365313653136,0.24108241082410825,0.44772447724477243,0,IRSUICTHNK,453
CHMNDLREC,78.40150005508262,3.6681270614970584e-12,0.00012465078273394436,0.5067650676506765,0.5166051660516605,0.3148831488314883,0.4460844608446084,0,IRSUICTHNK,454
METHAMYR,147.321701473875,1.917568001520122e-12,0.00013735771136381186,0.7060270602706027,0.2865928659286593,0.34317343173431736,0.44526445264452646,0,IRSUICTHNK,455
BKBURGL,53.71137728998772,3.4742314419351367e-12,0.00022173198592971398,0.39114391143911437,0.4907749077490775,0.45141451414514144,0.4444444444444445,0,IRSUICTHNK,456
BKARSON,57.69748685773512,3.4742314419351367e-12,0.0001998506700095494,0.41205412054120544,0.4907749077490775,0.42927429274292744,0.4440344403444034,0,IRSUICTHNK,457
RXALPRANY,75.13483769829082,2.593695845281071e-12,0.0002298614708442024,0.48462484624846247,0.3874538745387454,0.4575645756457565,0.44321443214432144,0,IRSUICTHNK,458
IRINSUR4,34.33232080947257,2.587525917046558e-12,0.0005763342252288077,0.2699876998769988,0.3862238622386224,0.6715867158671587,0.44259942599426,0,IRSUICTHNK,459
IRIMFREC,122.63137479350492,3.1591478422579117e-12,7.750209649092809e-05,0.6555965559655597,0.45018450184501846,0.21894218942189422,0.4415744157441574,0,IRSUICTHNK,460
INHNDAYYR2,103.07066940635086,3.3965390345949944e-12,8.81166253406625e-05,0.5990159901599016,0.4784747847478475,0.24354243542435425,0.44034440344403447,0,IRSUICTHNK,461
RXLORAANY,83.00325480836179,2.0807588790542782e-12,0.0002627462973668047,0.5276752767527675,0.31365313653136534,0.4797047970479705,0.4403444034440344,0,IRSUICTHNK,462
UD5OPIANY2,150.4595028653563,2.367557737704683e-12,8.696969145375001e-05,0.7220172201722017,0.3505535055350554,0.23985239852398524,0.4374743747437475,0,IRSUICTHNK,463
IRSEVPNRMIS,133.16704901139494,3.1980364796032528e-12,5.78391003695321e-05,0.6777367773677737,0.45879458794587946,0.17466174661746617,0.4370643706437065,0,IRSUICTHNK,464
CRKMLU,73.41353381389048,3.87835508920694e-12,0.00011604977272987565,0.47724477244772445,0.5381303813038131,0.2952029520295203,0.4368593685936859,0,IRSUICTHNK,465
BKFRAUD,56.01164015651949,3.4742314419351367e-12,0.00018941926645704197,0.4022140221402214,0.4907749077490775,0.41697416974169743,0.43665436654366546,0,IRSUICTHNK,466
NOBOOKY2,33.61352734061442,3.014349556456257e-12,0.0004284860996947212,0.26814268142681424,0.43849938499384994,0.5940959409594095,0.43357933579335795,0,IRSUICTHNK,467
RSKBNGDLY,7.610662913367534,3.1948318901129916e-12,0.0007920112766778618,0.06826568265682657,0.45694956949569493,0.7736777367773677,0.4329643296432964,0,IRSUICTHNK,468
SEXRACE,14.803055059521368,2.2450174717029617e-12,0.0009261828594900516,0.13038130381303814,0.33456334563345635,0.8265682656826568,0.43050430504305043,0,IRSUICTHNK,469
UD5TRQSDANY,203.33000262126188,1.990369268261754e-12,6.355466322556471e-05,0.8056580565805658,0.2964329643296433,0.18942189421894218,0.4305043050430504,0,IRSUICTHNK,470
DAMTFXFLAG,128.52956446276946,2.247196702122392e-12,0.00011044258432554083,0.6678966789667896,0.33579335793357934,0.2853628536285363,0.4296842968429684,0,IRSUICTHNK,471
GRSKBNGDLY,7.610662913367534,3.1948318901129916e-12,0.0007711067786687209,0.06826568265682657,0.45694956949569493,0.7638376383763837,0.4296842968429684,0,IRSUICTHNK,472
SVYROPIMIS,131.00708517747097,3.308789530302447e-12,4.7209783045658366e-05,0.6728167281672817,0.4661746617466175,0.14883148831488316,0.42927429274292744,0,IRSUICTHNK,473
FUCRK21,94.17896053363303,3.068524987443006e-12,9.342785075025637e-05,0.5781057810578106,0.4440344403444034,0.2607626076260763,0.42763427634276346,0,IRSUICTHNK,474
BOOKED,25.147485962114065,3.014349556456257e-12,0.0004884318443364062,0.2066420664206642,0.43849938499384994,0.6359163591635917,0.42701927019270197,0,IRSUICTHNK,475
RXTRAMANY2,56.56634869207003,2.3117301080808614e-12,0.0003345216035067951,0.4071340713407134,0.3419434194341943,0.5301353013530136,0.4264042640426404,0,IRSUICTHNK,476
BMI2,1.8472926499549815,1.8697359123154322e-12,0.005978828492726328,0.014760147601476014,0.2742927429274293,0.988929889298893,0.42599425994259943,1,IRSUICTHNK,477
IRSEVSTMUNM,112.4552144545884,2.91731961686267e-12,7.844769084553324e-05,0.6309963099630996,0.42435424354243545,0.22263222632226323,0.42599425994259943,0,IRSUICTHNK,478
FUECSTMO18,76.55650574487551,3.3222954574922767e-12,0.00012634369683425396,0.4920049200492005,0.46740467404674046,0.3161131611316113,0.42517425174251744,0,IRSUICTHNK,479
FUSMKLSS18,28.37962931130544,3.505147876348097e-12,0.00033658329766317785,0.23985239852398524,0.5018450184501845,0.5338253382533825,0.4251742517425174,0,IRSUICTHNK,480
RXCODEANY2,45.332538303368985,2.159574884632499e-12,0.00046291280488837633,0.3284132841328413,0.3247232472324723,0.6211562115621156,0.42476424764247644,0,IRSUICTHNK,481
OPIIMFNMMN2,143.07554664549207,1.7224281215406916e-12,0.00012646470138045896,0.6986469864698647,0.25338253382533826,0.3173431734317343,0.4231242312423124,0,IRSUICTHNK,482
BKSEXNR,56.69637281225259,3.4742314419351367e-12,0.00015051593809238846,0.4095940959409594,0.4907749077490775,0.36531365313653136,0.4218942189421894,0,IRSUICTHNK,483
PIPFLAG,40.41510821172082,2.5262838859140393e-12,0.00040052446697388586,0.3124231242312423,0.37761377613776137,0.5756457564575646,0.4218942189421894,0,IRSUICTHNK,484
IRKI17_2,15.546764464248344,2.4301303008992306e-12,0.0007466695530968721,0.14637146371463713,0.3628536285362854,0.7527675276752768,0.42066420664206644,0,IRSUICTHNK,485
TOBALCMN,23.557325646416146,2.5309248562417735e-12,0.0006048525992091129,0.19557195571955718,0.37884378843788435,0.6863468634686347,0.42025420254202545,0,IRSUICTHNK,486
ANYNDLREC,65.76498485973437,3.694780539573641e-12,0.0001152349825865408,0.4440344403444034,0.5202952029520295,0.2939729397293973,0.41943419434194346,0,IRSUICTHNK,487
MJCMOTHMON,88.3220917190996,1.8213009592894665e-12,0.00021392762458022867,0.5498154981549815,0.2693726937269373,0.43911439114391143,0.41943419434194346,0,IRSUICTHNK,488
IRPYSEV5MTH,130.22570292914625,3.1775449013923714e-12,3.831439306014907e-05,0.6715867158671587,0.45510455104551045,0.12915129151291513,0.41861418614186147,0,IRSUICTHNK,489
BZONMYR,143.88391657451876,2.084456980091489e-12,8.333825777986543e-05,0.7011070110701108,0.3148831488314883,0.23370233702337023,0.4165641656416564,0,IRSUICTHNK,490
FUMETHAM18,84.65128252121754,3.166169244359522e-12,9.60510882244536e-05,0.5350553505535055,0.45141451414514144,0.26322263222632225,0.4165641656416564,0,IRSUICTHNK,491
UDYR5PNRANY2,150.9361498376485,2.3442184664256314e-12,5.916731094034512e-05,0.7244772447724477,0.34440344403444034,0.17835178351783518,0.4157441574415744,0,IRSUICTHNK,492
WTPOUND2,2.9348451154546065,1.886316245726672e-12,0.005281584104688137,0.023370233702337023,0.27921279212792127,0.9384993849938499,0.41369413694136936,1,IRSUICTHNK,493
IRFAMSSI,19.124772333239562,3.1493816569371512e-12,0.0004620190658767912,0.17343173431734318,0.44649446494464945,0.6199261992619927,0.4132841328413284,0,IRSUICTHNK,494
DRVINHERN,77.23387121141874,3.6930210227373384e-12,7.780265724124428e-05,0.4969249692496925,0.5190651906519065,0.22140221402214022,0.41246412464124643,0,IRSUICTHNK,495
HERMLU,78.69809883223554,3.7069435507859056e-12,6.817790592776588e-05,0.5104551045510455,0.5215252152521526,0.2054120541205412,0.41246412464124643,0,IRSUICTHNK,496
HPUSETOB,8.385135772248129,2.1536575520905816e-12,0.0009714724441206843,0.08056580565805659,0.32287822878228783,0.8327183271832719,0.41205412054120544,0,IRSUICTHNK,497
BKDRVINF,54.27021315459586,3.4742314419351367e-12,0.00014029439989662673,0.3936039360393604,0.4907749077490775,0.34809348093480935,0.4108241082410824,0,IRSUICTHNK,498
BKMVTHFT,52.72270682155821,3.4742314419351367e-12,0.00014945994239652297,0.3800738007380074,0.4907749077490775,0.36162361623616235,0.4108241082410824,0,IRSUICTHNK,499
METHNDAYPM,116.39149233985982,3.0919642972222998e-12,4.331397820695131e-05,0.6445264452644527,0.44526445264452646,0.14145141451414514,0.41041410414104146,0,IRSUICTHNK,500
ANYHLTI2,31.003260934162927,2.3653593727150848e-12,0.000465902244664631,0.25276752767527677,0.34932349323493234,0.6248462484624846,0.40897908979089787,0,IRSUICTHNK,501
WRKRSNNOT,14.903077791561389,3.369994955740423e-12,0.0004602303912383205,0.13161131611316113,0.4747847478474785,0.6174661746617466,0.40795407954079543,0,IRSUICTHNK,502
RSKHERWK,12.2095670618174,3.1577541384782238e-12,0.0005627133588402754,0.10762607626076261,0.4483394833948339,0.6642066420664207,0.4067240672406724,0,IRSUICTHNK,503
RXOXCOMIS,164.76563701642323,1.8771388717052895e-12,6.471617686426563e-05,0.7478474784747847,0.2767527675276753,0.1918819188191882,0.40549405494054946,0,IRSUICTHNK,504
UDYR5TRQANY,180.61689705941964,1.625518931961757e-12,6.749290562741801e-05,0.7687576875768758,0.24354243542435425,0.20418204182041821,0.40549405494054946,0,IRSUICTHNK,505
FLVVAPMON,85.98229698986937,1.9731556557042896e-12,0.00015996332783207214,0.5412054120541205,0.2939729397293973,0.3813038130381304,0.4054940549405494,0,IRSUICTHNK,506
HTINCHE2,3.148144521736612,1.7983542451914884e-12,0.0042083846526135655,0.024600246002460024,0.26691266912669126,0.9249692496924969,0.4054940549405494,1,IRSUICTHNK,507
GLUEEVER2,94.58244899170181,1.6389875439633717e-12,0.00016272643134209854,0.5830258302583026,0.24477244772447723,0.3874538745387454,0.4050840508405084,0,IRSUICTHNK,508
CDUFLAG,28.072520178304494,3.0161751226362407e-12,0.00034148455072721955,0.23616236162361623,0.44157441574415746,0.5362853628536285,0.4046740467404674,0,IRSUICTHNK,509
ALCMLU,11.032037976234843,2.6490896846519644e-12,0.0006661948119219842,0.0971709717097171,0.3985239852398524,0.7170971709717097,0.4042640426404264,0,IRSUICTHNK,510
CIG1PACK,32.017887441448934,3.656938614118495e-12,0.00020728167078478224,0.2644526445264453,0.5153751537515375,0.43296432964329645,0.4042640426404264,0,IRSUICTHNK,511
HPUSEALC,8.385135772248129,2.1536575520905816e-12,0.0008684052207247246,0.08056580565805659,0.32287822878228783,0.8056580565805658,0.40303403034030344,0,IRSUICTHNK,512
MJSKNYR,82.9556933230853,1.932498433583324e-12,0.00016578141872646877,0.5264452644526445,0.2890528905289053,0.3923739237392374,0.40262402624026244,0,IRSUICTHNK,513
BKOTH,39.62895857898617,3.4742314419351367e-12,0.00017608629818422034,0.3068880688806888,0.4907749077490775,0.4095940959409594,0.4024190241902419,0,IRSUICTHNK,514
OXYCNANYYR2,68.21131430464028,1.92060481508376e-12,0.0002359696360668089,0.45633456334563344,0.2878228782287823,0.4612546125461255,0.40180401804018034,0,IRSUICTHNK,515
BKSMASLT,40.785465989418086,3.4742314419351367e-12,0.00016862277852699976,0.31365313653136534,0.4907749077490775,0.3997539975399754,0.40139401394013935,0,IRSUICTHNK,516
GRSKHERWK,12.2095670618174,3.1577541384782238e-12,0.000516157222236473,0.10762607626076261,0.4483394833948339,0.6469864698646987,0.40098400984009847,0,IRSUICTHNK,517
BKLARCNY,49.28787234210196,3.4742314419351367e-12,0.00014804295312197151,0.34932349323493234,0.4907749077490775,0.3591635916359164,0.39975399753997537,0,IRSUICTHNK,518
CIGPDAY,31.792742935007464,3.650536983525751e-12,0.00019056874952281212,0.26322263222632225,0.5129151291512916,0.4194341943419434,0.3985239852398524,0,IRSUICTHNK,519
RXMORPANY2,78.13128028010493,1.7929267319419764e-12,0.0001851782420276721,0.5043050430504306,0.2644526445264453,0.4132841328413284,0.3940139401394014,0,IRSUICTHNK,520
BKSRVIOL,39.62895857898617,3.4742314419351367e-12,0.00016063715013652055,0.3068880688806888,0.4907749077490775,0.3837638376383764,0.39380893808938094,0,IRSUICTHNK,521
BKDRUG,49.20953532418042,3.4742314419351367e-12,0.00013544299452506982,0.34809348093480935,0.4907749077490775,0.34071340713407133,0.3931939319393194,0,IRSUICTHNK,522
CGRMON,47.18027482209491,1.8755462246757265e-12,0.0003742174788667842,0.34440344403444034,0.27552275522755226,0.5571955719557196,0.3923739237392374,0,IRSUICTHNK,523
RXBZOTMIS,135.97405358805435,2.018049794598711e-12,6.177642287627202e-05,0.6900369003690037,0.3025830258302583,0.18327183271832717,0.3919639196391964,0,IRSUICTHNK,524
SVYRCNSUNM,103.39179192232042,2.824827811581743e-12,4.972062097967154e-05,0.6027060270602707,0.4145141451414514,0.15867158671586715,0.3919639196391964,0,IRSUICTHNK,525
IMFNDLEVER,53.73237097383946,3.364186724299497e-12,0.00011939001686412031,0.3923739237392374,0.47293972939729395,0.3062730627306273,0.3905289052890529,0,IRSUICTHNK,526
IRPYSEV5COC,95.90060001650406,2.84774029081e-12,5.1077569014082264e-05,0.5854858548585485,0.4194341943419434,0.16359163591635917,0.3895038950389504,0,IRSUICTHNK,527
BKROB,52.22525024908467,3.4742314419351367e-12,0.00011517201695021001,0.3726937269372694,0.4907749077490775,0.29274292742927427,0.38540385403854044,0,IRSUICTHNK,528
HALLUCMON,112.20336737711422,1.8031949906355234e-12,9.043748526772759e-05,0.6260762607626076,0.26814268142681424,0.25092250922509224,0.3817138171381713,0,IRSUICTHNK,529
RXCLONANY,67.0065190848229,1.6521892865506645e-12,0.0002182285993003324,0.45264452644526443,0.24600246002460024,0.4440344403444034,0.38089380893808933,0,IRSUICTHNK,530
WRKSELFEM,10.450332177733388,1.7940210807700827e-12,0.0008143523870029433,0.09471094710947109,0.2656826568265683,0.7822878228782287,0.38089380893808933,0,IRSUICTHNK,531
SVYRTQSDMIS,128.25588043781946,2.7407812594001135e-12,1.6758838409750416e-05,0.6666666666666666,0.4071340713407134,0.06396063960639606,0.37925379253792535,0,IRSUICTHNK,532
HERFLAG,75.50811692665525,1.9326485693540523e-12,0.00014506805154756265,0.4858548585485855,0.2902829028290283,0.35424354243542433,0.3767937679376794,0,IRSUICTHNK,533
IRSEVSTMMIS,123.31655939500384,2.7070729206984186e-12,1.5197565363443583e-05,0.6580565805658056,0.4034440344403444,0.05904059040590406,0.3735137351373514,0,IRSUICTHNK,534
ALCYRBFR,9.799878893280747,1.9686149076539968e-12,0.0007258598895635144,0.0897908979089791,0.29274292742927427,0.7380073800738007,0.37351373513735137,0,IRSUICTHNK,535
WRK35WKUS,13.727589738579052,2.0508513369194043e-12,0.000592804182753507,0.12792127921279212,0.30996309963099633,0.6777367773677737,0.3718737187371874,0,IRSUICTHNK,536
BKDRUNK,45.68598910505167,3.4742314419351367e-12,0.0001085269805721188,0.3333333333333333,0.4907749077490775,0.28413284132841327,0.3694136941369413,0,IRSUICTHNK,537
SVYRTQSDUNM,80.38980729152286,2.707087384943522e-12,6.079827015299949e-05,0.5178351783517835,0.4046740467404674,0.1820418204182042,0.3681836818368183,0,IRSUICTHNK,538
ILLALCFLG,38.957436452529144,1.892057683615353e-12,0.0003237440801666544,0.29274292742927427,0.28044280442804426,0.5276752767527675,0.36695366953669534,0,IRSUICTHNK,539
IRSEVTRQUNM,98.0295081726555,2.6280282183620224e-12,3.121545752048236e-05,0.5891758917589176,0.3936039360393604,0.11808118081180811,0.36695366953669534,0,IRSUICTHNK,540
MJMTHYR,88.79281333950324,1.6702509459057046e-12,0.00011647922356906171,0.5535055350553506,0.24846248462484624,0.2964329643296433,0.36613366133661335,0,IRSUICTHNK,541
AIRDUSEVER2,92.0312347833647,1.5969830372980598e-12,0.00010504085545748944,0.5694956949569495,0.24108241082410825,0.27921279212792127,0.36326363263632633,0,IRSUICTHNK,542
UADMONY,61.39113329912129,3.0245404045928595e-12,7.624656102209221e-05,0.4280442804428044,0.44280442804428044,0.21525215252152521,0.36203362033620334,0,IRSUICTHNK,543
OPINMMON2,116.25636199172634,1.4789566441174224e-12,7.471613053345372e-05,0.6432964329643296,0.22878228782287824,0.21033210332103322,0.36080360803608036,0,IRSUICTHNK,544
INHNDAYPM2,75.9540373714368,2.63810059859815e-12,6.512875212980172e-05,0.4883148831488315,0.3960639606396064,0.1943419434194342,0.3595735957359574,0,IRSUICTHNK,545
OTHRTRQANY,69.4335179862039,1.5325539963450718e-12,0.00015881297800896915,0.46494464944649444,0.23370233702337023,0.3800738007380074,0.3595735957359574,0,IRSUICTHNK,546
INHALYR2,103.07066940682098,1.6593179915281887e-12,8.185975110074976e-05,0.6002460024600246,0.24723247232472326,0.22878228782287824,0.35875358753587533,0,IRSUICTHNK,547
RXALPRMIS,103.93068451980605,1.4758922832632326e-12,8.301830494335447e-05,0.6051660516605166,0.22755227552275523,0.23247232472324722,0.3550635506355064,0,IRSUICTHNK,548
STMNDAYPM,70.6867765583223,2.6299295899876496e-12,6.713380942832341e-05,0.46740467404674046,0.3948339483394834,0.2004920049200492,0.3542435424354244,0,IRSUICTHNK,549
ILTOBALCFG,39.50711596699761,1.7355364397531409e-12,0.00029673312469987475,0.3013530135301353,0.25830258302583026,0.4993849938499385,0.3530135301353014,0,IRSUICTHNK,550
SRCFRSTMNM,52.59965307171556,2.7707308607098345e-12,0.00010164468749887533,0.3769987699876999,0.4089790897908979,0.27060270602706027,0.3521935219352194,0,IRSUICTHNK,551
SRCCLFRPNR,56.46990083051995,2.826040404237535e-12,8.349727162521079e-05,0.4052890528905289,0.41635916359163594,0.23493234932349324,0.3521935219352193,0,IRSUICTHNK,552
IRUD5PNRMIS,133.1670490109619,1.4608322228445206e-12,4.7385906704048405e-05,0.6765067650676507,0.22509225092250923,0.15006150061500614,0.3505535055350553,0,IRSUICTHNK,553
METHAMMON,116.3914923413313,1.3547477391305418e-12,6.510213626915931e-05,0.6457564575645757,0.21279212792127922,0.1931119311193112,0.3505535055350553,0,IRSUICTHNK,554
IRSEVSEDMIS,114.43243053455095,2.2278080199670964e-12,2.009747411974853e-05,0.6359163591635917,0.33087330873308735,0.08364083640836409,0.3501435014350143,0,IRSUICTHNK,555
ANYNEDFLAG,88.13702184141633,2.050401615413093e-12,6.548077641549668e-05,0.5461254612546126,0.3075030750307503,0.19557195571955718,0.34973349733497333,0,IRSUICTHNK,556
SYNSTMREC,55.38761828121974,2.4737202236184244e-12,0.00010545037136626073,0.3972939729397294,0.37084870848708484,0.28044280442804426,0.34952849528495283,0,IRSUICTHNK,557
GASEVER2,83.11743264987372,1.4688518513096418e-12,0.00011465622179472676,0.5301353013530136,0.22632226322263221,0.2902829028290283,0.34891348913489134,0,IRSUICTHNK,558
HVYDRKMON,31.08654276634111,1.844675024040992e-12,0.0003147982909171151,0.25461254612546125,0.27183271832718325,0.5190651906519065,0.34850348503485035,0,IRSUICTHNK,559
HERSMOEVER,89.2220672536341,1.5127415311072812e-12,9.186695772889165e-05,0.5547355473554736,0.23247232472324722,0.25338253382533826,0.34686346863468637,0,IRSUICTHNK,560
LSDYR,107.52069126494668,1.4283304428489342e-12,6.704473797795035e-05,0.6162361623616236,0.22140221402214022,0.1992619926199262,0.3456334563345633,0,IRSUICTHNK,561
CRKFLAG,67.37578628997625,2.035601498215253e-12,0.00010307184856658102,0.45387453874538747,0.3050430504305043,0.2742927429274293,0.34440344403444034,0,IRSUICTHNK,562
IMFFLAG,122.63137479351764,1.4219310517337366e-12,4.7621786033862765e-05,0.6568265682656826,0.2201722017220172,0.15129151291512916,0.34276342763427636,0,IRSUICTHNK,563
PNRNMMON,115.03407121720397,1.4298815404064084e-12,5.309048735987809e-05,0.6383763837638377,0.22263222632226323,0.16605166051660517,0.34235342353423537,0,IRSUICTHNK,564
SEVYRSEDANY,94.07347532534966,2.5479545617901882e-12,1.8026966557151566e-05,0.5756457564575646,0.3813038130381304,0.07011070110701106,0.3423534235342353,0,IRSUICTHNK,565
ALCMDAYS,3.496226623341421,2.050535483596314e-12,0.0006017494753817069,0.028290282902829027,0.3087330873308733,0.6838868388683886,0.34030340303403034,0,IRSUICTHNK,566
PROBATON,23.801116348062642,2.8934380950587045e-12,0.00016782643899758437,0.1986469864698647,0.42127921279212793,0.3985239852398524,0.33948339483394835,0,IRSUICTHNK,567
ANYNEDYR,132.69561502867495,1.1686625699041345e-12,4.391429534216981e-05,0.6740467404674046,0.19557195571955718,0.14514145141451415,0.33825338253382536,0,IRSUICTHNK,568
RXHYDCMIS,74.20886009606204,1.4996408505579932e-12,0.00011826247928268103,0.48093480934809346,0.23001230012300122,0.3025830258302583,0.33784337843378437,0,IRSUICTHNK,569
IMFEVER,35.244339331033636,3.364186724299497e-12,9.42241776192989e-05,0.2767527675276753,0.47293972939729395,0.26199261992619927,0.3372283722837228,0,IRSUICTHNK,570
SRCCLFRSTM,52.59965307171556,2.7707308607098345e-12,8.044846957027803e-05,0.3769987699876999,0.4089790897908979,0.22509225092250923,0.3370233702337024,0,IRSUICTHNK,571
SMKLSSYR,36.872557481577196,1.7273028038212036e-12,0.00024562227922576705,0.2853628536285363,0.25461254612546125,0.4698646986469865,0.3366133661336614,0,IRSUICTHNK,572
MTHNEDEVER,86.16813310066917,1.5120695305282372e-12,8.483321526703742e-05,0.5424354243542435,0.23124231242312424,0.23616236162361623,0.3366133661336613,0,IRSUICTHNK,573
PROB,23.801116348062642,2.8934380950587045e-12,0.000163689997466397,0.1986469864698647,0.42127921279212793,0.3886838868388684,0.3362033620336204,0,IRSUICTHNK,574
NONABOVEV2,7.478735231516127,1.4000802385341335e-12,0.0006989566036458292,0.06027060270602706,0.21894218942189422,0.7281672816728167,0.3357933579335793,0,IRSUICTHNK,575
SPAINTEVER2,87.12096382935833,1.2905078510785667e-12,9.212267381499249e-05,0.5436654366543665,0.2091020910209102,0.25461254612546125,0.3357933579335793,0,IRSUICTHNK,576
RXOPPRNMMON,112.13114131005065,1.3578893302040249e-12,5.3500539984804015e-05,0.6248462484624846,0.2140221402214022,0.16728167281672818,0.3353833538335383,0,IRSUICTHNK,577
SYNMRJYR,115.89031564634439,9.438531203459247e-13,7.362450633877025e-05,0.6420664206642066,0.15744157441574416,0.2066420664206642,0.3353833538335383,0,IRSUICTHNK,578
IRUD5STMUNM,112.4552144538708,1.1801015867537905e-12,5.748570004112155e-05,0.6297662976629766,0.1980319803198032,0.17343173431734318,0.3337433374333743,0,IRSUICTHNK,579
IRPYSEV5HAL,92.40465662635847,2.394245572166676e-12,1.8041310595211374e-05,0.5719557195571956,0.35670356703567035,0.07134071340713408,0.3333333333333333,0,IRSUICTHNK,580
IRPYUD5MTH,125.50362201654272,1.4403304092985818e-12,2.8301268244624825e-05,0.6605166051660517,0.22386223862238622,0.10947109471094711,0.33128331283312834,0,IRSUICTHNK,581
SRCFRPNRNM,56.46990083051995,2.826040404237535e-12,4.350722684974426e-05,0.4052890528905289,0.41635916359163594,0.14268142681426815,0.32144321443214435,0,IRSUICTHNK,582
RXHYDMANY2,66.30506946453158,8.688212867750109e-13,0.00015461451110244793,0.44649446494464945,0.14514145141451415,0.3714637146371464,0.32103321033210336,0,IRSUICTHNK,583
DCIGMON,31.792742934992003,1.913315751081463e-12,0.00018587482821402085,0.26199261992619927,0.2853628536285363,0.4145141451414514,0.32062320623206236,0,IRSUICTHNK,584
IRSEVTRQMIS,81.58861444380403,2.454976695076881e-12,1.544074247695652e-05,0.5215252152521526,0.3677736777367774,0.06027060270602706,0.3165231652316523,0,IRSUICTHNK,585
FPIMFANYYR2,78.3472938356754,1.3126134225310227e-12,8.106128413369253e-05,0.5055350553505535,0.2115621156211562,0.22755227552275523,0.3148831488314883,0,IRSUICTHNK,586
IRUD5TRQUNM,98.02950817332663,8.908231008163142e-13,6.721023969941917e-05,0.5904059040590406,0.15006150061500614,0.2017220172201722,0.3140631406314063,0,IRSUICTHNK,587
MJONLYFLAG2,2.135039096296867,1.380733299733889e-12,0.0006492431572178832,0.017220172201722016,0.2177121771217712,0.7060270602706027,0.3136531365313653,0,IRSUICTHNK,588
KRATOMYR,88.30471634399262,1.2895196945873345e-12,6.039161658279086e-05,0.5485854858548586,0.2078720787207872,0.18081180811808117,0.3124231242312423,0,IRSUICTHNK,589
IRSEVPNRUNM2,34.69772530050228,2.6036870874319867e-12,9.616148986358502e-05,0.27552275522755226,0.3899138991389914,0.2644526445264453,0.30996309963099633,0,IRSUICTHNK,590
IRSEX,0.018705633740021953,1.04956454429182e-12,0.0007416734536202621,0.0012300123001230013,0.17835178351783518,0.7503075030750308,0.30996309963099633,0,IRSUICTHNK,591
SALVIAFLAG,52.79190155386868,1.5615152430467176e-12,0.00011819843216419112,0.3813038130381304,0.23985239852398524,0.3013530135301353,0.3075030750307503,0,IRSUICTHNK,592
CDNOCGMO,7.536128340738733,1.6174736079071023e-12,0.0004560710410357719,0.06642066420664207,0.24231242312423124,0.6125461254612546,0.3070930709307093,0,IRSUICTHNK,593
FPIMFNMYR,114.80660096494162,1.0042002388289408e-12,3.157432893454265e-05,0.6371463714637147,0.16236162361623616,0.11931119311193111,0.3062730627306273,0,IRSUICTHNK,594
IRUD5STMMIS,123.3165593955619,9.699288105708367e-13,2.5826814478270513e-05,0.6592865928659286,0.15867158671586715,0.1008610086100861,0.30627306273062727,0,IRSUICTHNK,595
UADCAG,41.83721810604041,2.565711871925432e-12,7.548308682406519e-05,0.3173431734317343,0.3849938499384994,0.2140221402214022,0.30545305453054533,0,IRSUICTHNK,596
KRATOMMON,80.7885303785023,8.911757146292635e-13,8.834588188531011e-05,0.5190651906519065,0.15129151291512916,0.24477244772447723,0.30504305043050434,0,IRSUICTHNK,597
SPEAKENGL,16.33760149568166,8.893118220021651e-13,0.0004553017351439233,0.15252152521525214,0.14883148831488316,0.6100861008610086,0.3038130381303813,0,IRSUICTHNK,598
SRCSEDNM2,68.58587688153021,2.3936077710976715e-12,2.211468894112333e-05,0.46002460024600245,0.35547355473554737,0.09225092250922509,0.3025830258302583,0,IRSUICTHNK,599
IRPYUD5COC,95.90060001568712,1.1105271674718096e-12,3.8633983834834626e-05,0.5842558425584256,0.18942189421894218,0.13161131611316113,0.30176301763017627,0,IRSUICTHNK,600
FUCRK18,54.63725378918916,2.3876365858728006e-12,4.7946897071349656e-05,0.3948339483394834,0.35424354243542433,0.15375153751537515,0.3009430094300943,0,IRSUICTHNK,601
SRCFRTRQNM,46.839938444592356,2.5520077486002643e-12,5.8042511914898036e-05,0.3413284132841328,0.38314883148831486,0.17589175891758918,0.3001230012300123,0,IRSUICTHNK,602
IRFAMPMT,15.14016819639702,2.41207880919065e-12,0.0001719431403858804,0.13653136531365315,0.36039360393603936,0.4022140221402214,0.2997129971299713,0,IRSUICTHNK,603
HIGHBPMED,18.840344075739594,7.750011760180893e-13,0.0004335601642844582,0.16912669126691268,0.12853628536285364,0.5965559655596556,0.2980729807298073,0,IRSUICTHNK,604
SRCCLFRTRQ,46.839938444592356,2.5520077486002643e-12,5.354918529461206e-05,0.3413284132841328,0.38314883148831486,0.16851168511685116,0.29766297662976626,0,IRSUICTHNK,605
HIGHBPEVR2,18.840344075739594,7.750011760180893e-13,0.00042396717131722687,0.16912669126691268,0.12853628536285364,0.5928659286592866,0.2968429684296843,0,IRSUICTHNK,606
SEDMAINRSN,30.048417298271907,2.4324021986831104e-12,9.956666318077077e-05,0.25092250922509224,0.3640836408364084,0.26814268142681424,0.2943829438294383,0,IRSUICTHNK,607
IRSYNSTMREC,59.298575529466,2.378523530281989e-12,2.6925253417145894e-05,0.42066420664206644,0.35178351783517836,0.1045510455104551,0.2923329233292333,0,IRSUICTHNK,608
ECSTMOYR,62.510673366399395,1.1766393987936588e-12,8.801489893728466e-05,0.43419434194341944,0.1968019680196802,0.24231242312423124,0.2911029110291103,0,IRSUICTHNK,609
IMFYR,108.59661940466684,8.602663062479793e-13,2.840730741359837e-05,0.6199261992619927,0.13899138991389914,0.11070110701107011,0.2898728987289873,0,IRSUICTHNK,610
DIABETEVR2,7.478735231516127,1.3777985631560532e-12,0.0004133125530942031,0.06027060270602706,0.21648216482164823,0.5830258302583026,0.2865928659286593,0,IRSUICTHNK,611
PSILCYMON,58.75390840023667,1.0197282704869597e-12,0.00010335957524506238,0.41697416974169743,0.16482164821648215,0.27552275522755226,0.28577285772857725,0,IRSUICTHNK,612
NMVSOEST,14.32037239849734,2.1876237413409417e-12,0.00016116935063222406,0.12915129151291513,0.32718327183271834,0.3862238622386224,0.2808528085280853,0,IRSUICTHNK,613
COCMDAYS,39.54035240978967,2.545175984937675e-12,4.909618713229471e-05,0.3025830258302583,0.3800738007380074,0.15744157441574416,0.2800328003280033,0,IRSUICTHNK,614
OTHAEREVER2,77.61200716273514,1.049846486464548e-12,4.986708103570435e-05,0.5006150061500615,0.1795817958179582,0.15990159901599016,0.28003280032800326,0,IRSUICTHNK,615
FUHER21,49.54920729389574,2.608337292169403e-12,2.2293748409889026e-05,0.35178351783517836,0.39114391143911437,0.09348093480934809,0.2788027880278802,0,IRSUICTHNK,616
PCPMLU,25.79828734661123,2.6776168016030496e-12,7.76785898891537e-05,0.2134071340713407,0.3997539975399754,0.2201722017220172,0.2777777777777778,0,IRSUICTHNK,617
SMKLSMDAYS,8.054029034349979,2.3630653757875855e-12,0.0001743269311470887,0.07626076260762607,0.34809348093480935,0.4059040590405904,0.2767527675276753,0,IRSUICTHNK,618
TOBALCFLG,16.4932290179669,6.999927360280433e-13,0.00037317211764727805,0.15375153751537515,0.11439114391143912,0.5559655596555966,0.2747027470274703,0,IRSUICTHNK,619
INHALMON2,75.95403737173835,9.008799774018087e-13,6.0036569208692204e-05,0.48954489544895446,0.15375153751537515,0.1795817958179582,0.2742927429274293,0,IRSUICTHNK,620
PAROLREL,11.272231157253195,2.3482987552569025e-12,0.00015750010729968921,0.1002460024600246,0.3462484624846248,0.3763837638376384,0.2742927429274293,0,IRSUICTHNK,621
TRQNDAYPM,46.292385004822954,2.3991250332619123e-12,3.22227827153175e-05,0.33825338253382536,0.35793357933579334,0.12054120541205413,0.2722427224272243,0,IRSUICTHNK,622
UDYR5SEDANY,94.0734753260309,8.107377885374223e-13,2.8284252103731997e-05,0.5768757687576875,0.13284132841328414,0.1070110701107011,0.27224272242722425,0,IRSUICTHNK,623
OXYCNNMYR,98.62721505984632,8.73716172200212e-13,1.87799288327327e-05,0.5916359163591636,0.14637146371463713,0.07749077490774908,0.2718327183271833,0,IRSUICTHNK,624
IRGHBREC,26.165220240602853,2.274877608126653e-12,9.039246089697556e-05,0.22509225092250923,0.33948339483394835,0.24969249692496925,0.2714227142271423,0,IRSUICTHNK,625
CLEFLUEVER2,74.41583784558955,1.0340533851884344e-12,4.835624522639539e-05,0.4821648216482165,0.17712177121771217,0.15498154981549817,0.27142271422714226,0,IRSUICTHNK,626
OTHRPNRANY2,17.159335139943654,1.009672886190233e-12,0.0002822512279449237,0.15990159901599016,0.16359163591635917,0.48954489544895446,0.27101271012710126,0,IRSUICTHNK,627
MILSTAT,20.6577141967279,1.3736233861983698e-12,0.0001750697241509574,0.1881918819188192,0.21525215252152521,0.4071340713407134,0.2701927019270192,0,IRSUICTHNK,628
KETMINYR,66.20701305670961,8.854926075722271e-13,7.724126175349708e-05,0.44526445264452646,0.14760147601476015,0.21648216482164823,0.2697826978269782,0,IRSUICTHNK,629
UADPLACE,26.727791988771013,2.3418485381286384e-12,7.914344386372167e-05,0.23247232472324722,0.34317343173431736,0.22386223862238622,0.26650266502665027,0,IRSUICTHNK,630
UADBWHO,29.91432865330754,2.4007972686052784e-12,6.316800901826251e-05,0.24846248462484624,0.3591635916359164,0.18696186961869618,0.2648626486264863,0,IRSUICTHNK,631
HERSNIEVER,50.90644832522438,1.2975410720230401e-12,7.725151606303151e-05,0.3640836408364084,0.21033210332103322,0.2177121771217712,0.26404264042640424,0,IRSUICTHNK,632
EDUSKPEST,5.834497758978537,2.10623108071084e-12,0.0001935426092911914,0.047355473554735544,0.3198031980319803,0.4231242312423124,0.2634276342763428,0,IRSUICTHNK,633
FUPCP21,28.888973121574917,2.5193171350485176e-12,5.165645845140865e-05,0.24231242312423124,0.3763837638376384,0.16482164821648215,0.2611726117261173,0,IRSUICTHNK,634
IRPYUD5HAL,92.40465662688848,6.570408936741199e-13,2.5499198177819835e-05,0.5731857318573186,0.10947109471094711,0.0984009840098401,0.26035260352603523,0,IRSUICTHNK,635
RXBUPRANY2,45.65562350955975,1.1368092304437037e-12,9.254213730711961e-05,0.33210332103321033,0.1906519065190652,0.2570725707257073,0.2599425994259943,0,IRSUICTHNK,636
SVYROPIUNM,31.249462573009314,2.5162733080074537e-12,4.577331430909619e-05,0.2570725707257073,0.3751537515375154,0.14760147601476015,0.2599425994259943,0,IRSUICTHNK,637
FUHER18,45.60687266588375,2.293428747957588e-12,2.8290232455142515e-05,0.33087330873308735,0.34071340713407133,0.10824108241082411,0.25994259942599424,0,IRSUICTHNK,638
MJMTHMON,45.56737855052346,8.175778654346163e-13,0.0001209085680875309,0.3296432964329643,0.13407134071340712,0.30996309963099633,0.25789257892578926,0,IRSUICTHNK,639
IRUD5SEDMIS,114.4324305342976,4.906685067572465e-13,1.0910844409030109e-05,0.6346863468634686,0.08856088560885608,0.04920049200492005,0.25748257482574827,0,IRSUICTHNK,640
EDUSCKEST,3.576806372748705,2.005502159294316e-12,0.0002094122528147045,0.02952029520295203,0.3001230012300123,0.43419434194341944,0.25461254612546125,0,IRSUICTHNK,641
COPDEVER2,7.478735231516127,2.0301892847575762e-12,0.00016693901178917931,0.06027060270602706,0.3038130381303813,0.3936039360393604,0.2525625256252562,0,IRSUICTHNK,642
HRTCONDYR,5.366030612120729,1.259504422561938e-12,0.0003052705223144945,0.041820418204182044,0.20602706027060272,0.5092250922509225,0.2523575235752358,0,IRSUICTHNK,643
RXMRLXANY,18.500419222462764,9.805026931215314e-13,0.00020124043094086913,0.16605166051660517,0.15990159901599016,0.43050430504305043,0.2521525215252152,0,IRSUICTHNK,644
PIPMON,38.982332348332974,7.55026704252229e-13,0.00013181743936179418,0.2939729397293973,0.12546125461254612,0.3333333333333333,0.25092250922509224,0,IRSUICTHNK,645
SYNSTMEVR,15.335851755485198,2.4737202236184244e-12,8.572391030106408e-05,0.14022140221402213,0.37084870848708484,0.23862238622386223,0.24989749897498972,0,IRSUICTHNK,646
RXCYCLANY,15.423896341839404,8.659962800393438e-13,0.00023468098635315545,0.14514145141451415,0.14145141451414514,0.46002460024600245,0.24887248872488724,0,IRSUICTHNK,647
SEDNMYR,69.34283783988663,6.734607381058716e-13,5.361811785551432e-05,0.46371463714637146,0.11193111931119311,0.16974169741697417,0.24846248462484624,0,IRSUICTHNK,648
HRTCONDEV2,7.478735231516127,1.259504422561938e-12,0.00026141074496139515,0.06027060270602706,0.20602706027060272,0.4784747847478475,0.24825748257482574,0,IRSUICTHNK,649
RXDIAZANY,36.79230115735093,1.0747039680513546e-12,9.717295837703322e-05,0.2829028290282903,0.1881918819188192,0.26691266912669126,0.24600246002460024,0,IRSUICTHNK,650
STMNMMON,70.68677655846147,8.927085469816483e-13,3.101884390077586e-05,0.46863468634686345,0.15252152521525214,0.11685116851168512,0.24600246002460024,0,IRSUICTHNK,651
MJPLLYR,49.41291832080095,8.512464605930915e-13,9.020973252859237e-05,0.3505535055350554,0.13653136531365315,0.24846248462484624,0.24518245182451825,0,IRSUICTHNK,652
SYNMRJMON,73.62546758523249,4.826271020850454e-13,5.067198628936193e-05,0.4797047970479705,0.08610086100861009,0.16236162361623616,0.24272242722427226,0,IRSUICTHNK,653
IRUD5TRQMIS,81.58861444322889,7.17773316438324e-13,2.135338071257955e-05,0.5202952029520295,0.11685116851168512,0.08856088560885608,0.2419024190241902,0,IRSUICTHNK,654
CAESOPSTOM,15.038349698033638,1.0614544144454064e-12,0.00016878067121606273,0.13530135301353013,0.1820418204182042,0.4009840098400984,0.23944239442394424,0,IRSUICTHNK,655
CAOTHER2,17.850248032981504,1.1454739605356333e-12,0.0001504266102083673,0.16113161131611317,0.1918819188191882,0.3640836408364084,0.23903239032390325,0,IRSUICTHNK,656
PAROL,11.272231157253195,2.3482987552569025e-12,9.991891891088052e-05,0.1002460024600246,0.3462484624846248,0.2693726937269373,0.23862238622386223,0,IRSUICTHNK,657
SYNSTMYR,93.28073289076875,3.8769205098466977e-13,1.744271353452532e-05,0.5744157441574416,0.07257072570725707,0.06888068880688807,0.23862238622386223,0,IRSUICTHNK,658
ALCMON,2.731525821062267,3.133375024481378e-13,0.0004877310986309553,0.01968019680196802,0.05904059040590406,0.6346863468634686,0.23780237802378024,0,IRSUICTHNK,659
ACTD2001,29.857825495789434,1.0643861588110934e-12,0.00010594316234143814,0.24600246002460024,0.18450184501845018,0.2816728167281673,0.23739237392373924,0,IRSUICTHNK,660
COMBATPY,21.638100542580048,9.827701837272611e-13,0.00014808994266742238,0.1906519065190652,0.16113161131611317,0.36039360393603936,0.23739237392373924,0,IRSUICTHNK,661
LGASEVER2,83.03810357531518,7.512425139870493e-13,1.4814726320483743e-05,0.5289052890528906,0.12423124231242312,0.056580565805658053,0.23657236572365725,0,IRSUICTHNK,662
HLNVREF,2.443114162181533,1.2090564682386536e-12,0.0002737909147339538,0.01845018450184502,0.2017220172201722,0.4858548585485855,0.23534235342353424,0,IRSUICTHNK,663
RXTRAMMIS,59.875029801600185,7.597252238600685e-13,4.7768588107359606e-05,0.42435424354243545,0.12669126691266913,0.15252152521525214,0.23452234522345225,0,IRSUICTHNK,664
SERVICE,19.802194058580717,3.2347037862491416e-13,0.00024070907123667772,0.1752767527675277,0.06273062730627306,0.46494464944649444,0.2343173431734317,0,IRSUICTHNK,665
CASKINDK,15.402796513394499,1.0661575820605405e-12,0.00015310906005662427,0.14391143911439114,0.1857318573185732,0.36900369003690037,0.23288232882328821,0,IRSUICTHNK,666
TQSDNMMON,61.12589877380522,8.286876671048133e-13,4.1103308924630454e-05,0.4268142681426814,0.13530135301353013,0.13653136531365315,0.23288232882328821,0,IRSUICTHNK,667
IMFMON,71.67738267367506,5.72416144674155e-13,3.630294301022087e-05,0.4710947109471095,0.0996309963099631,0.12669126691266913,0.23247232472324728,0,IRSUICTHNK,668
HLNVOFFR,1.7698050466394284,1.2090564682386536e-12,0.0002655821833875092,0.012300123001230012,0.2017220172201722,0.4833948339483395,0.23247232472324722,0,IRSUICTHNK,669
CATHYROID,15.599849194946696,1.0599670054900162e-12,0.00015197927731760798,0.14760147601476015,0.18081180811808117,0.3677736777367774,0.23206232062320623,0,IRSUICTHNK,670
HEPBCEVER2,7.478735231516127,2.428905229391142e-12,0.00010306693249842907,0.06027060270602706,0.36162361623616235,0.2730627306273063,0.23165231652316523,0,IRSUICTHNK,671
MJSKNMON,32.75719431719448,8.035813063625526e-13,0.00011781157757666503,0.2656826568265683,0.13038130381303814,0.2976629766297663,0.23124231242312424,0,IRSUICTHNK,672
IRCHMPUS,3.452420576184888,1.1518655964906736e-12,0.0002514925190523716,0.02706027060270603,0.1931119311193112,0.47232472324723246,0.2308323083230832,0,IRSUICTHNK,673
IRUD5PNRUNM2,34.697725300492486,8.664658808698692e-13,0.00010205463123224023,0.2742927429274293,0.14268142681426815,0.27183271832718325,0.22960229602296023,0,IRSUICTHNK,674
KIDNYDSEV2,7.478735231516127,1.720084575661873e-12,0.0001551062498486606,0.06027060270602706,0.2521525215252153,0.37392373923739236,0.22878228782287824,0,IRSUICTHNK,675
SOLVENEVER2,58.400575940094505,8.519772935042202e-13,3.873035242451109e-05,0.4157441574415744,0.13776137761377613,0.13284132841328414,0.2287822878228782,0,IRSUICTHNK,676
RXBUPRMIS,74.59518221334768,7.292075729915193e-13,1.9086280537426903e-05,0.4833948339483395,0.12177121771217712,0.07872078720787208,0.22796227962279625,0,IRSUICTHNK,677
ACTD7590,13.199868861058896,7.217117044303308e-13,0.0002129714028562585,0.12115621156211562,0.11931119311193111,0.43665436654366546,0.22570725707257075,0,IRSUICTHNK,678
WTANSWER,7.991921347268245,9.412208294651861e-13,0.00021884150186313064,0.07380073800738007,0.15621156211562115,0.44526445264452646,0.2250922509225092,0,IRSUICTHNK,679
CAKIDNEY,15.005047699193565,1.0672162116158768e-12,0.00014456785220423433,0.13345633456334563,0.18696186961869618,0.35301353013530135,0.2244772447724477,0,IRSUICTHNK,680
CHAMPUS,5.486668518658087,7.295263660242627e-13,0.00030055121418158054,0.04551045510455105,0.12300123001230012,0.5030750307503075,0.22386223862238622,0,IRSUICTHNK,681
ETHEREVER2,47.91471375306673,6.734757505381215e-13,7.504181440364202e-05,0.34686346863468637,0.11316113161131611,0.2115621156211562,0.22386223862238622,0,IRSUICTHNK,682
ACTDEVER,19.802194058580717,3.9186414306295327e-13,0.0001921620098939333,0.1752767527675277,0.07380073800738007,0.4218942189421894,0.22365723657236572,0,IRSUICTHNK,683
HLNVSOR,2.7359832752518534,1.2090564682386536e-12,0.00022044679953765566,0.020910209102091022,0.2017220172201722,0.44772447724477243,0.22345223452234522,0,IRSUICTHNK,684
SYNSTMFLAG,59.29857553030437,6.413197556695588e-13,4.211641446005253e-05,0.4218942189421894,0.10824108241082411,0.13776137761377613,0.22263222632226323,0,IRSUICTHNK,685
ALCFLAG,8.431706523059605,2.3602450805341203e-13,0.00035212428369713105,0.08241082410824108,0.04428044280442804,0.5399753997539976,0.22222222222222224,0,IRSUICTHNK,686
HLNVNEED,1.8740543373201963,1.2090564682386536e-12,0.00022068375734994572,0.015990159901599015,0.2017220172201722,0.4489544895448955,0.22222222222222224,0,IRSUICTHNK,687
IRPYSEV5INH,42.75147281541854,2.092373135689208e-12,3.5506477082679675e-06,0.3210332103321033,0.3173431734317343,0.01845018450184502,0.21894218942189422,0,IRSUICTHNK,688
CACOLNRECT,15.005047699193565,1.0625658817438907e-12,0.00013481739237414567,0.13345633456334563,0.18327183271832717,0.33948339483394835,0.21873718737187373,0,IRSUICTHNK,689
ACTDPRIV,13.199868861058896,9.376420446628998e-13,0.0001582515049234439,0.12115621156211562,0.15498154981549817,0.37761377613776137,0.21791717917179174,0,IRSUICTHNK,690
HLNVCOST,1.1222915550665495,1.2090564682386536e-12,0.00021561481461749904,0.00984009840098401,0.2017220172201722,0.4403444034440344,0.2173021730217302,0,IRSUICTHNK,691
OTHRSTMANY,23.359913170900125,5.311874255416307e-13,0.00014766453526038806,0.1943419434194342,0.09471094710947109,0.35793357933579334,0.21566215662156618,0,IRSUICTHNK,692
CACERVIX,10.314593388088534,1.5508505028058084e-12,0.00012116710087369746,0.09225092250922509,0.23739237392373924,0.3111931119311193,0.2136121361213612,0,IRSUICTHNK,693
COCMON,39.54035241057752,8.079608472734367e-13,6.730303114614094e-05,0.3038130381303813,0.13161131611316113,0.2029520295202952,0.21279212792127922,0,IRSUICTHNK,694
ACTD9001,13.199868861058896,7.217117044303308e-13,0.00016719909982987414,0.12115621156211562,0.11931119311193111,0.3948339483394834,0.2117671176711767,0,IRSUICTHNK,695
CAGALLIVPAN,13.405522489366183,1.0228850092020237e-12,0.00013380583220667564,0.12546125461254612,0.17097170971709716,0.33825338253382536,0.21156211562115623,0,IRSUICTHNK,696
CRKYDAYS,26.554403125896098,2.207127429498822e-12,1.8200850492817125e-05,0.23124231242312424,0.3296432964329643,0.07257072570725707,0.2111521115211152,0,IRSUICTHNK,697
CABLOLEULYM,13.242946161973377,1.0228850092020237e-12,0.00013320597188425077,0.12423124231242312,0.17097170971709716,0.3370233702337023,0.21074210742107422,0,IRSUICTHNK,698
SEDNDAYPM,38.754099100458305,2.0140144653090985e-12,8.717707958886987e-06,0.2896678966789668,0.3013530135301353,0.04059040590405904,0.21053710537105375,0,IRSUICTHNK,699
CAMOUTTHRO,16.973915569430734,1.1536898636122718e-12,0.00010363469034820298,0.15621156211562115,0.1943419434194342,0.2767527675276753,0.20910209102091024,0,IRSUICTHNK,700
CANCERYR,11.25920416014992,1.0228850092020237e-12,0.00014526438445534837,0.0984009840098401,0.17097170971709716,0.35547355473554737,0.2082820828208282,0,IRSUICTHNK,701
CALARYLUNG,12.32440911330773,1.0228850092020237e-12,0.00013688371651284338,0.11070110701107011,0.17097170971709716,0.3419434194341943,0.2078720787207872,0,IRSUICTHNK,702
NPCOLDYR,25.31589004789438,7.088798881410049e-13,0.00011795743768748522,0.2078720787207872,0.11562115621156212,0.2988929889298893,0.2074620746207462,0,IRSUICTHNK,703
PCPFLAG,21.675306194687952,8.62135437412795e-13,0.0001135936159433955,0.1918819188191882,0.14022140221402213,0.2890528905289053,0.2070520705207052,0,IRSUICTHNK,704
CANCEREVR2,7.478735231516127,1.0228850092020237e-12,0.00016087396188404514,0.06027060270602706,0.17097170971709716,0.3849938499384994,0.2054120541205412,0,IRSUICTHNK,705
LSDMON,67.92160732834894,4.4096040635287297e-13,1.933780802297923e-05,0.45510455104551045,0.07872078720787208,0.07995079950799508,0.2045920459204592,0,IRSUICTHNK,706
CABLADDER,13.171396747605513,1.0228850092020237e-12,0.00012860482751711374,0.11808118081180811,0.17097170971709716,0.3234932349323493,0.2041820418204182,0,IRSUICTHNK,707
CAUTERUS,4.399210666712806,1.5508505028058084e-12,0.00013263064133350508,0.03567035670356704,0.23739237392373924,0.33456334563345635,0.2025420254202542,0,IRSUICTHNK,708
OTHRSEDMIS2,77.44667090175466,3.275637814377516e-13,9.495997894148074e-06,0.4981549815498155,0.06396063960639606,0.04428044280442804,0.2021320213202132,0,IRSUICTHNK,709
HTANSWER,1.3209556650600967,1.9786068564801871e-13,0.00036487047238887053,0.01107011070110701,0.03936039360393604,0.5522755227552275,0.20090200902009017,0,IRSUICTHNK,710
CAMELANOM,11.51352546279413,1.0228850092020237e-12,0.00012840104008312846,0.1045510455104551,0.17097170971709716,0.3210332103321033,0.19885198851988517,0,IRSUICTHNK,711
IMFNEDFLAG,55.68759980023553,6.076684775061788e-13,2.1861386918300072e-05,0.4009840098400984,0.1033210332103321,0.0897908979089791,0.1980319803198032,0,IRSUICTHNK,712
FUPCP18,15.202282227050452,2.1419787881790073e-12,4.0243737032435694e-05,0.13776137761377613,0.3210332103321033,0.13530135301353013,0.19803198031980318,0,IRSUICTHNK,713
CELLWRKNG,3.9138577842032314,5.999747992231777e-13,0.00022905076929391867,0.03198031980319803,0.10209102091020911,0.45510455104551045,0.1963919639196392,0,IRSUICTHNK,714
HERYDAYS,25.639124031097452,2.079993854248876e-12,1.6997400884321988e-05,0.2091020910209102,0.3124231242312423,0.06519065190651907,0.1955719557195572,0,IRSUICTHNK,715
ACTDVIET,13.199868861058896,7.217117044303308e-13,0.0001398420644288798,0.12115621156211562,0.11931119311193111,0.3456334563345633,0.19536695366953669,0,IRSUICTHNK,716
CIRROSEVR2,7.478735231516127,2.202973765588352e-12,6.458286147242791e-05,0.06027060270602706,0.3284132841328413,0.1906519065190652,0.19311193111931121,0,IRSUICTHNK,717
IRSEVSEDUNM,20.13881022577198,2.0404304358019928e-12,2.1246254923150073e-05,0.18327183271832717,0.3062730627306273,0.08733087330873308,0.19229192291922922,0,IRSUICTHNK,718
HIVAIDSEV2,7.478735231516127,2.234451195345836e-12,6.245749903995681e-05,0.06027060270602706,0.33210332103321033,0.18450184501845018,0.19229192291922917,0,IRSUICTHNK,719
CASKINOTH,8.332071998479352,1.0228850092020237e-12,0.00012942058040754317,0.07872078720787208,0.17097170971709716,0.3247232472324723,0.19147191471914718,0,IRSUICTHNK,720
RXMTHPMIS,51.0387578901796,5.375292471980769e-13,2.9134044892914377e-05,0.36531365313653136,0.0959409594095941,0.11316113161131611,0.19147191471914718,0,IRSUICTHNK,721
CADRKHALL2,47.651215554468024,5.483553547906916e-13,3.693866765908502e-05,0.3456334563345633,0.0984009840098401,0.12792127921279212,0.1906519065190652,0,IRSUICTHNK,722
RXCODEMIS,26.15252334739241,6.380703574515882e-13,8.194030524545854e-05,0.22386223862238622,0.1070110701107011,0.23001230012300122,0.18696186961869618,0,IRSUICTHNK,723
HERNEDEVER,29.23370517696118,8.685127938125514e-13,5.696318561261411e-05,0.24354243542435425,0.14391143911439114,0.17220172201722017,0.18655186551865519,0,IRSUICTHNK,724
TRQNMMON,46.29238500461641,6.619855458559771e-13,2.8876119765296458e-05,0.3370233702337023,0.11070110701107011,0.11193111931119311,0.18655186551865519,0,IRSUICTHNK,725
CAOVARY,4.354471067151825,1.5508505028058084e-12,0.00011137525823358897,0.033210332103321034,0.23739237392373924,0.2865928659286593,0.1857318573185732,0,IRSUICTHNK,726
CABREAST,7.081048407516487,1.0228850092020237e-12,0.00013116102932147862,0.05289052890528905,0.17097170971709716,0.33087330873308735,0.1849118491184912,0,IRSUICTHNK,727
UADOTSP2,15.27019663037004,2.056367461102904e-12,2.6056672000191014e-05,0.13899138991389914,0.3111931119311193,0.10209102091020911,0.18409184091840922,0,IRSUICTHNK,728
RXMRLXMIS,43.066647692935454,4.5363898066462324e-13,4.519071288421233e-05,0.32226322263222634,0.08118081180811808,0.14637146371463713,0.18327183271832717,0,IRSUICTHNK,729
RXHYDMMIS,56.633854346528175,2.607767996421012e-13,2.121258030668052e-05,0.40836408364083643,0.04797047970479705,0.08610086100861009,0.18081180811808117,0,IRSUICTHNK,730
UADBUND,12.296081786884276,2.0009174663941455e-12,3.54516642142675e-05,0.10947109471094711,0.2976629766297663,0.12423124231242312,0.1771217712177122,0,IRSUICTHNK,731
SMKLSSMON,7.9484232953173475,6.25846708717707e-13,0.0001409004659835544,0.07257072570725707,0.1045510455104551,0.34932349323493234,0.17548175481754816,0,IRSUICTHNK,732
NOOPPRANYYR,0.4856077180987902,1.2841615079400097e-13,0.0002869251028629126,0.007380073800738007,0.02706027060270603,0.4907749077490775,0.17507175071750716,0,IRSUICTHNK,733
FUSTMNM21,20.541010176807788,1.912406236245976e-12,1.2309683585109769e-05,0.18696186961869618,0.28413284132841327,0.05166051660516605,0.17425174251742515,0,IRSUICTHNK,734
GHBFLAG,26.16522024183466,5.377629472379085e-13,6.6759390172834e-05,0.22632226322263221,0.0971709717097171,0.1980319803198032,0.17384173841738418,0,IRSUICTHNK,735
IRPYSEV5HER,18.281404334960865,1.98650720644661e-12,1.4276309739928828e-05,0.16359163591635917,0.2952029520295203,0.05412054120541206,0.1709717097170972,0,IRSUICTHNK,736
RXANORANY,10.393485913037335,4.928202286473941e-13,0.00013009878603215832,0.09348093480934809,0.0910209102091021,0.3284132841328413,0.17097170971709716,0,IRSUICTHNK,737
CAPROSTEST,5.254766795158767,1.532926040706573e-12,8.288798478755648e-05,0.03936039360393604,0.23493234932349324,0.23124231242312424,0.1685116851168512,0,IRSUICTHNK,738
RXZOLPANY,6.514651878703157,4.939661714600048e-13,0.00013969232924093399,0.05166051660516605,0.09225092250922509,0.34440344403444034,0.16277162771627715,0,IRSUICTHNK,739
FUTRQNM21,20.40247145689583,1.848341680295668e-12,5.112513829960234e-06,0.18450184501845018,0.2730627306273063,0.023370233702337023,0.16031160311603118,0,IRSUICTHNK,740
RXCYCLMIS,36.84794264830414,3.9745292644694247e-13,3.35884635164451e-05,0.28413284132841327,0.07503075030750307,0.12177121771217712,0.16031160311603115,0,IRSUICTHNK,741
RXBZOSANY,31.38468340638887,5.78684497450432e-13,3.072293634581356e-05,0.25953259532595324,0.1008610086100861,0.11439114391143912,0.15826158261582615,0,IRSUICTHNK,742
RXMTDNANY2,21.194751370318222,4.888406794959378e-13,6.3515934894925e-05,0.18942189421894218,0.08733087330873308,0.1881918819188192,0.15498154981549814,0,IRSUICTHNK,743
FUPNRNM21,17.08377235702353,1.899130079918774e-12,5.264022628947848e-06,0.15744157441574416,0.2816728167281673,0.024600246002460024,0.15457154571545717,0,IRSUICTHNK,744
RXOXYMANY2,27.685205926006876,4.604156074140061e-13,3.831509991648749e-05,0.23370233702337023,0.08241082410824108,0.13038130381303814,0.14883148831488316,0,IRSUICTHNK,745
MJPLLMON,28.475759047752447,4.106948781266434e-13,3.625282828767347e-05,0.24108241082410825,0.07749077490774908,0.12546125461254612,0.14801148011480114,0,IRSUICTHNK,746
IRPYUD5INH,42.751472813671825,3.551667011318815e-13,1.4725379655999261e-05,0.3198031980319803,0.06765067650676507,0.055350553505535055,0.14760147601476015,0,IRSUICTHNK,747
RXLORAMIS,39.895986694593574,4.44613530299805e-13,1.032541584636124e-05,0.30996309963099633,0.07995079950799508,0.046740467404674045,0.14555145551455514,0,IRSUICTHNK,748
SYNSTMMON,38.754099100458305,1.8874090597278012e-13,2.7891166336581737e-05,0.2896678966789668,0.03690036900369004,0.1057810578105781,0.14411644116441166,0,IRSUICTHNK,749
RXCLONMIS,31.357956133032516,4.614221487794247e-13,2.0433833016836692e-05,0.25830258302583026,0.08364083640836409,0.08487084870848709,0.14227142271422716,0,IRSUICTHNK,750
MESCEVER,7.155802555270568,4.924371628159177e-13,0.00010771544645820592,0.05412054120541206,0.0897908979089791,0.2829028290282903,0.14227142271422713,0,IRSUICTHNK,751
RXTEMAANY,23.959571983222187,3.603686706055692e-13,4.379812511010038e-05,0.2004920049200492,0.06888068880688807,0.14391143911439114,0.13776137761377613,0,IRSUICTHNK,752
CRKMDAYS,11.448110075086,1.9006629893538432e-12,5.354699565209657e-06,0.1033210332103321,0.2829028290282903,0.025830258302583026,0.13735137351373514,0,IRSUICTHNK,753
RXDIAZMIS,36.626484113619135,4.1034446153570314e-13,1.2293272806555316e-05,0.2816728167281673,0.07626076260762607,0.05043050430504305,0.13612136121361215,0,IRSUICTHNK,754
COCNEDEVER,18.636932900033095,6.317606004016438e-13,4.023928984239627e-05,0.16728167281672818,0.1057810578105781,0.13407134071340712,0.13571135711357116,0,IRSUICTHNK,755
HERMDAYS,9.209765579601951,1.8814301576156302e-12,9.033269799727776e-06,0.08610086100861009,0.2779827798277983,0.041820418204182044,0.13530135301353013,0,IRSUICTHNK,756
SEDNMMON,37.989596290157266,2.7686945999947593e-13,1.564093877544497e-05,0.2878228782287823,0.05289052890528905,0.06150061500615006,0.13407134071340712,0,IRSUICTHNK,757
RXMORPMIS,38.7548006235911,3.792193607484837e-13,6.95827172733111e-06,0.2915129151291513,0.07134071340713408,0.03690036900369004,0.13325133251332513,0,IRSUICTHNK,758
CRKYR,26.554403125398796,4.699093650345763e-13,1.8382382993884712e-05,0.23001230012300122,0.08487084870848709,0.07626076260762607,0.13038130381303814,0,IRSUICTHNK,759
IINPCOLDREC,4.367605219670894,2.625446323075515e-13,0.00011918247469150268,0.03444034440344403,0.05043050430504305,0.3038130381303813,0.12956129561295612,0,IRSUICTHNK,760
PCPYR,41.25164356379191,2.196489426176597e-13,6.083314912078364e-06,0.3161131611316113,0.041820418204182044,0.028290282902829027,0.12874128741287413,0,IRSUICTHNK,761
OTHRPNRMIS,20.4944778564577,2.804372614523917e-13,4.240809754360714e-05,0.1857318573185732,0.05412054120541206,0.13899138991389914,0.12628126281262814,0,IRSUICTHNK,762
CADRKMETH2,27.86172847996503,3.1753907448708733e-13,1.954160159531055e-05,0.23493234932349324,0.06027060270602706,0.08241082410824108,0.12587125871258711,0,IRSUICTHNK,763
OTHRSTMMIS,40.119102566796975,1.360774028731921e-13,5.539606720885117e-06,0.3111931119311193,0.02952029520295203,0.02706027060270603,0.12259122591225913,0,IRSUICTHNK,764
OTHRTRQMIS,28.28601892155456,1.1699909363699984e-13,2.3752085897121727e-05,0.23739237392373924,0.023370233702337023,0.0959409594095941,0.11890118901189013,0,IRSUICTHNK,765
PEYOTEEVER,8.006361892182765,5.057157890485766e-13,6.248935393296444e-05,0.07503075030750307,0.09348093480934809,0.1857318573185732,0.11808118081180811,0,IRSUICTHNK,766
RXDEMEANY2,22.754766870736916,3.203082302882761e-13,2.53842275474655e-05,0.1931119311193112,0.06150061500615006,0.0971709717097171,0.11726117261172612,0,IRSUICTHNK,767
MJOTHYR,29.8942855665481,3.2834399533490075e-13,7.084699504574285e-06,0.24723247232472326,0.06519065190651907,0.038130381303813035,0.1168511685116851,0,IRSUICTHNK,768
DAMTFXYR,25.035114003460148,3.7801272256207455e-13,1.734739694292425e-05,0.2054120541205412,0.07011070110701106,0.06765067650676507,0.11439114391143912,0,IRSUICTHNK,769
IRUD5SEDUNM,20.138810225287617,3.0321366261546255e-13,2.1926348018187036e-05,0.1820418204182042,0.056580565805658053,0.0910209102091021,0.1098810988109881,0,IRSUICTHNK,770
KETMINMON,25.92813223821912,2.613126863572632e-13,1.3104304601508423e-05,0.22263222632226323,0.04920049200492005,0.05289052890528905,0.1082410824108241,0,IRSUICTHNK,771
RXESZOANY,10.681600701038915,3.0399404634547164e-13,5.056100960595977e-05,0.0959409594095941,0.05781057810578106,0.16113161131611317,0.10496104961049611,0,IRSUICTHNK,772
NPCOLDMON,10.21398551480018,2.6636725951278897e-13,5.437411985486097e-05,0.0910209102091021,0.05166051660516605,0.17097170971709716,0.10455104551045509,0,IRSUICTHNK,773
IRPYUD5HER,18.281404334995475,2.494041152310082e-13,2.5580894565324993e-05,0.16482164821648215,0.046740467404674045,0.0996309963099631,0.1037310373103731,0,IRSUICTHNK,774
ECSTMOMON,17.140743539601296,2.864558614235883e-13,2.241251150905431e-05,0.15867158671586715,0.055350553505535055,0.09471094710947109,0.1029110291102911,0,IRSUICTHNK,775
SRCFRSEDNM,0.2414059386440882,1.7279829802819097e-12,1.0080626643533342e-05,0.004920049200492005,0.2564575645756458,0.04551045510455105,0.1022960229602296,0,IRSUICTHNK,776
HERYR,25.639124032668605,3.4278035223206623e-13,6.121577061147798e-06,0.21033210332103322,0.06642066420664207,0.02952029520295203,0.10209102091020911,0,IRSUICTHNK,777
HLCALL99,0.7542200148630487,1.7447474427644245e-12,6.681844476776426e-06,0.008610086100861008,0.26199261992619927,0.03444034440344403,0.1016810168101681,0,IRSUICTHNK,778
FUSTMNM18,2.9167926713796444,1.7453978225421616e-12,2.0210227190426516e-06,0.02214022140221402,0.26322263222632225,0.017220172201722016,0.10086100861008608,0,IRSUICTHNK,779
SRCCLFRSED,0.3218837768108318,1.7279829802819097e-12,6.633455328868234e-06,0.006150061500615006,0.2564575645756458,0.033210332103321034,0.0986059860598606,0,IRSUICTHNK,780
FUPNRNM18,1.788129565780279,1.7419194952613685e-12,3.615387003119983e-07,0.013530135301353014,0.2607626076260763,0.00984009840098401,0.09471094710947109,0,IRSUICTHNK,781
CADRKCOCN2,16.5095384684771,2.3872395973114753e-13,1.835059654452236e-05,0.15498154981549817,0.04551045510455105,0.07503075030750307,0.09184091840918408,0,IRSUICTHNK,782
RXOXYMMIS,15.336484219938905,1.34733043287697e-13,2.620103718320634e-05,0.14145141451414514,0.028290282902829027,0.1033210332103321,0.0910209102091021,0,IRSUICTHNK,783
FUSEDNM21,0.08046407261339804,1.7181303315865868e-12,1.3821222485261482e-06,0.003075030750307503,0.25092250922509224,0.013530135301353014,0.08917589175891759,0,IRSUICTHNK,784
RXTRIAANY,11.871228677154074,2.351656177361748e-13,3.080397547166282e-05,0.1057810578105781,0.04305043050430504,0.11562115621156212,0.08815088150881507,0,IRSUICTHNK,785
CADRKHERN2,26.294000918008475,1.135119996228534e-13,3.642284596255806e-07,0.22755227552275523,0.02214022140221402,0.01107011070110701,0.08692086920869209,0,IRSUICTHNK,786
FUTRQNM18,0.08046407261339804,1.717880713979348e-12,0.0,0.003075030750307503,0.24969249692496925,0.0036900369003690036,0.0854858548585486,0,IRSUICTHNK,787
GHBYR,18.84252659820336,1.7266829665862395e-13,6.6252240592671455e-06,0.17097170971709716,0.03567035670356704,0.03198031980319803,0.07954079540795407,0,IRSUICTHNK,788
RXPROVANY,12.778451367282159,2.1049830186977606e-13,1.9400217664745e-05,0.11685116851168512,0.04059040590405904,0.08118081180811808,0.07954079540795407,0,IRSUICTHNK,789
RXBARBMIS,24.871554649754103,3.9139556120852805e-14,1.622344319733031e-07,0.20418204182041821,0.006150061500615006,0.008610086100861008,0.07298072980729807,0,IRSUICTHNK,790
NOOPPRNMYR,5.313665323785606,1.1179596707460192e-13,4.881139537188136e-05,0.04059040590405904,0.020910209102091022,0.15621156211562115,0.07257072570725707,0,IRSUICTHNK,791
RXBARBANY,5.445882256806795,1.3659019138844614e-13,4.281923327744823e-05,0.04305043050430504,0.03075030750307503,0.14022140221402213,0.07134071340713406,0,IRSUICTHNK,792
SALVIAYR,16.241256603506457,1.0968367298730397e-13,8.406410662419586e-06,0.15067650676506766,0.01968019680196802,0.03936039360393604,0.06990569905699058,0,IRSUICTHNK,793
RXFLURANY,17.884354477620153,8.370020233991369e-14,4.738447839809257e-06,0.16236162361623616,0.014760147601476014,0.020910209102091022,0.06601066010660106,0,IRSUICTHNK,794
CRKMON,11.448110072290458,1.6344492493715308e-13,1.5147062182907765e-05,0.10209102091020911,0.033210332103321034,0.05781057810578106,0.06437064370643707,0,IRSUICTHNK,795
RXBZOSMIS,16.241256603506457,8.998377997531968e-14,4.8063429564632716e-06,0.15067650676506766,0.01845018450184502,0.02214022140221402,0.06375563755637557,0,IRSUICTHNK,796
RXZOLPMIS,9.566223468168182,1.9065861004644796e-13,1.605974943614362e-05,0.08733087330873308,0.038130381303813035,0.06273062730627306,0.06273062730627306,0,IRSUICTHNK,797
RXZOHYANY2,8.154186847935158,1.7104118892369466e-13,1.8332923774073878e-05,0.07749077490774908,0.03444034440344403,0.07380073800738007,0.06191061910619106,0,IRSUICTHNK,798
HERMON,9.209765578221878,1.4423876189221094e-13,1.710785583141659e-05,0.08487084870848709,0.03198031980319803,0.06642066420664207,0.061090610906109066,0,IRSUICTHNK,799
RXZALEANY,5.1054340771040545,8.019626122558347e-14,3.445598355529906e-05,0.03690036900369004,0.012300123001230012,0.12300123001230012,0.05740057400574006,0,IRSUICTHNK,800
GHBMON,13.606900306752058,1.2042775397518442e-13,4.068777080766166e-06,0.12669126691266913,0.024600246002460024,0.01968019680196802,0.05699056990569906,0,IRSUICTHNK,801
RXSOMAMIS,15.383353879226975,6.674759394210144e-14,1.612053886576883e-06,0.14268142681426815,0.00984009840098401,0.015990159901599015,0.056170561705617066,0,IRSUICTHNK,802
RXESZOMIS,12.431362778435846,7.048579578230123e-14,9.20618869066404e-06,0.11316113161131611,0.01107011070110701,0.04305043050430504,0.05576055760557606,0,IRSUICTHNK,803
RXANORMIS,12.431362778435846,8.1841204525869e-14,6.854084968129331e-06,0.11316113161131611,0.013530135301353014,0.03567035670356704,0.054120541205412064,0,IRSUICTHNK,804
RXDEMEMIS,12.739675231511665,5.882062387781965e-14,1.3131465218091989e-21,0.11562115621156212,0.008610086100861008,0.007380073800738007,0.04387043870438704,0,IRSUICTHNK,805
CADRKINHL2,8.946122453725124,8.530272237713865e-14,6.428787500525479e-06,0.08364083640836409,0.015990159901599015,0.03075030750307503,0.043460434604346045,0,IRSUICTHNK,806
RXPROVMIS,12.431362778435846,2.4771561438350663e-14,0.0,0.11316113161131611,0.0012300123001230013,0.0036900369003690036,0.03936039360393604,0,IRSUICTHNK,807
RXSOMAANY,5.454999141566356,1.271262326903281e-13,1.0674467381420048e-05,0.04428044280442804,0.025830258302583026,0.04797047970479705,0.03936039360393604,0,IRSUICTHNK,808
RXZOHYMIS,7.689097155236405,3.203841215199392e-14,0.0,0.07072570725707257,0.004920049200492005,0.0036900369003690036,0.02644526445264453,0,IRSUICTHNK,809
PCPMON,7.689097155236405,2.865504781368429e-14,0.0,0.07072570725707257,0.0024600246002460025,0.0036900369003690036,0.025625256252562525,0,IRSUICTHNK,810
DAMTFXMON,6.38245841096777,5.696306941929043e-14,1.0841169341871284e-06,0.05043050430504305,0.007380073800738007,0.012300123001230012,0.023370233702337023,0,IRSUICTHNK,811
RXMTDNMIS,5.241577770042115,8.537380213847735e-14,1.4601015956407262e-06,0.038130381303813035,0.017220172201722016,0.014760147601476014,0.023370233702337023,0,IRSUICTHNK,812
SALVIAMON,5.834497758978537,3.1808937318038924e-14,0.0,0.047355473554735544,0.0036900369003690036,0.0036900369003690036,0.018245182451824517,0,IRSUICTHNK,813
CAMHRCVR,835.5777276709977,3.708026861323662e-11,0.023404356483632854,0.9981549815498155,0.9575645756457565,1.0,0.9852398523985241,3,IRSUIPLANYR,1
CAMHPROB,835.5777276709977,3.708026861323662e-11,0.020131950780617275,0.9981549815498155,0.9575645756457565,0.998769987699877,0.9848298482984831,3,IRSUIPLANYR,2
CAMHPROB2,872.6683833175343,3.3461971562866054e-11,0.014255512331623085,1.0,0.9544895448954489,0.997539975399754,0.984009840098401,3,IRSUIPLANYR,3
NMERTMT2,296.68439402154576,1.232509827539531e-10,0.0066898724251516,0.968019680196802,0.9630996309963099,0.993849938499385,0.974989749897499,3,IRSUIPLANYR,4
UD5ILLANY,589.0882834781105,1.9886764376903982e-11,0.006738986163440106,0.996309963099631,0.9274292742927429,0.995079950799508,0.972939729397294,3,IRSUIPLANYR,5
UD5ILALANY,485.62717418542485,2.1802165242573145e-11,0.006049069990296786,0.991389913899139,0.942189421894219,0.985239852398524,0.9729397293972939,3,IRSUIPLANYR,6
SVYRDUDANY,589.0882834780999,2.334220632879094e-11,0.0053555649983379845,0.995079950799508,0.9446494464944649,0.949569495694957,0.96309963099631,3,IRSUIPLANYR,7
SVYRSUDANY,485.62717418544577,2.5257607194409684e-11,0.004180236501218212,0.992619926199262,0.949569495694957,0.9188191881918819,0.9536695366953669,3,IRSUIPLANYR,8
DRVINDETAG,269.9810481375264,2.1470031294383408e-11,0.005405169532838017,0.9551045510455105,0.9378843788437884,0.9606396063960639,0.951209512095121,3,IRSUIPLANYR,9
NMNGTHS2,179.9676117251344,3.3962206008601424e-08,0.0061255640485405405,0.8720787207872078,0.985239852398524,0.9876998769987699,0.9483394833948339,2,IRSUIPLANYR,10
CATAG2,269.9810481375264,2.1470031294383408e-11,0.004354280425201128,0.9551045510455105,0.9378843788437884,0.9212792127921279,0.938089380893809,3,IRSUIPLANYR,11
NICVAPYR,353.50182668641156,1.8165303389513444e-11,0.0035932115448978658,0.980319803198032,0.922509225092251,0.9114391143911439,0.938089380893809,3,IRSUIPLANYR,12
MRJAGLST,206.2115767877681,2.4784357955781925e-11,0.005390715602050681,0.9028290282902829,0.948339483394834,0.955719557195572,0.935629356293563,3,IRSUIPLANYR,13
DRVINAGE,269.9810481375264,2.1470031294383408e-11,0.0028693004603178034,0.9551045510455105,0.9378843788437884,0.9028290282902829,0.9319393193931939,3,IRSUIPLANYR,14
FUNICVAP21,351.895211392599,2.0066835388349194e-11,0.0019310951074825227,0.9790897908979089,0.9286592865928659,0.8856088560885609,0.931119311193112,2,IRSUIPLANYR,15
SEXAGE,269.9810481375264,2.1470031294383408e-11,0.0026912652212753565,0.9551045510455105,0.9378843788437884,0.9003690036900369,0.931119311193112,3,IRSUIPLANYR,16
IRPYSEV5MRJ,409.488965363598,1.8068570113607975e-11,0.0017908159693089737,0.9876998769987699,0.9200492004920049,0.8794587945879458,0.9290692906929069,2,IRSUIPLANYR,17
INHLAGLST,154.33946849422765,7.464430402308697e-09,0.005547929675506795,0.8345633456334564,0.982779827798278,0.968019680196802,0.9284542845428455,2,IRSUIPLANYR,18
ILLYR,281.76282140425707,1.810196121127852e-11,0.0028170465061284795,0.9618696186961869,0.9212792127921279,0.9015990159901599,0.9282492824928249,3,IRSUIPLANYR,19
LVLDIFCOMM2,401.7299724733494,1.4294640579045628e-11,0.004508133817624804,0.985239852398524,0.8757687576875769,0.923739237392374,0.9282492824928249,2,IRSUIPLANYR,20
HALLYRLST,165.5350015364848,4.533747063650496e-09,0.0053448140979206835,0.8542435424354243,0.980319803198032,0.948339483394834,0.9276342763427635,2,IRSUIPLANYR,21
NICVAPFLAG,292.8552190881299,1.9220280812290023e-11,0.001936917670120011,0.964329643296433,0.9261992619926199,0.8868388683886839,0.9257892578925789,2,IRSUIPLANYR,22
NICVPMDAYS,295.1651331021117,1.820841651175733e-11,0.0018766058394779645,0.966789667896679,0.923739237392374,0.8831488314883149,0.924559245592456,2,IRSUIPLANYR,23
CATAGE,225.37251324566387,2.0186705153520862e-11,0.00361315835372941,0.9268142681426814,0.9317343173431735,0.9126691266912669,0.923739237392374,3,IRSUIPLANYR,24
LSDAGLST,140.35699721818816,3.999032905968325e-09,0.00594060342688247,0.8081180811808119,0.9790897908979089,0.982779827798278,0.9233292332923329,2,IRSUIPLANYR,25
CATAG7,225.37251324566387,2.0186705153520862e-11,0.0031919160858559577,0.9268142681426814,0.9317343173431735,0.9089790897908979,0.9225092250922509,3,IRSUIPLANYR,26
IRPYUD5MRJ,409.4889653635892,1.4613136425464e-11,0.0022405845739545036,0.986469864698647,0.8806888068880688,0.8942189421894219,0.920459204592046,1,IRSUIPLANYR,27
LVLDIFMEM2,499.6946417406069,1.2696591129133773e-11,0.0031980674245198036,0.993849938499385,0.8499384993849939,0.9102091020910209,0.9179991799918,2,IRSUIPLANYR,28
LVLDIFCARE2,437.5325648553605,1.2591144421977746e-11,0.004152929990294891,0.988929889298893,0.8462484624846248,0.9175891758917589,0.9175891758917589,2,IRSUIPLANYR,29
FUNICVAP18,287.8750406230159,1.5161249038624025e-11,0.002253692026985842,0.9630996309963099,0.8905289052890529,0.8954489544895449,0.9163591635916358,1,IRSUIPLANYR,30
ILIMFOTHMN,258.4130869990519,1.6372332169354548e-11,0.0019244451814901893,0.95079950799508,0.9077490774907749,0.8843788437884379,0.9143091430914309,2,IRSUIPLANYR,31
HEALTH2,274.197444823392,1.3780383819187548e-11,0.0037513526872870297,0.959409594095941,0.8683886838868389,0.9138991389913899,0.9138991389913899,2,IRSUIPLANYR,32
ILIMFOTHYR,232.44519097827396,1.6911627411982818e-11,0.0021381326183521933,0.931119311193112,0.9138991389913899,0.8917589175891759,0.9122591225912259,2,IRSUIPLANYR,33
NICVAPMON,295.16513310209314,1.4752977744698618e-11,0.0020688846951704603,0.965559655596556,0.8819188191881919,0.8892988929889298,0.9122591225912259,1,IRSUIPLANYR,34
LSDYLU,140.35699721818816,2.1621776822327754e-11,0.005787448456155644,0.8081180811808119,0.940959409594096,0.97539975399754,0.9081590815908159,2,IRSUIPLANYR,35
ECSTMOAGL,113.06594902248077,4.27068574658951e-07,0.005934534423287618,0.7404674046740467,0.996309963099631,0.981549815498155,0.906109061090611,2,IRSUIPLANYR,36
ILLEMFLAG2,237.6194696885698,1.6750693134561283e-11,0.0014891287006076604,0.940959409594096,0.9114391143911439,0.8646986469864698,0.9056990569905699,2,IRSUIPLANYR,37
ENRLCOLLFT2,199.41556606822763,1.64484335084047e-11,0.0029837744416979415,0.897908979089791,0.9095940959409594,0.9077490774907749,0.9050840508405084,2,IRSUIPLANYR,38
ILLEMYR2,324.8538219512947,1.3683214286845233e-11,0.0016323946213607891,0.974169741697417,0.8659286592865929,0.8708487084870848,0.9036490364903648,1,IRSUIPLANYR,39
MJVAPFLAG,252.32011601444484,1.6001749252239074e-11,0.0011361725437770795,0.948339483394834,0.9052890528905289,0.8523985239852399,0.9020090200902008,2,IRSUIPLANYR,40
ENRLCOLLST2,192.648030023126,1.64484335084047e-11,0.002669654525739495,0.8880688806888068,0.9095940959409594,0.8991389913899139,0.8989339893398934,1,IRSUIPLANYR,41
HALLAGLST,165.5350015364848,1.5316576301604326e-11,0.005293074455225373,0.8542435424354243,0.8954489544895449,0.947109471094711,0.8989339893398934,1,IRSUIPLANYR,42
MJSMKYR,247.29123038580573,1.5089224695329184e-11,0.0013051243687379002,0.947109471094711,0.8843788437884379,0.8610086100861009,0.89749897498975,1,IRSUIPLANYR,43
MRJMDAYS,218.25898458124138,1.7169220174807183e-11,0.0012045840238253905,0.9194341943419434,0.9157441574415744,0.8573185731857319,0.89749897498975,2,IRSUIPLANYR,44
NOMARR2,185.68105658519053,1.5253738007966333e-11,0.0040757135345331095,0.8757687576875769,0.8929889298892989,0.9163591635916359,0.8950389503895039,1,IRSUIPLANYR,45
MRJYDAYS,214.38401995932819,1.8531398264535884e-11,0.0010177658221374507,0.9102091020910209,0.9249692496924969,0.8450184501845018,0.8933989339893399,2,IRSUIPLANYR,46
UD5IEMANY,461.52321247376335,1.057664932718502e-11,0.0018033163740495042,0.990159901599016,0.8031980319803198,0.8806888068880688,0.8913489134891349,1,IRSUIPLANYR,47
WRKNJBWKS,110.10905493453544,1.0076025192499244e-09,0.00544082179163428,0.7318573185731857,0.972939729397294,0.9618696186961869,0.8888888888888888,2,IRSUIPLANYR,48
UD5ILNALANY,315.9325241563142,1.2451480372140022e-11,0.001137962677051983,0.972939729397294,0.8376383763837638,0.8536285362853628,0.8880688806888068,1,IRSUIPLANYR,49
CASUPROB2,240.8113695647777,1.1969456605601092e-11,0.002175301691503643,0.9446494464944649,0.8253382533825339,0.8929889298892989,0.887658876588766,1,IRSUIPLANYR,50
IRMARIT,184.84885246812806,1.521296893125014e-11,0.002414912953107055,0.8745387453874539,0.8917589175891759,0.8966789667896679,0.887658876588766,0,IRSUIPLANYR,51
RKFQDBLT,187.58570573670625,1.6289828284478296e-11,0.0015815583624855269,0.8831488314883149,0.906519065190652,0.8696186961869619,0.8864288642886429,1,IRSUIPLANYR,52
ILLMON,272.0879676938381,1.5925861304353034e-11,0.0007982025719453844,0.958179581795818,0.9040590405904059,0.7921279212792128,0.8847888478884789,2,IRSUIPLANYR,53
WRKNJBPYR,152.72588040178658,1.7980918572854885e-11,0.0029206139697658213,0.8302583025830258,0.9188191881918819,0.9040590405904059,0.8843788437884378,2,IRSUIPLANYR,54
INHLYRLST,154.33946849422765,1.3024887873989244e-11,0.005401941851485003,0.8345633456334564,0.8560885608856088,0.958179581795818,0.8829438294382944,1,IRSUIPLANYR,55
MRJYR,214.38401995932594,1.5075957982427295e-11,0.0010210630397838219,0.9089790897908979,0.8831488314883149,0.8474784747847478,0.8798687986879868,1,IRSUIPLANYR,56
CIGAGLST,105.78949009734642,2.843605224036506e-11,0.005473264637738117,0.7146371463714637,0.95079950799508,0.964329643296433,0.876588765887659,2,IRSUIPLANYR,57
CASUPROB,186.39750765794184,1.510572125558297e-11,0.0012791987523258354,0.8813038130381304,0.8874538745387454,0.8597785977859779,0.8761787617876179,0,IRSUIPLANYR,58
METHAGLST,104.42879384083268,2.0015237478715832e-07,0.005155931102591432,0.6961869618696187,0.995079950799508,0.9372693726937269,0.8761787617876179,2,IRSUIPLANYR,59
PSYCHFLAG,235.19153035906118,1.2383265687316379e-11,0.0009775568437439728,0.939729397293973,0.8364083640836408,0.8376383763837638,0.8712587125871258,1,IRSUIPLANYR,60
WRKSKIPMO,86.01247119575763,7.782235590556893e-08,0.0062066847577280015,0.6346863468634686,0.9876998769987699,0.988929889298893,0.8704387043870438,2,IRSUIPLANYR,61
TOBVAPONL2,240.7383380259962,1.7495162591288567e-11,0.0007005190941037122,0.9434194341943419,0.9175891758917589,0.7453874538745388,0.8687986879868799,2,IRSUIPLANYR,62
HERAGLST,94.7867016694288,5.456009472828138e-10,0.005574109664542516,0.6629766297662977,0.9704797047970479,0.9692496924969249,0.867568675686757,2,IRSUIPLANYR,63
CIGAVGM,104.67884803552207,3.5373378284251765e-11,0.005264847269829469,0.7023370233702337,0.955719557195572,0.9434194341943419,0.8671586715867159,2,IRSUIPLANYR,64
EDUHIGHCAT,135.9691724713585,1.539401605990074e-11,0.002663512755021674,0.7988929889298892,0.8997539975399754,0.897908979089791,0.8655186551865519,0,IRSUIPLANYR,65
RCVYMHPRB,160.4682995413456,1.2060456585035253e-11,0.003850089073489903,0.8511685116851169,0.8277982779827798,0.915129151291513,0.8646986469864699,1,IRSUIPLANYR,66
COCYLU,92.00514570524263,6.084150590215221e-09,0.005390331000800246,0.6519065190651907,0.981549815498155,0.9544895448954489,0.8626486264862648,2,IRSUIPLANYR,67
MJDABYR,277.80137757525625,9.010001208217492e-12,0.0017444110459609698,0.9606396063960639,0.7466174661746617,0.8769987699876999,0.8614186141861419,1,IRSUIPLANYR,68
ILLANDALC,215.4915816341429,1.509476153114991e-11,0.0007621328275178949,0.9138991389913899,0.8856088560885609,0.7761377613776138,0.8585485854858548,1,IRSUIPLANYR,69
IREDUHIGHST2,135.9691724713585,1.539401605990074e-11,0.0017261311077772677,0.7988929889298892,0.8997539975399754,0.8757687576875769,0.8581385813858139,0,IRSUIPLANYR,70
RSKYFQTES,205.34012832343757,1.0502534050186683e-11,0.001499428948811506,0.9015990159901599,0.7995079950799509,0.8659286592865929,0.8556785567855679,1,IRSUIPLANYR,71
UD5CNSGRP,343.99958943347156,1.0074200166582519e-11,0.0008419513244669605,0.9772447724477245,0.7804428044280443,0.8019680196801968,0.853218532185322,1,IRSUIPLANYR,72
IRFLVVAPREC,216.0951424037975,1.3665529823482192e-11,0.000771957926628902,0.9163591635916359,0.8646986469864698,0.7785977859778598,0.8532185321853217,1,IRSUIPLANYR,73
CRKAGLST,85.27072630310379,4.08716285936627e-08,0.0052581016876060045,0.6260762607626076,0.986469864698647,0.942189421894219,0.8515785157851578,2,IRSUIPLANYR,74
CASURCVR,186.39750765794184,1.510572125558297e-11,0.0007911851320233768,0.8813038130381304,0.8874538745387454,0.7847478474784748,0.8511685116851169,0,IRSUIPLANYR,75
HEALTH,156.54424086564003,1.2204492666833682e-11,0.0017861385738403412,0.8400984009840098,0.8327183271832719,0.8782287822878229,0.8503485034850349,0,IRSUIPLANYR,76
RSKYFQDGR,159.22293113114492,1.0971301452049901e-11,0.0020512046859250937,0.8499384993849939,0.8093480934809348,0.8880688806888068,0.8491184911849118,0,IRSUIPLANYR,77
MJVAPYR,267.03101952768554,1.2806434405806065e-11,0.0006685306743096904,0.9520295202952029,0.8523985239852399,0.7330873308733087,0.8458384583845838,1,IRSUIPLANYR,78
TOBVNICYR,194.96278439358963,1.5108008592814244e-11,0.0007026053279912924,0.8905289052890529,0.8892988929889298,0.7490774907749077,0.8429684296842969,0,IRSUIPLANYR,79
FLVVAPREC,155.252979615082,1.3228474727327794e-11,0.0009226573994573163,0.8382533825338253,0.8603936039360394,0.8277982779827798,0.8421484214842149,0,IRSUIPLANYR,80
MRJYLU,78.41248842025524,1.7110845473300108e-10,0.005403313459671905,0.593480934809348,0.964329643296433,0.959409594095941,0.8390733907339073,2,IRSUIPLANYR,81
FLVVAPFLAG,216.09514240379025,1.021009078159456e-11,0.0008785315590532059,0.915129151291513,0.7884378843788438,0.8105781057810578,0.8380483804838049,1,IRSUIPLANYR,82
PREGAGE2,129.1090467189536,1.3227014287218828e-11,0.0016405945256287528,0.7835178351783518,0.8585485854858549,0.8720787207872078,0.8380483804838049,0,IRSUIPLANYR,83
SVYRPSYANY,354.82238102217457,1.1315235278001625e-11,0.0006279652846563759,0.982779827798278,0.8142681426814268,0.7146371463714637,0.8372283722837227,1,IRSUIPLANYR,84
INHOSPYR,149.01697976850974,1.1752504577444856e-11,0.001175288722798658,0.8253382533825339,0.8228782287822878,0.8548585485854858,0.8343583435834357,0,IRSUIPLANYR,85
ECSTMOYLU,113.06594902248077,1.0368287821999966e-11,0.005542106623618177,0.7404674046740467,0.7952029520295203,0.966789667896679,0.8341533415334154,1,IRSUIPLANYR,86
MJSMKMON,233.70305055161305,1.2860992049118596e-11,0.0005992650276118813,0.932349323493235,0.8536285362853628,0.6986469864698647,0.8282082820828208,1,IRSUIPLANYR,87
IRPINC3,119.36683928944201,1.15599693005012e-11,0.002959048802863379,0.7613776137761378,0.8167281672816729,0.9052890528905289,0.8277982779827798,1,IRSUIPLANYR,88
PSYANYYR2,127.41397803714922,1.2167923877725476e-11,0.0016617357980251695,0.7773677736777368,0.8302583025830258,0.8733087330873309,0.8269782697826978,0,IRSUIPLANYR,89
HALLMOLST,165.5350015364848,1.5316576301604326e-11,0.0006666884820621806,0.8542435424354243,0.8954489544895449,0.7306273062730627,0.8267732677326772,0,IRSUIPLANYR,90
PSILCYFLAG,172.06846745423852,1.062877096502561e-11,0.0008692509557614333,0.8597785977859779,0.8081180811808119,0.8081180811808119,0.8253382533825339,0,IRSUIPLANYR,91
CNSANYYR,200.4627168706436,1.0326095670230534e-11,0.0007829826846369799,0.8991389913899139,0.7908979089790897,0.7835178351783518,0.8245182451824519,0,IRSUIPLANYR,92
UD5PSYANY,354.8223810221166,7.859793137134452e-12,0.0008833437724096813,0.981549815498155,0.6642066420664207,0.8142681426814268,0.8200082000820008,1,IRSUIPLANYR,93
CBDHMPFLAG,127.93746173284813,1.2499617303578643e-11,0.0009645084256651735,0.7785977859778598,0.8425584255842559,0.8339483394833949,0.8183681836818368,0,IRSUIPLANYR,94
IRPYSEV5ALC,146.84981904939232,1.2788863570041945e-11,0.0007488987025223228,0.8228782287822878,0.8511685116851169,0.7724477244772447,0.8154981549815498,0,IRSUIPLANYR,95
INCOME,101.72090590408456,1.4423535837562153e-11,0.0018449484864269355,0.6820418204182042,0.8776137761377614,0.8819188191881919,0.8138581385813858,0,IRSUIPLANYR,96
TOBVNICMON,186.37285471200596,1.4039724573219566e-11,0.0005769174204682899,0.8794587945879458,0.8745387453874539,0.6851168511685117,0.8130381303813038,0,IRSUIPLANYR,97
POVERTY3,102.67767520860619,1.4557871114520954e-11,0.0015787452501715411,0.6875768757687577,0.8794587945879458,0.8683886838868389,0.8118081180811808,0,IRSUIPLANYR,98
IRFAMIN3,101.72090590408456,1.4423535837562153e-11,0.0016679476623331316,0.6820418204182042,0.8776137761377614,0.8745387453874539,0.8113981139811398,0,IRSUIPLANYR,99
COCAGLST,68.0057153981442,8.392187784162139e-11,0.005010084077595481,0.5252152521525215,0.9606396063960639,0.933579335793358,0.8064780647806478,2,IRSUIPLANYR,100
HALLUCFLAG,170.1913535737944,1.2010230870065568e-11,0.0006674022185030599,0.8585485854858549,0.8265682656826568,0.7318573185731857,0.8056580565805658,0,IRSUIPLANYR,101
DRVININHL,154.33946849422765,1.3024887873989244e-11,0.0006538346484315355,0.8345633456334564,0.8560885608856088,0.7232472324723247,0.8046330463304633,0,IRSUIPLANYR,102
MRJMON,218.25898458123845,1.3713779006137435e-11,0.0004587755432412868,0.9175891758917589,0.8671586715867159,0.6186961869618696,0.8011480114801147,1,IRSUIPLANYR,103
IRMCDCHP,106.53011393049542,1.3445779668654814e-11,0.0008797215833748106,0.7195571955719557,0.8622386223862238,0.8118081180811808,0.7978679786797868,0,IRSUIPLANYR,104
RSKLSDWK,91.37082317316181,1.3871579632791642e-11,0.0013553464670987073,0.6500615006150061,0.8714637146371463,0.8634686346863468,0.7949979499794998,0,IRSUIPLANYR,105
MRJMONVAP2,218.25898458124138,1.7169220174807183e-11,0.00036300906328964546,0.9194341943419434,0.9157441574415744,0.5436654366543665,0.7929479294792948,2,IRSUIPLANYR,106
PSYCHYR,234.90871003280466,8.57724917799044e-12,0.0006725055431276797,0.9384993849938499,0.7023370233702337,0.7367773677736777,0.7925379253792538,1,IRSUIPLANYR,107
TOBCIGVAP2,240.73833802592185,1.2538120465314849e-11,0.0004085478903138966,0.942189421894219,0.8450184501845018,0.5867158671586716,0.7913079130791308,1,IRSUIPLANYR,108
FUMJ21,118.47763043372939,1.5471579580858423e-11,0.0006066152311166222,0.7589175891758918,0.9015990159901599,0.7060270602706027,0.7888478884788848,1,IRSUIPLANYR,109
METHYRLST,104.42879384083268,8.859832642534195e-12,0.004789072884707938,0.6961869618696187,0.7435424354243543,0.9261992619926199,0.7886428864288644,1,IRSUIPLANYR,110
LVLDIFSEE2,109.51402802554868,1.0514479060606774e-11,0.0009713326584748254,0.7293972939729397,0.8007380073800738,0.8351783517835178,0.7884378843788439,0,IRSUIPLANYR,111
FLVVAPEVR,155.252979615082,1.3228474727327794e-11,0.0005500386291440575,0.8382533825338253,0.8603936039360394,0.6642066420664207,0.7876178761787617,0,IRSUIPLANYR,112
RKFQPBLT,104.38938973231362,1.2318073703601052e-11,0.0009594503108221695,0.6937269372693727,0.8351783517835178,0.8327183271832719,0.7872078720787208,0,IRSUIPLANYR,113
HRTCONDAG,36.8945292332825,6.473613437039711e-07,0.005669121123964117,0.3800738007380074,0.998769987699877,0.972939729397294,0.7839278392783928,2,IRSUIPLANYR,114
WRKDHRSWK2,57.71423913347131,1.5765136993700556e-11,0.005447695344109248,0.48462484624846247,0.9028290282902829,0.9630996309963099,0.7835178351783517,2,IRSUIPLANYR,115
CATAG3,103.84643534422707,1.0262436113965645e-11,0.0012432274218297872,0.6924969249692496,0.7896678966789668,0.8585485854858549,0.7802378023780238,0,IRSUIPLANYR,116
INHLMOLST,154.33946849422765,1.3024887873989244e-11,0.0005264005234594849,0.8345633456334564,0.8560885608856088,0.6494464944649446,0.7800328003280033,0,IRSUIPLANYR,117
GRSKLSDWK,91.37082317316181,1.3871579632791642e-11,0.0008867050448331122,0.6500615006150061,0.8714637146371463,0.8179581795817958,0.7798277982779828,0,IRSUIPLANYR,118
HLCNOTMO,37.13543587487133,1.0905824451524528e-10,0.006221108977820151,0.3837638376383764,0.9618696186961869,0.990159901599016,0.7785977859778598,2,IRSUIPLANYR,119
SVYRCNSANY,343.99958943347156,1.0074200166582519e-11,0.0003969353081059718,0.9772447724477245,0.7804428044280443,0.5744157441574416,0.7773677736777368,1,IRSUIPLANYR,120
IRPYUD5ALC,140.9086787647607,9.333422427719079e-12,0.000710769746340165,0.8105781057810578,0.7527675276752768,0.7539975399753998,0.7724477244772446,0,IRSUIPLANYR,121
DRVINHALL,165.5350015364848,1.5316576301604326e-11,0.0003777027308449403,0.8542435424354243,0.8954489544895449,0.5596555965559655,0.7697826978269783,0,IRSUIPLANYR,122
CIGDLYLU,32.33552718171514,1.1846306630458523e-07,0.005805195861717746,0.33825338253382536,0.993849938499385,0.976629766297663,0.7695776957769578,2,IRSUIPLANYR,123
MJVAPMON,193.06516760957555,9.050340717167938e-12,0.0005593517465892317,0.8892988929889298,0.7478474784747847,0.6715867158671587,0.7695776957769578,0,IRSUIPLANYR,124
SMKAGLAST,35.082594604674554,2.1635098651212465e-10,0.005648028887839076,0.3628536285362854,0.965559655596556,0.971709717097171,0.7667076670766707,2,IRSUIPLANYR,125
FUINHAL182,159.009074109013,1.098598407706053e-11,0.0005131811410747421,0.8487084870848709,0.8105781057810578,0.6383763837638377,0.7658876588765887,0,IRSUIPLANYR,126
INHALFLAG2,158.92977760912,9.675324380884143e-12,0.0005689371422364735,0.8474784747847478,0.7662976629766297,0.6777367773677737,0.7638376383763837,0,IRSUIPLANYR,127
ILIMFOTHFG,102.68191139748959,1.0208057452534213e-11,0.0008832365047857137,0.6888068880688807,0.7872078720787208,0.8130381303813038,0.7630176301763018,0,IRSUIPLANYR,128
WRKLASTYR2,36.002016083313315,2.00952457632286e-11,0.005970337757479564,0.37453874538745385,0.9298892988929889,0.984009840098401,0.7628126281262814,2,IRSUIPLANYR,129
PCPYLU,35.35786540427473,2.4452403185725514e-11,0.0056072427862840475,0.3677736777367774,0.947109471094711,0.9704797047970479,0.7617876178761788,2,IRSUIPLANYR,130
PCPAGLST,35.35786540427473,7.430710932654516e-10,0.005166428330193866,0.3677736777367774,0.971709717097171,0.939729397293973,0.7597375973759738,2,IRSUIPLANYR,131
EDUSKPMON,29.854181773220088,8.854934113181781e-08,0.005698439617160235,0.31365313653136534,0.988929889298893,0.974169741697417,0.7589175891758918,2,IRSUIPLANYR,132
LSDMLU,140.35699721818816,1.2202080444788254e-11,0.0004989891576851094,0.8081180811808119,0.8314883148831488,0.6334563345633456,0.7576875768757687,0,IRSUIPLANYR,133
FUINHAL212,166.7494022988665,1.229749869473018e-11,0.00040333414041492945,0.8573185731857319,0.8339483394833949,0.5793357933579336,0.7568675686756867,0,IRSUIPLANYR,134
OPIANYYR2,101.28270526910882,9.422938571723183e-12,0.0009467149391306565,0.6777367773677737,0.7539975399753998,0.8302583025830258,0.7539975399753999,0,IRSUIPLANYR,135
HPDRGTALK,96.15733872796172,1.3451282494385314e-11,0.0006638449991035615,0.6678966789667896,0.8634686346863468,0.7293972939729397,0.7535875358753588,0,IRSUIPLANYR,136
IRWELMOS,31.029763665894688,4.3208898911958023e-07,0.005163067494447075,0.3234932349323493,0.997539975399754,0.9384993849938499,0.7531775317753177,2,IRSUIPLANYR,137
CIGYR,127.27685303383086,1.009632278281243e-11,0.0006001837061288052,0.7761377613776138,0.7822878228782287,0.6998769987699877,0.7527675276752768,0,IRSUIPLANYR,138
ASTHMAAGE,32.25730214312629,1.2131624184434022e-09,0.0053841393192427395,0.32718327183271834,0.97539975399754,0.9532595325953259,0.7519475194751948,2,IRSUIPLANYR,139
MOVSINPYR2,138.0576167082716,6.248070478683927e-12,0.002104896341186914,0.8019680196801968,0.5584255842558425,0.8905289052890529,0.7503075030750308,0,IRSUIPLANYR,140
DIABETEAG,24.495266174307243,7.701376735747459e-07,0.005819860105683099,0.27183271832718325,1.0,0.977859778597786,0.7498974989749897,2,IRSUIPLANYR,141
SMKYRLAST,35.082594604674554,4.345826364109271e-11,0.004817412947750382,0.3628536285362854,0.959409594095941,0.9274292742927429,0.7498974989749897,2,IRSUIPLANYR,142
MJONLYMON2,128.17954425342626,9.773724886491017e-12,0.0005913620695438806,0.7798277982779828,0.7712177121771218,0.6961869618696187,0.7490774907749077,0,IRSUIPLANYR,143
STMANYFLAG,130.1428183446133,9.254134380309354e-12,0.0006096690263954479,0.7847478474784748,0.7503075030750308,0.7097170971709718,0.7482574825748257,0,IRSUIPLANYR,144
RSKLSDTRY,75.29301101458857,1.2690894547361164e-11,0.0009336256640323408,0.5639606396063961,0.8480934809348093,0.8290282902829028,0.7470274702747027,0,IRSUIPLANYR,145
GRSKLSDTRY,75.29301101458857,1.2690894547361164e-11,0.0009020054472122888,0.5639606396063961,0.8480934809348093,0.8253382533825339,0.7457974579745797,0,IRSUIPLANYR,146
FUHALLUC21,181.69634238254494,1.3831270084642546e-11,0.00029986823200708353,0.8733087330873309,0.8696186961869619,0.4907749077490775,0.7445674456744568,0,IRSUIPLANYR,147
UD5ILAALANY,242.92985620805786,7.41802156232026e-12,0.000533017907988283,0.9458794587945879,0.6346863468634686,0.6531365313653137,0.7445674456744568,1,IRSUIPLANYR,148
CIGDLLST,32.33552718171514,2.098849973360377e-11,0.005380853069314218,0.33825338253382536,0.9348093480934809,0.9520295202952029,0.7416974169741698,2,IRSUIPLANYR,149
HALLNDAYYR,149.56871899819953,9.922554918502377e-12,0.0004667061300459712,0.8265682656826568,0.7749077490774908,0.6236162361623616,0.7416974169741698,0,IRSUIPLANYR,150
CRKYLU,85.27072630310379,7.073322292336084e-12,0.006251440922633363,0.6260762607626076,0.6057810578105781,0.991389913899139,0.7410824108241082,1,IRSUIPLANYR,151
CIGYLU,32.33552718171514,3.078623037987321e-11,0.0049076859945998775,0.33825338253382536,0.9532595325953259,0.9298892988929889,0.7404674046740468,2,IRSUIPLANYR,152
EDUSCKMON,28.261491968815275,1.0250047794077409e-07,0.0048524242702134195,0.2964329643296433,0.992619926199262,0.9286592865928659,0.7392373923739237,2,IRSUIPLANYR,153
PNRNMFLAG,178.5070106708049,9.277961954262674e-12,0.000428871367672837,0.8683886838868389,0.7515375153751538,0.5953259532595326,0.7384173841738417,0,IRSUIPLANYR,154
HERYLU,94.7867016694288,6.9882116143455905e-12,0.005272181099215057,0.6629766297662977,0.6033210332103321,0.9458794587945879,0.7373923739237392,1,IRSUIPLANYR,155
EDUSKPCOM,26.779966882910124,8.856425168440268e-08,0.004985932220339412,0.2890528905289053,0.990159901599016,0.932349323493235,0.7371873718737186,2,IRSUIPLANYR,156
WRKSICKMO,34.24407839938004,1.6855147366562662e-11,0.005186975369922559,0.35731857318573185,0.9126691266912669,0.940959409594096,0.7369823698236982,2,IRSUIPLANYR,157
SEDANYFLAG,114.47997377670664,7.885647977945713e-12,0.0007952208936810039,0.7515375153751538,0.6691266912669127,0.7884378843788438,0.7363673636736369,0,IRSUIPLANYR,158
WRKHADJOB,60.785165630746725,1.2523046885199448e-11,0.0013273782009066801,0.5030750307503075,0.8437884378843789,0.8622386223862238,0.7363673636736366,0,IRSUIPLANYR,159
AGE3,77.79137395232611,9.907008482270887e-12,0.0010180768208717759,0.5891758917589176,0.7730627306273062,0.8462484624846248,0.7361623616236163,0,IRSUIPLANYR,160
CAIDCHIP,76.555639663079,1.2135441962365307e-11,0.0008181535608156217,0.5768757687576875,0.8290282902829028,0.7982779827798278,0.7347273472734727,0,IRSUIPLANYR,161
FUHALLUC18,153.0703140174068,1.0370398390601956e-11,0.0003957945980558868,0.8314883148831488,0.7970479704797048,0.5731857318573186,0.7339073390733907,0,IRSUIPLANYR,162
UD5TRQSDGRP,298.3990151381659,7.348352956577567e-12,0.0004323301081322225,0.9710947109471094,0.6279212792127922,0.6014760147601476,0.7334973349733498,1,IRSUIPLANYR,163
MRJYRBFR,78.41248842025524,1.2497674745949297e-11,0.0007283276424666152,0.593480934809348,0.8400984009840098,0.7638376383763837,0.7324723247232473,0,IRSUIPLANYR,164
STMANYYR,134.75825351449112,7.75245744868857e-12,0.00069756596847334,0.7933579335793358,0.6592865928659286,0.7441574415744158,0.7322673226732267,0,IRSUIPLANYR,165
DRVINDRG,195.16679250699,8.017518989739099e-12,0.0004681375184716876,0.8917589175891759,0.6777367773677737,0.6248462484624846,0.7314473144731447,0,IRSUIPLANYR,166
ALCYLU,35.23431962543282,1.5336130790357105e-11,0.004496729908194021,0.36531365313653136,0.897908979089791,0.922509225092251,0.7285772857728577,1,IRSUIPLANYR,167
CGRAGLST,26.12780465117388,2.0317247458904318e-11,0.0054905063367410144,0.28413284132841327,0.933579335793358,0.965559655596556,0.7277572775727758,2,IRSUIPLANYR,168
EDUSCKCOM,24.058057293373217,1.0245556770553831e-07,0.004751222759865894,0.26691266912669126,0.991389913899139,0.9249692496924969,0.7277572775727758,2,IRSUIPLANYR,169
HLTINDRG,75.399556821883,9.511502549670213e-12,0.0011761015736239352,0.5682656826568265,0.7576875768757687,0.8560885608856088,0.7273472734727346,0,IRSUIPLANYR,170
PNRANYYR2,83.4820939120218,8.78056092143797e-12,0.0009003114749866358,0.6186961869618696,0.7392373923739237,0.8241082410824109,0.7273472734727346,0,IRSUIPLANYR,171
FUMJ18,105.62971505754551,1.4038945218511141e-11,0.00042394137318393243,0.7121771217712177,0.8733087330873309,0.5916359163591636,0.7257072570725708,0,IRSUIPLANYR,172
HIVAIDSAG,16.457317170762167,1.1685302502161263e-09,0.006412846055080749,0.21033210332103322,0.974169741697417,0.992619926199262,0.7257072570725707,2,IRSUIPLANYR,173
IRPRVHLT,77.2746683249681,9.759324035008073e-12,0.0009126057160869137,0.5805658056580566,0.7687576875768758,0.8265682656826568,0.7252972529725298,0,IRSUIPLANYR,174
PRVHLTIN,75.399556821883,9.511502549670213e-12,0.0010301224886035119,0.5682656826568265,0.7576875768757687,0.8487084870848709,0.7248872488724887,0,IRSUIPLANYR,175
CATAG6,71.7460225338399,9.907008482270887e-12,0.001122829463783551,0.5424354243542435,0.7730627306273062,0.8511685116851169,0.7222222222222222,0,IRSUIPLANYR,176
TQSDANYYR,101.67592651041208,8.00323380295456e-12,0.0008255376291537666,0.6801968019680197,0.6765067650676507,0.7995079950799509,0.7187371873718739,0,IRSUIPLANYR,177
EDUFULPAR,58.30204085001551,1.0624795483655205e-11,0.0010634281136389701,0.4920049200492005,0.8056580565805658,0.8499384993849939,0.7158671586715867,0,IRSUIPLANYR,178
ALCAGLST,16.743007130580693,3.044216005976022e-11,0.005901640199643047,0.2140221402214022,0.9520295202952029,0.9790897908979089,0.7150471504715047,2,IRSUIPLANYR,179
HLTINALC,75.399556821883,9.511502549670213e-12,0.0008892016086733025,0.5682656826568265,0.7576875768757687,0.8191881918819188,0.7150471504715047,0,IRSUIPLANYR,180
EDUSCHLGO,58.30204085001551,1.0624795483655205e-11,0.0009886123126837923,0.4920049200492005,0.8056580565805658,0.8425584255842559,0.7134071340713407,0,IRSUIPLANYR,181
FTNDDEPND,105.59110060847186,1.1571775351027159e-11,0.00044203662961972456,0.7091020910209103,0.8198031980319803,0.6088560885608856,0.7125871258712587,0,IRSUIPLANYR,182
EDUSCHGRD2,58.30204085001551,1.0624795483655205e-11,0.0009730300457403717,0.4920049200492005,0.8056580565805658,0.8364083640836408,0.7113571135711357,0,IRSUIPLANYR,183
GRPHLTIN,75.399556821883,9.511502549670213e-12,0.0008512577618617545,0.5682656826568265,0.7576875768757687,0.8044280442804428,0.7101271012710125,0,IRSUIPLANYR,184
ALCNUMDKPM,19.250924800278746,2.228080729790001e-11,0.005400107917043912,0.22755227552275523,0.9434194341943419,0.956949569495695,0.7093070930709308,2,IRSUIPLANYR,185
HIGHBPAGE,18.770858549742368,3.4809722508314366e-10,0.005011223332896937,0.22509225092250923,0.968019680196802,0.9348093480934809,0.7093070930709308,2,IRSUIPLANYR,186
NMVSOPT2,48.33387808781916,1.0003168082668856e-11,0.0029616736099894753,0.44526445264452646,0.7761377613776138,0.906519065190652,0.7093070930709308,1,IRSUIPLANYR,187
CIGARYLU,17.69013444244145,2.2687447943492567e-10,0.005268617299896375,0.21525215252152521,0.966789667896679,0.9446494464944649,0.7088970889708897,2,IRSUIPLANYR,188
SEVYROPPRANY,223.0456715699094,8.131260036014642e-12,0.00033434489298506375,0.923739237392374,0.6814268142681427,0.5153751537515375,0.7068470684706848,1,IRSUIPLANYR,189
WRKRSNJOB,70.52238161607664,1.010645571763311e-11,0.0008053370745224401,0.5350553505535055,0.7841328413284133,0.7958179581795818,0.7050020500205002,0,IRSUIPLANYR,190
TOBCIGONL,93.13320168517917,1.1824867130328683e-11,0.000462159446849756,0.6568265682656826,0.8241082410824109,0.6199261992619927,0.7002870028700287,0,IRSUIPLANYR,191
SEVYRPNRANY2,231.0932428546968,8.322053604028348e-12,0.0002846612354845479,0.9298892988929889,0.6863468634686347,0.4821648216482165,0.6994669946699467,1,IRSUIPLANYR,192
FULSD21,131.48095459318307,1.0351061157081841e-11,0.00033583969383124224,0.7859778597785978,0.7921279212792128,0.5190651906519065,0.6990569905699058,0,IRSUIPLANYR,193
CBDHMPYR,119.34890052444581,1.0130561803926272e-11,0.0003658437761701063,0.7601476014760148,0.7859778597785978,0.5498154981549815,0.6986469864698647,0,IRSUIPLANYR,194
UD5OPIGRP,234.09789217168455,8.35921558881768e-12,0.0002645243323940239,0.9348093480934809,0.6937269372693727,0.4661746617466175,0.6982369823698238,1,IRSUIPLANYR,195
SRCPNRNM2,134.4871878258507,8.256282148852066e-12,0.0004492406600406163,0.7908979089790897,0.6826568265682657,0.6150061500615006,0.6961869618696187,0,IRSUIPLANYR,196
COPDAGE,6.976857478553051,2.5953021084524443e-08,0.006095665726741604,0.11808118081180811,0.984009840098401,0.986469864698647,0.6961869618696186,2,IRSUIPLANYR,197
HLTINMNT,75.399556821883,9.511502549670213e-12,0.0007183551115733979,0.5682656826568265,0.7576875768757687,0.7613776137761378,0.6957769577695777,0,IRSUIPLANYR,198
DRVINMARJ,78.41248842025524,1.2497674745949297e-11,0.0005294490980205669,0.593480934809348,0.8400984009840098,0.6519065190651907,0.6951619516195162,0,IRSUIPLANYR,199
TQSDANYFLG,75.47857927861891,8.313554760842878e-12,0.0008944525918790215,0.5731857318573186,0.6851168511685117,0.8228782287822878,0.6937269372693727,0,IRSUIPLANYR,200
SNAFLMJTRY,87.20194895076966,7.568318244277362e-12,0.0007916275965368862,0.6371463714637147,0.6568265682656826,0.7859778597785978,0.6933169331693317,0,IRSUIPLANYR,201
MRJMLU,78.41248842025524,1.2497674745949297e-11,0.0005198728620481525,0.593480934809348,0.8400984009840098,0.6457564575645757,0.6931119311193111,0,IRSUIPLANYR,202
MJDABMON,215.26811468031366,6.2138891941764666e-12,0.00044513552407220245,0.9126691266912669,0.5547355473554736,0.6113161131611317,0.6929069290692906,1,IRSUIPLANYR,203
SVYRCNSMIS,254.21221788798093,8.332707317205854e-12,0.0002281018736456738,0.949569495694957,0.6875768757687577,0.43665436654366546,0.6912669126691267,1,IRSUIPLANYR,204
CIGAVGD,104.67884803551635,1.151926665577448e-11,0.00037527677688127986,0.7011070110701108,0.8154981549815498,0.5547355473554736,0.6904469044690448,0,IRSUIPLANYR,205
RXAMMEANY,137.28657470249172,7.216441409403892e-12,0.000528390858142935,0.8007380073800738,0.6199261992619927,0.6506765067650676,0.6904469044690447,0,IRSUIPLANYR,206
NRCH17_2,23.01494280610889,2.438238285110193e-11,0.0015112848435826019,0.24846248462484624,0.9458794587945879,0.8671586715867159,0.6871668716687167,1,IRSUIPLANYR,207
ILLFLAG,103.20282899743329,1.0416799191661283e-11,0.0003918765337753814,0.6900369003690037,0.7982779827798278,0.5707257072570726,0.6863468634686347,0,IRSUIPLANYR,208
GOVTPROG,67.31332600615248,1.1095931909810228e-11,0.0006549000129583572,0.5190651906519065,0.8130381303813038,0.7257072570725708,0.6859368593685936,0,IRSUIPLANYR,209
ECSTMOMLU,113.06594902248077,1.0368287821999966e-11,0.0003375610204679666,0.7404674046740467,0.7952029520295203,0.5202952029520295,0.6853218532185322,0,IRSUIPLANYR,210
RCVYSUBPRB,143.85235694355725,8.060048082578637e-12,0.0003765188522405269,0.8167281672816729,0.6789667896678967,0.5584255842558425,0.6847068470684707,0,IRSUIPLANYR,211
FLVVAPYR,197.25703284576136,6.4525059939150026e-12,0.00040761716231490255,0.8929889298892989,0.5744157441574416,0.5854858548585485,0.6842968429684296,0,IRSUIPLANYR,212
APPDRGMON,128.83619255326985,9.60484581114915e-12,0.0003247235332282717,0.7810578105781057,0.7613776137761378,0.5079950799507995,0.6834768347683476,0,IRSUIPLANYR,213
SVYROPIANY2,234.09789217168455,8.35921558881768e-12,0.00021468223401849398,0.9348093480934809,0.6937269372693727,0.42066420664206644,0.6830668306683068,1,IRSUIPLANYR,214
WRKDPSTWK,57.866452604648636,8.713544644276072e-12,0.0008944336455688928,0.4858548585485855,0.7355473554735548,0.8216482164821648,0.6810168101681017,0,IRSUIPLANYR,215
HERRXOPYR,146.83535734490772,8.541215388159275e-12,0.0003354747762556438,0.8204182041820418,0.6986469864698647,0.5178351783517835,0.6789667896678967,0,IRSUIPLANYR,216
CIGMDAYS,105.59110060847186,1.1571775351027159e-11,0.0003152056632565878,0.7091020910209103,0.8198031980319803,0.5006150061500615,0.6765067650676507,0,IRSUIPLANYR,217
TOBYR,102.27262009918176,9.71229830050934e-12,0.0004021067743804833,0.6838868388683886,0.7675276752767528,0.5781057810578106,0.6765067650676507,0,IRSUIPLANYR,218
PNRMAINRSN,134.21243448764466,8.639375611856041e-12,0.00031525786412524883,0.7896678966789668,0.7318573185731857,0.5018450184501845,0.6744567445674456,0,IRSUIPLANYR,219
OPIIMFNMYR2,187.6239270155257,5.908605670531019e-12,0.0004321741976909048,0.8843788437884379,0.5289052890528906,0.5990159901599016,0.6707667076670768,0,IRSUIPLANYR,220
UD5CNSANY,343.99958943344495,6.618773073146718e-12,0.00023956876408290614,0.97539975399754,0.5891758917589176,0.44772447724477243,0.6707667076670768,1,IRSUIPLANYR,221
FULSD18,120.84295328875292,8.348253724647614e-12,0.0003756411049232248,0.7626076260762608,0.6912669126691267,0.5559655596555966,0.6699466994669946,0,IRSUIPLANYR,222
SVYRTQSDANY,298.3990151381659,7.348352956577567e-12,0.00019897563090210516,0.9710947109471094,0.6279212792127922,0.4034440344403444,0.6674866748667486,1,IRSUIPLANYR,223
CIRROSAGE,1.530342773484219,2.9598308741645835e-09,0.007022468890526537,0.02706027060270603,0.977859778597786,0.996309963099631,0.6670766707667077,2,IRSUIPLANYR,224
FUCOC21,129.02094024974065,9.76306270628257e-12,0.00024107565098749573,0.7822878228782287,0.7699876998769988,0.4489544895448955,0.6670766707667076,0,IRSUIPLANYR,225
APPDRGMON2,157.25384974917228,6.282168636845624e-12,0.0004160136732441804,0.8413284132841329,0.5608856088560885,0.5904059040590406,0.6642066420664207,0,IRSUIPLANYR,226
MRJFLAG,77.55847383937612,8.978564967111139e-12,0.0005455651090317576,0.5867158671586716,0.7453874538745388,0.6605166051660517,0.6642066420664207,0,IRSUIPLANYR,227
CIGRNOUT,112.8132320964041,8.621789597209954e-12,0.00035128544160141674,0.7380073800738007,0.7170971709717097,0.5350553505535055,0.6633866338663387,0,IRSUIPLANYR,228
UD5HROPANY,234.09789217168455,8.35921558881768e-12,0.0001590814308019598,0.9348093480934809,0.6937269372693727,0.35301353013530135,0.6605166051660517,1,IRSUIPLANYR,229
TQSDNMFLAG,201.71655777946958,7.341626503527314e-12,0.0002420206297012657,0.9003690036900369,0.6260762607626076,0.45018450184501846,0.6588765887658877,1,IRSUIPLANYR,230
SNYATTAK,175.7511074537933,3.0723264201706365e-12,0.0008020465333900503,0.8634686346863468,0.3148831488314883,0.7945879458794588,0.6576465764657646,0,IRSUIPLANYR,231
NDSSDEPND,105.59110060847186,1.1571775351027159e-11,0.0002323713530414847,0.7091020910209103,0.8198031980319803,0.44157441574415746,0.6568265682656826,0,IRSUIPLANYR,232
ILLEMMON2,158.56569385594813,6.13487515544596e-12,0.00040037218009718144,0.8462484624846248,0.5461254612546126,0.5768757687576875,0.6564165641656416,0,IRSUIPLANYR,233
CIGIRTBL,106.08331923109806,8.621789597209954e-12,0.00034599679392206237,0.7158671586715867,0.7170971709717097,0.5313653136531366,0.6547765477654776,0,IRSUIPLANYR,234
HEPBCAGE,2.401548607468328,3.8202586081477873e-10,0.005358616018506971,0.04059040590405904,0.9692496924969249,0.95079950799508,0.6535465354653546,2,IRSUIPLANYR,235
CIGMON,105.59110060846612,8.116335043732995e-12,0.0003926225932752183,0.7060270602706027,0.6801968019680197,0.5719557195571956,0.6527265272652727,0,IRSUIPLANYR,236
LSDFLAG,141.3792295903758,8.771680998616523e-12,0.00020431753415474022,0.8130381303813038,0.7380073800738007,0.4071340713407134,0.6527265272652727,0,IRSUIPLANYR,237
KIDNYDSAG,2.5905808126717544,2.1828404014770274e-09,0.005101387950956992,0.04428044280442804,0.976629766297663,0.9360393603936039,0.6523165231652316,2,IRSUIPLANYR,238
PMNICDEP,105.59110060847186,1.1571775351027159e-11,0.00021915164811387846,0.7091020910209103,0.8198031980319803,0.4268142681426814,0.6519065190651906,0,IRSUIPLANYR,239
RSKMRJWK,50.767441554427684,7.88835273370433e-12,0.0008859785156180076,0.46432964329643295,0.6709717097170972,0.8167281672816729,0.6506765067650676,0,IRSUIPLANYR,240
CBDHMPMON,109.61195740848525,7.8226990129286e-12,0.000370815025561644,0.7306273062730627,0.6629766297662977,0.5522755227552275,0.6486264862648626,0,IRSUIPLANYR,241
CNSNMYR,197.84901339597457,6.794409904610139e-12,0.0002493261844059455,0.8966789667896679,0.5904059040590406,0.45879458794587946,0.6486264862648626,0,IRSUIPLANYR,242
IRSYNMRJREC,113.87462530537029,7.866036048636821e-12,0.0003431119738074415,0.7490774907749077,0.6678966789667896,0.5252152521525215,0.6473964739647396,0,IRSUIPLANYR,243
WRKDPSTYR,36.002016083313315,1.010645571763311e-11,0.0007780134781345036,0.37453874538745385,0.7841328413284133,0.7822878228782287,0.6469864698646987,0,IRSUIPLANYR,244
CIGINFLU,101.67236066262254,8.621789597209954e-12,0.00036245124132099207,0.6789667896678967,0.7170971709717097,0.5424354243542435,0.6461664616646167,0,IRSUIPLANYR,245
TELEAPTYR,42.046712516313654,9.167747082895251e-12,0.0007735895987427077,0.4095940959409594,0.7490774907749077,0.7798277982779828,0.6461664616646167,0,IRSUIPLANYR,246
FUCD221,58.19136213171359,1.0535031639291282e-11,0.0005165495793913508,0.48954489544895446,0.8019680196801968,0.6432964329643296,0.6449364493644937,0,IRSUIPLANYR,247
FUCIG18,55.27758282949647,1.1044455109351073e-11,0.0005174430671414544,0.4747847478474785,0.8118081180811808,0.6445264452644527,0.6437064370643707,0,IRSUIPLANYR,248
FUALC18,45.14683878334384,1.0062651215890273e-11,0.0006402268770544626,0.42558425584255843,0.7785977859778598,0.7183271832718328,0.6408364083640836,0,IRSUIPLANYR,249
IRFSTAMP,57.91339116679534,1.0048514296824567e-11,0.0005370520868378635,0.4870848708487085,0.7773677736777368,0.6568265682656826,0.6404264042640426,0,IRSUIPLANYR,250
FUCGR18,79.11462323969708,8.725567906411287e-12,0.000407161404789061,0.5977859778597786,0.7367773677736777,0.5842558425584256,0.6396063960639605,0,IRSUIPLANYR,251
DRVINALDRG,117.01023463208966,7.55980508513019e-12,0.0003181871525013492,0.7564575645756457,0.6555965559655597,0.5043050430504306,0.6387863878638786,0,IRSUIPLANYR,252
DRVINMETH,103.8314667910705,8.84925884085689e-12,0.00026906892425423393,0.6912669126691267,0.7404674046740467,0.46863468634686345,0.6334563345633456,0,IRSUIPLANYR,253
SVYROPIMIS,178.76510893045358,6.470419402632533e-12,0.0002465435909236216,0.8696186961869619,0.5768757687576875,0.45387453874538747,0.6334563345633456,0,IRSUIPLANYR,254
SNYSELL,125.42795177939395,2.7933872712577623e-12,0.0009483619654775471,0.7724477244772447,0.2915129151291513,0.8314883148831488,0.6318163181631816,0,IRSUIPLANYR,255
SEVYRTRQANY,218.45058816767303,6.30555101728672e-12,0.00019485519237389003,0.9212792127921279,0.5621156211562116,0.3985239852398524,0.6273062730627306,1,IRSUIPLANYR,256
TOBMON,93.13320168519154,8.369426788597636e-12,0.0003440196608296129,0.6580565805658056,0.6961869618696187,0.5264452644526445,0.6268962689626897,0,IRSUIPLANYR,257
MJEATYR,92.79350879979988,7.820896265253741e-12,0.00038118655962888896,0.6531365313653137,0.6617466174661747,0.5621156211562116,0.6256662566625667,0,IRSUIPLANYR,258
UDYR5OPPRANY,223.0456715704951,4.6758178952605675e-12,0.0003284789603761302,0.9249692496924969,0.44157441574415746,0.5092250922509225,0.6252562525625256,1,IRSUIPLANYR,259
FUECSTMO21,115.40998103736908,8.294714651095579e-12,0.00021915572095978022,0.7539975399753998,0.6838868388683886,0.4280442804428044,0.6219762197621975,0,IRSUIPLANYR,260
CIGCRAGP,82.31062856156636,8.621789597209954e-12,0.00035162637549474485,0.6076260762607626,0.7170971709717097,0.5362853628536285,0.6203362033620335,0,IRSUIPLANYR,261
IRSEVPNRMIS,172.82125800463152,6.276579730206419e-12,0.0002270934673108312,0.8622386223862238,0.5596555965559655,0.43419434194341944,0.6186961869618696,0,IRSUIPLANYR,262
CIGCRAVE,75.01924904916619,8.621789597209954e-12,0.0003977931996772364,0.5621156211562116,0.7170971709717097,0.5756457564575646,0.6182861828618286,0,IRSUIPLANYR,263
FUCIG21,46.0526058757283,1.035153707694474e-11,0.0004714299654115719,0.4317343173431734,0.7933579335793358,0.6260762607626076,0.6170561705617056,0,IRSUIPLANYR,264
RXAMPHANY,124.81279631319094,6.442532747220658e-12,0.00032330423000548255,0.7712177121771218,0.5731857318573186,0.5067650676506765,0.6170561705617056,0,IRSUIPLANYR,265
TRQANYYR,77.5116703464438,6.340776426175899e-12,0.0005966718340905231,0.5854858548585485,0.5682656826568265,0.6974169741697417,0.6170561705617056,0,IRSUIPLANYR,266
SNYSTOLE,126.85051644854857,2.596324865550001e-12,0.0008091793813874416,0.7749077490774908,0.2779827798277983,0.7970479704797048,0.6166461664616646,0,IRSUIPLANYR,267
FUCGR21,43.87136891493591,8.670745137216044e-12,0.000579596486572633,0.4182041820418204,0.7330873308733087,0.6875768757687577,0.6129561295612956,0,IRSUIPLANYR,268
GRSKMRJWK,50.767441554427684,7.88835273370433e-12,0.0006022551490502307,0.46432964329643295,0.6709717097170972,0.7023370233702337,0.6125461254612546,0,IRSUIPLANYR,269
WRKSTATWK2,70.63729192850015,5.304829190626576e-12,0.0008841474304341989,0.5362853628536285,0.4858548585485855,0.8154981549815498,0.6125461254612546,0,IRSUIPLANYR,270
IRWRKSTAT18,77.17518771171046,5.4255102173211544e-12,0.0007274687688435978,0.5781057810578106,0.4944649446494465,0.7626076260762608,0.6117261172611727,0,IRSUIPLANYR,271
OPINMYR2,146.8353573449214,5.085775425297314e-12,0.0003561433989309338,0.8216482164821648,0.47232472324723246,0.5412054120541205,0.6117261172611727,0,IRSUIPLANYR,272
SEVYRSTMANY,211.53246757704224,6.88183756590046e-12,0.00014295412548444956,0.906519065190652,0.5940959409594095,0.33087330873308735,0.6104961049610497,1,IRSUIPLANYR,273
ECSTMOFLAG,114.21656633728674,6.9427131023339464e-12,0.00026968657310250566,0.7503075030750308,0.6002460024600246,0.4698646986469865,0.6068060680606806,0,IRSUIPLANYR,274
IRKRATREC,108.43855268072511,7.534944708894004e-12,0.00022816647526635792,0.7232472324723247,0.6543665436654367,0.43788437884378845,0.6051660516605166,0,IRSUIPLANYR,275
TRQNMFLAG,142.4377098084471,5.674141107971011e-12,0.00028203239854729677,0.8142681426814268,0.5166051660516605,0.48093480934809346,0.6039360393603935,0,IRSUIPLANYR,276
BKDRVINF,100.16013542269498,7.519465095368773e-12,0.00028966872454385865,0.6765067650676507,0.6457564575645757,0.4858548585485855,0.6027060270602707,0,IRSUIPLANYR,277
METHMOLST,104.42879384083268,8.859832642534195e-12,0.00016866150398963504,0.6961869618696187,0.7435424354243543,0.3677736777367774,0.6025010250102502,0,IRSUIPLANYR,278
CIGSATIS,71.74401797371473,8.621789597209954e-12,0.00036477600411645016,0.5412054120541205,0.7170971709717097,0.5448954489544895,0.6010660106601066,0,IRSUIPLANYR,279
SEDANYYR,97.65563608005624,4.8557324984241694e-12,0.0005563450897015413,0.6715867158671587,0.4575645756457565,0.6678966789667896,0.5990159901599016,0,IRSUIPLANYR,280
HALLUCYR,149.56871899820425,6.467114860885068e-12,0.00019009509779235005,0.8277982779827798,0.5756457564575646,0.3923739237392374,0.5986059860598606,0,IRSUIPLANYR,281
PNRNMYR,141.0923755204515,5.086211607769686e-12,0.00031514795118396557,0.8118081180811808,0.4747847478474785,0.4993849938499385,0.5953259532595325,0,IRSUIPLANYR,282
UD5OPIANY2,234.09789217195473,4.9037734480513565e-12,0.00018390101073170062,0.9372693726937269,0.46494464944649444,0.3837638376383764,0.5953259532595325,1,IRSUIPLANYR,283
BZOANYYR,88.38281574009504,6.010850056711953e-12,0.00043739205345089875,0.6396063960639606,0.5387453874538746,0.6063960639606396,0.5949159491594916,0,IRSUIPLANYR,284
OTHRSEDANY,106.756853713827,3.671383430738066e-12,0.0005905592022139133,0.7207872078720787,0.36900369003690037,0.6937269372693727,0.5945059450594505,0,IRSUIPLANYR,285
LVLDIFHEAR2,48.895077460189775,5.789468737578772e-12,0.000832765285647465,0.45510455104551045,0.5227552275522755,0.8007380073800738,0.5928659286592867,0,IRSUIPLANYR,286
UD5TRQSDANY,298.39901513764335,3.892939748583077e-12,0.0002152312435487563,0.9692496924969249,0.3837638376383764,0.4218942189421894,0.5916359163591636,1,IRSUIPLANYR,287
CIGINCRS,61.112638368872744,8.621789597209954e-12,0.0003689473627844071,0.5043050430504306,0.7170971709717097,0.5510455104551045,0.5908159081590817,0,IRSUIPLANYR,288
RSKCIGPKD,29.55416741735463,8.54867356705916e-12,0.0007141904935790523,0.3111931119311193,0.7004920049200491,0.7589175891758918,0.5902009020090201,0,IRSUIPLANYR,289
TRQMAINRSN,134.8416100825913,7.305899025437618e-12,0.00015719853128963592,0.7945879458794588,0.6248462484624846,0.34809348093480935,0.5891758917589175,0,IRSUIPLANYR,290
BKFRAUD,79.98107415055654,7.519465095368773e-12,0.0003349567070526679,0.6027060270602707,0.6457564575645757,0.5166051660516605,0.5883558835588357,0,IRSUIPLANYR,291
CIGREGDY,64.56214315812636,8.621789597209954e-12,0.0003497638043696263,0.5129151291512916,0.7170971709717097,0.5325953259532595,0.5875358753587535,0,IRSUIPLANYR,292
COCYRBFR,68.0057153981442,9.635373103909866e-12,0.0002733033528423771,0.5252152521525215,0.7644526445264452,0.47232472324723246,0.5873308733087331,0,IRSUIPLANYR,293
RXBZOTANY,76.43370137296782,5.497840445962641e-12,0.0005794702827817601,0.5744157441574416,0.5006150061500615,0.6863468634686347,0.5871258712587126,0,IRSUIPLANYR,294
TELEAPTYR2,45.90176215059809,5.8277359537172035e-12,0.0008519837116587256,0.43050430504305043,0.5252152521525215,0.8056580565805658,0.5871258712587125,0,IRSUIPLANYR,295
COCMLU,68.0057153981442,9.635373103909866e-12,0.0002663163425033366,0.5252152521525215,0.7644526445264452,0.46740467404674046,0.585690856908569,0,IRSUIPLANYR,296
GRSKCIGPKD,27.390486951510105,8.54867356705916e-12,0.0007173312468850827,0.2939729397293973,0.7004920049200491,0.7601476014760148,0.584870848708487,0,IRSUIPLANYR,297
DRVINMARJ2,158.2467539542179,6.852535051110655e-12,0.00013185873603244858,0.8450184501845018,0.5916359163591636,0.3148831488314883,0.5838458384583846,0,IRSUIPLANYR,298
UADSCHL,83.43975754941332,7.211976415728135e-12,0.00033994296700498507,0.6137761377613776,0.6150061500615006,0.5227552275522755,0.5838458384583846,0,IRSUIPLANYR,299
ALCMLU,24.655975622430006,8.495112080664967e-12,0.0007580681385888883,0.2730627306273063,0.6974169741697417,0.7749077490774908,0.5817958179581796,0,IRSUIPLANYR,300
UDYR5PNRANY2,231.0932428546808,4.866611463261397e-12,0.0001620118426004785,0.9286592865928659,0.45879458794587946,0.35547355473554737,0.5809758097580976,1,IRSUIPLANYR,301
FUCD218,49.1100783342623,8.689505443746098e-12,0.0003653655332510425,0.4575645756457565,0.7343173431734318,0.5473554735547356,0.5797457974579746,0,IRSUIPLANYR,302
PREGSTAT,29.332958854922374,7.455701520642151e-12,0.0008015889323033213,0.3081180811808118,0.6365313653136532,0.7933579335793358,0.5793357933579336,0,IRSUIPLANYR,303
TRQANYFLAG,57.03434274282671,6.572044074377052e-12,0.0005569481212304588,0.48093480934809346,0.5854858548585485,0.6691266912669127,0.5785157851578516,0,IRSUIPLANYR,304
DIFOBTCOC,47.35640103907103,6.428631256304078e-12,0.0006374523618346483,0.4403444034440344,0.5719557195571956,0.7170971709717097,0.5764657646576467,0,IRSUIPLANYR,305
CIGREGWK,54.71014270081964,8.621789597209954e-12,0.00035301189321334544,0.4735547355473555,0.7170971709717097,0.5387453874538746,0.5764657646576465,0,IRSUIPLANYR,306
IRNPCOLDREC,79.40582571995448,7.777527214690211e-12,0.00025286823956940696,0.6002460024600246,0.6605166051660517,0.4612546125461255,0.5740057400574006,0,IRSUIPLANYR,307
DRVINCOCN,67.90634851595757,9.630856884587107e-12,0.00021852882735666187,0.5202952029520295,0.7626076260762608,0.42558425584255843,0.5694956949569495,0,IRSUIPLANYR,308
HPQTTOB,46.74615456666295,7.348413697041514e-12,0.0005164777221486411,0.43665436654366546,0.6297662976629766,0.6420664206642066,0.5694956949569495,0,IRSUIPLANYR,309
DIFGETMRJ,40.30859913568614,5.901017765124862e-12,0.0007538162980865585,0.4022140221402214,0.5276752767527675,0.7736777367773677,0.5678556785567855,0,IRSUIPLANYR,310
UADROTH,85.90545726911526,7.243449346819744e-12,0.00023395745502196848,0.6334563345633456,0.6211562115621156,0.44280442804428044,0.5658056580565806,0,IRSUIPLANYR,311
CIGMLU,32.33552718171514,8.621789597209954e-12,0.0005163837108637274,0.33825338253382536,0.7170971709717097,0.6408364083640836,0.5653956539565396,0,IRSUIPLANYR,312
PREGST,29.332958854922374,7.455701520642151e-12,0.000704306346129368,0.3081180811808118,0.6365313653136532,0.7515375153751538,0.5653956539565396,0,IRSUIPLANYR,313
IRPMNICDEP,89.07942351662567,5.760708153689764e-12,0.00034506913185554714,0.6420664206642066,0.5215252152521526,0.5289052890528906,0.5641656416564166,0,IRSUIPLANYR,314
UADPUBL,83.43975754941332,7.211976415728135e-12,0.0002562073410105045,0.6137761377613776,0.6150061500615006,0.46248462484624847,0.5637556375563756,0,IRSUIPLANYR,315
HLCNOTYR,33.30657253330371,8.856383661482292e-12,0.0004312072067722024,0.34932349323493234,0.7416974169741697,0.5977859778597786,0.5629356293562936,0,IRSUIPLANYR,316
CIGLOTMR,56.54503793104674,8.621789597209954e-12,0.0003013613332950767,0.47724477244772445,0.7170971709717097,0.4932349323493235,0.5625256252562526,0,IRSUIPLANYR,317
STMNMFLAG,113.19719157264498,5.537331233448875e-12,0.00023054985927333944,0.7429274292742928,0.5043050430504306,0.4403444034440344,0.5625256252562526,0,IRSUIPLANYR,318
SEDNMFLAG,186.1277909357537,4.7038429562399565e-12,0.00016560870078018633,0.8769987699876999,0.44280442804428044,0.3628536285362854,0.5608856088560886,0,IRSUIPLANYR,319
GRSKCOCMON,24.02487860444594,8.339387159421239e-12,0.0006548156901477806,0.2650676506765068,0.6894218942189422,0.7244772447724477,0.5596555965559655,0,IRSUIPLANYR,320
BKDRUNK,85.26705902596031,7.519465095368773e-12,0.00019358325384966112,0.6236162361623616,0.6457564575645757,0.3960639606396064,0.5551455514555146,0,IRSUIPLANYR,321
RSKCOCMON,24.02487860444594,8.339387159421239e-12,0.0006113689815150854,0.2650676506765068,0.6894218942189422,0.7109471094710947,0.5551455514555146,0,IRSUIPLANYR,322
CIGFNLKE,32.33552718171514,8.621789597209954e-12,0.00044365804178237686,0.33825338253382536,0.7170971709717097,0.6100861008610086,0.5551455514555145,0,IRSUIPLANYR,323
CIGREGNM,49.0887296882115,8.621789597209954e-12,0.0002957344840720517,0.45633456334563344,0.7170971709717097,0.4883148831488315,0.5539155391553915,0,IRSUIPLANYR,324
BKBURGL,77.83394171304187,7.519465095368773e-12,0.00021662126526396285,0.5904059040590406,0.6457564575645757,0.4231242312423124,0.5530955309553095,0,IRSUIPLANYR,325
CIGYRBFR,32.33552718171514,8.621789597209954e-12,0.0004328884187601537,0.33825338253382536,0.7170971709717097,0.6039360393603936,0.5530955309553095,0,IRSUIPLANYR,326
BKSMASLT,74.75851516052427,7.519465095368773e-12,0.0002479278541891127,0.5553505535055351,0.6457564575645757,0.45633456334563344,0.5524805248052481,0,IRSUIPLANYR,327
RXTRAMANY2,71.90154615200959,4.341166432464146e-12,0.0005906464713729999,0.5448954489544895,0.41697416974169743,0.6949569495694957,0.5522755227552275,0,IRSUIPLANYR,328
BKSEXNR,83.46666025915152,7.519465095368773e-12,0.00019006308775034093,0.6174661746617466,0.6457564575645757,0.39114391143911437,0.5514555145551455,0,IRSUIPLANYR,329
BKROB,74.75851516052427,7.519465095368773e-12,0.0002456636420286509,0.5553505535055351,0.6457564575645757,0.45141451414514144,0.5508405084050841,0,IRSUIPLANYR,330
SRCTRQNM2,131.78371958802776,6.879450464948519e-12,0.00010665394208675016,0.7872078720787208,0.5928659286592866,0.27183271832718325,0.5506355063550635,0,IRSUIPLANYR,331
GRSKCOCWK,25.558548714769312,7.894229318015183e-12,0.0005833790128908523,0.2822878228782288,0.6734317343173432,0.6900369003690037,0.5485854858548586,0,IRSUIPLANYR,332
SEVYRSEDANY,214.3972397681025,5.40179365736524e-12,8.926850876478594e-05,0.9114391143911439,0.4920049200492005,0.24231242312423124,0.5485854858548586,1,IRSUIPLANYR,333
UADPEOP,80.39645724974596,7.287882720031176e-12,0.00021381827022513587,0.6057810578105781,0.6230012300123001,0.41697416974169743,0.5485854858548586,0,IRSUIPLANYR,334
UADBAR,94.30705853798037,7.211976415728135e-12,0.00017037224865994652,0.6605166051660517,0.6150061500615006,0.36900369003690037,0.5481754817548176,0,IRSUIPLANYR,335
FUMETHAM21,117.16980961818963,7.1611581599297765e-12,0.00010819406244634927,0.7576875768757687,0.6100861008610086,0.2742927429274293,0.5473554735547356,0,IRSUIPLANYR,336
CIGNMCHG,34.57935391740341,8.621789597209954e-12,0.0003890309581404803,0.3591635916359164,0.7170971709717097,0.5658056580565806,0.5473554735547355,0,IRSUIPLANYR,337
SYNSTMREC,191.31250885257734,4.842668095530331e-12,0.00012132360983721614,0.8862238622386224,0.453259532595326,0.2988929889298893,0.5461254612546126,0,IRSUIPLANYR,338
TOBVNICFLAG,57.44280393588591,7.10689652594753e-12,0.00036504538753763885,0.4833948339483395,0.6076260762607626,0.5461254612546126,0.5457154571545716,0,IRSUIPLANYR,339
CIGDLMLU,32.33552718171514,8.621789597209954e-12,0.00040694254698964675,0.33825338253382536,0.7170971709717097,0.5817958179581796,0.5457154571545715,0,IRSUIPLANYR,340
CIGNOINF,32.33552718171514,8.621789597209954e-12,0.0004058894983942214,0.33825338253382536,0.7170971709717097,0.5805658056580566,0.5453054530545306,0,IRSUIPLANYR,341
MXMJPNLT,36.292769480265136,4.359325937772046e-12,0.0009838859870101386,0.3763837638376384,0.4194341943419434,0.8388683886838868,0.5448954489544895,0,IRSUIPLANYR,342
METHNDAYYR,144.4831169187528,6.6042378378269e-12,7.736596424135614e-05,0.8191881918819188,0.5879458794587946,0.22140221402214022,0.5428454284542846,0,IRSUIPLANYR,343
CADRKMARJ2,84.48568195203676,5.462489859332675e-12,0.000318516591035858,0.6223862238622386,0.4969249692496925,0.5055350553505535,0.5416154161541615,0,IRSUIPLANYR,344
SNRLGIMP,22.748778684880072,5.958453467735933e-12,0.0009864168167987586,0.24600246002460024,0.5313653136531366,0.8413284132841329,0.5395653956539566,0,IRSUIPLANYR,345
CIGAVOID,32.33552718171514,8.621789597209954e-12,0.0003793308935830108,0.33825338253382536,0.7170971709717097,0.5608856088560885,0.5387453874538745,0,IRSUIPLANYR,346
BKMVTHFT,74.75851516052427,7.519465095368773e-12,0.0002116714488069752,0.5553505535055351,0.6457564575645757,0.4132841328413284,0.5381303813038131,0,IRSUIPLANYR,347
CIGINCTL,32.33552718171514,8.621789597209954e-12,0.00037616756942135014,0.33825338253382536,0.7170971709717097,0.5571955719557196,0.5375153751537515,0,IRSUIPLANYR,348
SRCSTMNM2,113.41830716017697,6.9268957069242435e-12,0.00010354726443201832,0.7453874538745388,0.5990159901599016,0.26814268142681424,0.5375153751537515,0,IRSUIPLANYR,349
SYNMRJREC,59.47888117426867,7.863179444752566e-12,0.00023733980760016509,0.501230012300123,0.6660516605166051,0.44526445264452646,0.5375153751537515,0,IRSUIPLANYR,350
IRIMFREC,176.2554318194342,6.247649135348546e-12,6.273256773178633e-05,0.8646986469864698,0.5571955719557196,0.1881918819188192,0.5366953669536695,0,IRSUIPLANYR,351
SMKMOLAST,35.082594604674554,7.915913707991877e-12,0.00038400526635050766,0.3628536285362854,0.6752767527675276,0.5645756457564576,0.5342353423534235,0,IRSUIPLANYR,352
SNRLFRND,22.515944515655466,5.727685797662101e-12,0.000984527438585982,0.24354243542435425,0.5190651906519065,0.8400984009840098,0.5342353423534235,0,IRSUIPLANYR,353
UADCAR,83.43975754941332,7.211976415728135e-12,0.00017364879062778236,0.6137761377613776,0.6150061500615006,0.37392373923739236,0.5342353423534235,0,IRSUIPLANYR,354
COCYDAYS,106.5290932221175,6.89725690026164e-12,0.00011629217882692644,0.7170971709717097,0.5953259532595326,0.2890528905289053,0.5338253382533825,0,IRSUIPLANYR,355
FLTMRKEVER2,122.98129653478249,5.0394236082754255e-12,0.00016700735232673245,0.7687576875768758,0.46863468634686345,0.3640836408364084,0.5338253382533825,0,IRSUIPLANYR,356
CRKMLU,85.27072630310379,7.073322292336084e-12,0.00016748836631789207,0.6260762607626076,0.6057810578105781,0.36531365313653136,0.532390323903239,0,IRSUIPLANYR,357
UADEVNT,85.85039998679909,7.211976415728135e-12,0.00015767203374437007,0.6322263222632226,0.6150061500615006,0.34932349323493234,0.5321853218532185,0,IRSUIPLANYR,358
FLVVAPMON,115.51536093193987,3.782933067979105e-12,0.0002470025737944704,0.7552275522755227,0.3800738007380074,0.45510455104551045,0.5301353013530136,0,IRSUIPLANYR,359
UADOTHM,83.43975754941332,7.211976415728135e-12,0.00016493929917048468,0.6137761377613776,0.6150061500615006,0.36162361623616235,0.5301353013530136,0,IRSUIPLANYR,360
UDYR5TRQANY,218.45058816842297,2.8501378092262548e-12,0.0001731590675065972,0.922509225092251,0.2952029520295203,0.3726937269372694,0.5301353013530136,1,IRSUIPLANYR,361
RSKCOCWK,25.558548714769312,7.894229318015183e-12,0.0004948373511086374,0.2822878228782288,0.6734317343173432,0.6322263222632226,0.5293152931529316,0,IRSUIPLANYR,362
SYNMRJFLAG,113.87462530529176,4.410597962439757e-12,0.00020863872804107876,0.7478474784747847,0.42435424354243545,0.40836408364083643,0.5268552685526855,0,IRSUIPLANYR,363
TQSDNMYR,176.62354031201076,4.3782436605501736e-12,0.00011672007967970907,0.8671586715867159,0.42066420664206644,0.2915129151291513,0.5264452644526446,0,IRSUIPLANYR,364
MJONLYFLAG2,23.437139864000248,6.316663825356022e-12,0.0007116643665479893,0.2570725707257073,0.5645756457564576,0.7564575645756457,0.5260352603526035,0,IRSUIPLANYR,365
CDUFLAG,40.42261868197205,6.040425237005825e-12,0.00047968060133192616,0.4059040590405904,0.5399753997539976,0.6297662976629766,0.5252152521525216,0,IRSUIPLANYR,366
SYNMRJEVR,59.47888117426867,7.863179444752566e-12,0.000201630841168273,0.501230012300123,0.6660516605166051,0.4059040590405904,0.5243952439524395,0,IRSUIPLANYR,367
DAMTFXFLAG,148.6107430385388,3.936846775813019e-12,0.0001635919727241366,0.8241082410824109,0.3874538745387454,0.36039360393603936,0.5239852398523985,0,IRSUIPLANYR,368
CIGSVLHR,32.33552718171514,8.621789597209954e-12,0.00033409868644296926,0.33825338253382536,0.7170971709717097,0.5141451414514145,0.5231652316523165,0,IRSUIPLANYR,369
COCFLAG,68.55421487879583,6.204983409139992e-12,0.000290567129149995,0.5276752767527675,0.5535055350553506,0.4870848708487085,0.5227552275522755,0,IRSUIPLANYR,370
UADPAID,80.39645724974596,7.287882720031176e-12,0.00015166781570506537,0.6057810578105781,0.6230012300123001,0.33948339483394835,0.5227552275522755,0,IRSUIPLANYR,371
UADHOME,83.43975754941332,7.211976415728135e-12,0.0001487573912927512,0.6137761377613776,0.6150061500615006,0.33825338253382536,0.5223452234522346,0,IRSUIPLANYR,372
MILTCHLDR,30.38726332819051,6.525505966107416e-12,0.0005464776599840639,0.31857318573185733,0.5805658056580566,0.6617466174661747,0.5202952029520295,0,IRSUIPLANYR,373
HERMLU,94.7867016694288,6.9882116143455905e-12,0.00011824846737552385,0.6629766297662977,0.6033210332103321,0.2939729397293973,0.5200902009020091,0,IRSUIPLANYR,374
PSYANYFLAG2,31.50368045818084,4.834707678551941e-12,0.0007741251517752262,0.3247232472324723,0.45141451414514144,0.7810578105781057,0.5190651906519065,0,IRSUIPLANYR,375
WRK35WKUS,34.24407839938004,6.307293025158816e-12,0.0005004258465558965,0.35731857318573185,0.5633456334563346,0.6346863468634686,0.518450184501845,0,IRSUIPLANYR,376
CIGPLANE,32.33552718171514,8.621789597209954e-12,0.0003071166377039829,0.33825338253382536,0.7170971709717097,0.4969249692496925,0.5174251742517425,0,IRSUIPLANYR,377
WRKSELFEM,13.956578930994166,7.391931196410013e-12,0.0006751419925720644,0.18081180811808117,0.6334563345633456,0.7380073800738007,0.5174251742517425,0,IRSUIPLANYR,378
SVYRTQSDMIS,207.08386401651393,5.630169058778783e-12,4.074032374702297e-05,0.9040590405904059,0.5079950799507995,0.13899138991389914,0.5170151701517015,1,IRSUIPLANYR,379
FUMETHAM18,108.63125144136811,6.132989663856749e-12,0.00010885529050376239,0.7275522755227553,0.5448954489544895,0.2767527675276753,0.51640016400164,0,IRSUIPLANYR,380
DRVINHERN,93.59816567374749,6.974943920804729e-12,0.00011365757134243103,0.6592865928659286,0.6014760147601476,0.2878228782287823,0.5161951619516195,0,IRSUIPLANYR,381
RXOXCOANY2,66.13758531285758,4.893265921060253e-12,0.0003904692523872192,0.5166051660516605,0.46371463714637146,0.5682656826568265,0.5161951619516195,0,IRSUIPLANYR,382
TRQNMYR,139.38311027917538,3.6157684905916025e-12,0.00017869160637394934,0.8031980319803198,0.3628536285362854,0.3813038130381304,0.5157851578515785,0,IRSUIPLANYR,383
CIGWAKE,32.33552718171514,8.621789597209954e-12,0.0002975877974766255,0.33825338253382536,0.7170971709717097,0.48954489544895446,0.5149651496514965,0,IRSUIPLANYR,384
DIFGETCOC,41.49435992776618,4.048176215031851e-12,0.000696155527428554,0.4071340713407134,0.3936039360393604,0.7429274292742928,0.5145551455514555,0,IRSUIPLANYR,385
RSKMRJMON,24.13507494458439,5.521999529797721e-12,0.0007450495546157891,0.26814268142681424,0.5030750307503075,0.7712177121771218,0.5141451414514145,0,IRSUIPLANYR,386
STMMAINRSN,105.66004689874687,7.1472208388524245e-12,7.685985113059754e-05,0.7134071340713407,0.6088560885608856,0.2201722017220172,0.5141451414514145,0,IRSUIPLANYR,387
BOOKED,46.71044558953491,6.317920359851778e-12,0.0003531628078544032,0.4354243542435424,0.566420664206642,0.5399753997539976,0.5139401394013939,0,IRSUIPLANYR,388
METHAMFLAG,105.09143084916911,5.3817121253641724e-12,0.00015518884495874593,0.7035670356703567,0.48954489544895446,0.34686346863468637,0.5133251332513326,0,IRSUIPLANYR,389
WRKEFFORT,29.582435560673893,7.575272846005777e-12,0.00039114725365881975,0.3124231242312423,0.6580565805658056,0.5694956949569495,0.5133251332513326,0,IRSUIPLANYR,390
BKDRUG,74.75851516052427,7.519465095368773e-12,0.00014678395899669276,0.5553505535055351,0.6457564575645757,0.33456334563345635,0.5118901189011891,0,IRSUIPLANYR,391
MJEATMON,73.863862899971,5.294614892944858e-12,0.00030444696515161417,0.5498154981549815,0.4833948339483395,0.4956949569495695,0.5096350963509635,0,IRSUIPLANYR,392
CIGFNSMK,32.33552718171514,8.621789597209954e-12,0.0002720366080960603,0.33825338253382536,0.7170971709717097,0.4710947109471095,0.5088150881508815,0,IRSUIPLANYR,393
RXCODEANY2,48.72098536816588,3.8015646716071306e-12,0.0005895124205713406,0.45264452644526443,0.3813038130381304,0.6924969249692496,0.5088150881508815,0,IRSUIPLANYR,394
IRSYNSTMREC,191.31250885257734,5.04733573724014e-12,5.588713416270859e-05,0.8862238622386224,0.4698646986469865,0.16974169741697417,0.508610086100861,0,IRSUIPLANYR,395
RSKBNGDLY,16.267635934365536,6.135625984676611e-12,0.0007437310644291172,0.2078720787207872,0.5479704797047971,0.7699876998769988,0.508610086100861,0,IRSUIPLANYR,396
BKOTH,74.75851516052427,7.519465095368773e-12,0.00014002264680039266,0.5553505535055351,0.6457564575645757,0.32226322263222634,0.507790077900779,0,IRSUIPLANYR,397
ANYNEDYR,186.3219398149119,2.310825207055061e-12,0.00018849501092849108,0.8782287822878229,0.25092250922509224,0.3899138991389914,0.5063550635506355,0,IRSUIPLANYR,398
NOBOOKY2,47.729458210350465,6.317920359851778e-12,0.000329685564951769,0.44157441574415746,0.566420664206642,0.5104551045510455,0.506150061500615,0,IRSUIPLANYR,399
SNRLDCSN,19.111090635348322,5.3276490713758545e-12,0.0008437416800202784,0.22632226322263221,0.4883148831488315,0.8031980319803198,0.5059450594505944,0,IRSUIPLANYR,400
IRPYSEV5COC,139.42883422477627,5.623500178631477e-12,6.53231441077546e-05,0.8056580565805658,0.5067650676506765,0.2004920049200492,0.5043050430504304,0,IRSUIPLANYR,401
GRSKBNGDLY,9.170716174329105,6.135625984676611e-12,0.000892225003691385,0.14268142681426815,0.5479704797047971,0.8204182041820418,0.5036900369003691,0,IRSUIPLANYR,402
KRATEVER,48.04871507939469,7.376786028483081e-12,0.00022733063292949785,0.44341943419434193,0.6316113161131611,0.4354243542435424,0.5034850348503485,0,IRSUIPLANYR,403
SVYRTQSDUNM,105.3086067283,5.156364062213364e-12,0.0001420202551204099,0.7047970479704797,0.47724477244772445,0.3284132841328413,0.5034850348503485,0,IRSUIPLANYR,404
KRATOMFLAG,108.4385526809085,4.0795328007413595e-12,0.00018755338556903763,0.7244772447724477,0.3960639606396064,0.3886838868388684,0.5030750307503075,0,IRSUIPLANYR,405
CGRYR,57.91938153697942,4.546108211781766e-12,0.00041205923648747955,0.4883148831488315,0.43050430504305043,0.5879458794587946,0.5022550225502255,0,IRSUIPLANYR,406
KRATREC,48.04871507939469,7.376786028483081e-12,0.0002238553920784951,0.44341943419434193,0.6316113161131611,0.4317343173431734,0.5022550225502255,0,IRSUIPLANYR,407
IRPYSEV5HAL,157.56459951284913,4.878227295258804e-12,6.52271579999604e-05,0.8437884378843789,0.4612546125461255,0.1992619926199262,0.5014350143501435,0,IRSUIPLANYR,408
BKSRVIOL,74.75851516052427,7.519465095368773e-12,0.0001228627716422178,0.5553505535055351,0.6457564575645757,0.3013530135301353,0.500820008200082,0,IRSUIPLANYR,409
ASTHMAEVR2,26.441645860602023,6.918140935397853e-12,0.0004533709654590974,0.2872078720787208,0.5971709717097171,0.6162361623616236,0.5002050020500205,0,IRSUIPLANYR,410
FUCRK21,108.63125144136811,5.637193013075606e-12,9.886133698329113e-05,0.7275522755227553,0.5092250922509225,0.26199261992619927,0.499589995899959,0,IRSUIPLANYR,411
LVLDIFWALK2,36.44656187573299,4.6570370083902654e-12,0.0005695548869854623,0.37884378843788435,0.4403444034440344,0.6789667896678967,0.49938499384993856,0,IRSUIPLANYR,412
BKLARCNY,74.75851516052427,7.519465095368773e-12,0.0001126446736899123,0.5553505535055351,0.6457564575645757,0.2853628536285363,0.495489954899549,0,IRSUIPLANYR,413
MILTSIBLN,14.495787292682524,6.525505966107416e-12,0.0006268609786270994,0.1900369003690037,0.5805658056580566,0.7134071340713407,0.494669946699467,0,IRSUIPLANYR,414
UDYR5STMANY,211.5324675772421,3.4264716436210955e-12,8.772355111047007e-05,0.9077490774907749,0.33825338253382536,0.23739237392373924,0.49446494464944646,1,IRSUIPLANYR,415
MJCMOTHYR,83.25731897991264,4.249556321589556e-12,0.00025981664821468094,0.6100861008610086,0.4071340713407134,0.46371463714637146,0.49364493644936447,0,IRSUIPLANYR,416
GRSKHERWK,13.661319931510711,6.138570093785858e-12,0.0007022942918643333,0.17896678966789667,0.550430504305043,0.7478474784747847,0.4924149241492415,0,IRSUIPLANYR,417
BKARSON,74.75851516052427,7.519465095368773e-12,0.00010565143572426697,0.5553505535055351,0.6457564575645757,0.27060270602706027,0.49056990569905706,0,IRSUIPLANYR,418
RSKHERWK,13.661319931510711,6.138570093785858e-12,0.0006951898615727598,0.17896678966789667,0.550430504305043,0.7416974169741697,0.4903649036490365,0,IRSUIPLANYR,419
DIFOBTLSD,36.41885995060918,4.877034819927102e-12,0.0004901173530938108,0.37761377613776137,0.46002460024600245,0.6309963099630996,0.4895448954489545,0,IRSUIPLANYR,420
NPCOLDFLAG,79.40582571979257,4.322085073969861e-12,0.00024570488986434293,0.5990159901599016,0.4145141451414514,0.45264452644526443,0.48872488724887253,0,IRSUIPLANYR,421
IRUD5PNRMIS,172.82125800454094,2.821153093103069e-12,0.0001264410919472036,0.8610086100861009,0.2939729397293973,0.3075030750307503,0.48749487494874955,0,IRSUIPLANYR,422
MILTFAMLY,14.495787292682524,6.525505966107416e-12,0.000580919207033143,0.1900369003690037,0.5805658056580566,0.6888068880688807,0.48646986469864695,0,IRSUIPLANYR,423
MILTPARNT,14.495787292682524,6.525505966107416e-12,0.000576175208089531,0.1900369003690037,0.5805658056580566,0.6838868388683886,0.48482984829848297,0,IRSUIPLANYR,424
DIFGETLSD,37.06810104489304,2.896309018787769e-12,0.0007329545938784951,0.38253382533825336,0.2976629766297663,0.7662976629766297,0.48216482164821645,0,IRSUIPLANYR,425
MJONLYYR2,29.521065089007568,4.4015262931999295e-12,0.000606358475700233,0.30996309963099633,0.4218942189421894,0.7047970479704797,0.4788847888478885,0,IRSUIPLANYR,426
IRPYSEV5MTH,120.89957585862406,5.802626163647191e-12,4.344431078926427e-05,0.7638376383763837,0.5239852398523985,0.14514145141451415,0.4776547765477655,0,IRSUIPLANYR,427
FUCOC18,76.51967795272961,6.582174647453248e-12,0.00010176650830646529,0.5756457564575646,0.5867158671586716,0.26691266912669126,0.47642476424764246,0,IRSUIPLANYR,428
FUHER21,102.66766730210759,5.638588865094185e-12,8.557855189378168e-05,0.6863468634686347,0.5104551045510455,0.23247232472324722,0.47642476424764246,0,IRSUIPLANYR,429
HALLNDAYPM,70.81123139045174,5.895097418916851e-12,0.00016271879714370752,0.5387453874538746,0.5264452644526445,0.3591635916359164,0.4747847478474785,0,IRSUIPLANYR,430
WRKNUMJOB2,50.17230613932376,2.490072611758735e-12,0.0005878454968809095,0.46248462484624847,0.2693726937269373,0.6912669126691267,0.4743747437474375,0,IRSUIPLANYR,431
DIFGETHER,33.73057699490506,3.151254806022468e-12,0.0007034583532430226,0.35178351783517836,0.31857318573185733,0.7503075030750308,0.4735547355473555,0,IRSUIPLANYR,432
SYNSTMYR,371.8798557020688,1.3165855186162498e-12,0.00012053173428166449,0.984009840098401,0.13776137761377613,0.2976629766297663,0.47314473144731445,1,IRSUIPLANYR,433
UADFRD,56.5696948498895,6.069216672265562e-12,0.00019384138444659177,0.479089790897909,0.541820418204182,0.3972939729397294,0.47273472734727345,0,IRSUIPLANYR,434
IRSEVSEDMIS,197.34016797354911,4.5668090515705654e-12,1.943185240345907e-05,0.8954489544895449,0.43419434194341944,0.08610086100861009,0.47191471914719146,0,IRSUIPLANYR,435
DIFOBTCRK,28.84158197196279,4.6304063152647754e-12,0.0005619492349396522,0.3025830258302583,0.43911439114391143,0.6728167281672817,0.47150471504715047,0,IRSUIPLANYR,436
ASTHMANOW,26.441645860602023,6.918140935397853e-12,0.0003444754474303077,0.2872078720787208,0.5971709717097171,0.5276752767527675,0.4706847068470685,0,IRSUIPLANYR,437
FUECSTMO18,73.43713758975254,5.933534140146284e-12,0.00014646698352878577,0.5473554735547356,0.5301353013530136,0.3333333333333333,0.4702747027470275,0,IRSUIPLANYR,438
RXMTHPANY,90.7481394301277,3.1820950849521023e-12,0.0002146716038569803,0.6457564575645757,0.32718327183271834,0.4194341943419434,0.46412464124641245,0,IRSUIPLANYR,439
UADFWHO,56.5696948498895,6.069216672265562e-12,0.00017292154155978696,0.479089790897909,0.541820418204182,0.3714637146371464,0.46412464124641245,0,IRSUIPLANYR,440
COCYR,106.52909322231261,3.4418291958016113e-12,0.00014119211298589115,0.7183271832718328,0.34440344403444034,0.32595325953259535,0.46289462894628947,0,IRSUIPLANYR,441
IMFFLAG,176.25543181970093,2.792211341813637e-12,8.16407322579426e-05,0.8659286592865929,0.2902829028290283,0.23124231242312424,0.46248462484624847,0,IRSUIPLANYR,442
HLCLAST,23.827641786486613,5.5671722544221206e-12,0.0004545213579976853,0.26199261992619927,0.5055350553505535,0.6174661746617466,0.4616646166461664,0,IRSUIPLANYR,443
CIGFLAG,32.33552718171514,5.1664932045182495e-12,0.0003895827459966511,0.33825338253382536,0.4784747847478475,0.5670356703567035,0.4612546125461255,0,IRSUIPLANYR,444
RSKHERTRY,8.530263169743131,5.993733009726675e-12,0.0006081659501010804,0.13837638376383765,0.5369003690036901,0.7084870848708487,0.4612546125461255,0,IRSUIPLANYR,445
RXHYDCANY2,32.13048501238282,3.966171448261353e-12,0.000555898332032912,0.32595325953259535,0.39114391143911437,0.6666666666666666,0.4612546125461255,0,IRSUIPLANYR,446
CIGARMLU,15.907914791501252,5.703797414576509e-12,0.0005430806282070588,0.2054120541205412,0.5178351783517835,0.6592865928659286,0.46084460844608444,0,IRSUIPLANYR,447
STMNMYR,113.37930997337784,3.4798844331350415e-12,0.00011023537353517629,0.7441574415744158,0.34686346863468637,0.2816728167281673,0.4575645756457565,0,IRSUIPLANYR,448
IRSEVSTMMIS,135.71791954912356,5.081110659549917e-12,2.90170270241214e-05,0.7970479704797048,0.4710947109471095,0.1045510455104551,0.4575645756457564,0,IRSUIPLANYR,449
CDCGMO,64.87645223225678,5.643101937683576e-12,0.00015374246699142985,0.5141451414514145,0.5116851168511685,0.34317343173431736,0.45633456334563344,0,IRSUIPLANYR,450
BMI2,3.396460737081015,3.0656790805805536e-12,0.0059206460059820715,0.07011070110701106,0.31365313653136534,0.980319803198032,0.45469454694546946,1,IRSUIPLANYR,451
RXOXCOMIS,114.67409636878433,2.6141547917710155e-12,0.0001425613967740951,0.7527675276752768,0.27921279212792127,0.3296432964329643,0.45387453874538747,0,IRSUIPLANYR,452
MILTSPPAR,14.495787292682524,6.525505966107416e-12,0.00041476814928634857,0.1900369003690037,0.5805658056580566,0.5891758917589176,0.453259532595326,0,IRSUIPLANYR,453
BZONMYR,124.04040950087307,3.24462012646254e-12,9.666297135919878e-05,0.7699876998769988,0.33087330873308735,0.2570725707257073,0.4526445264452645,0,IRSUIPLANYR,454
IRSEVTRQMIS,121.92597592750329,4.949140031507903e-12,3.5156390399978736e-05,0.7662976629766297,0.4661746617466175,0.12546125461254612,0.4526445264452645,0,IRSUIPLANYR,455
FUALC21,13.356603555910633,5.455790325843686e-12,0.000572272993971527,0.17712177121771217,0.4956949569495695,0.6814268142681427,0.4514145141451415,0,IRSUIPLANYR,456
RXCLONANY,71.76508143796333,2.8887230155711665e-12,0.0003335510103288147,0.5436654366543665,0.2964329643296433,0.5129151291512916,0.4510045100451004,0,IRSUIPLANYR,457
CHMNDLREC,51.72496009662659,6.088205327494937e-12,0.0001472622936879668,0.46740467404674046,0.5436654366543665,0.33579335793357934,0.44895448954489553,0,IRSUIPLANYR,458
GRSKHERTRY,8.530263169743131,5.993733009726675e-12,0.000558374798529065,0.13837638376383765,0.5369003690036901,0.6703567035670357,0.4485444854448544,0,IRSUIPLANYR,459
DRVINALON,21.125051077682457,3.6711786515118524e-12,0.0006911066815271294,0.23739237392373924,0.3677736777367774,0.7392373923739237,0.44813448134481343,0,IRSUIPLANYR,460
ILTOBVAPALC,29.084171923324554,3.872158323986101e-12,0.0005367021706523102,0.3050430504305043,0.38253382533825336,0.6555965559655597,0.44772447724477243,0,IRSUIPLANYR,461
WRKRSNNOT,14.038129459060144,6.231788702928057e-12,0.00043596445207942495,0.1820418204182042,0.5559655596555966,0.6051660516605166,0.44772447724477243,0,IRSUIPLANYR,462
ALCMON,7.727008406749405,5.470391499572657e-12,0.0006285830699191283,0.12669126691266913,0.4981549815498155,0.7158671586715867,0.44690446904469044,0,IRSUIPLANYR,463
PROB,30.878541995968874,5.667019680196367e-12,0.00030924884381191696,0.3216482164821648,0.514760147601476,0.4981549815498155,0.4448544485444854,0,IRSUIPLANYR,464
DIFOBTHER,27.11805807591346,4.188904713338949e-12,0.0005118941328275092,0.2902829028290283,0.4034440344403444,0.6371463714637147,0.44362443624436243,0,IRSUIPLANYR,465
METHNDAYPM,91.05128935893632,5.399559901604681e-12,6.38164357841984e-05,0.6469864698646987,0.4907749077490775,0.1918819188191882,0.44321443214432144,0,IRSUIPLANYR,466
IRSEVPNRUNM2,69.80653536557827,5.483654416974289e-12,0.00011917883899784403,0.5325953259532595,0.4993849938499385,0.2964329643296433,0.44280442804428044,0,IRSUIPLANYR,467
NEWRACE2,27.324394388813616,2.519965899735428e-12,0.000729220246042267,0.29274292742927427,0.27060270602706027,0.7650676506765067,0.4428044280442804,0,IRSUIPLANYR,468
FPIMFNMYR,152.03576990188438,1.946682930276628e-12,0.00012230253964479927,0.8290282902829028,0.1980319803198032,0.3001230012300123,0.44239442394423945,0,IRSUIPLANYR,469
FUSMKLSS21,23.87490080321084,6.552956841114889e-12,0.0002786894662217205,0.26322263222632225,0.5842558425584256,0.47724477244772445,0.44157441574415746,0,IRSUIPLANYR,470
IMFNDLEVER,71.18709729461696,5.977109900616676e-12,9.269304560384666e-05,0.5399753997539976,0.533210332103321,0.24723247232472326,0.4401394013940139,0,IRSUIPLANYR,471
IROTHHLT,14.482852373806715,5.737415744275213e-12,0.00044899352349408734,0.1863468634686347,0.5202952029520295,0.6137761377613776,0.4401394013940139,0,IRSUIPLANYR,472
ANYNEDFLAG,89.07180488689143,3.514430880237021e-12,0.00014072513438172408,0.6408364083640836,0.35178351783517836,0.3247232472324723,0.43911439114391143,0,IRSUIPLANYR,473
IRHH65_2,32.40561024440766,3.7182142974720935e-12,0.00042589554338562147,0.34809348093480935,0.37392373923739236,0.5928659286592866,0.43829438294382944,0,IRSUIPLANYR,474
SMKLSSFLAG,35.55305568386458,4.491802821878507e-12,0.0003332720852765955,0.37023370233702335,0.42927429274292744,0.5116851168511685,0.43706437064370646,0,IRSUIPLANYR,475
SVYROPIUNM,69.36170551566515,5.326976557173511e-12,0.00011827421046603648,0.5289052890528906,0.4870848708487085,0.2952029520295203,0.43706437064370646,0,IRSUIPLANYR,476
RXBZOTMIS,108.58449370012289,3.0113735591912973e-12,0.00010832344227315416,0.7257072570725708,0.3075030750307503,0.27552275522755226,0.43624436244362447,0,IRSUIPLANYR,477
SRCSEDNM2,104.4463693886729,4.845555377408638e-12,4.640034426769484e-05,0.6998769987699877,0.45510455104551045,0.15252152521525214,0.43583435834358336,0,IRSUIPLANYR,478
IMFEVER,34.91074931681096,5.977109900616676e-12,0.00021005780704102877,0.36039360393603936,0.533210332103321,0.4095940959409594,0.43439934399343993,0,IRSUIPLANYR,479
TOBFLAG,23.451757809923322,3.916362502119073e-12,0.0005422655274696372,0.25830258302583026,0.3849938499384994,0.6580565805658056,0.4337843378433784,0,IRSUIPLANYR,480
HLTINNOS,14.738766039178087,5.08601831065357e-12,0.0004781728960016614,0.1986469864698647,0.4735547355473555,0.6285362853628537,0.43357933579335795,0,IRSUIPLANYR,481
GRSKMRJMON,18.701048213566978,4.5756899053856835e-12,0.0005152908779393237,0.22386223862238622,0.4354243542435424,0.6396063960639606,0.4329643296432964,0,IRSUIPLANYR,482
OPIIMFNMMN2,126.3090408990977,2.742140591851147e-12,8.792196182324762e-05,0.7736777367773677,0.2853628536285363,0.23862238622386223,0.4325543255432554,0,IRSUIPLANYR,483
HLLOSRSN,25.04033763590072,5.171975751394143e-12,0.00035215218451780425,0.27982779827798276,0.4797047970479705,0.5375153751537516,0.43234932349323496,0,IRSUIPLANYR,484
CRKFLAG,87.63710859416369,3.6533328161707426e-12,0.00011636856749424217,0.6383763837638377,0.36654366543665434,0.2902829028290283,0.4317343173431734,0,IRSUIPLANYR,485
DIFGETCRK,23.183608464592155,2.7022853894666336e-12,0.0007130239448222575,0.24969249692496925,0.28413284132841327,0.7576875768757687,0.4305043050430504,0,IRSUIPLANYR,486
CELLNOTCL,24.76932309321823,1.6809984492191101e-12,0.0010093376160673218,0.27552275522755226,0.17097170971709716,0.8437884378843789,0.43009430094300943,0,IRSUIPLANYR,487
PSILCYYR,77.25965349419575,4.058568389028924e-12,0.0001297542019977888,0.5793357933579336,0.3948339483394834,0.31365313653136534,0.42927429274292744,0,IRSUIPLANYR,488
SVYRCNSUNM,85.77816929613094,5.179672893228819e-12,5.772513166512177e-05,0.6309963099630996,0.48093480934809346,0.17589175891758918,0.42927429274292744,0,IRSUIPLANYR,489
IRHHSIZ2,8.906783283202778,4.406411073023725e-12,0.0006455994819470137,0.14145141451414514,0.4231242312423124,0.7207872078720787,0.42845428454284545,0,IRSUIPLANYR,490
HPUSEDRG,6.354976685787529,3.603051736962385e-12,0.0008735162565951925,0.11316113161131611,0.36162361623616235,0.8093480934809348,0.4280442804428044,0,IRSUIPLANYR,491
ALCMDAYS,10.573543969083472,3.364764153565417e-12,0.0007958613812914879,0.15621156211562115,0.33456334563345635,0.7896678966789668,0.4268142681426814,0,IRSUIPLANYR,492
PROBATON,30.878541995968874,5.667019680196367e-12,0.0002354434219073188,0.3216482164821648,0.514760147601476,0.4440344403444034,0.4268142681426814,0,IRSUIPLANYR,493
WTPOUND2,2.406928469700835,2.9717894552112995e-12,0.0049119247028688385,0.041820418204182044,0.3050430504305043,0.931119311193112,0.42599425994259943,1,IRSUIPLANYR,494
ANYNDLREC,44.687470024094715,6.165879757595153e-12,0.00012290684521217325,0.4231242312423124,0.5522755227552275,0.3025830258302583,0.4259942599425994,0,IRSUIPLANYR,495
IRFAMSVC,30.223734011065886,5.500471226329273e-12,0.000248739721354504,0.3173431734317343,0.5018450184501845,0.4575645756457565,0.42558425584255843,0,IRSUIPLANYR,496
CIGPDAY,28.66440916103278,6.386730015367921e-12,0.00019605607045991772,0.3001230012300123,0.5694956949569495,0.4009840098400984,0.4235342353423534,0,IRSUIPLANYR,497
AMYLNIEVER2,63.71007531341241,3.4679121524268857e-12,0.00021041692058156584,0.5116851168511685,0.3456334563345633,0.4108241082410824,0.4227142271422714,0,IRSUIPLANYR,498
RSKBNGWK,5.6821263735837295,3.92777813219396e-12,0.0007977614100172419,0.0910209102091021,0.3862238622386224,0.7908979089790897,0.4227142271422714,0,IRSUIPLANYR,499
FPIMFANYYR2,95.40109810098018,2.361283558055306e-12,0.00015236203776866736,0.6654366543665436,0.25584255842558423,0.34071340713407133,0.42066420664206644,0,IRSUIPLANYR,500
IRSEVTRQUNM,96.55283621224368,4.794591150225268e-12,4.0766559163147644e-05,0.6703567035670357,0.45018450184501846,0.14022140221402213,0.42025420254202545,0,IRSUIPLANYR,501
IRPYUD5COC,139.4288342246054,2.16807348975551e-12,9.187714091356265e-05,0.8044280442804428,0.21033210332103322,0.24477244772447723,0.41984419844198445,0,IRSUIPLANYR,502
RXAMMEMIS,98.87740589868875,3.1494993256843307e-12,0.00010488091861369935,0.6728167281672817,0.3173431734317343,0.2693726937269373,0.41984419844198434,0,IRSUIPLANYR,503
CIG1PACK,28.7967983260242,6.3928234940346996e-12,0.00018572426397849131,0.3013530135301353,0.5707257072570726,0.3862238622386224,0.41943419434194346,0,IRSUIPLANYR,504
METHAMYR,144.4831169184978,3.1487992265445962e-12,3.39858783625437e-05,0.8179581795817958,0.3161131611316113,0.12054120541205413,0.41820418204182036,0,IRSUIPLANYR,505
HTINCHE2,1.6574006113554944,2.932323937196952e-12,0.0042233722221340884,0.02952029520295203,0.3038130381303813,0.9200492004920049,0.41779417794177937,1,IRSUIPLANYR,506
IRSEVSTMUNM,85.53826036208099,5.238907122430003e-12,3.965434087471026e-05,0.6297662976629766,0.4821648216482165,0.13653136531365315,0.4161541615416154,0,IRSUIPLANYR,507
INHNDAYYR2,59.14380086973369,5.6465132810826894e-12,8.690357164263201e-05,0.4969249692496925,0.5129151291512916,0.23616236162361623,0.4153341533415334,0,IRSUIPLANYR,508
IRFAMSSI,19.905635992245458,5.9870784468587415e-12,0.00027844075468185783,0.23124231242312424,0.5350553505535055,0.47601476014760147,0.4141041410414104,0,IRSUIPLANYR,509
CLEFLUEVER2,107.15120100132033,2.104617627613162e-12,0.00012386606642927103,0.7220172201722017,0.2066420664206642,0.3038130381303813,0.4108241082410824,0,IRSUIPLANYR,510
HERFLAG,95.79006409930423,3.5444935052541684e-12,6.747207469565852e-05,0.6666666666666666,0.35670356703567035,0.2054120541205412,0.4095940959409594,0,IRSUIPLANYR,511
RXMORPANY2,53.025923429690046,2.3436620934722236e-12,0.00031660656335087646,0.4710947109471095,0.2521525215252153,0.5030750307503075,0.4087740877408774,0,IRSUIPLANYR,512
PNRNDAYPM,77.38623909020569,5.421074870817799e-12,4.418510033071484e-05,0.5830258302583026,0.4932349323493235,0.14883148831488316,0.4083640836408364,0,IRSUIPLANYR,513
SYNMRJYR,110.96686688551651,1.5833396197328951e-12,0.00012507948825846962,0.7355473554735548,0.16359163591635917,0.3062730627306273,0.40180401804018046,0,IRSUIPLANYR,514
PSYCHMON,72.74924421385872,2.5831853271290794e-12,0.00017494634607261944,0.5461254612546126,0.2767527675276753,0.37761377613776137,0.4001640016400165,0,IRSUIPLANYR,515
BNGDRMDAYS,7.7642143363467575,4.8526029048616674e-12,0.0004453549339463337,0.12792127921279212,0.45633456334563344,0.6125461254612546,0.3989339893398934,0,IRSUIPLANYR,516
SEXRACE,4.0455729309151245,3.231560754382049e-12,0.0007917994555471581,0.07380073800738007,0.3296432964329643,0.7872078720787208,0.39688396883968835,0,IRSUIPLANYR,517
HERSMOEVER,112.43021270455809,2.74240539554859e-12,5.527711338398275e-05,0.7367773677736777,0.2865928659286593,0.16605166051660517,0.39647396473964736,0,IRSUIPLANYR,518
NITOXIEVER2,46.62604720345873,3.500678249866333e-12,0.00019934745040709302,0.43419434194341944,0.34932349323493234,0.4046740467404674,0.3960639606396064,0,IRSUIPLANYR,519
SPAINTEVER2,93.09986547368814,2.180284723352779e-12,0.00013528425745896767,0.6543665436654367,0.2115621156211562,0.3198031980319803,0.39524395243952437,0,IRSUIPLANYR,520
OTHRTRQANY,57.11161431545077,2.2195488348063597e-12,0.00028644214736536517,0.4821648216482165,0.2177121771217712,0.48462484624846247,0.39483394833948343,0,IRSUIPLANYR,521
DRVINDROTMJ,113.76743910127632,2.534592088385286e-12,4.8825256170222385e-05,0.7466174661746617,0.27183271832718325,0.15867158671586715,0.3923739237392374,0,IRSUIPLANYR,522
RXALPRMIS,89.63628518058275,2.3094991987210254e-12,0.00011040875757495973,0.6432964329643296,0.24969249692496925,0.2829028290282903,0.39196391963919636,0,IRSUIPLANYR,523
SMKLSSYR,38.70366500399081,2.9965322930363857e-12,0.0002790943860041676,0.3899138991389914,0.3062730627306273,0.4784747847478475,0.3915539155391554,0,IRSUIPLANYR,524
KETMINFLAG,67.272056664547,2.9269827577085948e-12,0.00016093167309522418,0.5178351783517835,0.3013530135301353,0.35424354243542433,0.3911439114391144,0,IRSUIPLANYR,525
OXYCNANYYR2,62.09033707673096,3.032193100924569e-12,0.0001586708708140493,0.5055350553505535,0.3111931119311193,0.35178351783517836,0.38950389503895044,0,IRSUIPLANYR,526
CGRMDAYS,23.375983705560916,5.300931852672494e-12,0.00021924203819324463,0.25461254612546125,0.48462484624846247,0.42927429274292744,0.3895038950389504,0,IRSUIPLANYR,527
UDYR5SEDANY,207.92469297863937,1.9464299816059962e-12,1.4450300618411524e-05,0.9052890528905289,0.1968019680196802,0.06642066420664207,0.3895038950389504,1,IRSUIPLANYR,528
FUHER18,80.31978259541916,4.716290083476101e-12,3.3744975628317576e-05,0.6039360393603936,0.4440344403444034,0.11931119311193111,0.3890938909389094,0,IRSUIPLANYR,529
IRPYUD5MTH,120.89957585974372,2.347198381550684e-12,4.229725798663635e-05,0.7650676506765067,0.25338253382533826,0.14268142681426815,0.3870438704387044,0,IRSUIPLANYR,530
DIFOBTMRJ,16.709921397057066,1.8188021030239325e-12,0.0007395242956117438,0.21279212792127922,0.17835178351783518,0.7675276752767528,0.38622386223862243,0,IRSUIPLANYR,531
CNSNMMON,83.22381638941656,2.8159653692776997e-12,9.469559098770429e-05,0.6088560885608856,0.29274292742927427,0.2521525215252153,0.38458384583845834,0,IRSUIPLANYR,532
RXAMPHMIS,99.37289145842911,3.0515977181674437e-12,5.377557025284307e-05,0.6752767527675276,0.3124231242312423,0.16482164821648215,0.38417384173841734,0,IRSUIPLANYR,533
HPUSETOB,5.91905426378082,2.6661111053412063e-12,0.0007682389108071731,0.09348093480934809,0.2810578105781058,0.7773677736777368,0.3839688396883969,0,IRSUIPLANYR,534
PNRANYFLAG2,9.646914419708269,1.906681580889855e-12,0.0008678040347962436,0.15129151291512916,0.1918819188191882,0.8068880688806888,0.38335383353833535,0,IRSUIPLANYR,535
IMFYR,143.1224525199999,1.662038071205644e-12,4.7683069089081506e-05,0.8154981549815498,0.16851168511685116,0.15498154981549817,0.3796637966379664,0,IRSUIPLANYR,536
RXLORAANY,46.23559418139407,2.4407830735908152e-12,0.00022882516063677414,0.43296432964329645,0.26322263222632225,0.43911439114391143,0.37843378433784336,0,IRSUIPLANYR,537
RXALPRANY,43.00339412484712,3.1538448136792156e-12,0.00019191870890372531,0.4145141451414514,0.3198031980319803,0.3936039360393604,0.3759737597375974,0,IRSUIPLANYR,538
ILLALCMON,14.34596557482901,2.2897025638898554e-12,0.0006012151514892214,0.18450184501845018,0.24108241082410825,0.7011070110701108,0.3755637556375564,0,IRSUIPLANYR,539
PIPFLAG,30.721951406499326,3.2102950481891653e-12,0.0002761253875091121,0.3198031980319803,0.3284132841328413,0.4747847478474785,0.3743337433374334,0,IRSUIPLANYR,540
SYNSTMMON,178.96353390110428,7.23249920030401e-13,5.584716496575793e-05,0.8708487084870848,0.08118081180811808,0.16851168511685116,0.37351373513735137,0,IRSUIPLANYR,541
DRVINALCO,2.8063078488964415,3.014025587018944e-12,0.0007044449159068424,0.05781057810578106,0.3087330873308733,0.7527675276752768,0.37310373103731037,0,IRSUIPLANYR,542
HALLUCMON,70.81123139025473,2.4396708506132938e-12,0.00012959669908162372,0.5375153751537516,0.26199261992619927,0.3111931119311193,0.3702337023370234,0,IRSUIPLANYR,543
FUSMKLSS18,10.397366827170595,5.0373016129150626e-12,0.00028567869324116503,0.15498154981549817,0.46740467404674046,0.4833948339483395,0.3685936859368593,0,IRSUIPLANYR,544
KRATOMYR,89.81149592271532,2.2387371792405117e-12,8.849446367704371e-05,0.6445264452644527,0.21894218942189422,0.24108241082410825,0.36818368183681843,0,IRSUIPLANYR,545
HPUSEALC,4.1640967355291565,2.6661111053412063e-12,0.0007017034654220875,0.07503075030750307,0.2810578105781058,0.7466174661746617,0.3675686756867569,0,IRSUIPLANYR,546
PCPMLU,35.35786540427473,5.097558957070825e-12,9.597044969697962e-05,0.3677736777367774,0.47601476014760147,0.25461254612546125,0.36613366133661335,0,IRSUIPLANYR,547
SYNSTMFLAG,134.6567148856417,1.591898322243402e-12,4.1531403378669415e-05,0.7921279212792128,0.16482164821648215,0.14145141451414514,0.36613366133661335,0,IRSUIPLANYR,548
IRINSUR4,14.482852373806715,2.7625199594568274e-12,0.000466267114761292,0.1863468634686347,0.2878228782287823,0.6223862238622386,0.3655186551865519,0,IRSUIPLANYR,549
IRUD5STMMIS,135.7179195482669,1.6256971843962382e-12,3.7898950591756984e-05,0.7958179581795818,0.16728167281672818,0.13161131611316113,0.36490364903649036,0,IRSUIPLANYR,550
IRUD5SEDMIS,197.34016797106867,1.1114475364175506e-12,1.7349973942245052e-05,0.8942189421894219,0.11931119311193111,0.07995079950799508,0.36449364493644937,0,IRSUIPLANYR,551
GLUEEVER2,84.45021271305818,2.5552413422453464e-12,6.517874328486255e-05,0.6199261992619927,0.2742927429274293,0.1980319803198032,0.3640836408364084,0,IRSUIPLANYR,552
RXBUPRANY2,74.80658183153996,2.469654691183968e-12,0.00010064778948069382,0.5608856088560885,0.2644526445264453,0.2656826568265683,0.3636736367363673,0,IRSUIPLANYR,553
OTHINS,23.312870591063128,1.4354533709243422e-12,0.0005737480734838711,0.25338253382533826,0.15006150061500614,0.6826568265682657,0.36203362033620334,0,IRSUIPLANYR,554
INHALYR2,59.14380087039713,2.19107343864571e-12,0.0001717210590157499,0.4981549815498155,0.2140221402214022,0.37023370233702335,0.36080360803608036,0,IRSUIPLANYR,555
EDFAM18,7.172739610732637,2.066972015565554e-12,0.000711657310179503,0.12054120541205413,0.20418204182041821,0.7552275522755227,0.35998359983599837,0,IRSUIPLANYR,556
ANYHLTI2,14.738766039178087,2.6819945774797156e-12,0.00043036085505440734,0.1986469864698647,0.2829028290282903,0.5965559655596556,0.35936859368593693,0,IRSUIPLANYR,557
IRPYSEV5INH,75.45269414923149,4.262259327243754e-12,2.367187482507363e-05,0.5719557195571956,0.40836408364083643,0.09471094710947109,0.3583435834358344,0,IRSUIPLANYR,558
IRPYUD5HAL,157.56459951171362,1.4228160582570384e-12,1.8365155098970042e-05,0.8425584255842559,0.14883148831488316,0.08241082410824108,0.35793357933579334,0,IRSUIPLANYR,559
INHNDAYPM2,48.45100985379827,4.744912765615582e-12,5.853757718434706e-05,0.44772447724477243,0.44649446494464945,0.17835178351783518,0.35752357523575234,0,IRSUIPLANYR,560
DCIGMON,28.66440916101001,2.931336193337661e-12,0.0002643571688643742,0.2988929889298893,0.3025830258302583,0.46494464944649444,0.35547355473554737,0,IRSUIPLANYR,561
GRSKBNGWK,2.189630909006752,2.9142780675880413e-12,0.0006614892635625386,0.03690036900369004,0.3001230012300123,0.7281672816728167,0.3550635506355064,0,IRSUIPLANYR,562
MJSKNYR,53.11792160814433,2.550696628226289e-12,0.0001352620910696545,0.47232472324723246,0.2730627306273063,0.31857318573185733,0.3546535465354654,0,IRSUIPLANYR,563
RXBUPRMIS,104.4463693876229,1.4533921251130513e-12,6.8292887206804e-05,0.6986469864698647,0.15375153751537515,0.21033210332103322,0.3542435424354244,0,IRSUIPLANYR,564
RXDIAZANY,49.9926693006469,2.0994940623577127e-12,0.00019299199599954068,0.4612546125461255,0.2054120541205412,0.3948339483394834,0.3538335383353834,0,IRSUIPLANYR,565
ILTOBALCMN,15.57335208356146,2.2160759638417577e-12,0.0005091953101052516,0.20418204182041821,0.21648216482164823,0.6359163591635917,0.3521935219352194,0,IRSUIPLANYR,566
ILLORALC,16.428332601309712,1.6821267203637782e-12,0.0005641482105700072,0.2091020910209102,0.17220172201722017,0.6752767527675276,0.3521935219352193,0,IRSUIPLANYR,567
MJCMOTHMON,49.404823483878495,2.1824696841884724e-12,0.0001790474655341109,0.45879458794587946,0.21279212792127922,0.38253382533825336,0.3513735137351373,0,IRSUIPLANYR,568
LGASEVER2,110.48768151050882,1.4364023552523073e-12,4.999366205050358e-05,0.7330873308733087,0.15129151291512916,0.16113161131611317,0.34850348503485035,0,IRSUIPLANYR,569
MEDICARE,28.00046422532428,1.3833474183340135e-12,0.00043285145051961206,0.2952029520295203,0.14391143911439114,0.6027060270602707,0.34727347273472736,0,IRSUIPLANYR,570
FUPCP21,40.05761141487574,4.768252211632147e-12,6.294024616780515e-05,0.4009840098400984,0.4489544895448955,0.1906519065190652,0.34686346863468637,0,IRSUIPLANYR,571
HRTCONDYR,7.069297743137822,3.7150043479497435e-12,0.00036568065472710295,0.11931119311193111,0.3720787207872079,0.5485854858548586,0.34665846658466587,0,IRSUIPLANYR,572
MJMTHYR,48.83232365827677,2.117434016378383e-12,0.00017379140943341883,0.45387453874538747,0.2078720787207872,0.3751537515375154,0.3456334563345633,0,IRSUIPLANYR,573
DIABETEVR2,1.5998956991857984,3.577689397307243e-12,0.0005201746360757672,0.028290282902829027,0.3591635916359164,0.6469864698646987,0.34481344813448134,0,IRSUIPLANYR,574
MILSTAT,39.16565800717074,2.3637582106100743e-12,0.00017762443712079275,0.3948339483394834,0.25830258302583026,0.3800738007380074,0.34440344403444034,0,IRSUIPLANYR,575
IRUD5TRQUNM,96.55283621178108,1.3391779591234501e-12,7.279123885573691e-05,0.6691266912669127,0.14022140221402213,0.21648216482164823,0.3419434194341944,0,IRSUIPLANYR,576
SYNMRJMON,99.35851532380765,9.986290073484799e-13,8.951565667185379e-05,0.6740467404674046,0.10824108241082411,0.24354243542435425,0.3419434194341943,0,IRSUIPLANYR,577
HERSNIEVER,69.74442198127826,2.5566015994539295e-12,7.393002853396965e-05,0.5301353013530136,0.27552275522755226,0.21894218942189422,0.3415334153341533,0,IRSUIPLANYR,578
HPALCAMT2,2.8063078488964415,1.90164118455847e-12,0.0007421366691484346,0.05781057810578106,0.1863468634686347,0.7687576875768758,0.3376383763837638,0,IRSUIPLANYR,579
ECSTMOYR,58.9398646612537,1.9063047628176147e-12,0.00014052354637359219,0.4956949569495695,0.1906519065190652,0.3234932349323493,0.3366133661336614,0,IRSUIPLANYR,580
SMKLSMDAYS,21.606261508530384,4.748997938654043e-12,0.00013768172971548193,0.24108241082410825,0.44772447724477243,0.3210332103321033,0.3366133661336613,0,IRSUIPLANYR,581
IRUD5TRQMIS,121.92597592803254,1.493848080516568e-12,1.8379055797940586e-05,0.7675276752767528,0.15744157441574416,0.08364083640836409,0.3362033620336204,0,IRSUIPLANYR,582
ACTDEVER,39.16565800717074,2.3637582106100743e-12,0.0001577799115253187,0.3948339483394834,0.25830258302583026,0.3505535055350554,0.3345633456334564,0,IRSUIPLANYR,583
GASEVER2,77.36562686676164,2.4211738295291835e-12,4.887614591733806e-05,0.5817958179581796,0.2607626076260763,0.15990159901599016,0.3341533415334153,0,IRSUIPLANYR,584
SRCFRTRQNM,40.39631866159177,4.594413743464893e-12,4.840949942294018e-05,0.4046740467404674,0.43726937269372695,0.15744157441574416,0.3331283312833128,0,IRSUIPLANYR,585
IRSEVSEDUNM,62.49452336800124,4.273164770264896e-12,1.72198328881199e-05,0.5079950799507995,0.41205412054120544,0.07872078720787208,0.3329233292332923,0,IRSUIPLANYR,586
IRUD5STMUNM,85.5382603612117,1.7835847495323508e-12,6.389772128819871e-05,0.6285362853628537,0.17466174661746617,0.1931119311193112,0.33210332103321033,0,IRSUIPLANYR,587
SEDMAINRSN,46.99946421343544,4.887093910973312e-12,2.360582468785051e-05,0.43788437884378845,0.46248462484624847,0.09348093480934809,0.33128331283312834,0,IRSUIPLANYR,588
PNRNMMON,77.3862390907678,1.965648457359658e-12,6.800831438832375e-05,0.5842558425584256,0.1992619926199262,0.2078720787207872,0.3304633046330463,0,IRSUIPLANYR,589
CGRFLAG,10.983085993000229,2.2605455696229483e-12,0.00044131185751412975,0.16113161131611317,0.2201722017220172,0.6076260762607626,0.3296432964329643,0,IRSUIPLANYR,590
ALCFLAG,0.05613693775998306,3.2601191056270616e-12,0.0005243204667980941,0.006150061500615006,0.33210332103321033,0.6482164821648216,0.3288232882328823,0,IRSUIPLANYR,591
IRMEDICR,27.282302056563047,8.84101266969263e-13,0.0004276160130915853,0.2915129151291513,0.1008610086100861,0.5940959409594095,0.3288232882328823,0,IRSUIPLANYR,592
HPALCTX2,2.8063078488964415,1.90164118455847e-12,0.000692684507812765,0.05781057810578106,0.1863468634686347,0.7404674046740467,0.3282082820828208,0,IRSUIPLANYR,593
IRKI17_2,2.797806873264837,2.0496658123603483e-12,0.0006589072775385439,0.05289052890528905,0.2029520295202952,0.7269372693726938,0.32759327593275933,0,IRSUIPLANYR,594
CRKYDAYS,48.46147814302641,4.481902261826457e-12,2.7383404270239374e-05,0.45018450184501846,0.4280442804428044,0.10209102091020911,0.32677326773267734,0,IRSUIPLANYR,595
FUCRK18,52.22785097330383,4.3139952940511934e-12,2.4424841310918242e-05,0.46863468634686345,0.4132841328413284,0.0959409594095941,0.32595325953259535,0,IRSUIPLANYR,596
RXHYDMANY2,52.227850973546666,1.2739417981561156e-12,0.00017426652176382522,0.4698646986469865,0.13161131611316113,0.3763837638376384,0.32595325953259535,0,IRSUIPLANYR,597
TOBALCMN,0.012442795295452561,2.3577773189483884e-12,0.0006461955490674841,0.0012300123001230013,0.25461254612546125,0.7220172201722017,0.3259532595325953,0,IRSUIPLANYR,598
METHAMMON,91.05128935918495,1.9441213761837685e-12,3.586836830073183e-05,0.6482164821648216,0.19557195571955718,0.12915129151291513,0.3243132431324313,0,IRSUIPLANYR,599
ALCYDAYS,2.7613562780407497,2.130189008844783e-12,0.0006052047778161705,0.05166051660516605,0.2091020910209102,0.7035670356703567,0.32144321443214435,0,IRSUIPLANYR,600
HPALCNOT2,2.8063078488964415,1.90164118455847e-12,0.0006423063340596393,0.05781057810578106,0.1863468634686347,0.7195571955719557,0.32123821238212386,0,IRSUIPLANYR,601
SRCFRPNRNM,39.16565800717074,4.5617201407602505e-12,3.89950634398949e-05,0.3948339483394834,0.4323493234932349,0.13407134071340712,0.3204182041820418,0,IRSUIPLANYR,602
IMFNEDFLAG,84.46256601772703,1.2815672165737308e-12,6.760722604723362e-05,0.6211562115621156,0.13284132841328414,0.2066420664206642,0.3202132021320213,0,IRSUIPLANYR,603
UADMONY,21.046066869143893,4.731818875952147e-12,0.00010908982822043566,0.23616236162361623,0.44526445264452646,0.2779827798277983,0.3198031980319803,0,IRSUIPLANYR,604
PAROLREL,11.69467870768514,4.459961902706469e-12,0.00016819985490850633,0.16666666666666666,0.4261992619926199,0.36654366543665434,0.31980319803198026,0,IRSUIPLANYR,605
SRCCLFRTRQ,42.836983318499534,4.594413743464893e-12,2.9916405918584247e-05,0.4132841328413284,0.43726937269372695,0.10824108241082411,0.3195981959819598,0,IRSUIPLANYR,606
COMBATPY,39.16565800717074,2.2946572763180334e-12,0.0001324641298669473,0.3948339483394834,0.24538745387453875,0.3161131611316113,0.31877818778187783,0,IRSUIPLANYR,607
UD5ALNILANY,9.54555738128197,1.898138759701424e-12,0.00046326987653538197,0.15006150061500614,0.1820418204182042,0.6211562115621156,0.3177531775317753,0,IRSUIPLANYR,608
PAROL,11.69467870768514,4.459961902706469e-12,0.00016207582484192176,0.16666666666666666,0.4261992619926199,0.35670356703567035,0.3165231652316523,0,IRSUIPLANYR,609
ILTOBALCYR,14.63827557847166,1.2216503841722326e-12,0.00047417836848630637,0.19557195571955718,0.12546125461254612,0.6273062730627307,0.3161131611316113,0,IRSUIPLANYR,610
SERVICE,39.16565800717074,2.3637582106100743e-12,0.00011749107903020552,0.3948339483394834,0.25830258302583026,0.29274292742927427,0.3152931529315293,0,IRSUIPLANYR,611
IRFAMPMT,8.133905740594473,4.1525472662653566e-12,0.0002105110880100888,0.13161131611316113,0.3997539975399754,0.41205412054120544,0.31447314473144733,0,IRSUIPLANYR,612
SOLVENEVER2,87.15883899131975,1.7985318320753854e-12,3.563685995373529e-05,0.6359163591635917,0.17589175891758918,0.12792127921279212,0.31324313243132434,0,IRSUIPLANYR,613
SEDNMYR,110.67175877111875,1.4514754352116093e-12,1.1994583508927963e-05,0.7343173431734318,0.15252152521525214,0.05289052890528905,0.3132431324313243,0,IRSUIPLANYR,614
OXYCNNMYR,102.46300031131108,1.468087056873374e-12,2.5114936050418837e-05,0.6851168511685117,0.15498154981549817,0.0984009840098401,0.31283312833128335,0,IRSUIPLANYR,615
OPINMMON2,70.52061678372253,1.91483354323728e-12,6.8546278850302e-05,0.5338253382533825,0.1931119311193112,0.2115621156211562,0.3128331283312833,0,IRSUIPLANYR,616
KRATOMMON,77.72149117650777,1.5142475950446374e-12,6.290435193145892e-05,0.5879458794587946,0.15990159901599016,0.18942189421894218,0.31242312423124236,0,IRSUIPLANYR,617
IRUD5PNRUNM2,69.8065353655535,2.0282122760652366e-12,6.654020779085941e-05,0.5313653136531366,0.2004920049200492,0.20418204182041821,0.31201312013120136,0,IRSUIPLANYR,618
EDUSKPEST,23.502690401102427,3.528551412457929e-12,0.00013468710371055136,0.25953259532595324,0.35547355473554737,0.3173431734317343,0.3107831078310783,0,IRSUIPLANYR,619
OTHRSEDMIS2,133.14736684195978,7.359929074941182e-13,1.3012185076950827e-05,0.7884378843788438,0.08364083640836409,0.06027060270602706,0.31078310783107826,0,IRSUIPLANYR,620
AIRDUSEVER2,59.163872875755565,2.043354920553705e-12,8.061419666807273e-05,0.4993849938499385,0.2017220172201722,0.22755227552275523,0.30955309553095534,0,IRSUIPLANYR,621
HPALCPRB2,2.8063078488964415,1.90164118455847e-12,0.0005699436543952162,0.05781057810578106,0.1863468634686347,0.6801968019680197,0.3081180811808118,0,IRSUIPLANYR,622
HPALCCUT2,2.8063078488964415,1.90164118455847e-12,0.000563318636662953,0.05781057810578106,0.1863468634686347,0.6740467404674046,0.3060680606806068,0,IRSUIPLANYR,623
PSILCYMON,43.443595704721616,1.4866751890539999e-12,0.00015470760964772019,0.4157441574415744,0.15621156211562115,0.3456334563345633,0.3058630586305863,0,IRSUIPLANYR,624
IRSEX,0.02676784964319694,1.7815401829221494e-12,0.0006702592681011479,0.004920049200492005,0.17343173431734318,0.7355473554735548,0.30463304633046334,0,IRSUIPLANYR,625
HLNVNEED,1.9559947077401862,3.1593935796202763e-12,0.00037368781879725156,0.03567035670356704,0.3234932349323493,0.5535055350553506,0.30422304223042235,0,IRSUIPLANYR,626
UADOTSP2,50.91320361979477,3.735636549444069e-12,1.5340575508928174e-05,0.4661746617466175,0.3751537515375154,0.07134071340713408,0.30422304223042235,0,IRSUIPLANYR,627
IRPYSEV5HER,45.03960083320477,4.020831403771265e-12,2.2567146515873848e-05,0.42435424354243545,0.3923739237392374,0.09225092250922509,0.3029930299302993,0,IRSUIPLANYR,628
HPALCFRQ2,2.8063078488964415,1.90164118455847e-12,0.0005475551420423282,0.05781057810578106,0.1863468634686347,0.6629766297662977,0.3023780237802378,0,IRSUIPLANYR,629
MTHNEDEVER,63.088117730325465,2.195767471183343e-12,5.913051175355444e-05,0.5092250922509225,0.21525215252152521,0.1795817958179582,0.30135301353013527,0,IRSUIPLANYR,630
HRTCONDEV2,2.7021609361640437,3.7150043479497435e-12,0.0002734924794034008,0.04551045510455105,0.3720787207872079,0.4735547355473555,0.2970479704797048,0,IRSUIPLANYR,631
FUPCP18,28.577818270265762,4.268347700251464e-12,5.7718033723724394e-05,0.2976629766297663,0.4108241082410824,0.17466174661746617,0.29438294382943825,0,IRSUIPLANYR,632
RXOPPRNMMON,73.47153922937045,1.846360735136605e-12,4.340930280642798e-05,0.5485854858548586,0.18081180811808117,0.14391143911439114,0.2911029110291103,0,IRSUIPLANYR,633
SPEAKENGL,9.52165234854668,5.748590201945137e-13,0.0005346867304801235,0.14883148831488316,0.07011070110701106,0.6543665436654367,0.2911029110291103,0,IRSUIPLANYR,634
HLNVOFFR,1.0933494127818588,3.1593935796202763e-12,0.0003458015386215904,0.019065190651906518,0.3234932349323493,0.5301353013530136,0.2908979089790898,0,IRSUIPLANYR,635
HERYDAYS,44.29395693708004,4.153725941522369e-12,1.0623524181168726e-05,0.4194341943419434,0.4009840098400984,0.04920049200492005,0.2898728987289873,0,IRSUIPLANYR,636
OTHRSTMMIS,93.12767130057804,3.8262737558930823e-13,4.83614035735547e-05,0.6555965559655597,0.04920049200492005,0.15621156211562115,0.2870028700287003,0,IRSUIPLANYR,637
TOBALCYR,3.879952176861723,6.34684498254027e-13,0.0006171288948916684,0.07134071340713408,0.07503075030750307,0.7121771217712177,0.2861828618286183,0,IRSUIPLANYR,638
SEDNDAYPM,38.41894181211696,3.951715075749348e-12,1.8392427313990825e-05,0.3849938499384994,0.3886838868388684,0.08487084870848709,0.28618286182861824,0,IRSUIPLANYR,639
OTHRSTMANY,35.86202412812355,1.3602803457596005e-12,0.0001486885615004181,0.3726937269372694,0.14268142681426815,0.3370233702337023,0.28413284132841327,0,IRSUIPLANYR,640
STMNDAYPM,29.88682479047295,4.3430508098392025e-12,3.2403398121956403e-05,0.3148831488314883,0.4182041820418204,0.11193111931119311,0.2816728167281673,0,IRSUIPLANYR,641
IRFAMSOC,9.213024300767902,2.6685013391918587e-13,0.0005526500226479167,0.14391143911439114,0.03198031980319803,0.6654366543665436,0.28044280442804426,0,IRSUIPLANYR,642
CGRMON,23.375983705610587,1.845514056147859e-12,0.00019664461810098174,0.25584255842558423,0.1795817958179582,0.4022140221402214,0.27921279212792127,0,IRSUIPLANYR,643
HLNVSOR,1.0933494127818588,3.1593935796202763e-12,0.00030182081071346533,0.019065190651906518,0.3234932349323493,0.4944649446494465,0.27900779007790083,0,IRSUIPLANYR,644
NONABOVEV2,3.2981292898388506,5.471293566076006e-13,0.0006071005810244687,0.06703567035670356,0.06150061500615006,0.7072570725707257,0.2785977859778597,0,IRSUIPLANYR,645
ALCYR,1.2742802404259588,1.2907447944103552e-12,0.0005685181956389107,0.023370233702337023,0.13530135301353013,0.6765067650676507,0.2783927839278393,0,IRSUIPLANYR,646
OTHAEREVER2,67.91489762429742,1.6245905580554555e-12,4.3643184898107555e-05,0.5215252152521526,0.16605166051660517,0.14760147601476015,0.2783927839278393,0,IRSUIPLANYR,647
BNGDRKMON,5.345196416453712,1.3972379463878017e-12,0.00043218689816856387,0.08610086100861009,0.14637146371463713,0.6002460024600246,0.27757277572775724,0,IRSUIPLANYR,648
RXHYDCMIS,48.64815584491676,1.9285941299157356e-12,6.159771526052167e-05,0.45141451414514144,0.1943419434194342,0.1857318573185732,0.2771627716277163,0,IRSUIPLANYR,649
RXBZOSANY,55.33937630617576,1.3210073125458022e-12,7.2499763372409e-05,0.47601476014760147,0.13899138991389914,0.21525215252152521,0.27675276752767525,0,IRSUIPLANYR,650
IMFMON,79.67793858163884,1.0337151894053477e-12,2.68563190517498e-05,0.6014760147601476,0.11316113161131611,0.1008610086100861,0.27183271832718325,0,IRSUIPLANYR,651
SRCCLFRPNR,22.957601918819257,4.5617201407602505e-12,3.8606459515353885e-05,0.24723247232472326,0.4323493234932349,0.13284132841328414,0.27080770807708077,0,IRSUIPLANYR,652
ALCYRBFR,1.4916320794893387,3.7795955061701204e-13,0.0006688784143436563,0.025830258302583026,0.046740467404674045,0.7343173431734318,0.2689626896268963,0,IRSUIPLANYR,653
INHALMON2,48.45100985368128,1.2894717264762005e-12,8.016775172139488e-05,0.44649446494464945,0.13407134071340712,0.22632226322263221,0.26896268962689623,0,IRSUIPLANYR,654
SYNSTMEVR,11.192025819477525,4.842668095530331e-12,6.116310440777877e-05,0.16359163591635917,0.453259532595326,0.18450184501845018,0.26711767117671176,0,IRSUIPLANYR,655
OTHRPNRMIS,63.249405746557635,8.141701382455844e-13,6.404448337890353e-05,0.5104551045510455,0.09225092250922509,0.1943419434194342,0.2656826568265683,0,IRSUIPLANYR,656
UADCAG,14.52128579585097,4.128864091868677e-12,6.559830844207793e-05,0.1931119311193112,0.3985239852398524,0.2017220172201722,0.26445264452644524,0,IRSUIPLANYR,657
EDUSCKEST,3.2981292898388506,3.428500357403088e-12,0.0001845923796226971,0.06703567035670356,0.33948339483394835,0.3849938499384994,0.2638376383763838,0,IRSUIPLANYR,658
SRCCLFRSTM,16.044273750037863,4.188931752928865e-12,5.7083295262742426e-05,0.2066420664206642,0.4052890528905289,0.17220172201722017,0.2613776137761378,0,IRSUIPLANYR,659
SRCFRSTMNM,12.88662052400722,4.188931752928865e-12,6.515495221444033e-05,0.17589175891758918,0.4052890528905289,0.1968019680196802,0.25932759327593274,0,IRSUIPLANYR,660
IRGHBREC,21.211749488105074,4.266970963928751e-12,3.4325612849690986e-05,0.23862238622386223,0.4095940959409594,0.12300123001230012,0.2570725707257073,0,IRSUIPLANYR,661
HLNVREF,1.0933494127818588,3.1593935796202763e-12,0.0002179117455340512,0.019065190651906518,0.3234932349323493,0.42435424354243545,0.2556375563755638,0,IRSUIPLANYR,662
HLNVCOST,1.0933494127818588,3.1593935796202763e-12,0.00021177712397897923,0.019065190651906518,0.3234932349323493,0.4145141451414514,0.2523575235752358,0,IRSUIPLANYR,663
COCMDAYS,23.308657781726986,4.336349620990751e-12,2.1436723899336467e-05,0.2521525215252153,0.4157441574415744,0.08856088560885608,0.2521525215252153,0,IRSUIPLANYR,664
DRVINALCO2,10.944449212883518,1.5804745447910856e-12,0.00022088861960233865,0.15990159901599016,0.16113161131611317,0.43050430504305043,0.25051250512505124,0,IRSUIPLANYR,665
HIGHBPEVR2,7.434417194766005,5.426146862066139e-13,0.0003819632124903454,0.12484624846248463,0.06027060270602706,0.5633456334563346,0.24948749487494873,0,IRSUIPLANYR,666
TRQNDAYPM,24.14305752894469,4.170879735362381e-12,1.6610031202742073e-05,0.2693726937269373,0.4022140221402214,0.07626076260762607,0.24928249282492823,0,IRSUIPLANYR,667
MJSKNMON,33.8886940047169,1.348232832436137e-12,9.440259759610072e-05,0.35301353013530135,0.14145141451414514,0.25092250922509224,0.2484624846248462,0,IRSUIPLANYR,668
RXOXYMANY2,45.22159546749468,9.99754796565169e-13,6.809508359392134e-05,0.4268142681426814,0.10947109471094711,0.2091020910209102,0.2484624846248462,0,IRSUIPLANYR,669
ACTDPRIV,18.584999871285028,2.2946572763180334e-12,0.00010944607556600561,0.21955719557195572,0.24538745387453875,0.27921279212792127,0.24805248052480525,0,IRSUIPLANYR,670
CAPROSTEST,18.584999871285028,3.02848858423913e-12,6.890946794957683e-05,0.21955719557195572,0.30996309963099633,0.21279212792127922,0.24743747437474375,0,IRSUIPLANYR,671
CHAMPUS,5.077783842604947,1.8110609650474634e-12,0.0002818738720025189,0.07749077490774908,0.17712177121771217,0.4797047970479705,0.24477244772447726,0,IRSUIPLANYR,672
UADBWHO,10.215143738747,4.107034067780119e-12,5.993770039300968e-05,0.15375153751537515,0.3972939729397294,0.1820418204182042,0.24436244362443624,0,IRSUIPLANYR,673
HIGHBPMED,7.434417194766005,6.317323985994776e-13,0.000342951252451151,0.12484624846248463,0.07380073800738007,0.5239852398523985,0.24087740877408773,0,IRSUIPLANYR,674
HVYDRKMON,7.958038585407821,1.2638895451695644e-12,0.0002514740769303002,0.12915129151291513,0.13038130381303814,0.46002460024600245,0.23985239852398524,0,IRSUIPLANYR,675
HTANSWER,5.117962203033318,9.697502009004476e-13,0.00034988729083743915,0.07872078720787208,0.1057810578105781,0.5338253382533825,0.23944239442394424,0,IRSUIPLANYR,676
ILLALCFLG,5.782959319879158,9.49605772236892e-13,0.0003390618854242783,0.09225092250922509,0.1045510455104551,0.5215252152521526,0.23944239442394424,0,IRSUIPLANYR,677
RXPROVANY,36.98203631877129,6.105098536319888e-13,0.00010032516563642001,0.3813038130381304,0.07257072570725707,0.2644526445264453,0.23944239442394424,0,IRSUIPLANYR,678
IRUD5SEDUNM,62.494523366093595,8.178010943827715e-13,3.258010988239381e-05,0.5067650676506765,0.09348093480934809,0.11316113161131611,0.23780237802378024,0,IRSUIPLANYR,679
HIVAIDSEV2,2.752034349232159,3.767151006173948e-12,0.00011087689348265703,0.04858548585485855,0.37884378843788435,0.28413284132841327,0.23718737187371874,0,IRSUIPLANYR,680
PCPYR,58.503840113994265,4.559640144548832e-13,5.074163772846931e-05,0.4944649446494465,0.05412054120541206,0.16236162361623616,0.23698236982369825,0,IRSUIPLANYR,681
LSDYR,32.28007878807377,1.2587990342289647e-12,9.302031590160052e-05,0.3284132841328413,0.12915129151291513,0.24846248462484624,0.23534235342353424,0,IRSUIPLANYR,682
SMKLSSMON,11.775188659365098,1.2935579755564375e-12,0.00019510191170479707,0.16974169741697417,0.13653136531365315,0.3997539975399754,0.23534235342353424,0,IRSUIPLANYR,683
IRCHMPUS,1.3888198841335102,2.786823297289239e-12,0.0001858267412447724,0.024600246002460024,0.2890528905289053,0.3874538745387454,0.23370233702337026,0,IRSUIPLANYR,684
OTHRPNRANY2,9.479333945841262,1.132859873178874e-12,0.00022621126690550774,0.14637146371463713,0.12177121771217712,0.43296432964329645,0.23370233702337026,0,IRSUIPLANYR,685
ETHEREVER2,47.00205904696299,1.1080135657650387e-12,3.9662751616235824e-05,0.43911439114391143,0.11808118081180811,0.13776137761377613,0.23165231652316523,0,IRSUIPLANYR,686
ACTD9001,8.341333774231298,2.2946572763180334e-12,0.00012974989485309806,0.13530135301353013,0.24538745387453875,0.3124231242312423,0.23103731037310374,0,IRSUIPLANYR,687
ILTOBALCFG,8.727567541283722,4.94080187624908e-13,0.0003007764754963025,0.14022140221402213,0.056580565805658053,0.4920049200492005,0.22960229602296023,0,IRSUIPLANYR,688
PCPFLAG,33.89184691288012,1.5804929115891283e-12,5.376689630442318e-05,0.35424354243542433,0.16236162361623616,0.16359163591635917,0.22673226732267324,0,IRSUIPLANYR,689
CASKINDK,6.30857700751264,2.271605550754235e-12,0.00015277945534175754,0.1039360393603936,0.23062730627306274,0.3419434194341943,0.2255022550225502,0,IRSUIPLANYR,690
PIPMON,43.837508121005925,1.3866254886607868e-12,2.8756506370543858e-05,0.41697416974169743,0.14514145141451415,0.1033210332103321,0.22181221812218124,0,IRSUIPLANYR,691
RXFLURANY,65.30882144831597,3.228302721845426e-13,2.9822883480906865e-05,0.5153751537515375,0.041820418204182044,0.1057810578105781,0.22099220992209923,0,IRSUIPLANYR,692
CACOLNRECT,6.30857700751264,2.271605550754235e-12,0.00014121297719931383,0.1039360393603936,0.23062730627306274,0.32718327183271834,0.22058220582205823,0,IRSUIPLANYR,693
RXMRLXANY,10.60404124160742,1.185628238602093e-12,0.00017716856813775443,0.15744157441574416,0.12423124231242312,0.37884378843788435,0.2201722017220172,0,IRSUIPLANYR,694
ACTD2001,11.74676486380624,2.2946572763180334e-12,9.2041874204691e-05,0.16851168511685116,0.24538745387453875,0.24600246002460024,0.21996719967199674,0,IRSUIPLANYR,695
IRPYUD5INH,68.00504828541735,8.068308906899849e-13,6.973765992937974e-06,0.5227552275522755,0.0897908979089791,0.04428044280442804,0.21894218942189422,0,IRSUIPLANYR,696
TOBALCFLG,2.219297599076345,1.6669192983441275e-12,0.00023741497283087865,0.038130381303813035,0.16974169741697417,0.44649446494464945,0.21812218122181223,0,IRSUIPLANYR,697
SALVIAFLAG,20.789488675581097,1.5041062766066808e-12,9.728785809387293e-05,0.23493234932349324,0.15867158671586715,0.25830258302583026,0.21730217302173024,0,IRSUIPLANYR,698
FUPNRNM21,15.258173556828075,3.7073414761981496e-12,1.5766568058847914e-05,0.2017220172201722,0.37023370233702335,0.07257072570725707,0.21484214842148422,0,IRSUIPLANYR,699
CAGALLIVPAN,6.30857700751264,2.271605550754235e-12,0.00012892600283624585,0.1039360393603936,0.23062730627306274,0.3087330873308733,0.2144321443214432,0,IRSUIPLANYR,700
CDNOCGMO,0.5543210152293835,3.8008391963407147e-13,0.00040707067079629437,0.012300123001230012,0.04797047970479705,0.5830258302583026,0.2144321443214432,0,IRSUIPLANYR,701
COPDEVER2,2.752034349232159,3.355185190131503e-12,9.838506178442721e-05,0.04858548585485855,0.3333333333333333,0.2607626076260763,0.21422714227142273,0,IRSUIPLANYR,702
FUSTMNM21,17.80386571386723,3.745253843919226e-12,1.0498550164326578e-05,0.21648216482164823,0.3763837638376384,0.04797047970479705,0.2136121361213612,0,IRSUIPLANYR,703
CAESOPSTOM,6.30857700751264,2.271605550754235e-12,0.00012506799628520386,0.1039360393603936,0.23062730627306274,0.3050430504305043,0.2132021320213202,0,IRSUIPLANYR,704
CRKMDAYS,18.63327553651913,3.7665533905618315e-12,3.021396196703946e-06,0.22263222632226323,0.37761377613776137,0.03198031980319803,0.21074210742107422,0,IRSUIPLANYR,705
RXCLONMIS,41.902975405729364,9.419606309520911e-13,3.3743440793362116e-05,0.40836408364083643,0.1033210332103321,0.11808118081180811,0.20992209922099223,0,IRSUIPLANYR,706
RXMTHPMIS,42.41666620502333,8.183485732859516e-13,3.505767418728396e-05,0.4108241082410824,0.09471094710947109,0.12423124231242312,0.20992209922099223,0,IRSUIPLANYR,707
KIDNYDSEV2,2.752034349232159,2.8987060242518983e-12,0.00010966190872065797,0.04858548585485855,0.2988929889298893,0.28044280442804426,0.20930709307093073,0,IRSUIPLANYR,708
RXZOLPANY,14.716463374433335,1.1257134521317065e-12,0.0001295642897430872,0.1968019680196802,0.12054120541205413,0.30996309963099633,0.20910209102091024,0,IRSUIPLANYR,709
MJPLLYR,24.998422345130937,1.0576944034607472e-12,8.638166229563073e-05,0.2779827798277983,0.11562115621156212,0.23370233702337023,0.20910209102091018,0,IRSUIPLANYR,710
CIRROSEVR2,2.752034349232159,3.5160853953354017e-12,7.779938252857395e-05,0.04858548585485855,0.35301353013530135,0.22263222632226323,0.2080770807708077,0,IRSUIPLANYR,711
CRKYR,48.46147814069855,1.0264727664660777e-12,1.38633577910833e-05,0.4489544895448955,0.11193111931119311,0.06273062730627306,0.20787207872078725,0,IRSUIPLANYR,712
RXMORPMIS,44.58714286114958,7.618989691024289e-13,3.259565731278806e-05,0.4218942189421894,0.08733087330873308,0.11439114391143912,0.2078720787207872,0,IRSUIPLANYR,713
UADPLACE,6.817373785546195,3.9624166459507894e-12,3.293085661056418e-05,0.11685116851168512,0.3899138991389914,0.11562115621156212,0.2074620746207462,0,IRSUIPLANYR,714
CAKIDNEY,6.30857700751264,2.271605550754235e-12,0.00011277544553978782,0.1039360393603936,0.23062730627306274,0.2865928659286593,0.2070520705207052,0,IRSUIPLANYR,715
CACERVIX,5.136159560113732,2.478363507462438e-12,0.00010674484590168945,0.07995079950799508,0.26691266912669126,0.2730627306273063,0.2066420664206642,0,IRSUIPLANYR,716
RXBARBMIS,78.41455864560007,1.5833589334059276e-13,0.0,0.5965559655596556,0.017220172201722016,0.003075030750307503,0.2056170561705617,0,IRSUIPLANYR,717
ACTD7590,8.341333774231298,2.2946572763180334e-12,8.659878453386391e-05,0.13530135301353013,0.24538745387453875,0.23493234932349324,0.2052070520705207,0,IRSUIPLANYR,718
NMVSOEST,1.8611691930337095,3.5033611804604353e-12,8.114574145715682e-05,0.03444034440344403,0.3505535055350554,0.22878228782287824,0.2045920459204592,0,IRSUIPLANYR,719
RXTEMAANY,38.495894563350056,8.43174580748215e-13,3.423098551753102e-05,0.3880688806888069,0.0984009840098401,0.12177121771217712,0.2027470274702747,0,IRSUIPLANYR,720
RXCYCLANY,6.042498457596414,8.195455611074992e-13,0.00021277415432877935,0.09471094710947109,0.0959409594095941,0.4157441574415744,0.2021320213202132,0,IRSUIPLANYR,721
UADBUND,8.017467197948134,3.6486967055384166e-12,3.085355123454701e-05,0.13038130381303814,0.36531365313653136,0.11070110701107011,0.2021320213202132,0,IRSUIPLANYR,722
CABLOLEULYM,6.3912135250483,2.271605550754235e-12,9.810979009625886e-05,0.11439114391143912,0.23062730627306274,0.25953259532595324,0.20151701517015166,0,IRSUIPLANYR,723
PEYOTEEVER,12.620926519334459,8.353817470325473e-13,0.00014347337010968956,0.17404674046740468,0.0971709717097171,0.33210332103321033,0.20110701107011067,0,IRSUIPLANYR,724
CAMELANOM,6.30857700751264,2.271605550754235e-12,0.00010032038816342964,0.1039360393603936,0.23062730627306274,0.26322263222632225,0.1992619926199262,0,IRSUIPLANYR,725
RXDEMEANY2,33.69726388916274,6.416248984975938e-13,5.704798330751411e-05,0.3505535055350554,0.07626076260762607,0.17097170971709716,0.1992619926199262,0,IRSUIPLANYR,726
CELLWRKNG,6.681957636628563,1.139303994830767e-12,0.00016252565290703915,0.11562115621156212,0.12300123001230012,0.35793357933579334,0.19885198851988517,0,IRSUIPLANYR,727
RXTRAMMIS,42.487573722230024,1.0514559128723186e-12,1.502508338097908e-05,0.41205412054120544,0.11439114391143912,0.06888068880688807,0.19844198441984418,0,IRSUIPLANYR,728
LSDMON,49.611523312991636,6.794362438474622e-13,1.2466914630459404e-05,0.46002460024600245,0.07749077490774908,0.055350553505535055,0.1976219762197622,0,IRSUIPLANYR,729
RXCODEMIS,33.903581786429676,1.2529549768800574e-12,2.9930072855712955e-05,0.35547355473554737,0.12792127921279212,0.10947109471094711,0.19762197621976219,0,IRSUIPLANYR,730
CAMOUTTHRO,6.30857700751264,2.271605550754235e-12,9.59991085799163e-05,0.1039360393603936,0.23062730627306274,0.25584255842558423,0.1968019680196802,0,IRSUIPLANYR,731
HEPBCEVER2,2.3202745719229276,3.6005626345158887e-12,6.20480144493731e-05,0.03936039360393604,0.36039360393603936,0.18696186961869618,0.1955719557195572,0,IRSUIPLANYR,732
RXLORAMIS,45.61068321296004,7.55653884533144e-13,1.4976677976733294e-05,0.4280442804428044,0.08610086100861009,0.06765067650676507,0.19393193931939315,0,IRSUIPLANYR,733
MJOTHYR,45.890103035293635,7.241118023073537e-13,1.3902912538152146e-05,0.42927429274292744,0.08241082410824108,0.06396063960639606,0.19188191881918817,0,IRSUIPLANYR,734
CAOTHER2,6.30857700751264,2.271605550754235e-12,8.838892516541892e-05,0.1039360393603936,0.23062730627306274,0.23985239852398524,0.19147191471914718,0,IRSUIPLANYR,735
TQSDNMMON,35.85608951113796,1.004019288647441e-12,2.1557727958698445e-05,0.3714637146371464,0.11070110701107011,0.0897908979089791,0.1906519065190652,0,IRSUIPLANYR,736
CALARYLUNG,6.30857700751264,2.271605550754235e-12,8.142689119534154e-05,0.1039360393603936,0.23062730627306274,0.23001230012300122,0.1881918819188192,0,IRSUIPLANYR,737
ACTDVIET,8.341333774231298,2.2946572763180334e-12,6.049772968655798e-05,0.13530135301353013,0.24538745387453875,0.18327183271832717,0.1879868798687987,0,IRSUIPLANYR,738
CABLADDER,6.30857700751264,2.271605550754235e-12,7.963982165295335e-05,0.1039360393603936,0.23062730627306274,0.22509225092250923,0.18655186551865519,0,IRSUIPLANYR,739
CAOVARY,2.5857237718400805,2.478363507462438e-12,9.385955260225212e-05,0.04305043050430504,0.26691266912669126,0.24969249692496925,0.18655186551865519,0,IRSUIPLANYR,740
CATHYROID,6.30857700751264,2.271605550754235e-12,7.85411109857421e-05,0.1039360393603936,0.23062730627306274,0.22386223862238622,0.1861418614186142,0,IRSUIPLANYR,741
HERNEDEVER,29.102512920507653,1.4039311655949717e-12,2.6311733864054316e-05,0.3062730627306273,0.14760147601476015,0.0996309963099631,0.1845018450184502,0,IRSUIPLANYR,742
CANCEREVR2,2.9395445935117848,2.271605550754235e-12,9.530437688212901e-05,0.06519065190651907,0.23062730627306274,0.25338253382533826,0.18306683066830667,0,IRSUIPLANYR,743
COCNEDEVER,26.400349690760184,1.2461069843719199e-12,3.915957998953636e-05,0.2853628536285363,0.12669126691266913,0.13530135301353013,0.18245182451824518,0,IRSUIPLANYR,744
HERYR,44.29395693925966,6.982904374953095e-13,5.3821879529797e-06,0.42066420664206644,0.07872078720787208,0.04059040590405904,0.17999179991799918,0,IRSUIPLANYR,745
CAUTERUS,2.9183601563921653,2.478363507462438e-12,6.60271601326802e-05,0.06396063960639606,0.26691266912669126,0.2029520295202952,0.17794177941779418,0,IRSUIPLANYR,746
CANCERYR,5.266370633896152,2.271605550754235e-12,7.338595635855482e-05,0.08487084870848709,0.23062730627306274,0.2177121771217712,0.17773677736777369,0,IRSUIPLANYR,747
SEDNMMON,38.418941814098424,4.965065310272654e-13,2.0787345765287525e-05,0.3862238622386224,0.05781057810578106,0.08733087330873308,0.1771217712177122,0,IRSUIPLANYR,748
CABREAST,6.30857700751264,2.271605550754235e-12,6.502683355707879e-05,0.1039360393603936,0.23062730627306274,0.19557195571955718,0.1767117671176712,0,IRSUIPLANYR,749
HLCALL99,7.258827749439629,3.5746123360174237e-12,7.296607077708958e-06,0.12300123001230012,0.35793357933579334,0.04551045510455105,0.17548175481754816,0,IRSUIPLANYR,750
COCMON,23.308657781386216,8.809229319399691e-13,5.714651613126286e-05,0.25092250922509224,0.0996309963099631,0.17343173431734318,0.17466174661746617,0,IRSUIPLANYR,751
WTANSWER,1.6990696613517233,5.691690784824567e-13,0.00021418723349841466,0.033210332103321034,0.06888068880688807,0.4182041820418204,0.17343173431734318,0,IRSUIPLANYR,752
GHBFLAG,21.211749488887694,8.116780659564191e-13,5.8194574396698674e-05,0.23985239852398524,0.0910209102091021,0.17712177121771217,0.16933169331693318,0,IRSUIPLANYR,753
IRPYUD5HER,40.33401454501816,5.65634712767449e-13,4.786912013767962e-06,0.4034440344403444,0.06765067650676507,0.03690036900369004,0.16933169331693318,0,IRSUIPLANYR,754
CASKINOTH,6.30857700751264,2.271605550754235e-12,5.5498489570758515e-05,0.1039360393603936,0.23062730627306274,0.16728167281672818,0.1672816728167282,0,IRSUIPLANYR,755
RXDIAZMIS,38.495894563350056,7.515279517594007e-13,1.7118147164527682e-06,0.3880688806888069,0.08487084870848709,0.02214022140221402,0.16502665026650268,0,IRSUIPLANYR,756
HERMDAYS,5.180624869270159,3.625788146773692e-12,8.404941220710718e-06,0.08364083640836409,0.3640836408364084,0.046740467404674045,0.16482164821648218,0,IRSUIPLANYR,757
RXTRIAANY,24.886985986889027,5.537037639499868e-13,4.587146318791269e-05,0.2767527675276753,0.06519065190651907,0.15129151291512916,0.16441164411644119,0,IRSUIPLANYR,758
STMNMMON,29.886824790931037,8.876704854013992e-13,1.611592221657263e-05,0.3161131611316113,0.10209102091020911,0.07380073800738007,0.16400164001640016,0,IRSUIPLANYR,759
FUPNRNM18,8.34133376395379,3.5178526322478005e-12,0.0,0.13284132841328414,0.35424354243542433,0.003075030750307503,0.16338663386633864,0,IRSUIPLANYR,760
NPCOLDYR,21.77629838832512,1.0787972000101996e-12,3.532400602100129e-05,0.24231242312423124,0.11685116851168512,0.12669126691266913,0.16195161951619516,0,IRSUIPLANYR,761
RXBARBANY,24.671040767978262,5.506520843157035e-13,4.3619676628040866e-05,0.2742927429274293,0.06396063960639606,0.14637146371463713,0.16154161541615417,0,IRSUIPLANYR,762
RXBZOSMIS,39.23700067286248,2.993764903557701e-13,1.7122267865623529e-06,0.3997539975399754,0.03690036900369004,0.023370233702337023,0.15334153341533416,0,IRSUIPLANYR,763
RXPROVMIS,39.16565800717074,4.904820988313102e-14,6.209221664354737e-06,0.3948339483394834,0.004920049200492005,0.041820418204182044,0.14719147191471912,0,IRSUIPLANYR,764
NOOPPRANYYR,1.1801496677657586,4.558352755509356e-13,0.00015458344983645305,0.02214022140221402,0.05289052890528905,0.34440344403444034,0.13981139811398113,0,IRSUIPLANYR,765
TRQNMMON,24.14305752897435,7.15518245989525e-13,1.4156082009518894e-05,0.27060270602706027,0.07995079950799508,0.06519065190651907,0.13858138581385815,0,IRSUIPLANYR,766
NOOPPRNMYR,11.616506219831448,2.853954883698847e-13,6.9380681322833e-05,0.16482164821648215,0.03567035670356704,0.2140221402214022,0.13817138171381713,0,IRSUIPLANYR,767
RXANORMIS,39.16565800717074,6.012755533426147e-14,3.532929274862528e-21,0.3948339483394834,0.007380073800738007,0.006150061500615006,0.13612136121361215,0,IRSUIPLANYR,768
MESCEVER,9.518149850706614,9.81850448866663e-13,4.555418657710836e-05,0.14760147601476015,0.1070110701107011,0.15006150061500614,0.1348913489134891,0,IRSUIPLANYR,769
OTHRTRQMIS,22.688771478707125,1.5539232191511012e-13,3.720814527490321e-05,0.24477244772447723,0.015990159901599015,0.13038130381303814,0.1303813038130381,0,IRSUIPLANYR,770
FUTRQNM21,1.6854163655922785,3.4979685806249512e-12,3.4528780361078716e-07,0.03198031980319803,0.34809348093480935,0.00984009840098401,0.12997129971299712,0,IRSUIPLANYR,771
MJPLLMON,19.465513533296445,5.645428161034178e-13,2.2227389909067692e-05,0.22878228782287824,0.06642066420664207,0.0910209102091021,0.12874128741287413,0,IRSUIPLANYR,772
SRCFRSEDNM,0.07667716021292689,3.4027919659016734e-12,4.3336555937492064e-06,0.008610086100861008,0.33640836408364083,0.03567035670356704,0.12689626896268963,0,IRSUIPLANYR,773
SRCCLFRSED,0.10223898484713943,3.4027919659016734e-12,3.240041509798118e-06,0.00984009840098401,0.33640836408364083,0.033210332103321034,0.1264862648626486,0,IRSUIPLANYR,774
MJMTHMON,15.262206983537927,7.842893635854872e-13,1.7181514222359037e-05,0.2029520295202952,0.08856088560885608,0.07749077490774908,0.12300123001230012,0,IRSUIPLANYR,775
FUSEDNM21,0.025557655493411192,3.436094275225155e-12,1.366471632515434e-06,0.003075030750307503,0.34317343173431736,0.01968019680196802,0.12197621976219764,0,IRSUIPLANYR,776
FUSTMNM18,0.07667712298486615,3.4314088335972067e-12,6.852025199530341e-07,0.007380073800738007,0.34071340713407133,0.014760147601476014,0.12095120951209513,0,IRSUIPLANYR,777
GHBMON,23.712725148658556,3.1289252966619267e-13,1.3751330072435434e-05,0.2607626076260763,0.03936039360393604,0.06150061500615006,0.12054120541205414,0,IRSUIPLANYR,778
FUTRQNM18,0.025557655493411192,3.4358573420764494e-12,6.681624300331394e-07,0.003075030750307503,0.3419434194341943,0.012300123001230012,0.11910619106191062,0,IRSUIPLANYR,779
RXESZOANY,11.794764362125614,5.168937391459662e-13,2.9885780739869174e-05,0.17097170971709716,0.05904059040590406,0.1070110701107011,0.1123411234112341,0,IRSUIPLANYR,780
CADRKHALL2,20.096058989202653,5.500761614801657e-13,5.0594772095456885e-06,0.23247232472324722,0.06273062730627306,0.038130381303813035,0.1111111111111111,0,IRSUIPLANYR,781
PCPMON,28.971420862207633,1.4571324949954255e-13,0.0,0.3038130381303813,0.013530135301353014,0.003075030750307503,0.1068060680606806,0,IRSUIPLANYR,782
RXESZOMIS,25.04033763590072,2.0113789084213858e-13,6.761205048956493e-07,0.27982779827798276,0.024600246002460024,0.013530135301353014,0.1059860598605986,0,IRSUIPLANYR,783
RXMTDNANY2,14.543386602908917,6.099041261665805e-13,1.1647314876529404e-05,0.1943419434194342,0.07134071340713408,0.05166051660516605,0.10578105781057812,0,IRSUIPLANYR,784
SALVIAYR,20.677011338916266,2.402641196344198e-13,1.2381201499694057e-05,0.23370233702337023,0.02952029520295203,0.05412054120541206,0.1057810578105781,0,IRSUIPLANYR,785
ECSTMOMON,15.19621308588001,4.593752779845671e-13,1.2792259120685363e-05,0.2004920049200492,0.055350553505535055,0.05904059040590406,0.10496104961049608,0,IRSUIPLANYR,786
RXANORANY,5.505779110997911,4.487196628830614e-13,4.73841870620114e-05,0.08733087330873308,0.05166051660516605,0.15375153751537515,0.09758097580975811,0,IRSUIPLANYR,787
RXSOMAANY,14.149618744345876,3.8642222138202267e-13,1.2716899201938036e-05,0.18327183271832717,0.05043050430504305,0.05781057810578106,0.0971709717097171,0,IRSUIPLANYR,788
CRKMON,18.63327553573574,3.113693882431956e-13,1.3545241522505153e-06,0.22140221402214022,0.038130381303813035,0.017220172201722016,0.09225092250922508,0,IRSUIPLANYR,789
RXHYDMMIS,17.803865720680758,2.3396356229323143e-13,1.3776773227607201e-06,0.2177121771217712,0.028290282902829027,0.020910209102091022,0.08897088970889709,0,IRSUIPLANYR,790
RXMRLXMIS,11.149116917879228,2.063783191104073e-13,1.527526974027533e-05,0.16236162361623616,0.025830258302583026,0.07011070110701106,0.08610086100861009,0,IRSUIPLANYR,791
RXDEMEMIS,19.604703426058837,1.2875357065270213e-13,3.4789032160972277e-20,0.23001230012300122,0.01107011070110701,0.007380073800738007,0.08282082820828209,0,IRSUIPLANYR,792
RXZOLPMIS,10.668315378983642,3.3846389607855344e-13,6.819792850061446e-06,0.15867158671586715,0.04551045510455105,0.04305043050430504,0.08241082410824108,0,IRSUIPLANYR,793
RXSOMAMIS,16.68811120931713,1.4582970474543693e-13,7.066547250683859e-07,0.2115621156211562,0.014760147601476014,0.015990159901599015,0.08077080770807708,0,IRSUIPLANYR,794
GHBYR,12.605845398662257,2.845511298357247e-13,2.737205878552641e-06,0.17220172201722017,0.03444034440344403,0.03075030750307503,0.07913079130791308,0,IRSUIPLANYR,795
KETMINMON,9.871865497519789,3.2474340509967483e-13,5.3309156802926314e-06,0.15252152521525214,0.04305043050430504,0.03936039360393604,0.07831078310783107,0,IRSUIPLANYR,796
DAMTFXYR,5.593527094938349,3.204487059150052e-13,2.498344960055857e-05,0.08856088560885608,0.04059040590405904,0.0971709717097171,0.07544075440754407,0,IRSUIPLANYR,797
RXOXYMMIS,9.308184773899061,2.1294094395766372e-13,1.1135667537411004e-05,0.14514145141451415,0.02706027060270603,0.05043050430504305,0.07421074210742107,0,IRSUIPLANYR,798
KETMINYR,0.8404443233460962,2.0052479224146647e-13,5.9211587184484086e-05,0.015990159901599015,0.023370233702337023,0.18081180811808117,0.07339073390733906,0,IRSUIPLANYR,799
CADRKHERN2,12.620926519334459,1.427899078895223e-13,3.5347085438144443e-07,0.17404674046740468,0.012300123001230012,0.01107011070110701,0.06580565805658056,0,IRSUIPLANYR,800
NPCOLDMON,5.6467639978589865,3.282665133892158e-13,1.2498903170218851e-05,0.0897908979089791,0.04428044280442804,0.056580565805658053,0.06355063550635508,0,IRSUIPLANYR,801
IINPCOLDREC,1.6739579795529926,2.73185534748837e-13,3.3022418675626445e-05,0.03075030750307503,0.033210332103321034,0.11685116851168512,0.060270602706027056,0,IRSUIPLANYR,802
RXZOHYANY2,3.3412595956652895,1.971268028138067e-13,1.8274393202016003e-05,0.06888068880688807,0.02214022140221402,0.08118081180811808,0.05740057400574006,0,IRSUIPLANYR,803
CADRKMETH2,7.246756079541786,2.4566645334645396e-13,1.3586886955136524e-06,0.12177121771217712,0.03075030750307503,0.01845018450184502,0.056990569905699055,0,IRSUIPLANYR,804
RXCYCLMIS,4.029598298797141,1.6502838105340592e-13,1.6226770091955835e-05,0.07257072570725707,0.01845018450184502,0.07503075030750307,0.055350553505535055,0,IRSUIPLANYR,805
CADRKCOCN2,5.180624869069306,1.7011143336874568e-13,3.727123665315517e-06,0.08179581795817958,0.01968019680196802,0.03444034440344403,0.04530545305453054,0,IRSUIPLANYR,806
HERMON,5.180624869069306,1.7059908272579432e-13,2.07922781268828e-06,0.08179581795817958,0.020910209102091022,0.028290282902829027,0.04366543665436654,0,IRSUIPLANYR,807
RXZOHYMIS,6.30857700751264,5.206015181198801e-14,7.047334304024542e-19,0.1039360393603936,0.006150061500615006,0.008610086100861008,0.03956539565395654,0,IRSUIPLANYR,808
RXMTDNMIS,2.895379782809376,1.2095392032609983e-13,2.0120032088068384e-06,0.06273062730627306,0.00984009840098401,0.02706027060270603,0.033210332103321034,0,IRSUIPLANYR,809
SALVIAMON,4.962033673799302,6.08095011863748e-14,0.0,0.07626076260762607,0.008610086100861008,0.003075030750307503,0.029315293152931524,0,IRSUIPLANYR,810
DAMTFXMON,0.8044021353579365,3.268312901326367e-14,2.6370042045639417e-06,0.014760147601476014,0.0024600246002460025,0.02952029520295203,0.015580155801558014,0,IRSUIPLANYR,811
RXZALEANY,0.6006525939716709,3.357653367911642e-14,2.008848822046291e-06,0.013530135301353014,0.0036900369003690036,0.025830258302583026,0.014350143501435014,0,IRSUIPLANYR,812
CADRKINHL2,0.511416724831962,3.047111503445899e-14,1.7602322427124788e-06,0.01107011070110701,0.0012300123001230013,0.024600246002460024,0.012300123001230012,0,IRSUIPLANYR,813
NMERTMT2,304.269711573879,2.0286817081895e-10,0.00894398794269665,0.997539975399754,0.966789667896679,0.997539975399754,0.9872898728987289,3,IRSUITRYYR,1
NMNGTHS2,216.81324807120748,4.522399287240178e-08,0.007073583943341574,0.977859778597786,0.984009840098401,0.993849938499385,0.9852398523985239,3,IRSUITRYYR,2
CAMHRCVR,240.87337655431335,3.2426710749906517e-11,0.012582808711476963,0.9846248462484625,0.9514145141451414,1.0,0.9786797867978679,3,IRSUITRYYR,3
CAMHPROB,240.87337655431335,3.2426710749906517e-11,0.011642515416522677,0.9846248462484625,0.9514145141451414,0.998769987699877,0.9782697826978269,3,IRSUITRYYR,4
CAMHPROB2,223.56889690734872,2.576561173903423e-11,0.007234503159739668,0.981549815498155,0.9434194341943419,0.996309963099631,0.973759737597376,3,IRSUITRYYR,5
SVYRDUDANY,263.81898861693844,2.497198904433322e-11,0.0056884690602554315,0.988929889298893,0.939729397293973,0.976629766297663,0.9684296842968431,3,IRSUITRYYR,6
UD5ILLANY,263.8189886169447,2.017619670378876e-11,0.006598034469444386,0.990159901599016,0.9126691266912669,0.991389913899139,0.964739647396474,3,IRSUITRYYR,7
SVYRSUDANY,259.77566479095003,2.6986346363464873e-11,0.0036247036012299607,0.9876998769987699,0.947109471094711,0.906519065190652,0.947109471094711,3,IRSUITRYYR,8
UD5ILALANY,219.27890835312525,2.21905449325647e-11,0.00471071459974159,0.980319803198032,0.9249692496924969,0.9249692496924969,0.9434194341943419,3,IRSUITRYYR,9
RKFQDBLT,180.16252117952843,2.5034364895839888e-11,0.004595133217780916,0.9618696186961869,0.940959409594096,0.9212792127921279,0.941369413694137,3,IRSUITRYYR,10
INHOSPYR,189.987894735425,2.082468804326936e-11,0.0037348663588656072,0.966789667896679,0.915129151291513,0.9089790897908979,0.93029930299303,3,IRSUITRYYR,11
DRVINDETAG,139.71460219209783,2.4426178749655598e-11,0.00467760367036415,0.9231242312423125,0.9354243542435424,0.922509225092251,0.9270192701927019,3,IRSUITRYYR,12
CATAG2,139.71460219209783,2.4426178749655598e-11,0.00390778535525231,0.9231242312423125,0.9354243542435424,0.9126691266912669,0.923739237392374,3,IRSUITRYYR,13
SEXAGE,139.71460219209783,2.4426178749655598e-11,0.003898936867383794,0.9231242312423125,0.9354243542435424,0.9114391143911439,0.9233292332923329,3,IRSUITRYYR,14
PRVHLTIN,119.062500235477,1.98747659858086e-11,0.005259389774168174,0.8954489544895449,0.9089790897908979,0.9606396063960639,0.9216892168921689,2,IRSUITRYYR,15
FUNICVAP21,187.6178881652683,2.355348466224894e-11,0.0015443820833967656,0.965559655596556,0.9298892988929889,0.8683886838868389,0.9212792127921278,2,IRSUITRYYR,16
DRVINAGE,139.71460219209783,2.4426178749655598e-11,0.0035992771906333963,0.9231242312423125,0.9354243542435424,0.9040590405904059,0.9208692086920869,3,IRSUITRYYR,17
ENRLCOLLFT2,152.325117317269,2.243564942910555e-11,0.0026539753976938985,0.939729397293973,0.9268142681426814,0.8929889298892989,0.9198441984419844,2,IRSUITRYYR,18
IRPRVHLT,127.69697077520665,2.0872480948175534e-11,0.0048417682664413375,0.9102091020910209,0.9163591635916359,0.931119311193112,0.9192291922919229,3,IRSUITRYYR,19
IRMCDCHP,140.9169718295005,2.386738546991e-11,0.0030473059374158794,0.9274292742927429,0.931119311193112,0.897908979089791,0.918819188191882,2,IRSUITRYYR,20
ENRLCOLLST2,140.8205917352178,2.243564942910555e-11,0.003488191485617388,0.9261992619926199,0.9268142681426814,0.9028290282902829,0.9186141861418614,3,IRSUITRYYR,21
METHAGLST,97.3344559897354,5.864950321886976e-08,0.004809688678910156,0.8241082410824109,0.9876998769987699,0.9286592865928659,0.913489134891349,2,IRSUITRYYR,22
POVERTY3,118.43524465064687,2.4221380780279336e-11,0.004536835467789467,0.8868388683886839,0.932349323493235,0.9200492004920049,0.9130791307913079,2,IRSUITRYYR,23
WRKNJBPYR,117.66410213277622,2.5233806800402352e-11,0.0037904935291306007,0.8843788437884379,0.942189421894219,0.9102091020910209,0.9122591225912259,2,IRSUITRYYR,24
FUNICVAP18,168.14953599474444,1.8804287944455622e-11,0.0019446837716356373,0.95079950799508,0.9003690036900369,0.8806888068880688,0.9106191061910619,2,IRSUITRYYR,25
ILLEMYR2,190.11085024249897,1.6261994497866742e-11,0.002642457983381609,0.968019680196802,0.8659286592865929,0.8917589175891759,0.9085690856908569,1,IRSUITRYYR,26
HLTINMNT,119.062500235477,1.98747659858086e-11,0.004325831262972932,0.8954489544895449,0.9089790897908979,0.9138991389913899,0.906109061090611,2,IRSUITRYYR,27
CIGAVGM,99.53524343043011,4.130963619869748e-11,0.004805595844407874,0.8277982779827798,0.958179581795818,0.9274292742927429,0.904469044690447,2,IRSUITRYYR,28
NOMARR2,118.7623398919249,1.8644437236002764e-11,0.004708453580290157,0.8892988929889298,0.8991389913899139,0.923739237392374,0.9040590405904059,1,IRSUITRYYR,29
HLTINALC,119.062500235477,1.98747659858086e-11,0.003241429549815175,0.8954489544895449,0.9089790897908979,0.8991389913899139,0.901189011890119,1,IRSUITRYYR,30
IRMARIT,118.32019603280769,1.8601670397956635e-11,0.004422792385091934,0.8856088560885609,0.897908979089791,0.9188191881918819,0.9007790077900779,1,IRSUITRYYR,31
GRPHLTIN,119.062500235477,1.98747659858086e-11,0.002719338924455044,0.8954489544895449,0.9089790897908979,0.8954489544895449,0.8999589995899959,1,IRSUITRYYR,32
LVLDIFMEM2,226.54690053082703,1.3499123224507721e-11,0.002581258514139183,0.982779827798278,0.8277982779827798,0.8880688806888068,0.8995489954899548,1,IRSUITRYYR,33
SVYRCNSANY,302.922892349495,1.4362602177210215e-11,0.0013905753345216298,0.9944649446494465,0.8394833948339483,0.8622386223862238,0.8987289872898728,1,IRSUITRYYR,34
UD5IEMANY,296.4221420235035,1.3357398840116727e-11,0.0017894115847405638,0.992619926199262,0.8265682656826568,0.8757687576875769,0.8983189831898319,1,IRSUITRYYR,35
WRKDHRSWK2,81.15786700753932,2.7919509132964007e-11,0.0061599179957761195,0.7626076260762608,0.949569495694957,0.981549815498155,0.8979089790897908,2,IRSUITRYYR,36
CIGAGLST,101.77562359880527,1.6533694831267534e-11,0.005555779662384233,0.8450184501845018,0.8683886838868389,0.972939729397294,0.8954489544895449,1,IRSUITRYYR,37
EDUHIGHCAT,102.83983440763448,2.1254366025488925e-11,0.004342649205078946,0.8505535055350554,0.9182041820418204,0.915129151291513,0.8946289462894629,2,IRSUITRYYR,38
HLTINDRG,119.062500235477,1.98747659858086e-11,0.0018635092400514982,0.8954489544895449,0.9089790897908979,0.8782287822878229,0.8942189421894219,1,IRSUITRYYR,39
CAIDCHIP,116.92694630333389,2.284051208825721e-11,0.0017014114806503603,0.8819188191881919,0.9286592865928659,0.8708487084870848,0.8938089380893809,1,IRSUITRYYR,40
IREDUHIGHST2,102.83983440763448,2.1254366025488925e-11,0.003728591489176322,0.8505535055350554,0.9182041820418204,0.9077490774907749,0.8921689216892169,2,IRSUITRYYR,41
SVYRPSYANY,204.09617895730656,1.4193703864054079e-11,0.001380905091115186,0.974169741697417,0.8351783517835178,0.8610086100861009,0.8901189011890119,1,IRSUITRYYR,42
TOBVAPONL2,122.11021011717722,2.040253968283055e-11,0.0011070504984454974,0.906519065190652,0.9138991389913899,0.8388683886838868,0.8864288642886429,2,IRSUITRYYR,43
CATAG7,101.06550685764208,2.1479712986313746e-11,0.00326837605836559,0.8370233702337023,0.9206642066420664,0.9003690036900369,0.8860188601886018,2,IRSUITRYYR,44
LVLDIFCOMM2,168.67870879532097,1.2915789209994907e-11,0.0024886764536687983,0.9532595325953259,0.8154981549815498,0.8868388683886839,0.88519885198852,1,IRSUITRYYR,45
HEALTH2,132.28223843515724,1.5241236872869207e-11,0.0026169867015561205,0.915129151291513,0.8487084870848709,0.8905289052890529,0.8847888478884789,1,IRSUITRYYR,46
RKFQPBLT,109.60923806865031,1.9373908201009122e-11,0.0020110683741788662,0.8683886838868389,0.9028290282902829,0.8831488314883149,0.8847888478884789,1,IRSUITRYYR,47
LSDAGLST,59.84445563477546,6.849422894723647e-09,0.007154484449479865,0.6703567035670357,0.9790897908979089,0.995079950799508,0.8815088150881509,2,IRSUITRYYR,48
CATAGE,101.06550685764208,2.1479712986313746e-11,0.002427618205624463,0.8370233702337023,0.9206642066420664,0.8856088560885609,0.8810988109881098,1,IRSUITRYYR,49
LVLDIFCARE2,246.26074736216114,1.18332480784524e-11,0.0015575657792136406,0.986469864698647,0.7872078720787208,0.8696186961869619,0.8810988109881098,1,IRSUITRYYR,50
HERAGLST,65.16092527416481,2.4338178370087438e-09,0.005415093297705306,0.6980319803198032,0.972939729397294,0.965559655596556,0.8788437884378845,2,IRSUITRYYR,51
ILIMFOTHMN,116.15295430895736,1.6752449576463156e-11,0.001762931315010779,0.8806888068880688,0.8696186961869619,0.8733087330873309,0.8745387453874539,0,IRSUITRYYR,52
MRJAGLST,70.64143301735338,2.6075488724374394e-11,0.005400847253355952,0.7121771217712177,0.9458794587945879,0.964329643296433,0.8741287412874129,2,IRSUITRYYR,53
HALLYRLST,60.08222812591465,4.105496290630792e-09,0.005528086028588769,0.6728167281672817,0.976629766297663,0.9704797047970479,0.8733087330873309,2,IRSUITRYYR,54
ILLYR,120.74613823900665,1.7679680968761234e-11,0.0010348303127376969,0.9003690036900369,0.8892988929889298,0.8277982779827798,0.8724887248872489,1,IRSUITRYYR,55
NICVAPYR,122.21542833870896,1.627502307525829e-11,0.0010942829282099822,0.9077490774907749,0.8671586715867159,0.8364083640836408,0.8704387043870438,1,IRSUITRYYR,56
COCYLU,61.549135844963935,4.577792465836263e-08,0.005128129417712313,0.6777367773677737,0.985239852398524,0.947109471094711,0.870028700287003,2,IRSUITRYYR,57
ALCNUMDKPM,64.47329095451626,6.276286655236534e-11,0.005240753436068627,0.6924969249692496,0.9606396063960639,0.956949569495695,0.8700287002870027,2,IRSUITRYYR,58
LSDYLU,57.24157949755034,3.2577167552981605e-11,0.006964361700904049,0.6500615006150061,0.9532595325953259,0.992619926199262,0.8653136531365314,2,IRSUITRYYR,59
HERYLU,65.16092527416481,3.296881245705656e-11,0.004998401382729326,0.6980319803198032,0.9544895448954489,0.939729397293973,0.8640836408364083,2,IRSUITRYYR,60
NICVAPFLAG,114.6368980719547,1.8110243938279464e-11,0.0010163546222844793,0.8794587945879458,0.8917589175891759,0.8179581795817958,0.8630586305863058,0,IRSUITRYYR,61
FTNDDEPND,101.63076425095191,1.7202341506191638e-11,0.0013210121684017959,0.8407134071340714,0.8837638376383764,0.8585485854858549,0.8610086100861009,0,IRSUITRYYR,62
ALCAGLST,54.989517776481144,8.197199481543664e-11,0.006201025483027831,0.6383763837638377,0.9618696186961869,0.982779827798278,0.8610086100861007,2,IRSUITRYYR,63
ILIMFOTHYR,103.61979274217572,1.681015747400129e-11,0.0012543069810902411,0.8560885608856088,0.8708487084870848,0.8536285362853628,0.8601886018860189,0,IRSUITRYYR,64
INHLAGLST,49.495255478458525,8.604158224557285e-09,0.006594244442175223,0.6051660516605166,0.981549815498155,0.990159901599016,0.8589585895858959,2,IRSUITRYYR,65
WRKHADJOB,80.13207393991281,2.1938669009089062e-11,0.002682685245244257,0.7589175891758918,0.922509225092251,0.8942189421894219,0.8585485854858549,1,IRSUITRYYR,66
WRKLASTYR2,53.14797957543201,3.381503542921037e-11,0.00651574550817919,0.6273062730627307,0.955719557195572,0.9876998769987699,0.8569085690856909,2,IRSUITRYYR,67
CNSANYYR,120.9942687055738,1.2252447307628086e-11,0.0014083387654546088,0.9015990159901599,0.8056580565805658,0.8634686346863468,0.8569085690856908,1,IRSUITRYYR,68
MJSMKYR,112.58004023439754,1.51111007246314e-11,0.001192683697004817,0.8757687576875769,0.8462484624846248,0.8450184501845018,0.8556785567855679,0,IRSUITRYYR,69
IRPYUD5MRJ,154.65264730515378,1.3280396772220998e-11,0.0009231060912730536,0.9434194341943419,0.8241082410824109,0.7982779827798278,0.8552685526855268,1,IRSUITRYYR,70
CIGAVGD,99.53524343040996,1.7030418268216177e-11,0.00130080615739002,0.8265682656826568,0.8769987699876999,0.8560885608856088,0.853218532185322,0,IRSUITRYYR,71
WRKSKIPMO,46.57827348194954,1.3484881833840636e-07,0.006237186516849559,0.5793357933579336,0.993849938499385,0.985239852398524,0.8528085280852808,2,IRSUITRYYR,72
METHYRLST,57.3546051919378,2.5974541215038537e-11,0.005177777838632489,0.6549815498154982,0.9446494464944649,0.9544895448954489,0.8513735137351374,2,IRSUITRYYR,73
NICVPMDAYS,105.85880688878463,1.831099626939814e-11,0.0008445007774937922,0.8634686346863468,0.8954489544895449,0.7810578105781057,0.8466584665846658,0,IRSUITRYYR,74
NICVAPMON,105.85880688875777,1.351518824417583e-11,0.0012058765689298867,0.8622386223862238,0.8290282902829028,0.8474784747847478,0.8462484624846248,0,IRSUITRYYR,75
IRPYSEV5MRJ,171.34439637357946,1.8076190559190077e-11,0.0005902859899759479,0.956949569495695,0.8905289052890529,0.6863468634686347,0.844608446084461,1,IRSUITRYYR,76
IRWELMOS,46.07728975360987,4.6588132887235324e-07,0.005235231008670735,0.5707257072570726,0.997539975399754,0.955719557195572,0.8413284132841329,2,IRSUITRYYR,77
GOVTPROG,79.76454430597407,1.8314291153867173e-11,0.0014963522606284514,0.7576875768757687,0.8966789667896679,0.8671586715867159,0.8405084050840509,0,IRSUITRYYR,78
INCOME,73.59997703723319,1.9477066867615007e-11,0.0025948003575583384,0.7226322263222632,0.9046740467404674,0.8892988929889298,0.8388683886838869,1,IRSUITRYYR,79
TOBVNICYR,96.44757423337268,1.6013867742057328e-11,0.0010281907898224316,0.8228782287822878,0.8646986469864698,0.8241082410824109,0.8372283722837227,0,IRSUITRYYR,80
MJSMKMON,118.59898025975234,1.4103933900127015e-11,0.0008587846749350214,0.8880688806888068,0.8339483394833949,0.7872078720787208,0.8364083640836407,0,IRSUITRYYR,81
UD5CNSGRP,302.922892349495,1.4362602177210215e-11,0.0005626941232212158,0.9944649446494465,0.8394833948339483,0.6728167281672817,0.8355883558835587,1,IRSUITRYYR,82
IRFAMIN3,73.59997703723319,1.9477066867615007e-11,0.001806417105394014,0.7226322263222632,0.9046740467404674,0.8769987699876999,0.8347683476834767,1,IRSUITRYYR,83
TOBVNICMON,100.68290406546082,1.5606745904401697e-11,0.0009420995872859789,0.8339483394833949,0.8560885608856088,0.8056580565805658,0.8318983189831899,0,IRSUITRYYR,84
UD5PSYANY,204.09617895736093,9.397911334611906e-12,0.0010916512702242055,0.97539975399754,0.6740467404674046,0.8351783517835178,0.8282082820828208,1,IRSUITRYYR,85
CIGYR,90.837889172094,1.2989917919747258e-11,0.0012805697454887903,0.8093480934809348,0.8191881918819188,0.8548585485854858,0.8277982779827798,0,IRSUITRYYR,86
NDSSDEPND,101.63076425095191,1.7202341506191638e-11,0.0007676089226496199,0.8407134071340714,0.8837638376383764,0.7576875768757687,0.8273882738827388,0,IRSUITRYYR,87
EDUFULPAR,73.65864583741077,1.6947309514806554e-11,0.0019822384748813854,0.7244772447724477,0.8733087330873309,0.8819188191881919,0.8265682656826568,0,IRSUITRYYR,88
UD5ILNALANY,113.25815230274513,1.0966473665864691e-11,0.0013361444820090204,0.8769987699876999,0.7367773677736777,0.8597785977859779,0.8245182451824519,0,IRSUITRYYR,89
HEALTH,86.55780798854745,1.3336834842014973e-11,0.0012510255362506086,0.7872078720787208,0.8253382533825339,0.8511685116851169,0.8212382123821239,0,IRSUITRYYR,90
HALLAGLST,60.08222812591465,1.5467590785325488e-11,0.004864198568671875,0.6728167281672817,0.8548585485854858,0.933579335793358,0.8204182041820417,1,IRSUITRYYR,91
WRKDPSTWK,72.98729443603212,1.5917991037194873e-11,0.001938802246621625,0.7183271832718328,0.8622386223862238,0.8794587945879458,0.8200082000820008,0,IRSUITRYYR,92
EDUSCHGRD2,63.65255814662112,1.6947309514806554e-11,0.0027686828234756043,0.6894218942189422,0.8733087330873309,0.8966789667896679,0.8198031980319803,0,IRSUITRYYR,93
UD5ILAALANY,152.41544002317562,9.191178036214878e-12,0.0012104878581108798,0.940959409594096,0.6605166051660517,0.8487084870848709,0.8167281672816729,1,IRSUITRYYR,94
SVYRCNSMIS,217.31456776458768,1.1729727704818856e-11,0.0005809910858511332,0.9790897908979089,0.7859778597785978,0.6838868388683886,0.8163181631816318,1,IRSUITRYYR,95
ECSTMOAGL,36.51957647755869,9.347431581130402e-08,0.005542510407748482,0.48769987699877,0.988929889298893,0.971709717097171,0.8161131611316114,2,IRSUITRYYR,96
WRKNJBWKS,40.656698583787154,4.852545672686522e-09,0.0051333683770059075,0.5190651906519065,0.977859778597786,0.949569495694957,0.8154981549815498,2,IRSUITRYYR,97
MJVAPFLAG,91.18083479836285,1.4391243569302045e-11,0.0009055407866350846,0.8105781057810578,0.8413284132841329,0.7933579335793358,0.8150881508815089,0,IRSUITRYYR,98
CASURCVR,84.25845845259728,1.7127604106090634e-11,0.0008555735665166673,0.7755227552275523,0.8800738007380073,0.7847478474784748,0.8134481344813448,0,IRSUITRYYR,99
IRPYSEV5ALC,83.80243279510967,1.6001329141724364e-11,0.0009255265622309415,0.7687576875768758,0.8634686346863468,0.7995079950799509,0.8105781057810578,0,IRSUITRYYR,100
UD5CNSANY,302.92289234971867,9.566808184356158e-12,0.0007528622602449507,0.996309963099631,0.6777367773677737,0.7490774907749077,0.8077080770807709,1,IRSUITRYYR,101
ALCYLU,41.39427859977453,4.0629027356835364e-11,0.005017463079871499,0.5227552275522755,0.956949569495695,0.940959409594096,0.8068880688806889,2,IRSUITRYYR,102
WRKSICKMO,46.57827348194954,1.7040010235342933e-11,0.005352576860413339,0.5793357933579336,0.8782287822878229,0.9618696186961869,0.8064780647806478,1,IRSUITRYYR,103
ILLEMFLAG2,87.31303418441951,1.5121881743051157e-11,0.0008439167502417598,0.7908979089790897,0.8474784747847478,0.7798277982779828,0.8060680606806069,0,IRSUITRYYR,104
TOBCIGONL,108.78116299291266,1.6983013229269205e-11,0.000547078790505924,0.8659286592865929,0.8757687576875769,0.6642066420664207,0.8019680196801967,0,IRSUITRYYR,105
RSKYFQTES,148.53742902500179,9.10320122830429e-12,0.0009472879778503366,0.9348093480934809,0.6580565805658056,0.8093480934809348,0.8007380073800738,1,IRSUITRYYR,106
ILLMON,113.3811474370221,1.5829811472301107e-11,0.0005425954604101298,0.8782287822878229,0.8610086100861009,0.6592865928659286,0.7995079950799507,0,IRSUITRYYR,107
CGRAGLST,39.112471050243826,2.2181814268748633e-11,0.005481485716957633,0.5055350553505535,0.923739237392374,0.968019680196802,0.7990979909799099,2,IRSUITRYYR,108
EDUSCHLGO,63.65255814662112,1.6947309514806554e-11,0.0010167467103800137,0.6894218942189422,0.8733087330873309,0.8191881918819188,0.7939729397293972,0,IRSUITRYYR,109
CASUPROB,84.25845845259728,1.7127604106090634e-11,0.0006956110438217277,0.7755227552275523,0.8800738007380073,0.7257072570725708,0.7937679376793768,0,IRSUITRYYR,110
CIGMDAYS,101.63076425095191,1.7202341506191638e-11,0.0005337694836508067,0.8407134071340714,0.8837638376383764,0.6568265682656826,0.7937679376793768,0,IRSUITRYYR,111
MRJMDAYS,78.5225045439517,1.7213983258303638e-11,0.0007385045804086455,0.7533825338253383,0.8874538745387454,0.7404674046740467,0.7937679376793767,0,IRSUITRYYR,112
IRPYUD5ALC,83.80243279512804,1.1205520204422426e-11,0.0012175398458656181,0.7699876998769988,0.7589175891758918,0.8499384993849939,0.7929479294792948,0,IRSUITRYYR,113
CRKAGLST,36.05896478489028,5.4528886436409316e-08,0.004359033159082726,0.4735547355473555,0.986469864698647,0.9163591635916359,0.7921279212792127,2,IRSUITRYYR,114
MRJYDAYS,90.36121190750598,1.9197024657155386e-11,0.0005612611937894531,0.8031980319803198,0.9015990159901599,0.6715867158671587,0.7921279212792127,1,IRSUITRYYR,115
MOVSINPYR2,168.39941369196765,7.406492670307189e-12,0.002288783667666366,0.9520295202952029,0.5325953259532595,0.8843788437884379,0.7896678966789669,1,IRSUITRYYR,116
WRKDPSTYR,53.14797957543201,1.8242470948008653e-11,0.0011804523760791474,0.6273062730627307,0.8936039360393604,0.8437884378843789,0.7882328823288233,0,IRSUITRYYR,117
MRJMON,78.52250454393567,1.2418175207441376e-11,0.0009293209821595908,0.7515375153751538,0.8081180811808119,0.8031980319803198,0.7876178761787619,0,IRSUITRYYR,118
WRKRSNJOB,53.14797957543201,1.8242470948008653e-11,0.0011107838105056294,0.6273062730627307,0.8936039360393604,0.8413284132841329,0.7874128741287413,0,IRSUITRYYR,119
IRPINC3,59.17134653387704,1.3189054969595619e-11,0.001775277358004535,0.6629766297662977,0.8228782287822878,0.8745387453874539,0.7867978679786797,0,IRSUITRYYR,120
INHLYRLST,49.495255478458525,1.2687994607649919e-11,0.005024628090969677,0.6051660516605166,0.8118081180811808,0.942189421894219,0.7863878638786388,1,IRSUITRYYR,121
FLVVAPEVR,74.92583896714288,1.545895676927695e-11,0.0008008790215535306,0.7337023370233703,0.8530135301353013,0.7687576875768758,0.7851578515785157,0,IRSUITRYYR,122
EDUSKPMON,27.036047604047916,1.3391561431269375e-07,0.0052509215766221775,0.3985239852398524,0.991389913899139,0.959409594095941,0.7831078310783108,2,IRSUITRYYR,123
MRJMONVAP2,78.5225045439517,1.7213983258303638e-11,0.000652322109862029,0.7533825338253383,0.8874538745387454,0.7084870848708487,0.7831078310783107,0,IRSUITRYYR,124
RSKYFQDGR,90.01402468331739,1.0004248428641542e-11,0.0012538253185368263,0.8019680196801968,0.6937269372693727,0.8523985239852399,0.78269782697827,0,IRSUITRYYR,125
MRJYR,90.36121190751051,1.4401218835532872e-11,0.0006283122338065558,0.8044280442804428,0.8425584255842559,0.6998769987699877,0.7822878228782288,0,IRSUITRYYR,126
EDUSKPCOM,27.03602946083175,1.339381249979157e-07,0.005142599849622466,0.3972939729397294,0.992619926199262,0.9520295202952029,0.7806478064780649,2,IRSUITRYYR,127
DIABETEAG,24.13390903471223,1.158833710649376e-06,0.005928565024220316,0.36162361623616235,1.0,0.9790897908979089,0.7802378023780238,2,IRSUITRYYR,128
PCPAGLST,29.77649458199058,2.55756280115085e-09,0.004866634421344689,0.42558425584255843,0.974169741697417,0.9348093480934809,0.7781877818778188,2,IRSUITRYYR,129
LVLDIFSEE2,60.407375981714566,1.1701768020292094e-11,0.001715454899760537,0.6765067650676507,0.7835178351783518,0.8720787207872078,0.7773677736777368,0,IRSUITRYYR,130
FLVVAPREC,74.92583896714288,1.545895676927695e-11,0.0007121509648536101,0.7337023370233703,0.8530135301353013,0.7306273062730627,0.7724477244772449,0,IRSUITRYYR,131
CASUPROB2,83.42926048014922,1.0876155687550355e-11,0.0010134731448910115,0.7675276752767528,0.7318573185731857,0.8167281672816729,0.7720377203772038,0,IRSUITRYYR,132
EDUSCKCOM,23.358237261624943,2.0262520720569757e-07,0.005625703858597513,0.34440344403444034,0.995079950799508,0.974169741697417,0.7712177121771218,2,IRSUITRYYR,133
HRTCONDAG,23.668982272718832,7.436792106930457e-07,0.0053774366228619705,0.34932349323493234,0.998769987699877,0.9630996309963099,0.7703977039770398,2,IRSUITRYYR,134
ILLANDALC,85.69255322657125,1.40200902418658e-11,0.0006123715667129421,0.7835178351783518,0.8327183271832719,0.6937269372693727,0.7699876998769989,0,IRSUITRYYR,135
PMNICDEP,101.63076425095191,1.7202341506191638e-11,0.0004392712132707907,0.8407134071340714,0.8837638376383764,0.5854858548585485,0.7699876998769989,0,IRSUITRYYR,136
TOBCIGVAP2,122.11021011712447,1.4891469815723354e-11,0.0003881146906628423,0.9052890528905289,0.8437884378843789,0.5436654366543665,0.7642476424764247,1,IRSUITRYYR,137
PSYANYYR2,54.81133926697602,1.2135128485457284e-11,0.001309655621901942,0.6359163591635917,0.7982779827798278,0.8573185731857319,0.7638376383763839,0,IRSUITRYYR,138
EDUSCKMON,23.358173685548635,2.0271378709112777e-07,0.005139565107691955,0.34317343173431736,0.996309963099631,0.95079950799508,0.7634276342763427,2,IRSUITRYYR,139
PREGAGE2,52.41488594198689,1.3056794788184968e-11,0.0011987226737124497,0.6211562115621156,0.8204182041820418,0.8462484624846248,0.7626076260762608,0,IRSUITRYYR,140
APPDRGMON,98.41326444337736,1.3091699165959534e-11,0.000497102292166989,0.8253382533825339,0.8216482164821648,0.6346863468634686,0.7605576055760558,0,IRSUITRYYR,141
CIGMON,101.63076425095673,1.240653984273187e-11,0.00047744993106597466,0.8437884378843789,0.8068880688806888,0.6162361623616236,0.7556375563755636,0,IRSUITRYYR,142
CIGRNOUT,123.5237076952159,9.07638454915605e-12,0.0006431805211571423,0.9089790897908979,0.6451414514145142,0.7060270602706027,0.7533825338253383,1,IRSUITRYYR,143
CIGARYLU,24.636033729404996,9.701364780427394e-11,0.0047570442188646185,0.3640836408364084,0.9630996309963099,0.9261992619926199,0.7511275112751128,2,IRSUITRYYR,144
DRVINHALL,64.97584509549986,1.537637942604113e-11,0.0006429337537298224,0.6961869618696187,0.8505535055350554,0.7047970479704797,0.7505125051250513,0,IRSUITRYYR,145
MRJYLU,18.756195408578172,1.0089617024482523e-10,0.006443721394742926,0.2952029520295203,0.964329643296433,0.986469864698647,0.7486674866748668,2,IRSUITRYYR,146
PSYCHFLAG,84.84891637206621,1.1556805962901616e-11,0.0006056551084374312,0.7785977859778598,0.7749077490774908,0.6900369003690037,0.7478474784747847,0,IRSUITRYYR,147
ASTHMAAGE,18.077660905882496,1.4989394544625892e-09,0.005825052089439297,0.2865928659286593,0.971709717097171,0.977859778597786,0.7453874538745388,2,IRSUITRYYR,148
IRFSTAMP,56.01746259028528,1.500322598581012e-11,0.0007421428299386185,0.6432964329643296,0.8450184501845018,0.7441574415744158,0.7441574415744157,0,IRSUITRYYR,149
GRSKLSDWK,44.497174324127826,1.5657428755795526e-11,0.0010038221519961148,0.5541205412054121,0.8591635916359164,0.8154981549815498,0.7429274292742928,0,IRSUITRYYR,150
MJDABYR,102.12719095987099,7.876095446817545e-12,0.0009546310938191188,0.8462484624846248,0.5510455104551045,0.8105781057810578,0.7359573595735958,0,IRSUITRYYR,151
TOBMON,81.05017027580065,1.2187215783940226e-11,0.0004991199813937931,0.7613776137761378,0.8007380073800738,0.6371463714637147,0.7330873308733089,0,IRSUITRYYR,152
OPIANYYR2,58.524091902679025,1.1477332089747455e-11,0.0007570044472811366,0.6592865928659286,0.7724477244772447,0.7527675276752768,0.7281672816728166,0,IRSUITRYYR,153
RSKLSDWK,44.497174324127826,1.5657428755795526e-11,0.0008005051021509315,0.5541205412054121,0.8591635916359164,0.7675276752767528,0.7269372693726938,0,IRSUITRYYR,154
HALLNDAYYR,73.00928937648843,1.160392156215159e-11,0.0005755220295623268,0.7207872078720787,0.7761377613776138,0.6826568265682657,0.7265272652726527,0,IRSUITRYYR,155
PNRANYYR2,57.05564348010912,1.1649499669747388e-11,0.0007549088731486709,0.6482164821648216,0.7810578105781057,0.7503075030750308,0.7265272652726527,0,IRSUITRYYR,156
HLCNOTMO,16.342500726745477,4.899854666104476e-10,0.005084307761922166,0.2656826568265683,0.9692496924969249,0.9434194341943419,0.7261172611726118,2,IRSUITRYYR,157
PCPYLU,19.220374755297964,2.4588972614334152e-11,0.0048778761703073955,0.3001230012300123,0.9384993849938499,0.9360393603936039,0.7248872488724887,2,IRSUITRYYR,158
CATAG3,39.215134895000915,1.2051149643208968e-11,0.001488997482859969,0.5079950799507995,0.7945879458794588,0.8659286592865929,0.7228372283722836,0,IRSUITRYYR,159
LSDMLU,57.24157949755034,1.373643278135086e-11,0.0005937293302806719,0.6500615006150061,0.8302583025830258,0.6875768757687577,0.7226322263222631,0,IRSUITRYYR,160
SMKAGLAST,12.96539996791352,1.4567337753105058e-10,0.005943752883129233,0.21648216482164823,0.965559655596556,0.980319803198032,0.7207872078720787,2,IRSUITRYYR,161
ECSTMOYLU,36.51957647755869,1.0955883125909502e-11,0.004903913324929318,0.48769987699877,0.7337023370233703,0.9384993849938499,0.7199671996719967,1,IRSUITRYYR,162
COPDAGE,10.793100126564125,3.959216233853377e-08,0.006225886207022147,0.1906519065190652,0.982779827798278,0.984009840098401,0.7191471914719147,2,IRSUITRYYR,163
HLCNOTYR,38.988766742797026,1.3964018746623437e-11,0.001021153565965704,0.5043050430504306,0.8314883148831488,0.8216482164821648,0.7191471914719147,0,IRSUITRYYR,164
PNRMAINRSN,100.6791178591253,1.211354733515248e-11,0.0003629937642138195,0.8314883148831488,0.7970479704797048,0.5289052890528906,0.7191471914719147,0,IRSUITRYYR,165
TOBYR,66.26439022744984,1.1871907814396201e-11,0.0005309514942240997,0.6998769987699877,0.7884378843788438,0.6555965559655597,0.7146371463714637,0,IRSUITRYYR,166
WRK35WKUS,46.57827348194954,1.199579773524666e-11,0.0007981461460334767,0.5793357933579336,0.7896678966789668,0.7662976629766297,0.7117671176711767,0,IRSUITRYYR,167
RCVYMHPRB,50.63275599545549,9.787399492080056e-12,0.0010906382995392134,0.6125461254612546,0.6838868388683886,0.8339483394833949,0.7101271012710128,0,IRSUITRYYR,168
IRFLVVAPREC,78.18988772067587,1.4268637202197542e-11,0.0003815323436307229,0.7490774907749077,0.8364083640836408,0.5387453874538746,0.7080770807708078,0,IRSUITRYYR,169
IRWRKSTAT18,73.84564440981613,8.526800531657415e-12,0.0009612264189767923,0.7257072570725708,0.5842558425584256,0.8118081180811808,0.7072570725707257,0,IRSUITRYYR,170
PSYCHYR,131.23261039794912,1.006180341962928e-11,0.00033524677189087634,0.9138991389913899,0.6961869618696187,0.5079950799507995,0.7060270602706028,1,IRSUITRYYR,171
CIGDLYLU,10.181692086543054,1.1039152781070086e-07,0.005117337224189659,0.17650676506765067,0.990159901599016,0.9458794587945879,0.7041820418204182,2,IRSUITRYYR,172
CIGYLU,10.181692086543054,4.5587218378033377e-11,0.005654053136738026,0.17650676506765067,0.959409594095941,0.97539975399754,0.7037720377203772,2,IRSUITRYYR,173
METHNDAYYR,149.8685237797264,9.888802639345303e-12,0.00029781488328045933,0.9372693726937269,0.6875768757687577,0.4858548585485855,0.7035670356703566,1,IRSUITRYYR,174
BKROB,83.27197569908007,1.1035533705081527e-11,0.00045497224685107695,0.7662976629766297,0.7478474784747847,0.5940959409594095,0.7027470274702746,0,IRSUITRYYR,175
WRKSELFEM,31.794608093876914,1.5641574680595772e-11,0.0009912913977320036,0.4354243542435424,0.8573185731857319,0.8142681426814268,0.7023370233702337,0,IRSUITRYYR,176
FUHALLUC21,64.18806350768378,1.4319337704357892e-11,0.000420110630463811,0.6912669126691267,0.8376383763837638,0.5682656826568265,0.6990569905699057,0,IRSUITRYYR,177
IRSYNMRJREC,102.56405365723772,9.382809101112434e-12,0.00042343790469921,0.8474784747847478,0.6728167281672817,0.5719557195571956,0.6974169741697417,0,IRSUITRYYR,178
CBDHMPYR,51.98562354447134,9.988925874783583e-12,0.0008379722488241751,0.6199261992619927,0.6924969249692496,0.7773677736777368,0.6965969659696597,0,IRSUITRYYR,179
SRCPNRNM2,95.85583600831664,1.1367298633556438e-11,0.0003107013452612455,0.8204182041820418,0.7712177121771218,0.4956949569495695,0.6957769577695777,0,IRSUITRYYR,180
KIDNYDSAG,7.175129345461123,8.5934397143753e-09,0.005241330018256769,0.14514145141451415,0.980319803198032,0.958179581795818,0.6945469454694547,2,IRSUITRYYR,181
IRIMFREC,170.33067016512496,9.049371868754578e-12,0.0003132928709684806,0.9544895448954489,0.6297662976629766,0.4969249692496925,0.6937269372693726,1,IRSUITRYYR,182
SYNMRJREC,109.40239184487987,1.0658385160196702e-11,0.00030277927209780705,0.8671586715867159,0.7214022140221402,0.48954489544895446,0.6927019270192702,0,IRSUITRYYR,183
HIGHBPAGE,8.674023286904783,3.1897414136152406e-10,0.005131695320758143,0.15990159901599016,0.968019680196802,0.948339483394834,0.6920869208692088,2,IRSUITRYYR,184
WRKSTATWK2,61.790658969748165,8.683779234258784e-12,0.0009102738609786819,0.6789667896678967,0.5990159901599016,0.7970479704797048,0.6916769167691678,0,IRSUITRYYR,185
GRSKHERWK,34.07692603482584,1.1641535752966828e-11,0.0011090828977081686,0.45448954489544896,0.7792127921279213,0.8400984009840098,0.6912669126691267,0,IRSUITRYYR,186
BKBURGL,84.5204592892294,1.1035533705081527e-11,0.00038975053252890114,0.7773677736777368,0.7478474784747847,0.5461254612546126,0.6904469044690447,0,IRSUITRYYR,187
SVYROPIMIS,105.21165239057791,8.332256331130439e-12,0.0004910980405859224,0.8597785977859779,0.5768757687576875,0.6322263222632226,0.6896268962689627,0,IRSUITRYYR,188
HEPBCAGE,6.398723983317517,6.827004373079535e-10,0.005165650608262035,0.13653136531365315,0.9704797047970479,0.9532595325953259,0.6867568675686756,2,IRSUITRYYR,189
APPDRGMON2,112.07219587751825,8.131863011148743e-12,0.00047152750681745553,0.8733087330873309,0.5719557195571956,0.6137761377613776,0.6863468634686347,0,IRSUITRYYR,190
BKMVTHFT,78.59401259424307,1.1035533705081527e-11,0.00040974020741958034,0.7552275522755227,0.7478474784747847,0.5547355473554736,0.6859368593685936,0,IRSUITRYYR,191
COCAGLST,24.00848918681696,1.1336124804441282e-11,0.004897465188580964,0.35977859778597787,0.7601476014760148,0.9372693726937269,0.6857318573185731,1,IRSUITRYYR,192
RSKHERWK,34.07692603482584,1.1641535752966828e-11,0.0010182252148411126,0.45448954489544896,0.7792127921279213,0.8204182041820418,0.6847068470684707,0,IRSUITRYYR,193
BKDRVINF,92.60361119886944,1.1035533705081527e-11,0.0003076083967752003,0.8118081180811808,0.7478474784747847,0.4932349323493235,0.6842968429684296,0,IRSUITRYYR,194
GRSKCIGPKD,27.221188130653136,1.295469458998781e-11,0.001052628898454762,0.4015990159901599,0.8173431734317343,0.8314883148831488,0.6834768347683476,0,IRSUITRYYR,195
DRVINMARJ,44.99037632486361,1.0157347957485233e-11,0.0008653535550604795,0.5584255842558425,0.7011070110701108,0.7884378843788438,0.6826568265682657,0,IRSUITRYYR,196
BKLARCNY,85.1136984243663,1.1035533705081527e-11,0.0003536093829267673,0.7798277982779828,0.7478474784747847,0.5190651906519065,0.6822468224682247,0,IRSUITRYYR,197
SEVYRSTMANY,185.8825814692799,9.885574084295248e-12,0.0001927720828525439,0.964329643296433,0.6863468634686347,0.39114391143911437,0.6806068060680607,1,IRSUITRYYR,198
BKOTH,73.87673402514369,1.1035533705081527e-11,0.0004159276283738414,0.7281672816728167,0.7478474784747847,0.5645756457564576,0.6801968019680197,0,IRSUITRYYR,199
MJVAPYR,78.93856595053794,1.018523429345935e-11,0.0004332272140516374,0.7564575645756457,0.7047970479704797,0.5793357933579336,0.6801968019680197,0,IRSUITRYYR,200
HALLMOLST,60.08222812591465,1.537637942604113e-11,0.0003481384619201445,0.6728167281672817,0.8505535055350554,0.5166051660516605,0.6799917999179992,0,IRSUITRYYR,201
PNRNMFLAG,77.95091927878282,9.57731299062963e-12,0.00047490440146695306,0.7453874538745388,0.6789667896678967,0.6150061500615006,0.6797867978679787,0,IRSUITRYYR,202
BKFRAUD,86.44063882349668,1.1035533705081527e-11,0.0003260517713288163,0.7853628536285363,0.7478474784747847,0.5006150061500615,0.6779417794177941,0,IRSUITRYYR,203
BKARSON,94.60059785751285,1.1035533705081527e-11,0.00027437610002169763,0.8167281672816729,0.7478474784747847,0.4661746617466175,0.6769167691676917,0,IRSUITRYYR,204
SVYROPIANY2,132.64164206074406,1.050500721388279e-11,0.00019382994668525446,0.9188191881918819,0.7183271832718328,0.3936039360393604,0.6769167691676916,1,IRSUITRYYR,205
SVYRTQSDANY,154.76862671227673,9.059717551064036e-12,0.00025279800702965994,0.9446494464944649,0.6316113161131611,0.4489544895448955,0.6750717507175071,1,IRSUITRYYR,206
SYNSTMREC,194.0910695690412,8.742647949134828e-12,0.0002529667953876892,0.9698646986469864,0.6033210332103321,0.45018450184501846,0.6744567445674456,1,IRSUITRYYR,207
CRKYLU,36.05896478489028,8.108824010748835e-12,0.005462791246358574,0.4735547355473555,0.568880688806888,0.966789667896679,0.6697416974169741,1,IRSUITRYYR,208
SNAFLMJTRY,32.849126762860784,1.1640914020849338e-11,0.0008664827189725536,0.44157441574415746,0.7773677736777368,0.7896678966789668,0.6695366953669537,0,IRSUITRYYR,209
DRVININHL,89.30076897211973,1.2687994607649919e-11,0.00020217476171896577,0.7970479704797048,0.8118081180811808,0.3985239852398524,0.6691266912669126,0,IRSUITRYYR,210
FPIMFANYYR2,178.97191331991593,5.429597784667e-12,0.0005051795776031674,0.9606396063960639,0.4059040590405904,0.6408364083640836,0.6691266912669126,1,IRSUITRYYR,211
AGE3,29.097604874402062,1.2051149643208968e-11,0.0008561811068979671,0.42127921279212793,0.7945879458794588,0.7859778597785978,0.6672816728167282,0,IRSUITRYYR,212
BKDRUG,76.99683122682539,1.1035533705081527e-11,0.00033851967964369594,0.7441574415744158,0.7478474784747847,0.5092250922509225,0.6670766707667077,0,IRSUITRYYR,213
BKSRVIOL,73.87673402514369,1.1035533705081527e-11,0.0003601837253958581,0.7281672816728167,0.7478474784747847,0.5252152521525215,0.6670766707667077,0,IRSUITRYYR,214
NRCH17_2,10.67642707863276,2.7178666187320122e-11,0.001478679829445102,0.1881918819188192,0.948339483394834,0.8646986469864698,0.6670766707667077,1,IRSUITRYYR,215
CIRROSAGE,0.9900095486325364,3.876370921417687e-09,0.006544260829274934,0.03567035670356704,0.97539975399754,0.988929889298893,0.6666666666666666,2,IRSUITRYYR,216
HPQTTOB,35.307123871969004,1.134420997812951e-11,0.0007632112647275786,0.46740467404674046,0.7699876998769988,0.7552275522755227,0.6642066420664207,0,IRSUITRYYR,217
RSKCIGPKD,27.221188130653136,1.295469458998781e-11,0.0007963906941461345,0.4015990159901599,0.8173431734317343,0.7650676506765067,0.6613366133661337,0,IRSUITRYYR,218
WRKEFFORT,36.4192578081837,1.2198072789248526e-11,0.0006257653211247985,0.4797047970479705,0.8019680196801968,0.6986469864698647,0.6601066010660106,0,IRSUITRYYR,219
NMVSOPT2,28.964880799729283,9.112632773261144e-12,0.0034734242968857743,0.4182041820418204,0.6592865928659286,0.9015990159901599,0.6596965969659697,1,IRSUITRYYR,220
UD5HROPANY,132.64164206074406,1.050500721388279e-11,0.00015385113906025757,0.9188191881918819,0.7183271832718328,0.3419434194341943,0.6596965969659697,1,IRSUITRYYR,221
RXAMMEANY,74.94411139327052,8.187111000621375e-12,0.0005502298584277121,0.7355473554735548,0.5744157441574416,0.6654366543665436,0.6584665846658466,0,IRSUITRYYR,222
IRPMNICDEP,95.35111457992129,9.323127981367383e-12,0.0002937596940554519,0.8179581795817958,0.6666666666666666,0.48462484624846247,0.6564165641656418,0,IRSUITRYYR,223
ALCMLU,22.006921919231214,1.2249284776556406e-11,0.0010992942130277213,0.32595325953259535,0.8044280442804428,0.8376383763837638,0.6560065600656007,0,IRSUITRYYR,224
BKSEXNR,95.73282129767374,1.1035533705081527e-11,0.00020527449154699313,0.8191881918819188,0.7478474784747847,0.4009840098400984,0.6560065600656007,0,IRSUITRYYR,225
INHLMOLST,49.495255478458525,1.2687994607649919e-11,0.0003905860031144917,0.6051660516605166,0.8118081180811808,0.5473554735547356,0.6547765477654776,0,IRSUITRYYR,226
STMANYYR,70.06682668572809,8.496980192963577e-12,0.0005574581611117908,0.7109471094710947,0.5830258302583026,0.6691266912669127,0.6543665436654367,0,IRSUITRYYR,227
HPDRGTALK,27.931363619366817,1.151383914643033e-11,0.0008380986132659073,0.4095940959409594,0.7736777367773677,0.7785977859778598,0.6539565395653956,0,IRSUITRYYR,228
CIGREGWK,56.99708026066493,9.07638454915605e-12,0.0005521022575196442,0.6469864698646987,0.6451414514145142,0.6666666666666666,0.6529315293152931,0,IRSUITRYYR,229
ILLEMMON2,110.3806736016624,8.455198748103454e-12,0.0003305987968563215,0.8696186961869619,0.5793357933579336,0.5030750307503075,0.6506765067650676,0,IRSUITRYYR,230
DRVINMETH,66.88961570090123,1.1183324997947723e-11,0.0003056695586112376,0.7017220172201722,0.7564575645756457,0.4920049200492005,0.6500615006150062,0,IRSUITRYYR,231
CBDHMPMON,63.303359183809086,9.356357208692272e-12,0.0004494796123923306,0.6863468634686347,0.6691266912669127,0.5904059040590406,0.6486264862648626,0,IRSUITRYYR,232
UD5TRQSDGRP,145.62751479883946,9.059717551064036e-12,0.00018432422523992833,0.931119311193112,0.6316113161131611,0.38253382533825336,0.6484214842148421,1,IRSUITRYYR,233
UD5OPIANY2,132.64164206062068,5.709214684548123e-12,0.0004586547330589802,0.9163591635916359,0.43050430504305043,0.5977859778597786,0.6482164821648216,1,IRSUITRYYR,234
CATAG6,29.097604874402062,1.2051149643208968e-11,0.00070221988508141,0.42127921279212793,0.7945879458794588,0.7281672816728167,0.6480114801148011,0,IRSUITRYYR,235
CIGYRBFR,37.85902662047636,9.940614611804015e-12,0.0007585019112738148,0.4969249692496925,0.6900369003690037,0.7539975399753998,0.6469864698646987,0,IRSUITRYYR,236
HERRXOPYR,103.44270294426694,1.1723190899840149e-11,0.00013103395962259047,0.8536285362853628,0.7847478474784748,0.3001230012300123,0.6461664616646167,0,IRSUITRYYR,237
UD5OPIGRP,132.64164206074406,1.050500721388279e-11,0.00013004796405464896,0.9188191881918819,0.7183271832718328,0.2988929889298893,0.6453464534645347,1,IRSUITRYYR,238
RSKCOCWK,26.79767068231141,1.134016722707749e-11,0.0008067737832225399,0.3960639606396064,0.7681426814268143,0.7712177121771218,0.6451414514145142,0,IRSUITRYYR,239
IMFNDLEVER,100.68099342686631,1.0094992047943004e-11,0.00020605803600150536,0.8327183271832719,0.6980319803198032,0.4022140221402214,0.6443214432144321,0,IRSUITRYYR,240
RCVYSUBPRB,68.8541566482103,8.658185996386625e-12,0.00048751190261117644,0.7084870848708487,0.5928659286592866,0.6285362853628537,0.6432964329643296,0,IRSUITRYYR,241
MILTSPPAR,23.99190889475652,1.133633532658129e-11,0.0009470727706986935,0.35608856088560886,0.7638376383763837,0.8081180811808119,0.6426814268142681,0,IRSUITRYYR,242
CIGIRTBL,76.6332663669123,9.07638454915605e-12,0.0003858937063594813,0.7416974169741697,0.6451414514145142,0.5399753997539976,0.6422714227142271,0,IRSUITRYYR,243
FUMJ18,30.60795364973327,1.2736975335047324e-11,0.0005724278277682117,0.43050430504305043,0.8142681426814268,0.6777367773677737,0.6408364083640836,0,IRSUITRYYR,244
BKSMASLT,73.87673402514369,1.1035533705081527e-11,0.0002375528827228542,0.7281672816728167,0.7478474784747847,0.44157441574415746,0.6391963919639196,0,IRSUITRYYR,245
OPIIMFNMYR2,155.33190619139782,8.674836167677303e-12,0.00017447445227099955,0.9458794587945879,0.5965559655596556,0.3751537515375154,0.6391963919639196,1,IRSUITRYYR,246
CIGINCRS,59.605307282397604,9.07638454915605e-12,0.0004598296192990108,0.6678966789667896,0.6451414514145142,0.6014760147601476,0.6381713817138172,0,IRSUITRYYR,247
CIGREGDY,47.10706811673051,9.07638454915605e-12,0.0005751316733225363,0.5879458794587946,0.6451414514145142,0.6801968019680197,0.6377613776137762,0,IRSUITRYYR,248
HALLUCFLAG,61.89492308700367,1.0738423474213053e-11,0.00033131295492208054,0.6814268142681427,0.7257072570725708,0.5055350553505535,0.6375563755637557,0,IRSUITRYYR,249
FLVVAPFLAG,78.18988772065666,9.4728447588381e-12,0.00030254389428517787,0.7478474784747847,0.6752767527675276,0.4883148831488315,0.6371463714637147,0,IRSUITRYYR,250
FLVVAPYR,89.19823018027937,6.729318140872417e-12,0.0004809253185905039,0.7921279212792128,0.4993849938499385,0.6199261992619927,0.6371463714637147,0,IRSUITRYYR,251
CIGFNLKE,59.131365757514246,9.07638454915605e-12,0.00045933686497240286,0.6611316113161132,0.6451414514145142,0.5990159901599016,0.6350963509635097,0,IRSUITRYYR,252
FUCGR18,52.88156921861188,1.1691006567482509e-11,0.00031429983982838027,0.6236162361623616,0.7822878228782287,0.4981549815498155,0.6346863468634686,0,IRSUITRYYR,253
MILTPARNT,23.99190889475652,1.133633532658129e-11,0.0008515552632339104,0.35608856088560886,0.7638376383763837,0.7822878228782287,0.6340713407134072,0,IRSUITRYYR,254
FULSD18,66.91930915159871,1.074470428583229e-11,0.0002671659726301381,0.7035670356703567,0.7281672816728167,0.46002460024600245,0.6305863058630586,0,IRSUITRYYR,255
CIGINFLU,64.69183235471367,9.07638454915605e-12,0.00039277555086634987,0.6937269372693727,0.6451414514145142,0.5485854858548586,0.6291512915129153,0,IRSUITRYYR,256
SYNMRJEVR,44.78680131384713,1.0658385160196702e-11,0.0004692971926187964,0.5559655596555966,0.7214022140221402,0.6100861008610086,0.6291512915129152,0,IRSUITRYYR,257
IRSYNSTMREC,194.0910695690412,7.704814310982073e-12,0.00017056930982870916,0.9698646986469864,0.5485854858548586,0.3677736777367774,0.6287412874128742,1,IRSUITRYYR,258
SEVYRPNRANY2,130.75141921805084,1.0499971009961538e-11,9.322199167842413e-05,0.9126691266912669,0.7158671586715867,0.25338253382533826,0.6273062730627306,1,IRSUITRYYR,259
FUINHAL212,53.81223063794796,1.2203968444100151e-11,0.00023720701948466136,0.6334563345633456,0.8031980319803198,0.4403444034440344,0.6256662566625667,0,IRSUITRYYR,260
BKDRUNK,76.74925014361676,1.1035533705081527e-11,0.00018296321070134308,0.7429274292742928,0.7478474784747847,0.3813038130381304,0.6240262402624026,0,IRSUITRYYR,261
MILTCHLDR,26.306238081151637,1.133633532658129e-11,0.0006694393482968033,0.3849938499384994,0.7638376383763837,0.7170971709717097,0.6219762197621975,0,IRSUITRYYR,262
GRSKCOCWK,22.84748413424893,1.134016722707749e-11,0.0007685928863498125,0.3370233702337023,0.7681426814268143,0.7589175891758918,0.6213612136121361,0,IRSUITRYYR,263
RSKBNGDLY,20.220060749347454,1.2047520355265738e-11,0.0007906297881625783,0.3068880688806888,0.7915129151291513,0.7638376383763837,0.6207462074620747,0,IRSUITRYYR,264
TRQMAINRSN,84.042705637931,9.372373028367148e-12,0.0002153729478643999,0.7724477244772447,0.6715867158671587,0.41697416974169743,0.6203362033620335,0,IRSUITRYYR,265
KRATREC,42.506155652056215,1.075596864233546e-11,0.0004524582464820327,0.535670356703567,0.7300123001230012,0.5916359163591636,0.6191061910619106,0,IRSUITRYYR,266
FUHALLUC18,71.08935577931916,1.2166304519485502e-11,0.00015318975504114313,0.7146371463714637,0.7995079950799509,0.33948339483394835,0.6178761787617877,0,IRSUITRYYR,267
CIGFNSMK,59.131365757514246,9.07638454915605e-12,0.00038719536785838395,0.6611316113161132,0.6451414514145142,0.5412054120541205,0.6158261582615826,0,IRSUITRYYR,268
TQSDNMFLAG,82.13043293562222,7.106007590795145e-12,0.0004113863157403381,0.7638376383763837,0.5227552275522755,0.5596555965559655,0.6154161541615416,0,IRSUITRYYR,269
SNYSELL,96.44129270375657,3.789617106527394e-12,0.0007233613247867485,0.8216482164821648,0.2878228782287823,0.7330873308733087,0.6141861418614186,0,IRSUITRYYR,270
SMKYRLAST,13.737175229273234,9.682695528098504e-12,0.0048208433146248505,0.23001230012300122,0.6814268142681427,0.9298892988929889,0.6137761377613776,1,IRSUITRYYR,271
GRSKBNGDLY,20.220060749347454,1.2047520355265738e-11,0.0007389777081384098,0.3068880688806888,0.7915129151291513,0.7416974169741697,0.6133661336613366,0,IRSUITRYYR,272
RSKLSDTRY,18.535183247253578,1.071084768385958e-11,0.0010285850790837574,0.2896678966789668,0.7238622386223862,0.8253382533825339,0.6129561295612956,0,IRSUITRYYR,273
CIGCRAVE,59.274737955742815,9.07638454915605e-12,0.0003621404689969656,0.6654366543665436,0.6451414514145142,0.5276752767527675,0.612751127511275,0,IRSUITRYYR,274
GRSKLSDTRY,18.535183247253578,1.071084768385958e-11,0.0010261414930604245,0.2896678966789668,0.7238622386223862,0.8228782287822878,0.6121361213612136,0,IRSUITRYYR,275
MILTSIBLN,23.99190889475652,1.133633532658129e-11,0.000661185205690995,0.35608856088560886,0.7638376383763837,0.7146371463714637,0.611521115211152,0,IRSUITRYYR,276
FUMJ21,27.30653777829611,1.2501441673726316e-11,0.0004811165645070589,0.4034440344403444,0.8093480934809348,0.6211562115621156,0.6113161131611317,0,IRSUITRYYR,277
CIGSVLHR,37.23749548136085,9.07638454915605e-12,0.0005945684628837724,0.4932349323493235,0.6451414514145142,0.6888068880688807,0.6090610906109061,0,IRSUITRYYR,278
SEVYROPPRANY,121.64016390427548,1.0157983747106249e-11,7.666033114621523e-05,0.9028290282902829,0.7035670356703567,0.2115621156211562,0.6059860598605986,1,IRSUITRYYR,279
IRFAMSVC,41.40253989192288,8.814529018348887e-12,0.0005753428445608076,0.5239852398523985,0.6088560885608856,0.6814268142681427,0.6047560475604756,0,IRSUITRYYR,280
PNRNMYR,102.69921002162044,7.0057057837300355e-12,0.00024790143792628467,0.8487084870848709,0.5153751537515375,0.44772447724477243,0.6039360393603935,0,IRSUITRYYR,281
TQSDANYYR,45.67358967447777,8.04325863224984e-12,0.0005818374809016973,0.5633456334563346,0.5621156211562116,0.6851168511685117,0.6035260352603526,0,IRSUITRYYR,282
CIGINCTL,26.46355634195978,9.07638454915605e-12,0.00082022156441826,0.3862238622386224,0.6451414514145142,0.7749077490774908,0.6020910209102092,0,IRSUITRYYR,283
MXMJPNLT,41.955479734982816,7.441164752957228e-12,0.0007121291799658657,0.5301353013530136,0.5350553505535055,0.7293972939729397,0.5981959819598196,0,IRSUITRYYR,284
CIGSATIS,42.86975549719153,9.07638454915605e-12,0.00046171346538791006,0.5412054120541205,0.6451414514145142,0.6063960639606396,0.5975809758097581,0,IRSUITRYYR,285
IROTHHLT,23.976692350328968,1.0019176245476801e-11,0.0007448453812289601,0.35239852398523985,0.6949569495694957,0.7453874538745388,0.5975809758097581,0,IRSUITRYYR,286
SNYSTOLE,92.85982446076292,3.5549259739263957e-12,0.0006787290382638984,0.8130381303813038,0.2570725707257073,0.7195571955719557,0.5965559655596556,0,IRSUITRYYR,287
RSKHERTRY,17.49939518012965,1.1013294629387748e-11,0.0008089497408138289,0.27490774907749077,0.7386223862238622,0.7736777367773677,0.5957359573595736,0,IRSUITRYYR,288
LSDFLAG,57.667877367239264,8.967139325227392e-12,0.00032820787112816245,0.6568265682656826,0.6248462484624846,0.5018450184501845,0.5945059450594505,0,IRSUITRYYR,289
IRSEVSTMUNM,117.03345668181714,7.594180484219789e-12,0.00016219461314742096,0.8831488314883149,0.5412054120541205,0.35793357933579334,0.5940959409594097,0,IRSUITRYYR,290
SEXRACE,17.18792216520673,9.306348787441859e-12,0.001152061129757402,0.27060270602706027,0.6654366543665436,0.8425584255842559,0.5928659286592866,0,IRSUITRYYR,291
NOBOOKY2,53.390062398981996,8.582543074850306e-12,0.00040987213088104557,0.6316113161131611,0.5885608856088561,0.5559655596555966,0.5920459204592046,0,IRSUITRYYR,292
DRVINALON,33.10870099642458,8.487325143193422e-12,0.0007402823850185369,0.44280442804428044,0.5817958179581796,0.7429274292742928,0.5891758917589177,0,IRSUITRYYR,293
PSILCYFLAG,46.29641343291458,7.958363932043791e-12,0.0004982772743259042,0.5731857318573186,0.5559655596555966,0.6359163591635917,0.5883558835588356,0,IRSUITRYYR,294
BOOKED,54.31598755594734,8.582543074850306e-12,0.0003781058942665828,0.6346863468634686,0.5885608856088561,0.5362853628536285,0.586510865108651,0,IRSUITRYYR,295
SEVYRSEDANY,165.50845791092476,7.32324477038165e-12,0.00011500416168255366,0.948339483394834,0.5289052890528906,0.2816728167281673,0.5863058630586306,1,IRSUITRYYR,296
SYNMRJYR,268.49361411327385,3.925986636777554e-12,0.0002821130339774325,0.991389913899139,0.2939729397293973,0.4735547355473555,0.5863058630586306,1,IRSUITRYYR,297
IRFAMSSI,33.95798930807997,9.913921276700064e-12,0.00047022990921570296,0.45264452644526443,0.6888068880688807,0.6113161131611317,0.5842558425584256,0,IRSUITRYYR,298
HLTINNOS,25.037187858739436,1.03369129127501e-11,0.0005547328175228969,0.37330873308733087,0.7097170971709718,0.6678966789667896,0.5836408364083642,0,IRSUITRYYR,299
RXAMPHANY,60.082341494765245,6.7508119143912e-12,0.0004237036104634951,0.6752767527675276,0.5018450184501845,0.5731857318573186,0.5834358343583436,0,IRSUITRYYR,300
BZOANYYR,47.190563105129755,7.1109668839774535e-12,0.0004954278484971949,0.5904059040590406,0.5239852398523985,0.6334563345633456,0.5826158261582616,0,IRSUITRYYR,301
FULSD21,45.00447678415763,1.0962522423044643e-11,0.0002565720740460357,0.5596555965559655,0.7355473554735548,0.45264452644526443,0.5826158261582616,0,IRSUITRYYR,302
KRATEVER,42.506155652056215,1.075596864233546e-11,0.00028943935742357495,0.535670356703567,0.7300123001230012,0.4821648216482165,0.5826158261582616,0,IRSUITRYYR,303
MILTFAMLY,23.99190889475652,1.133633532658129e-11,0.00048407748150538593,0.35608856088560886,0.7638376383763837,0.6248462484624846,0.5815908159081591,0,IRSUITRYYR,304
IRSEVPNRMIS,107.3389367486297,8.186604416975965e-12,0.00013220046359668257,0.8646986469864698,0.5731857318573186,0.3038130381303813,0.5805658056580566,0,IRSUITRYYR,305
SMKMOLAST,36.51738172259635,8.929298573978737e-12,0.0004997468014827384,0.4858548585485855,0.6150061500615006,0.6383763837638377,0.5797457974579746,0,IRSUITRYYR,306
IMFEVER,55.24750586519025,1.0094992047943004e-11,0.00020488115675385617,0.6408364083640836,0.6980319803198032,0.3997539975399754,0.579540795407954,0,IRSUITRYYR,307
TQSDNMYR,120.01420560195606,5.480771658891473e-12,0.00022025555653070716,0.8991389913899139,0.41205412054120544,0.42558425584255843,0.5789257892578926,0,IRSUITRYYR,308
FUINHAL182,42.791188343313024,1.0449119928820804e-11,0.0002856921036988423,0.5387453874538746,0.7146371463714637,0.47601476014760147,0.5764657646576467,0,IRSUITRYYR,309
CIGPLANE,36.082335347899225,9.07638454915605e-12,0.000460562193366528,0.47724477244772445,0.6451414514145142,0.6051660516605166,0.575850758507585,0,IRSUITRYYR,310
IRNPCOLDREC,41.50476775617615,9.528440412272791e-12,0.0003556045593546751,0.5252152521525215,0.6765067650676507,0.5227552275522755,0.5748257482574826,0,IRSUITRYYR,311
MJDABMON,83.84883001892668,5.740986046210564e-12,0.00035377595755444174,0.7712177121771218,0.43296432964329645,0.5202952029520295,0.5748257482574824,0,IRSUITRYYR,312
HLCLAST,19.270876457706056,1.0382545433093074e-11,0.0006567952203893753,0.3013530135301353,0.7109471094710947,0.7109471094710947,0.5744157441574416,0,IRSUITRYYR,313
METHMOLST,57.3546051919378,1.1194415661854854e-11,0.00013386118313532481,0.6549815498154982,0.7576875768757687,0.3062730627306273,0.5729807298072981,0,IRSUITRYYR,314
SNRLGIMP,19.624348348946615,8.828349892299956e-12,0.0008804225235351933,0.3050430504305043,0.6100861008610086,0.7921279212792128,0.5690856908569085,0,IRSUITRYYR,315
CIGDLLST,10.84135616702287,8.08100923077851e-12,0.005088389340985377,0.1931119311193112,0.5658056580565806,0.9446494464944649,0.5678556785567855,1,IRSUITRYYR,316
MJEATYR,42.498104823192385,7.55998105147921e-12,0.00048625699738456715,0.5338253382533825,0.5387453874538746,0.6273062730627307,0.5666256662566626,0,IRSUITRYYR,317
RXBZOTANY,41.532082957328875,6.625728735358802e-12,0.0005654589902510204,0.5276752767527675,0.4969249692496925,0.6752767527675276,0.5666256662566626,0,IRSUITRYYR,318
SVYRCNSUNM,142.47953637841195,7.41011840294595e-12,8.446181882628849e-05,0.9286592865928659,0.5338253382533825,0.23616236162361623,0.5662156621566216,1,IRSUITRYYR,319
CNSNMYR,112.44493730686696,7.99249419796409e-12,0.0001029301348789399,0.8745387453874539,0.5571955719557196,0.2656826568265683,0.5658056580565806,0,IRSUITRYYR,320
DRVINCOCN,43.80601898821068,1.0260117346877059e-11,0.00023524589149528726,0.5522755227552275,0.7060270602706027,0.43911439114391143,0.5658056580565806,0,IRSUITRYYR,321
TELEAPTYR,17.938435421683145,1.038652858857686e-11,0.0006128079338104701,0.28413284132841327,0.7121771217712177,0.6949569495694957,0.5637556375563756,0,IRSUITRYYR,322
SYNSTMYR,520.6469209257543,2.606140635931682e-12,0.00028912295461474733,1.0,0.2091020910209102,0.48093480934809346,0.5633456334563346,1,IRSUITRYYR,323
ILIMFOTHFG,27.12766127128811,6.622931917112411e-12,0.0008707164288723861,0.3997539975399754,0.4956949569495695,0.7908979089790897,0.5621156211562116,0,IRSUITRYYR,324
CIGREGNM,35.109696997024606,9.07638454915605e-12,0.00042967575125533444,0.46248462484624847,0.6451414514145142,0.5768757687576875,0.56150061500615,0,IRSUITRYYR,325
SRCTRQNM2,78.38964648255724,8.692159950508496e-12,0.0001450599471882233,0.7503075030750308,0.6002460024600246,0.3284132841328413,0.5596555965559655,0,IRSUITRYYR,326
HPUSETOB,21.888063841116793,7.670907019436587e-12,0.0009457562265671154,0.3247232472324723,0.5448954489544895,0.8068880688806888,0.5588355883558835,0,IRSUITRYYR,327
CIGCRAGP,46.46064479107917,9.07638454915605e-12,0.0002604880618400855,0.5756457564575646,0.6451414514145142,0.45387453874538747,0.558220582205822,0,IRSUITRYYR,328
ACTDEVER,89.30076897211973,3.973266553423825e-12,0.0004309255635432363,0.7970479704797048,0.2976629766297663,0.5781057810578106,0.5576055760557606,0,IRSUITRYYR,329
HIVAIDSAG,17.383344029782535,6.268905855437821e-12,0.004850006188270449,0.2730627306273063,0.4661746617466175,0.932349323493235,0.5571955719557196,1,IRSUITRYYR,330
OPINMYR2,103.44270294431159,6.927397070590923e-12,0.00013299152918028043,0.8548585485854858,0.5104551045510455,0.3050430504305043,0.5567855678556786,0,IRSUITRYYR,331
ECSTMOMLU,40.91020355111344,1.0955883125909502e-11,0.00021133544295502465,0.5215252152521526,0.7337023370233703,0.41205412054120544,0.5557605576055761,0,IRSUITRYYR,332
SNYATTAK,104.13028807496494,3.3878024687776913e-12,0.00041093122480092724,0.8573185731857319,0.2521525215252153,0.5571955719557196,0.5555555555555556,0,IRSUITRYYR,333
FUCOC18,50.30413824277393,8.707674947021824e-12,0.00026167794657758984,0.6100861008610086,0.6014760147601476,0.45510455104551045,0.5555555555555555,0,IRSUITRYYR,334
RSKMRJWK,17.91312864414202,8.124300025196938e-12,0.00097172577598701,0.2816728167281673,0.5707257072570726,0.8130381303813038,0.5551455514555146,0,IRSUITRYYR,335
SVYRTQSDMIS,153.44018832787754,7.550244107696059e-12,6.434735027414432e-05,0.942189421894219,0.5375153751537516,0.1857318573185732,0.5551455514555146,1,IRSUITRYYR,336
UADCAR,43.61451195824502,8.952797691420248e-12,0.0003044484919561519,0.5479704797047971,0.6199261992619927,0.4907749077490775,0.5528905289052891,0,IRSUITRYYR,337
UADROTH,45.240619615693724,8.986162983817317e-12,0.00027411365599517255,0.5608856088560885,0.6285362853628537,0.46494464944649444,0.5514555145551455,0,IRSUITRYYR,338
METHNDAYPM,94.2735647863441,8.031550088913798e-12,0.00011076068707116052,0.8142681426814268,0.5608856088560885,0.27552275522755226,0.5502255022550225,0,IRSUITRYYR,339
UDYR5PNRANY2,130.7514192179898,5.704178480628283e-12,0.0001365804585813227,0.9114391143911439,0.4268142681426814,0.30996309963099633,0.5494054940549405,1,IRSUITRYYR,340
UADEVNT,46.760935434682864,8.952797691420248e-12,0.00023928924020090133,0.5817958179581796,0.6199261992619927,0.44280442804428044,0.5481754817548176,0,IRSUITRYYR,341
FUCIG18,17.513095890944594,1.0741508399308856e-11,0.00050329346305523,0.2767527675276753,0.7269372693726938,0.6396063960639606,0.5477654776547766,0,IRSUITRYYR,342
MRJYRBFR,18.756195408578172,1.0157347957485233e-11,0.0005173539157877074,0.2952029520295203,0.7011070110701108,0.6469864698646987,0.5477654776547766,0,IRSUITRYYR,343
RXCODEANY2,48.62613633318145,6.357711474685834e-12,0.000417051809505067,0.5965559655596556,0.4797047970479705,0.5658056580565806,0.5473554735547356,0,IRSUITRYYR,344
FUCOC21,47.36499526281595,1.0391625530301933e-11,0.000149598707481062,0.5940959409594095,0.7134071340713407,0.33456334563345635,0.5473554735547355,0,IRSUITRYYR,345
INHALFLAG2,46.77011360667233,7.56415063527753e-12,0.0003463230670852955,0.5830258302583026,0.5399753997539976,0.5153751537515375,0.5461254612546126,0,IRSUITRYYR,346
UADBAR,46.320692920159544,8.952797691420248e-12,0.00023952166205562107,0.5744157441574416,0.6199261992619927,0.4440344403444034,0.5461254612546126,0,IRSUITRYYR,347
IMFFLAG,170.33067016522043,4.253579451435514e-12,0.00016109843708391884,0.955719557195572,0.32718327183271834,0.35301353013530135,0.5453054530545306,1,IRSUITRYYR,348
METHAMFLAG,59.228569348156334,6.469194936262101e-12,0.00028873755049034706,0.6642066420664207,0.4883148831488315,0.4797047970479705,0.5440754407544075,0,IRSUITRYYR,349
GRSKHERTRY,17.49939518012965,1.1013294629387748e-11,0.0004712078168811374,0.27490774907749077,0.7386223862238622,0.6125461254612546,0.5420254202542026,0,IRSUITRYYR,350
UADPUBL,43.61451195824502,8.952797691420248e-12,0.00026468051843778136,0.5479704797047971,0.6199261992619927,0.45633456334563344,0.541410414104141,0,IRSUITRYYR,351
FUALC18,14.591139690550541,9.7318143935105e-12,0.0006293497297296217,0.23862238622386223,0.6826568265682657,0.7011070110701108,0.5407954079540795,0,IRSUITRYYR,352
CBDHMPFLAG,27.484002214332488,7.910066773160949e-12,0.0005459756564850683,0.4046740467404674,0.5522755227552275,0.6629766297662977,0.5399753997539976,0,IRSUITRYYR,353
MJONLYFLAG2,15.54131552550342,8.06599301665456e-12,0.0009389958213203303,0.24231242312423124,0.5633456334563346,0.8044280442804428,0.5366953669536695,0,IRSUITRYYR,354
SYNSTMFLAG,167.87851494652244,2.909021893673628e-12,0.0002331842766237735,0.949569495694957,0.22140221402214022,0.43788437884378845,0.5362853628536286,1,IRSUITRYYR,355
DIFGETCRK,27.792537612022997,6.526526819513679e-12,0.0006598718292308978,0.4059040590405904,0.48954489544895446,0.7134071340713407,0.5362853628536285,0,IRSUITRYYR,356
SEVYRTRQANY,90.79399080477121,7.629283988532993e-12,9.576785409535026e-05,0.8081180811808119,0.5424354243542435,0.2570725707257073,0.5358753587535875,0,IRSUITRYYR,357
SRCSEDNM2,90.61621889177826,6.801288601964264e-12,0.00012008355395736392,0.8068880688806888,0.5043050430504306,0.2939729397293973,0.5350553505535055,0,IRSUITRYYR,358
CIGLOTMR,40.03562717669953,9.07638454915605e-12,0.0002477166159047384,0.5116851168511685,0.6451414514145142,0.44649446494464945,0.534440344403444,0,IRSUITRYYR,359
HALLUCYR,73.0092893764653,6.808113537725938e-12,0.00017973291229573933,0.7195571955719557,0.5055350553505535,0.3763837638376384,0.5338253382533825,0,IRSUITRYYR,360
IRKRATREC,47.248970217711104,8.860882703456802e-12,0.00020091725569512013,0.5928659286592866,0.6113161131611317,0.3972939729397294,0.5338253382533825,0,IRSUITRYYR,361
IRPYSEV5MTH,118.80242150632125,8.45515535005613e-12,4.1260346579281206e-05,0.8905289052890529,0.5781057810578106,0.13161131611316113,0.5334153341533415,0,IRSUITRYYR,362
SEDMAINRSN,87.30969097070536,7.041343150500273e-12,0.00011889199886198393,0.7896678966789668,0.5178351783517835,0.29274292742927427,0.5334153341533415,0,IRSUITRYYR,363
CIGNMCHG,26.000579140395566,9.07638454915605e-12,0.0004211890657820865,0.3837638376383764,0.6451414514145142,0.5707257072570726,0.533210332103321,0,IRSUITRYYR,364
WRKRSNNOT,22.175069960550584,9.959561396303717e-12,0.00042946765125005725,0.33210332103321033,0.6912669126691267,0.5756457564575646,0.5330053300533005,0,IRSUITRYYR,365
ALCMON,13.083155510677525,9.880788499522757e-12,0.0006076347241823425,0.22078720787207873,0.6851168511685117,0.6912669126691267,0.532390323903239,0,IRSUITRYYR,366
CGRYR,47.02071397673883,6.4456850646068025e-12,0.00035739140868802486,0.5854858548585485,0.4858548585485855,0.5239852398523985,0.5317753177531775,0,IRSUITRYYR,367
MRJMLU,18.756195408578172,1.0157347957485233e-11,0.0004543918586046036,0.2952029520295203,0.7011070110701108,0.5928659286592866,0.5297252972529726,0,IRSUITRYYR,368
UADOTHM,43.61451195824502,8.952797691420248e-12,0.0002164568406756388,0.5479704797047971,0.6199261992619927,0.42066420664206644,0.5295202952029521,0,IRSUITRYYR,369
SNRLDCSN,11.773006301988902,7.785078122022597e-12,0.001064188121485944,0.20418204182041821,0.5498154981549815,0.8327183271832719,0.5289052890528906,0,IRSUITRYYR,370
DIFGETCOC,28.89593000194895,5.9281315305226566e-12,0.000679360886724145,0.41697416974169743,0.44772447724477243,0.7207872078720787,0.5284952849528496,0,IRSUITRYYR,371
UADSCHL,44.84357571098252,8.952797691420248e-12,0.00020912551416861228,0.5571955719557196,0.6199261992619927,0.40836408364083643,0.5284952849528496,0,IRSUITRYYR,372
ECSTMOFLAG,36.932114504029244,6.191703505282324e-12,0.00048817893633921057,0.48954489544895446,0.46248462484624847,0.6297662976629766,0.5272652726527265,0,IRSUITRYYR,373
FPIMFNMYR,215.69304647692562,3.740948702401896e-12,0.0001406261261972523,0.976629766297663,0.2853628536285363,0.3161131611316113,0.5260352603526035,1,IRSUITRYYR,374
SEDANYYR,49.46906128787075,5.339957776080424e-12,0.0004157111773961395,0.6027060270602707,0.4009840098400984,0.5633456334563346,0.5223452234522346,0,IRSUITRYYR,375
CIGAVOID,25.093581581652586,9.07638454915605e-12,0.0003883783109849344,0.3751537515375154,0.6451414514145142,0.5448954489544895,0.5217302173021731,0,IRSUITRYYR,376
PREGSTAT,13.446357410523873,8.563830614074952e-12,0.0007448705517701833,0.22816728167281672,0.5861008610086101,0.7466174661746617,0.5202952029520295,0,IRSUITRYYR,377
DIFGETHER,29.846695012679614,5.166755826013498e-12,0.0007333945182794473,0.4268142681426814,0.39114391143911437,0.7380073800738007,0.5186551865518655,0,IRSUITRYYR,378
TRQNMFLAG,68.29767076172243,5.8427243675870974e-12,0.00020704291803876307,0.7072570725707257,0.4440344403444034,0.4046740467404674,0.5186551865518655,0,IRSUITRYYR,379
OTHRSEDANY,59.353894781709,4.008874894373364e-12,0.0004389078974485945,0.6666666666666666,0.3025830258302583,0.5842558425584256,0.5178351783517835,0,IRSUITRYYR,380
SNRLFRND,14.786883489270085,6.941699238011995e-12,0.0009286396004118188,0.23985239852398524,0.5116851168511685,0.8019680196801968,0.5178351783517835,0,IRSUITRYYR,381
RSKBNGWK,9.610335274934211,7.941967808967252e-12,0.0010327573640905117,0.17097170971709716,0.5547355473554736,0.8265682656826568,0.5174251742517425,0,IRSUITRYYR,382
IRPYSEV5COC,111.89622513417719,7.530250768963392e-12,4.4979482436042264e-05,0.8708487084870848,0.5362853628536285,0.14268142681426815,0.5166051660516605,0,IRSUITRYYR,383
IRSEVSTMMIS,100.54432860182123,7.068637530675342e-12,6.848812811840869e-05,0.8290282902829028,0.5190651906519065,0.2004920049200492,0.5161951619516195,0,IRSUITRYYR,384
UADPAID,40.62145074894631,8.96784005585212e-12,0.00020694361720484782,0.517220172201722,0.6266912669126691,0.4034440344403444,0.5157851578515785,0,IRSUITRYYR,385
TELEAPTYR2,19.05777535721734,5.613852353199181e-12,0.0010364497662985138,0.2976629766297663,0.4194341943419434,0.8290282902829028,0.5153751537515375,0,IRSUITRYYR,386
UDYR5OPPRANY,121.64016390458222,5.3621912177924535e-12,8.405186901841567e-05,0.9040590405904059,0.4022140221402214,0.23370233702337023,0.5133251332513326,1,IRSUITRYYR,387
HERMLU,76.20783304620859,8.023851351997546e-12,8.767069382863047e-05,0.7398523985239852,0.5596555965559655,0.23985239852398524,0.513120131201312,0,IRSUITRYYR,388
PREGST,13.446357410523873,8.563830614074952e-12,0.0006940393943784817,0.22816728167281672,0.5861008610086101,0.7244772447724477,0.5129151291512916,0,IRSUITRYYR,389
HLLOSRSN,26.4833390912142,8.786099411037312e-12,0.0003880098363029757,0.3880688806888069,0.6063960639606396,0.5424354243542435,0.51230012300123,0,IRSUITRYYR,390
FUCD221,14.226636721710229,9.614326367345282e-12,0.0004815670421848626,0.23247232472324722,0.6801968019680197,0.6223862238622386,0.5116851168511686,0,IRSUITRYYR,391
IRSEVSEDMIS,203.74087174201895,6.4540139073435646e-12,1.4522599723940758e-05,0.971709717097171,0.4870848708487085,0.07626076260762607,0.5116851168511686,1,IRSUITRYYR,392
WRKNUMJOB2,29.57568499753411,5.70673367791586e-12,0.0005611689699283277,0.42435424354243545,0.4280442804428044,0.6703567035670357,0.5075850758507585,0,IRSUITRYYR,393
UADHOME,43.61451195824502,8.952797691420248e-12,0.00016148815161865182,0.5479704797047971,0.6199261992619927,0.35424354243542433,0.507380073800738,0,IRSUITRYYR,394
FUECSTMO21,37.750535610533795,9.353278368397567e-12,0.00016198459576370324,0.4956949569495695,0.6678966789667896,0.35547355473554737,0.5063550635506355,0,IRSUITRYYR,395
MJVAPMON,52.8815692186065,7.1394396171768104e-12,0.00017375201304667897,0.6223862238622386,0.5252152521525215,0.3714637146371464,0.5063550635506355,0,IRSUITRYYR,396
SRCCLFRTRQ,57.25374942337101,6.007137832334592e-12,0.00021098854541103982,0.6519065190651907,0.45448954489544896,0.4108241082410824,0.505740057400574,0,IRSUITRYYR,397
NEWRACE2,26.565889887505474,4.668945382973327e-12,0.0008072654073777163,0.3899138991389914,0.35301353013530135,0.7724477244772447,0.5051250512505124,0,IRSUITRYYR,398
PROB,34.73686096270815,8.662507378318812e-12,0.00026547526676826664,0.46063960639606394,0.5947109471094711,0.45879458794587946,0.5047150471504714,0,IRSUITRYYR,399
COCMLU,25.197039456686642,1.0264898025472578e-11,0.0002207672088059545,0.3769987699876999,0.7078720787207872,0.4280442804428044,0.5043050430504304,0,IRSUITRYYR,400
RSKCOCMON,8.888087598815162,8.866798808200896e-12,0.0007332585076263997,0.16297662976629768,0.6131611316113161,0.7367773677736777,0.5043050430504304,0,IRSUITRYYR,401
STMANYFLAG,32.65474173624766,6.53409816311382e-12,0.00043596624816509647,0.4403444034440344,0.4907749077490775,0.5805658056580566,0.5038950389503896,0,IRSUITRYYR,402
DRVINDRG,52.885685189324164,6.01680350352154e-12,0.0002255792098340717,0.6248462484624846,0.45633456334563344,0.42927429274292744,0.5034850348503485,0,IRSUITRYYR,403
DIFGETLSD,33.6418584789242,4.386255737695591e-12,0.0006832362275973388,0.4489544895448955,0.33456334563345635,0.7220172201722017,0.5018450184501845,0,IRSUITRYYR,404
MJONLYMON2,37.12535809740015,7.356062773503059e-12,0.00028870469152755097,0.4920049200492005,0.5301353013530136,0.4784747847478475,0.5002050020500205,0,IRSUITRYYR,405
COCYRBFR,24.00848918681696,1.0264898025472578e-11,0.0002263192648331624,0.35977859778597787,0.7078720787207872,0.4317343173431734,0.49979499794997945,0,IRSUITRYYR,406
METHAMYR,149.8685237794866,5.092997421329393e-12,5.8879934242541066e-05,0.9360393603936039,0.3874538745387454,0.17466174661746617,0.49938499384993856,1,IRSUITRYYR,407
PROBATON,34.73686096270815,8.662507378318812e-12,0.00023294537716793434,0.46063960639606394,0.5947109471094711,0.43665436654366546,0.4973349733497335,0,IRSUITRYYR,408
DIFOBTCOC,23.15164359864,6.9635602974787685e-12,0.0004892333972247245,0.34071340713407133,0.5141451414514145,0.6309963099630996,0.49528495284952845,0,IRSUITRYYR,409
FUMETHAM18,51.96315916748483,7.664044457243394e-12,0.00014307786362528598,0.6174661746617466,0.5436654366543665,0.3234932349323493,0.49487494874948745,0,IRSUITRYYR,410
GRSKCOCMON,8.888087598815162,8.866798808200896e-12,0.0006335003939553265,0.16297662976629768,0.6131611316113161,0.7035670356703567,0.49323493234932353,0,IRSUITRYYR,411
SERVICE,89.30076897211973,3.973266553423825e-12,0.00018742070233631236,0.7970479704797048,0.2976629766297663,0.3849938499384994,0.49323493234932353,0,IRSUITRYYR,412
BMI2,1.8779233665317538,5.97737134363325e-12,0.005482068625197042,0.06027060270602706,0.45018450184501846,0.9692496924969249,0.4932349323493235,1,IRSUITRYYR,413
TRQANYYR,31.683243851847866,6.245150433543101e-12,0.0004377835390814544,0.43296432964329645,0.46371463714637146,0.5817958179581796,0.4928249282492825,0,IRSUITRYYR,414
UADPEOP,40.62145074894631,8.96784005585212e-12,0.000147046828238441,0.517220172201722,0.6266912669126691,0.33087330873308735,0.4915949159491595,0,IRSUITRYYR,415
MILSTAT,89.30076897211973,3.973266553423825e-12,0.0001825934266037392,0.7970479704797048,0.2976629766297663,0.37884378843788435,0.4911849118491185,0,IRSUITRYYR,416
IMFYR,177.40010954087566,2.9877664537046102e-12,0.00011610386822933643,0.959409594095941,0.22632226322263221,0.2865928659286593,0.49077490774907745,1,IRSUITRYYR,417
INHNDAYYR2,36.081113277060574,7.313093062304414e-12,0.00027697961990087554,0.47601476014760147,0.5276752767527675,0.46863468634686345,0.49077490774907745,0,IRSUITRYYR,418
ANYNEDYR,146.56614541313778,3.2623851735783385e-12,0.00011846497581240315,0.932349323493235,0.24723247232472326,0.2915129151291513,0.4903649036490365,1,IRSUITRYYR,419
UADFWHO,56.88658795843445,7.687771376908784e-12,0.00010899405403372181,0.6445264452644527,0.5467404674046741,0.2742927429274293,0.488519885198852,0,IRSUITRYYR,420
UDYR5STMANY,184.5677061081987,5.089885784983492e-12,3.105380229874116e-05,0.9630996309963099,0.3849938499384994,0.11316113161131611,0.4870848708487085,1,IRSUITRYYR,421
CIGWAKE,17.912678777121545,9.07638454915605e-12,0.00037294241198618076,0.28044280442804426,0.6451414514145142,0.5350553505535055,0.486879868798688,0,IRSUITRYYR,422
COCYDAYS,70.87700104676998,8.811138796751301e-12,4.130790425063423e-05,0.7134071340713407,0.6076260762607626,0.13284132841328414,0.4846248462484624,0,IRSUITRYYR,423
DIFOBTCRK,24.702401422504014,6.400239439997172e-12,0.0004561875910164666,0.36654366543665434,0.4833948339483395,0.5965559655596556,0.48216482164821645,0,IRSUITRYYR,424
ILLFLAG,27.942660207335383,7.037391803357495e-12,0.0003529499644625259,0.4108241082410824,0.5166051660516605,0.5178351783517835,0.48175481754817545,0,IRSUITRYYR,425
CIGPDAY,26.628009808630733,9.208236355427322e-12,0.00018563594140050979,0.3936039360393604,0.6617466174661747,0.3837638376383764,0.4797047970479705,0,IRSUITRYYR,426
UADFRD,36.452455707623415,7.687771376908784e-12,0.00021047898719290032,0.4821648216482165,0.5467404674046741,0.4095940959409594,0.47949979499795,0,IRSUITRYYR,427
RXMTHPANY,57.98797945220928,4.101962501892776e-12,0.000264707940378779,0.6580565805658056,0.32226322263222634,0.4575645756457565,0.4792947929479295,0,IRSUITRYYR,428
ANYHLTI2,25.037187858739436,5.532599781481021e-12,0.0005094004541814959,0.37330873308733087,0.4145141451414514,0.6420664206642066,0.4766297662976629,0,IRSUITRYYR,429
SMKLSMDAYS,28.62544030090165,6.88374035199685e-12,0.00033095627366059373,0.4157441574415744,0.5092250922509225,0.5043050430504306,0.47642476424764246,0,IRSUITRYYR,430
SRCSTMNM2,51.97919149408496,8.197611412825804e-12,8.168410323998214e-05,0.6186961869618696,0.5756457564575646,0.22755227552275523,0.4739647396473965,0,IRSUITRYYR,431
ASTHMANOW,16.1587884094437,8.628797087473347e-12,0.00043808962525785646,0.24538745387453875,0.5910209102091021,0.5830258302583026,0.47314473144731445,0,IRSUITRYYR,432
SYNSTMEVR,30.50903018927517,8.742647949134828e-12,0.00018995211072305902,0.42927429274292744,0.6033210332103321,0.3862238622386224,0.47293972939729406,0,IRSUITRYYR,433
FLVVAPMON,69.87990850231449,4.569368286233953e-12,0.00016485601025545768,0.7097170971709718,0.34317343173431736,0.3640836408364084,0.47232472324723246,0,IRSUITRYYR,434
STMMAINRSN,47.05293538116939,8.679806403888683e-12,8.245134677154186e-05,0.5867158671586716,0.5977859778597786,0.23124231242312424,0.4719147191471915,0,IRSUITRYYR,435
IRSEVTRQUNM,74.74308678835274,6.0431044548979235e-12,8.155891889974778e-05,0.7318573185731857,0.4575645756457565,0.22509225092250923,0.4715047150471505,0,IRSUITRYYR,436
FUCIG21,12.898411112531125,9.235088373223508e-12,0.0003673951802803898,0.21525215252152521,0.6642066420664207,0.5301353013530136,0.4698646986469865,0,IRSUITRYYR,437
OXYCNANYYR2,47.44911311902465,4.345590989630065e-12,0.00028625946594902223,0.5953259532595326,0.3333333333333333,0.47724477244772445,0.4686346863468635,0,IRSUITRYYR,438
SYNMRJFLAG,56.91178699943653,4.5870166837671375e-12,0.00021535150147058608,0.6457564575645757,0.34440344403444034,0.4157441574415744,0.4686346863468635,0,IRSUITRYYR,439
UD5TRQSDANY,145.6275147979258,4.263937874113838e-12,4.67767653048446e-05,0.9298892988929889,0.3284132841328413,0.14760147601476015,0.4686346863468635,1,IRSUITRYYR,440
SYNMRJMON,176.29960721400033,2.120597549763075e-12,0.00010757621912746734,0.958179581795818,0.17097170971709716,0.2730627306273063,0.4674046740467405,1,IRSUITRYYR,441
LVLDIFHEAR2,23.098206558894756,4.302619814321818e-12,0.0006920752098107598,0.33948339483394835,0.33210332103321033,0.7232472324723247,0.46494464944649444,0,IRSUITRYYR,442
DIFOBTHER,22.150250541671493,5.819998870929407e-12,0.00047988338367090403,0.3284132841328413,0.4403444034440344,0.6186961869618696,0.4624846248462484,0,IRSUITRYYR,443
CIGMLU,10.181692086543054,8.08100923077851e-12,0.0005124472472143145,0.17650676506765067,0.5658056580565806,0.6432964329643296,0.461869618696187,0,IRSUITRYYR,444
COMBATPY,89.30076897211973,4.041475498746376e-12,0.00011078694093965733,0.7970479704797048,0.3105781057810578,0.2767527675276753,0.461459614596146,0,IRSUITRYYR,445
UDYR5SEDANY,146.87979368927,2.5275144192595307e-12,9.057960570654415e-05,0.933579335793358,0.2017220172201722,0.24600246002460024,0.46043460434604344,1,IRSUITRYYR,446
TRQNMYR,86.44063882349668,4.244816447809762e-12,0.00010227047258652476,0.7853628536285363,0.32595325953259535,0.2644526445264453,0.4585895858958589,0,IRSUITRYYR,447
KRATOMYR,74.95568704905182,3.2256303551355925e-12,0.00019152737318870114,0.7367773677736777,0.24231242312423124,0.3874538745387454,0.4555145551455515,0,IRSUITRYYR,448
CIG1PACK,26.721100688035207,9.214640884405873e-12,0.00013544165103173512,0.3948339483394834,0.6629766297662977,0.3087330873308733,0.45551455514555145,0,IRSUITRYYR,449
FUMETHAM21,38.50008524273719,7.926474688373415e-12,0.00013906572629082892,0.4981549815498155,0.5535055350553506,0.3111931119311193,0.4542845428454285,0,IRSUITRYYR,450
FLTMRKEVER2,38.90820908594631,4.100321116874336e-12,0.000381067728256066,0.5030750307503075,0.3210332103321033,0.5375153751537516,0.45387453874538747,0,IRSUITRYYR,451
HTINCHE2,1.304226762537948,5.4763686165689204e-12,0.003607525178110731,0.04551045510455105,0.4108241082410824,0.9052890528905289,0.45387453874538747,1,IRSUITRYYR,452
FUCD218,16.924430521795664,9.37010078341562e-12,0.00021629689603092864,0.2693726937269373,0.6703567035670357,0.4194341943419434,0.4530545305453055,0,IRSUITRYYR,453
IRINSUR4,23.976692350328968,5.574390440416875e-12,0.0004431299032000502,0.35239852398523985,0.4182041820418204,0.5879458794587946,0.4528495284952849,0,IRSUITRYYR,454
CNSNMMON,68.14464638492034,4.421766267980908e-12,0.00014047318946842184,0.7047970479704797,0.3370233702337023,0.3148831488314883,0.4522345223452234,0,IRSUITRYYR,455
IRHHSIZ2,5.348959842115842,5.7080787166499515e-12,0.0009279427413700083,0.12546125461254612,0.42927429274292744,0.8007380073800738,0.4518245182451825,0,IRSUITRYYR,456
CIGNOINF,15.035284832582935,9.07638454915605e-12,0.0002737678234122983,0.24108241082410825,0.6451414514145142,0.46371463714637146,0.44997949979499796,0,IRSUITRYYR,457
CDCGMO,40.13066600872616,6.427958970859945e-12,0.00015602875014520938,0.5129151291512916,0.48462484624846247,0.3456334563345633,0.44772447724477243,0,IRSUITRYYR,458
OTHRSEDMIS2,152.19282408472824,1.2239546423302052e-12,0.00012839988555988423,0.9384993849938499,0.1057810578105781,0.2976629766297663,0.4473144731447314,1,IRSUITRYYR,459
UDYR5TRQANY,84.21160720437214,2.833504311573281e-12,0.0001534327330001004,0.7736777367773677,0.2177121771217712,0.34071340713407133,0.4440344403444034,0,IRSUITRYYR,460
ALCYRBFR,11.39895308423774,4.9570304784016226e-12,0.0007797976343277352,0.1992619926199262,0.36900369003690037,0.7613776137761378,0.44321443214432144,0,IRSUITRYYR,461
DIFGETMRJ,5.703984659756115,5.4349255421204116e-12,0.0009079129763172189,0.12792127921279212,0.4071340713407134,0.7945879458794588,0.44321443214432144,0,IRSUITRYYR,462
KRATOMFLAG,47.24897021760093,4.065090122603653e-12,0.00021591334660128492,0.5916359163591636,0.3198031980319803,0.4182041820418204,0.44321443214432144,0,IRSUITRYYR,463
BZONMYR,80.97590393363254,4.037845871554073e-12,0.0001007038744191483,0.7601476014760148,0.3062730627306273,0.26199261992619927,0.44280442804428044,0,IRSUITRYYR,464
SVYROPIUNM,34.322581343723556,6.949994813351267e-12,0.0001626252050962132,0.45633456334563344,0.5129151291512916,0.3591635916359164,0.44280442804428044,0,IRSUITRYYR,465
WTPOUND2,0.9282692646442755,5.06737329731205e-12,0.004406169072104427,0.03075030750307503,0.3800738007380074,0.9175891758917589,0.44280442804428044,1,IRSUITRYYR,466
METHAMMON,94.273564786912,3.235744871006707e-12,0.00010132741558678643,0.8154981549815498,0.24354243542435425,0.26322263222632225,0.4407544075440754,0,IRSUITRYYR,467
FUCGR21,11.440607697314869,8.463978249745146e-12,0.0003707056396868534,0.2004920049200492,0.5805658056580566,0.5325953259532595,0.43788437884378845,0,IRSUITRYYR,468
HPALCTX2,2.74397713571191,6.324766273758361e-12,0.0007648771763383638,0.07749077490774908,0.4784747847478475,0.7564575645756457,0.43747437474374745,0,IRSUITRYYR,469
HPUSEALC,10.54596168138853,5.242945201768127e-12,0.0006974354427367259,0.18696186961869618,0.3948339483394834,0.7269372693726938,0.43624436244362447,0,IRSUITRYYR,470
IRUD5SEDMIS,203.74087174323077,1.658285699522334e-12,6.510638350882888e-05,0.972939729397294,0.14145141451414514,0.18942189421894218,0.4346043460434605,1,IRSUITRYYR,471
SEDNDAYPM,48.83620120251738,5.749378768170077e-12,0.00010411867268914054,0.5990159901599016,0.4354243542435424,0.26814268142681424,0.4341943419434194,0,IRSUITRYYR,472
ASTHMAEVR2,16.1587884094437,8.628797087473347e-12,0.0002721727515934859,0.24538745387453875,0.5910209102091021,0.46248462484624847,0.4329643296432964,0,IRSUITRYYR,473
SVYRTQSDUNM,50.36598606386034,6.286717373991998e-12,8.043305399773216e-05,0.6113161131611317,0.46740467404674046,0.2201722017220172,0.4329643296432964,0,IRSUITRYYR,474
RSKMRJMON,7.765146388700326,5.069372332240569e-12,0.0007719786853109177,0.15129151291512916,0.38253382533825336,0.7601476014760148,0.4313243132431324,0,IRSUITRYYR,475
KRATOMMON,74.6051050333673,2.4583189974531067e-12,0.0001667799548793299,0.7306273062730627,0.1943419434194342,0.36654366543665434,0.43050430504305043,0,IRSUITRYYR,476
TQSDANYFLG,16.493801667891404,5.267005715627007e-12,0.00048586235866446964,0.26691266912669126,0.3972939729397294,0.6260762607626076,0.43009430094300943,0,IRSUITRYYR,477
GRSKMRJWK,6.838126814061544,4.639168104626827e-12,0.0009085334418527951,0.14268142681426815,0.34809348093480935,0.7958179581795818,0.4288642886428864,0,IRSUITRYYR,478
LVLDIFWALK2,22.922032457045486,3.867256615153396e-12,0.0005277402139282224,0.33825338253382536,0.29274292742927427,0.6519065190651907,0.42763427634276346,0,IRSUITRYYR,479
RXBUPRANY2,85.46818524457679,4.06489201770789e-12,6.061309847744341e-05,0.7822878228782287,0.31857318573185733,0.18081180811808117,0.4272242722427224,0,IRSUITRYYR,480
MRJFLAG,18.01478095669423,5.176923780260239e-12,0.0004599248171237323,0.2853628536285363,0.3923739237392374,0.6027060270602707,0.4268142681426815,0,IRSUITRYYR,481
NPCOLDFLAG,41.50476775620262,4.732639997745559e-12,0.0001970900903452145,0.5264452644526445,0.35424354243542433,0.3960639606396064,0.42558425584255843,0,IRSUITRYYR,482
CGRMDAYS,38.87616077725262,8.784065025009144e-12,5.4287666788718157e-05,0.5006150061500615,0.6051660516605166,0.16236162361623616,0.4227142271422714,0,IRSUITRYYR,483
ALCMDAYS,13.083155510677525,5.085626635671579e-12,0.0005452359263072925,0.22078720787207873,0.3837638376383764,0.6617466174661747,0.4220992209922099,0,IRSUITRYYR,484
SYNSTMMON,329.97377703218416,1.6058227143373045e-12,3.964034835588989e-05,0.998769987699877,0.13530135301353013,0.12915129151291513,0.42107421074210744,1,IRSUITRYYR,485
IMFMON,100.9680083813839,1.8671700950594486e-12,0.00010375947920653464,0.8351783517835178,0.15498154981549817,0.26691266912669126,0.41902419024190246,0,IRSUITRYYR,486
RXBZOTMIS,68.22253887577551,3.652283227694486e-12,0.00011702396601034147,0.7060270602706027,0.26199261992619927,0.2890528905289053,0.41902419024190246,0,IRSUITRYYR,487
MJEATMON,25.95239720960932,4.5282163369313305e-12,0.00037008051495834404,0.38253382533825336,0.3419434194341943,0.5313653136531366,0.41861418614186147,0,IRSUITRYYR,488
ALCFLAG,2.7337576475724283,7.214812309391371e-12,0.0005282432702873697,0.07380073800738007,0.5264452644526445,0.6531365313653137,0.4177941779417795,0,IRSUITRYYR,489
BNGDRMDAYS,5.119787433871774,5.7544515679004175e-12,0.0006149484315422524,0.11931119311193111,0.43665436654366546,0.6974169741697417,0.4177941779417795,0,IRSUITRYYR,490
DRVINMARJ2,35.73879174631994,4.6153888326219264e-12,0.00022595968601061393,0.4710947109471095,0.34686346863468637,0.43050430504305043,0.4161541615416154,0,IRSUITRYYR,491
IRPYSEV5HAL,63.297821024048,6.004541626061545e-12,2.6548325288660243e-05,0.6851168511685117,0.45264452644526443,0.1057810578105781,0.41451414514145135,0,IRSUITRYYR,492
RXCLONANY,30.019817408387865,2.8836522683923523e-12,0.0004550927587209172,0.4280442804428044,0.21894218942189422,0.5953259532595326,0.4141041410414104,0,IRSUITRYYR,493
CIGDLMLU,10.181692086543054,8.08100923077851e-12,0.00031674427206903493,0.17650676506765067,0.5658056580565806,0.4993849938499385,0.4138991389913899,0,IRSUITRYYR,494
DRVINALCO,6.38580366186445,6.097473809716289e-12,0.0005141475169203692,0.13468634686346864,0.4612546125461255,0.6457564575645757,0.4138991389913899,0,IRSUITRYYR,495
CHMNDLREC,24.692336982113773,6.7724196503152904e-12,0.00017421171568148398,0.36531365313653136,0.5030750307503075,0.3726937269372694,0.4136941369413694,0,IRSUITRYYR,496
PNRNDAYPM,45.874546701835904,7.401552832522819e-12,4.45234626688312e-05,0.5670356703567035,0.5313653136531366,0.14145141451414514,0.4132841328413284,0,IRSUITRYYR,497
IRPYUD5MTH,118.80242150650787,3.659361323049214e-12,1.9660799092429096e-05,0.8917589175891759,0.26322263222632225,0.08364083640836409,0.4128741287412874,0,IRSUITRYYR,498
OPIIMFNMMN2,82.9964574321449,3.750289874300149e-12,6.469272305395232e-05,0.7650676506765067,0.2865928659286593,0.18696186961869618,0.41287412874128737,0,IRSUITRYYR,499
CIGARMLU,21.628959731742725,4.488470793502541e-12,0.0004283869035833357,0.3210332103321033,0.33825338253382536,0.5744157441574416,0.4112341123411234,0,IRSUITRYYR,500
IRPYSEV5INH,78.03752777220221,5.88200016655365e-12,2.084548251433166e-06,0.7466174661746617,0.44649446494464945,0.03936039360393604,0.4108241082410824,0,IRSUITRYYR,501
CAPROSTEST,43.60222876458766,4.649322218790579e-12,0.00015117375623472702,0.5436654366543665,0.3505535055350554,0.3370233702337023,0.4104141041410414,0,IRSUITRYYR,502
RXHYDCANY2,17.848967795561627,5.099518578442158e-12,0.00041427513033597153,0.2779827798277983,0.3886838868388684,0.5621156211562116,0.4095940959409594,0,IRSUITRYYR,503
TRQANYFLAG,12.05256726863523,4.297772273850537e-12,0.0006112860275280801,0.2066420664206642,0.3296432964329643,0.6924969249692496,0.4095940959409594,0,IRSUITRYYR,504
ECSTMOYR,63.42637271226533,3.1328531385283985e-12,0.00013111638061833752,0.6875768757687577,0.23616236162361623,0.3013530135301353,0.40836408364083643,0,IRSUITRYYR,505
CLEFLUEVER2,72.35281020205207,2.7159813211287288e-12,0.00011619623930024944,0.7170971709717097,0.2140221402214022,0.2878228782287823,0.4063140631406314,0,IRSUITRYYR,506
IRSEVTRQMIS,64.80202940277246,6.363423464293677e-12,1.9467609648592654e-06,0.6949569495694957,0.48093480934809346,0.038130381303813035,0.4046740467404674,0,IRSUITRYYR,507
MJCMOTHYR,42.6444365065028,5.092214483141126e-12,0.00011563721041321659,0.5375153751537516,0.3862238622386224,0.2853628536285363,0.40303403034030344,0,IRSUITRYYR,508
DRVINHERN,36.46950076831536,8.009842046999045e-12,5.468041528357522e-05,0.4833948339483395,0.5584255842558425,0.16359163591635917,0.40180401804018034,0,IRSUITRYYR,509
IRSEVPNRUNM2,35.125176988842824,7.0906105235801325e-12,7.989068109305588e-05,0.46494464944649444,0.5215252152521526,0.2177121771217712,0.40139401394013935,0,IRSUITRYYR,510
HALLNDAYPM,27.795439668857505,7.081134199684363e-12,0.00010582455072324063,0.40836408364083643,0.5202952029520295,0.2693726937269373,0.3993439934399344,0,IRSUITRYYR,511
COCYR,61.81877284163262,4.015344916041792e-12,7.266058097753856e-05,0.6801968019680197,0.3038130381303813,0.2054120541205412,0.3964739647396474,0,IRSUITRYYR,512
MJMTHYR,50.750949184260065,3.6356583090558373e-12,0.0001392535041054478,0.6137761377613776,0.2607626076260763,0.31365313653136534,0.3960639606396064,0,IRSUITRYYR,513
CRKMLU,36.05896478489028,8.108824010748835e-12,4.537988864675526e-05,0.4735547355473555,0.568880688806888,0.14514145141451415,0.3958589585895859,0,IRSUITRYYR,514
IRPYUD5COC,111.89622513436174,2.734457508004507e-12,2.4546303216690524e-05,0.8720787207872078,0.21525215252152521,0.0996309963099631,0.39565395653956537,0,IRSUITRYYR,515
RXBUPRMIS,90.61621889072488,2.289952592092953e-12,6.781485290407758e-05,0.8056580565805658,0.1820418204182042,0.1992619926199262,0.39565395653956537,0,IRSUITRYYR,516
INHNDAYPM2,24.948896127336795,6.256816396851368e-12,0.00015833946873185416,0.37023370233702335,0.46494464944649444,0.3505535055350554,0.39524395243952437,0,IRSUITRYYR,517
IRUD5PNRMIS,105.56421810659192,3.3908114659952377e-12,9.1528855629406e-06,0.8610086100861009,0.25338253382533826,0.06396063960639606,0.3927839278392784,0,IRSUITRYYR,518
TOBVNICFLAG,14.235959519424615,3.804908857967697e-12,0.0005234623705960489,0.23370233702337023,0.2902829028290283,0.6506765067650676,0.39155391553915536,0,IRSUITRYYR,519
CGRMON,38.87616077737811,3.9882763523655224e-12,0.0001725903502027177,0.5018450184501845,0.3001230012300123,0.36900369003690037,0.39032390323903243,0,IRSUITRYYR,520
HLNVCOST,2.7066611920174086,6.31793779688189e-12,0.0004834528471959935,0.07257072570725707,0.4747847478474785,0.6236162361623616,0.39032390323903243,0,IRSUITRYYR,521
DCIGMON,26.62800980858991,4.4124283397557585e-12,0.00022707580465894018,0.3923739237392374,0.33579335793357934,0.43296432964329645,0.3870438704387044,0,IRSUITRYYR,522
HERFLAG,37.34912916233939,3.2406140012304244e-12,0.00021825883489791972,0.4944649446494465,0.24477244772447723,0.4218942189421894,0.3870438704387044,0,IRSUITRYYR,523
HERYDAYS,48.843196533424496,5.8451967192321874e-12,3.1055455442901634e-05,0.6002460024600246,0.44526445264452646,0.11439114391143912,0.3866338663386634,0,IRSUITRYYR,524
RXTRAMANY2,22.711646008529474,3.6340266842367952e-12,0.0004139949347544957,0.33579335793357934,0.25953259532595324,0.5608856088560885,0.3854038540385403,0,IRSUITRYYR,525
HPALCCUT2,2.74397713571191,5.026686281154498e-12,0.0006319959586529749,0.07749077490774908,0.3751537515375154,0.7023370233702337,0.38499384993849944,0,IRSUITRYYR,526
RXOXCOANY2,28.311247006681324,5.06868161636668e-12,0.00016443941640405238,0.41205412054120544,0.3813038130381304,0.36162361623616235,0.38499384993849944,0,IRSUITRYYR,527
SRCFRTRQNM,41.64933031794234,6.007137832334592e-12,5.783789300986472e-05,0.5289052890528906,0.45448954489544896,0.17097170971709716,0.3847888478884789,0,IRSUITRYYR,528
SEDANYFLAG,21.60299469339624,4.7486294217015044e-12,0.0002854568921519351,0.3198031980319803,0.35670356703567035,0.4747847478474785,0.38376383763837635,0,IRSUITRYYR,529
HPALCNOT2,2.74397713571191,5.561677274880688e-12,0.0005233527279038685,0.07749077490774908,0.41697416974169743,0.6494464944649446,0.3813038130381304,0,IRSUITRYYR,530
SMKLSSYR,26.62119423109269,3.995401089126555e-12,0.00025342683206309107,0.39114391143911437,0.3013530135301353,0.45141451414514144,0.3813038130381304,0,IRSUITRYYR,531
DRVINALDRG,19.509713949503148,4.037298544243651e-12,0.0003611649272143617,0.3038130381303813,0.3050430504305043,0.5264452644526445,0.37843378433784336,0,IRSUITRYYR,532
HPALCPRB2,2.74397713571191,4.147199212220043e-12,0.0007253633865828216,0.07749077490774908,0.3234932349323493,0.7343173431734318,0.37843378433784336,0,IRSUITRYYR,533
DIFOBTLSD,16.278082880839563,5.152477319989882e-12,0.0002777800864133941,0.2644526445264453,0.3899138991389914,0.4710947109471095,0.3751537515375154,0,IRSUITRYYR,534
HLNVREF,4.87814861994557,6.31793779688189e-12,0.00037201784735227346,0.11685116851168512,0.4747847478474785,0.5338253382533825,0.3751537515375154,0,IRSUITRYYR,535
RXMORPANY2,46.8971281087038,3.737691239530323e-12,9.557313228052109e-05,0.5842558425584256,0.28413284132841327,0.25584255842558423,0.37474374743747435,0,IRSUITRYYR,536
CADRKMARJ2,10.43026021105641,2.5245727506064878e-12,0.0007339874074275374,0.18327183271832717,0.2004920049200492,0.7392373923739237,0.3743337433374334,0,IRSUITRYYR,537
IRHH65_2,12.31040614350726,3.572243581488721e-12,0.0005298276196944549,0.2078720787207872,0.25830258302583026,0.6543665436654367,0.3735137351373514,0,IRSUITRYYR,538
OTHRTRQMIS,104.50234972507575,6.26646038072136e-13,6.616525456110858e-05,0.8585485854858549,0.06519065190651907,0.1968019680196802,0.3735137351373514,0,IRSUITRYYR,539
ALCYR,0.5626544272072538,5.626418727391207e-12,0.0005711598908987127,0.01845018450184502,0.4218942189421894,0.6765067650676507,0.3722837228372284,0,IRSUITRYYR,540
RXALPRANY,29.364248915281102,4.298443749966569e-12,0.00016348612843126,0.4231242312423124,0.33087330873308735,0.36039360393603936,0.3714637146371464,0,IRSUITRYYR,541
IRUD5STMMIS,100.54432860203423,2.272954981711878e-12,2.4784881928432527e-05,0.8302583025830258,0.1795817958179582,0.1008610086100861,0.3702337023370233,0,IRSUITRYYR,542
HLNVOFFR,5.296301749609399,6.31793779688189e-12,0.0003452556040265112,0.12177121771217712,0.4747847478474785,0.5129151291512916,0.3698236982369824,0,IRSUITRYYR,543
TRQNDAYPM,40.00588795756718,5.734677207232479e-12,5.4913229016034375e-05,0.5104551045510455,0.4317343173431734,0.16482164821648215,0.3690036900369003,0,IRSUITRYYR,544
NPCOLDYR,46.494335929379666,2.5724131214812594e-12,0.00014354318980334933,0.5768757687576875,0.2029520295202952,0.3247232472324723,0.3681836818368183,0,IRSUITRYYR,545
SEDNMFLAG,38.70786997593836,3.189555815520782e-12,0.00016544930233595848,0.4993849938499385,0.23985239852398524,0.36531365313653136,0.3681836818368183,0,IRSUITRYYR,546
SEDNMYR,102.9127896218486,2.1265172431966375e-12,1.4967428602769587e-05,0.8523985239852399,0.17220172201722017,0.07749077490774908,0.36736367363673644,0,IRSUITRYYR,547
IRUD5STMUNM,86.89447757288404,2.7984523885334194e-12,2.2958175671436378e-05,0.7884378843788438,0.21648216482164823,0.0971709717097171,0.36736367363673633,0,IRSUITRYYR,548
DIFOBTMRJ,0.5110502096251851,5.011164053372443e-12,0.0006566207757282099,0.015990159901599015,0.37392373923739236,0.7097170971709718,0.36654366543665434,0,IRSUITRYYR,549
HLNVSOR,8.392041023872782,6.31793779688189e-12,0.00027674620693550147,0.15621156211562115,0.4747847478474785,0.46740467404674046,0.36613366133661335,0,IRSUITRYYR,550
ACTDPRIV,43.60222876458766,4.041475498746376e-12,8.890731533496514e-05,0.5436654366543665,0.3105781057810578,0.24231242312423124,0.36551865518655186,0,IRSUITRYYR,551
COCFLAG,24.219359306727142,5.495315362279367e-12,0.0001391134709033206,0.3628536285362854,0.4132841328413284,0.3124231242312423,0.3628536285362854,0,IRSUITRYYR,552
PCPMLU,20.811008390110675,6.813660431250648e-12,0.00010654465035965972,0.3105781057810578,0.5067650676506765,0.27060270602706027,0.3626486264862649,0,IRSUITRYYR,553
KETMINFLAG,36.469500768485915,3.2556344518580085e-12,0.00015857000979427167,0.48462484624846247,0.24600246002460024,0.35178351783517836,0.36080360803608036,0,IRSUITRYYR,554
AIRDUSEVER2,49.87359708151199,3.0996560670190156e-12,8.430344088940706e-05,0.6076260762607626,0.23370233702337023,0.23493234932349324,0.35875358753587533,0,IRSUITRYYR,555
RXFLURANY,85.34558111952097,5.039958740758096e-13,8.571021224062155e-05,0.7810578105781057,0.05166051660516605,0.23739237392373924,0.35670356703567035,0,IRSUITRYYR,556
CDUFLAG,9.979372621567023,3.803760658852359e-12,0.00045997116667015483,0.17220172201722017,0.2890528905289053,0.6039360393603936,0.3550635506355064,0,IRSUITRYYR,557
DRVINDROTMJ,55.23138364179502,2.6564431311944185e-12,7.871483329520957e-05,0.6396063960639606,0.21033210332103322,0.21525215252152521,0.3550635506355064,0,IRSUITRYYR,558
FUCRK18,42.439512541261934,5.823962600333245e-12,2.0637235297052488e-05,0.5325953259532595,0.44157441574415746,0.0897908979089791,0.3546535465354654,0,IRSUITRYYR,559
FUCRK21,35.37799355898821,6.310155426947092e-12,3.871257774866015e-05,0.46863468634686345,0.4710947109471095,0.12423124231242312,0.3546535465354654,0,IRSUITRYYR,560
SMKLSSFLAG,13.152254486724146,4.166391301077042e-12,0.0003457800266342474,0.22509225092250923,0.3247232472324723,0.5141451414514145,0.3546535465354654,0,IRSUITRYYR,561
PAROL,12.978646752080083,6.29906447693195e-12,0.0001744669771833743,0.21832718327183273,0.46924969249692494,0.37392373923739236,0.3538335383353834,0,IRSUITRYYR,562
CRKYDAYS,33.11596895526076,6.058682226431046e-12,5.0171779389114267e-05,0.4440344403444034,0.45879458794587946,0.15621156211562115,0.3530135301353014,0,IRSUITRYYR,563
FUECSTMO18,21.048781166454024,6.8274070136511416e-12,8.363599717253357e-05,0.3161131611316113,0.5079950799507995,0.23247232472324722,0.3521935219352193,0,IRSUITRYYR,564
HPUSEDRG,1.0787348795986207,2.3525292527262906e-12,0.0010368503188169969,0.03936039360393604,0.1857318573185732,0.8302583025830258,0.3517835178351783,0,IRSUITRYYR,565
FUSMKLSS21,5.0784969696501205,6.65589617695714e-12,0.0002305428747723267,0.11808118081180811,0.4981549815498155,0.43419434194341944,0.3501435014350143,0,IRSUITRYYR,566
IRFAMSOC,0.2529755653991315,3.968341542590152e-12,0.0007285887245372233,0.014760147601476014,0.2952029520295203,0.7355473554735548,0.34850348503485035,0,IRSUITRYYR,567
OTHAEREVER2,66.88961570090123,2.601859949952471e-12,4.2735919836203425e-05,0.7017220172201722,0.2054120541205412,0.13776137761377613,0.34829848298482985,0,IRSUITRYYR,568
UD5ALNILANY,4.62203993310397,1.9958171132573758e-12,0.0007833140440527904,0.11439114391143912,0.16113161131611317,0.7626076260762608,0.3460434604346044,0,IRSUITRYYR,569
IRFAMPMT,14.347284720230007,6.389862836959375e-12,0.00014065093880438076,0.23616236162361623,0.4821648216482165,0.3173431734317343,0.34522345223452233,0,IRSUITRYYR,570
HLNVNEED,4.523534566570734,6.31793779688189e-12,0.00024432087416090563,0.11193111931119311,0.4747847478474785,0.44526445264452646,0.34399343993439935,0,IRSUITRYYR,571
ANYNDLREC,11.7320756519141,6.7439475627896444e-12,0.0001442743629648416,0.2017220172201722,0.5006150061500615,0.32718327183271834,0.34317343173431736,0,IRSUITRYYR,572
RXOXCOMIS,59.69192518290469,3.0027314366468845e-12,3.947752804196413e-05,0.6691266912669127,0.22878228782287824,0.12792127921279212,0.3419434194341944,0,IRSUITRYYR,573
PSYCHMON,55.437612189185806,3.82467048407451e-12,2.0768784872229036e-05,0.6420664206642066,0.2915129151291513,0.0910209102091021,0.3415334153341534,0,IRSUITRYYR,574
HPALCAMT2,2.790377147327629,2.4243257852650113e-12,0.0007475516079167658,0.08364083640836409,0.19126691266912668,0.7478474784747847,0.34091840918409183,0,IRSUITRYYR,575
ANYNEDFLAG,30.947283803020213,3.2057205925587375e-12,0.00015657961021796975,0.4317343173431734,0.24108241082410825,0.34686346863468637,0.33989339893398934,0,IRSUITRYYR,576
PNRNMMON,45.874546702390546,2.6057598814385375e-12,8.908919161694518e-05,0.5682656826568265,0.2066420664206642,0.24354243542435425,0.33948339483394835,0,IRSUITRYYR,577
MJCMOTHMON,25.401805696863708,2.6698585415232357e-12,0.00021983697844694987,0.37884378843788435,0.2115621156211562,0.4231242312423124,0.33784337843378437,0,IRSUITRYYR,578
SRCFRPNRNM,23.524849618777306,6.621164936310181e-12,5.770387991022739e-05,0.3462484624846248,0.49384993849938497,0.16974169741697417,0.3366133661336613,0,IRSUITRYYR,579
SPEAKENGL,8.447176284737719,1.5572186970174565e-12,0.0006762123172513729,0.15744157441574416,0.12915129151291513,0.7183271832718328,0.3349733497334973,0,IRSUITRYYR,580
DAMTFXFLAG,40.69772954824116,2.9210225914556676e-12,9.862409221541792e-05,0.5202952029520295,0.22263222632226323,0.2607626076260763,0.3345633456334563,0,IRSUITRYYR,581
HLCALL99,48.84319654129874,5.264160476474262e-12,0.0,0.6014760147601476,0.3960639606396064,0.004920049200492005,0.3341533415334153,0,IRSUITRYYR,582
RXZOHYMIS,158.65109750085483,4.273106704627696e-13,0.0,0.947109471094711,0.04428044280442804,0.004920049200492005,0.33210332103321033,1,IRSUITRYYR,583
STMNMYR,46.016582336350524,3.472233469322215e-12,5.728574007377477e-05,0.5694956949569495,0.25461254612546125,0.16851168511685116,0.3308733087330873,0,IRSUITRYYR,584
FUALC21,1.1367787583179656,3.1106645337895115e-12,0.0006590887002704634,0.04059040590405904,0.23493234932349324,0.7121771217712177,0.3292332923329233,0,IRSUITRYYR,585
OTHRPNRANY2,18.120756196098345,2.4482905579856244e-12,0.00033454854463775004,0.2878228782287823,0.1931119311193112,0.5067650676506765,0.3292332923329233,0,IRSUITRYYR,586
RXDIAZANY,19.42685730160817,2.1903566789621984e-12,0.0003389364373097773,0.3025830258302583,0.17466174661746617,0.5104551045510455,0.3292332923329233,0,IRSUITRYYR,587
IRPYSEV5HER,31.962351382012166,5.464215967017106e-12,4.348555672547425e-05,0.43665436654366546,0.4095940959409594,0.14022140221402213,0.32882328823288237,0,IRSUITRYYR,588
ILTOBVAPALC,10.762906338404928,2.4125548938241595e-12,0.00046459347937408265,0.18942189421894218,0.1881918819188192,0.6076260762607626,0.3284132841328413,0,IRSUITRYYR,589
FUSMKLSS18,5.174930911582215,6.5680118536273694e-12,0.00017337930924932665,0.12054120541205413,0.4920049200492005,0.37023370233702335,0.32759327593275933,0,IRSUITRYYR,590
RXALPRMIS,46.249813365998506,2.4876212923617688e-12,7.699279367708882e-05,0.5719557195571956,0.19557195571955718,0.21279212792127922,0.32677326773267734,0,IRSUITRYYR,591
ACTD7590,20.811008390110675,4.041475498746376e-12,0.00016198719459211067,0.3105781057810578,0.3105781057810578,0.35670356703567035,0.32595325953259535,0,IRSUITRYYR,592
LGASEVER2,57.27602854252735,1.4054670537284863e-12,7.174995784315392e-05,0.6531365313653137,0.12054120541205413,0.20418204182041821,0.32595325953259535,0,IRSUITRYYR,593
IRSEVSEDUNM,35.20343034392398,5.646474793706097e-12,2.054275934992363e-05,0.4661746617466175,0.4231242312423124,0.08856088560885608,0.3259532595325953,0,IRSUITRYYR,594
HTANSWER,12.801657402146143,2.7122622314462977e-12,0.00039592045294339364,0.2140221402214022,0.21279212792127922,0.5498154981549815,0.3255432554325543,0,IRSUITRYYR,595
OTHRSTMMIS,76.20783304620859,5.66380953513389e-13,5.9118609704040224e-05,0.7398523985239852,0.05781057810578106,0.17589175891758918,0.3245182451824518,0,IRSUITRYYR,596
PSILCYYR,21.197572527481828,2.993942621972927e-12,0.0002201661960749253,0.31857318573185733,0.22755227552275523,0.42435424354243545,0.3234932349323493,0,IRSUITRYYR,597
ACTD2001,28.401304100998313,4.041475498746376e-12,8.919106117121042e-05,0.4132841328413284,0.3105781057810578,0.24477244772447723,0.32287822878228783,0,IRSUITRYYR,598
RXBZOSANY,45.48253320923367,1.9311099938369453e-12,9.067020827711743e-05,0.5621156211562116,0.15744157441574416,0.24723247232472326,0.32226322263222634,0,IRSUITRYYR,599
TOBALCYR,0.7076602712736032,2.972832934587538e-12,0.0006131398037994187,0.025830258302583026,0.22509225092250923,0.6961869618696187,0.3157031570315703,0,IRSUITRYYR,600
STMNMFLAG,17.361337792448786,3.167907903665585e-12,0.00022074345296963838,0.27183271832718325,0.23739237392373924,0.4268142681426814,0.3120131201312013,0,IRSUITRYYR,601
EDFAM18,1.270558765782569,1.3158742067599503e-12,0.0008204151988744683,0.04428044280442804,0.11439114391143912,0.7761377613776138,0.3116031160311603,0,IRSUITRYYR,602
INHALYR2,33.360892665407974,2.5172849432807783e-12,0.00011127852482251776,0.44772447724477243,0.1992619926199262,0.2779827798277983,0.3083230832308323,0,IRSUITRYYR,603
OTHRSTMANY,50.068493534581975,2.4941792875196986e-12,3.321999865674775e-05,0.6088560885608856,0.1980319803198032,0.11808118081180811,0.3083230832308323,0,IRSUITRYYR,604
OTHRPNRMIS,51.47539574143156,1.1248953627011363e-12,7.359961503850607e-05,0.6162361623616236,0.1008610086100861,0.2066420664206642,0.3079130791307913,0,IRSUITRYYR,605
HRTCONDYR,2.0911035411021244,4.988153613950855e-12,0.00030246654779362555,0.06211562115621156,0.3720787207872079,0.4870848708487085,0.3070930709307093,0,IRSUITRYYR,606
ILTOBALCFG,1.6663171736715499,2.5960949457392926e-12,0.0005392666020054909,0.05904059040590406,0.20418204182041821,0.6580565805658056,0.3070930709307093,0,IRSUITRYYR,607
LSDMON,75.93429558691803,1.3775805894050905e-12,1.1034102272329534e-05,0.7380073800738007,0.11685116851168512,0.06642066420664207,0.3070930709307093,0,IRSUITRYYR,608
IRKI17_2,0.9870850272336794,2.236538358285859e-12,0.0006463000569815043,0.03444034440344403,0.17589175891758918,0.7072570725707257,0.3058630586305863,0,IRSUITRYYR,609
UADMONY,7.70066784892087,6.071423899751608e-12,0.0001349935326486311,0.14883148831488316,0.46002460024600245,0.3075030750307503,0.30545305453054533,0,IRSUITRYYR,610
MJSKNYR,24.925472727832467,2.89632243273602e-12,0.00014368313334556788,0.3677736777367774,0.2201722017220172,0.32595325953259535,0.30463304633046334,0,IRSUITRYYR,611
ACTD9001,20.811008390110675,4.041475498746376e-12,0.00011831944827057762,0.3105781057810578,0.3105781057810578,0.2902829028290283,0.30381303813038135,0,IRSUITRYYR,612
NONABOVEV2,2.7905048568638087,4.2562209346414534e-13,0.0008530119413892139,0.08487084870848709,0.04305043050430504,0.7835178351783518,0.30381303813038135,0,IRSUITRYYR,613
IRSEX,0.00025367418833399473,2.2390689274122e-12,0.0007147472096603096,0.0024600246002460025,0.17712177121771217,0.7318573185731857,0.3038130381303813,0,IRSUITRYYR,614
CABREAST,16.26276480477676,3.723359001694713e-12,0.00018293639312301672,0.25522755227552274,0.2736777367773678,0.3800738007380074,0.30299302993029925,0,IRSUITRYYR,615
FUHER18,28.518025526768106,5.8196629677830495e-12,5.781872404133367e-06,0.4145141451414514,0.43911439114391143,0.05412054120541206,0.3025830258302583,0,IRSUITRYYR,616
ILTOBALCMN,6.29562600794652,1.089238972000131e-12,0.0005641500994706097,0.13284132841328414,0.0996309963099631,0.6740467404674046,0.30217302173021726,0,IRSUITRYYR,617
SRCCLFRPNR,23.524849618777306,6.621164936310181e-12,8.602910727455796e-06,0.3462484624846248,0.49384993849938497,0.06273062730627306,0.3009430094300943,0,IRSUITRYYR,618
CRKFLAG,37.068868202882875,3.350303695888279e-12,5.26970202708783e-05,0.4907749077490775,0.25092250922509224,0.15867158671586715,0.3001230012300123,0,IRSUITRYYR,619
RXHYDMANY2,34.66522919749307,1.7201146949259502e-12,0.0001242415708521301,0.45817958179581797,0.14514145141451415,0.2952029520295203,0.2995079950799508,0,IRSUITRYYR,620
RXAMMEMIS,36.19575129126572,2.9712953438881755e-12,6.612297733650064e-05,0.4784747847478475,0.22386223862238622,0.19557195571955718,0.2993029930299303,0,IRSUITRYYR,621
RXOXYMANY2,45.751496126228936,1.6537928375660918e-12,6.377616083956474e-05,0.5645756457564576,0.14022140221402213,0.18450184501845018,0.2964329643296433,0,IRSUITRYYR,622
EDUSKPEST,0.9929228246963757,5.824975899405336e-12,0.00020876282040016293,0.03690036900369004,0.44280442804428044,0.4071340713407134,0.2956129561295613,0,IRSUITRYYR,623
FUSTMNM21,25.79443605710228,5.373038251538069e-12,2.2598072101977844e-05,0.3813038130381304,0.4034440344403444,0.0959409594095941,0.2935629356293563,0,IRSUITRYYR,624
OPINMMON2,35.474276993703135,2.4060586463612474e-12,8.15058340619296e-05,0.4698646986469865,0.18696186961869618,0.22386223862238622,0.29356293562935626,0,IRSUITRYYR,625
DIABETEVR2,1.582277124754386,4.656548912618435e-12,0.00027758923278574176,0.055350553505535055,0.35178351783517836,0.4698646986469865,0.29233292332923333,0,IRSUITRYYR,626
CADRKHALL2,50.93492531658813,1.3832538563673774e-12,4.502299423349291e-05,0.6150061500615006,0.11808118081180811,0.14391143911439114,0.2923329233292333,0,IRSUITRYYR,627
ACTDVIET,20.811008390110675,4.041475498746376e-12,9.555215280631422e-05,0.3105781057810578,0.3105781057810578,0.25461254612546125,0.2919229192291923,0,IRSUITRYYR,628
COCMDAYS,12.341195094605172,5.997464236539595e-12,7.797159268726576e-05,0.21033210332103322,0.45141451414514144,0.2140221402214022,0.2919229192291923,0,IRSUITRYYR,629
GRSKMRJMON,0.5895316124003707,1.6022874841233195e-12,0.000661441085743828,0.023370233702337023,0.13407134071340712,0.7158671586715867,0.2911029110291103,0,IRSUITRYYR,630
RXTRIAANY,45.8030256918653,1.3034615358398528e-12,6.589492323189807e-05,0.5658056580565806,0.11316113161131611,0.1943419434194342,0.2911029110291103,0,IRSUITRYYR,631
MJONLYYR2,4.178104754519007,1.3991434241247421e-12,0.0005133716342094339,0.1070110701107011,0.11931119311193111,0.6445264452644527,0.2902829028290283,0,IRSUITRYYR,632
HPALCFRQ2,2.74397713571191,2.4243257852650113e-12,0.0004593496629335142,0.07749077490774908,0.19126691266912668,0.6002460024600246,0.2896678966789668,0,IRSUITRYYR,633
HEPBCEVER2,2.422498172943254,5.962464116025117e-12,0.0001576059677030492,0.07011070110701106,0.4489544895448955,0.34932349323493234,0.2894628946289463,0,IRSUITRYYR,634
RXPROVMIS,89.30076897211973,1.2093505901666503e-13,8.368002563410122e-06,0.7970479704797048,0.00984009840098401,0.06150061500615006,0.2894628946289463,0,IRSUITRYYR,635
CAMELANOM,16.26276480477676,3.723359001694713e-12,0.00014986134186176242,0.25522755227552274,0.2736777367773678,0.33579335793357934,0.28823288232882327,0,IRSUITRYYR,636
ALCYDAYS,0.7873036387913216,1.8720374144320244e-12,0.0005732520776174675,0.02706027060270603,0.15621156211562115,0.6789667896678967,0.2874128741287413,0,IRSUITRYYR,637
CALARYLUNG,16.26276480477676,3.723359001694713e-12,0.00014861291853549883,0.25522755227552274,0.2736777367773678,0.3333333333333333,0.2874128741287412,0,IRSUITRYYR,638
CACOLNRECT,16.26276480477676,3.723359001694713e-12,0.00014608759712026262,0.25522755227552274,0.2736777367773678,0.3296432964329643,0.28618286182861824,0,IRSUITRYYR,639
HERSNIEVER,40.59364183511167,3.0324431993168803e-12,2.9941552648461895e-05,0.5153751537515375,0.23001230012300122,0.11193111931119311,0.2857728577285773,0,IRSUITRYYR,640
LSDYR,33.95682009311152,2.0832324059768323e-12,8.737971003337269e-05,0.45141451414514144,0.16728167281672818,0.23862238622386223,0.2857728577285773,0,IRSUITRYYR,641
IRUD5TRQMIS,63.06801841119701,1.567872407839789e-12,3.0128811540713236e-06,0.6826568265682657,0.13161131611316113,0.041820418204182044,0.28536285362853625,0,IRSUITRYYR,642
GRSKBNGWK,0.9431628131241754,5.138032732718327e-13,0.0008043622898157781,0.03198031980319803,0.05289052890528905,0.7699876998769988,0.28495284952849526,0,IRSUITRYYR,643
RXZOHYANY2,25.197039456686642,7.309525357410497e-13,0.000208576209838962,0.3769987699876999,0.07134071340713408,0.4059040590405904,0.2847478474784748,0,IRSUITRYYR,644
IMFNEDFLAG,54.89462500931477,1.674410137684171e-12,1.3874497272286455e-05,0.6371463714637147,0.14391143911439114,0.07257072570725707,0.2845428454284543,0,IRSUITRYYR,645
RXAMPHMIS,40.502902365606765,3.0613844863230147e-12,2.6739683578704074e-05,0.5141451414514145,0.23247232472324722,0.1070110701107011,0.28454284542845426,0,IRSUITRYYR,646
RXANORMIS,89.30076897211973,2.7052171815258645e-13,1.0395093603542307e-06,0.7970479704797048,0.025830258302583026,0.024600246002460024,0.2824928249282493,0,IRSUITRYYR,647
PCPYR,71.72988809755168,8.446867617447909e-13,5.291821930194519e-06,0.7158671586715867,0.07749077490774908,0.05166051660516605,0.28167281672816724,0,IRSUITRYYR,648
PSYANYFLAG2,2.793667447539269,4.866093410430189e-14,0.0007566113289965185,0.08610086100861009,0.006150061500615006,0.7515375153751538,0.2812628126281263,0,IRSUITRYYR,649
OXYCNNMYR,53.20989153893564,1.6723661988030465e-12,1.1413349247321664e-05,0.6297662976629766,0.14268142681426815,0.06765067650676507,0.28003280032800326,0,IRSUITRYYR,650
IRPYUD5HAL,63.29782102345601,1.2088502964098417e-12,4.808933735650995e-06,0.6838868388683886,0.1045510455104551,0.05043050430504305,0.27962279622796227,0,IRSUITRYYR,651
TOBALCFLG,0.12556718478983353,4.925659371582266e-12,0.0002674300585354544,0.01107011070110701,0.36654366543665434,0.4612546125461255,0.27962279622796227,0,IRSUITRYYR,652
CANCERYR,2.744767687115497,3.723359001694713e-12,0.0002904031754815089,0.08118081180811808,0.2736777367773678,0.4833948339483395,0.2794177941779418,0,IRSUITRYYR,653
OTHRTRQANY,22.28540609810567,2.054745387022732e-12,0.0001521096216744639,0.3333333333333333,0.16605166051660517,0.33825338253382536,0.27921279212792127,0,IRSUITRYYR,654
SEDNMMON,48.836201198828945,9.538035308052564e-13,4.694075782831221e-05,0.5977859778597786,0.0910209102091021,0.14883148831488316,0.27921279212792127,0,IRSUITRYYR,655
IRUD5PNRUNM2,35.12517698816771,2.2948449039748956e-12,6.473213239947257e-05,0.46371463714637146,0.18327183271832717,0.1881918819188192,0.2783927839278393,0,IRSUITRYYR,656
ILLALCFLG,0.653156513326941,3.3111271646507316e-12,0.0004109956056414622,0.024600246002460024,0.24969249692496925,0.5584255842558425,0.2775727757277573,0,IRSUITRYYR,657
CASKINOTH,16.26276480477676,3.723359001694713e-12,0.00012574345638903598,0.25522755227552274,0.2736777367773678,0.2964329643296433,0.27511275112751127,0,IRSUITRYYR,658
HRTCONDEV2,2.0911035411021244,4.988153613950855e-12,0.00019174677275985151,0.06211562115621156,0.3720787207872079,0.3899138991389914,0.2747027470274703,0,IRSUITRYYR,659
SPAINTEVER2,43.68264316346854,2.1902617414263644e-12,2.436542209440076e-05,0.5510455104551045,0.17343173431734318,0.0984009840098401,0.2742927429274293,0,IRSUITRYYR,660
SMKLSSMON,12.764838051259758,2.087932250109314e-12,0.00023180932303296052,0.2115621156211562,0.16851168511685116,0.4354243542435424,0.27183271832718325,0,IRSUITRYYR,661
HIGHBPEVR2,3.3213685205773045,1.7250209521344164e-12,0.000421090050395234,0.09778597785977859,0.14698646986469865,0.5694956949569495,0.27142271422714226,0,IRSUITRYYR,662
ILLORALC,2.1072260121129096,1.967570041503342e-12,0.00043963663457778114,0.06396063960639606,0.15867158671586715,0.5867158671586716,0.2697826978269783,0,IRSUITRYYR,663
CABLADDER,16.26276480477676,3.723359001694713e-12,0.00011266575250122947,0.25522755227552274,0.2736777367773678,0.28044280442804426,0.2697826978269782,0,IRSUITRYYR,664
TOBALCMN,0.0001357424949763956,3.5312741176032602e-12,0.00039815129291410396,0.0012300123001230013,0.25584255842558423,0.5510455104551045,0.26937269372693723,0,IRSUITRYYR,665
SOLVENEVER2,34.66522919749307,1.7319211951174877e-12,6.67892246571747e-05,0.45817958179581797,0.14883148831488316,0.1980319803198032,0.26834768347683474,0,IRSUITRYYR,666
IRMEDICR,5.903507819170236,2.00232691062342e-12,0.0003405570500215807,0.13038130381303814,0.16236162361623616,0.5116851168511685,0.26814268142681424,0,IRSUITRYYR,667
PAROLREL,12.978646752080083,6.29906447693195e-12,3.143138969719492e-05,0.21832718327183273,0.46924969249692494,0.11562115621156212,0.26773267732677325,0,IRSUITRYYR,668
CELLNOTCL,2.854177601348573,1.4580706960231516e-12,0.00044535322821465985,0.08856088560885608,0.12423124231242312,0.5891758917589176,0.26732267322673225,0,IRSUITRYYR,669
HERSMOEVER,33.67546385893089,2.0929965877316543e-12,6.0627757744772494e-05,0.45018450184501846,0.16974169741697417,0.1820418204182042,0.26732267322673225,0,IRSUITRYYR,670
CIGFLAG,10.181692086535769,3.2855933086276616e-12,0.00017977720040682148,0.17343173431734318,0.24846248462484624,0.37761377613776137,0.26650266502665027,0,IRSUITRYYR,671
OTHINS,7.634731916838668,4.1080846402823144e-13,0.0004669229894682996,0.14760147601476015,0.04059040590405904,0.6088560885608856,0.2656826568265683,0,IRSUITRYYR,672
RXCODEMIS,32.476472202602764,2.046457519900932e-12,6.545122230923068e-05,0.43788437884378845,0.16482164821648215,0.1918819188191882,0.2648626486264863,0,IRSUITRYYR,673
CAGALLIVPAN,16.26276480477676,3.723359001694713e-12,9.750193686961428e-05,0.25522755227552274,0.2736777367773678,0.25830258302583026,0.26240262402624026,0,IRSUITRYYR,674
GASEVER2,32.596627370091774,2.492301406240666e-12,4.178624424713916e-05,0.43911439114391143,0.1968019680196802,0.13653136531365315,0.25748257482574827,0,IRSUITRYYR,675
RXBARBANY,53.390062398981996,1.2994216503021748e-12,1.046785959903355e-06,0.6316113161131611,0.11193111931119311,0.02706027060270603,0.2568675686756868,0,IRSUITRYYR,676
CAOTHER2,16.26276480477676,3.723359001694713e-12,8.794637920563398e-05,0.25522755227552274,0.2736777367773678,0.24108241082410825,0.2566625666256663,0,IRSUITRYYR,677
FUPNRNM21,8.855075579807105,5.050872912826787e-12,8.223319173811118e-05,0.16113161131611317,0.37884378843788435,0.23001230012300122,0.2566625666256663,0,IRSUITRYYR,678
PIPFLAG,9.271455777381968,2.4200527936984028e-12,0.0002135301206387318,0.16605166051660517,0.18942189421894218,0.4132841328413284,0.2562525625256253,0,IRSUITRYYR,679
RXHYDCMIS,17.924651730117503,2.031157820625043e-12,0.00014215859200205765,0.2829028290282903,0.16359163591635917,0.3210332103321033,0.2558425584255843,0,IRSUITRYYR,680
FUPNRNM18,20.81100841027194,4.978622397595354e-12,1.66050009678923e-05,0.31365313653136534,0.37023370233702335,0.08241082410824108,0.2554325543255433,0,IRSUITRYYR,681
HIGHBPMED,3.3213685205773045,1.7250209521344164e-12,0.00035550744834599794,0.09778597785977859,0.14698646986469865,0.5215252152521526,0.2554325543255433,0,IRSUITRYYR,682
MEDICARE,3.964836739174602,2.3265237896237994e-12,0.00028090714862032693,0.1057810578105781,0.18450184501845018,0.47232472324723246,0.25420254202542025,0,IRSUITRYYR,683
EDUSCKEST,1.003772197002975,5.818441722302185e-12,0.00011512514088323621,0.038130381303813035,0.43788437884378845,0.2829028290282903,0.2529725297252972,0,IRSUITRYYR,684
NMVSOEST,7.7099715374459565,5.316316548755142e-12,7.387535493400433e-05,0.15006150061500614,0.3997539975399754,0.2091020910209102,0.2529725297252972,0,IRSUITRYYR,685
ILLALCMON,2.980404954524852,3.624588110693189e-14,0.0005428074366657079,0.0897908979089791,0.004920049200492005,0.6605166051660517,0.2517425174251743,0,IRSUITRYYR,686
CATHYROID,16.26276480477676,3.723359001694713e-12,8.157226453629842e-05,0.25522755227552274,0.2736777367773678,0.22632226322263221,0.25174251742517423,0,IRSUITRYYR,687
CELLWRKNG,5.424370198870133,1.5890984008175716e-12,0.0003079432440665249,0.12669126691266913,0.13284132841328414,0.4944649446494465,0.25133251332513323,0,IRSUITRYYR,688
IRGHBREC,13.092694964027578,5.674763566749902e-12,2.625678672390943e-05,0.22263222632226323,0.42435424354243545,0.1045510455104551,0.25051250512505124,0,IRSUITRYYR,689
HIVAIDSEV2,2.16074831322245,5.69376665864903e-12,9.756136097418432e-05,0.06519065190651907,0.42558425584255843,0.25953259532595324,0.25010250102501025,0,IRSUITRYYR,690
ILTOBALCYR,4.306594119463789,9.000761605768493e-13,0.0004038169079845069,0.10947109471094711,0.08487084870848709,0.5535055350553506,0.2492824928249283,0,IRSUITRYYR,691
CABLOLEULYM,16.26276480477676,3.723359001694713e-12,8.014483992006561e-05,0.25522755227552274,0.2736777367773678,0.21894218942189422,0.24928249282492823,0,IRSUITRYYR,692
RXOPPRNMMON,36.429236957117126,2.25440617561241e-12,2.039326168052061e-05,0.48093480934809346,0.17835178351783518,0.08733087330873308,0.24887248872488724,0,IRSUITRYYR,693
CAMOUTTHRO,16.26276480477676,3.723359001694713e-12,7.945093550794885e-05,0.25522755227552274,0.2736777367773678,0.21648216482164823,0.2484624846248462,0,IRSUITRYYR,694
STMNDAYPM,10.465855882434525,5.741745355166378e-12,3.871633343629827e-05,0.18450184501845018,0.43419434194341944,0.12546125461254612,0.24805248052480525,0,IRSUITRYYR,695
HALLUCMON,27.795439668579178,2.2853411624592572e-12,4.940678722769663e-05,0.4071340713407134,0.18081180811808117,0.15498154981549817,0.24764247642476425,0,IRSUITRYYR,696
RXCLONMIS,42.80609679632654,1.634578290132604e-12,9.945638046588861e-06,0.5399753997539976,0.13653136531365315,0.06519065190651907,0.24723247232472326,0,IRSUITRYYR,697
IRUD5TRQUNM,25.774273612021553,1.247324777684161e-12,9.17192908229359e-05,0.3800738007380074,0.10824108241082411,0.25092250922509224,0.24641246412464124,0,IRSUITRYYR,698
CIRROSEVR2,1.582277124754386,4.758130193190902e-12,0.00014177124035733463,0.055350553505535055,0.35793357933579334,0.3198031980319803,0.24436244362443624,0,IRSUITRYYR,699
CASKINDK,16.26276480477676,3.723359001694713e-12,6.860420572742203e-05,0.25522755227552274,0.2736777367773678,0.2017220172201722,0.2435424354243542,0,IRSUITRYYR,700
FUHER21,11.20801513681478,5.6196549155046655e-12,2.7791587410874078e-05,0.1968019680196802,0.42066420664206644,0.10947109471094711,0.24231242312423126,0,IRSUITRYYR,701
COPDEVER2,1.582277124754386,4.648381100198622e-12,0.00014297522744812286,0.055350553505535055,0.34932349323493234,0.32226322263222634,0.2423124231242312,0,IRSUITRYYR,702
CAESOPSTOM,16.26276480477676,3.723359001694713e-12,6.546311097158706e-05,0.25522755227552274,0.2736777367773678,0.1931119311193112,0.24067240672406723,0,IRSUITRYYR,703
CGRFLAG,1.2310130368212961,2.6407280724603073e-13,0.000522057921278058,0.04305043050430504,0.024600246002460024,0.6482164821648216,0.23862238622386223,0,IRSUITRYYR,704
PNRANYFLAG2,1.1929386573343286,5.656953952698332e-13,0.0004777138912595769,0.041820418204182044,0.056580565805658053,0.6174661746617466,0.23862238622386223,0,IRSUITRYYR,705
CACERVIX,3.2385676087994284,4.059917226523702e-12,0.00013188180666490434,0.0959409594095941,0.3161131611316113,0.3025830258302583,0.23821238212382123,0,IRSUITRYYR,706
NOOPPRNMYR,21.664589811837647,5.676761853679969e-13,0.00014712131725772278,0.32226322263222634,0.05904059040590406,0.33210332103321033,0.23780237802378024,0,IRSUITRYYR,707
BNGDRKMON,1.527232510781541,9.590032177270277e-13,0.0004174418522131854,0.04920049200492005,0.09225092250922509,0.5670356703567035,0.23616236162361623,0,IRSUITRYYR,708
TQSDNMMON,39.425124545380974,1.5624117846265434e-12,1.1637129040478712e-05,0.5092250922509225,0.13038130381303814,0.06888068880688807,0.23616236162361623,0,IRSUITRYYR,709
MJSKNMON,11.75125540136433,1.2914409997156514e-12,0.00019286187995939315,0.2029520295202952,0.11070110701107011,0.3923739237392374,0.23534235342353424,0,IRSUITRYYR,710
RXLORAANY,13.779856557182397,1.855891411497596e-12,0.0001410725842247513,0.23124231242312424,0.15375153751537515,0.31857318573185733,0.23452234522345225,0,IRSUITRYYR,711
CHAMPUS,1.482681808698274,3.1755040855988953e-12,0.00021458352522788312,0.04797047970479705,0.23862238622386223,0.4145141451414514,0.23370233702337026,0,IRSUITRYYR,712
IRPYUD5INH,47.18680987645326,1.08657309623825e-12,3.4681709839330894e-07,0.5891758917589176,0.0984009840098401,0.013530135301353014,0.23370233702337026,0,IRSUITRYYR,713
UADBWHO,4.221441769801642,5.4477456795618094e-12,6.089552295380527e-05,0.10824108241082411,0.40836408364083643,0.18327183271832717,0.2332923329233292,0,IRSUITRYYR,714
FUPCP21,8.360466444168612,5.557361261608038e-12,3.7133993488866666e-05,0.15498154981549817,0.4157441574415744,0.12300123001230012,0.23124231242312424,0,IRSUITRYYR,715
TOBFLAG,3.7500846587502097,3.9030097891350373e-13,0.00040298791384274594,0.1033210332103321,0.03690036900369004,0.5522755227552275,0.2308323083230832,0,IRSUITRYYR,716
CDNOCGMO,2.808706956821095,2.6057750770068725e-12,0.00019636287799457237,0.08733087330873308,0.2078720787207872,0.3948339483394834,0.23001230012300122,0,IRSUITRYYR,717
KIDNYDSEV2,1.582277124754386,4.587054157848303e-12,0.00011547308758330802,0.055350553505535055,0.3456334563345633,0.28413284132841327,0.22837228372283724,0,IRSUITRYYR,718
MJPLLYR,17.864032536010512,1.4122544388899943e-12,0.00011207976776919213,0.27921279212792127,0.12300123001230012,0.27921279212792127,0.22714227142271423,0,IRSUITRYYR,719
IRCHMPUS,3.3390418894476293,3.047814312475802e-12,0.00015699011982328153,0.0996309963099631,0.23124231242312424,0.34809348093480935,0.22632226322263224,0,IRSUITRYYR,720
UADCAG,4.598280364559615,5.4054443092044394e-12,5.287193145109592e-05,0.11316113161131611,0.4046740467404674,0.16113161131611317,0.22632226322263224,0,IRSUITRYYR,721
INHALMON2,24.94889612676108,1.4610070810776197e-12,5.935337118912188e-05,0.36900369003690037,0.12546125461254612,0.17712177121771217,0.22386223862238622,0,IRSUITRYYR,722
HVYDRKMON,5.894913137792207,1.758511131593242e-12,0.0001916509674503004,0.12915129151291513,0.15006150061500614,0.3886838868388684,0.22263222632226323,0,IRSUITRYYR,723
CAKIDNEY,16.26276480477676,3.723359001694713e-12,4.175833419247101e-05,0.25522755227552274,0.2736777367773678,0.13530135301353013,0.2214022140221402,0,IRSUITRYYR,724
HERYR,42.28747633148727,1.0493945225424216e-12,1.4272299174273665e-06,0.5313653136531366,0.09471094710947109,0.03444034440344403,0.2201722017220172,0,IRSUITRYYR,725
GHBMON,33.258865371400326,4.970608406736693e-13,5.033449374962565e-05,0.44649446494464945,0.05043050430504305,0.15744157441574416,0.21812218122181223,0,IRSUITRYYR,726
CRKYR,33.11596895551262,1.262886038387693e-12,2.2402181572931532e-05,0.44526445264452646,0.10947109471094711,0.09471094710947109,0.21648216482164825,0,IRSUITRYYR,727
MTHNEDEVER,21.726066503647136,1.9934659314262778e-12,4.897459065986676e-05,0.3234932349323493,0.15990159901599016,0.15375153751537515,0.21238212382123822,0,IRSUITRYYR,728
UADBUND,4.644167995699257,4.9569317562532085e-12,4.865161670593477e-05,0.11562115621156212,0.3677736777367774,0.15252152521525214,0.21197211972119723,0,IRSUITRYYR,729
RXLORAMIS,31.71492070286536,8.550390817562127e-13,3.188639450421679e-05,0.43419434194341944,0.07995079950799508,0.11685116851168512,0.21033210332103322,0,IRSUITRYYR,730
RXMORPMIS,39.15814590244801,9.348049041371095e-13,1.3868344471703833e-06,0.5067650676506765,0.08733087330873308,0.03198031980319803,0.20869208692086924,0,IRSUITRYYR,731
HERMDAYS,11.075694311881323,5.03569292401785e-12,3.843294267568625e-06,0.1949569495694957,0.37761377613776137,0.04551045510455105,0.20602706027060272,0,IRSUITRYYR,732
CAOVARY,1.562497588980224,4.059917226523702e-12,9.121855570272345e-05,0.05166051660516605,0.3161131611316113,0.24846248462484624,0.2054120541205412,0,IRSUITRYYR,733
RXMTDNANY2,22.513928577301566,1.2247262934598503e-12,5.5556027365722415e-05,0.33456334563345635,0.1070110701107011,0.16728167281672818,0.2029520295202952,0,IRSUITRYYR,734
UADPLACE,2.292255064595328,5.272580012318355e-12,4.345167316304118e-05,0.06642066420664207,0.3985239852398524,0.13899138991389914,0.20131201312013122,0,IRSUITRYYR,735
RXTRAMMIS,29.04587407390975,1.4699551955520507e-12,6.026819346089586e-06,0.4194341943419434,0.12669126691266913,0.055350553505535055,0.20049200492004918,0,IRSUITRYYR,736
CANCEREVR2,1.582277124754386,3.723359001694713e-12,0.00010658864888558238,0.055350553505535055,0.2736777367773678,0.27183271832718325,0.20028700287002868,0,IRSUITRYYR,737
PCPFLAG,16.773703106360326,1.831230864520236e-12,6.053891516159092e-05,0.26814268142681424,0.15252152521525214,0.1795817958179582,0.20008200082000818,0,IRSUITRYYR,738
RXBARBMIS,43.60222876458766,2.0220040441739624e-13,1.6914034420049719e-06,0.5436654366543665,0.01845018450184502,0.03567035670356704,0.19926199261992616,0,IRSUITRYYR,739
FUPCP18,6.986918205960859,5.216657745325187e-12,4.2295600402785875e-06,0.14391143911439114,0.3936039360393604,0.04920049200492005,0.1955719557195572,0,IRSUITRYYR,740
MJMTHMON,20.82124735003963,1.6387006492634426e-12,4.12019233503089e-05,0.3148831488314883,0.13899138991389914,0.13038130381303814,0.19475194751947522,0,IRSUITRYYR,741
GLUEEVER2,22.088765305497258,1.7803429216952125e-12,2.1288424426615737e-05,0.32718327183271834,0.15129151291512916,0.09225092250922509,0.1902419024190242,0,IRSUITRYYR,742
CAUTERUS,1.4616092351447225,4.059917226523702e-12,6.54500724339664e-05,0.046740467404674045,0.3161131611316113,0.1906519065190652,0.18450184501845016,0,IRSUITRYYR,743
CRKMDAYS,7.203095782689064,5.027131880597779e-12,1.0542795119627066e-06,0.14637146371463713,0.3763837638376384,0.02952029520295203,0.18409184091840922,0,IRSUITRYYR,744
SRCFRSTMNM,2.7587539103352285,4.51453523534221e-12,3.40876097171565e-05,0.08241082410824108,0.34009840098400984,0.12054120541205413,0.18101681016810167,0,IRSUITRYYR,745
PIPMON,18.585307142566972,1.408231952854466e-12,3.341480984145996e-05,0.29274292742927427,0.12177121771217712,0.11931119311193111,0.17794177941779418,0,IRSUITRYYR,746
TRQNMMON,23.893832549710414,9.393324586191596e-13,1.6543016574401103e-05,0.3505535055350554,0.08856088560885608,0.08118081180811808,0.17343173431734318,0,IRSUITRYYR,747
NITOXIEVER2,6.761503422473188,1.5530232104749431e-12,9.124838586243419e-05,0.14145141451414514,0.12792127921279212,0.24969249692496925,0.1730217302173022,0,IRSUITRYYR,748
AMYLNIEVER2,9.566055112014835,1.6376134205209508e-12,7.367098106763275e-05,0.16974169741697417,0.13776137761377613,0.2078720787207872,0.17179171791717918,0,IRSUITRYYR,749
RXESZOANY,18.53846438980193,1.0620727638047073e-12,3.883266779909361e-05,0.2915129151291513,0.0971709717097171,0.12669126691266913,0.17179171791717918,0,IRSUITRYYR,750
RXZOLPMIS,23.266713790228533,7.85859991880584e-13,1.9932323560390315e-05,0.3419434194341943,0.07380073800738007,0.08487084870848709,0.16687166871668715,0,IRSUITRYYR,751
SRCCLFRSTM,1.5466735329439971,4.51453523534221e-12,2.6134909005853114e-05,0.05043050430504305,0.34009840098400984,0.1033210332103321,0.16461664616646166,0,IRSUITRYYR,752
RXANORANY,8.5588361064482,1.2039544780878625e-12,8.168734867774865e-05,0.15867158671586715,0.1033210332103321,0.22878228782287824,0.16359163591635917,0,IRSUITRYYR,753
RXZOLPANY,7.954545437826347,1.3724971634214439e-12,8.08502037574743e-05,0.15252152521525214,0.11562115621156212,0.22263222632226323,0.16359163591635917,0,IRSUITRYYR,754
RXMTHPMIS,12.796901746201014,7.555237520546342e-13,6.965135454201576e-05,0.21279212792127922,0.07257072570725707,0.2029520295202952,0.16277162771627718,0,IRSUITRYYR,755
COCMON,12.341195094438197,1.201670975334626e-12,5.843987587563105e-05,0.2091020910209102,0.10209102091020911,0.17220172201722017,0.16113161131611317,0,IRSUITRYYR,756
IRPYUD5HER,23.527678003243608,6.688324463515672e-13,7.760417655955017e-06,0.34809348093480935,0.06642066420664207,0.06027060270602706,0.15826158261582615,0,IRSUITRYYR,757
SALVIAYR,22.161977704670356,4.1371984854092094e-13,2.6048722595924355e-05,0.33025830258302585,0.041820418204182044,0.10209102091020911,0.15805658056580565,0,IRSUITRYYR,758
SALVIAFLAG,2.4075655194939207,5.729039616261146e-13,0.00015501161938954555,0.06888068880688807,0.06027060270602706,0.34440344403444034,0.15785157851578516,0,IRSUITRYYR,759
IRUD5SEDUNM,25.003175371963355,8.507444423479835e-13,3.54159658728009e-07,0.3714637146371464,0.07872078720787208,0.01845018450184502,0.15621156211562115,0,IRSUITRYYR,760
RXTEMAANY,14.270143060948545,8.276331193250235e-13,4.742075907979738e-05,0.23493234932349324,0.07626076260762607,0.15006150061500614,0.15375153751537515,0,IRSUITRYYR,761
GHBFLAG,13.092694965077438,8.790703862797317e-13,4.614791129636585e-05,0.22386223862238622,0.08241082410824108,0.14637146371463713,0.15088150881508813,0,IRSUITRYYR,762
UADOTSP2,0.218196693289343,4.7949533646180386e-12,1.4421316568290072e-05,0.013530135301353014,0.3628536285362854,0.07503075030750307,0.15047150471504714,0,IRSUITRYYR,763
RXESZOMIS,26.4833390912142,3.3259646332435484e-13,3.436703568089757e-07,0.3880688806888069,0.03444034440344403,0.012300123001230012,0.14493644936449365,0,IRSUITRYYR,764
DRVINALCO2,0.9719486380048739,2.984377383601279e-13,0.00016484538690260425,0.033210332103321034,0.02952029520295203,0.3628536285362854,0.14186141861418614,0,IRSUITRYYR,765
MJOTHYR,21.150201879175277,8.992151235070465e-13,3.554643878453578e-07,0.3173431734317343,0.08364083640836409,0.02214022140221402,0.14104141041410415,0,IRSUITRYYR,766
SRCCLFRSED,0.579530437222745,4.818176263587834e-12,1.4144634170817354e-06,0.02029520295202952,0.36469864698646987,0.033210332103321034,0.13940139401394014,0,IRSUITRYYR,767
SRCFRSEDNM,0.579530437222745,4.818176263587834e-12,3.5462869785823806e-07,0.02029520295202952,0.36469864698646987,0.01968019680196802,0.13489134891348914,0,IRSUITRYYR,768
RXMTDNMIS,10.272247836360275,3.967663798251335e-13,5.9784250012498675e-05,0.18019680196801968,0.038130381303813035,0.17835178351783518,0.13222632226322262,0,IRSUITRYYR,769
FUTRQNM21,0.13472702525636912,4.747556414089945e-12,1.0404457430303564e-06,0.012300123001230012,0.35547355473554737,0.025830258302583026,0.13120131201312013,0,IRSUITRYYR,770
RXMRLXANY,5.309717273738474,5.600797384671403e-13,7.530666716960332e-05,0.12361623616236163,0.055350553505535055,0.21033210332103322,0.12976629766297665,0,IRSUITRYYR,771
NOOPPRANYYR,0.579818758122735,2.53107040700124e-13,0.00015393124429322955,0.02214022140221402,0.023370233702337023,0.34317343173431736,0.12956129561295612,0,IRSUITRYYR,772
RXDEMEANY2,11.27467714249624,7.167430436121175e-13,3.7047288419655285e-05,0.1980319803198032,0.06888068880688807,0.12177121771217712,0.12956129561295612,0,IRSUITRYYR,773
PEYOTEEVER,6.705756248587494,1.0426262813114596e-12,4.7680624773383213e-05,0.14022140221402213,0.09348093480934809,0.15129151291512916,0.12833128331283314,0,IRSUITRYYR,774
RXBZOSMIS,22.161977704670356,3.1104299816654455e-13,3.5466059621432995e-07,0.33025830258302585,0.03075030750307503,0.020910209102091022,0.12730627306273062,0,IRSUITRYYR,775
GHBYR,19.175037077495332,4.676006295673369e-13,1.0620753985573435e-06,0.2988929889298893,0.04797047970479705,0.03075030750307503,0.12587125871258711,0,IRSUITRYYR,776
FUSEDNM21,0.011223746991224717,4.775022502201829e-12,0.0,0.004305043050430504,0.36162361623616235,0.004920049200492005,0.12361623616236161,0,IRSUITRYYR,777
FUSTMNM18,0.03367359144983695,4.770075699130497e-12,0.0,0.006150061500615006,0.3591635916359164,0.004920049200492005,0.12341123411234113,0,IRSUITRYYR,778
FUTRQNM18,0.011223746991224717,4.774788880847511e-12,0.0,0.004305043050430504,0.36039360393603936,0.004920049200492005,0.12320623206232062,0,IRSUITRYYR,779
PSILCYMON,5.9159404191273435,8.118904332648324e-13,5.28156391404545e-05,0.13161131611316113,0.07503075030750307,0.15990159901599016,0.12218122181221812,0,IRSUITRYYR,780
RXPROVANY,16.149327541383723,6.117145061179814e-13,7.632131272663606e-06,0.24354243542435425,0.06396063960639606,0.05904059040590406,0.12218122181221812,0,IRSUITRYYR,781
RXSOMAANY,11.970244467689707,4.75844584153729e-13,2.7642861821475506e-05,0.2054120541205412,0.04920049200492005,0.10824108241082411,0.1209512095120951,0,IRSUITRYYR,782
HERNEDEVER,4.371103492108739,7.169464307902346e-13,5.8538851789172996e-05,0.11070110701107011,0.07011070110701106,0.17343173431734318,0.11808118081180811,0,IRSUITRYYR,783
ETHEREVER2,14.369028545777502,9.033875907483584e-13,1.2876450900247339e-20,0.23739237392373924,0.08610086100861009,0.00984009840098401,0.1111111111111111,0,IRSUITRYYR,784
STMNMMON,10.465855883404993,9.460092706516538e-13,6.28517340166473e-06,0.1857318573185732,0.0897908979089791,0.056580565805658053,0.11070110701107012,0,IRSUITRYYR,785
MESCEVER,0.9187009809701636,4.3380402141301814e-13,9.233995026604565e-05,0.02952029520295203,0.046740467404674045,0.2521525215252153,0.10947109471094711,0,IRSUITRYYR,786
RXCYCLANY,5.309717273738474,3.2911008841779233e-13,5.5088918314447866e-05,0.12361623616236163,0.03198031980319803,0.16605166051660517,0.1072160721607216,0,IRSUITRYYR,787
NPCOLDMON,10.397956045651485,7.067607719288154e-13,1.22046070235586e-05,0.1820418204182042,0.06765067650676507,0.07011070110701106,0.1066010660106601,0,IRSUITRYYR,788
COCNEDEVER,6.491356440383616,1.055155956595078e-12,1.6443554379338837e-05,0.13776137761377613,0.0959409594095941,0.07995079950799508,0.10455104551045509,0,IRSUITRYYR,789
RXDIAZMIS,13.234937012019918,5.811572766011594e-13,3.5362609584622736e-07,0.22632226322263221,0.06273062730627306,0.017220172201722016,0.1020910209102091,0,IRSUITRYYR,790
RXDEMEMIS,11.075694311881323,1.8544305603218532e-13,1.442098170344744e-05,0.1949569495694957,0.013530135301353014,0.07380073800738007,0.0940959409594096,0,IRSUITRYYR,791
RXOXYMMIS,10.822033071074559,4.008531318429336e-13,4.159138616680152e-06,0.1918819188191882,0.03936039360393604,0.04797047970479705,0.0930709307093071,0,IRSUITRYYR,792
KETMINYR,6.544264323539076,8.671359756769014e-13,6.773870114944844e-06,0.13899138991389914,0.08118081180811808,0.05781057810578106,0.0926609266092661,0,IRSUITRYYR,793
ECSTMOMON,9.14012925001178,5.255519964237402e-13,5.537978454686511e-06,0.16482164821648215,0.05412054120541206,0.05289052890528905,0.09061090610906108,0,IRSUITRYYR,794
WTANSWER,0.5505448117410711,2.4932143813144306e-13,8.069650448527986e-05,0.017220172201722016,0.02214022140221402,0.22140221402214022,0.08692086920869209,0,IRSUITRYYR,795
CADRKCOCN2,9.473566679493281,4.321454722712727e-13,3.63232819005531e-06,0.16851168511685116,0.04551045510455105,0.04428044280442804,0.08610086100861009,0,IRSUITRYYR,796
RXSOMAMIS,9.459219466047768,1.8742461091010849e-13,1.2352300615997993e-05,0.16728167281672818,0.015990159901599015,0.07134071340713408,0.08487084870848709,0,IRSUITRYYR,797
IINPCOLDREC,3.0991198016886052,5.744907973868802e-13,2.0043399609481896e-05,0.09225092250922509,0.06150061500615006,0.08610086100861009,0.07995079950799508,0,IRSUITRYYR,798
RXZALEANY,2.987341740679655,1.6009084344157072e-13,4.135550583715781e-05,0.0910209102091021,0.01107011070110701,0.13407134071340712,0.07872078720787208,0,IRSUITRYYR,799
RXHYDMMIS,10.272247836360275,2.864524073440676e-13,1.0478384846789056e-06,0.18019680196801968,0.02706027060270603,0.028290282902829027,0.07851578515785158,0,IRSUITRYYR,800
MJPLLMON,2.572949612194449,3.5114743176636563e-13,2.909965367818752e-05,0.07134071340713408,0.03567035670356704,0.11070110701107011,0.07257072570725707,0,IRSUITRYYR,801
RXCYCLMIS,8.204541644890678,1.854866159700361e-13,1.6959123725942424e-06,0.15375153751537515,0.014760147601476014,0.03690036900369004,0.06847068470684707,0,IRSUITRYYR,802
DAMTFXMON,3.5291553778498472,5.743712616078861e-14,2.2110270203511296e-05,0.1008610086100861,0.007380073800738007,0.09348093480934809,0.06724067240672406,0,IRSUITRYYR,803
RXMRLXMIS,6.38580366186445,1.8089919806253364e-13,4.048491663396011e-06,0.13468634686346864,0.012300123001230012,0.046740467404674045,0.06457564575645756,0,IRSUITRYYR,804
DAMTFXYR,3.560368950975863,3.325440590373907e-13,2.7616655970871023e-06,0.10209102091020911,0.033210332103321034,0.04059040590405904,0.05863058630586306,0,IRSUITRYYR,805
CADRKMETH2,2.2950442162942184,1.99472516589932e-13,1.5653122459389303e-05,0.06765067650676507,0.017220172201722016,0.07872078720787208,0.05453054530545306,0,IRSUITRYYR,806
HERMON,3.2029450768828482,2.4096344907047875e-13,3.0725513369646626e-06,0.0940959409594096,0.020910209102091022,0.04305043050430504,0.052685526855268554,0,IRSUITRYYR,807
KETMINMON,3.2029450768828482,2.9059979071161857e-13,1.0352957691961335e-06,0.0940959409594096,0.028290282902829027,0.023370233702337023,0.04858548585485855,0,IRSUITRYYR,808
CRKMON,3.8098580304191825,2.317610486228012e-13,3.532728079398677e-07,0.1045510455104551,0.01968019680196802,0.015990159901599015,0.046740467404674045,0,IRSUITRYYR,809
CADRKINHL2,0.8559321217185545,6.918836910417867e-14,0.0,0.028290282902829027,0.008610086100861008,0.004920049200492005,0.013940139401394014,0,IRSUITRYYR,810
CADRKHERN2,0.1122665135881311,5.173269655145188e-15,3.511566037002347e-07,0.00984009840098401,0.0036900369003690036,0.014760147601476014,0.009430094300943008,0,IRSUITRYYR,811
PCPMON,0.05612575515606988,0.0,1.300453700589215e-19,0.007380073800738007,0.0018450184501845018,0.01107011070110701,0.006765067650676506,0,IRSUITRYYR,812
SALVIAMON,0.06735270638791381,0.0,0.0,0.008610086100861008,0.0018450184501845018,0.004920049200492005,0.005125051250512505,0,IRSUITRYYR,813
