mean_fit_time,std_fit_time,mean_score_time,std_score_time,param_modelo__C,param_modelo__l1_ratio,params,split0_test_roc_auc,split1_test_roc_auc,split2_test_roc_auc,split3_test_roc_auc,split4_test_roc_auc,mean_test_roc_auc,std_test_roc_auc,rank_test_roc_auc,split0_train_roc_auc,split1_train_roc_auc,split2_train_roc_auc,split3_train_roc_auc,split4_train_roc_auc,mean_train_roc_auc,std_train_roc_auc,split0_test_average_precision,split1_test_average_precision,split2_test_average_precision,split3_test_average_precision,split4_test_average_precision,mean_test_average_precision,std_test_average_precision,rank_test_average_precision,split0_train_average_precision,split1_train_average_precision,split2_train_average_precision,split3_train_average_precision,split4_train_average_precision,mean_train_average_precision,std_train_average_precision,split0_test_recall,split1_test_recall,split2_test_recall,split3_test_recall,split4_test_recall,mean_test_recall,std_test_recall,rank_test_recall,split0_train_recall,split1_train_recall,split2_train_recall,split3_train_recall,split4_train_recall,mean_train_recall,std_train_recall,split0_test_precision,split1_test_precision,split2_test_precision,split3_test_precision,split4_test_precision,mean_test_precision,std_test_precision,rank_test_precision,split0_train_precision,split1_train_precision,split2_train_precision,split3_train_precision,split4_train_precision,mean_train_precision,std_train_precision,split0_test_f1,split1_test_f1,split2_test_f1,split3_test_f1,split4_test_f1,mean_test_f1,std_test_f1,rank_test_f1,split0_train_f1,split1_train_f1,split2_train_f1,split3_train_f1,split4_train_f1,mean_train_f1,std_train_f1,split0_test_balanced_accuracy,split1_test_balanced_accuracy,split2_test_balanced_accuracy,split3_test_balanced_accuracy,split4_test_balanced_accuracy,mean_test_balanced_accuracy,std_test_balanced_accuracy,rank_test_balanced_accuracy,split0_train_balanced_accuracy,split1_train_balanced_accuracy,split2_train_balanced_accuracy,split3_train_balanced_accuracy,split4_train_balanced_accuracy,mean_train_balanced_accuracy,std_train_balanced_accuracy,split0_test_specificity,split1_test_specificity,split2_test_specificity,split3_test_specificity,split4_test_specificity,mean_test_specificity,std_test_specificity,rank_test_specificity,split0_train_specificity,split1_train_specificity,split2_train_specificity,split3_train_specificity,split4_train_specificity,mean_train_specificity,std_train_specificity,split0_test_accuracy,split1_test_accuracy,split2_test_accuracy,split3_test_accuracy,split4_test_accuracy,mean_test_accuracy,std_test_accuracy,rank_test_accuracy,split0_train_accuracy,split1_train_accuracy,split2_train_accuracy,split3_train_accuracy,split4_train_accuracy,mean_train_accuracy,std_train_accuracy,target,modelo,version_grid,param_modelo__criterion,param_modelo__max_depth,param_modelo__max_features,param_modelo__min_samples_leaf,param_modelo__n_estimators,param_modelo__colsample_bytree,param_modelo__learning_rate,param_modelo__subsample
2.931872272491455,0.2200366221161941,0.7784107208251954,0.0569449425292671,0.05,0.0,"{'modelo__C': 0.05, 'modelo__l1_ratio': 0.0}",0.8883409242115395,0.8922293471490856,0.8970184127455978,0.8922603122699734,0.8866904218968564,0.8913078836546106,0.0035913829970966,4,0.8976190666882837,0.8965479021256892,0.8950487330344692,0.896634514122352,0.898200965182818,0.8968102362307224,0.0010761900092195,0.5074922805292282,0.5178765976313806,0.5172550948186837,0.5054713820681931,0.5100130231706804,0.5116216756436331,0.0050660682689506,4,0.5250492702456483,0.521164385658825,0.5205486413723627,0.5262122074311033,0.5250326471077132,0.5236014303631304,0.0022899557247673,0.8452380952380952,0.8607142857142858,0.8666666666666667,0.8511904761904762,0.8247914183551848,0.8497201884329417,0.0145034325774603,5,0.8636498958023221,0.8585888657338494,0.8579934504316761,0.8571003274784162,0.8648809523809524,0.8604426983654433,0.0031809171041942,0.3294663573085847,0.3421675343114055,0.345679012345679,0.3465826466311197,0.334946757018393,0.3397684615230364,0.0065803566093894,8,0.3467192542129795,0.3415442918048318,0.33885949441505,0.3428197189807097,0.3446803463408848,0.3429246211508912,0.0026804245919639,0.4741235392320534,0.4896715204876397,0.4942294636795655,0.4925938684119876,0.4764199655765921,0.4854076714775676,0.0084351212239406,7,0.4947978850417874,0.4886893162755231,0.4858395144976399,0.4897507867653313,0.4929183275379526,0.4903991660236468,0.0031568752778056,0.8152320083800464,0.8270574995753355,0.8309254855330955,0.8254168789989242,0.8102851265378778,0.8217833998050559,0.0077424421034755,6,0.8302717374374273,0.8259947895851174,0.8245266003644707,0.8260122624312414,0.8297911004473133,0.8273192980531139,0.0022842298734061,0.7852259215219977,0.7934007134363853,0.7951843043995244,0.7996432818073722,0.7957788347205708,0.7938466111771701,0.0047673769790081,7,0.7968935790725327,0.7934007134363853,0.7910597502972652,0.7949241973840666,0.7947012485136742,0.7941958977407848,0.0019251505503301,0.7918868921775899,0.8008720930232558,0.8031183932346723,0.8053646934460887,0.7989956389586362,0.8000475421680486,0.0046061875065723,7,0.8043011463116514,0.800634270423838,0.7984870007598032,0.8018235274685342,0.8024907505285412,0.8015473390984736,0.001936446459948,IRAMDEYR,Regresión Logística,v_grid_inicial,,,,,,,,
7.262845182418824,2.487156506017463,-0.541247034072876,2.447610001745536,0.05,1.0,"{'modelo__C': 0.05, 'modelo__l1_ratio': 1.0}",0.8879893373818017,0.8929407486835399,0.8990348614178133,0.8940137343581904,0.8870491596501695,0.892205568298303,0.0043546378149959,1,0.8958818432050618,0.8947605389304967,0.8932228012555404,0.8945740955315886,0.8964201776690165,0.8949718913183407,0.0011124543278079,0.5092591235434992,0.5176687110150243,0.523947901497552,0.5108963605255523,0.5095955329289807,0.5142735259021217,0.0057193342333517,2,0.5204675486664038,0.5169694493287676,0.5166863351062349,0.5196163042080348,0.5205751295902293,0.518862953379934,0.0016968697993568,0.8464285714285714,0.8690476190476191,0.8726190476190476,0.8642857142857143,0.8379022646007152,0.8580566433963336,0.0135135304712168,1,0.8642453111044954,0.8603751116403692,0.8585888657338494,0.8568026198273295,0.862202380952381,0.860442857851685,0.0026171656989116,0.3262964662689307,0.3378065710319297,0.3442930953499295,0.3457142857142857,0.3342843556823585,0.3376789548094868,0.0070627761163492,10,0.3410479323308271,0.3380512340624634,0.3339122380456177,0.3387875220718069,0.3395452414439756,0.3382688335909382,0.0023936966747619,0.4710168930109307,0.4865044985004998,0.4937689457729875,0.4938775510204081,0.477906186267845,0.4846148149145343,0.0089786020561276,10,0.4890910622525482,0.4853879744709439,0.4808269423141047,0.4855744896237557,0.4872182980154725,0.485619753335365,0.0027434335575665,0.8141179718022762,0.8281771983466395,0.8325639827869317,0.8300322745031425,0.8149083261172423,0.8239599507112464,0.0078419910538927,1,0.8279126377163382,0.8250485843576401,0.8224090285863064,0.8240426594974936,0.8264081167544307,0.8251642053824417,0.0018954381217414,0.781807372175981,0.7873067776456599,0.7925089179548157,0.7957788347205708,0.7919143876337693,0.7898632580261593,0.0048504347335008,10,0.7915799643281808,0.7897220570749108,0.7862291914387634,0.7912826991676576,0.7906138525564804,0.7898855529131986,0.0019364492345965,0.7889799154334038,0.7963794926004228,0.8014006342494715,0.8033826638477801,0.7970133474296287,0.7974312107121415,0.0049775743137037,10,0.7996432228865912,0.7975620230583726,0.7942585312675497,0.7985530705956195,0.7985597251585623,0.7977153145933391,0.0018495698940756,IRAMDEYR,Regresión Logística,v_grid_inicial,,,,,,,,
0.8963381290435791,3.0114742754984567,1.676629114151001,2.207583919599677,0.1,0.0,"{'modelo__C': 0.1, 'modelo__l1_ratio': 0.0}",0.8882262647924806,0.8920906234075081,0.8963702685295283,0.8917038248117322,0.8864374453478533,0.8909656853778205,0.0034359638342287,5,0.8979828160559649,0.8969595510968633,0.8954418969623554,0.897054658912344,0.8985807855674226,0.8972039417189901,0.0010666919023496,0.5076582246251098,0.5161108947752621,0.5159633127699993,0.5038640104225964,0.509656619784279,0.5106506124754493,0.0047757688627928,6,0.5260188259722391,0.5224023889111409,0.5212197605986071,0.5276507613268014,0.5257833174871986,0.5246150108591975,0.0024072739091035,0.8428571428571429,0.8595238095238096,0.8678571428571429,0.8511904761904762,0.8259833134684148,0.8494823769793973,0.0144047193973968,6,0.8630544805001489,0.8562072045251563,0.8568026198273295,0.8553140815718964,0.8642857142857143,0.8591328201420492,0.0037550915443384,0.329608938547486,0.3429928741092636,0.3459895586141433,0.3470873786407767,0.335593220338983,0.3402543940501305,0.006665333108718,5,0.3478521718262539,0.3424624910693022,0.3400283553875236,0.343578091365702,0.345631992382766,0.3439106204063095,0.0026750171922076,0.4738955823293173,0.4903225806451612,0.494740413980319,0.493103448275862,0.4772727272727273,0.4858669505006774,0.0085805853290473,1,0.4958522192764902,0.4892404524963851,0.48684766979616,0.4902312089412166,0.49379357252168,0.4911930246063864,0.0032277137443998,0.8144131136402242,0.826982475511013,0.8315207236283336,0.8256398278693166,0.8110297066747544,0.8219171694647283,0.0078305997641741,4,0.8305499810348544,0.8255099637370134,0.8246186107460072,0.8256765116539624,0.8299951163580772,0.827270036705983,0.0024840021127004,0.7859690844233056,0.7944411414982164,0.7951843043995244,0.800089179548157,0.796076099881094,0.7943519619500594,0.0046230228194699,5,0.79804548156956,0.7948127229488704,0.7924346016646849,0.7960389417360285,0.79570451843044,0.7954072532699168,0.0018241583990239,0.7922832980972516,0.8016649048625792,0.8032505285412262,0.8057610993657506,0.7993920972644377,0.8004703856262492,0.0045899636317882,5,0.8052591589309901,0.8016253179610848,0.7995771530507747,0.8026163654983317,0.8033165961945031,0.8024789183271368,0.0018761241458754,IRAMDEYR,Regresión Logística,v_grid_inicial,,,,,,,,
13.135251998901367,3.077147613094,-0.4770634174346924,2.3479334860500027,0.1,1.0,"{'modelo__C': 0.1, 'modelo__l1_ratio': 1.0}",0.88847212785233,0.8929255315384179,0.8983192132382085,0.8939449033180454,0.8872146219028088,0.8921752795699621,0.0039940912428299,2,0.8968470257465789,0.8958923191691515,0.8942949558907707,0.8957712869377848,0.897500854858516,0.8960612885205604,0.0010883305332952,0.5109170703313987,0.5178072796957244,0.5205020329273826,0.5110722883061308,0.5120215129410735,0.5144640368403419,0.0039417133855867,1,0.5227682726389754,0.5203391830464454,0.5189799417561328,0.522539981460889,0.5223934247968839,0.5214041607398654,0.0014926854006575,0.8488095238095238,0.8654761904761905,0.8666666666666667,0.8547619047619047,0.8355184743742551,0.8542465520177082,0.0114972325731738,2,0.8636498958023221,0.8591842810360226,0.8594819886871092,0.8591842810360226,0.8630952380952381,0.8609191369313429,0.0020138175348276,0.3284200829111008,0.3379823337982334,0.3453510436432637,0.3453583453583453,0.335727969348659,0.3385679550119204,0.0063797722747057,9,0.343191766236839,0.3404506311194998,0.3369121251021122,0.3415384615384615,0.3408957329258258,0.3405977433845477,0.002064370466383,0.4735968116904683,0.4861250417920428,0.4938941655359565,0.4919492977046933,0.47898872565767,0.4849108084761662,0.0076784501744176,9,0.4911953945140535,0.487664751605272,0.4840710932260228,0.4887797442628503,0.4887503160023594,0.4880922599221116,0.002318950701413,0.8160516108940603,0.8269116980918407,0.8307768529528339,0.8262364815129382,0.8146825427757125,0.822931837245477,0.006382673600227,2,0.8286739371996152,0.8257165459876903,0.824174704212758,0.8262181809460731,0.8273747593567748,0.8264316255405824,0.0015210558315432,0.7832936979785969,0.7883472057074911,0.7948870392390012,0.7977110582639715,0.79384661117717,0.7916171224732461,0.0051530724801901,9,0.7936979785969085,0.792248810939358,0.7888674197384067,0.7932520808561236,0.7916542806183116,0.7919441141498216,0.0016988060227302,0.7905655391120507,0.7969080338266384,0.8028541226215645,0.8040433403805497,0.7984670278842342,0.7985676127650074,0.0047990678675808,9,0.8014601433715437,0.7996762578044994,0.7967031151927587,0.8005682005880216,0.7995837737843552,0.7995982981482357,0.0015997219376562,IRAMDEYR,Regresión Logística,v_grid_inicial,,,,,,,,
4.842637062072754,0.3863706387882819,0.7580636978149414,0.068441499088201,0.2,0.0,"{'modelo__C': 0.2, 'modelo__l1_ratio': 0.0}",0.888174420332937,0.8918129989808052,0.8957502583375799,0.8910765599343186,0.8861920864400318,0.8906012648051345,0.0032722092694998,7,0.8982483435808247,0.8972410082820073,0.89572213729845,0.897353948467195,0.8988324214105233,0.8974795718078001,0.0010566439249611,0.5077261991785891,0.5139959307460261,0.5140431236640567,0.5016866847341067,0.5093025741382576,0.5093509024922073,0.0045820400987985,7,0.5264946140054468,0.5230676675942731,0.5213721310721628,0.5286442081197825,0.5260308329447949,0.5251218907472921,0.0025844842858122,0.8392857142857143,0.8559523809523809,0.8678571428571429,0.8488095238095238,0.8283671036948749,0.8480543731199275,0.013561536968324,7,0.8618636498958023,0.8541232509675498,0.8571003274784162,0.855611789222983,0.8630952380952381,0.858358851131998,0.0035153240394585,0.3286713286713286,0.3425440686040972,0.3469776297001428,0.3471275559883154,0.3370514064015519,0.3404743978730872,0.0069551331724584,3,0.3474555928948631,0.3420770239656611,0.3409925381973232,0.3446043165467626,0.345773220460236,0.3441805384129692,0.0023677130009667,0.4723618090452261,0.4892820687308608,0.4957497449846991,0.492743607463718,0.479145122371596,0.48585647051922,0.0087657554187357,2,0.4952527585322042,0.4885067256938532,0.4878834095915946,0.491324044790153,0.4937430833404273,0.4913420043896465,0.0028656651548483,0.8126273993545099,0.825419710095691,0.8319666213691184,0.8247466168393636,0.8125931832386384,0.8214707061794643,0.007661657097725,7,0.8299174075876158,0.8245423032483409,0.8251762041672699,0.8262526841477578,0.8296042480606987,0.8270985694423366,0.0022436479610103,0.7859690844233056,0.7948870392390012,0.796076099881094,0.8006837098692033,0.7968192627824019,0.7948870392390012,0.004863715894706,4,0.7979711652794292,0.7949613555291319,0.7932520808561236,0.7968935790725327,0.7961132580261593,0.7958382877526753,0.0016245547821885,0.7918868921775899,0.8016649048625792,0.8040433403805497,0.8060253699788583,0.8003171666446413,0.8007875348088437,0.0048630782609243,4,0.8050609494235407,0.8015262132073602,0.800336956162664,0.8034092035281293,0.8035478329809725,0.8027762310605333,0.0016570195126944,IRAMDEYR,Regresión Logística,v_grid_inicial,,,,,,,,
16.337627983093263,2.905937742421877,0.7893662452697754,0.0917537891826393,0.2,1.0,"{'modelo__C': 0.2, 'modelo__l1_ratio': 1.0}",0.8887141866258988,0.8926824995753355,0.8972560479304682,0.8930214349413964,0.8869550906393008,0.8917258519424799,0.0036057473305016,3,0.8974594216241245,0.8965605462935398,0.8950186658006831,0.8965159930249327,0.8981486949528623,0.8967406643392284,0.0010533148551239,0.5118296911146974,0.5171634421821644,0.5199411054035911,0.5076606091773302,0.512253926267802,0.513769754829117,0.0043124453805548,3,0.5247006380357101,0.5217902902698434,0.5204696489008439,0.5256307276331945,0.5244553854107269,0.5234093380500637,0.0019472714460187,0.8452380952380952,0.8630952380952381,0.8678571428571429,0.8464285714285714,0.831942789034565,0.8509123673307226,0.0130207100260548,3,0.8642453111044954,0.8582911580827627,0.8579934504316761,0.8582911580827627,0.861904761904762,0.8601451679212918,0.0025064691590873,0.3293135435992579,0.3416588124410933,0.3466476462196862,0.343312409464027,0.3385063045586809,0.3398877432565491,0.0059039543363467,7,0.3458422682868716,0.3415067519545131,0.3386206086241334,0.3432142857142857,0.3430873119298661,0.342454245301934,0.0023686134488792,0.4739652870493992,0.4895340985820391,0.4954128440366973,0.4884919271727928,0.4812133746983799,0.4857235063078617,0.0074116805173154,4,0.4940015315238662,0.4886026607914583,0.4855939342881213,0.4903478186920657,0.4908058639098381,0.4898703618410699,0.0027591517058723,0.8151576920899156,0.8277277617348962,0.8318179887888568,0.8221441311364022,0.8146039747788758,0.8222903097057891,0.0067870155461125,3,0.8301049682751966,0.8258645148321067,0.8244151259292745,0.82664483587848,0.8279314237585641,0.8269921737347243,0.0019289952844465,0.785077288941736,0.792360285374554,0.7957788347205708,0.797859690844233,0.7972651605231866,0.7936682520808561,0.0047005508802953,8,0.7959646254458977,0.7934378715814506,0.7908368014268727,0.7949985136741974,0.7939580856123662,0.793839179548157,0.0017349949279141,0.7917547568710359,0.8002114164904862,0.8037790697674418,0.8032505285412262,0.8011100832562442,0.8000211709852868,0.0043383425193362,8,0.8035413431997621,0.800634270423838,0.7982887912523537,0.8020217369759837,0.8014997357293869,0.8011971755162648,0.0017344813392721,IRAMDEYR,Regresión Logística,v_grid_inicial,,,,,,,,
5.887388849258423,0.4925097026280851,2.898767328262329,2.766791202500396,0.5,0.0,"{'modelo__C': 0.5, 'modelo__l1_ratio': 0.0}",0.888065069220316,0.891391342506087,0.8950757495328691,0.8903103943717796,0.8858854320938663,0.8901455975449835,0.0031100818287152,9,0.8984892465058291,0.8974848980183149,0.8960003311156887,0.8976335471919725,0.8990510019870761,0.8977318049637762,0.0010375565326244,0.5073401234342547,0.5114979075744991,0.5122400322520021,0.4990592133417313,0.50871011090126,0.5077694775007495,0.0047079695926638,9,0.5266061053757298,0.5230690385621058,0.5209521473219076,0.5292700570995656,0.5258812101079441,0.5251557116934505,0.0028838164326679,0.8369047619047619,0.8547619047619047,0.8642857142857143,0.8488095238095238,0.8271752085816448,0.84638742266871,0.013079582503767,9,0.8618636498958023,0.8538255433164632,0.8568026198273295,0.8568026198273295,0.8636904761904762,0.8585969818114801,0.0036282475255708,0.3278917910447761,0.3440344992812649,0.3458789899952358,0.34814453125,0.3368932038834951,0.3405686030909544,0.0073731601899662,2,0.3478731074260995,0.3419985690436442,0.3412783113957073,0.3455396806339296,0.3466730378688328,0.3446725412736427,0.0025949360279147,0.4711796246648793,0.4906047147249743,0.4940455937393671,0.4937673130193906,0.4787857882028286,0.485676606870288,0.0091370847561474,5,0.4956767400051365,0.4883780332056194,0.4881275440976934,0.4924709103353867,0.4947574801807177,0.4918821415649107,0.0031428959791152,0.8113626068739029,0.8256419511918918,0.8301065907932733,0.8251925145801484,0.8120715519721542,0.820875043082274,0.0076755891571297,9,0.8301031983129428,0.8243934494227976,0.8251945619945209,0.8271267855379216,0.8302362904139063,0.8274108571364179,0.0024219489819413,0.7858204518430439,0.7965219976218787,0.7959274673008323,0.8015755053507729,0.7969678953626635,0.7953626634958384,0.0051748050290104,1,0.7983427467300832,0.7949613555291319,0.7935865041617123,0.7974509512485137,0.7967821046373365,0.7962247324613555,0.0017237534935706,0.7914904862579282,0.8029862579281184,0.803514799154334,0.8068181818181818,0.8003171666446413,0.8010253783606407,0.0051964327708337,1,0.8053912986026229,0.801493178289452,0.8006012355059298,0.8040368669683856,0.8042085095137421,0.8031462177760265,0.0017984205257447,IRAMDEYR,Regresión Logística,v_grid_inicial,,,,,,,,
27.961897754669188,6.5135147618841405,-0.8606715679168702,2.4489367311754564,0.5,1.0,"{'modelo__C': 0.5, 'modelo__l1_ratio': 1.0}",0.8885164522110865,0.892017103363343,0.8960924671592776,0.8915167070097956,0.8862623281779027,0.8908810115842811,0.0033399838278755,6,0.8980569830055305,0.8971813605540548,0.8956160059368075,0.8972387239244736,0.8987735600334069,0.8973733266908546,0.0010555742044206,0.5106687539339912,0.5133463028612246,0.5169116863875146,0.5033681235525072,0.5098197869700224,0.5108229307410521,0.0044731324664213,5,0.5262031765599998,0.5237354392042957,0.5216690505268874,0.5281459351528258,0.5259886895772571,0.5251484582042532,0.002231868638917,0.844047619047619,0.8583333333333333,0.8678571428571429,0.8488095238095238,0.8295589988081049,0.8497213235711449,0.0129816508579939,4,0.8633521881512355,0.855611789222983,0.8585888657338494,0.8573980351295029,0.8636904761904762,0.8597282708856093,0.0032405404266465,0.3291550603528319,0.3425178147268408,0.3461538461538461,0.3457807953443259,0.3359073359073359,0.3399029704970361,0.0065106428254168,6,0.3471390950442901,0.3418173168411037,0.3408177735759867,0.3447863043218006,0.3452295979062574,0.3439580175378877,0.0023180147257873,0.4736138944555778,0.4896434634974533,0.4949083503054989,0.4913852515506547,0.4781861903126073,0.4855474300243584,0.0081863496158016,6,0.495176299837787,0.4884847454746324,0.4879451823026817,0.4918032786885246,0.4932857385687574,0.4913390489744766,0.0027711002597165,0.8146367702848083,0.826312921125644,0.8315950399184644,0.8241520865183172,0.8125202841840762,0.8218434204062619,0.0072007934840371,5,0.8303458324822766,0.8249893072155343,0.8256603662795288,0.8270157535932889,0.8295860228752618,0.827519456489178,0.0021152156506756,0.7852259215219977,0.7942925089179548,0.795332936979786,0.7994946492271106,0.7954815695600476,0.7939655172413793,0.0047165031280461,6,0.7973394768133175,0.7943668252080857,0.7927318668252081,0.7966334720570749,0.7954815695600476,0.7953106420927469,0.001639276537332,0.7917547568710359,0.8014006342494715,0.8033826638477801,0.804968287526427,0.7992599444958371,0.8001532573981104,0.0046152432050264,6,0.8046645304086419,0.8011628291103696,0.8000396419014899,0.803376168610221,0.8030523255813954,0.8024590991224236,0.0016486934477568,IRAMDEYR,Regresión Logística,v_grid_inicial,,,,,,,,
10.140231132507324,3.480956941428986,-1.604561996459961,2.9368773287837064,1.0,0.0,"{'modelo__C': 1, 'modelo__l1_ratio': 0.0}",0.8880123400430328,0.891062581394032,0.8946328598323989,0.8895796175188269,0.885715363825629,0.8898005525227838,0.002995970415291,10,0.8986073029881564,0.8976025783836634,0.8961501141714151,0.8977686284987286,0.8991576325926476,0.8978572513269223,0.001023777174212,0.5064129664143385,0.5093000960877355,0.510754339588763,0.4967001270236507,0.5082895957193275,0.506291424966763,0.004999403239405,10,0.5264555948747398,0.5229251058069205,0.5206516401205161,0.5292406546753565,0.5256290980707531,0.5249804187096573,0.0029566594432548,0.8369047619047619,0.8559523809523809,0.8595238095238096,0.8476190476190476,0.8271752085816448,0.845435041716329,0.0120005405252642,10,0.8627567728490623,0.8538255433164632,0.8565049121762429,0.8579934504316761,0.8639880952380953,0.859013754802308,0.003821180383661,0.3283512377393741,0.3435260391782131,0.3444656488549618,0.3474865788189361,0.3375486381322957,0.3402756285447562,0.0067785959627617,4,0.3480662983425414,0.3420801526717557,0.341443152148113,0.3458538341533661,0.3467510750119446,0.3448389024655441,0.0026170362996364,0.4716538074471654,0.4902829867030344,0.491825613079019,0.4929041190723434,0.479447322970639,0.4852227698544403,0.0083147938823303,8,0.4960205391527599,0.4884612109341735,0.4882477725922783,0.4929866575436196,0.4948857824752812,0.4921203925396226,0.0032247708580792,0.8115855557442954,0.8258656078364759,0.8276513221221902,0.8244486439046487,0.8123688171326773,0.8203839893480573,0.006943185192532,10,0.8305311807170401,0.824430607567863,0.8251571826041737,0.8277222008400948,0.8303850999377158,0.8276452543333775,0.0025442366457986,0.7862663495838288,0.7957788347205708,0.7957788347205708,0.8012782401902497,0.7975624256837098,0.795332936979786,0.0049581832710031,2,0.7983055885850179,0.7950356718192628,0.7938094530321046,0.7974509512485137,0.7967821046373365,0.7962767538644471,0.0016357351413941,0.7918868921775899,0.8024577167019028,0.8028541226215645,0.80642177589852,0.8008457777190432,0.800893257023724,0.0048574460563648,3,0.8054573684384394,0.8015592481252684,0.8007664100954709,0.8041690066400184,0.8042415433403806,0.8032387153279157,0.0017734954648905,IRAMDEYR,Regresión Logística,v_grid_inicial,,,,,,,,
31.108555364608765,3.386201453604354,0.2190361976623535,0.0762940588675488,1.0,1.0,"{'modelo__C': 1, 'modelo__l1_ratio': 1.0}",0.8882797017439555,0.8915044979049884,0.8952457922824303,0.8903981583715532,0.8857840111734853,0.8902424322952825,0.0031742873685734,8,0.8984202566958557,0.8974709982834905,0.8960068412581033,0.8975795965300244,0.8990617457781269,0.8977078877091202,0.0010301976023465,0.5088120692536254,0.5099655980672582,0.5130866285436871,0.498699855041594,0.5086104721038733,0.5078349246020076,0.0048399575448139,8,0.5263767987381675,0.5237404049099119,0.5213594211359777,0.5291058788752934,0.52585728220175,0.52528795717222,0.0026044019070954,0.8392857142857143,0.8571428571428571,0.861904761904762,0.85,0.8271752085816448,0.8471017083829956,0.0125420119147217,8,0.8630544805001489,0.8550163739208098,0.8576957427805895,0.8579934504316761,0.8636904761904762,0.8594901047647401,0.0033413132533208,0.3288246268656716,0.3440038222646918,0.3449261553120533,0.347953216374269,0.3373845405930967,0.3406184722819564,0.0068318123856636,1,0.3473104109260812,0.3420269143741812,0.3414316188670301,0.3460614793467819,0.3458879618593564,0.3445436770746862,0.00235731382308,0.4725201072386059,0.4909648823729969,0.4926845865940796,0.4937759336099585,0.4792817679558011,0.4858454555542885,0.0084441888793159,3,0.4953015547582436,0.488601565158217,0.4884292616766975,0.4931975699495166,0.4939574468085106,0.491897479670237,0.0028429919124431,0.8127017156446408,0.8265351622218446,0.8287674820225355,0.8255648038049941,0.8122945008425466,0.8211727329073124,0.0071597107079422,8,0.8303084530919294,0.8248588112172419,0.8256039653260854,0.8278150962027584,0.8298832880357851,0.8276939227747601,0.0021931507794074,0.7861177170035671,0.7959274673008323,0.7956302021403091,0.8011296076099881,0.7974137931034483,0.795243757431629,0.0049649511524644,3,0.7975624256837098,0.7947012485136742,0.7935121878715814,0.7976367419738407,0.796076099881094,0.79589774078478,0.0016093209357989,0.7920190274841438,0.8027219873150105,0.8029862579281184,0.806553911205074,0.8007136249504427,0.8009989617765578,0.0048681878179452,2,0.8048297049981831,0.8013940735357272,0.800634270423838,0.8043341812295597,0.803580866807611,0.8029546193989837,0.0016510993563869,IRAMDEYR,Regresión Logística,v_grid_inicial,,,,,,,,
5.503479480743408,0.0613500659764303,0.5524717807769776,0.0170962866328778,,,"{'modelo__criterion': 'gini', 'modelo__max_depth': 6, 'modelo__max_features': 'sqrt', 'modelo__min_samples_leaf': 5, 'modelo__n_estimators': 150}",0.8715151852952834,0.8707509661117717,0.881184265471944,0.8705571244550139,0.8678448205000291,0.8723704723668085,0.004578362608039,16,0.8834098982130106,0.8832632844959448,0.8804248347474741,0.8795991031070272,0.8827597321163156,0.8818913705359546,0.0015714543097693,0.4566318752732337,0.4744623061427189,0.4675998085643914,0.4353269842628555,0.4386713947092324,0.4545384737904864,0.0154452932628998,16,0.4988392980906387,0.4960279816406497,0.493513079479998,0.4971432987599079,0.4974210165301591,0.4965889349002707,0.0017798521703856,0.8333333333333334,0.844047619047619,0.844047619047619,0.830952380952381,0.8164481525625745,0.8337658209887054,0.0101924959924055,4,0.8490622208990771,0.8451920214349509,0.8431080678773445,0.832092884787139,0.8473214285714286,0.843355324713988,0.0059762159895595,0.3082342580361074,0.3153914590747331,0.3241883859167809,0.3174170077307867,0.3196453569762016,0.316975293546922,0.0052586554385952,11,0.3229898074745186,0.3233853514067661,0.3202533077010064,0.3188819167142042,0.3203195319531953,0.3211659830499381,0.0017331097029757,0.4500160720025715,0.4591968911917098,0.4684506111661711,0.4593616321158276,0.4594232059020791,0.4592896824756718,0.0058301643400114,11,0.467962917384527,0.4677871148459384,0.4641861989837731,0.4610689541405476,0.4648922273024167,0.4651794825314406,0.0025500128350263,0.7999157748711851,0.8076510390125134,0.8121843327104921,0.8039274389898647,0.7998709252705858,0.8047099021709283,0.0047229016599883,9,0.813465414849063,0.8122363198732423,0.8098752289446176,0.8051293793733555,0.8114245371156786,0.8104261760311914,0.0028937835338067,0.7664982164090368,0.7712544589774079,0.7803210463733651,0.7769024970273484,0.7832936979785969,0.775653983353151,0.0060809437796324,11,0.7778686087990487,0.7792806183115338,0.7766423900118906,0.7781658739595719,0.7755276456599287,0.7774970273483948,0.0012942561183441,0.7739164904862579,0.7793340380549683,0.7873942917547568,0.7829016913319239,0.7869697370159905,0.7821032497287794,0.0050399780440049,11,0.785768557365135,0.7865944303128407,0.7840177067159988,0.7841498463876317,0.7834963002114165,0.7848053681986046,0.0011740745351159,IRAMDEYR,Random Forest,v_grid_inicial,gini,6.0,sqrt,5.0,150.0,,,
7.911894130706787,0.0824066044499842,0.7199097633361816,0.0251830455517271,,,"{'modelo__criterion': 'gini', 'modelo__max_depth': 6, 'modelo__max_features': 'sqrt', 'modelo__min_samples_leaf': 5, 'modelo__n_estimators': 200}",0.8727557365098237,0.8701246744238719,0.881636710124002,0.8698208623520751,0.868332792421758,0.8725341551663062,0.0047691636437611,15,0.8847454011070761,0.8829964405616585,0.8806151775944726,0.8789442945089754,0.8831292565982249,0.8820861140740816,0.0020505283450975,0.4614139837362734,0.4728319500300864,0.4696026833497314,0.4363853022938983,0.4392742619399229,0.4559016362699825,0.0152453078595623,13,0.5031178419791709,0.4964540778233847,0.4948758178514768,0.4957338509216241,0.4993526360305782,0.497906844921247,0.003008799180079,0.8392857142857143,0.844047619047619,0.8464285714285714,0.8154761904761905,0.8164481525625745,0.8323372495601339,0.0135700993688774,6,0.8541232509675498,0.8440011908306043,0.8413218219708246,0.8285203929740994,0.8488095238095238,0.8433552361105203,0.0086060908629973,0.3085339168490153,0.3144124168514412,0.3242134062927496,0.3166897827092002,0.3172765169059749,0.3162252079216763,0.0050512288278795,14,0.3232676056338028,0.3225989986345016,0.3192859563891085,0.3200690051753881,0.31908704408145,0.3208617219828502,0.0017359334724156,0.4512,0.4581583198707593,0.4688427299703264,0.4562104562104562,0.4569713142094729,0.4582765640522029,0.0057915124353896,15,0.4690207618113454,0.4667819214620894,0.4628992628992629,0.4617554338808694,0.4638152545129289,0.4648545269132992,0.002667578867918,0.8022231187361983,0.8071308249815978,0.813077543740445,0.7978986184247778,0.798681864628493,0.8038023941023024,0.0056687803441807,14,0.8154757158523838,0.811399376628144,0.8087219989758998,0.8044207196737323,0.8113325264707547,0.810270067520183,0.0036363255929054,0.7651605231866825,0.7702140309155767,0.7797265160523187,0.7803210463733651,0.7809155766944114,0.775267538644471,0.0064032875233466,13,0.7768281807372176,0.7787975624256838,0.776122175980975,0.7803210463733651,0.7738555291319857,0.7771848989298455,0.0022260923396935,0.7733879492600423,0.7784090909090909,0.7871300211416491,0.784223044397463,0.7848552927183825,0.7816010796853256,0.0050135436324816,14,0.7854051732681444,0.7860328367084007,0.7833570083578343,0.7856694526114103,0.7821749471458774,0.7845278836183335,0.0014996639368862,IRAMDEYR,Random Forest,v_grid_inicial,gini,6.0,sqrt,5.0,200.0,,,
5.666827726364136,0.053657803172723,1.6552001953125,2.294730768219412,,,"{'modelo__criterion': 'gini', 'modelo__max_depth': 6, 'modelo__max_features': 'sqrt', 'modelo__min_samples_leaf': 10, 'modelo__n_estimators': 150}",0.8713848663722326,0.8711546628163751,0.8827920630202141,0.8721266137251572,0.8674124750743694,0.8729741362016696,0.0051745206125391,14,0.8831529384116855,0.8822769840922873,0.8809780364498947,0.8799650593963932,0.8812817890142829,0.8815309614729087,0.0010961041234295,0.4530360778999437,0.475148276212113,0.4698970567446859,0.4373479706131579,0.4381663210605424,0.4547191405060886,0.0156608096969675,15,0.493457376868301,0.4891815067516938,0.4914541677405841,0.4906570409137742,0.4926380225347196,0.4914776229618146,0.001497465017581,0.8321428571428572,0.844047619047619,0.8559523809523809,0.8154761904761905,0.8057210965435042,0.8306680288325102,0.0182955098221812,8,0.8457874367371242,0.8445966061327776,0.849955343852337,0.828818100625186,0.8401785714285714,0.8418672117551992,0.0072300269132854,0.3108048021342819,0.3131625441696113,0.3212689901697944,0.3217472992015031,0.3228271251193887,0.3179621521589159,0.0049637561160164,10,0.3245002855511136,0.3207824513794663,0.3168349794695372,0.3244755244755244,0.3233676975945017,0.3219921876940287,0.0029123805568255,0.4525736484299126,0.4568298969072165,0.4671864847303443,0.4614348265409229,0.4609614728946471,0.4597972659006086,0.0048912874745875,10,0.4690440812283308,0.4649676309104318,0.4616006467259498,0.4663707178155624,0.4669975186104218,0.4657961190581394,0.0024743145950469,0.8008811788686938,0.8064619783704208,0.8150897457675104,0.8004253722892248,0.7974800488662824,0.8040676648324265,0.0062295373398429,13,0.8130170834101792,0.8106938143624649,0.8106049014148724,0.8067247459130686,0.8103427042636318,0.8102766498728435,0.0020205017288191,0.7696195005945303,0.7688763376932224,0.7742271105826397,0.7853745541022592,0.7892390011890607,0.7774673008323425,0.008330534588459,9,0.7802467300832342,0.7767910225921522,0.7712544589774079,0.7846313912009513,0.7805068370986921,0.7786860879904876,0.0044702962759317,0.7765591966173362,0.7772198731501057,0.7832980972515856,0.788715644820296,0.791066472842606,0.7833718569363859,0.0058656264544035,9,0.7875194080142711,0.7843150209771729,0.7799874467311949,0.7895345380066731,0.7871300211416491,0.7856972869741923,0.003304853480947,IRAMDEYR,Random Forest,v_grid_inicial,gini,6.0,sqrt,10.0,150.0,,,
8.033821535110473,0.0925476310884842,0.6585819721221924,0.0215086755627323,,,"{'modelo__criterion': 'gini', 'modelo__max_depth': 6, 'modelo__max_features': 'sqrt', 'modelo__min_samples_leaf': 10, 'modelo__n_estimators': 200}",0.8721415654549572,0.8707990062850348,0.883560794264198,0.8716244479361305,0.8682311943469306,0.8732714016574503,0.0053174620869543,11,0.8839345482118248,0.8820425913096978,0.8814533321574883,0.8795643399421366,0.8821635318905356,0.8818316687023365,0.0014043248912841,0.4559969420273911,0.4737053032252422,0.4725560403674699,0.4374718263169003,0.4375996403512445,0.4554659504576497,0.0159249530923296,14,0.4963263009123247,0.4891161133966936,0.4940540529695728,0.4892606102062434,0.4937375969470329,0.4924989348863734,0.0028471612042452,0.8333333333333334,0.8452380952380952,0.8595238095238096,0.8226190476190476,0.8092967818831943,0.834002213519496,0.0174240013748753,3,0.8493599285501637,0.846680559690384,0.8484668055969038,0.8311997618338791,0.8446428571428571,0.8440699825628377,0.0066347789891922,0.3094606542882405,0.3114035087719298,0.3239120681920143,0.3196114708603145,0.3189290746829497,0.3166633553590897,0.0054021032132633,13,0.3239100817438692,0.3198020915326661,0.3166666666666666,0.3228118857671407,0.3213679085041331,0.3209117268428952,0.002532218954954,0.4513217279174726,0.4551282051282051,0.4705115672857608,0.4603597601598934,0.4575471698113207,0.4589736860605306,0.0064872034068571,14,0.4689734527821155,0.4642507345739471,0.4612023626506999,0.4650233177881412,0.4655893692067919,0.4650078474003392,0.0024947692077575,0.8005846214823623,0.8059424721136969,0.8177672555347941,0.8019902610271219,0.796889770251942,0.8046348760819836,0.007177108232477,10,0.8140415873428584,0.8109554700948948,0.809972106722352,0.8067822530929205,0.8109770468829625,0.8105456928271977,0.0023267033265279,0.7678359096313913,0.7666468489892985,0.7760107015457788,0.7813614744351962,0.7844827586206896,0.775267538644471,0.0071014649706705,13,0.7787232461355529,0.7752303804994055,0.7714774078478003,0.7823647443519619,0.7773112366230678,0.7770214030915576,0.0036187073447827,0.7751057082452432,0.7753699788583509,0.7852801268498943,0.7859408033826638,0.7872340425531915,0.7817861319778687,0.0053841267887151,13,0.7865613953949324,0.7831587988503849,0.7800204816491031,0.7877836873575369,0.7847846194503171,0.7844617965404549,0.0027192120007803,IRAMDEYR,Random Forest,v_grid_inicial,gini,6.0,sqrt,10.0,200.0,,,
18.57125096321106,0.2487900425508155,0.595377254486084,0.2152056472486403,,,"{'modelo__criterion': 'gini', 'modelo__max_depth': 12, 'modelo__max_features': 'sqrt', 'modelo__min_samples_leaf': 5, 'modelo__n_estimators': 150}",0.8806231774814562,0.8826598861899101,0.8910610773738746,0.8827841005605571,0.8803314630547946,0.8834919409321186,0.0039167232148435,8,0.9422123530356092,0.9446072723678094,0.942460767237928,0.9427888573973272,0.9436775250286648,0.9431493550134676,0.000881654233747,0.4789550261453495,0.4990797144453596,0.4810536182029487,0.4456036746838798,0.4615984434473026,0.473258095384968,0.018224684768821,8,0.7509053062654988,0.7525768250632864,0.752675986408095,0.7526115720361417,0.7500267426052375,0.7517592864756518,0.0010923451146295,0.7761904761904762,0.7988095238095239,0.7976190476190477,0.7761904761904762,0.767580452920143,0.7832779953459333,0.0125997845258,14,0.8892527537957725,0.8955046144685919,0.8940160762131587,0.8874665078892527,0.8964285714285715,0.8925337047590695,0.0035393456837181,0.349597855227882,0.3611410118406889,0.3613807982740021,0.3696145124716553,0.3591745677635248,0.3601817491155507,0.0063932488219025,3,0.414458165672263,0.4091403699673558,0.4078500611163927,0.4214618973561431,0.416309606081548,0.4138440200387405,0.0049505598021534,0.4820702402957486,0.497405485544848,0.4974016332590943,0.500768049155146,0.4893617021276595,0.4934014220764993,0.0067972998476342,1,0.5653984478515994,0.5616655774437495,0.5601566871852266,0.571510736196319,0.5685700802265219,0.5654603057806833,0.0042145121919157,0.7979495781665817,0.8111913255195062,0.8108190362946606,0.8054555234697922,0.7984008090997861,0.8047632545100655,0.0057511515916411,8,0.8662226908098958,0.8670448161522508,0.866003281864011,0.8677076891408213,0.8697548624086971,0.8673466680751352,0.0013482479109148,0.8197086801426873,0.8235731272294887,0.8240190249702735,0.8347205707491082,0.8292211652794292,0.8262485136741974,0.0052059608868287,3,0.843192627824019,0.8385850178359097,0.8379904875148633,0.84794887039239,0.8430811533888228,0.842159631391201,0.0036219109698191,0.8148784355179705,0.8208245243128964,0.8210887949260042,0.8282241014799154,0.8223866790009251,0.8214805070475425,0.0042536646246108,3,0.8483036569654124,0.8449010604208649,0.8442073271447921,0.8523339169502164,0.849002378435518,0.8477496679833607,0.0029514155763292,IRAMDEYR,Random Forest,v_grid_inicial,gini,12.0,sqrt,5.0,150.0,,,
23.98552746772766,0.3178251450969838,1.963407039642334,2.324297649369079,,,"{'modelo__criterion': 'gini', 'modelo__max_depth': 12, 'modelo__max_features': 'sqrt', 'modelo__min_samples_leaf': 5, 'modelo__n_estimators': 200}",0.8814049140762131,0.8822860044731329,0.8915618276145179,0.8830431459147273,0.8810721457938574,0.8838736075744897,0.0039054196511115,6,0.9426835722988872,0.9446433464109943,0.9425197401677712,0.9429297906417848,0.9439131585396496,0.9433379216118174,0.0008123048955732,0.4803192086682653,0.4982549527370193,0.4816635758968042,0.4457231670893314,0.461061711526561,0.4734045231835962,0.0181778499877165,7,0.753719224109512,0.753355359681981,0.7544186992130204,0.7539601078744179,0.7520568840159756,0.7535020549789814,0.0008009057573207,0.7761904761904762,0.794047619047619,0.7988095238095239,0.7821428571428571,0.7699642431466031,0.7842309438674159,0.0107837848718571,13,0.8895504614468592,0.8937183685620721,0.8925275379577255,0.885680261982733,0.8961309523809524,0.8915215164660685,0.0036080590254221,0.348663101604278,0.3587950511027434,0.3617250673854447,0.3707674943566591,0.3594880356149137,0.3598877500128078,0.0070582018463402,4,0.4147695724597446,0.408713410483322,0.4077247382020943,0.421209117938553,0.4170937803019809,0.413902123877139,0.0050875168884763,0.481180811808118,0.4942571322712115,0.4979591836734693,0.503062787136294,0.4901365705614567,0.4933192970901099,0.0074137204386295,2,0.5657483669412099,0.5609118086696562,0.5597460791635549,0.5709076952600268,0.5692409490500048,0.5653109798168906,0.004410895951739,0.7975779967159278,0.8084387916878999,0.8114142743898987,0.8082087650755903,0.7994440716327545,0.8050167799004141,0.0054629194114037,7,0.8664458609255699,0.8661702722715235,0.8653519080989579,0.8668888824776924,0.8698847389728781,0.8669483325493245,0.0015512861470149,0.8189655172413793,0.8228299643281808,0.8240190249702735,0.8342746730083235,0.828923900118906,0.8258026159334125,0.0052968280859707,4,0.8433412604042806,0.838622175980975,0.8381762782401903,0.8480975029726516,0.8436385255648038,0.8423751486325802,0.0036603319171193,0.8142177589852009,0.8196353065539113,0.8212209302325582,0.8284883720930233,0.8223866790009251,0.8211898093731236,0.0045984442764227,4,0.8484688315549536,0.8447358858313238,0.8442073271447921,0.8522678471144,0.8494648520084567,0.8478289487307851,0.0030157131639058,IRAMDEYR,Random Forest,v_grid_inicial,gini,12.0,sqrt,5.0,200.0,,,
16.741424560546875,0.2064280021535647,0.7121231555938721,0.05487981332765,,,"{'modelo__criterion': 'gini', 'modelo__max_depth': 12, 'modelo__max_features': 'sqrt', 'modelo__min_samples_leaf': 10, 'modelo__n_estimators': 150}",0.8817169540229884,0.8831218857935563,0.891811141073552,0.8845231017496178,0.8831377666351569,0.8848621698549743,0.003586020242146,4,0.9284536676095844,0.9303835846709232,0.9273738578876066,0.9283791964477566,0.929606974097234,0.9288394561426208,0.0010470975834764,0.479797386191036,0.5000781183664185,0.4828310799739396,0.4579729777818045,0.4736468693303313,0.478865286328706,0.0136403885929836,3,0.6703757520858633,0.6747929861624457,0.6685685906318252,0.6730105449300775,0.6731960789218472,0.6719887905464118,0.0022210223243331,0.7952380952380952,0.8238095238095238,0.819047619047619,0.8035714285714286,0.8057210965435042,0.8094775526420342,0.0104761345893341,12,0.88240547782078,0.8874665078892527,0.8850848466805596,0.8818100625186067,0.8913690476190477,0.8856271885056494,0.0035098731334968,0.3353413654618474,0.3498483316481294,0.3520982599795291,0.3548895899053628,0.3486333161423414,0.348162172627442,0.0067555774247145,6,0.3822543203507867,0.3789246218380577,0.3785814338469375,0.3844755970924195,0.3800279152391828,0.3808527776734768,0.0022201949535172,0.4717514124293785,0.4911284599006387,0.4924838940586972,0.4923413566739606,0.4866810655147588,0.4868772377154868,0.0078510273917361,7,0.5334293170161073,0.531088544450383,0.5303246521584017,0.5354786224351442,0.5328707410372743,0.5326383754194621,0.0018166935273305,0.7992242794858728,0.8163340127965574,0.815439386218221,0.8105996262952269,0.8089990738365559,0.8101192757264867,0.0061174024637987,4,0.852208981478761,0.8529559055498582,0.8518765493807079,0.8528030693092439,0.8549071754147557,0.8529503362266654,0.0010539035271945,0.8032104637336505,0.808858501783591,0.8118311533888228,0.817627824019025,0.8122770511296076,0.8107609988109393,0.0047165031280461,6,0.822012485136742,0.8184453032104637,0.8186682520808561,0.8237960760998811,0.8184453032104637,0.8202734839476815,0.0022223428884144,0.8023255813953488,0.8105179704016914,0.8126321353065539,0.8160676532769556,0.8115501519756839,0.8106186984712467,0.0045474955519253,6,0.8287139506458326,0.8261041921310825,0.8260381222952661,0.8302335568696112,0.8265393763213531,0.827525839652629,0.0016703792847244,IRAMDEYR,Random Forest,v_grid_inicial,gini,12.0,sqrt,10.0,150.0,,,
23.1857759475708,0.4116774869691905,0.9148191452026369,0.0649778603707124,,,"{'modelo__criterion': 'gini', 'modelo__max_depth': 12, 'modelo__max_features': 'sqrt', 'modelo__min_samples_leaf': 10, 'modelo__n_estimators': 200}",0.882759151520299,0.8829429958665986,0.8923058752335655,0.8842362762584225,0.8828188886322118,0.8850126375022196,0.0036869554665622,3,0.928906191646557,0.9304426460988792,0.927680238353737,0.9284470745001892,0.9295231747388314,0.9289998650676388,0.0009392802458683,0.4806647734320822,0.4991203220702628,0.4835122190767985,0.4588155142331904,0.4717644921719076,0.4787754641968483,0.0133227092541625,4,0.6738150833635185,0.6753067453585925,0.6706662190724372,0.672592003632701,0.6734547460938188,0.6731669595042136,0.0015274715134538,0.8011904761904762,0.8154761904761905,0.8226190476190476,0.805952380952381,0.8057210965435042,0.8101918383563198,0.0077633106296702,11,0.8877642155403394,0.884787139029473,0.8862756772849062,0.880023816612087,0.8904761904761904,0.885865407788599,0.0034733257814455,0.33734335839599,0.3468354430379747,0.3530914665304037,0.3582010582010582,0.3486333161423414,0.3488209284615536,0.0069560950926065,5,0.3844765342960289,0.3792267449279061,0.3788977981417843,0.3864557458491306,0.3810494141619969,0.3820212474753693,0.0029733095841108,0.4747795414462081,0.4866785079928952,0.4941008223096174,0.495970695970696,0.4866810655147588,0.4876421266468351,0.0074616099348598,5,0.5365721997300945,0.5309038942479457,0.530848787446505,0.5370639534883721,0.5337138779878702,0.5338205425801574,0.0026623626647681,0.8023491025423249,0.8118700809693675,0.8172251005039353,0.8128305305475341,0.8089990738365559,0.8106547776799434,0.0049214956943239,3,0.8551856154990638,0.8520063816431551,0.8524719646828811,0.8528203209100863,0.8549438027291772,0.8534856170928726,0.0013171596460406,0.8035077288941737,0.8082639714625446,0.8118311533888228,0.8197086801426873,0.8122770511296076,0.8111177170035673,0.0053237858219005,5,0.8226070154577884,0.8192256242568371,0.8186682520808561,0.8256168252080857,0.8194114149821641,0.8211058263971462,0.0026438849274191,0.8032505285412262,0.8090644820295984,0.8130285412262156,0.8181818181818182,0.8115501519756839,0.8110151043909084,0.0048948045127558,5,0.8298371378547125,0.8265006111459813,0.826170261966899,0.831654058339665,0.827299154334038,0.828292244728259,0.0021160092529923,IRAMDEYR,Random Forest,v_grid_inicial,gini,12.0,sqrt,10.0,200.0,,,
5.824182748794556,0.1495033833750826,0.5457561492919922,0.0385556730570362,,,"{'modelo__criterion': 'entropy', 'modelo__max_depth': 6, 'modelo__max_features': 'sqrt', 'modelo__min_samples_leaf': 5, 'modelo__n_estimators': 150}",0.8702964866089123,0.8717121234641301,0.882161259271842,0.8723325760149483,0.868851854948774,0.8730708600617213,0.0047015686419203,13,0.882879783455738,0.8837239171724924,0.8812783326707775,0.881034824582581,0.8828235202653445,0.8823480756293867,0.0010267111644109,0.4526174393545821,0.4761135533400391,0.4710133160511708,0.4425361858578554,0.4415256172662598,0.4567612223739815,0.014347690773073,12,0.4976941878068039,0.4964949744571815,0.4946941196972486,0.5008137172112691,0.4986935618391968,0.49767811220234,0.0020575442331348,0.8226190476190476,0.8464285714285714,0.8404761904761905,0.8333333333333334,0.8140643623361145,0.8313843010386515,0.0117439447901008,7,0.8389401607621316,0.8469782673414706,0.8442988984816909,0.8398332837153915,0.8443452380952381,0.8428791696791846,0.0030252537305564,0.3139482053611994,0.316,0.3244485294117647,0.3141831238779174,0.3212605832549388,0.3179680883811641,0.0041760130772313,9,0.3295135640785781,0.32303849210855,0.3224192814915871,0.3170375365250618,0.3215824076173203,0.3227182563642194,0.0039982214572498,0.4544557711279184,0.4601941747572815,0.4681697612732095,0.4563233376792698,0.46070826306914,0.4599702615813639,0.0047230548887704,9,0.4731760557467886,0.4676968601019234,0.4666392431098313,0.4603083952027413,0.4657691676243638,0.4667179443571297,0.0041147094744133,0.7990919257120208,0.8088415152029896,0.8109931487458242,0.8031113753468093,0.7997937745093177,0.8043663479033922,0.0047800528193619,12,0.8129376784785688,0.8127207032307828,0.8114181769459584,0.8070116180764828,0.8109768699394145,0.8110130093342416,0.0021352830541415,0.775564803804994,0.7712544589774079,0.7815101070154578,0.7728894173602854,0.7855231866825209,0.7773483947681332,0.0053730215213051,10,0.786935196195006,0.7784631391200951,0.7785374554102259,0.7741899524375743,0.777608501783591,0.7791468489892985,0.0042055798046384,0.7807875264270613,0.7795983086680761,0.7880549682875264,0.7795983086680761,0.788687723007797,0.7833453670117073,0.0041314538042622,10,0.792705890125863,0.786065871626309,0.7858346272009514,0.7814740180370652,0.7850158562367865,0.786219252645395,0.0036390477511811,IRAMDEYR,Random Forest,v_grid_inicial,entropy,6.0,sqrt,5.0,150.0,,,
9.243109369277954,2.152875605730927,1.7518864631652833,2.191127689682992,,,"{'modelo__criterion': 'entropy', 'modelo__max_depth': 6, 'modelo__max_features': 'sqrt', 'modelo__min_samples_leaf': 5, 'modelo__n_estimators': 200}",0.8717317641979503,0.8702997600645489,0.8825783152143141,0.8706496659305815,0.8701831706110695,0.8730885352036928,0.004776258907055,12,0.8842592588495457,0.8828745952538817,0.881315750779049,0.8794757920492587,0.8838759970768926,0.8823602788017256,0.0017651827746704,0.4569570710727609,0.4743334467376349,0.4722855619237394,0.4403734742394093,0.4440233171147901,0.4575945742176669,0.0139797474018167,10,0.5010804862916644,0.4951981782728319,0.4959071781424393,0.4971968611923257,0.5017959267029344,0.4982357261204392,0.002701694341357,0.8333333333333334,0.8428571428571429,0.8428571428571429,0.8285714285714286,0.8200238379022646,0.8335285771042624,0.0087296471936987,5,0.8505507591545103,0.8472759749925574,0.8419172372729979,0.8338791306936588,0.8476190476190476,0.8442484299465545,0.0058856311848857,0.3119429590017825,0.3117569352708058,0.3253676470588235,0.3157894736842105,0.3191094619666048,0.3167932953964455,0.0050750857824736,12,0.3270375457875458,0.3198112147432296,0.3220589910033026,0.3170345217883418,0.3198203256597417,0.3211525197964323,0.0033462507085746,0.4539559014267185,0.455159112825458,0.4694960212201591,0.457293035479632,0.459432387312187,0.459067291652831,0.0055396724088596,12,0.4724266225713104,0.4643498123674335,0.4658978583196046,0.4594062653764146,0.4644109253974725,0.4652982968064471,0.0041851066256209,0.8019223147047166,0.8052722099541363,0.8123322575165619,0.8022167487684729,0.8009156050391228,0.8045318271966021,0.0041627175275327,11,0.8160490121575168,0.8111788614558506,0.8103573998493409,0.8048334416845226,0.811276081478965,0.8107389593252392,0.0035692968890968,0.7705112960760999,0.7676872770511296,0.781807372175981,0.7758620689655172,0.781807372175981,0.7755350772889418,0.0057552868929986,12,0.7815472651605232,0.7750817479191439,0.7787975624256838,0.7757877526753865,0.7749331153388823,0.7772294887039239,0.002571644322697,0.7774841437632135,0.7760306553911205,0.7885835095137421,0.7817124735729387,0.786044667635787,0.7819710899753604,0.004812617975926,12,0.7892041888275908,0.7830927290145684,0.7858015922830431,0.7822338211489545,0.7830007928118393,0.7846666248171992,0.0025709265354253,IRAMDEYR,Random Forest,v_grid_inicial,entropy,6.0,sqrt,5.0,200.0,,,
5.314803409576416,0.1516018387395909,0.7989011287689209,0.0953291260615705,,,"{'modelo__criterion': 'entropy', 'modelo__max_depth': 6, 'modelo__max_features': 'sqrt', 'modelo__min_samples_leaf': 10, 'modelo__n_estimators': 150}",0.8707929902044053,0.8725015571032219,0.883232740926335,0.8736478858784894,0.8699828089325523,0.8740315966090009,0.0047755746178907,9,0.8818273749619016,0.883469391069266,0.881681696006151,0.881247076243602,0.8824335532741634,0.8821318183110167,0.0007691825842551,0.4536378445459016,0.475832794074306,0.4738355523388428,0.4416660569156819,0.4428207959551555,0.4575586087659776,0.0147243571240849,11,0.4904373324725664,0.493302071780262,0.4953510329324143,0.492902556251848,0.4949337130077017,0.4933853412889585,0.0017431104268644,0.8285714285714286,0.8476190476190476,0.8654761904761905,0.825,0.8259833134684148,0.8385299960270164,0.0158010212051006,2,0.8484668055969038,0.85233700506103,0.8550163739208098,0.832092884787139,0.8511904761904762,0.8478207091112717,0.0081401689167319,0.308237378210806,0.3107813182016586,0.3177447552447552,0.3264248704663212,0.3173076923076923,0.3160992028862467,0.006338389148143,15,0.3243796949692692,0.320102862254025,0.3142919676077916,0.3264424199953282,0.3185564713744709,0.320754683240177,0.0043015057545364,0.4493221433182698,0.4548067709996806,0.4648337595907928,0.4677691528855889,0.4584849487264307,0.4590433551041526,0.0066697938826376,13,0.4693289419514203,0.4654149394456636,0.4596303112747059,0.4689203925845147,0.4636083644026584,0.4653805899317926,0.0035868469256571,0.7982036691014099,0.8064641016929959,0.8167303663439216,0.8062277051129607,0.8021860681491896,0.8059623820800954,0.0061762412190283,6,0.8139480282443496,0.8131891624591714,0.8110917184705119,0.8089009310974935,0.8119284723401845,0.8118116625223422,0.0017587430723698,0.7678359096313913,0.7653091557669441,0.7679845422116528,0.7874554102259215,0.7783888228299644,0.7733947681331748,0.0083449483890141,15,0.7794292508917955,0.7740413198573127,0.767167063020214,0.7857089774078478,0.772666468489893,0.7758026159334127,0.0063055346728944,0.7745771670190275,0.7744450317124736,0.7788054968287527,0.791622621564482,0.7836659178009779,0.7806232469851426,0.0064540487970468,15,0.7870899540814641,0.7827293449175778,0.7769151993657296,0.7908559347230022,0.7813821353065539,0.7837945136788654,0.0047958881123268,IRAMDEYR,Random Forest,v_grid_inicial,entropy,6.0,sqrt,10.0,150.0,,,
8.964464235305787,0.1754596097674872,3.904858922958374,2.750484395122584,,,"{'modelo__criterion': 'entropy', 'modelo__max_depth': 6, 'modelo__max_features': 'sqrt', 'modelo__min_samples_leaf': 10, 'modelo__n_estimators': 200}",0.871572249589491,0.8725272139176716,0.8825919398675046,0.872483066502463,0.8708501571005628,0.8740049253955385,0.0043383632355145,10,0.8828815589491238,0.8833970659866708,0.8810025061780533,0.8802478883022841,0.8833468142198915,0.8821751667272046,0.0013003323043969,0.4548861410020273,0.4767256562727057,0.4727832330738808,0.4410654786682631,0.4451017702782633,0.458112455859028,0.0143664150845508,9,0.4936508420909947,0.4925329984671613,0.4943311391267883,0.4913906455970148,0.4968479329358611,0.4937507116435641,0.0018434959641035,0.8357142857142857,0.8488095238095238,0.8571428571428571,0.8285714285714286,0.8307508939213349,0.8401977978318861,0.0110074083775483,1,0.8538255433164632,0.85233700506103,0.8505507591545103,0.8332837153914856,0.8589285714285714,0.8497851188704122,0.0087100218063605,0.3058823529411765,0.3097306689834926,0.319290465631929,0.3235704323570432,0.3169622555707139,0.3150872350968711,0.0064275989372453,16,0.3218493996184491,0.3182171835056129,0.3156906077348066,0.3233595194085027,0.3183673469387755,0.3194968114412294,0.0027515634952779,0.4478468899521531,0.4538510502864417,0.4652665589660743,0.4653961885656971,0.4588545095457538,0.458243039463224,0.0067563415771624,16,0.467481662591687,0.4634185820653933,0.4604722378918527,0.4659176029962547,0.4645472837022132,0.4643674738494802,0.0023751489326107,0.7994712926787837,0.806316176886926,0.8144959232206557,0.8061555121454052,0.8037523791842109,0.8060382568231963,0.0048984357486352,5,0.8146394363431305,0.8122044716149384,0.8102151833822492,0.8078242298717238,0.8146641965347375,0.8119095035493558,0.0026339344909002,0.7632282996432818,0.7638228299643282,0.7718489892984542,0.7837395957193817,0.7767538644470868,0.7718787158145066,0.0077996849518409,16,0.7754533293697978,0.7720719381688466,0.7698796076099881,0.7823647443519619,0.7703998216409037,0.7740338882282995,0.0045985152464775,0.7712737843551797,0.7732558139534884,0.781316067653277,0.788715644820296,0.7827408484207744,0.7794604318406032,0.0064090867474845,16,0.7841498463876317,0.7809784942684418,0.7788312246044069,0.7880149317828945,0.7802259513742071,0.7824400896835164,0.0032883037934351,IRAMDEYR,Random Forest,v_grid_inicial,entropy,6.0,sqrt,10.0,200.0,,,
19.429404640197752,2.354644733582883,-0.5249416828155518,2.3961377305294485,,,"{'modelo__criterion': 'entropy', 'modelo__max_depth': 12, 'modelo__max_features': 'sqrt', 'modelo__min_samples_leaf': 5, 'modelo__n_estimators': 150}",0.8814472035841685,0.8809033675896041,0.8903292388596341,0.8843118311533888,0.8808145632292563,0.8835612408832103,0.0036179238423133,7,0.942288721375728,0.9438638439721634,0.941219160841426,0.94239528416567,0.942635344119812,0.9424804708949598,0.0008452969294426,0.477897000365781,0.4956339388924729,0.4802955990865623,0.452044157241511,0.465759162358952,0.4743259715890559,0.0146443684779516,6,0.753048986657016,0.7536141359530815,0.7498898201114907,0.7572868205534042,0.7499050157524264,0.7527489558054838,0.0027456665351836,0.763095238095238,0.7916666666666666,0.7928571428571428,0.775,0.7747318235995232,0.7794701742437141,0.0113007815176048,16,0.8859779696338196,0.8937183685620721,0.8868710925870795,0.8880619231914261,0.8886904761904761,0.8886639660329747,0.0026958900254619,0.3493188010899182,0.3618063112078346,0.3637356635718187,0.364501679731243,0.3645541222658441,0.3607833155733317,0.0058179581682221,1,0.4152944459949763,0.412532637075718,0.4078587075575027,0.414133000138831,0.4152990264255911,0.4130235634385238,0.0027742470743651,0.4792523364485981,0.49663928304705,0.4986896293523025,0.4958111195734958,0.4958047292143402,0.4932394195271573,0.0070724367379003,3,0.5655106888361046,0.5644979315532155,0.5587545718840852,0.5648551410717667,0.5660663507109005,0.5639369368112145,0.0026467270125424,0.7928139686314478,0.8086603250099088,0.8098500934261933,0.8031510107015458,0.803165555081569,0.803528190570133,0.0060228495005542,16,0.8651426709049003,0.8674336492037471,0.8630810575896158,0.8656272755077226,0.8662388171677708,0.8655046940747514,0.0014338692688443,0.8225326991676576,0.825653983353151,0.8268430439952438,0.8313020214030915,0.8315992865636147,0.8275862068965516,0.0034564665526155,1,0.844307372175981,0.8411489298454221,0.8392910225921522,0.843192627824019,0.8437871581450654,0.842345422116528,0.0018658273517075,0.8159355179704016,0.8218816067653277,0.8230708245243129,0.8250528541226215,0.8252940399101362,0.82224696865856,0.0034001257047124,1,0.8489313204056688,0.8469822602490833,0.8445707112417825,0.8481715172937795,0.8487711416490487,0.8474853901678726,0.0016101636261075,IRAMDEYR,Random Forest,v_grid_inicial,entropy,12.0,sqrt,5.0,150.0,,,
23.191289806365965,2.2001682749179263,1.7174928188323977,2.185189231486683,,,"{'modelo__criterion': 'entropy', 'modelo__max_depth': 12, 'modelo__max_features': 'sqrt', 'modelo__min_samples_leaf': 5, 'modelo__n_estimators': 200}",0.8820734068002944,0.8812629168789989,0.8905311314478229,0.8842828124115283,0.8816564011570311,0.8839613337391352,0.0034474345927194,5,0.9425956660173264,0.9439977969279828,0.9414516121966684,0.9424166564598844,0.9433106491704888,0.94275447615447,0.000859298815063,0.4798061116786195,0.4971912516797878,0.4807305547098738,0.4535593100597243,0.4703546285560567,0.4763283713368125,0.0142888027965314,5,0.7551216446505998,0.7566283234763376,0.751578485868608,0.7561185229187678,0.7536377771259413,0.7546169508080508,0.001830087701564,0.7702380952380953,0.7904761904761904,0.7904761904761904,0.7738095238095238,0.7771156138259833,0.7804231227651967,0.0084916716029403,15,0.8898481690979458,0.8907412920512057,0.8874665078892527,0.8853825543316464,0.8919642857142858,0.8890805618168672,0.0023640447883976,0.3497297297297297,0.3598915989159891,0.363039912520503,0.3672316384180791,0.3626251390433815,0.3605036037255365,0.0058762426089598,2,0.4147932278656675,0.4084084084084084,0.4094217827221535,0.4171107994389902,0.4138931086866455,0.412725465424373,0.003299135868598,0.4810408921933085,0.4945996275605214,0.4975646309479206,0.4980842911877394,0.4945013272658324,0.4931581538310644,0.0062352844493995,4,0.5658305726455277,0.5600374356574638,0.5603383458646617,0.5670702640861855,0.5654183567587964,0.5637389950025271,0.0029515508735832,0.7957165505916992,0.8074705565936244,0.8086596172357171,0.8036705169582696,0.8033913384230986,0.8037817159604819,0.0045301902461875,15,0.8665761356785806,0.8648489456688846,0.86384324205402,0.8654766517199255,0.8671325590283676,0.8655755068299555,0.0011801757791772,0.8211950059453033,0.8244649227110583,0.8268430439952438,0.8335315101070154,0.829667063020214,0.827140309155767,0.0042385050232193,2,0.8433041022592153,0.8389565992865636,0.8402199762187872,0.8455707491082045,0.8423008323424495,0.8420704518430441,0.0023215248113162,0.8155391120507399,0.8206923890063424,0.822806553911205,0.8269027484143763,0.8238403594555306,0.8219562325676388,0.0037820030622637,2,0.8484688315549536,0.8447028509134155,0.8454626540253047,0.8499884377787321,0.8478131606765328,0.8472871869897878,0.0019481992463006,IRAMDEYR,Random Forest,v_grid_inicial,entropy,12.0,sqrt,5.0,200.0,,,
16.844044542312623,0.0737815195208148,0.5655091285705567,0.1651057598311127,,,"{'modelo__criterion': 'entropy', 'modelo__max_depth': 12, 'modelo__max_features': 'sqrt', 'modelo__min_samples_leaf': 10, 'modelo__n_estimators': 150}",0.883041553422796,0.8828062185040484,0.8926548079100844,0.885298822263745,0.8826560836962638,0.8852914971593876,0.0038053294155068,2,0.9285971119879898,0.9298496700259372,0.9274379526457218,0.9273933274723982,0.9291597824567552,0.9284875689177604,0.0009610669918809,0.4854714198568119,0.5019578302037971,0.4920463982031999,0.4577315944407369,0.4737153769512205,0.4821845239311533,0.015288663127733,2,0.6728304015387907,0.6722641053768744,0.6681617433370209,0.6700468346084796,0.6717731343159313,0.6710152438354193,0.0017034748101141,0.8071428571428572,0.8333333333333334,0.8154761904761905,0.8107142857142857,0.8092967818831943,0.8151926897099722,0.0094739744517627,9,0.8838940160762132,0.8880619231914261,0.8815123548675201,0.8812146472164335,0.8913690476190477,0.8852103977941281,0.0039353416560918,0.3325159391858754,0.344149459193707,0.3567708333333333,0.3539501039501039,0.3483837865572088,0.3471540244440457,0.0085262298478251,8,0.3787956111252871,0.3749842866121936,0.3817197370117313,0.3824783563767929,0.3791139240506329,0.3794183830353276,0.0026382349474652,0.4709968739145536,0.4871259568545581,0.4963768115942029,0.4927641099855282,0.4870875179340028,0.4868702540565691,0.0086854931762558,8,0.5303206215950701,0.5273112957397914,0.5327455919395466,0.5334294467471616,0.5319715808170515,0.5311557073677242,0.0021835815631807,0.8024269577034143,0.8175287356321839,0.8159574769265614,0.8129819942245626,0.8102667024754854,0.8118323733924415,0.0053235292747353,1,0.8514855038763944,0.8516558129631328,0.8516509455669348,0.8518179359744474,0.8545541730366344,0.8522328742835088,0.0011654016497042,0.7977110582639715,0.8017241379310345,0.8164387633769322,0.8152497027348394,0.8112366230677764,0.8084720570749108,0.0074616516040948,8,0.8190769916765755,0.8152497027348394,0.8217895362663495,0.8224212247324614,0.8177392984542212,0.8192553507728894,0.0026389504295484,0.7987579281183932,0.8052325581395349,0.8163319238900634,0.8147463002114165,0.8110215409012819,0.809218050252138,0.0064764129995339,8,0.8262693667206237,0.8233292590267913,0.8284166363846586,0.8289451950711902,0.825911733615222,0.826574438163697,0.0020038770488379,IRAMDEYR,Random Forest,v_grid_inicial,entropy,12.0,sqrt,10.0,150.0,,,
18.10381598472595,0.214152295581289,0.5205499649047851,0.068550705905048,,,"{'modelo__criterion': 'entropy', 'modelo__max_depth': 12, 'modelo__max_features': 'sqrt', 'modelo__min_samples_leaf': 10, 'modelo__n_estimators': 200}",0.8832505237529018,0.8829130924069986,0.8932503998924184,0.8847189782571768,0.8825799072844491,0.8853425803187889,0.0040207950562892,1,0.9286212387859616,0.929991067885486,0.9278499777338748,0.9275181208735542,0.9292118868021348,0.9286384584162024,0.0008983904498296,0.4880449337134125,0.5030156242830983,0.4936268734734375,0.4568713933472383,0.472344304577138,0.482780625878865,0.0163402222565652,1,0.6740210690724446,0.6739820940436556,0.6699830634050385,0.6709867175145167,0.6720397625436136,0.6722025413158539,0.0016065277933297,0.8035714285714286,0.8238095238095238,0.8226190476190476,0.8083333333333333,0.8033373063170441,0.8123341279300756,0.009068608936223,10,0.8859779696338196,0.8865733849359928,0.8815123548675201,0.8797261089610003,0.8910714285714286,0.8849722493939524,0.0040066932610349,0.3356539035305818,0.3441074092491298,0.3574754267977237,0.3547544409613375,0.347781217750258,0.3479544796578061,0.007784883449997,7,0.3804167199284162,0.3761050770396564,0.3813264649066323,0.3836665801090625,0.3817416804794084,0.3806513044926352,0.0025083804493006,0.4735180638372501,0.4854437039635215,0.4983772087991345,0.4931009440813362,0.4854159164566078,0.48717116742757,0.0084048782028469,6,0.5322840279019854,0.528154651059679,0.5323624595469255,0.5343097369134798,0.5344996875836829,0.5323221126011506,0.0022831249300685,0.80249915067097,0.813881575222241,0.8190086914670743,0.8123860483551328,0.8077328624331951,0.8111016656297225,0.0056080423057061,2,0.852936220250917,0.8515060741564625,0.8515023129866732,0.8516681971677772,0.8554457915746561,0.8526117192272972,0.0015153041998616,0.8014268727705113,0.8039536266349584,0.8153983353151011,0.8164387633769322,0.812128418549346,0.8098692033293698,0.0060844303930086,7,0.8198944708680143,0.8164387633769322,0.8214922711058263,0.823610285374554,0.8198201545778835,0.8202511890606422,0.0023525067854144,0.8016649048625792,0.8061575052854123,0.8161997885835095,0.8155391120507399,0.8111536936698824,0.8101430008904249,0.0055603323674574,7,0.8272273793399624,0.8242212018103136,0.8281523570413928,0.8298371378547125,0.8277285940803383,0.8274333340253438,0.0018298992402335,IRAMDEYR,Random Forest,v_grid_inicial,entropy,12.0,sqrt,10.0,200.0,,,
-0.3141403198242187,2.51367820640878,0.1939177989959716,0.0091982533428898,,,"{'modelo__colsample_bytree': 0.8, 'modelo__learning_rate': 0.03, 'modelo__max_depth': 3, 'modelo__n_estimators': 150, 'modelo__subsample': 0.8}",0.8896929498612763,0.893859262640847,0.8992355154011664,0.8913615275182606,0.8869061960121826,0.8922110902867466,0.0041776479425916,7,0.8981995147471485,0.8970622918745634,0.8954112268351766,0.8975866874413037,0.8985395687797265,0.8973598579355839,0.0010985355331354,0.5182273841477243,0.5236143810071212,0.5226927438488376,0.5031433548980846,0.5085828611618559,0.5152521450127248,0.0080652798451168,6,0.5337712630599086,0.5293942551328047,0.530958130926311,0.53786138027158,0.5328950282772208,0.5329760115335651,0.0028777293842143,0.8583333333333333,0.8761904761904762,0.8761904761904762,0.8678571428571429,0.8581644815256257,0.867347182019411,0.0080279414564641,2,0.8758559094968741,0.8740696635903543,0.8713902947305746,0.8731765406370944,0.8732142857142857,0.8735413388338367,0.0014493720436158,0.3106419646704006,0.3184768498485504,0.3318304779080252,0.3238560639715682,0.3235955056179775,0.3216801724033044,0.0069790402294838,23,0.3257668032333075,0.3219651277552363,0.320591456736035,0.3222368710173588,0.3286658451887532,0.3238452207861382,0.0029542991727202,0.4561847516608668,0.4671532846715328,0.4813603662524526,0.4716920090585571,0.4699738903394256,0.469272860396567,0.0081023788183141,24,0.4748991121872478,0.4705882352941176,0.468732484586436,0.4707487360564962,0.4775779278912672,0.4725092992031129,0.0032390307396482,0.810260602457392,0.8210470811392334,0.8279584961213975,0.8208191778494989,0.8172362241159639,0.8194643163366973,0.0057648005771238,13,0.8247999820968318,0.8221604263254982,0.8204491604449544,0.821973971864326,0.8252627611686767,0.8229292603800575,0.0018220539680225,0.7621878715814506,0.7659036860879905,0.7797265160523187,0.773781212841855,0.776307966706302,0.7715814506539834,0.006542130177212,23,0.7737440546967895,0.770251189060642,0.7695080261593341,0.7707714030915577,0.7773112366230678,0.7723171819262783,0.0028818626985835,0.7728594080338267,0.7781448202959831,0.7904334038054969,0.784223044397463,0.7853839037927844,0.7822089160651109,0.0060944176661845,23,0.7850748240890622,0.7817713322982393,0.7808133196789006,0.7821347163952298,0.787955866807611,0.7835500118538086,0.0026227030515634,IRAMDEYR,XGBoost,v_grid_inicial,,3.0,,,150.0,0.8,0.03,0.8
0.7339040756225585,0.0337634891990445,1.2944011688232422,2.187652019611633,,,"{'modelo__colsample_bytree': 0.8, 'modelo__learning_rate': 0.03, 'modelo__max_depth': 3, 'modelo__n_estimators': 150, 'modelo__subsample': 1.0}",0.8890741782741635,0.8942137690391259,0.8985233176207463,0.8910808065794689,0.8868956553226407,0.8919575453672289,0.0040719803059819,8,0.8982119597942454,0.896593450998064,0.8949393217115252,0.8974890850852715,0.8982621821209162,0.8970991999420045,0.0012380329904296,0.5144225924218035,0.5216791491322704,0.5163270453603922,0.5016379049817494,0.5058357496121823,0.5119804883016796,0.0072615052984475,10,0.5331354973295377,0.5290712270505776,0.5288113199325712,0.5369640978603609,0.5315714934426679,0.5319107271231431,0.0029940201385855,0.8607142857142858,0.8773809523809524,0.8761904761904762,0.8714285714285714,0.8569725864123957,0.8685373744253363,0.0082472164584347,1,0.8758559094968741,0.8713902947305746,0.8710925870794879,0.8749627865436141,0.8711309523809524,0.8728865060463008,0.0020816848843432,0.3116379310344828,0.3208532868959512,0.3303411131059246,0.3207712532865907,0.3240198287516899,0.3215246826149279,0.0060451879313064,24,0.3260195035460992,0.3231040953747654,0.319606772255598,0.3194565217391304,0.328581050740907,0.3233535887313,0.0035699151990111,0.4575949367088607,0.4698756773987886,0.4797913950456323,0.4689301729660474,0.4702419882275997,0.4692868340693857,0.0070488655579164,23,0.475167568440604,0.4714124657754872,0.4676362474029087,0.4680308941794729,0.4771763938702315,0.4718847139337409,0.0037921873146892,0.8116740275182606,0.8227570635864334,0.8272153332200894,0.8205240360115509,0.8170118580100029,0.8198364636692673,0.0052546005842439,10,0.8249300356045607,0.8217682745947761,0.8198172507335608,0.8211578201445776,0.8244440433724025,0.8224234848899755,0.0019590363611957,0.7626337693222355,0.7681331747919143,0.7782401902497027,0.7696195005945303,0.77705112960761,0.7711355529131987,0.005814859113588,24,0.7740041617122473,0.7721462544589774,0.7685419143876338,0.7673528537455411,0.7777571343638525,0.7719604637336503,0.0037610945069238,0.7735200845665962,0.7802589852008457,0.7891120507399577,0.7809196617336153,0.7859125148671865,0.7819446594216403,0.0053288076428783,24,0.7853060685144198,0.7831587988503849,0.7799213768953784,0.7792937134551221,0.7881210359408034,0.7831601987312217,0.003306186328104,IRAMDEYR,XGBoost,v_grid_inicial,,3.0,,,150.0,0.8,0.03,1.0
0.7158717632293701,0.3050733987673956,0.2196096420288086,0.0090685135365857,,,"{'modelo__colsample_bytree': 0.8, 'modelo__learning_rate': 0.03, 'modelo__max_depth': 3, 'modelo__n_estimators': 200, 'modelo__subsample': 0.8}",0.8902071478115623,0.8941702409263349,0.9000493672498727,0.8919176610894061,0.8875986927419115,0.8927886219638175,0.0042186547627999,3,0.9002571345850978,0.8993258357584767,0.8974828017192705,0.8996075860936189,0.9008640872278608,0.8995074890768648,0.0011440894342791,0.5194258647027271,0.523588629323217,0.5245868910817105,0.503835072757967,0.5131081634774433,0.5169089242686129,0.0076847381095587,3,0.5422895988572386,0.5383489002404617,0.5392640087500576,0.5463994367299635,0.5413083319979485,0.541522055315134,0.0028139416351101,0.8511904761904762,0.8761904761904762,0.875,0.8654761904761905,0.8557806912991657,0.8647275668312616,0.0100078071159387,3,0.8773444477523072,0.8752604941947008,0.8696040488240547,0.8728788329860078,0.874702380952381,0.8739580409418902,0.0026015424189056,0.3155339805825243,0.3265306122448979,0.3353102189781022,0.3297052154195011,0.3254759746146872,0.3265112003679425,0.0064683210194001,21,0.3332956344718389,0.3279054204773589,0.3261500669941938,0.3282212022836673,0.3314910895556057,0.3294126827565329,0.0025974301050821,0.4603992273019961,0.4757595345830639,0.4848284960422163,0.477504105090312,0.4715927750410509,0.4740168276117279,0.0080424545396591,21,0.4830751577739529,0.477079107505071,0.4743808363784003,0.4770582492678165,0.4807786684115819,0.4784744038673645,0.0030720095108538,0.8103306721023724,0.8252831096766887,0.8292211652794292,0.8228986184247777,0.8173077059349574,0.8210082542836451,0.0065879373336575,5,0.829148591295892,0.8256727560153052,0.8226773216771879,0.8249464022242762,0.8272330275748825,0.8259356197575087,0.0021758036770943,0.7694708680142688,0.7743757431629013,0.7834423305588585,0.7803210463733651,0.7788347205707491,0.7772889417360285,0.004879678009621,21,0.7809527348394768,0.7760850178359097,0.775750594530321,0.7770139714625446,0.779763674197384,0.7779131985731272,0.0020731980706495,0.7785412262156448,0.7856765327695561,0.7936046511627907,0.7897727272727273,0.787366195321792,0.7869922665485023,0.0049949104684343,21,0.7916487727527997,0.7870899540814641,0.7861649763800337,0.787651547685904,0.7903012684989429,0.7885713038798289,0.0020637031261855,IRAMDEYR,XGBoost,v_grid_inicial,,3.0,,,200.0,0.8,0.03,0.8
0.8155948638916015,0.0411634097373573,1.3179023265838623,2.2327104287223274,,,"{'modelo__colsample_bytree': 0.8, 'modelo__learning_rate': 0.03, 'modelo__max_depth': 3, 'modelo__n_estimators': 200, 'modelo__subsample': 1.0}",0.8896234110469396,0.8944403452522507,0.8996020539607045,0.8914650394937998,0.8875913408323992,0.8925444381172187,0.0041865278813191,6,0.9001062895520191,0.8986936163036887,0.896980823830701,0.8994945352857905,0.9005522021066897,0.8991654934157778,0.0012579170179715,0.5170798141384175,0.5252626742229358,0.5209589276033099,0.5022430455321328,0.5086390171708222,0.5148366957335236,0.008345364889195,7,0.5413893679169977,0.5366954218738609,0.5373778887731522,0.544748795061323,0.541091831301556,0.5402606609853781,0.0029369874519824,0.8488095238095238,0.8726190476190476,0.8761904761904762,0.8702380952380953,0.8545887961859356,0.8644891878086158,0.0107697198141113,4,0.8767490324501339,0.8728788329860078,0.8704971717773147,0.8749627865436141,0.8729166666666667,0.8736008980847474,0.0021160414829902,0.3154867256637168,0.3254884547069271,0.3351548269581056,0.3286870503597122,0.3268003646308113,0.3263234844638546,0.0063551409846797,22,0.3326931766832354,0.3280742978628175,0.3265579629215993,0.3271007234279354,0.332163080407701,0.3293178482606578,0.0025910312669445,0.46,0.4741267787839586,0.4848484848484848,0.477154046997389,0.4727992087042532,0.4737857038668172,0.0080605954420509,22,0.482351977725002,0.4769030579050097,0.4749451798911719,0.4761827608554763,0.481214109926169,0.4783194172605657,0.0029188231111229,0.8094374610724194,0.8234230791008437,0.8295934545042749,0.8241648264537682,0.8175292375697811,0.8208296117402174,0.0068604407530702,6,0.828627934774413,0.8248720859341454,0.8232167785164813,0.8251523207391078,0.8268975426080063,0.8257533325144308,0.0018517273970641,0.7700653983353151,0.7742271105826397,0.7829964328180737,0.7780915576694412,0.7804696789536266,0.7771700356718193,0.0045786555242545,22,0.7805068370986921,0.776865338882283,0.775936385255648,0.7753418549346016,0.780878418549346,0.7779057669441141,0.0023296704957722,0.7788054968287527,0.7851479915433404,0.7933403805496829,0.7883192389006343,0.788687723007797,0.7868601661660415,0.0048014846825604,22,0.7911862839020845,0.7875194080142711,0.7864292557232996,0.7863962208053913,0.7910940803382663,0.7885250497566625,0.0021733690875718,IRAMDEYR,XGBoost,v_grid_inicial,,3.0,,,200.0,0.8,0.03,1.0
1.8968783378601075,2.241937808578469,0.1940750122070312,0.0090693404084617,,,"{'modelo__colsample_bytree': 0.8, 'modelo__learning_rate': 0.03, 'modelo__max_depth': 5, 'modelo__n_estimators': 150, 'modelo__subsample': 0.8}",0.8892756285034822,0.892790346667799,0.8984370576411302,0.8906188069758223,0.8861813685960439,0.8914606416768555,0.0040937070623821,10,0.9129209434854592,0.9138265778594008,0.9113933001264816,0.9129734615842082,0.9140358202306637,0.9130300206572424,0.0009316745152857,0.5144324547411452,0.5208694020804642,0.5232928883716952,0.4937517477765114,0.5105807697499869,0.5125854525439605,0.0104442482488371,8,0.6028442478952729,0.6020068800397226,0.6005865243361124,0.6060970731563005,0.6034786259259673,0.6030026702706752,0.0018251750608949,0.8380952380952381,0.8666666666666667,0.8678571428571429,0.8595238095238096,0.8414779499404053,0.8547241614166525,0.0125707475069572,9,0.885680261982733,0.8853825543316464,0.8841917237272998,0.8832986007740399,0.8913690476190477,0.8859844376869533,0.0028240521885102,0.3238270469181232,0.329859537834164,0.3419324577861163,0.340726757904672,0.3297524521251752,0.3332196505136501,0.0069828718466554,15,0.3490554968907661,0.3421537045559135,0.340713548239073,0.3471393471393471,0.3466034023839833,0.3451330998418166,0.0031616846469226,0.4671532846715328,0.4778470626846078,0.490578734858681,0.4880027036160865,0.4738255033557047,0.4794814578373225,0.0087453542996258,17,0.5007574482410369,0.4935689984233674,0.4918847300430606,0.4984041659667395,0.4991250729105908,0.496748083116959,0.0034125205403913,0.809802672555348,0.8234195402298851,0.8296628163750637,0.8259420474491819,0.8140950986325094,0.8205844350483975,0.0074500567664226,7,0.8397634365799516,0.8364561404238493,0.8353219320182278,0.8379780756545585,0.8407870802899043,0.8380613329932982,0.0020206309715699,0.7815101070154578,0.7801724137931034,0.7914684898929846,0.792360285374554,0.7867122473246135,0.7864447086801427,0.004979879094262,15,0.79384661117717,0.7875297265160524,0.7864521403091558,0.7926575505350772,0.790205112960761,0.7901382282996433,0.0028458772945716,0.7877906976744186,0.7897727272727273,0.7999471458773785,0.7998150105708245,0.7927844588344126,0.7940220080459524,0.0050414934426544,15,0.8040368669683856,0.7983878960060784,0.7972977437151069,0.8027154702520565,0.8014336680761099,0.8007743290035474,0.0025545496296017,IRAMDEYR,XGBoost,v_grid_inicial,,5.0,,,150.0,0.8,0.03,0.8
0.8922425270080566,0.0363092828940802,0.1931613445281982,0.0101109099773428,,,"{'modelo__colsample_bytree': 0.8, 'modelo__learning_rate': 0.03, 'modelo__max_depth': 5, 'modelo__n_estimators': 150, 'modelo__subsample': 1.0}",0.8887260418436103,0.8914301816148577,0.8984796125644074,0.890304289819376,0.885614120059694,0.8909108491803892,0.0042603408801654,12,0.9128351666897352,0.9124036222366022,0.9104748501195964,0.9122744260543398,0.913049846545708,0.9122075823291964,0.0009108821854752,0.5108301532830529,0.5200761561696279,0.5223614981406679,0.4926168529938847,0.5148253484272232,0.5121420018028913,0.010559750400196,9,0.5998548429075897,0.5989823624455396,0.5974713376682066,0.6043315374897045,0.6000381939271578,0.6001356548876398,0.0022857145281089,0.8416666666666667,0.8630952380952381,0.8702380952380953,0.8523809523809524,0.8379022646007152,0.8530566433963335,0.0122948688146833,10,0.8898481690979458,0.8871688002381661,0.8835963084251265,0.8841917237272998,0.8889880952380952,0.8867586193453267,0.0025009315170575,0.3244607618173474,0.3293957292139936,0.341429238673517,0.3366243535496003,0.3278917910447761,0.3319603748598468,0.0061771685500168,18,0.348652746996384,0.3418215186969488,0.3400160384923817,0.3432732316227462,0.3426244551502638,0.3432775981917449,0.0029009232578352,0.4683670089433587,0.4768168365669187,0.4904394498490439,0.4826423997303674,0.4713375796178344,0.4779206549415046,0.0079352699685298,19,0.5010056989607777,0.4935000414010101,0.4910655195234943,0.4945466655565731,0.4946183142904454,0.4949472479464601,0.0032904624182289,0.8114397542608006,0.8218567748145632,0.8303330785346243,0.8213301908159221,0.8118613582218795,0.8193642313295578,0.0070637641582649,14,0.8411785435263808,0.8369776819264552,0.8347641173516833,0.8365295717328532,0.8380173829341486,0.8374934594943042,0.0021212616407195,0.7812128418549346,0.7806183115338883,0.7904280618311534,0.7902794292508918,0.7858204518430439,0.7856718192627824,0.0042259773947647,16,0.7925089179548157,0.7867865636147443,0.7859319262782402,0.7888674197384067,0.7870466706302022,0.7882282996432817,0.0023443697727636,0.7879228329809725,0.7897727272727273,0.7992864693446089,0.7971723044397463,0.7915950839170081,0.7931498835910126,0.0043584905437526,18,0.8033100987744045,0.7979254071553632,0.7967691850285752,0.7994450133791418,0.7983615221987315,0.7991622453072432,0.0022442063084893,IRAMDEYR,XGBoost,v_grid_inicial,,5.0,,,150.0,0.8,0.03,1.0
2.054540729522705,2.2969402433793653,-1.06526198387146,2.5230007772422027,,,"{'modelo__colsample_bytree': 0.8, 'modelo__learning_rate': 0.03, 'modelo__max_depth': 5, 'modelo__n_estimators': 200, 'modelo__subsample': 0.8}",0.8893057973784044,0.892841748768473,0.898198183851424,0.8907224074231357,0.8864386854289759,0.8915013645700827,0.0039421321109772,9,0.9181823111565324,0.919288941337787,0.9171596159040312,0.9180968109174104,0.9193909558844346,0.9184237270400392,0.0008303324831272,0.5127929310501137,0.5245005883003241,0.5212073712066043,0.4909930870201338,0.5094044478591049,0.5117796850872562,0.0117426889816304,11,0.6241875430634842,0.6230969014027881,0.6238623677167013,0.6276199611685302,0.6254442650458983,0.6248422076794805,0.0015819705199493,0.8321428571428572,0.8571428571428571,0.8595238095238096,0.8511904761904762,0.8379022646007152,0.8475804529201432,0.0107619914701922,12,0.8892527537957725,0.8931229532598988,0.8868710925870795,0.8871688002381661,0.8946428571428572,0.8902116914047549,0.0031448059984051,0.328015016424214,0.3337969401947149,0.3462829736211031,0.3447444551591128,0.3346025702046644,0.3374883911207618,0.0069526217662742,13,0.3578531208817539,0.3531489111241907,0.3503469363753969,0.3544243577545195,0.3539802166745172,0.3539507085620756,0.0024118080066148,0.4705486368226186,0.4804804804804805,0.4936752136752136,0.4907343857240906,0.4782312925170068,0.482734001843882,0.0084563837316885,13,0.510336579531864,0.5061582588155896,0.5022761760242792,0.5065012322597093,0.5072561592980088,0.5065056811858902,0.0025786987238674,0.8096505011041277,0.8217789196534737,0.828468801313629,0.8245993998074854,0.8150569586975038,0.8199109161152439,0.0067460467598967,9,0.8450425481226187,0.8444694730627675,0.8408047496229096,0.842737194411592,0.8453966366570409,0.8436901203753857,0.0017077518270571,0.7871581450653984,0.7864149821640903,0.7974137931034483,0.7980083234244947,0.7922116527942925,0.7922413793103449,0.0048948660170315,13,0.8008323424494649,0.7958159928656362,0.7947384066587396,0.7983055885850179,0.7961504161712247,0.7971685493460166,0.0021673871740259,0.7921511627906976,0.7942653276955602,0.8043076109936576,0.8039112050739958,0.7972776529668296,0.7983825919041483,0.004953279281594,13,0.8106438505500314,0.8066135905652274,0.804961844669816,0.8081662317069143,0.8070824524312896,0.8074935939846558,0.0018830696174809,IRAMDEYR,XGBoost,v_grid_inicial,,5.0,,,200.0,0.8,0.03,0.8
1.0066132545471191,0.0925869500506363,0.1979219913482666,0.0092741344884201,,,"{'modelo__colsample_bytree': 0.8, 'modelo__learning_rate': 0.03, 'modelo__max_depth': 5, 'modelo__n_estimators': 200, 'modelo__subsample': 1.0}",0.8893479099428118,0.8913583425343977,0.8981172321782459,0.890004105090312,0.8861923521717009,0.8910039883834937,0.0039400002432526,11,0.9175570056167984,0.9177797940843612,0.9156902762079197,0.9173092606814568,0.9180595496875178,0.9172791772556108,0.0008321416336001,0.5131417171920043,0.5220676591897272,0.5183014483372488,0.487483830897526,0.5141773706928744,0.5110344052618762,0.012194188414633,12,0.6210987194640148,0.6209067972305347,0.6189733213196311,0.6264799448885684,0.6211401033472035,0.6217197772499905,0.0025133597929424,0.8345238095238096,0.8607142857142858,0.8630952380952381,0.85,0.831942789034565,0.8480552244735797,0.0129069420034573,11,0.8928252456088122,0.8922298303066388,0.8889550461446859,0.8901458767490324,0.893452380952381,0.8915216759523101,0.0016975753446213,0.3292625645843118,0.3333333333333333,0.3449096098953377,0.3413001912045889,0.3333333333333333,0.336427806470181,0.0057649517190597,14,0.3558376839107736,0.3501986445431175,0.3489948574100047,0.3528023598820059,0.3520581681716899,0.3519783427835183,0.002351527206246,0.4722128662849444,0.4805583250249252,0.4928619986403807,0.4870395634379263,0.475963177633822,0.4817271862043997,0.0074473849725133,14,0.5088656994994486,0.5029789376520937,0.5012169534200588,0.5053236437383809,0.5050895936737613,0.5046949655967486,0.0025685524880797,0.8111382424551271,0.8228957873280109,0.829214087537512,0.8225921521997621,0.8122258534946903,0.8196132246030207,0.0069025266541509,11,0.8455468380243822,0.8427966927989794,0.8409920890652085,0.8431667255326614,0.8440768147330275,0.8433158320308518,0.001499866799181,0.7877526753864447,0.785077288941736,0.795332936979786,0.7951843043995244,0.7925089179548157,0.7911712247324614,0.0040996734858643,14,0.7982684304399524,0.7933635552913199,0.7930291319857312,0.7961875743162902,0.7947012485136742,0.7951099881093937,0.0019330808488677,0.7929439746300211,0.7934725158562368,0.8028541226215645,0.8012684989429175,0.7968811946610281,0.7974840613423536,0.0040056924213717,14,0.8087608602292623,0.8043341812295597,0.8036734828713951,0.8066135905652274,0.8056619978858351,0.8058088225562561,0.0017954374434715,IRAMDEYR,XGBoost,v_grid_inicial,,5.0,,,200.0,0.8,0.03,1.0
1.0724067211151125,0.2305610972156534,0.1953396797180175,0.0105062897920492,,,"{'modelo__colsample_bytree': 0.8, 'modelo__learning_rate': 0.03, 'modelo__max_depth': 7, 'modelo__n_estimators': 150, 'modelo__subsample': 0.8}",0.8840122657267426,0.8872355578676179,0.8947454844006568,0.8867148130060586,0.8824564306355309,0.8870329103273213,0.0042354341203811,17,0.942056601888408,0.9445856124547288,0.9421404980992374,0.9414641733975382,0.9433373399987968,0.942716845167742,0.0011148622070393,0.5011298864464838,0.5135337769440631,0.5054837134488102,0.473461678718022,0.4976022061868486,0.4982422523488455,0.013484023157444,17,0.7308567452160113,0.7343506900562375,0.7357123759720867,0.7296653122066568,0.7331637171346229,0.7327497681171231,0.0022185019321273,0.8142857142857143,0.8452380952380952,0.8357142857142857,0.8226190476190476,0.8212157330154947,0.8278145751745276,0.0111315118414881,18,0.9145579041381364,0.9208097648109556,0.9169395653468294,0.9133670735337898,0.919345238095238,0.9170039091849898,0.0027992860691341,0.3366141732283464,0.3448275862068966,0.3549039433771486,0.3543589743589743,0.3445,0.3470409354342732,0.0068622623878073,7,0.3866096149005789,0.3819461595455668,0.3794037940379404,0.3851851851851852,0.3847782760338814,0.3835846059406306,0.0025807392806156,0.4763231197771588,0.4898240772680234,0.4982256919801277,0.4953405017921147,0.4853821768228249,0.4890191135280499,0.0077431849896857,7,0.5434763379035825,0.5399319193506154,0.5367256251633702,0.5418580007064642,0.5425008781173165,0.5408985522482698,0.0023866574129522,0.8069644980465432,0.8223663722326029,0.8230295566502464,0.8177453145348508,0.8131792101462729,0.8166569903221031,0.0060071699570057,18,0.8667245525446925,0.8674166243793184,0.8648684152536763,0.8657018185742671,0.8679105798086179,0.8665243981121143,0.0011114446030294,0.7996432818073722,0.7994946492271106,0.8103448275862069,0.812871581450654,0.8051426872770512,0.805499405469679,0.0054462027860087,7,0.8188912009512486,0.8140234839476813,0.8127972651605232,0.8180365636147443,0.8164759215219977,0.8160448870392389,0.00231893024984,0.8012684989429175,0.8045718816067653,0.8131606765327696,0.813953488372093,0.8069248050746664,0.8079758701058424,0.0049049942128521,7,0.8295067886756301,0.825872947705725,0.8243533414819464,0.828614845892108,0.8278937632135307,0.8272483373937879,0.0018792136802841,IRAMDEYR,XGBoost,v_grid_inicial,,7.0,,,150.0,0.8,0.03,0.8
2.4322485446929933,2.2787160224295624,0.2115210056304931,0.010602388989162,,,"{'modelo__colsample_bytree': 0.8, 'modelo__learning_rate': 0.03, 'modelo__max_depth': 7, 'modelo__n_estimators': 150, 'modelo__subsample': 1.0}",0.8836150274616386,0.8857350765811676,0.8917238194326482,0.8858845938791687,0.8832022508535302,0.8860321536416308,0.0030448624566667,19,0.941334346666223,0.9427344753070795,0.940594408414896,0.9404060954933576,0.941584769451404,0.941330819066592,0.0008285129351062,0.4931823587844629,0.5073563514222282,0.4957834364545794,0.467108086167056,0.4988300869098852,0.4924520639476423,0.0135407942536877,19,0.727174858016132,0.7256860547824149,0.724260220099082,0.7251931259407651,0.7262571200194728,0.7257142757715733,0.0009812901548148,0.825,0.8476190476190476,0.830952380952381,0.8357142857142857,0.8283671036948749,0.8335305635961179,0.0078655309231779,17,0.9166418576957428,0.9252753795772553,0.9160464423935696,0.9133670735337898,0.9223214285714286,0.9187304363543572,0.0043832214644901,0.3365711510441962,0.3406698564593301,0.3511066398390342,0.3556231003039514,0.3437190900098912,0.3455379675312806,0.0069300884997704,8,0.3858395989974937,0.376453488372093,0.3770371278029653,0.3798910351659237,0.3796863513844646,0.3797815203445881,0.0033265253591192,0.4780958951362539,0.4860068259385665,0.4936350777934936,0.4989339019189765,0.4858441104508913,0.4885031622476363,0.0071658962791056,8,0.5430814004762324,0.5351700387430047,0.5342013888888889,0.5365981635330127,0.5379274431522305,0.5373956869586738,0.0031113725783375,0.8109839476813318,0.8214016760092859,0.8196081762074627,0.8233268218107694,0.8155658348438702,0.8181772913105438,0.0044164612551617,16,0.8672648943651128,0.8669926243902922,0.8635672164405421,0.8636395415231375,0.8670948700526584,0.8657118293543485,0.001723890357905,0.7969678953626635,0.7951843043995244,0.8082639714625446,0.8109393579072532,0.8027645659928656,0.8028240190249702,0.006133755232594,8,0.8178879310344828,0.8087098692033293,0.8110879904875149,0.8139120095124851,0.8118683115338883,0.81269322235434,0.0030852808605391,0.8000792811839323,0.8010042283298098,0.8107822410147991,0.8136892177589852,0.8056032773886613,0.8062316491352375,0.0053272061527483,8,0.8288460903174656,0.8216444782134716,0.8227346305044432,0.8249479700042945,0.8241279069767442,0.8244602152032838,0.002469423064977,IRAMDEYR,XGBoost,v_grid_inicial,,7.0,,,150.0,0.8,0.03,1.0
1.4797125339508057,0.2398997221569878,0.2227965831756591,0.0160735857129808,,,"{'modelo__colsample_bytree': 0.8, 'modelo__learning_rate': 0.03, 'modelo__max_depth': 7, 'modelo__n_estimators': 200, 'modelo__subsample': 0.8}",0.8829180468263405,0.8872369734160014,0.8937767184757376,0.8858169129720854,0.8821542051505176,0.8863805713681365,0.0041377620738817,18,0.950564744068768,0.9529382302643016,0.9510368372509088,0.949562220854828,0.9518534726055998,0.9511911010088812,0.0011454752417232,0.4982779705429884,0.5118701168968826,0.5008277991122149,0.4682000157073077,0.4959971600090038,0.4950346124536794,0.0144812753136585,18,0.7683052070329841,0.7712681013493432,0.773999572075024,0.7648074169100771,0.7701598837985557,0.7697080362331968,0.0030672218304429,0.8023809523809524,0.830952380952381,0.8214285714285714,0.819047619047619,0.8128724672228844,0.8173363982064817,0.0094727101111563,20,0.9208097648109556,0.9306341172968146,0.924679964275082,0.9199166418576956,0.9258928571428572,0.924386669076681,0.0038512497008628,0.3426537874936451,0.3550356052899288,0.3578838174273859,0.3649867374005305,0.3542857142857142,0.3549691323794409,0.0072247767838464,4,0.4064388961892247,0.4031987617696375,0.402383728462236,0.4043444124574719,0.4025100271703972,0.4037751652097935,0.0015025589217581,0.4802280014250089,0.4975053456878118,0.4985549132947977,0.504954128440367,0.4934876989869754,0.4949460175669921,0.0082277975703642,2,0.5639529583371319,0.562634989200864,0.5607510380935187,0.5617671120807199,0.5610965821985752,0.562040535982162,0.0011523322501133,0.8050995130513561,0.8212431345903404,0.8187107185323594,0.8205672102372459,0.8140610849788619,0.8159363322780327,0.0059708894467734,19,0.8764832117752757,0.8793516900396082,0.8766347205441998,0.8753863827600012,0.8771482716154239,0.8770008553469018,0.0013081809204774,0.8078180737217598,0.8115338882282996,0.8159928656361475,0.8220868014268727,0.8152497027348394,0.814536266349584,0.0047705270039799,5,0.8321566587395958,0.8280692627824019,0.8285894768133175,0.8308561236623068,0.8284036860879905,0.8296150416171224,0.0016067793769376,0.8072145877378436,0.8136892177589852,0.8165961945031712,0.8217494714587738,0.8149861239592969,0.8148471190836142,0.0046971762945706,4,0.8419939876449407,0.8394502989660071,0.8392520894585577,0.840738660764428,0.8392243657505285,0.8401318805168924,0.0010860749507404,IRAMDEYR,XGBoost,v_grid_inicial,,7.0,,,200.0,0.8,0.03,0.8
1.602473497390747,0.1839768931933835,0.2238733768463134,0.0175255531087009,,,"{'modelo__colsample_bytree': 0.8, 'modelo__learning_rate': 0.03, 'modelo__max_depth': 7, 'modelo__n_estimators': 200, 'modelo__subsample': 1.0}",0.8828291326935054,0.885023940462035,0.8902287349244097,0.8847781658739595,0.882902859839654,0.8851525667587128,0.0026975444786013,20,0.9488841870333272,0.9510257141443704,0.9498988344887056,0.9484621561273086,0.9497844661701632,0.949611071592775,0.0008902195933675,0.4932672463210191,0.5079821796749063,0.4889346368795148,0.4654177663700268,0.4969058343817101,0.4905015327254354,0.014041992496324,21,0.7614343457068539,0.762710222889014,0.7682962018361027,0.7597791574699971,0.763714171274925,0.7631868198353786,0.0028738252203982,0.8107142857142857,0.8333333333333334,0.8202380952380952,0.8226190476190476,0.8188319427890346,0.8211473409387594,0.0072897293344302,19,0.9217028877642156,0.9309318249479012,0.9220005954153022,0.9222983030663888,0.9282738095238096,0.9250414841435234,0.003822625135141,0.3408408408408408,0.3463631865413162,0.3553378029912326,0.3610240334378265,0.3508682328907048,0.3508868193403842,0.0069851220216644,6,0.4021301467723081,0.396525488206949,0.3984817292846114,0.399741935483871,0.397173054883484,0.3988104709262446,0.0019949046261194,0.4799154334038055,0.4893393918210416,0.4958618207988485,0.5018155410312273,0.4912406149445835,0.4916345603999012,0.0072702548301103,5,0.5599565925122083,0.5561582925744776,0.5564639295660767,0.5577459717346296,0.5563185588156604,0.5573286690406105,0.0014295454808332,0.8074825887548837,0.8184948474038842,0.8172236849555518,0.8204207009795594,0.8149599666382747,0.8157163577464306,0.0044830785106146,20,0.8753319730140935,0.8770481062908353,0.8741431336172825,0.8747193061110778,0.8761835753921069,0.875485218885079,0.0010335974452724,0.8042508917954816,0.8036563614744352,0.8142092746730083,0.8182223543400713,0.8110879904875149,0.8102853745541022,0.0056461602736211,6,0.8289610582639715,0.8231643876337693,0.8262856718192628,0.827140309155767,0.8240933412604042,0.825928953626635,0.0020880893901668,0.804968287526427,0.8069503171247357,0.8148784355179705,0.8187103594080338,0.8119466102814854,0.8114908019717305,0.0050391473320377,6,0.8392520894585577,0.835122724720029,0.8369066102870735,0.8376994483168709,0.835656712473573,0.8369275170512209,0.0014745963164152,IRAMDEYR,XGBoost,v_grid_inicial,,7.0,,,200.0,0.8,0.03,1.0
0.8220592498779297,0.0363389083515778,0.2229790687561035,0.0127973933076862,,,"{'modelo__colsample_bytree': 0.8, 'modelo__learning_rate': 0.05, 'modelo__max_depth': 3, 'modelo__n_estimators': 150, 'modelo__subsample': 0.8}",0.8907516915803182,0.8945580127116245,0.9002195869429817,0.8922009477096428,0.8878202243767352,0.8931100926642606,0.0041716348853498,2,0.902065272712244,0.9010903387849352,0.8993425619017749,0.9014424174640052,0.9026542582791888,0.9013189698284296,0.00112371375416,0.5191634184604417,0.5273322591734526,0.5234187802518069,0.5057454910280262,0.5142712722448564,0.5179862442317168,0.0075084384251629,1,0.5466405252159526,0.5438706935516575,0.5433776216142311,0.5516188569417646,0.5484193974705383,0.5467854189588288,0.0030384769095517,0.8464285714285714,0.875,0.8809523809523809,0.8642857142857143,0.8510131108462455,0.8635359555025826,0.013302650548387,6,0.8749627865436141,0.879130693658827,0.8716880023816612,0.8758559094968741,0.8741071428571429,0.8751489069876237,0.002427024996075,0.3191202872531418,0.3272484416740873,0.3406998158379374,0.3341003221352968,0.3291839557399723,0.3300705645280871,0.0071816287111661,20,0.3369253697122549,0.331723208267805,0.3299898568691536,0.3337871567960063,0.3351974435060488,0.3335246070302538,0.0024565014665694,0.4634941329856584,0.4763447828904731,0.4913678618857902,0.4819117158977763,0.4747340425531915,0.4775705072425779,0.0091313233660941,20,0.4865088561496441,0.4816899111002365,0.4787442773054284,0.4833648237903557,0.484573502722323,0.4829762742135975,0.0026361249100805,0.8104764735858672,0.8252080856123662,0.8340552630088897,0.8246071853235943,0.8173763532828136,0.8223446721627063,0.0079497719502534,3,0.8300200377426751,0.8290384443323862,0.8253914149839341,0.8288316408364276,0.8288304739255987,0.8284224023642043,0.0015781526881025,0.7745243757431629,0.7754161712247325,0.7871581450653984,0.7849286563614745,0.7837395957193817,0.7811533888228299,0.0051741219315183,20,0.785077288941736,0.7789461950059453,0.7790948275862069,0.781807372175981,0.7835538049940547,0.7816958977407846,0.0024176221145723,0.7825052854122622,0.7864693446088795,0.797568710359408,0.7937367864693446,0.7911986256112066,0.7902957504922201,0.0053081933923357,20,0.7950513692973473,0.7900630966932047,0.7893693634171319,0.7922434012751478,0.7936046511627907,0.7920663763691245,0.0021257854201631,IRAMDEYR,XGBoost,v_grid_inicial,,3.0,,,150.0,0.8,0.05,0.8
1.8147624492645265,2.17370883631522,0.2258984088897705,0.0144329811997992,,,"{'modelo__colsample_bytree': 0.8, 'modelo__learning_rate': 0.05, 'modelo__max_depth': 3, 'modelo__n_estimators': 150, 'modelo__subsample': 1.0}",0.8899743785742597,0.8944385758167714,0.9003829058377215,0.8916664012513448,0.8874771647919002,0.8927878852543994,0.0044223617001076,4,0.9016212887431464,0.9006622900072534,0.8985982761806621,0.9011172366800606,0.90237105460124,0.9008740292424724,0.0012714178735497,0.5162072588642028,0.5286001292729076,0.523057885615549,0.499392277237347,0.5123675000761152,0.5159250102132245,0.0099760047815797,5,0.5460971003543549,0.5449373931047271,0.5434047947462503,0.5517942253790464,0.5472995606432923,0.5467066148455343,0.0028509309044914,0.85,0.8738095238095238,0.8773809523809524,0.8690476190476191,0.8486293206197855,0.8637734831715761,0.0121058360907652,5,0.8755582018457875,0.8752604941947008,0.8693063411729681,0.8743673712414409,0.8741071428571429,0.873719910262408,0.0022716276854721,0.3198924731182795,0.3292956482727681,0.3397879207007838,0.3354779411764705,0.3285648361790493,0.3306037638894702,0.006763231228043,19,0.3363449222323879,0.3324287652645861,0.329831695470462,0.3329554472282054,0.3356571428571429,0.3334435946105568,0.0023508075070376,0.46484375,0.4783317041381557,0.4898637421070123,0.4840848806366047,0.4737192282102462,0.4781686610184038,0.0085924835206301,18,0.485995207799719,0.4818487257231828,0.4782181460858172,0.4822660098522167,0.4850536746490503,0.4826763528219972,0.0027347911328872,0.8121878715814506,0.8258019081592209,0.8322695487231754,0.8270624539946776,0.8161844581695836,0.8227012481256215,0.0073917010666292,1,0.8299647430156405,0.8279394028642946,0.8244235332499799,0.8278644228383185,0.8290534227959911,0.8278491049528448,0.001879852958184,0.7743757431629013,0.777794292508918,0.7871581450653984,0.785077288941736,0.7837395957193817,0.781629013079667,0.0047797797513445,19,0.7843712841854935,0.7806183115338883,0.7795407253269917,0.7813614744351962,0.7839997027348394,0.7819782996432818,0.0018965365812597,0.78276955602537,0.7884513742071881,0.7971723044397463,0.7943974630021141,0.7909343200740055,0.7907450035496848,0.0049710159183665,19,0.7944897756929074,0.7911202140662681,0.7895015030887649,0.791681807670708,0.7940010570824524,0.7921588715202201,0.0018544415931273,IRAMDEYR,XGBoost,v_grid_inicial,,3.0,,,150.0,0.8,0.05,1.0
0.92057785987854,0.0560851203467,0.2266964435577392,0.0144621027167894,,,"{'modelo__colsample_bytree': 0.8, 'modelo__learning_rate': 0.05, 'modelo__max_depth': 3, 'modelo__n_estimators': 200, 'modelo__subsample': 0.8}",0.8908981123662307,0.8948304173036635,0.900323098918521,0.8922210308023327,0.8882670078897503,0.8933079334560997,0.0040970728370547,1,0.904727334659861,0.9037808694691776,0.9023321277087945,0.9039762622397314,0.9054690817691524,0.9040571351693434,0.0010489303565617,0.519478790319093,0.5266548298380921,0.5229644757885432,0.5041715143410159,0.5137383662417886,0.5174015953057066,0.0078655834775088,2,0.5556559197051397,0.5536868146581452,0.5534695868963867,0.5602567408492062,0.5584941084764558,0.5563126341170668,0.0026729731552666,0.8416666666666667,0.8761904761904762,0.8761904761904762,0.8535714285714285,0.8450536352800954,0.8585345365798286,0.0149288752652918,8,0.8770467401012206,0.8785352783566538,0.8722834176838344,0.8752604941947008,0.8773809523809524,0.8761013765434724,0.0021789354095407,0.3226837060702875,0.3327305605786618,0.3429636533084809,0.3359887535145267,0.3309990662931839,0.3330731479530281,0.0066133582309157,17,0.3419616947185142,0.337334247828075,0.3351252430515841,0.3396487985212569,0.341282704329706,0.3390705376898272,0.0025364111678849,0.4665127020785219,0.4823066841415465,0.492967180174146,0.4821788836583726,0.4756793022475679,0.479928950460031,0.0087036369581834,16,0.4920661433105061,0.4874865780127199,0.4842174847132705,0.4893882646691635,0.4914152358726454,0.488914741315661,0.0028464680548884,0.810547958779231,0.8284043938621822,0.8333092690108148,0.8214795311703753,0.816031573882616,0.8219545453410438,0.0081969231046082,4,0.8331986078627387,0.8315647557062698,0.8281415602093369,0.8314322685004419,0.8329755534794179,0.8314625491516411,0.0018079498110734,0.7794292508917955,0.7806183115338883,0.7904280618311534,0.7893876337693222,0.7870095124851367,0.7853745541022593,0.0045229262945014,17,0.7893504756242569,0.7845942330558858,0.7839997027348394,0.7876040428061831,0.7885701545778835,0.7868237217598096,0.0021442535740567,0.7863372093023255,0.7912262156448203,0.7999471458773785,0.7965116279069767,0.7934452226774151,0.7934934842817833,0.00462847808181,16,0.7990816292821512,0.795018334379439,0.7937960424168345,0.797330778633015,0.7984275898520085,0.7967308749126897,0.002015480539289,IRAMDEYR,XGBoost,v_grid_inicial,,3.0,,,200.0,0.8,0.05,0.8
0.8987106323242188,0.0355444438551001,0.2242778301239013,0.0126896158750584,,,"{'modelo__colsample_bytree': 0.8, 'modelo__learning_rate': 0.05, 'modelo__max_depth': 3, 'modelo__n_estimators': 200, 'modelo__subsample': 1.0}",0.8898729014495215,0.8946484308646169,0.9003948495272068,0.8913408251231527,0.8876353637122502,0.8927784741353495,0.004437717530851,5,0.9039671192784642,0.9030914747024604,0.9013738314266708,0.9037797964295614,0.904856906858686,0.9034138257391684,0.0011651642279309,0.5139435138706818,0.5293070358252767,0.5232504823211824,0.4988125528146759,0.5143168747759631,0.515926091921556,0.0103159078203796,4,0.5537842599120681,0.5527510533361196,0.5524551569466861,0.5604029618487112,0.5550258536344768,0.5548838571356123,0.0029030063916115,0.8452380952380952,0.8714285714285714,0.8773809523809524,0.8595238095238096,0.8462455303933254,0.8599633917929509,0.0129617057017421,7,0.8767490324501339,0.8767490324501339,0.8707948794284013,0.8740696635903543,0.8755952380952381,0.8747915692028523,0.0022272801927042,0.3219954648526077,0.3319727891156462,0.3439104059729351,0.3364398881640261,0.3314659197012138,0.3331568935612857,0.0071449992232561,16,0.3414492753623188,0.3365329676608388,0.3335994525547445,0.3370064279155188,0.3410223716239712,0.3379220990234785,0.002949782199991,0.4663382594417077,0.4807881773399015,0.4941334227287965,0.4835900870730074,0.476350218047635,0.4802400329262096,0.0090877892921804,15,0.4914886515353805,0.486374896779521,0.4823946565514966,0.4864551404191864,0.4908651038625177,0.4875156898296205,0.0033362899978863,0.8115161938735066,0.8262463903516222,0.834201772266576,0.8239355076156503,0.8167018377293619,0.8225203403673433,0.0078394924714352,2,0.8328453842393357,0.8305044211002156,0.8268399189056395,0.8297221088463067,0.8321755916992243,0.8304174849581443,0.0021107211527053,0.777794292508918,0.781064209274673,0.7910225921521997,0.7883472057074911,0.7871581450653984,0.785077288941736,0.0048890856728295,18,0.7889417360285375,0.7842598097502973,0.7828849583828775,0.7853745541022592,0.7887559453032105,0.7860434007134364,0.0024233264831142,0.7852801268498943,0.7910940803382663,0.8006078224101479,0.796247357293869,0.793709528214616,0.7933877830213587,0.0051264961593307,17,0.7986852102672525,0.7945228106108156,0.7926398202900465,0.7952165438868884,0.79839455602537,0.7958917882160745,0.0023226021373866,IRAMDEYR,XGBoost,v_grid_inicial,,3.0,,,200.0,0.8,0.05,1.0
-0.3641633510589599,2.2606316194610114,0.2023483276367187,0.0127369285088104,,,"{'modelo__colsample_bytree': 0.8, 'modelo__learning_rate': 0.05, 'modelo__max_depth': 5, 'modelo__n_estimators': 150, 'modelo__subsample': 0.8}",0.8895884646962233,0.8912442139459827,0.8964224668761679,0.8894362932450031,0.8869091190605429,0.890720111564784,0.0031699847754825,14,0.9231580954179572,0.9234195464985016,0.9215411519321438,0.9224426047702606,0.9235104505071202,0.9228143698251966,0.0007386754989898,0.5186567094533101,0.5182365863881789,0.5077147579857105,0.4865326286597071,0.5115589843129668,0.5085399333599747,0.0117515214478597,15,0.6408719241426469,0.6386523536940336,0.6405790142268942,0.6417577918098866,0.6385521403099961,0.6400826448366915,0.0012699321741845,0.8345238095238096,0.8535714285714285,0.8583333333333333,0.8452380952380952,0.8247914183551848,0.8432916170043703,0.0122869714052331,14,0.8949091991664185,0.8946114915153319,0.8901458767490324,0.8931229532598988,0.8976190476190476,0.894081713661946,0.0024449197153158,0.3344465648854962,0.3358313817330211,0.3503401360544217,0.3461725987323257,0.3342995169082126,0.3402180396626954,0.0067155820234476,11,0.3646288209606987,0.3586346819429526,0.3577410863843024,0.3622313450857281,0.3611543527721231,0.360878057429161,0.0024839192650275,0.4775204359673024,0.4820168067226891,0.4975845410628019,0.4911795226565202,0.4757648676521141,0.4848132348122855,0.0083248274165783,11,0.5181418598638283,0.512012267848015,0.5103695485192455,0.5154196374881883,0.5150713004867219,0.5142029228411998,0.0027292279907349,0.8135906800294435,0.8214052148802446,0.8298057867617915,0.8229609025536493,0.8099878613773546,0.8195500891204966,0.0070314327145491,12,0.850137417656931,0.8474618099669406,0.8453404770189871,0.8484268155122323,0.8496901718475738,0.8482113384005331,0.0017173699657612,0.7926575505350772,0.7892390011890607,0.8012782401902497,0.8006837098692033,0.7951843043995244,0.7958085612366231,0.0046295171736142,11,0.8053656361474435,0.8003121284185494,0.8005350772889417,0.803730677764566,0.8017612960760999,0.80234096313912,0.0019387295571418,0.7973044397463002,0.7963794926004228,0.8076109936575053,0.8056289640591966,0.7984670278842342,0.8010781835895318,0.0046157162822268,11,0.8153017739750916,0.8107759902216642,0.8104786759604903,0.8136500280796802,0.8124008985200846,0.8125214733514022,0.00180210866261,IRAMDEYR,XGBoost,v_grid_inicial,,5.0,,,150.0,0.8,0.05,0.8
0.8880194664001465,0.0285454090206481,1.299696445465088,2.203239431467068,,,"{'modelo__colsample_bytree': 0.8, 'modelo__learning_rate': 0.05, 'modelo__max_depth': 5, 'modelo__n_estimators': 150, 'modelo__subsample': 1.0}",0.8904396516335429,0.8908415789026669,0.8971693455919821,0.8902859761621652,0.8853894882220638,0.8908252081024843,0.0037479280671686,13,0.9214614538505352,0.9220314646632346,0.9201930104013604,0.9205573681935658,0.922512461249363,0.921351151671612,0.0008712078609036,0.5149762776384755,0.5220717569218163,0.5196490843712931,0.49197003978725,0.5038979198100613,0.5105130157057792,0.0111767115545213,13,0.6375216368555693,0.6373254540233324,0.6361640762591095,0.6333474223460343,0.6389373481073678,0.6366591875182827,0.0018756689100092,0.8333333333333334,0.8607142857142858,0.8583333333333333,0.844047619047619,0.8307508939213349,0.8454358930699813,0.0123597872479772,13,0.8940160762131587,0.8958023221196785,0.8922298303066388,0.8952069068175053,0.8988095238095238,0.8952129318533011,0.0021732118694578,0.3314393939393939,0.3359665427509293,0.3483091787439613,0.3463605276013679,0.3370406189555125,0.3398232523982331,0.0064444278856178,12,0.3636033418089357,0.3558840922531047,0.3556003796867584,0.3601197604790419,0.3587124361563131,0.3587840020768308,0.00295162111904,0.4742547425474255,0.4832887700534759,0.49553264604811,0.4911673016972636,0.47953216374269,0.484755124817793,0.007706601361356,12,0.5169564468927527,0.5093956323006602,0.5085263425808094,0.5136220001708088,0.5127769759741914,0.5122554795838445,0.0030438009103654,0.8117320650019818,0.8241591642602344,0.8289139912802219,0.8225886133288036,0.8134878131913452,0.8201763294125175,0.0065432510681957,8,0.8493564328747125,0.8467195320467595,0.8452119722282303,0.848335468866541,0.8490963493007191,0.8477439510633925,0.0015645653095318,0.7901307966706302,0.7876040428061831,0.7994946492271106,0.8011296076099881,0.7962247324613555,0.7949167657550535,0.0052468774505784,12,0.8046967895362663,0.7976367419738407,0.7981941141498217,0.8014640309155767,0.7993831747919143,0.8002749702734839,0.002571064400308,0.7949260042283298,0.7957188160676533,0.8060253699788583,0.8058932346723044,0.8000528611074402,0.8005232572109172,0.0047695507333769,12,0.8146080406990188,0.8085296158039047,0.8086287205576295,0.8118661425126359,0.810418868921776,0.8108102776989929,0.0022650238577409,IRAMDEYR,XGBoost,v_grid_inicial,,5.0,,,150.0,0.8,0.05,1.0
-1.424609088897705,3.0835047567162555,0.1985648155212402,0.0106275981645736,,,"{'modelo__colsample_bytree': 0.8, 'modelo__learning_rate': 0.05, 'modelo__max_depth': 5, 'modelo__n_estimators': 200, 'modelo__subsample': 0.8}",0.8890312694637903,0.8909273965234131,0.8954809502576297,0.8881977768812639,0.8860261813012773,0.8899327148854749,0.0031892295520039,16,0.929985359757218,0.9300019089042908,0.9281114343455512,0.9287970955981392,0.929990902889842,0.9293773402990082,0.0007842747545371,0.5163475034163267,0.520130413819764,0.5060932653772944,0.4809680668922912,0.508810748587594,0.506469999618654,0.0137123419197674,16,0.6670560925059432,0.662796317445859,0.6656254954154016,0.6644234417021013,0.662813472668876,0.6645429639476361,0.0016458365156926,0.8238095238095238,0.8428571428571429,0.8488095238095238,0.8345238095238096,0.8212157330154947,0.834243146603099,0.0106304565982906,16,0.9017564751414112,0.9017564751414112,0.8981839833283716,0.8990771062816314,0.905654761904762,0.9012857603595176,0.0026088500493835,0.3367396593673966,0.3402210475732821,0.3529702970297029,0.3506753376688344,0.3394088669950739,0.344003041726858,0.006528366493194,9,0.3768819211148438,0.3705652067531196,0.3704112952731737,0.3736236545836942,0.3712333780651458,0.3725430911579954,0.0024562162571963,0.4780656303972366,0.484765491270113,0.4986013986013986,0.4938358576963719,0.4803067270826072,0.4871150210095455,0.0078850636344905,9,0.5315900315900316,0.525275296973901,0.5245132127955494,0.5278797413039679,0.5266072510166998,0.5271731067360299,0.0024901995077277,0.810611658456486,0.8193923050789875,0.8272733707038107,0.8207993601721306,0.810949721442349,0.8178052831707529,0.0063225751130802,17,0.857834242326948,0.8552889093899683,0.8538185077165045,0.8554727089077598,0.8570708411188495,0.855897041892006,0.0014142657522799,0.7974137931034483,0.7959274673008323,0.8057372175980975,0.8070749108204518,0.8006837098692033,0.8013674197384066,0.0044127608832374,9,0.8139120095124851,0.8088213436385255,0.8094530321046374,0.8118683115338883,0.808486920332937,0.8105083234244947,0.0020726918569756,0.8003435517970402,0.8011363636363636,0.8105179704016914,0.8101215644820295,0.8029602220166513,0.8050159344667552,0.0044147036276513,9,0.8236596082058736,0.8191338244524462,0.8192989990419873,0.821545373459747,0.819271934460888,0.8205819479241885,0.0017809736814343,IRAMDEYR,XGBoost,v_grid_inicial,,5.0,,,200.0,0.8,0.05,0.8
1.030889892578125,0.0200255202516223,-1.0303009510040284,2.463251805725972,,,"{'modelo__colsample_bytree': 0.8, 'modelo__learning_rate': 0.05, 'modelo__max_depth': 5, 'modelo__n_estimators': 200, 'modelo__subsample': 1.0}",0.8898245958609367,0.8904756596455466,0.8955379260800634,0.8892224569673293,0.8849325183283989,0.8899986313764551,0.0033825900807713,15,0.9265929339478408,0.9276167575512784,0.9261365823674944,0.9257693428554944,0.9285351717325604,0.9269301576909336,0.0010137516629922,0.5137145964622144,0.5197464030823039,0.5140544449539302,0.4913545615183024,0.5042179961324011,0.5086176004298304,0.0099675265321539,14,0.6571179087552984,0.6592397650502471,0.6583414847401209,0.6538109179864666,0.6625410092347572,0.658210217153378,0.0028418279645297,0.8297619047619048,0.8476190476190476,0.8488095238095238,0.8357142857142857,0.8283671036948749,0.8380543731199273,0.0086630305791732,15,0.8972908603751116,0.9017564751414112,0.8961000297707651,0.8972908603751116,0.9050595238095238,0.8994995498943847,0.0033858640658975,0.3354186717998075,0.338403041825095,0.3495098039215686,0.3494275759084121,0.3428712382831771,0.3431260663476121,0.005696261174775,10,0.3723285978999382,0.3652037617554859,0.3643626679578743,0.3687301198923415,0.369501822600243,0.3680253940211767,0.0029179175582028,0.4777244688142563,0.483695652173913,0.4951388888888889,0.4928044928044928,0.4849965108164689,0.4868720026996039,0.0063375057358639,10,0.5262790291601187,0.5198661288938471,0.5180722891566265,0.5226740657244429,0.524762726488352,0.5223308478846775,0.0030275445349757,0.8122501557103222,0.8203612479474549,0.8257870449011947,0.8207257516561917,0.8151942533932163,0.8188636907216761,0.0047084264317771,15,0.8542451626489114,0.8530594206860445,0.8504913050161792,0.8527774159188282,0.8561229545325859,0.8533392517605097,0.0018479416258511,0.7947384066587396,0.7931034482758621,0.8027645659928656,0.8057372175980975,0.8020214030915577,0.7996730083234246,0.0048858312239606,10,0.8111994649227111,0.8043623662306778,0.8048825802615933,0.8082639714625446,0.807186385255648,0.8071789536266347,0.0024717736630187,0.7986257928118393,0.7991543340380549,0.8078752642706131,0.8090644820295984,0.8049425135456588,0.803932477339153,0.0043334690063817,10,0.8207525354299494,0.8151696343034588,0.8150044597139177,0.8181427769151993,0.8180496828752643,0.8174238178475578,0.002141196261274,IRAMDEYR,XGBoost,v_grid_inicial,,5.0,,,200.0,0.8,0.05,1.0
0.0181969165802001,2.305035601950195,0.1962197303771972,0.0089449907893389,,,"{'modelo__colsample_bytree': 0.8, 'modelo__learning_rate': 0.05, 'modelo__max_depth': 7, 'modelo__n_estimators': 150, 'modelo__subsample': 0.8}",0.8827909128871524,0.8862169823339562,0.8898478639374894,0.8845030186569278,0.8810032327143321,0.8848724021059716,0.003033236875289,21,0.9565522719412486,0.958188087649593,0.9564762686558446,0.9560153981406192,0.9576558662536804,0.9569775785281972,0.0008103573225168,0.4934485578403628,0.5137039548180862,0.4916775902762804,0.4663211045829948,0.4874218746409835,0.4905146164317416,0.0151168581557706,20,0.7938067936526013,0.7902752163196392,0.7937113476862199,0.788922661468524,0.7923943550957708,0.791822074844551,0.0019305612927026,0.7976190476190477,0.8142857142857143,0.7904761904761904,0.8011904761904762,0.798569725864124,0.8004282308871105,0.0077845940669979,22,0.9252753795772553,0.934206609109854,0.9297409943435546,0.9279547484370348,0.9336309523809524,0.9301617367697302,0.0033858752932539,0.3506017791732077,0.3549558899844318,0.3591130340724716,0.3657608695652174,0.3571428571428571,0.3575148859876371,0.0050005646540418,3,0.4236641221374045,0.4203053844093222,0.4208327718636302,0.4248330380264413,0.4215264713786616,0.422232357563092,0.0017311169596281,0.4870956015994184,0.4943982652692447,0.493863889921904,0.5022388059701492,0.4935543278084714,0.4942301781138375,0.0048095633096492,3,0.5812061711079944,0.5797690531177829,0.5794063079777365,0.5828347045624532,0.5808183669690798,0.5808069207470095,0.0012091587500546,0.8065830077572052,0.8147677085102769,0.8071732914331011,0.8138681275125984,0.8096594170343212,0.8104103104495006,0.0033655250893092,22,0.8840853711203756,0.8866930786334051,0.8850176434262362,0.885573688130527,0.8868325689372063,0.8856404700495499,0.0010334205432149,0.8155469678953626,0.8152497027348394,0.8238703923900119,0.8265457788347206,0.8207491082045184,0.8203923900118906,0.004472433126006,3,0.8428953626634959,0.8391795481569561,0.840294292508918,0.843192627824019,0.8400341854934602,0.8411192033293698,0.0016170241104588,0.8135570824524313,0.8151427061310782,0.8201638477801269,0.8237315010570825,0.8182899431743095,0.8181770161190057,0.0036156155681476,3,0.8520366026890424,0.8497241584354663,0.8502196822040897,0.8525981962934822,0.8504228329809725,0.8510002945206105,0.0011134240362033,IRAMDEYR,XGBoost,v_grid_inicial,,7.0,,,150.0,0.8,0.05,0.8
2.2101441383361817,2.1784150943534875,0.1968328952789306,0.0086772020439563,,,"{'modelo__colsample_bytree': 0.8, 'modelo__learning_rate': 0.05, 'modelo__max_depth': 7, 'modelo__n_estimators': 150, 'modelo__subsample': 1.0}",0.8818165732404735,0.883675542155031,0.8889591649680086,0.8828229396693278,0.8796410921784186,0.8833830624422518,0.0030967218523977,22,0.9541931224399708,0.9564770153586704,0.9546741096824368,0.9543170751090564,0.9563483640241917,0.9552019373228652,0.0010019390003671,0.4892340557184202,0.5061236153464581,0.4905204029286868,0.4607825346927343,0.4837764923309037,0.4860874202034406,0.0146743271399922,23,0.7863605532650556,0.7859563786011363,0.7878881989766522,0.7832283573840142,0.7932410317380754,0.7873349039929868,0.0033136655512865,0.8,0.8142857142857143,0.8119047619047619,0.8023809523809524,0.8092967818831943,0.8075736420909246,0.0054973412424382,21,0.9252753795772553,0.9353974397142006,0.9258707948794284,0.929443286692468,0.9315476190476192,0.9295069039821944,0.0037414987516945,0.3418107833163784,0.3498721227621483,0.3597046413502109,0.3643243243243243,0.3514492753623188,0.3534322294230761,0.0078695026345582,5,0.4160642570281124,0.4138566912539515,0.4140042598509052,0.4178265524625267,0.4143500132380195,0.4152203547667031,0.0015231806756467,0.4789736279401283,0.4894454382826476,0.4985380116959064,0.5011152416356878,0.490075784915193,0.4916296208939125,0.0078110445127936,6,0.5740142210730446,0.5738288740754269,0.5721644742893938,0.5764933985781553,0.5735752244823162,0.5740152384996673,0.0013996392825214,0.8038347205707491,0.8126868523866146,0.8157324047335939,0.8137945189966593,0.8115300794077089,0.8115157152190653,0.0040827163629452,21,0.8815957754009938,0.885021847086589,0.8811503201507724,0.8839026778289927,0.8835799926391484,0.8830501226212993,0.0014573733392122,0.8076694411414982,0.8110879904875149,0.8195600475624257,0.8252080856123662,0.8137633769322236,0.8154577883472058,0.0062373286429734,4,0.8379161712247325,0.8346462544589774,0.8364298454221165,0.8383620689655172,0.8356123662306778,0.8365933412604043,0.0013898537131463,0.8068181818181818,0.8114429175475687,0.8187103594080338,0.8226744186046512,0.8132681379674904,0.8145828030691851,0.0055567532227762,5,0.8476099236893396,0.8458260381222953,0.846354596808827,0.8484688315549536,0.8462605708245243,0.8469039921999879,0.000982331189605,IRAMDEYR,XGBoost,v_grid_inicial,,7.0,,,150.0,0.8,0.05,1.0
1.3012663841247558,0.2400569639083808,0.2000875473022461,0.0095049976987908,,,"{'modelo__colsample_bytree': 0.8, 'modelo__learning_rate': 0.05, 'modelo__max_depth': 7, 'modelo__n_estimators': 200, 'modelo__subsample': 0.8}",0.8794371248796785,0.8848922059906007,0.888192291631278,0.8825277093596059,0.8783946334957958,0.8826887930713918,0.0035828096612321,23,0.9649376395836482,0.9662792765031494,0.964462559590204,0.9639022891010328,0.9667615028788716,0.9652686535313812,0.0010840910845021,0.4876050031232297,0.5096545348598618,0.487654881837054,0.4624955398293933,0.4849149546347894,0.4864649828568656,0.0149492984077976,22,0.8303752484224208,0.8267746577713923,0.8282703884173866,0.8225327673035945,0.8333671214619481,0.8282640366753485,0.0036211718505473,0.775,0.7916666666666666,0.7714285714285715,0.7738095238095238,0.7818831942789034,0.778757591236733,0.0073311802235103,24,0.9353974397142006,0.9431378386424532,0.938374516225067,0.935992855016374,0.9416666666666668,0.9389138632529525,0.0030531398121999,0.3578889499725123,0.3649835345773874,0.365482233502538,0.3712164477441462,0.3673012318029115,0.3653744795198991,0.0043367861041756,1,0.45976002341235,0.4507683551508252,0.4511235150994704,0.4515943694340706,0.4543365881677197,0.4535165702528873,0.0033653348106067,0.4896577660774727,0.4996243425995492,0.4959816303099885,0.5017367811655732,0.4998095238095238,0.4973620087924215,0.0042780350137957,1,0.6165015206514275,0.6099932608067777,0.6093176106707906,0.6092432903788393,0.6129407206509105,0.6115992806317492,0.0027988364045185,0.8006985731272295,0.8098493856520015,0.8021084593171395,0.8050825264707548,0.8069641892916515,0.8049406267717554,0.0032932368926307,24,0.8991047840663751,0.8998536993450078,0.8979365149496321,0.8970615285783415,0.9002328577090765,0.8988378769296865,0.001184649556482,0.8263971462544589,0.8280321046373365,0.8327883472057075,0.8363555291319857,0.8320451843043996,0.8311236623067776,0.0035465614867881,1,0.8628121284185494,0.8565695600475625,0.8574985136741974,0.8581302021403091,0.8587990487514863,0.8587618906064209,0.0021544034874153,0.8206923890063424,0.8239957716701902,0.825977801268499,0.8294133192389006,0.8264834148275406,0.8253125392022946,0.0028882376918083,1,0.8708665058967329,0.8661755475537644,0.8664728618149384,0.8667701760761124,0.8679968287526427,0.8676563840188383,0.0017204505833577,IRAMDEYR,XGBoost,v_grid_inicial,,7.0,,,200.0,0.8,0.05,0.8
0.1812963962554931,2.373160602974871,0.1996656417846679,0.0077667287656606,,,"{'modelo__colsample_bytree': 0.8, 'modelo__learning_rate': 0.05, 'modelo__max_depth': 7, 'modelo__n_estimators': 200, 'modelo__subsample': 1.0}",0.8781023512258649,0.8813314825038219,0.8859543981088275,0.8809866195289054,0.8769574680519672,0.8806664638838774,0.0031253262733168,24,0.9602604037053808,0.9629642810112432,0.9620735087891016,0.960865343616932,0.9627920508553452,0.9617911175956004,0.0010637731947857,0.483558931453854,0.5036016080446547,0.485802765937928,0.4557603430584854,0.4813815507791623,0.482021039854817,0.0153128745089943,24,0.812540834215181,0.8165777707937397,0.8198256660783196,0.8117687050450927,0.8217169527633015,0.8164859857791271,0.0039074764993648,0.780952380952381,0.7964285714285714,0.7845238095238095,0.7845238095238095,0.7866507747318237,0.7866158692320789,0.0052367713322459,23,0.930336409645728,0.94075617743376,0.9333134861565944,0.935992855016374,0.9375,0.9355797856504912,0.0035575830746828,0.345626975763962,0.3568,0.3603061782394751,0.3685682326621924,0.3569497025419145,0.3576502178415088,0.0073760303060454,2,0.4389044943820224,0.4355016538037486,0.4388912221755565,0.4395973154362416,0.4381084840055633,0.4382006339606265,0.0014294080048168,0.47918188458729,0.492817679558011,0.4938179093293368,0.5015220700152208,0.4910714285714285,0.4916821944122574,0.0072014517597156,4,0.5964309571524,0.5953838907206783,0.5970291373071795,0.598230425268766,0.5971563981042654,0.5968461617106579,0.0009334391850014,0.798175358133741,0.8085888398165448,0.8053118453088727,0.8083588132042353,0.8049633184003946,0.8050796349727577,0.0037630843297604,23,0.8909448100547308,0.8942782076229443,0.8921918203672389,0.8935315047971287,0.8936905469678953,0.8929273779619876,0.0012036409281437,0.8153983353151011,0.8207491082045184,0.8260998810939358,0.8321938168846611,0.8232758620689655,0.8235434007134363,0.0055782977648401,2,0.8515532104637337,0.8478002378121284,0.8510701545778835,0.8510701545778835,0.8498810939357907,0.8502749702734839,0.0013548412057933,0.8115750528541226,0.8180496828752643,0.821485200845666,0.8269027484143763,0.819215012554513,0.8194455395087884,0.0049742597766905,2,0.8602953321660995,0.8581150275841565,0.8601962274123749,0.860493541673549,0.8596062367864693,0.85974127312453,0.0008651915586271,IRAMDEYR,XGBoost,v_grid_inicial,,7.0,,,200.0,0.8,0.05,1.0
3.34025468826294,0.4413503832018223,0.8567570686340332,0.1148621298267027,0.05,0.0,"{'modelo__C': 0.05, 'modelo__l1_ratio': 0.0}",0.8157571306771004,0.8106415128538504,0.8187502278333354,0.8206609589952876,0.8186900051023877,0.8168999670923924,0.0034999167278204,4,0.8291815252616781,0.8302701658604474,0.8282544673805128,0.8280331970581271,0.8284926074737486,0.8288463926069027,0.000809477679548,0.298539504403162,0.3277795147761777,0.3088619977409142,0.2901338017269281,0.2924391750125302,0.3035507987319424,0.0137392618231775,3,0.3197197219643391,0.3157455340308225,0.3197895104610055,0.3204708564356484,0.3214899675118499,0.3194431180807331,0.0019552219268163,0.725177304964539,0.7198581560283688,0.7269503546099291,0.7229129662522202,0.7442273534635879,0.7278252270637289,0.0085371092397076,4,0.74622892635315,0.7497781721384206,0.7480035492457853,0.7490022172949002,0.7476718403547672,0.7481369410774046,0.0012097086078159,0.2006869479882237,0.2007912957467853,0.2040816326530612,0.1980535279805352,0.2042905899561189,0.2015807988649449,0.0023435469634292,4,0.2072960315504067,0.2079232283464566,0.2066936373666789,0.2086215415019763,0.2061880885410297,0.2073445054613096,0.0008635994809065,0.3143735588009224,0.3139984532095901,0.3186941313641663,0.3109243697478991,0.3205814843152257,0.3157143994875607,0.0034714269993423,3,0.3244598765432099,0.3255634752456174,0.3238881951781769,0.3263452806492126,0.3232361963190184,0.3246986047870471,0.0011235600332036,0.7462979614485745,0.7445664280998497,0.7493261196236396,0.7438262190290366,0.7556088223628619,0.7479251101127924,0.004283258744166,3,0.7583270127000785,0.7599945577471201,0.7585183181500369,0.7601557345754912,0.7579955375525487,0.758998232145055,0.0008965183783466,0.7674186179326099,0.7692747001713307,0.7717018846373501,0.764739471805853,0.7669902912621359,0.768024993161856,0.0023372739699389,7,0.7704250990470072,0.7702109433558196,0.7690330870542885,0.7713092518560822,0.7683192347503301,0.7698595232127056,0.0010583544351515,0.7642706131078224,0.7655919661733616,0.7683668076109936,0.7616279069767442,0.7652966829655081,0.7650307953668859,0.0021758728384137,8,0.7686234349707641,0.7686895048065806,0.7674672128439761,0.7696475174259192,0.7667811839323467,0.7682417707959173,0.0010055357657863,IRSUICTHNK,Regresión Logística,v_grid_inicial,,,,,,,,
8.403520107269287,2.139907283400748,0.5906422138214111,0.2457254815969203,0.05,1.0,"{'modelo__C': 0.05, 'modelo__l1_ratio': 1.0}",0.8172439963384652,0.8107004963728933,0.8192884208010822,0.8213701707610526,0.8202355568449593,0.8177677282236907,0.0037841865010701,1,0.8248257118831928,0.8265704378559107,0.8241632607455753,0.8238168702458273,0.8243641906675762,0.8247480942796164,0.0009678379047577,0.302503619972776,0.3325922797932232,0.3098130345806195,0.2958957252033138,0.2972669903391424,0.307614329977815,0.0134107775399195,1,0.3145798861761929,0.3113868824253802,0.3167794021170323,0.3168075427969362,0.3184272435319229,0.3155961914094929,0.0024344763023359,0.7411347517730497,0.7216312056737588,0.7216312056737588,0.7335701598579041,0.7353463587921847,0.7306627363541313,0.0077870357693747,1,0.7409050576752441,0.7471162377994676,0.7440106477373558,0.7427937915742794,0.7454545454545455,0.7440560560481785,0.0021375055196952,0.2023233301064859,0.2015849430411094,0.2011863568956994,0.1989402697495183,0.1997105643994211,0.2007490928384468,0.0012424532730727,8,0.2037579306979014,0.2045178528054408,0.2046869278652508,0.2058498218016468,0.2046505965424884,0.2046926259425456,0.0006700898513914,0.3178707224334601,0.3151374370886566,0.3146501739466563,0.3129973474801061,0.3141122913505311,0.3149535944598819,0.0016229720208259,7,0.3196172248803828,0.3211289092295957,0.3210491050062218,0.3223633564280215,0.3211385996752316,0.3210594390438906,0.0008707906226702,0.7529203170629954,0.7457385040361941,0.7454529529225448,0.7480841520203154,0.7492408550100272,0.7482873562104154,0.0027182813529728,2,0.7539875254468236,0.7566648041265603,0.755718783553869,0.7560699397620112,0.7561373451832816,0.7557156796145093,0.000915496139271,0.7647058823529411,0.7698458023986293,0.7692747001713307,0.7625981441827266,0.7631353512278698,0.7659119760666997,0.0030636152601415,10,0.7670699932184031,0.7662133704536531,0.7674269193703823,0.769346087949743,0.7668201449120177,0.7673753031808398,0.0010619001248211,0.7629492600422833,0.766252642706131,0.7657241014799154,0.760438689217759,0.761067794370292,0.7632864975632762,0.0023616229690539,10,0.7651217336724918,0.7647913844934096,0.7656833272769317,0.7673681080902514,0.7652285940803383,0.7656386295226845,0.0009106292910361,IRSUICTHNK,Regresión Logística,v_grid_inicial,,,,,,,,
4.256523704528808,0.0862629427522003,0.597412395477295,0.0603215330863053,0.1,0.0,"{'modelo__C': 0.1, 'modelo__l1_ratio': 0.0}",0.8151941291906144,0.8104822826672499,0.818311522088695,0.8204636880786751,0.8178029200264147,0.8164509084103297,0.0034233377456774,5,0.8300361211166031,0.831052014654938,0.8290872264491209,0.8287382423854093,0.8293509238570469,0.8296529056926236,0.0008187985039943,0.2969318765085438,0.3261110990896663,0.307464937557719,0.2893069002945297,0.2906692323458179,0.3020968091592553,0.0136113976743434,5,0.3199449029116135,0.316556692865657,0.3199958724159703,0.3208920199770161,0.321640081095456,0.3198059138531426,0.0017410706605175,0.7269503546099291,0.7180851063829787,0.7287234042553191,0.7193605683836589,0.7406749555950266,0.7267588778453824,0.0080934855479487,5,0.7493345164152617,0.7493345164152617,0.7471162377994676,0.7490022172949002,0.7498891352549889,0.748935324635976,0.0009531017151192,0.2021696252465483,0.2011922503725782,0.2052947052947052,0.1973684210526315,0.2040117416829745,0.2020073487298876,0.0027215684187392,2,0.20854426472404,0.2082357292565651,0.2067779960707269,0.2089829250185597,0.2071796128399902,0.2079441055819764,0.0008329035634432,0.316358024691358,0.3143189755529685,0.3203429462197973,0.3097514340344168,0.3199079401611047,0.316135864131929,0.0038997303587937,2,0.3262822370327441,0.3259044862518089,0.3239084439315253,0.3267872690335687,0.3246616108284534,0.3255088094156201,0.0010647182313768,0.7479697518338052,0.7442510055044533,0.7507837466736333,0.7421213976821934,0.7541895623206429,0.7478630928029457,0.0043492539417968,5,0.7602724264983115,0.760058270807124,0.7582709718104665,0.7604055917999344,0.7594611111546388,0.7596936744140951,0.0007813935291612,0.7689891490576813,0.770416904625928,0.7728440890919475,0.764882226980728,0.7677041690462593,0.7689673077605088,0.0026613773124101,1,0.7712103365813613,0.7707820251989863,0.7694257058214655,0.7718089663049685,0.7690330870542885,0.7704520241922139,0.0010575388636727,0.7658562367864693,0.7665169133192389,0.7695560253699789,0.7614957716701902,0.7656931412713096,0.7658236176834372,0.0025752617417093,1,0.7695814475901027,0.769185028575204,0.7677645271051502,0.7701100062766344,0.7676070295983086,0.7688496078290801,0.0009958013452865,IRSUICTHNK,Regresión Logística,v_grid_inicial,,,,,,,,
7.94176139831543,3.625479007387196,-0.4439729213714599,2.4705233749884346,0.1,1.0,"{'modelo__C': 0.1, 'modelo__l1_ratio': 1.0}",0.8165325234617706,0.8106803710949366,0.8195039764511465,0.8215012621028116,0.8196421380119758,0.8175720542245282,0.0037955807327189,2,0.8269865006855547,0.8285454952103329,0.8260548743396667,0.8259443764158838,0.8264997249452681,0.8268061943193412,0.0009443318551149,0.3000348042750249,0.3297161629376789,0.3090195080798462,0.2926269051378239,0.2955170203416183,0.3053828801543984,0.0133715049097675,2,0.3169602199831163,0.3133541272857316,0.3176665433537101,0.3186776461358957,0.3194889239440274,0.3172294921404962,0.0021205733226868,0.7340425531914894,0.7180851063829787,0.7269503546099291,0.7229129662522202,0.7424511545293073,0.728888426993185,0.0085637210011022,3,0.7417923691215617,0.7493345164152617,0.7475598935226264,0.7463414634146341,0.7476718403547672,0.7465400165657703,0.0025577327113519,0.2018527547537786,0.1995073891625615,0.2043868394815553,0.1976687712481787,0.2018348623853211,0.2010501234062791,0.0022894225418673,6,0.2053045186640471,0.2067572530297466,0.2057889594528578,0.2069092697319891,0.2058608058608058,0.2061241613478893,0.0006116748817151,0.3166347992351816,0.3122590593677717,0.3190661478599221,0.3104500381388253,0.3173880030372057,0.3151596095277813,0.0032556479522379,6,0.3216003077514907,0.3240909527007579,0.3227351082168167,0.3239965347964192,0.3228338918142652,0.3230513590559499,0.0009194529470645,0.7501594833347509,0.7430374132714437,0.7495402829588766,0.7435407086792865,0.7532215795490625,0.747899893558684,0.0039689588679433,4,0.7553948817803261,0.7590231849663844,0.7577254084452908,0.7580400920728225,0.7577635355537622,0.7575894205637171,0.0011936158826838,0.7662764134780126,0.7679897201599086,0.7721302113078241,0.7641684511063526,0.7639920045688178,0.766911360124183,0.0029949494829082,9,0.7689973944390905,0.7687118535175073,0.7678909233679552,0.7697387207310109,0.7678552307527573,0.7686388245616642,0.0007095142876138,0.7638742071881607,0.7642706131078224,0.7687632135306554,0.7610993657505285,0.7623893220562971,0.7640793443266928,0.0025982202870773,9,0.7669716890753526,0.7672690033365267,0.7663770605530045,0.7679957715305078,0.7663517441860465,0.7669930537362877,0.0006120086840129,IRSUICTHNK,Regresión Logística,v_grid_inicial,,,,,,,,
1.024255895614624,2.994843640375202,0.596254825592041,0.0674964045514014,0.2,0.0,"{'modelo__C': 0.2, 'modelo__l1_ratio': 0.0}",0.8145637902961225,0.810261790628253,0.8177844676395656,0.8202065766269463,0.816979741593994,0.8159592733569763,0.0033710816387707,7,0.8306808684637187,0.8316121860225628,0.8297475398302823,0.8292407268700432,0.8299701392890457,0.8302502920951305,0.0008234826600525,0.2950353544900473,0.3237707319351334,0.3046320659341383,0.2887982955862373,0.2892606667469113,0.3002994229384935,0.0130500162958012,6,0.3200295285279018,0.3170572198931315,0.3199113806109848,0.3209415674300704,0.3216265324971071,0.3199132457918391,0.0015596926500947,0.7269503546099291,0.7163120567375887,0.7269503546099291,0.7193605683836589,0.7371225577264654,0.7253391784135141,0.0072287275387266,7,0.748890860692103,0.7484472049689441,0.748890860692103,0.7485587583148559,0.7507760532150776,0.7491127475766166,0.0008502828106868,0.2012763868433971,0.2002974714923153,0.2054108216432865,0.1980440097799511,0.2032321253672869,0.2016521630252474,0.0025147151862192,3,0.2083693371188742,0.2081688055281342,0.2081894425259003,0.2090920351789917,0.2078831041257367,0.2083405448955274,0.0004067296479364,0.3152633602460592,0.313056954668733,0.3203125,0.3105828220858895,0.3186180422264875,0.3155667358454338,0.0035514273951079,5,0.3260260743602124,0.325738559567484,0.3258058289905424,0.3268783888458559,0.325608231560727,0.3260114166649643,0.000454121377226,0.7473272618280942,0.7430075417896966,0.750254160743,0.7426210407942563,0.7524133633863623,0.7471246737082818,0.0038739761025881,7,0.7599970597139353,0.75970384662196,0.7598721355607425,0.7603266378667368,0.7602614962866622,0.7600322352100074,0.0002340691536861,0.7677041690462593,0.7697030268418047,0.7735579668760708,0.7658815132048536,0.7677041690462593,0.7689101690030495,0.0026196288422766,3,0.7711032587357676,0.7709604882749759,0.7708534104293822,0.7720945174186179,0.7697469393582468,0.770951722843398,0.0007470191399772,0.7646670190274841,0.7657241014799154,0.7700845665961945,0.7624207188160677,0.7654288357341086,0.7656650483307541,0.0024945204691023,2,0.7694493079184698,0.7692841333289286,0.7692180634931122,0.770341250701992,0.7683337737843552,0.7693253058453715,0.0006393516078149,IRSUICTHNK,Regresión Logística,v_grid_inicial,,,,,,,,
15.55517988204956,5.637928561552353,0.720248031616211,0.3160865191650115,0.2,1.0,"{'modelo__C': 0.2, 'modelo__l1_ratio': 1.0}",0.8158186456776472,0.8105375955381119,0.8193608211720962,0.8212707746179777,0.8183373773727878,0.8170650428757241,0.0037077941492748,3,0.829175784989713,0.830262770806633,0.8278948017332233,0.8278682612153208,0.8284516836349043,0.8287306604759589,0.0009017447863453,0.2977904899128978,0.326868768866528,0.3095112080674599,0.2902290369468855,0.2926102991672361,0.3034019605922015,0.0134869453336109,4,0.3195006783860128,0.3150065510445828,0.3194511577647579,0.3195692395297573,0.3216535726116116,0.3190362398673445,0.0021799436388059,0.7304964539007093,0.7163120567375887,0.7304964539007093,0.7246891651865008,0.7495559502664298,0.7303100159983875,0.0109362912483997,2,0.748890860692103,0.7502218278615794,0.74622892635315,0.7498891352549889,0.7481152993348116,0.7486692098993266,0.0014289695716325,0.2019607843137255,0.1997034107760751,0.205281514698555,0.1987335606429615,0.2046556741028128,0.202066988906826,0.002597844956717,1,0.2079842286840808,0.2077140400442206,0.2063297350343474,0.2084309133489461,0.2061843070153996,0.2073286448253989,0.0009056097793763,0.3164362519201228,0.3123308851952068,0.3204978607545702,0.3119266055045872,0.3215238095238095,0.3165430825796593,0.0039878262621385,1,0.3255544840887174,0.3253487253487253,0.3232750336344416,0.326195987654321,0.3232729711602951,0.3247294403773001,0.0012207844585409,0.749028923695072,0.7425792151192226,0.751384720382679,0.7449284512584895,0.7577020185369843,0.7491246657984896,0.0052752087036413,1,0.7597293650999509,0.760002229917512,0.7576488530113181,0.7603314893864893,0.758145881812175,0.7591715638454891,0.0010693219853083,0.7675613934894346,0.7688463735008566,0.7722729868646487,0.7651677373304783,0.7658480868075386,0.7679393155985914,0.0025219504259087,8,0.7705678695077989,0.7697826319734447,0.7690687796694864,0.7707738435179897,0.7681764642895385,0.7696739177916516,0.0009622228624881,0.764799154334038,0.764931289640592,0.7691596194503171,0.7621564482029598,0.7646359191225056,0.7651364861500826,0.0022571084789379,7,0.7689537841498464,0.76832612070959,0.7673681080902514,0.7692180634931122,0.7666820824524313,0.7681096317790462,0.0009566437171575,IRSUICTHNK,Regresión Logística,v_grid_inicial,,,,,,,,
6.463526678085327,0.6142556744485949,0.6761126041412353,0.0952934343514463,0.5,0.0,"{'modelo__C': 0.5, 'modelo__l1_ratio': 0.0}",0.8137215663997472,0.8099263693289751,0.8167711155935211,0.819543513070466,0.816042951350814,0.8152011031487048,0.0032262057361984,9,0.8313089096400117,0.832152753371725,0.8304004106519305,0.8296962948634989,0.8305500216173789,0.830821678028909,0.0008398698576482,0.2919219720693289,0.3210941816441529,0.3012195072765908,0.2880435922820023,0.2869761371255885,0.2978510780795327,0.0126585433211884,8,0.3197590873082675,0.3169125772389168,0.3191504344605516,0.320961076161213,0.3216222212077501,0.3196810792753398,0.0016345456082928,0.725177304964539,0.7145390070921985,0.7180851063829787,0.7193605683836589,0.7317939609236235,0.7217911895493997,0.0060623153142994,9,0.7506654835847383,0.7493345164152617,0.7524401064773736,0.7485587583148559,0.7516629711751663,0.7505323671934792,0.0014328595887245,0.2010816125860373,0.1996037642397226,0.2029058116232465,0.1980440097799511,0.2020598332515939,0.2007390062961103,0.0017383203957059,9,0.2090954028670291,0.2081330868761552,0.2094602939360257,0.2097676152603454,0.2086410635155096,0.209019492491013,0.0005811504763239,0.3148575827559661,0.3120402632597754,0.31640625,0.3105828220858895,0.3166794773251345,0.3141132790853531,0.0024148953688935,9,0.3270829306011985,0.3257787636223358,0.3276978069751715,0.3277033585711512,0.3266210617593217,0.3269767843058357,0.0007239948862976,0.7465835125622238,0.7419068536317646,0.7454645977374631,0.7426210407942563,0.7497490649849414,0.7452650139421297,0.0028338250028496,9,0.7611163731590393,0.7599868855767282,0.761985838297758,0.760790658426417,0.7610975740338837,0.7609954658987652,0.000642660484589,0.7679897201599086,0.7692747001713307,0.7728440890919475,0.7658815132048536,0.7677041690462593,0.7687388383348599,0.0023210453318164,4,0.7715672627333404,0.7706392547381946,0.7715315701181426,0.7730225585379783,0.7705321768926009,0.7714585646040513,0.0008936089706326,0.764799154334038,0.7651955602536998,0.7687632135306554,0.7624207188160677,0.7650323774283071,0.7652422048725536,0.0020298168682853,4,0.7700109015229097,0.769052888903571,0.7701100062766344,0.7712001585676059,0.7691265856236786,0.7699001081788801,0.0007826341461511,IRSUICTHNK,Regresión Logística,v_grid_inicial,,,,,,,,
30.248852586746217,7.886166717925469,1.4559221744537354,2.1181965866937373,0.5,1.0,"{'modelo__C': 0.5, 'modelo__l1_ratio': 1.0}",0.8147204890012192,0.8105805041496046,0.8182465895881179,0.8207702440403519,0.8170771231460733,0.8162789899850734,0.003451999242855,6,0.8308220712364426,0.8316621382650835,0.8297920289174157,0.8292213049622579,0.829995551481374,0.8302986189725147,0.0008534958697762,0.2939461960913672,0.3228016819032777,0.3056889888519622,0.2895492618452167,0.2880869278045132,0.3000146112992674,0.0129620058880142,7,0.3199177112919047,0.3161736538796051,0.3191885005714981,0.3199776795298272,0.3222683688319159,0.3195051828209502,0.0019610202724389,0.7304964539007093,0.7216312056737588,0.723404255319149,0.7193605683836589,0.738898756660746,0.7267582479876044,0.007122185444399,6,0.7497781721384206,0.7506654835847383,0.7493345164152617,0.7481152993348116,0.7521064301552106,0.7499999803256885,0.0013359707330246,0.2020598332515939,0.2012858555885262,0.2037962037962038,0.197464651389566,0.2032242305813385,0.2015661549214456,0.0022301098676725,5,0.2084104081884326,0.2086827824370991,0.2076213890596189,0.2091754494730316,0.2081747882656192,0.2084129634847603,0.0005172061841164,0.3165578179024202,0.3147718484145398,0.3180046765393609,0.3098699311400153,0.3187739463601532,0.3155956440712979,0.003171537457082,4,0.3261603782688411,0.3265778807180081,0.3251516026566561,0.326937984496124,0.3260911363199384,0.3261837964919135,0.0005997766846314,0.7491003114734842,0.7455243407009571,0.7479100088703112,0.742192775269631,0.7530159117398533,0.7475486696108473,0.0036114375740744,6,0.7603336375915003,0.7608308322374561,0.7596299594247491,0.7602298369889364,0.7609266847567286,0.7603901901998742,0.0004666591895672,0.7677041690462593,0.7694174757281553,0.7724157624214735,0.7650249821556031,0.7671330668189605,0.7683390912340904,0.0024747970076626,6,0.77088910304458,0.7709961808901739,0.7699254024342364,0.7723443746430612,0.7697469393582468,0.7707804000740597,0.0009277344624533,0.764931289640592,0.7658562367864693,0.7687632135306554,0.7616279069767442,0.7650323774283071,0.7652422048725536,0.0022794026532936,4,0.7693171682468369,0.7694823428363781,0.7683921905454065,0.7705394602094414,0.7684328752642706,0.7692328074204667,0.0007903485773894,IRSUICTHNK,Regresión Logística,v_grid_inicial,,,,,,,,
7.941602325439453,0.3604396054811483,0.7363936901092529,0.1181850194531801,1.0,0.0,"{'modelo__C': 1, 'modelo__l1_ratio': 0.0}",0.8129454141706258,0.8097187878456484,0.8159407896602144,0.8187691359762057,0.815364323659761,0.8145476902624911,0.0030434785091163,10,0.8316656140987286,0.8324232824924176,0.8307423091677859,0.8299280756260914,0.8308494280515623,0.8311217418873171,0.000852381145504,0.2897847367766554,0.3194767622979804,0.2987074874682723,0.2869082969510572,0.2855507135678029,0.2960855994123537,0.0125612767527625,10,0.3194408444633794,0.3167894711496705,0.3184790256155081,0.3209175186136592,0.3215171397082832,0.3194287999101001,0.0016997481624384,0.7287234042553191,0.7127659574468085,0.7127659574468085,0.7175843694493783,0.7317939609236235,0.7207267299043876,0.0080380672873507,10,0.7497781721384206,0.7497781721384206,0.7524401064773736,0.7490022172949002,0.7516629711751663,0.7505323278448562,0.0012958945640174,0.2025628388368654,0.1989114299851558,0.2020100502512563,0.197361993160723,0.2024570024570024,0.2006606629382006,0.002126358067766,10,0.208796639486039,0.2082819817599211,0.2093568695222812,0.2098136645962733,0.208358942839582,0.2089216196408193,0.0005876305816212,0.3170073274199768,0.3110251450676982,0.3148003132341425,0.3095785440613027,0.317167051578137,0.3139156762722515,0.0031009100990852,10,0.3266331658291457,0.326003086419753,0.3275712216320618,0.3278020378457059,0.3262752646775746,0.3268569552808482,0.0007100556574596,0.7488562766565002,0.7408061654738325,0.743019186604615,0.7415188085648033,0.7500346160985907,0.7448470106796684,0.0038400980143657,10,0.7606013322054848,0.7602444060535055,0.7619144530673623,0.7609766940272331,0.7609012646502951,0.7609276300007762,0.0005568100912305,0.7689891490576813,0.7688463735008566,0.7732724157624215,0.7654532476802284,0.768275271273558,0.7689672914549491,0.0025050584740206,2,0.7714244922725488,0.7707106399685905,0.7713887996573509,0.772951170759566,0.7701395581254239,0.7713229321566961,0.0009424531557753,0.7659883720930233,0.7646670190274841,0.7687632135306554,0.7618921775898521,0.7655609885027091,0.7653743541487448,0.0022145922825391,3,0.7698126920154603,0.7691519936572958,0.7699778666050014,0.7711671236496977,0.7687632135306554,0.7697745778916222,0.0008237028196167,IRSUICTHNK,Regresión Logística,v_grid_inicial,,,,,,,,
28.033208036422728,5.32227865303416,0.1980794429779052,0.0313497646234849,1.0,1.0,"{'modelo__C': 1, 'modelo__l1_ratio': 1.0}",0.813741818251779,0.810171543312636,0.8168856651315763,0.8192940084664213,0.8161164947104571,0.8152419059745739,0.00309338729962,8,0.8314874677273992,0.8321915496925922,0.8304629677399249,0.8297364049811258,0.8306331038955046,0.8309022988073093,0.0008519831701959,0.2908674154288562,0.3201698273598625,0.3019221877171765,0.2879054774911608,0.2858020264328249,0.2973333868859761,0.0126982411611011,9,0.3194321942776409,0.3162638894893393,0.3183481638845971,0.3200940956348547,0.3219646495498546,0.3192205985672573,0.0018889603761751,0.7287234042553191,0.7163120567375887,0.7216312056737588,0.7158081705150977,0.7300177619893428,0.7224985198342214,0.0059845387817978,8,0.7502218278615794,0.7502218278615794,0.7533274179236912,0.7494456762749445,0.7507760532150776,0.7507985606273744,0.0013335038992125,0.2023633677991137,0.1993093241243216,0.2040100250626566,0.1968734733756717,0.2016683022571148,0.2008448985237757,0.0024952745379457,7,0.2088169918498394,0.2086881401949895,0.2090875507942371,0.2094175960346964,0.2082410824108241,0.2088502722569173,0.0003941228317896,0.3167630057803468,0.31184870706291,0.3180930050801094,0.3088122605363985,0.3160322952710496,0.3143098547461629,0.0034518913025049,8,0.3267001545595054,0.3265424350680699,0.3273253012048193,0.3273607748184019,0.3260471834376504,0.3267951698176893,0.0004966557524338,0.7487135010996755,0.7422936640055733,0.7474518107180901,0.7405593315102255,0.748860965517801,0.7455758545702731,0.003466821877875,8,0.7607696211442673,0.7606803896062724,0.7620368752537399,0.7608593315697967,0.7605113445930476,0.7609715124334248,0.0005449494507783,0.768703597944032,0.768275271273558,0.7732724157624215,0.7653104925053533,0.7677041690462593,0.7686531893063248,0.0025906322579705,5,0.7713174144269551,0.7711389513509654,0.7707463325837884,0.7722729868646487,0.7702466359710176,0.7711444642394751,0.0006735146456787,0.7657241014799154,0.7644027484143763,0.7694238900634249,0.7616279069767442,0.7649002246597066,0.7652157743188335,0.002513961391736,6,0.7697466221796438,0.7695814475901027,0.7694493079184698,0.7705724951273496,0.7687962473572939,0.769629224034572,0.0005713221895401,IRSUICTHNK,Regresión Logística,v_grid_inicial,,,,,,,,
5.531564235687256,0.3127456905697376,0.5897322177886963,0.0616375020896262,,,"{'modelo__criterion': 'gini', 'modelo__max_depth': 6, 'modelo__max_features': 'sqrt', 'modelo__min_samples_leaf': 5, 'modelo__n_estimators': 150}",0.7968775947685416,0.7872354348680186,0.791485792313207,0.8024061727033343,0.7956388534133755,0.7947287696132953,0.0051196716232896,16,0.8164181532704237,0.8170154503418335,0.8142181960192189,0.8139769593175139,0.8143206607138349,0.815189883932565,0.0012658792049554,0.2543433471405844,0.2866710512304771,0.2588366489112408,0.260647537166374,0.2550016917933698,0.2631000552484092,0.0120170442094613,16,0.3218313895341327,0.3156783809450286,0.320520204325857,0.3246960668082919,0.3257157405607942,0.3216883564348209,0.0035431903080107,0.6897163120567376,0.6737588652482269,0.6914893617021277,0.6962699822380106,0.6891651865008881,0.6880799415491982,0.007584848102961,6,0.7298136645962733,0.7333629103815439,0.7236024844720497,0.719290465631929,0.7210643015521064,0.7254267653267805,0.0053336769361902,0.1902200488997555,0.1856375183194919,0.1911764705882352,0.1877394636015325,0.1820741435945565,0.1873695290007143,0.0032801246059906,16,0.2003166098392596,0.1953900709219858,0.1973142995402855,0.2010660716499318,0.1938714677477047,0.1975917039398335,0.002766248058909,0.298198543503258,0.2910762160091918,0.2995391705069124,0.2957374575631837,0.2880475129918337,0.2945197801148759,0.004334943916718,16,0.3143512325625836,0.3085682284860929,0.3100760456273764,0.3142801782600271,0.3055816575831611,0.3105714685038482,0.0033822410267383,0.7266399949775406,0.7178760060107496,0.7279548464707097,0.7270786028249296,0.7201536954777428,0.7239406291523345,0.004107746725701,8,0.7477101302957809,0.7452016393646663,0.74339099131694,0.7446216748490884,0.7398732650994997,0.744159540185195,0.0025639442565689,0.7635636778983438,0.7619931467732725,0.7644203312392919,0.7578872234118487,0.7511422044545973,0.7598013167554709,0.0048772687882732,16,0.7656065959952886,0.7570403683477889,0.7631794981618303,0.7699528840662478,0.7586822286468929,0.7628923150436095,0.0046748590941337,0.7580602536997886,0.7554175475687104,0.758985200845666,0.7533033826638478,0.7465309898242368,0.75445947492045,0.0044398903453554,16,0.7629414290905487,0.7552773281358396,0.7602325658220739,0.7661788510455552,0.7558800211416491,0.7601020390471332,0.0041499418717271,IRSUICTHNK,Random Forest,v_grid_inicial,gini,6.0,sqrt,5.0,150.0,,,
8.226190280914306,0.3585786050466714,0.7290437698364258,0.0472933188995011,,,"{'modelo__criterion': 'gini', 'modelo__max_depth': 6, 'modelo__max_features': 'sqrt', 'modelo__min_samples_leaf': 5, 'modelo__n_estimators': 200}",0.7959604390196483,0.7870950642186229,0.7924406671365095,0.8026867386020896,0.7962710727085157,0.7948907963370772,0.0051108235440388,15,0.8152349525777527,0.8168796077954825,0.8144735233162247,0.8145478874282798,0.8150795917619545,0.8152431125759388,0.0008695433146624,0.2554084514874089,0.2858825444816448,0.2587451889978477,0.2625566801297436,0.2541077216672482,0.2633401173527787,0.0116450557304265,15,0.3222605247980127,0.3160175641185445,0.3219939103507593,0.3259296174407317,0.3274471140179817,0.322729746145206,0.0039574675362689,0.6861702127659575,0.6719858156028369,0.6879432624113475,0.6962699822380106,0.6927175843694494,0.6870173714775204,0.0083141548796748,7,0.7267080745341615,0.7289263531499557,0.7213842058562555,0.7184035476718403,0.7232815964523281,0.7237407555329083,0.0037401964090989,0.1915841584158416,0.1864240039350713,0.192174343734522,0.1873804971319311,0.1840490797546012,0.1883224165943934,0.0031057653822466,14,0.2003914851969659,0.195455626933143,0.1978342864095388,0.1999012833168805,0.1952358151783576,0.1977636994069772,0.0021539221375272,0.2995356037151703,0.2918752406623026,0.3004258614014711,0.2952919020715631,0.29082774049217,0.2955912696685354,0.0038864058213979,14,0.3141542002301496,0.3082551594746717,0.3105127470638785,0.312771503040834,0.3074747855594307,0.3106336790737929,0.0025540144398932,0.7265088642356343,0.717917522307415,0.727538164615154,0.7267930924751795,0.7229293233097961,0.7243373933886358,0.0035829620744278,6,0.7467105708002928,0.7437685982832264,0.7430313969281992,0.7434821850295239,0.7416600722383709,0.7437305646559226,0.0016564630982143,0.7668475157053113,0.7638492290119931,0.7671330668189605,0.7573162027123483,0.7531410622501428,0.7616574152997513,0.0055335042264985,14,0.766713067066424,0.7586108434164971,0.7646785880001428,0.7685608223872074,0.7600385480244137,0.763720373778937,0.0038201432367743,0.7608350951374208,0.7570031712473573,0.7612315010570825,0.7527748414376322,0.7486454341218448,0.7560980086002675,0.0048207127985308,14,0.7637342671203462,0.7564005153447194,0.7614548577846784,0.7648244194113177,0.7573004756871036,0.760742907069633,0.0033710696072612,IRSUICTHNK,Random Forest,v_grid_inicial,gini,6.0,sqrt,5.0,200.0,,,
5.5864348888397215,0.2638979767368255,0.703089427947998,0.1081479865231505,,,"{'modelo__criterion': 'gini', 'modelo__max_depth': 6, 'modelo__max_features': 'sqrt', 'modelo__min_samples_leaf': 10, 'modelo__n_estimators': 150}",0.797517806440899,0.7894630120174491,0.7929872139932197,0.8039186675845597,0.7971508034485242,0.7962075006969302,0.0048564841190816,11,0.8158850918217071,0.8172710785082666,0.813723234141117,0.8148307080781207,0.8138840078644047,0.8151188240827233,0.0013247504346345,0.2574783895512035,0.2865183793079265,0.2605775809824892,0.2654957871120637,0.2573893092758401,0.2654918892459046,0.0109190815067733,10,0.3201387060946759,0.3136211952521022,0.3158864342521655,0.3263206996730526,0.3220921517361925,0.3196118374016378,0.0044989955497778,0.6843971631205674,0.6808510638297872,0.6843971631205674,0.7122557726465364,0.6962699822380106,0.6916342289910938,0.0115565147568314,3,0.7275953859804791,0.7258207630878438,0.7209405501330968,0.7201773835920178,0.719290465631929,0.7227649096850733,0.0033095945913438,0.1882926829268292,0.1877750611246944,0.1894013738959764,0.1910433539780848,0.1856939838938891,0.1884412911638948,0.001772350634074,13,0.1997807284687538,0.1956703743571343,0.1968980976614564,0.1992638036809816,0.1966775797259609,0.1976581167788574,0.001585806590967,0.2953328232593726,0.294365657339977,0.2966948501152959,0.3012772351615327,0.2931937172774869,0.296172856630733,0.0027990732041582,13,0.3134856159801204,0.308243052284503,0.3093175977919482,0.3121576165305141,0.3088935440868406,0.3104194853347853,0.002034786026069,0.7234093182821569,0.7218504319720038,0.724265971623105,0.7349287428543174,0.7254194000282,0.7259747729519567,0.0046258786032498,4,0.7465652983726859,0.7428939629409308,0.7421849483006562,0.743619531316283,0.7414134449728693,0.7433354371806851,0.0017734311947079,0.7624214734437464,0.7628498001142204,0.7641347801256425,0.7576017130620984,0.7545688178183895,0.7603153169128195,0.0036286002085099,15,0.7655352107648927,0.7599671627940179,0.7634293464682157,0.7670616790405482,0.7635364243138095,0.7639059646762968,0.0023870844656012,0.7566067653276956,0.7567389006342494,0.7581923890063424,0.7542283298097252,0.7502312673450509,0.7551995304246126,0.0027904853293683,15,0.7627101846651911,0.7574245977998745,0.7602656007399822,0.7635690925308051,0.7602404862579282,0.7608419923987563,0.0021586959165576,IRSUICTHNK,Random Forest,v_grid_inicial,gini,6.0,sqrt,10.0,150.0,,,
7.622688007354736,0.4738647819284905,0.7269802093505859,0.0580251185470564,,,"{'modelo__criterion': 'gini', 'modelo__max_depth': 6, 'modelo__max_features': 'sqrt', 'modelo__min_samples_leaf': 10, 'modelo__n_estimators': 200}",0.7966664692111093,0.7896128757224847,0.7930913844571086,0.8040476036528084,0.7977407987113174,0.7962318263509657,0.0048420072189772,10,0.8151573361831685,0.81707580633244,0.8137439387082738,0.8152923226638944,0.8146209139572925,0.8151780635690139,0.0010938045682348,0.2565485498887757,0.2891556731419877,0.2612665658194275,0.2658001262728365,0.2580202690846588,0.2661582368415373,0.0119290516597364,9,0.3203133953492761,0.3141145041479162,0.3152894634990612,0.3278259985679593,0.3236635548018325,0.320241383273209,0.0051245095403428,0.6861702127659575,0.6861702127659575,0.6826241134751773,0.7087033747779752,0.69449378330373,0.6916323394177595,0.0093853705215676,4,0.7231588287488908,0.7249334516415262,0.7187222715173026,0.7237250554323725,0.720620842572062,0.7222320899824308,0.0022494483441406,0.1901719901719901,0.1893346379647749,0.1916376306620209,0.1895486935866983,0.1864568431092036,0.1894299590989376,0.0016903861410598,11,0.1996081312760225,0.1964414522721808,0.1978746793697325,0.2002699717756779,0.1974003887269193,0.1983189246841066,0.0014166582687225,0.2978068487879954,0.2967791411042945,0.2992615623785464,0.2991004497751124,0.293984962406015,0.2973865928903927,0.0019271491196562,11,0.3128598848368522,0.3091184260310253,0.3103151039172493,0.3137254901960784,0.3099075045294174,0.3111852819021245,0.0017843077703766,0.7254380475594493,0.7247955575537384,0.7253783045959552,0.7325815232205365,0.7254593416804201,0.7267305549220199,0.0029357514941752,3,0.7449359479076574,0.7431820058293294,0.7421644337562956,0.7455539897378882,0.7423998669797169,0.7436472488421775,0.0013614374223931,0.7647058823529411,0.7634209023415192,0.7681324957167333,0.7564596716630978,0.7564249000571103,0.7618287704262804,0.0046600138649397,11,0.766713067066424,0.7614305600171325,0.7656065959952886,0.7673829240434038,0.7641788913873719,0.7650624077019241,0.0021154920000286,0.758853065539112,0.7576638477801269,0.7617600422832981,0.752906976744186,0.7518171005682569,0.756600206582996,0.0037242089177973,12,0.7634699877770804,0.7587129595982954,0.762115556142843,0.7641306861352449,0.7609341966173362,0.76187267725416,0.0019273586453348,IRSUICTHNK,Random Forest,v_grid_inicial,gini,6.0,sqrt,10.0,200.0,,,
18.52017698287964,0.5703788745124994,0.7837112426757813,0.0904714703876029,,,"{'modelo__criterion': 'gini', 'modelo__max_depth': 12, 'modelo__max_features': 'sqrt', 'modelo__min_samples_leaf': 5, 'modelo__n_estimators': 150}",0.8003601538735717,0.7977276662575792,0.7951284676233641,0.805672679879761,0.8030658451450733,0.8003909625558698,0.0037373649545517,5,0.9154076310431248,0.9173196958406448,0.91708988702163,0.9147193130691236,0.9148907374656202,0.9158854528880288,0.0011032106773951,0.2567727960718719,0.2970115552171342,0.2649959034880312,0.2585166358865268,0.2488767612530306,0.265234730383319,0.0166981670540896,11,0.6569543926864385,0.659474717165565,0.6521415579080463,0.6647452626561997,0.6528994844912802,0.6572430829815059,0.0046095257675544,0.5407801418439716,0.5195035460992907,0.4875886524822695,0.5062166962699822,0.5364120781527532,0.5181002229696534,0.0196155357644242,16,0.7852706299911268,0.7888198757763976,0.7848269742679681,0.7778270509977827,0.7871396895787139,0.7847768441223978,0.0037543336451699,0.2567340067340067,0.2530224525043177,0.2534562211981567,0.2423469387755102,0.2455284552845528,0.2502176148993089,0.0053806097764309,2,0.3660049627791563,0.3743157894736842,0.3769443852546346,0.3710598688385868,0.3696376509787588,0.3715925314649642,0.0037784834041073,0.3481735159817352,0.3403019744483159,0.3335354760460885,0.327774583093732,0.3368655883993307,0.3373302275938404,0.0068166641861372,2,0.4992947813822285,0.5077098800685322,0.5092845832733554,0.5024348324262389,0.5030466203769307,0.5043541395054572,0.0036485811222981,0.7073546625838933,0.6980013447229749,0.6859702257271427,0.6895109177281389,0.7019581807097289,0.6965590662943758,0.0078686141797898,15,0.8379185358971588,0.8413707117040963,0.8402308837146315,0.8358545591939228,0.8395490716873117,0.8389847524394243,0.0019234878970476,0.873929183323815,0.876499143346659,0.884351798972016,0.8728051391862955,0.8675042832667047,0.8750179096190982,0.005510931004937,2,0.8905664418031909,0.893921547631795,0.8956347931612949,0.8938820673900628,0.8919584537959097,0.8931926607564508,0.0017544720618018,0.8491014799154334,0.8498942917547568,0.8547832980972516,0.8455338266384778,0.8428703581340029,0.8484366509079845,0.0040560238899117,2,0.882726041425787,0.8860956030524264,0.8873839648508474,0.8852366951868125,0.8841503699788583,0.8851185348989464,0.0015976335768093,IRSUICTHNK,Random Forest,v_grid_inicial,gini,12.0,sqrt,5.0,150.0,,,
27.90629200935364,3.236753762903401,0.511706018447876,5.189984771019879,,,"{'modelo__criterion': 'gini', 'modelo__max_depth': 12, 'modelo__max_features': 'sqrt', 'modelo__min_samples_leaf': 5, 'modelo__n_estimators': 200}",0.8001394086864243,0.7977033640351411,0.7945707822480366,0.8052398502465252,0.8040883514419063,0.8003483513316066,0.0039581379915954,6,0.9157100206526276,0.9172204722706224,0.9174313896566602,0.9149298516147252,0.9153808580108987,0.9161345184411068,0.001006041276354,0.2565133276994408,0.294617923445298,0.2608748316228719,0.2590284915216918,0.2505304909843929,0.2643130130547391,0.0155494556781433,14,0.6588779078840368,0.6611720138059078,0.653545127622276,0.6648278542063177,0.6569314091896464,0.6590708625416369,0.0038132932802717,0.5354609929078015,0.5212765957446809,0.4840425531914893,0.5097690941385435,0.5435168738898757,0.5188132219744782,0.0209011127037116,15,0.7834960070984915,0.7870452528837621,0.7843833185448092,0.7773835920177383,0.7853658536585366,0.7835348048406676,0.0032934749187012,0.2585616438356164,0.2541054451166811,0.2527777777777777,0.2446717817561807,0.2469733656174334,0.2514180028207379,0.0050073793444903,1,0.3698429319371727,0.3726107960512497,0.3756906077348066,0.3719499257373223,0.3695742904841402,0.3719337103889383,0.0022141003780564,0.348729792147806,0.3416618245206275,0.3321167883211678,0.3306451612903225,0.3396226415094339,0.3385552415578716,0.006608097002746,1,0.5024896855882771,0.5057733428367783,0.5080459770114942,0.5031572904707233,0.5026252305945793,0.5044183053003705,0.0021689157689396,0.7059086803488179,0.6990306451024946,0.6844113394169897,0.6916440045996073,0.7051536396862286,0.6972296618308276,0.0082081335813095,14,0.8380484639839818,0.8402157056437942,0.8397592075466667,0.8358648399837407,0.8387692315728168,0.8385314897462001,0.0015326271696668,0.8763563677898344,0.8767846944603084,0.88478012564249,0.8735189150606709,0.8667904054825813,0.8756461016871769,0.005799647286998,1,0.8926009208694721,0.8933861584038263,0.8951350965485241,0.894346087949743,0.8921726094870971,0.8935281746517324,0.001092584573606,0.8509513742071881,0.8502906976744186,0.8549154334038055,0.8464587737843552,0.8427382053654024,0.849070896887034,0.004149912891136,1,0.8844768920749232,0.8854679396121701,0.8868884410822239,0.8856331142017112,0.8842164376321353,0.8853365649206328,0.0009494464651244,IRSUICTHNK,Random Forest,v_grid_inicial,gini,12.0,sqrt,5.0,200.0,,,
22.4913911819458,0.3455028493132345,-0.5549726963043213,2.499163588259682,,,"{'modelo__criterion': 'gini', 'modelo__max_depth': 12, 'modelo__max_features': 'sqrt', 'modelo__min_samples_leaf': 10, 'modelo__n_estimators': 150}",0.804045484647071,0.8011520012880178,0.80003802285219,0.808827746737613,0.8076950192379284,0.8043516549525641,0.003468499045386,2,0.8952578512747948,0.8955423549886162,0.8959459713251167,0.8942782379026998,0.8951710898997259,0.8952391010781907,0.0005513372130485,0.2699222367484569,0.313644086551778,0.2718034828133704,0.2799878109888916,0.2650850229206359,0.2800885280046265,0.017453287769703,1,0.5402703966142693,0.5390111634653625,0.5367339070110203,0.550435511155859,0.5462276370198335,0.542535723053269,0.0050448424029768,0.5904255319148937,0.5975177304964538,0.574468085106383,0.5914742451154529,0.5932504440497336,0.5894272073365834,0.0078617562604679,9,0.7808340727595386,0.7817213842058562,0.7715173025732032,0.7747228381374723,0.7787139689578714,0.7775019133267884,0.0038448699488333,0.2325418994413408,0.2396870554765291,0.2416107382550335,0.2336842105263158,0.2282980177717019,0.2351643842941842,0.0048626199608794,5,0.3038674033149171,0.3057965984033322,0.3079511244908801,0.3075162823446576,0.3085031623330991,0.3067269141773772,0.0016922848647832,0.3336673346693387,0.3421319796954314,0.3401574803149606,0.335010060362173,0.3297137216189536,0.3361361153321714,0.0044884693282148,4,0.4374844643301019,0.4396207584830339,0.4401974433615997,0.4402721774193548,0.4419277714860953,0.4399005230160371,0.0014318961424822,0.7167575974822897,0.7224453301254399,0.714632671907846,0.7177927970759277,0.7160284201973397,0.7175313633577687,0.0026636584194734,9,0.8184607241407715,0.819475461707097,0.8160152811898747,0.8171515390002039,0.8191139177694379,0.818043384761477,0.0012868294693444,0.8430896630496859,0.847372929754426,0.854797258709309,0.8441113490364026,0.8388063963449457,0.8456355193789538,0.0053366180951269,6,0.8560873755220045,0.8572295392083378,0.860513259806546,0.8595802398629354,0.8595138665810044,0.8585848561961656,0.0016520825208833,0.8242600422832981,0.828752642706131,0.8339059196617337,0.8253171247357294,0.820536540240518,0.8265544539254821,0.004514126179316,6,0.8504839615473555,0.8516071487562353,0.8538865580919032,0.8532588946516468,0.8534949788583509,0.8525463083810984,0.001291458045646,IRSUICTHNK,Random Forest,v_grid_inicial,gini,12.0,sqrt,10.0,150.0,,,
22.0788845539093,2.3634766654671653,0.9363730907440184,0.1207758177540316,,,"{'modelo__criterion': 'gini', 'modelo__max_depth': 12, 'modelo__max_features': 'sqrt', 'modelo__min_samples_leaf': 10, 'modelo__n_estimators': 200}",0.8043079992790341,0.8014643861056094,0.8004645774856112,0.8097791098213278,0.8080614680471854,0.8048155081477535,0.0036219270854773,1,0.895574112548412,0.8955203915204354,0.8966229592066345,0.8945886085366487,0.8957542328394694,0.89561206093032,0.0006479855460295,0.2714287297532976,0.3124835891958844,0.2707878193317456,0.2799536087230567,0.2635573877429327,0.2796422269493834,0.0172234500351215,2,0.5444808190382862,0.5407336256934421,0.5405000678731924,0.552561785061586,0.5494574494477505,0.5455467494228514,0.0047807041736646,0.5815602836879432,0.5957446808510638,0.574468085106383,0.5879218472468917,0.5896980461811723,0.5858785886146908,0.0072794269789635,10,0.7781721384205856,0.7763975155279503,0.774622892635315,0.7747228381374723,0.7831485587583149,0.7774127886959277,0.0031472465379911,0.2331201137171286,0.2417266187050359,0.2414307004470939,0.2319551506657323,0.2261580381471389,0.2348781243364259,0.005958395897701,6,0.3058413251961639,0.3044537230340988,0.3112299465240641,0.3072999120492524,0.3084177436255675,0.3074485300858293,0.0023157093651932,0.3328259766615931,0.3439099283520982,0.3399790136411332,0.3326633165829146,0.326932545544067,0.3352621561563612,0.0059850490239044,6,0.4391037676805607,0.4373906523369157,0.4440488301119023,0.4400503778337531,0.4425510587645658,0.4406289373455395,0.0023890408408241,0.7137527289370613,0.7226296219789299,0.7145612841294336,0.715731087791897,0.7137525068141727,0.716085445930299,0.0033513893396928,10,0.8180399186588418,0.8168492199833419,0.8183533137552848,0.8170801512217916,0.8209029012872846,0.818245100981309,0.0014438354448505,0.8459451741861793,0.8495145631067961,0.8546544831524843,0.8435403283369022,0.8378069674471731,0.846292303245907,0.0056569214154385,5,0.8579076988970982,0.8573009244387336,0.8620837348752544,0.8594374643061108,0.8586572438162544,0.8590774132666903,0.0016654304545355,0.8262420718816068,0.8306025369978859,0.8337737843551797,0.8245243128964059,0.8193471653231135,0.8268979742908383,0.0049815608265738,5,0.8519705328532259,0.8512767995771531,0.8555713389052229,0.8531267549800139,0.8530325052854123,0.8529955863202057,0.0014600021975867,IRSUICTHNK,Random Forest,v_grid_inicial,gini,12.0,sqrt,10.0,200.0,,,
6.458652400970459,0.3100474929866411,0.5951865673065185,0.0420684448716747,,,"{'modelo__criterion': 'entropy', 'modelo__max_depth': 6, 'modelo__max_features': 'sqrt', 'modelo__min_samples_leaf': 5, 'modelo__n_estimators': 150}",0.7987832940447405,0.7878657737625107,0.7922395409310182,0.8023254133370861,0.795577989943326,0.7953584024037363,0.0050236266506757,14,0.8173850605154515,0.8167368135818414,0.8149732199289954,0.81394114671249,0.8140871629491344,0.8154246807375823,0.001397027227664,0.2554029804799625,0.2898963948445545,0.2608842990042936,0.2599762943126598,0.2562448716111002,0.2644809680505141,0.0128795588101937,13,0.32686231024758,0.319239574060823,0.3236531328556282,0.3274612840083561,0.3280958751359213,0.3250624352616617,0.0032890007169681,0.6826241134751773,0.6790780141843972,0.6879432624113475,0.6927175843694494,0.6891651865008881,0.6863056321882519,0.0048531238688671,8,0.7324755989352263,0.7311446317657497,0.7222715173025732,0.7184035476718403,0.7197339246119734,0.7248058440574725,0.0058675710045493,0.1884483602545276,0.1869204489995119,0.1939030484757621,0.1870503597122302,0.1847619047619047,0.1882168244407873,0.0030778060966931,15,0.2000969579444916,0.1963541046109853,0.1999263170821564,0.2011922503725782,0.1971574344023323,0.1989454128825088,0.0018573235253495,0.2953586497890295,0.2931496364332185,0.3025341130604289,0.2945619335347432,0.2914006759294029,0.2954010017493646,0.0038120429846989,15,0.3143265111851499,0.3095707711092326,0.3131672597864768,0.3143494712331425,0.3095260799084581,0.3121880186444919,0.0021972639053517,0.7229511201299359,0.7206069682572471,0.728823144626576,0.7253737814780865,0.7223667166085251,0.7240243462200742,0.0028435000957364,7,0.7484521693144919,0.7451989711279047,0.7448670646440767,0.7444102261488842,0.7419207153844747,0.7449698293239664,0.0020880617751839,0.7632781267846944,0.7621359223300971,0.7697030268418047,0.7580299785867237,0.7555682467161622,0.7617430602518963,0.0048535993991756,13,0.7644287396937574,0.7592533104900596,0.7674626119855802,0.770416904625928,0.7641075061569761,0.7651338145904603,0.0037273343213563,0.7572674418604651,0.755946088794926,0.7636099365750528,0.7531712473572939,0.7506277256508523,0.756124488047718,0.0043887614833805,13,0.7620494863070265,0.7571603184566086,0.7640976512173367,0.7665422351425457,0.7608020613107822,0.76213035048686,0.0031561719823799,IRSUICTHNK,Random Forest,v_grid_inicial,entropy,6.0,sqrt,5.0,150.0,,,
7.801853275299072,0.3612810897702254,0.6371529579162598,0.0500150746003605,,,"{'modelo__criterion': 'entropy', 'modelo__max_depth': 6, 'modelo__max_features': 'sqrt', 'modelo__min_samples_leaf': 5, 'modelo__n_estimators': 200}",0.7975046427370782,0.7888471025675299,0.7943907939131033,0.8027043611325582,0.7959813372313004,0.7958856475163141,0.0044922346269501,13,0.8167630446453176,0.817066954437189,0.8154775721002703,0.8144734842680965,0.814143448066493,0.8155849007034732,0.0011755048314552,0.2547776534747772,0.2906815898742984,0.2632924658318167,0.2600651283467195,0.2554495699988448,0.2648532815052913,0.0132846689062752,12,0.3274308510225619,0.3205555354197424,0.3254856901208705,0.3294204414136139,0.328712374297748,0.3263209784549074,0.00317790188076,0.6897163120567376,0.6808510638297872,0.6879432624113475,0.69449378330373,0.6909413854351687,0.6887891614073542,0.0045113928189769,5,0.7324755989352263,0.7320319432120674,0.7191659272404614,0.71529933481153,0.7161862527716186,0.7230318113941807,0.0076391808867953,0.1909671084928816,0.1872257435397367,0.1946813848469643,0.1888888888888888,0.1849738468854018,0.1893473945307747,0.0033140451225054,12,0.2006562955760816,0.1964051898583502,0.1995568139849809,0.2007467330429371,0.1964720194647202,0.198767410385414,0.0019471861126457,0.2991157247212611,0.2936902485659656,0.3034806413766132,0.2969996202050892,0.2918229557389347,0.2970218381215727,0.0041043601501579,12,0.3150162182789544,0.3097137494134209,0.312421701840609,0.3135082604470359,0.3083532219570405,0.3118026303874122,0.0024446436445479,0.7272110972048393,0.7214221053015298,0.7293942468538748,0.7274039223442277,0.7231120405188407,0.7257086824446625,0.002960802807959,5,0.7488626343892679,0.7455355490054698,0.7435462716118072,0.7430365891647599,0.7402182646946932,0.7442398617731996,0.0028688327733694,0.7647058823529411,0.7619931467732725,0.770845231296402,0.7603140613847252,0.7552826956025128,0.7626282034819708,0.0051293534148213,9,0.7652496698433094,0.7590391547988721,0.767926615983153,0.7707738435179897,0.7642502766177678,0.7654479121522184,0.0039256927871367,0.7591173361522199,0.755946088794926,0.7646670190274841,0.7554175475687104,0.7504955728822519,0.7571287128851185,0.0046713149063383,10,0.7628092894189158,0.7570281787849757,0.7642958607247861,0.7666413398962704,0.7606699260042283,0.7622889189658353,0.0032722681445196,IRSUICTHNK,Random Forest,v_grid_inicial,entropy,6.0,sqrt,5.0,200.0,,,
6.073074054718018,0.3447739844120239,0.5894336700439453,0.0502176105121456,,,"{'modelo__criterion': 'entropy', 'modelo__max_depth': 6, 'modelo__max_features': 'sqrt', 'modelo__min_samples_leaf': 10, 'modelo__n_estimators': 150}",0.7968301294903417,0.7908938053635005,0.7941018252994236,0.8018995566475609,0.7970351628554299,0.7961520959312512,0.0036366487524638,12,0.8149757139781941,0.8178374414519971,0.8145935702176511,0.812903799982525,0.814070543327867,0.8148762137916469,0.0016369592581423,0.2571774753408497,0.2915201248526912,0.2630638126926044,0.2616006358870715,0.2591241242589371,0.2664972346064307,0.012673837384927,7,0.3212152182516227,0.3177303693885377,0.3168351139117658,0.3224966980529553,0.3248299854152697,0.3206214770040302,0.00297575450633,0.6914893617021277,0.6950354609929078,0.6861702127659575,0.6962699822380106,0.6962699822380106,0.6930469999874027,0.0038586434368225,1,0.7200532386867791,0.7338065661047027,0.7209405501330968,0.7197339246119734,0.7175166297117517,0.7224101818496609,0.0058086449000203,0.1935483870967742,0.18900675024108,0.1927290836653386,0.1872015281757402,0.1864003804089396,0.1897772259175745,0.0028832640537101,10,0.1989946051986267,0.1965304182509505,0.1979534657083688,0.1992633517495396,0.197437461866992,0.1980358605548955,0.0010056989962944,0.3024428072896472,0.2971948445792267,0.3009331259720062,0.2950696273993225,0.2940735183795949,0.2979427847239594,0.003255088735728,10,0.3118155619596541,0.3100281162136832,0.3106183694924974,0.3121153846153846,0.3096650717703349,0.3108485008103108,0.0009660949688936,0.7297395409310181,0.7274434872069051,0.7273655175765824,0.7266503373003044,0.7259905022554987,0.7274378770540617,0.0012663361829739,2,0.7434366917993984,0.7462265510681989,0.7429701858350104,0.7434691896046732,0.7413831497775305,0.7434971536169623,0.0015620982901553,0.7679897201599086,0.7598515134209023,0.7685608223872074,0.7570306923625981,0.7557110222729868,0.7618287541207207,0.0054338893264625,12,0.7668201449120177,0.7586465360316951,0.764999821536924,0.767204454597373,0.7652496698433094,0.7645841253842639,0.0030898747078679,0.7622885835095138,0.7550211416490487,0.7624207188160677,0.7525105708245243,0.7512884894938548,0.7567059008586019,0.0047668237528078,11,0.7633378481054475,0.7567969343596181,0.7617191371279443,0.7636681972845297,0.7616939746300211,0.7614432183015122,0.0024603706213739,IRSUICTHNK,Random Forest,v_grid_inicial,entropy,6.0,sqrt,10.0,150.0,,,
7.568316078186035,0.3564451407552283,0.6535550594329834,0.0548977265875254,,,"{'modelo__criterion': 'entropy', 'modelo__max_depth': 6, 'modelo__max_features': 'sqrt', 'modelo__min_samples_leaf': 10, 'modelo__n_estimators': 200}",0.7952721291987153,0.7910831601799984,0.7950416378077776,0.802925213276992,0.7980451160615655,0.7964734513050098,0.0039151977154779,9,0.813865679979632,0.8177181942298375,0.8149992451344426,0.8140367446033372,0.8145665203111162,0.815037276851673,0.001398862404318,0.254778168572771,0.2916775928688961,0.2637453853220614,0.2637006985387855,0.2601069532967652,0.2668017597198558,0.0128619769622094,6,0.320962389336239,0.3176852023917554,0.3170477332193251,0.3243889152654281,0.3246257554453806,0.3209419991316257,0.0032007417632035,0.6879432624113475,0.6879432624113475,0.6861702127659575,0.7033747779751333,0.6962699822380106,0.6923402995603593,0.0065412531255589,2,0.7196095829636202,0.7311446317657497,0.7213842058562555,0.7210643015521064,0.719290465631929,0.7224986375539322,0.0043975333356925,0.1916049382716049,0.1891760117016089,0.1922503725782414,0.1890214797136038,0.1881901104176668,0.1900485825365452,0.0015836894423648,9,0.1990184049079754,0.1966587112171837,0.1989720998531571,0.1993868792152054,0.198167379352474,0.1984406949091991,0.0009758659816018,0.2997296253379683,0.2967495219885277,0.3003492433061699,0.2979683972911964,0.2962962962962963,0.2982186168440317,0.0015961755290222,9,0.3118031526336025,0.3099492194846718,0.3119125263763668,0.3123919308357348,0.310727969348659,0.3113569597358069,0.0008895244902331,0.7271098379446801,0.7252537557059593,0.7270085786845207,0.7304168679311783,0.7274182578237455,0.7274414596180169,0.0016695508495958,1,0.7433040954758137,0.745430973126691,0.7438701733853501,0.744009449462518,0.7425199160440046,0.7438269214988755,0.0009581001114023,0.7662764134780126,0.7625642490005711,0.767846944603084,0.7574589578872234,0.7585665334094803,0.7625426196756744,0.0040921980914219,10,0.7669986079880072,0.7597173144876325,0.7663561409144448,0.7669545973729297,0.7657493664560803,0.765155205443819,0.0027568777854283,0.760438689217759,0.7570031712473573,0.7617600422832981,0.7534355179704016,0.7539315448658649,0.7573137931169363,0.0033499616290421,9,0.7634699877770804,0.7575897723894156,0.7630074989263652,0.7635360576128968,0.7622885835095138,0.7619783800430544,0.0022390373845902,IRSUICTHNK,Random Forest,v_grid_inicial,entropy,6.0,sqrt,10.0,200.0,,,
17.48566198348999,0.4384141502952633,0.6649929046630859,0.0702535288666085,,,"{'modelo__criterion': 'entropy', 'modelo__max_depth': 12, 'modelo__max_features': 'sqrt', 'modelo__min_samples_leaf': 5, 'modelo__n_estimators': 150}",0.799292121827041,0.7947415306754804,0.795867407074377,0.8041454784263461,0.8011803455624951,0.7990453767131479,0.0034424582601616,8,0.9148360503901184,0.9141805192493252,0.9156060623479364,0.9127807312514484,0.9133579335384512,0.914152259355456,0.0010093517509048,0.2629433543988762,0.2998657651721966,0.2571496051028831,0.266120130343788,0.2451151023472055,0.2662387914729899,0.0182782433362371,8,0.6527368665807985,0.6547561405301406,0.6490004421133893,0.6544740139351086,0.6543891526601747,0.6530713231639224,0.0021553078328563,0.5425531914893617,0.5319148936170213,0.4858156028368794,0.5079928952042628,0.5310834813499112,0.5198720128994873,0.0204260439957759,14,0.7834960070984915,0.7879325643300799,0.7812777284826974,0.775609756097561,0.7778270509977827,0.7812286214013224,0.0043180696777438,0.2593220338983051,0.2506265664160401,0.2484134179510426,0.2393305439330544,0.2413236481033091,0.2478032420603503,0.0071385963864832,4,0.3677634319033735,0.3636363636363636,0.3685642528254499,0.3680555555555556,0.3650364203954214,0.3666112048632328,0.0019265408826342,0.3509174311926605,0.3407155025553662,0.3287342531493701,0.3253697383390216,0.3318534961154273,0.3355180842703692,0.0092367909863564,5,0.5005668934240363,0.4976183804987391,0.5008532423208191,0.499215070643642,0.4968838526912181,0.4990274879156909,0.0015696554676044,0.7088836774122993,0.7019226095726454,0.6837273331146133,0.6891142206214034,0.6984372289673599,0.6964170139376643,0.0089907657055766,16,0.83756661367881,0.8384999581474792,0.8367965542152931,0.8342105034057195,0.8344644410144713,0.8363076140923547,0.0016985685199948,0.875214163335237,0.8719303255282695,0.8816390633923472,0.8702355460385439,0.8657909765848086,0.8729620149758412,0.0052968886913556,3,0.8916372202591284,0.8890673519648785,0.8923153799478888,0.8928112507138778,0.8911018310311597,0.8913866067833865,0.0012973108475795,0.8504228329809725,0.8465909090909091,0.8521405919661733,0.8432875264270613,0.8408880666049954,0.8466659854140222,0.0042163773049083,4,0.883584949291401,0.8815367843810908,0.8840474381421162,0.8840804730600245,0.8826638477801269,0.8831826985309519,0.0009688982263163,IRSUICTHNK,Random Forest,v_grid_inicial,entropy,12.0,sqrt,5.0,150.0,,,
24.72254285812378,2.4645881331775628,2.832062816619873,2.705966661768082,,,"{'modelo__criterion': 'entropy', 'modelo__max_depth': 12, 'modelo__max_features': 'sqrt', 'modelo__min_samples_leaf': 5, 'modelo__n_estimators': 200}",0.8002232007242063,0.7954045256813737,0.7968754430092632,0.8056260245472975,0.8017778219601486,0.7999814031844578,0.0036260759254555,7,0.9144969626281216,0.9144800505992702,0.9159182856371364,0.9127220856374756,0.9138391902857204,0.9142913149575448,0.0010384452876255,0.2631009249363807,0.3014577481204883,0.2599948508536607,0.2684566770812225,0.2476746433434854,0.2681369688670475,0.0180041058286519,5,0.6567884716189665,0.6580863740348507,0.6537696895843381,0.6569374967282009,0.657974501737105,0.6567113067406922,0.0015618386271232,0.5460992907801419,0.5390070921985816,0.4893617021276595,0.5062166962699822,0.5310834813499112,0.5223536525452552,0.021289774299484,13,0.7834960070984915,0.7883762200532387,0.7812777284826974,0.7773835920177383,0.7831485587583149,0.7827364212820962,0.0035590651555468,0.2564529558701082,0.2550335570469799,0.2527472527472527,0.2392947103274559,0.239967897271268,0.2486992746526129,0.0075008214703495,3,0.3657071857527438,0.3625050999592003,0.3715189873417721,0.3676593959731543,0.3662380754873496,0.3667257489028441,0.0029303926474354,0.3490084985835694,0.3462414578587699,0.3333333333333333,0.3249714937286203,0.3305693753454947,0.3368248317699575,0.009262154210065,3,0.4986587604122547,0.4966461710452767,0.5035744924220761,0.4992168588922113,0.4990815317224812,0.49943556289886,0.0022666290446632,0.7093003592678551,0.7061111988691366,0.6864284238793638,0.6884402539165757,0.6979375145184736,0.6976435500902809,0.009144926544453,13,0.8370847633736381,0.8384183987798763,0.8374747139040535,0.8348832580305711,0.8370359633567425,0.8369794194889764,0.0011596693804672,0.8725014277555683,0.8732153055396916,0.883495145631068,0.8706638115631692,0.864791547687036,0.8729334476353067,0.0060540454619373,4,0.8906735196487847,0.8884605775065139,0.8936716993254096,0.8923829240434038,0.89092336795517,0.8912224176958563,0.0017529538800844,0.8481765327695561,0.8483086680761099,0.854122621564482,0.8435517970401691,0.8399629972247918,0.8468245233350217,0.0047975854521375,3,0.8826930065078789,0.8810082256945592,0.885302765022629,0.8838161937167586,0.8828950845665962,0.8831430551016843,0.0014098930639105,IRSUICTHNK,Random Forest,v_grid_inicial,entropy,12.0,sqrt,5.0,200.0,,,
15.882002449035644,0.4943990220947606,0.6539978504180908,0.0717639509843156,,,"{'modelo__criterion': 'entropy', 'modelo__max_depth': 12, 'modelo__max_features': 'sqrt', 'modelo__min_samples_leaf': 10, 'modelo__n_estimators': 150}",0.803757655200068,0.7990837808992632,0.801458437124075,0.808062497860574,0.8052632700116553,0.8035251282191271,0.0030873842342329,4,0.8954886893839553,0.8950384462038655,0.8963536098108009,0.8935258803648469,0.893370061113513,0.8947553373753964,0.0011491723471712,0.2746124585185379,0.3069346481330535,0.2734542349001816,0.2714886786834476,0.2618975648014993,0.277677517007344,0.0153004511595018,4,0.5479953074813564,0.5445215617890454,0.537466099437873,0.5470679567313081,0.5442872071282118,0.544267626513559,0.0036895282032263,0.5957446808510638,0.5957446808510638,0.5691489361702128,0.5683836589698046,0.5879218472468917,0.5833887608178074,0.0122785347641579,12,0.7808340727595386,0.7781721384205856,0.771960958296362,0.7751662971175166,0.7738359201773836,0.7759938773542774,0.0031552628159121,0.2317241379310345,0.2349650349650349,0.237250554323725,0.226950354609929,0.2270233196159122,0.2315826802891271,0.004143219531639,8,0.2988622856172525,0.3023616617824513,0.308182784272051,0.3085613415710503,0.3032672923183872,0.3042470731122385,0.0036773201470858,0.3336643495531281,0.3370110330992979,0.3348982785602504,0.3243791180942726,0.3275606135576447,0.3315026785729188,0.004750365896781,8,0.4322731180154734,0.4355058969584109,0.440506329113924,0.4414141414141414,0.4357597702584592,0.4370918511520818,0.0034014917937524,0.7183463552741898,0.7197741108424365,0.7109022807635759,0.7063902591779787,0.7135068973527434,0.7137839806821848,0.0048937717259523,12,0.8167296323036727,0.8168620623573106,0.816272801666652,0.8176766665484785,0.81537211292447,0.8165826551601167,0.0007560361462435,0.8409480296973159,0.8438035408338093,0.8526556253569388,0.8443968593861527,0.839091947458595,0.8441792005465624,0.0046552955264785,8,0.8526251918478067,0.8555519862940357,0.8605846450369419,0.8601870359794404,0.8569083056715565,0.8571714329659562,0.0029699841742697,0.8226744186046512,0.8253171247357294,0.8315274841437632,0.8238636363636364,0.8204043874719176,0.8247574102639394,0.0037478973863645,8,0.8472795745102574,0.8497902282712827,0.8539856628456278,0.8538535231739949,0.8507201374207188,0.8511258252443763,0.0025440539968832,IRSUICTHNK,Random Forest,v_grid_inicial,entropy,12.0,sqrt,10.0,150.0,,,
17.71995906829834,0.5453212357393846,0.4726466178894043,0.0537301063491471,,,"{'modelo__criterion': 'entropy', 'modelo__max_depth': 12, 'modelo__max_features': 'sqrt', 'modelo__min_samples_leaf': 10, 'modelo__n_estimators': 200}",0.8037999309411845,0.7996855140527601,0.8019472662024942,0.8092144281615643,0.8053218511015781,0.8039937980919163,0.0032188784298008,3,0.8953256973306136,0.8949935533182906,0.896061940654044,0.8935978221504088,0.8939034718151404,0.8947764970536994,0.0009113229077155,0.2757292445079685,0.3065542975265148,0.2775214690972419,0.2769098643023547,0.2598701291314326,0.2793170009131024,0.0151125205448122,3,0.5518899713317348,0.5468834249761717,0.5390052998813781,0.5485049817703397,0.5462743081380567,0.5465115972195362,0.0042294101663419,0.5921985815602837,0.6028368794326241,0.5620567375886525,0.5719360568383659,0.5914742451154529,0.5841005001070758,0.0148654236058613,11,0.7781721384205856,0.7768411712511092,0.7715173025732032,0.7725055432372505,0.7716186252771619,0.774130956151862,0.0028093194410542,0.2325905292479108,0.2372644801116538,0.2365671641791044,0.2308243727598566,0.2276144907723855,0.2329722074141823,0.0036003143915451,7,0.3003424657534246,0.3006008583690987,0.3084974277097747,0.3104615932988772,0.303347280334728,0.3046499250931807,0.0041285540903382,0.334,0.3405107661492238,0.3329831932773109,0.3289070480081716,0.3287265547877591,0.3330255124444931,0.0042993773079265,7,0.4334074623177662,0.4334694887981186,0.4407552908376632,0.4429188914314772,0.4354899261669378,0.4372082119103925,0.0039133076388416,0.7174299589697478,0.723391597911629,0.7079986714785067,0.7093798770986977,0.715068932951787,0.7146538076820736,0.005591663522488,11,0.8161660563609514,0.8157147284674007,0.8161937442658642,0.8172029429492935,0.8144954674731457,0.8159545879033312,0.0008771396666298,0.8426613363792119,0.8439463163906339,0.8539406053683609,0.8468236973590293,0.8386636207881211,0.8452071152570714,0.0050946071675471,7,0.8541599743013171,0.854588285683692,0.8608701859585252,0.8619003426613364,0.8573723096691295,0.8577782196548001,0.0031617809790965,0.8239957716701902,0.825977801268499,0.8321881606765328,0.8263742071881607,0.820272234703317,0.82576163510134,0.0038723118089655,7,0.8485018664728619,0.8487991807340359,0.8542169072709854,0.8552409897261405,0.8509844080338267,0.8515486704475702,0.0027536815217967,IRSUICTHNK,Random Forest,v_grid_inicial,entropy,12.0,sqrt,10.0,200.0,,,
0.771513557434082,0.3575425264247215,0.1926639556884765,0.0147743709824363,,,"{'modelo__colsample_bytree': 0.8, 'modelo__learning_rate': 0.03, 'modelo__max_depth': 3, 'modelo__n_estimators': 150, 'modelo__subsample': 0.8}",0.815872566233682,0.8098580193283677,0.8194744846916251,0.8190233314696556,0.8175197780917882,0.8163496359630237,0.0034828506111612,7,0.8284623919075118,0.8306290159932369,0.8283978079096925,0.8283164055129726,0.8288892228641354,0.82893896883751,0.000867905509086,0.3027070626334538,0.3420666222536271,0.3254729475918814,0.2938725696012002,0.2907574425036053,0.3109753289167535,0.0197305904785497,1,0.3451474084207772,0.3331775385803465,0.3433814054283438,0.3489757608181561,0.3491955572854531,0.3439755341066153,0.0058407858175808,0.7304964539007093,0.7358156028368794,0.723404255319149,0.7460035523978685,0.7477797513321492,0.7366999231573511,0.0092234477928718,1,0.7524401064773736,0.7568766637089619,0.7506654835847383,0.7507760532150776,0.7547671840354767,0.7531050982043256,0.0024002341434466,0.1965648854961832,0.1981852913085005,0.1982507288629737,0.1975540921919097,0.1986786219915054,0.1978467239702145,0.0007346625545018,24,0.2020490826781034,0.2010606953447259,0.2041998551774076,0.2029246074553518,0.2012771996215704,0.2023022880554318,0.0011527804767207,0.3097744360902256,0.3122648607975922,0.3112128146453089,0.3123837857939754,0.313944817300522,0.3119161429255248,0.0013811149528262,24,0.318557475582269,0.3177204581432163,0.3210626185958254,0.3194942441970183,0.3178041265988236,0.3189277846234305,0.0012438461247482,0.7450312081039812,0.7480477214641279,0.7439122932792204,0.7512316120304832,0.7526734279219285,0.7481792525599482,0.0033955540446559,5,0.7566854849408676,0.7574582126411462,0.7576541894848416,0.7567058449970305,0.7568496304943775,0.7570706725116526,0.0004052178583135,0.759565962307253,0.7602798400913764,0.7644203312392919,0.7564596716630978,0.7575671045117076,0.7596585819625453,0.0027450355651268,24,0.7609308634043617,0.7580397615733305,0.7646428953849449,0.7626356367789834,0.7589320769532784,0.7610362468189799,0.0024076346250099,0.757399577167019,0.7584566596194503,0.7613636363636364,0.7556818181818182,0.756838905775076,0.7579481194214,0.001928302048036,24,0.7602986356578904,0.7579531564864062,0.7636021274487133,0.7617521720458524,0.7586218287526427,0.760445584078301,0.0020606217893252,IRSUICTHNK,XGBoost,v_grid_inicial,,3.0,,,150.0,0.8,0.03,0.8
0.7701441287994385,0.0557413023539841,0.1912545204162597,0.0136185151301072,,,"{'modelo__colsample_bytree': 0.8, 'modelo__learning_rate': 0.03, 'modelo__max_depth': 3, 'modelo__n_estimators': 150, 'modelo__subsample': 1.0}",0.8166596038332706,0.8098097946057168,0.8175754938414117,0.818832019250396,0.816563334019738,0.8158880491101066,0.0031467733991589,8,0.828380832539909,0.8307299022627248,0.828824005288461,0.8278739041738582,0.8285277935862033,0.8288672875702314,0.0009808070230697,0.3013673027155301,0.3399871901048713,0.3210920119696636,0.2923680768018657,0.293500330140833,0.3096629823465527,0.0183267219052337,6,0.3443538874983258,0.3348883490977942,0.3430860895685789,0.3475203587912389,0.3488283918483039,0.3437354153608484,0.0048854666001364,0.723404255319149,0.7375886524822695,0.725177304964539,0.7442273534635879,0.7495559502664298,0.735990703299195,0.0102932990736954,2,0.7524401064773736,0.7555456965394853,0.7506654835847383,0.7494456762749445,0.7529933481152994,0.7522180621983682,0.0020890259109408,0.1967213114754098,0.2002888781896966,0.1992206527033609,0.1982024597918637,0.1994328922495274,0.1987732388819717,0.0012221848514462,23,0.202145411203814,0.2018968583283936,0.2043478260869565,0.2041062801932367,0.2019985724482512,0.2028989896521304,0.0010899152512326,0.3093252463987869,0.315032184778493,0.3125716469239587,0.3130369816959282,0.3150429264650989,0.3130017972524531,0.0020972351035768,22,0.3186771890266817,0.3186453363270652,0.321245490791722,0.3208353108685334,0.318544226620392,0.3195895107268788,0.0011925353674665,0.742770088824623,0.750219226298245,0.7452271447723895,0.7511286660251558,0.753847078502718,0.7486384408846263,0.0040473326198013,3,0.7567568701712635,0.757631505513559,0.7577612673304353,0.757111473203149,0.756783642683841,0.7572089517804494,0.0004191352541067,0.7621359223300971,0.7628498001142204,0.7652769845802398,0.7580299785867237,0.7581382067390063,0.7612861784700575,0.0028144652914029,23,0.7610736338651533,0.7597173144876325,0.7648570510761323,0.7647772701313535,0.7605739372523825,0.7621998413625308,0.0021807681998576,0.7592494714587738,0.7609672304439746,0.7622885835095138,0.7570031712473573,0.7574996696180785,0.7594016252555396,0.0020089208655569,23,0.7604307753295233,0.7594066928743682,0.7638003369561627,0.7636351623666215,0.7600092494714588,0.7614564433996269,0.0018755530284727,IRSUICTHNK,XGBoost,v_grid_inicial,,3.0,,,150.0,0.8,0.03,1.0
0.7352119445800781,3.6222691802345017,-1.0186570167541504,2.420112695813578,,,"{'modelo__colsample_bytree': 0.8, 'modelo__learning_rate': 0.03, 'modelo__max_depth': 3, 'modelo__n_estimators': 200, 'modelo__subsample': 0.8}",0.8180066051415402,0.8110341456351183,0.8198969889546399,0.8203419785157265,0.8173870196477425,0.8173333475789535,0.0033394675857868,3,0.8328060913327467,0.835027204455249,0.8331113787898898,0.8326631851802138,0.8333933855648459,0.833400249064589,0.0008516764134798,0.3033229855330165,0.3426023770863592,0.3263506108159846,0.291331973853152,0.2899281670707996,0.3107072228718624,0.02060928356025,3,0.3535839646099924,0.3438939266559052,0.3536321716266507,0.3592359368008365,0.3572809769617514,0.3535253953310272,0.0052819446729598,0.7269503546099291,0.7322695035460993,0.723404255319149,0.7317939609236235,0.7317939609236235,0.7292424070644848,0.0035077539126106,5,0.7524401064773736,0.7604259094942325,0.7559893522626442,0.7552106430155211,0.7543237250554323,0.7556779472610409,0.0026523959894126,0.1989325570111596,0.2002909796314258,0.1997063142437591,0.1970349115255858,0.1988416988416988,0.1989612922507258,0.0010999270245032,22,0.2057253760310529,0.2046567164179104,0.2071228880515376,0.2078857421875,0.2059072751482871,0.2062595995672576,0.0011285715308972,0.3123809523809523,0.3145468392993145,0.3130034522439586,0.3104747550866616,0.3127134724857685,0.3126238942993311,0.0013059575865176,23,0.3231091636502191,0.3225138771286104,0.3251598129949432,0.3260266105101943,0.3235070368961582,0.324063300236025,0.0013173795927197,0.7456139551461981,0.7484163051711079,0.7449831099554054,0.7460540111541744,0.7473932682973343,0.7464921299448439,0.001245373920711,11,0.7593624310807112,0.7613386998304585,0.7615832116633205,0.7617964979783488,0.7600900846785532,0.7608341850462784,0.0009446022773776,0.7642775556824671,0.7645631067961165,0.7665619645916619,0.7603140613847252,0.7629925756710452,0.7637418528252031,0.0020603706668702,22,0.766284755684049,0.7622514901666845,0.7671770710639969,0.7683823529411765,0.765856444301674,0.7659904228315162,0.0020597894661267,0.7614957716701902,0.7621564482029598,0.7633456659619451,0.7581923890063424,0.7606713360644906,0.7611723221811857,0.0017278620085926,22,0.7652538733441248,0.762115556142843,0.7663440256350963,0.7674011430081596,0.764997357293869,0.7652223910848185,0.0017725167815419,IRSUICTHNK,XGBoost,v_grid_inicial,,3.0,,,200.0,0.8,0.03,0.8
0.801184892654419,0.0279366028214192,0.1931927680969238,0.0123270980698998,,,"{'modelo__colsample_bytree': 0.8, 'modelo__learning_rate': 0.03, 'modelo__max_depth': 3, 'modelo__n_estimators': 200, 'modelo__subsample': 1.0}",0.8185344190351208,0.8109966797088592,0.8179681266226797,0.8200645821368396,0.8166891185245073,0.8168505852056015,0.003121161723212,6,0.8323502899858715,0.8342872477696788,0.8328871360552769,0.8320373470465403,0.8324402977697972,0.8328004637254329,0.0007915506129084,0.3029719181633181,0.3378100015033366,0.321375713687869,0.2886564303474715,0.2951535210529611,0.3091935169509913,0.0180272616219023,7,0.352818563811933,0.3450226514894209,0.3517117529677836,0.357960688293914,0.3581366038452602,0.3531300520816623,0.0048216003247549,0.7287234042553191,0.7304964539007093,0.725177304964539,0.7371225577264654,0.738898756660746,0.7320836955015557,0.0051641904405997,3,0.7519964507542147,0.7590949423247559,0.7519964507542147,0.7521064301552106,0.7529933481152994,0.753637524420739,0.0027542283311093,0.2001948368241597,0.2012701514411333,0.2007854688267059,0.1998074145402022,0.2012578616352201,0.2006631466534842,0.0005811531608338,21,0.2048585931834662,0.2057232175063123,0.2077205882352941,0.2078431372549019,0.2052956111715632,0.2062882294703076,0.0012504222782195,0.3141001146350783,0.3155878973573343,0.3144944252210688,0.3143939393939394,0.3163498098859315,0.3149852372986704,0.0008484373081703,20,0.3219984802431611,0.3237158263172831,0.3255233339734972,0.3256841094575132,0.3226296788903667,0.3239102857763642,0.0014887003602172,0.7471429699746042,0.7485292092461856,0.7463693492269868,0.7499317285420335,0.7515881561716066,0.7487122826322834,0.0018837883089609,1,0.7585873676835642,0.761654763163663,0.7606218467498453,0.7606905651632707,0.7591928942097002,0.7601494873940087,0.0011078837634128,0.7655625356938892,0.7665619645916619,0.7675613934894346,0.7627408993576017,0.7642775556824671,0.7653408697630109,0.001694781220569,21,0.7651782846129136,0.7642145840025699,0.769247242745476,0.7692747001713307,0.765392440304101,0.7666614503672783,0.0021592924287197,0.7628171247357294,0.7638742071881607,0.7644027484143763,0.7608350951374208,0.7623893220562971,0.7628636995063969,0.0012435623165978,21,0.7641967559710614,0.7638333718740709,0.7679627366125995,0.7679957715305078,0.7644688160676533,0.7656914904111786,0.0018788314921299,IRSUICTHNK,XGBoost,v_grid_inicial,,3.0,,,200.0,0.8,0.03,1.0
0.809272289276123,0.1493439835385355,1.2803054332733157,2.1677781675932604,,,"{'modelo__colsample_bytree': 0.8, 'modelo__learning_rate': 0.03, 'modelo__max_depth': 5, 'modelo__n_estimators': 150, 'modelo__subsample': 0.8}",0.8156689085466866,0.8097877707166321,0.8165227772579802,0.8182692393025536,0.8174967006927277,0.8155490793033161,0.0030115651373804,9,0.8620586518661711,0.8631379496774663,0.8619629595531094,0.8612990312156119,0.8598746706446125,0.8616666525913942,0.0010726156008556,0.3001129278777735,0.3346098451231462,0.3104259701742624,0.2813543973085798,0.2800414592929056,0.3013089199553335,0.0202187560243653,9,0.449570076333801,0.4357993472227443,0.4393883631018749,0.454361086797096,0.4412565560924521,0.4440750859095936,0.0068468104375592,0.7163120567375887,0.7109929078014184,0.700354609929078,0.7087033747779752,0.7300177619893428,0.7132761422470806,0.0098243367989267,9,0.7808340727595386,0.7799467613132209,0.7759538598047915,0.7720620842572062,0.7751662971175166,0.7767926150504547,0.0032251623533779,0.2100884035361414,0.2074495602690119,0.2116827438370846,0.2057761732851985,0.2084178498985801,0.2086829461652033,0.0020501191121094,15,0.2280679020344693,0.2256739409499358,0.2306170886075949,0.2306571277159512,0.226014998707008,0.2282062116029918,0.0021471961194398,0.3248894250100522,0.3211854225070084,0.3251028806584362,0.3189448441247002,0.3242603550295858,0.3228765854659566,0.0024183198154016,14,0.3530237689298967,0.3500597371565113,0.3555600731856068,0.3551973885545241,0.34998498348183,0.3527651902616738,0.0024017846808079,0.7497179929604563,0.7461303773730108,0.745165882919993,0.7444302027351689,0.7535725588930151,0.7478034029763287,0.0034083081252213,7,0.7841065820127778,0.7823244532196971,0.7838437250624771,0.7823938348184947,0.780755151271397,0.7826847492769687,0.0012085219182252,0.7831239291833239,0.781267846944603,0.789977155910908,0.7801570306923626,0.7771273557966876,0.782330663705577,0.0042901465313582,16,0.787379091266017,0.7847021451261734,0.7917335903201628,0.792725585379783,0.7863440054252775,0.7885768835034828,0.0031180305782255,0.7781448202959831,0.7760306553911205,0.7832980972515856,0.7748414376321353,0.7736223073873397,0.7771874635916328,0.0034002575597131,16,0.7868917445740148,0.784348055895081,0.7905586204618281,0.7911862839020845,0.7855113636363636,0.7876992136938743,0.0027204712293165,IRSUICTHNK,XGBoost,v_grid_inicial,,5.0,,,150.0,0.8,0.03,0.8
-0.2905390739440918,2.3908550512627915,0.1910266399383545,0.0146691686694314,,,"{'modelo__colsample_bytree': 0.8, 'modelo__learning_rate': 0.03, 'modelo__max_depth': 5, 'modelo__n_estimators': 150, 'modelo__subsample': 1.0}",0.8147784599276604,0.809562215714627,0.8154142415073857,0.814077485886128,0.8151059075098421,0.8137876621091287,0.0021588703919904,11,0.8603290327057419,0.8631942756012725,0.8613040475900693,0.8614591234530538,0.8595645643399751,0.8611702087380225,0.0012234297910423,0.2932259077003858,0.3302163474993787,0.3124906643048599,0.2753569726705069,0.2792310409882911,0.2981041866326845,0.0206668361886251,10,0.4486962663551211,0.4369056801941648,0.4436054994304299,0.4525087030421216,0.4423803458458182,0.4448192989735311,0.0053703812692046,0.7198581560283688,0.7092198581560284,0.700354609929078,0.6980461811722913,0.7264653641207816,0.7107888338813095,0.0109701058967606,10,0.7732919254658385,0.7843833185448092,0.7763975155279503,0.7676274944567627,0.7782705099778271,0.7759941527946376,0.0055321896168366,0.210690192008303,0.2066115702479339,0.2093269740328563,0.2066246056782334,0.2093142272262026,0.2085135138387059,0.0016264163508501,16,0.2251937984496124,0.2266376105627483,0.2292376211684569,0.2308,0.2273610571317528,0.2278460174625141,0.0019693792502398,0.3259735046166198,0.32,0.3223174214606283,0.3188640973630832,0.324990067540723,0.3224290181962109,0.0027474934578584,16,0.3488092855713428,0.3516658378915962,0.3539644012944983,0.3548949256791389,0.3519149789452577,0.3522498858763668,0.0021084024206592,0.7513482670490217,0.7449583014366664,0.7436667395733341,0.7413143111428908,0.752938564413332,0.7468452367230489,0.0045091114676128,9,0.7796216560619695,0.7845248855278923,0.7831910838517075,0.78085472381319,0.7826998764687294,0.7821784451446977,0.0017373841731493,0.7828383780696745,0.7806967447173044,0.78697886921759,0.7845824411134904,0.7794117647058824,0.7829016395647883,0.002701617490462,15,0.7859513866581005,0.7846664525109754,0.7899846521754649,0.7940819531696174,0.7871292429596316,0.7883627374947579,0.0033567448361179,0.7781448202959831,0.7753699788583509,0.7805232558139535,0.7781448202959831,0.7754724461477468,0.7775310642824035,0.0019294974415261,15,0.7850087542532457,0.7846453701562551,0.7889729444022332,0.7921112616035149,0.7864693446088795,0.7874415350048256,0.0027868862718303,IRSUICTHNK,XGBoost,v_grid_inicial,,5.0,,,150.0,0.8,0.03,1.0
2.119367980957031,2.200076546239355,0.1932408809661865,0.0144716390942998,,,"{'modelo__colsample_bytree': 0.8, 'modelo__learning_rate': 0.03, 'modelo__max_depth': 5, 'modelo__n_estimators': 200, 'modelo__subsample': 0.8}",0.815864212344719,0.8099835808109652,0.8162312771627965,0.817948991015045,0.8152031622630256,0.8150462447193103,0.0026890332073114,10,0.871339198957003,0.8728380354315872,0.8718280642703968,0.8706369720945016,0.8691934110007806,0.8711671363508537,0.0012194261674654,0.2958402331787725,0.3295083295574535,0.307674656611726,0.2783087000950356,0.2765901780875615,0.2975844195061098,0.0196789361262902,11,0.4795343519523727,0.4670478292219467,0.4731035175929174,0.4826736139236602,0.4684014146757471,0.4741521454733288,0.0061028748253677,0.7145390070921985,0.7074468085106383,0.6968085106382979,0.7033747779751333,0.7229129662522202,0.7090164140936978,0.0090215056601285,11,0.7879325643300799,0.7897071872227152,0.7866015971606034,0.7822616407982261,0.7858093126385809,0.7864624604300411,0.0024812216379166,0.2123287671232876,0.2121212121212121,0.2149890590809628,0.2089709762532981,0.2115384615384615,0.2119896952234444,0.0019206627010817,11,0.2361074182398298,0.2349214728784479,0.2390776699029126,0.2395437262357414,0.2356069671586225,0.2370514508831109,0.0018884669502946,0.3273761169780666,0.3263803680981595,0.3285953177257525,0.322213181448332,0.3273019702452754,0.3263733908991172,0.0021959995159447,5,0.3633387888707037,0.3621198250432306,0.3667011375387797,0.3667740929410542,0.3625204582651391,0.3642908605317814,0.0020361747555175,0.7505447748196572,0.7479267166482375,0.7459627932974471,0.7446923854186873,0.7531612232745967,0.7484575786917251,0.0030712573677397,4,0.7914213987014285,0.7913985484601993,0.792594084799383,0.791187930621843,0.7903062339328821,0.7913816393031472,0.0007301932037884,0.786550542547116,0.7884066247858367,0.7951170759565962,0.7860099928622413,0.7834094802969731,0.7878987432897527,0.0039471705243502,13,0.7949102330727772,0.7930899096976836,0.7985865724381626,0.8001142204454598,0.7948031552271835,0.7963008181762533,0.0026173789908762,0.781183932346723,0.7823731501057083,0.7877906976744186,0.779862579281184,0.7789084181313598,0.7820237555078787,0.0031132301916686,13,0.7943906709391827,0.792838029797496,0.7976941627300056,0.7987843150209771,0.7941331923890064,0.7955680741753336,0.002269923529359,IRSUICTHNK,XGBoost,v_grid_inicial,,5.0,,,200.0,0.8,0.03,0.8
1.0570340633392334,0.041505087178547,0.1944671154022216,0.0131551028644186,,,"{'modelo__colsample_bytree': 0.8, 'modelo__learning_rate': 0.03, 'modelo__max_depth': 5, 'modelo__n_estimators': 200, 'modelo__subsample': 1.0}",0.8148931360397907,0.8095590513627471,0.8131281871352135,0.8129969331725753,0.8136497489889055,0.8128454113398463,0.0017744417948062,12,0.8685729025149168,0.8713438149274244,0.8699939879954365,0.8688827796849694,0.8655131145827126,0.868861319941092,0.0019359670726904,0.2893655257016493,0.3275485572818672,0.3068371151522144,0.2690307855182169,0.2767843276480014,0.2939132622603899,0.0211261875516587,13,0.4723966222360433,0.4663438046115616,0.4723176344918542,0.4783198860860903,0.4612780799552141,0.4701312054761527,0.0058256212006422,0.7163120567375887,0.6968085106382979,0.6879432624113475,0.6909413854351687,0.7211367673179396,0.7026283965080685,0.0135344952628944,12,0.7834960070984915,0.7870452528837621,0.7839396628216504,0.7760532150776053,0.7809312638580931,0.7822930803479204,0.0036751019894444,0.2147793726741095,0.2081567796610169,0.2099567099567099,0.2086909871244635,0.210690192008303,0.2104548082849206,0.0023408274280859,14,0.2343107337136792,0.2336362439088634,0.2364512244078683,0.2370952445468093,0.2329981476581106,0.2348983188470662,0.0015991709225042,0.3304703476482618,0.3205546492659054,0.3217247097844112,0.3205603625875566,0.3261044176706827,0.3238828973913635,0.0038756651065968,13,0.3607394546011643,0.3603127856199858,0.363318597717693,0.3632212536322125,0.3589116478141241,0.3613007478770359,0.0017180791022887,0.7527162796537743,0.741679526592707,0.7397454747236635,0.7401887512472061,0.751987572693807,0.7452635209822315,0.0058275830563891,12,0.7887569623956605,0.7896749625235457,0.7901388002511721,0.7875304624788368,0.7870105867778883,0.7886223548854208,0.0012013104535443,0.78912050256996,0.786550542547116,0.7915476870359794,0.7894361170592434,0.7828383780696745,0.7878986454563948,0.0029865011523247,14,0.7940179176928294,0.7923046721633294,0.7963379376806938,0.7990077098800685,0.7930899096976836,0.794951629422921,0.0024379433924837,0.7836945031712473,0.779862579281184,0.7838266384778013,0.7821088794926004,0.7782476542883573,0.7815480509422381,0.0021839038341789,14,0.7932344488123947,0.7919130520960656,0.7954147533943379,0.7972977437151069,0.7921841966173362,0.7940088389270482,0.0020549847806363,IRSUICTHNK,XGBoost,v_grid_inicial,,5.0,,,200.0,0.8,0.03,1.0
0.8508440971374511,0.5723628369905864,-1.0095817565917968,2.396822753554894,,,"{'modelo__colsample_bytree': 0.8, 'modelo__learning_rate': 0.03, 'modelo__max_depth': 7, 'modelo__n_estimators': 150, 'modelo__subsample': 0.8}",0.8045211500216696,0.7992387075673071,0.80141717397556,0.8030822946816725,0.8088401400671325,0.8034198932626684,0.0032310683383205,17,0.9135646236967484,0.914035618949694,0.9136170224827688,0.9114410628199788,0.9105505550280804,0.912641776595454,0.0013827848014806,0.2822673980122171,0.3140214311981589,0.278378462052476,0.256267639316019,0.2616376673813821,0.2785145195920506,0.0202711381153177,18,0.6340047676437893,0.62358741502611,0.6280427948482162,0.6338022543390726,0.6214407186729882,0.6281755901060354,0.0051393801089667,0.6595744680851063,0.6648936170212766,0.6312056737588653,0.6465364120781527,0.6714031971580817,0.6547226736202965,0.0143198605105513,17,0.8331854480922803,0.8322981366459627,0.8318544809228039,0.824390243902439,0.8270509977827051,0.8297558614692383,0.0034274063233265,0.2257281553398058,0.2216312056737588,0.2227784730913642,0.2238622386223862,0.2210526315789473,0.2230105408612524,0.0016673720219182,5,0.286280487804878,0.2823600240818784,0.2855185015989036,0.2902873204247345,0.281085154483798,0.2851062976788385,0.0032281029253008,0.3363471971066907,0.3324468085106383,0.3293246993524514,0.3325719506624029,0.3326000879894412,0.3326581487243249,0.0022260471029614,2,0.426140231449966,0.4216677905147224,0.4251218682689037,0.429379836008777,0.4195725534308211,0.424376455934638,0.0034384503313574,0.7386964287884127,0.738429104341592,0.7269392160913115,0.7331896906928951,0.7406130777338096,0.735573503529604,0.0049706721786241,17,0.8330363118678199,0.8310578736911507,0.832192365207092,0.8310807587302029,0.8283986116443239,0.8311531842281179,0.0015638456755745,0.817818389491719,0.8119645916619075,0.8226727584237579,0.8198429693076374,0.8098229583095374,0.8164243334389119,0.0048195586642105,7,0.8328871756433593,0.8298176107363386,0.8325302494913802,0.8377712735579669,0.8297462255059428,0.8325505069869976,0.0029224262618826,0.8060253699788583,0.8010042283298098,0.8084038054968288,0.8069503171247357,0.7995242500330382,0.8043815941926542,0.0034778991523333,7,0.8329093852201778,0.8300023124442536,0.8324799312873707,0.8367744706154405,0.8295454545454546,0.8323423108225395,0.002580021342534,IRSUICTHNK,XGBoost,v_grid_inicial,,7.0,,,150.0,0.8,0.03,0.8
1.138417625427246,0.1942923061976366,0.1911249160766601,0.0140452451403188,,,"{'modelo__colsample_bytree': 0.8, 'modelo__learning_rate': 0.03, 'modelo__max_depth': 7, 'modelo__n_estimators': 150, 'modelo__subsample': 1.0}",0.8045050751141192,0.798514830431243,0.7999539776662576,0.8019439299257192,0.803614503967791,0.8017064634210259,0.0022265203318094,18,0.9122517166105164,0.9125573524427856,0.911720119920853,0.911558433191803,0.9069284826831856,0.9110032209698288,0.0020688046220992,0.2838973346775745,0.3081039496681562,0.2832262482757835,0.2590309163838707,0.2597697550316964,0.2788056408074162,0.0182058380320683,17,0.6323175213439256,0.6251268099779713,0.6184258827111031,0.6337584529720318,0.6098050853499634,0.6238867504709991,0.0089239063714673,0.6595744680851063,0.6613475177304965,0.625886524822695,0.6287744227353463,0.6642984014209592,0.6479762669589206,0.016949266764011,18,0.8283052351375333,0.8345164152617569,0.8278615794143744,0.8270509977827051,0.8274944567627495,0.8290457368718238,0.002766382032875,0.2216924910607866,0.2171129220023283,0.2155067155067155,0.2151975683890577,0.2159353348729792,0.2170890063663734,0.002391852135505,8,0.2804145389005707,0.2762925969447709,0.2804328223624887,0.2894165114835506,0.2775133848899465,0.2808139709162655,0.0045966338787037,0.3318465655664585,0.326906222611744,0.3206176203451408,0.3206521739130434,0.3259259259259259,0.3251897016724626,0.0042260003081095,9,0.4189856373429084,0.415140145663209,0.4189492590929501,0.4287849178066444,0.4156364851319746,0.4194992890075373,0.004913505013975,0.7365547954360425,0.7346571969006566,0.721209967151496,0.7222387459858031,0.7352045976265276,0.729973060620105,0.0067711265729364,18,0.8286509578621599,0.8293294500908135,0.8284826689233774,0.831804339553831,0.8270498660656378,0.8290634564991638,0.0015585383073807,0.8135351227869788,0.8079668760708166,0.816533409480297,0.8157030692362598,0.8061107938320959,0.8119698542812896,0.0041848636620594,8,0.8289966805867865,0.8241424849198701,0.8291037584323804,0.8365576813249571,0.8266052753685262,0.829081176126504,0.0041575602181352,0.802061310782241,0.7970401691331924,0.8023255813953488,0.8017970401691332,0.7955596669750231,0.7997567536909878,0.0028659377744612,8,0.8289451950711902,0.8249149350863864,0.8290112649070067,0.8358494929140101,0.826671511627907,0.8290784799213,0.0037147678693183,IRSUICTHNK,XGBoost,v_grid_inicial,,7.0,,,150.0,0.8,0.03,1.0
1.3750622272491455,0.2213688821102324,1.282062578201294,2.170874697635925,,,"{'modelo__colsample_bytree': 0.8, 'modelo__learning_rate': 0.03, 'modelo__max_depth': 7, 'modelo__n_estimators': 200, 'modelo__subsample': 0.8}",0.8005807724866439,0.7971294771781878,0.7983563596890937,0.7998614285913512,0.8047521436621348,0.8001360363214822,0.0025995497087177,19,0.926228716694665,0.9275466197969108,0.9260352418177848,0.924106687214528,0.9236056315824088,0.9255045794212596,0.0014516205965696,0.2776912315826054,0.3098140038805507,0.2753934004315306,0.249802166044863,0.2546724142818065,0.2734746432442713,0.0212410939856009,20,0.6845287891387792,0.6762088830059712,0.6782170642403963,0.6791529311187741,0.6720096483678305,0.6780234631743502,0.0040765454695935,0.6418439716312057,0.6436170212765957,0.5975177304964538,0.6198934280639432,0.6465364120781527,0.6298817127092702,0.0187420731289283,20,0.8456078083407276,0.8531499556344276,0.8456078083407276,0.8421286031042129,0.8407982261640798,0.8454584803168352,0.0042897422136531,0.2314578005115089,0.2254658385093167,0.2225891677675033,0.2260362694300518,0.2266500622665006,0.2264398276969762,0.002869262826809,3,0.3084142394822006,0.3077784891165173,0.3087139617751863,0.3166055351783928,0.3050683829444891,0.3093161216993572,0.0038657246530415,0.3402255639097744,0.3339466421343146,0.3243503368623676,0.3312766967252017,0.3356385431074227,0.3330875565478162,0.0052500462988537,1,0.4519800806260374,0.452364149611856,0.4523018509729473,0.460196292257361,0.4476977567886658,0.4529080260513735,0.0040445039893372,0.7351138761639752,0.7327879509581151,0.7147354500569076,0.7246504970441058,0.7346045852509553,0.7283784718948118,0.0077923488777049,19,0.8465287854924183,0.8493896974517214,0.846635863338012,0.8479096756240654,0.8433209105621413,0.8467569864936717,0.002006650121123,0.8283837806967447,0.8219588806396345,0.8319531696173615,0.8294075660242684,0.8226727584237579,0.8268752310803535,0.0039065375995709,5,0.847449762644109,0.8456294392690152,0.8476639183352964,0.8536907481439178,0.8458435949602028,0.8480554926705082,0.0029344358968367,0.8144820295983086,0.8086680761099366,0.8144820295983086,0.8138213530655392,0.8095678604466764,0.8122042697637537,0.0025474166434725,4,0.8473126094281656,0.8461894222192858,0.847510818935615,0.8528294407188398,0.8454677589852009,0.8478620100574215,0.0025934738057119,IRSUICTHNK,XGBoost,v_grid_inicial,,7.0,,,200.0,0.8,0.03,0.8
2.485229539871216,2.269965125653944,-1.0010155200958253,2.3958894449745776,,,"{'modelo__colsample_bytree': 0.8, 'modelo__learning_rate': 0.03, 'modelo__max_depth': 7, 'modelo__n_estimators': 200, 'modelo__subsample': 1.0}",0.8006925373950449,0.7948691173432809,0.7956675466096375,0.798716344453277,0.8005533250220884,0.7980997741646657,0.00242797719415,20,0.92185460570444,0.9233509481298258,0.9222120069134094,0.9228617144336908,0.9140808158366314,0.9208720182035992,0.0034346895695395,0.2772626574368471,0.3060153097148533,0.2780404996870967,0.2524329231245062,0.2590307514192339,0.2745564282765075,0.018652719765768,19,0.6718906932857183,0.6721358187260065,0.6636969122271924,0.6798200838047224,0.6402273548690381,0.6655541725825356,0.0136519807727618,0.6471631205673759,0.6365248226950354,0.599290780141844,0.6145648312611013,0.6625222024866785,0.632013151430407,0.0226091857362556,19,0.839396628216504,0.84472049689441,0.839396628216504,0.8394678492239468,0.8328159645232815,0.8391595134149291,0.0037781653650722,0.2250308261405672,0.2207872078720787,0.2168056446440025,0.2195431472081218,0.2209715639810426,0.2206276779691625,0.0026576518548791,7,0.2988941548183254,0.2961580339088505,0.3003174603174603,0.3098199672667758,0.2881251917766186,0.2986629616176061,0.0069941239243696,0.333943275388838,0.3278538812785388,0.3184173339613754,0.3235156615240767,0.3314082629942247,0.3270276830294107,0.0055528354591885,4,0.4408201304753029,0.4385581020384659,0.442366144493804,0.4526001195457262,0.4281317679243132,0.4404952528955225,0.0078325205586693,0.7338471228193819,0.7278140960990882,0.71248091262946,0.7194879830823708,0.7373861726311177,0.7262032574522836,0.009159462081291,20,0.8404964009840774,0.8416057065619211,0.8410317902120461,0.8444733592207684,0.8336011150024767,0.840241674396258,0.0035931584407646,0.8205311250713878,0.8191033695031411,0.825671045117076,0.8244111349036403,0.8122501427755568,0.8203933634741605,0.0047326845834603,6,0.8415961737516507,0.8384909162294322,0.8426669522075882,0.84947886921759,0.8343862654816718,0.8413238353775865,0.004990751745004,0.8076109936575053,0.8054968287526427,0.8088002114164905,0.8088002114164905,0.8011100832562442,0.8063636656998746,0.0028907048233022,6,0.8414323940405009,0.8389547751973836,0.8424234415777477,0.8487331108982195,0.8342692917547568,0.8411626026937217,0.0047194773967352,IRSUICTHNK,XGBoost,v_grid_inicial,,7.0,,,200.0,0.8,0.03,1.0
0.7212565898895263,0.04045803571082,1.2891911506652831,2.2032745232517583,,,"{'modelo__colsample_bytree': 0.8, 'modelo__learning_rate': 0.05, 'modelo__max_depth': 3, 'modelo__n_estimators': 150, 'modelo__subsample': 0.8}",0.8190365383914359,0.8120047156437457,0.8198490173801395,0.8202230581302621,0.8187140968926155,0.8179654852876398,0.0030292796872209,1,0.8363206025344164,0.8385986195667297,0.8367741156901222,0.836388653743632,0.8367414478396749,0.836964687874915,0.0008369645023195,0.3071898819385278,0.3390278565749467,0.3231806182255098,0.2892348290656358,0.2948611604927546,0.310698869259475,0.0183421733282184,4,0.3602947237455787,0.3506244696093781,0.3605165966925597,0.3699847181077056,0.3653797811425259,0.3613600578595496,0.0064442557096945,0.723404255319149,0.725177304964539,0.7145390070921985,0.7317939609236235,0.7335701598579041,0.7256969376314828,0.006770334489002,6,0.761756876663709,0.7626441881100267,0.7586512866015972,0.7547671840354767,0.7560975609756098,0.7587834192772839,0.0030694763132154,0.2012826837691169,0.2012795275590551,0.201198202695956,0.2003891050583657,0.2006802721088435,0.2009659582382674,0.0003652271689417,20,0.2097483508429025,0.2090986497992945,0.2111632501852309,0.2100715872624043,0.2070179698882953,0.2094199615956255,0.0013743591995199,0.3149363180239289,0.3151001540832049,0.3139851967276977,0.3146239022527682,0.3151468904998092,0.3147584923174817,0.0004278570898711,21,0.3289272030651341,0.3282100238663484,0.330370942812983,0.3286666022979627,0.3250405109141168,0.328243056591309,0.0017568572572114,0.7461253144100028,0.7467262881190485,0.743049058086362,0.7485522267144884,0.7493521844406597,0.7467610143541124,0.0021957478817667,10,0.7654306744741965,0.7652854020465898,0.7653234303586564,0.7631631465580011,0.7614945455590116,0.7641394397992911,0.0015704116745509,0.7688463735008566,0.768275271273558,0.7715591090805254,0.7653104925053533,0.7651342090234152,0.7678250910767417,0.0023980251313168,19,0.7691044722846843,0.767926615983153,0.7719955741157155,0.7715591090805254,0.7668915301424135,0.7694954603212982,0.0019951847916976,0.7654598308668076,0.7650634249471459,0.7673097251585623,0.7628171247357294,0.7627857803620985,0.7646871772140688,0.0017163169873499,19,0.7685573651349477,0.7675332826797926,0.7710019490601566,0.7703082157840838,0.7660874735729387,0.768697657246384,0.0017939993524722,IRSUICTHNK,XGBoost,v_grid_inicial,,3.0,,,150.0,0.8,0.05,0.8
1.7299091339111328,2.226432479868819,-1.0011340141296388,2.3819822825134165,,,"{'modelo__colsample_bytree': 0.8, 'modelo__learning_rate': 0.05, 'modelo__max_depth': 3, 'modelo__n_estimators': 150, 'modelo__subsample': 1.0}",0.8191109639476529,0.8117489094377681,0.81783180634369,0.8204688860912595,0.8170143576925847,0.8172349847025909,0.0029825931831097,4,0.8354445657739998,0.8372737093738782,0.8356270034934741,0.8355224873084875,0.8353719119061938,0.8358479355712067,0.0007178947296106,0.3042252890490007,0.3405919497783529,0.3230050201568545,0.29145108269562,0.2919046418366502,0.3102355967032956,0.0190240480354769,5,0.3594746156497246,0.3501961277972536,0.3575996747489897,0.3656720627007813,0.3652710288893683,0.3596427019572235,0.0056828026812696,0.7304964539007093,0.7322695035460993,0.7216312056737588,0.7317939609236235,0.7335701598579041,0.729952256780419,0.0042752022508323,4,0.7577639751552795,0.7608695652173914,0.75377107364685,0.7534368070953437,0.7547671840354767,0.7561217210300683,0.0028216342592794,0.2021589793915603,0.202153695545766,0.201985111662531,0.1997091614154144,0.2020547945205479,0.2016123485071639,0.0009538022741574,19,0.2088785618197383,0.2073509853705718,0.2100383236494004,0.2099604547701433,0.2081957186544342,0.2088848088528576,0.0010310295172315,0.3166794773251345,0.3168392788645953,0.3156262117099651,0.3137852246763138,0.3168392788645953,0.3159538942881208,0.001175141369991,19,0.327485380116959,0.3258907363420427,0.3285313738760514,0.328404368415966,0.3263662511984659,0.327335621989897,0.0010603625096874,0.7491716992518966,0.7497726729609423,0.7460240551498434,0.7480525836024257,0.7503516133384323,0.748674524860708,0.0015282367620484,2,0.7634342237199818,0.7634343899899285,0.7628476312660848,0.7626228867001561,0.7618644429296847,0.7628407149211672,0.0005840045809046,0.767846944603084,0.7672758423757853,0.770416904625928,0.7643112062812277,0.7671330668189605,0.7673967929409972,0.0019456997019042,20,0.7691044722846843,0.7659992147624657,0.7719241888853197,0.7718089663049685,0.7689617018238927,0.7695597088122661,0.0021859504027858,0.7650634249471459,0.7646670190274841,0.7667811839323467,0.7618921775898521,0.7646359191225056,0.764607944923867,0.0015690821748776,20,0.7682600508737736,0.7656172574411153,0.7705724951273496,0.7704403554557167,0.7679043340380549,0.7685588985872019,0.0018311454508993,IRSUICTHNK,XGBoost,v_grid_inicial,,3.0,,,150.0,0.8,0.05,1.0
0.7861943721771241,0.0101074343589889,0.1937723159790039,0.015837007626223,,,"{'modelo__colsample_bytree': 0.8, 'modelo__learning_rate': 0.05, 'modelo__max_depth': 3, 'modelo__n_estimators': 200, 'modelo__subsample': 0.8}",0.8192098183003835,0.8126102460194985,0.8191442529294304,0.8211125521861445,0.8176052405476495,0.8179364219966214,0.0028860363262062,2,0.8420254114951566,0.8441501118014957,0.8427220667360693,0.8421360980295074,0.8422390840151137,0.8426545544154684,0.0007846634055729,0.3078111518882374,0.3353473499951532,0.3194718584671629,0.2858730276959843,0.2937820883629405,0.3084570952818957,0.0177213091290434,8,0.3721843588107674,0.3624728488144288,0.3724516829338979,0.3804595372668168,0.376082764615072,0.3727302384881966,0.0059425770803438,0.7269503546099291,0.7198581560283688,0.7145390070921985,0.7264653641207816,0.7264653641207816,0.7228556491944119,0.0049189063271414,8,0.7653061224489796,0.7626441881100267,0.764418811002662,0.7569844789356984,0.7596452328159645,0.7617997666626662,0.003088559007884,0.2037773359840954,0.2023928215353938,0.2045685279187817,0.2003919647231749,0.2016765285996055,0.2025614357522103,0.0014849194124718,18,0.2135693945771945,0.2121960251820762,0.215401925240655,0.2135084427767354,0.2120311919792053,0.2133413959511733,0.0012127800802348,0.3183229813664596,0.3159533073929961,0.3180741910023678,0.3141321044546851,0.3157082207641837,0.3164381609961385,0.0015693906168157,18,0.3339463749879005,0.3320135200386286,0.3360967521700965,0.3330731707317073,0.3315269982581769,0.333331363237302,0.0016176972799089,0.7491119562884025,0.7457086325544471,0.7454048547739691,0.746744459362318,0.747655868810819,0.7469251543579911,0.0013520305543558,8,0.7692933153559101,0.7674269589584648,0.770205979010272,0.7662706518036573,0.766213022233017,0.7678819854722642,0.0016113150914069,0.771273557966876,0.7715591090805254,0.7762707024557396,0.7670235546038544,0.7688463735008566,0.7709946595215704,0.0031182630993839,17,0.7732805082628404,0.772209729806903,0.775993147017882,0.7755568246716162,0.7727808116500696,0.7739642042818623,0.0015230947037265,0.7679704016913319,0.767706131078224,0.7716701902748414,0.7640063424947146,0.7656931412713096,0.7674092413620843,0.0025722927624553,17,0.7726867298734763,0.77149747282878,0.7751313137986852,0.7741733011793466,0.7718023255813954,0.7730582286523366,0.0013922881434217,IRSUICTHNK,XGBoost,v_grid_inicial,,3.0,,,200.0,0.8,0.05,0.8
1.8960838794708248,2.219721965486164,-0.9858837604522706,2.3543905307951283,,,"{'modelo__colsample_bytree': 0.8, 'modelo__learning_rate': 0.05, 'modelo__max_depth': 3, 'modelo__n_estimators': 200, 'modelo__subsample': 1.0}",0.8193838576537825,0.8126183467603112,0.8170302127254538,0.8204920869766964,0.8164094001600708,0.817186780855263,0.0027295281430835,5,0.8399882721097304,0.8422405252179411,0.8404986495871645,0.8397887934800641,0.8398518732726972,0.8404736227335194,0.0009180086556555,0.3055302798522913,0.3407617993179771,0.3240813895975361,0.2912242507236674,0.2924292035215559,0.3108053846026055,0.0190922531748348,2,0.3688216481970491,0.3609675869439429,0.3680235983067094,0.376014968540045,0.375006431147147,0.3697668466269787,0.0054378591216045,0.7269503546099291,0.7287234042553191,0.7180851063829787,0.7282415630550622,0.7264653641207816,0.7256931584848142,0.0038919418214765,7,0.7599822537710736,0.761756876663709,0.7577639751552795,0.7583148558758315,0.7556541019955654,0.7586944126922918,0.0020635157736377,0.2039800995024875,0.203970223325062,0.2034153691612255,0.2006852667645619,0.2016765285996055,0.2027454974705885,0.0013311775754487,17,0.2127686001738914,0.2108300589390962,0.2136602451838879,0.2135898076442668,0.2109433027977222,0.2123584029477729,0.0012423973874833,0.3185703185703186,0.3187281892206282,0.3170254403131115,0.3146584804297774,0.3157082207641837,0.3169381298596039,0.001586534180191,17,0.3324599708879185,0.3302558184266205,0.3333333333333333,0.3333008478705779,0.3298170908738991,0.3318334122784698,0.0015066559293219,0.7492547318452272,0.7498557055542729,0.7458215366295248,0.7475611812420208,0.747655868810819,0.7480298048163728,0.0014191718927892,6,0.7668812293233425,0.7661802193933529,0.7667000980105911,0.7667930647168992,0.7640746863620258,0.7661258595612424,0.0010541121836381,0.7715591090805254,0.7709880068532268,0.7735579668760708,0.7668807994289794,0.7688463735008566,0.7703664511479319,0.0023002148178331,18,0.7737802048756113,0.7706035621229967,0.7756362208659029,0.7752712735579669,0.7724952707284862,0.7735573064301928,0.0018526617352909,0.7682346723044398,0.767838266384778,0.7694238900634249,0.7640063424947146,0.7656931412713096,0.7670392625037333,0.0019372406430528,18,0.7727527997092927,0.7699448316870933,0.7743054408509795,0.7740081265898054,0.7712407505285412,0.7724503898731424,0.0016553101634134,IRSUICTHNK,XGBoost,v_grid_inicial,,3.0,,,200.0,0.8,0.05,1.0
0.6781579494476319,0.2874522542454432,0.1934994220733642,0.0148141847739288,,,"{'modelo__colsample_bytree': 0.8, 'modelo__learning_rate': 0.05, 'modelo__max_depth': 5, 'modelo__n_estimators': 150, 'modelo__subsample': 0.8}",0.8135619564909211,0.8072236331012471,0.8104116543332888,0.8145816931068013,0.8130106825533848,0.8117579239171286,0.0026521630854803,13,0.8790699201229675,0.8813430599035148,0.878444008785514,0.8779484260498596,0.877614755121356,0.8788840339966424,0.0013237382930466,0.2943836575075854,0.3237418096709261,0.3059500860395197,0.273695403533154,0.2759343120977244,0.2947410537697819,0.0187799196247054,12,0.4968136479072886,0.4915784634312686,0.4895558941567984,0.5003474249626528,0.488021171288556,0.4932633203493129,0.0046228398744512,0.700354609929078,0.6861702127659575,0.6666666666666666,0.6838365896980462,0.7051509769094139,0.6884358111938325,0.013576715038911,14,0.7968056787932565,0.7994676131322094,0.7883762200532387,0.7880266075388027,0.7902439024390244,0.7925840043913063,0.004672429695734,0.215258855585831,0.2090761750405186,0.2108805384183959,0.2084461288576069,0.2107218683651804,0.2108767132535066,0.0023823031441904,13,0.2456236323851203,0.2430536822228217,0.2450696455661288,0.2450358521787093,0.2433428922572716,0.2444251409220103,0.0010273166404186,0.3293038766152563,0.3204968944099379,0.3204090328078398,0.3195020746887966,0.3244789538210053,0.3228381664685672,0.0036608563040406,15,0.3754965502822496,0.3727761688043028,0.3739084692267228,0.3738298096139686,0.3721027354353727,0.3736227466725234,0.0011543639508877,0.7473789040507754,0.7385733987873191,0.7328907291071769,0.7375642620153329,0.7464218619555636,0.7405658311832336,0.0055244448500239,15,0.7999626066807771,0.7995803283207537,0.7964974222299245,0.7963012820675167,0.7962355608136872,0.7977154400225318,0.0016852904136904,0.7944031981724728,0.7909765848086807,0.799114791547687,0.7912919343326196,0.7876927470017133,0.7926958511726346,0.003849045075998,11,0.8031195345682978,0.7996930435092979,0.8046186244066102,0.8045759565962307,0.8022272191883499,0.8028468756537575,0.0018184492713895,0.7873942917547568,0.7831659619450317,0.7892441860465116,0.7832980972515856,0.7815514735033698,0.7849308021002511,0.0028939353830984,11,0.80264940041624,0.7996762578044994,0.8034092035281293,0.8033431336923128,0.8013345665961945,0.8020825124074751,0.0014156356536089,IRSUICTHNK,XGBoost,v_grid_inicial,,5.0,,,150.0,0.8,0.05,0.8
0.8956959247589111,0.0302192709787186,0.1923767566680908,0.0139054492003321,,,"{'modelo__colsample_bytree': 0.8, 'modelo__learning_rate': 0.05, 'modelo__max_depth': 5, 'modelo__n_estimators': 150, 'modelo__subsample': 1.0}",0.814822634279905,0.8073417267134079,0.8089250418200744,0.813935111053637,0.8127544219846968,0.8115557871703443,0.0029137372643981,14,0.8745353427990655,0.8775316143301132,0.8762781447909732,0.8755012181825779,0.8721369912644896,0.8751966622734437,0.0018173216542308,0.2868131145298925,0.3249924271319781,0.3056602481079219,0.2682544407879783,0.2802546113189667,0.2931949683753475,0.0199833550625447,14,0.4930363003419906,0.484649565885995,0.4901080994688224,0.4973593812973066,0.4799257366790465,0.4890158167346323,0.006142737850668,0.7127659574468085,0.6932624113475178,0.6773049645390071,0.6962699822380106,0.7122557726465364,0.698371817643576,0.013223399802615,13,0.7883762200532387,0.790150842945874,0.7914818101153505,0.7866962305986697,0.7849223946784922,0.7883254996783251,0.002346588483288,0.215203426124197,0.2087560064068339,0.2119866814650388,0.2106394411606663,0.2109416096791162,0.2115054329671704,0.0021229196134514,12,0.2395847377645948,0.2405131667792032,0.2432506135805835,0.2436813186813186,0.238063214525891,0.2410186102663182,0.0021502410260529,0.3305921052631579,0.3208863356585966,0.3229078613693998,0.3234323432343234,0.325487012987013,0.3246611317024981,0.0033073097951916,11,0.3674904353220969,0.3687752355316285,0.3721318314559866,0.3721027792343996,0.3653250773993808,0.3691650717886985,0.0026508008024959,0.75172849557092,0.7408345180666772,0.7372818369239866,0.7432813151732522,0.7490462187047644,0.7444344768879201,0.0052900021747001,13,0.7935349351684975,0.7947077875363985,0.7966938978834596,0.7950828383147546,0.7913618647911503,0.794276264738852,0.0017734158828146,0.7906910336950315,0.7884066247858367,0.7972587093089663,0.790292648108494,0.7858366647629925,0.7904971361322641,0.003791794153536,12,0.7986936502837563,0.799264732126923,0.8019059856515687,0.8034694460308395,0.7978013349038084,0.8002270297993792,0.002121010186085,0.7848837209302325,0.781316067653277,0.7883192389006343,0.7832980972515856,0.7803620985859654,0.783635844664339,0.0028179506322533,12,0.7979254071553632,0.7985861055135278,0.8011297941924614,0.802219946483433,0.7968419661733616,0.7993406439036294,0.0020152943079167,IRSUICTHNK,XGBoost,v_grid_inicial,,5.0,,,150.0,0.8,0.05,1.0
0.8335659027099609,0.2723940536577203,0.1955084800720214,0.0129919857342082,,,"{'modelo__colsample_bytree': 0.8, 'modelo__learning_rate': 0.05, 'modelo__max_depth': 5, 'modelo__n_estimators': 200, 'modelo__subsample': 0.8}",0.8108902309116169,0.8053570452142849,0.807839289403016,0.8117203773503575,0.8093554507802189,0.8090324787318988,0.0022677242074518,16,0.8902616452382709,0.8935543602488273,0.8909211193520832,0.889248058758948,0.8890269346287774,0.8906024236453813,0.0016277651227391,0.2903911478237664,0.3191019228838651,0.2972027397678654,0.2682738354028205,0.2713701492528547,0.2892679590262344,0.0185222704836655,15,0.5351079556378145,0.529637149314367,0.5329169834068939,0.5350313710752642,0.5225987480982187,0.5310584415065117,0.0046738291819691,0.6897163120567376,0.6648936170212766,0.6524822695035462,0.6714031971580817,0.6909413854351687,0.6738873562349621,0.0147419936488365,16,0.8065661047027507,0.8141082519964508,0.8012422360248447,0.8022172949002218,0.8039911308203991,0.8056250036889334,0.0046117641982603,0.2192784667418263,0.209731543624161,0.2142025611175785,0.2111731843575419,0.2143250688705234,0.2137421649423262,0.0032828988362592,9,0.2570337904708045,0.2586328400281888,0.2583690987124463,0.2592804930485882,0.2557483425024686,0.2578129129524993,0.001265298172928,0.3327630453378956,0.3188775510204081,0.3225241016652059,0.3212919677008075,0.3271656854499579,0.324524470234855,0.0049231774536875,12,0.3898359601157928,0.3925553535137447,0.3907399394201644,0.3918977469670711,0.3880565068493151,0.3906171013732176,0.0015861140982276,0.7459860829272837,0.7315758776140078,0.7298676338951198,0.7349164451172279,0.7436717207015935,0.7372035520510465,0.0064759142546895,16,0.8095007059188523,0.8131825480277075,0.8081058594194253,0.808875637741373,0.8078384465180983,0.8095006395250912,0.0019315990573281,0.8022558537978298,0.798258138206739,0.8072529982866933,0.798429693076374,0.7964020559680183,0.800519747867131,0.003867539757404,9,0.8124353071349538,0.8122568440589643,0.8149694828140058,0.8155339805825242,0.8116857622157976,0.8133762753612492,0.0015614342219776,0.7938689217758985,0.7883192389006343,0.7957188160676533,0.7889799154334038,0.7885555702391965,0.7910884924833573,0.0030887292280835,9,0.8119982821842687,0.8123947011991676,0.8139473423408543,0.8145419708632025,0.811112579281184,0.8127989751737352,0.0012653267515014,IRSUICTHNK,XGBoost,v_grid_inicial,,5.0,,,200.0,0.8,0.05,0.8
3.2153621196746824,2.691588820485426,-0.9906909465789796,2.363406493196264,,,"{'modelo__colsample_bytree': 0.8, 'modelo__learning_rate': 0.05, 'modelo__max_depth': 5, 'modelo__n_estimators': 200, 'modelo__subsample': 1.0}",0.8133071628775451,0.8061449688323998,0.80517920863863,0.8108138946679802,0.8101064806408518,0.8091103431314813,0.0030250598966159,15,0.8844570901448192,0.8865593915140697,0.8853727308229865,0.8830049680195416,0.8813388244562,0.8841466009915233,0.0018225416812043,0.281554134248883,0.3204758604935844,0.2996667019847268,0.2633922517655543,0.2739768932759829,0.2878131683537462,0.0201710530231985,16,0.5231097948346872,0.5164708584356829,0.5206488894454324,0.5208490185140218,0.5084919941066525,0.5179141110672953,0.0051758495049181,0.6914893617021277,0.6879432624113475,0.6542553191489362,0.6838365896980462,0.7104795737122558,0.6856008213345427,0.0181370740653812,15,0.7981366459627329,0.7999112688553682,0.7963620230700976,0.7924611973392461,0.7951219512195122,0.7963986172893914,0.0025492726785491,0.2169076751946607,0.212253829321663,0.211947156806433,0.2117711771177117,0.2147074610842727,0.2135174599049482,0.0020010887118072,10,0.2502086230876217,0.2519211960318569,0.2525678908118756,0.25147762454264,0.2488895058300944,0.2510129680608177,0.001312602844462,0.3302286198137172,0.3244147157190635,0.320173535791757,0.3233935321293574,0.3297609233305853,0.3255942653568961,0.0038589416426383,7,0.3809826344769165,0.3831686324513866,0.3835060356799487,0.3817968165794252,0.3791098424780632,0.3817127923331481,0.0015906433080853,0.745230688846495,0.7411732302919102,0.7291836275927434,0.7396342120510216,0.7507994670388807,0.7412042451642102,0.0071448127232144,14,0.8028588787153851,0.8044065035428642,0.8033814255693852,0.8013027003258195,0.8009946051917956,0.80258882266905,0.0012806836792395,0.7989720159908623,0.7944031981724728,0.8041119360365505,0.7954318344039971,0.7911193603655055,0.7968076689938777,0.00442872376098,10,0.8075811114680372,0.8089017382303602,0.8104008280686726,0.8101442033123929,0.806867259164079,0.8087790280487084,0.0013855584431193,0.7909619450317125,0.7864693446088795,0.7929439746300211,0.7871300211416491,0.7851195982555834,0.7885249767335691,0.0029405606271191,10,0.8068778699084933,0.8082323015427306,0.8093554887516105,0.8088269300650788,0.8059923361522199,0.8078569852840266,0.0012460137333153,IRSUICTHNK,XGBoost,v_grid_inicial,,5.0,,,200.0,0.8,0.05,1.0
-0.0626783847808837,2.528295833970581,0.1908538341522216,0.0141395495669291,,,"{'modelo__colsample_bytree': 0.8, 'modelo__learning_rate': 0.05, 'modelo__max_depth': 7, 'modelo__n_estimators': 150, 'modelo__subsample': 0.8}",0.7945924264148957,0.7911741669400667,0.7936189452025387,0.7961032654929302,0.7991644967148942,0.7949306601530652,0.0026550561104328,21,0.9365384826724072,0.9365396782324992,0.9348878892422996,0.9344838663620788,0.9325699149874715,0.9350039662993512,0.0014779536702871,0.2742053536203471,0.3071460097892374,0.268012161500156,0.2497362597232497,0.2460155603841393,0.269023069003426,0.0218291689583725,22,0.7206429659470993,0.7162639259850314,0.7094183169372718,0.7173096206291975,0.7037642431311317,0.7134798145259464,0.006076471342449,0.6117021276595744,0.5939716312056738,0.5780141843971631,0.5985790408525755,0.6252220248667851,0.6014978017963544,0.0160225448788692,22,0.8598047914818101,0.8615794143744454,0.8544809228039042,0.8585365853658536,0.8532150776053216,0.8575233583262669,0.0031780765762055,0.2338983050847457,0.2240802675585284,0.2234407128169979,0.2280108254397835,0.2256410256410256,0.2270142273082162,0.0037854337431702,2,0.3340803309774177,0.3302159496684237,0.3277739959155888,0.3406052076002815,0.3270996259775586,0.3319550220278541,0.0049683573018962,0.3384011770475723,0.3254006799417193,0.3222936233316856,0.3302302792748652,0.3316062176165803,0.3295863954424846,0.0055299074506425,3,0.4811918063314711,0.4774431468961278,0.4738007380073801,0.4877188562791283,0.4729015607717832,0.4786112216571781,0.0054168958765464,0.7251828742238478,0.7141759926445274,0.708124739257405,0.7178476931600494,0.726374576111291,0.7183411750794241,0.0068309912801549,22,0.8609621094861312,0.860493101554928,0.8567475463860689,0.8623779443105681,0.8559718533259859,0.8593105110127365,0.0025000347106108,0.8386636207881211,0.834380354083381,0.8382352941176471,0.8371163454675232,0.8275271273557967,0.8351845483624938,0.0041091522136009,3,0.8621194274904522,0.8594067887354107,0.8590141699682335,0.8662193032552827,0.8587286290466503,0.8610976636992058,0.0028315198195553,0.8217494714587738,0.8164640591966174,0.8188424947145877,0.8193710359408034,0.8124752213558875,0.817780456533334,0.0031397251365175,3,0.861947078061511,0.8595685639721186,0.8586766211885963,0.8656469888672327,0.8583179175475687,0.8608314339274055,0.002719928464775,IRSUICTHNK,XGBoost,v_grid_inicial,,7.0,,,150.0,0.8,0.05,0.8
1.088599681854248,0.1888859228119734,0.1926465988159179,0.0124323481501085,,,"{'modelo__colsample_bytree': 0.8, 'modelo__learning_rate': 0.05, 'modelo__max_depth': 7, 'modelo__n_estimators': 150, 'modelo__subsample': 1.0}",0.7936379313138185,0.7917766595380147,0.7891288564589233,0.7961774322578519,0.7983945738187668,0.793823090677475,0.0032465175707311,22,0.9293036418280586,0.9325367926096588,0.928510787546628,0.9275345589659884,0.920823768147736,0.927741909819614,0.00384512052774,0.270990797744965,0.3084909510532329,0.2731132931031045,0.2487229765476908,0.2556623498728572,0.2713960736643701,0.0206918458184685,21,0.7020848441803824,0.7066739299605314,0.6896286389750826,0.7003419416086271,0.6632684697658209,0.6923995648980888,0.0156009116054161,0.6134751773049646,0.6046099290780141,0.5886524822695035,0.6198934280639432,0.6341030195381883,0.6121468072509227,0.0151831340503235,21,0.8464951197870453,0.8553682342502218,0.8451641526175687,0.8425720620842572,0.835920177383592,0.8451039492245369,0.0062935942797207,0.2270341207349081,0.2188703465982028,0.2198675496688741,0.2273615635179153,0.2162325863113264,0.2218732333662454,0.0045080710180631,6,0.3165754106520657,0.3184145334434352,0.3135802469135803,0.3205128205128205,0.3011663204984822,0.3140498664040768,0.006832346090358,0.3314176245210728,0.3213949104618284,0.3201542912246866,0.332697807435653,0.3224932249322493,0.325631571715098,0.005314305505087,6,0.4608139113633619,0.4640750992899266,0.4574378676911994,0.4643773677135525,0.4428000939628846,0.457900868004185,0.0079598963310327,0.7226427856827506,0.7154260382111943,0.7102314381650201,0.7252928953310437,0.7246757245035316,0.7196537763787081,0.005875508991957,21,0.8497386188934155,0.8540324056642121,0.8481629736211305,0.8493985381809064,0.8399003392539547,0.8482465751227238,0.0046194305048153,0.8318103940605368,0.8262421473443746,0.8318103940605368,0.8306923625981442,0.8152484294688749,0.8271607455064934,0.0063001250558671,4,0.8529821179997858,0.8526965770782026,0.8511617946246921,0.8562250142775557,0.8438805011243173,0.8513892010209106,0.0041003413105753,0.8155391120507399,0.8097251585623678,0.8136892177589852,0.8150105708245243,0.8017708470992467,0.8111469812591728,0.0051110581136744,5,0.8524990915397576,0.8528955105546563,0.8507152059727131,0.8552079548082323,0.8432875264270613,0.8509210578604842,0.0040762560351334,IRSUICTHNK,XGBoost,v_grid_inicial,,7.0,,,150.0,0.8,0.05,1.0
1.3628041744232178,0.2090665783879213,1.2853479385375977,2.1850817079577767,,,"{'modelo__colsample_bytree': 0.8, 'modelo__learning_rate': 0.05, 'modelo__max_depth': 7, 'modelo__n_estimators': 200, 'modelo__subsample': 0.8}",0.7850326662373274,0.7860885471726389,0.7847506591977838,0.7883906826258331,0.7910549465263695,0.7870635003519906,0.0023713755695278,24,0.949419684632467,0.950698031322661,0.9491846026808604,0.9465726901700772,0.945904462344568,0.9483558942301268,0.0018162240437768,0.262862033176385,0.2947304822221415,0.2590410754011289,0.2403152797724534,0.240875056199002,0.2595647853542221,0.0198374483871295,24,0.7742048736545825,0.7697675707528389,0.7670069703475051,0.7627451821538748,0.7549766689426441,0.765740253170289,0.0065467374329487,0.5709219858156028,0.5549645390070922,0.5230496453900709,0.5577264653641207,0.5843694493783304,0.5582064169910435,0.0204593678790929,24,0.8775510204081632,0.878438331854481,0.8744454303460515,0.8713968957871396,0.871840354767184,0.8747344066326039,0.0028722951570982,0.2374631268436578,0.2294721407624633,0.222473604826546,0.230712711241734,0.227997227997228,0.2296237623343258,0.0048256564542037,1,0.3732075471698113,0.3707170941771204,0.3695855990999437,0.3746425166825548,0.3652917131178,0.3706888940494461,0.0032348836908759,0.3354166666666666,0.3246887966804979,0.3121693121693121,0.3264033264033264,0.3280159521435692,0.3253388108126744,0.0075328835202958,8,0.5236960550701615,0.521395655036208,0.5195729537366548,0.524,0.5148618567500327,0.5207053041186114,0.003337792418091,0.7116460300294463,0.7024537143921812,0.6879240231519173,0.7041308986349512,0.7126587395378231,0.7037626811492638,0.0088769263786983,24,0.8794900763603439,0.8792377260871433,0.8772234290253297,0.8771604695954545,0.8749571906255522,0.8776137783387646,0.0016476055496688,0.8523700742432896,0.8499428897772702,0.8527984009137636,0.8505353319057816,0.8409480296973159,0.8493189453074841,0.0043210445568041,1,0.8814291323125245,0.8800371203198059,0.8800014277046079,0.8829240434037693,0.8780740264839205,0.8804931500449257,0.0016178515445429,0.8313953488372093,0.8279598308668076,0.8282241014799154,0.828752642706131,0.821858067926523,0.8276379983633173,0.0031373493102424,1,0.8811403653661921,0.8799180734035876,0.8795877242245053,0.8820653430676225,0.8776096723044398,0.8800642356732695,0.001512335532956,IRSUICTHNK,XGBoost,v_grid_inicial,,7.0,,,200.0,0.8,0.05,0.8
1.307486152648926,0.2015114753363218,1.2892119407653808,2.1948880872353698,,,"{'modelo__colsample_bytree': 0.8, 'modelo__learning_rate': 0.05, 'modelo__max_depth': 7, 'modelo__n_estimators': 200, 'modelo__subsample': 1.0}",0.788111960338773,0.7856836367060768,0.7808220530517516,0.7897544636348307,0.7916638348246574,0.7872071897112178,0.0037486019771932,23,0.9390748911193132,0.941573920498706,0.9379650867316296,0.9352966423367832,0.9322735554838536,0.9372368192340572,0.0031974240453842,0.2668539543701531,0.3004021720189584,0.2624153775652488,0.2441750680525788,0.248976118252834,0.2645645380519547,0.0197632266845151,23,0.7409785907462845,0.7445752068776326,0.727313946902835,0.7294022167839135,0.7103319653546217,0.7305203853330574,0.0120500283705218,0.5815602836879432,0.5815602836879432,0.5638297872340425,0.5896980461811723,0.6127886323268206,0.5858874066235844,0.0158882565255505,23,0.8589174800354925,0.8642413487133984,0.854924578527063,0.8563192904656319,0.8501108647450111,0.8569027124973194,0.0046539759540998,0.2282533054975643,0.2202820685023505,0.223943661971831,0.2292817679558011,0.222007722007722,0.2247537051870538,0.0034912084739449,4,0.3450365353769382,0.3433204088826225,0.337359943977591,0.3434109905744265,0.3266314533992162,0.3391518664421589,0.0067840687173535,0.3278360819590205,0.3195323916220166,0.3205645161290322,0.330183988065639,0.3259329239489844,0.3248099803449385,0.0041273517280604,10,0.4923076923076923,0.491422805247225,0.4838061762490585,0.4902259456714902,0.4719350073855243,0.4859395253721981,0.0076114520271581,0.7116110955846913,0.7078989311072497,0.7032455618066272,0.7151916355102863,0.7200864920628962,0.7116067432143502,0.0058037029111666,23,0.8638735595915764,0.8656253322429825,0.8599140150014764,0.86226872575823,0.8545268247414244,0.861241691467138,0.0038483761680149,0.8416619074814392,0.8342375785265562,0.8426613363792119,0.8406852248394004,0.827384351798972,0.837326079805116,0.0057779756940883,2,0.8688296391476603,0.8670093157725667,0.8649034514758897,0.868218161050828,0.8589427847378377,0.8655806704369564,0.0035797579245571,0.8222780126849895,0.815406976744186,0.8218816067653277,0.8220137420718816,0.8114179992070834,0.8185996674946935,0.0044210154389087,2,0.8680915727924416,0.8668032109940207,0.8641604175613624,0.8673317696805524,0.8582848837209303,0.8649343709498615,0.0035783429549066,IRSUICTHNK,XGBoost,v_grid_inicial,,7.0,,,200.0,0.8,0.05,1.0
4.708202743530274,2.348426460406992,-0.1755011081695556,2.5931085774446245,0.05,0.0,"{'modelo__C': 0.05, 'modelo__l1_ratio': 0.0}",0.8606979193779571,0.8357060039537341,0.833496458919958,0.8122052124776566,0.8429449011426908,0.8370100991743993,0.0156567138098603,3,0.8627746910942569,0.8667425299757573,0.8691764553430479,0.8738770037398057,0.8669792489096529,0.8679099858125042,0.0036279394750429,0.1673547583595284,0.1352077813608891,0.1545649875645217,0.1316329797797881,0.1556583792242159,0.1488837772577886,0.0134459763692539,3,0.1649013483390123,0.1694538857525047,0.1671074816394476,0.1666290520070379,0.1617986820761905,0.1659780899628386,0.0025458694515272,0.8042328042328042,0.7354497354497355,0.746031746031746,0.6808510638297872,0.7393617021276596,0.7411854103343465,0.0391788669902959,2,0.7811671087533156,0.7997347480106101,0.7838196286472149,0.8066225165562914,0.7986754966887417,0.7940038997312348,0.0098224081653716,0.0901542111506524,0.0873115577889447,0.0883458646616541,0.0823151125401929,0.0866043613707165,0.0869462215024321,0.0026056748733591,1,0.0895681265206812,0.0928120671078959,0.093379680834255,0.0947564960323634,0.093852140077821,0.0928737021146033,0.0017713778326797,0.1621333333333333,0.1560920830993823,0.1579831932773109,0.1468732071141709,0.1550474065811489,0.1556258446810693,0.0050013025151289,1,0.1607094133697135,0.166321886636326,0.1668784413384159,0.1695906432748538,0.1679665738161559,0.166293391687093,0.0030065034633479,0.7981727783191396,0.7692697925114242,0.7744252780843105,0.7437453151127256,0.7703448976826128,0.7711916123420426,0.0172982626896011,2,0.7891674213008032,0.8000266042793844,0.7947115895717696,0.804754543276113,0.8007166147603346,0.797875354637681,0.0054011365992804,0.792112752405475,0.8030898495731129,0.802818810136875,0.8066395663956639,0.801328093237566,0.8011978143497386,0.0048657047398595,8,0.7971677338482908,0.8003184605481587,0.8056035504963242,0.8028865699959344,0.8027577328319274,0.8017468095441271,0.002835615828569,0.7924154334038055,0.8014006342494715,0.8014006342494715,0.803514799154334,0.7997885555702392,0.7997040113254644,0.0038317014084767,7,0.7967691850285752,0.8003039212447557,0.8050609494235407,0.8029797495953223,0.8026559196617337,0.8015539449907856,0.0028285273305627,IRSUIPLANYR,Regresión Logística,v_grid_inicial,,,,,,,,
8.271247720718383,2.481345220004876,-0.2641453266143799,2.541938880342216,0.05,1.0,"{'modelo__C': 0.05, 'modelo__l1_ratio': 1.0}",0.8622642835273273,0.83856052246078,0.838542238054367,0.8154363431932191,0.844392727492914,0.8398392229457216,0.0149828937839369,1,0.8567408755768942,0.8610385832594425,0.8623735824942493,0.8681255603650596,0.8608845906960788,0.8618326384783449,0.0036701186365934,0.1742358034161449,0.1458736223759712,0.1589206997618798,0.1349805456251222,0.1605309910778894,0.1549083324514015,0.0134164614507546,1,0.1639054957309192,0.1681513486160536,0.164602443149659,0.1666276359269652,0.162347673703267,0.1651269194253728,0.0020440391354666,0.8201058201058201,0.7407407407407407,0.7513227513227513,0.6968085106382979,0.7340425531914894,0.7486040751998198,0.0401908974389111,1,0.7851458885941645,0.7904509283819628,0.7798408488063661,0.8013245033112583,0.7867549668874172,0.7887034271962337,0.0071741647164274,0.0888761467889908,0.085417937766931,0.0872235872235872,0.0823381521055939,0.083232810615199,0.0854177269000604,0.0024281449613755,10,0.0882265275707898,0.0895836464752743,0.0898395721925133,0.0927487352445193,0.0903422053231939,0.0901481373612581,0.0014769711124336,0.1603724780134506,0.1531728665207877,0.1563015960374243,0.147273749297358,0.1495124593716143,0.153326629848127,0.0046840858818529,6,0.1586280814576634,0.1609288510868097,0.1611179613645705,0.1662544655125034,0.1620736698499318,0.1618006058542958,0.0024980913002505,0.8023824940073754,0.7687983416401901,0.7749702250989687,0.7494882661592573,0.764026290825315,0.7719331235462212,0.0173925537614131,1,0.7889377510186325,0.7926235737549615,0.7890124730531136,0.800411540177109,0.792062986713011,0.7926096649433656,0.0041854760558728,0.7846591679089308,0.7968559425396395,0.7986176988751863,0.8021680216802168,0.7940100284591408,0.7952621718926228,0.00592422120031,10,0.7927296134431006,0.7947962191279602,0.7981840972998611,0.7994985770429598,0.7973710065386048,0.7965159026904973,0.0024373641483704,0.7855443974630021,0.7954545454545454,0.7974365750528541,0.7995507399577167,0.7925201532972116,0.794101282245066,0.0048656414728798,10,0.7925407155363219,0.7946879852003568,0.7977271976479139,0.7995441181328664,0.7971062367864693,0.7963212506607855,0.0024470294964409,IRSUIPLANYR,Regresión Logística,v_grid_inicial,,,,,,,,
3.8540585041046143,0.3883783086895587,0.6498523712158203,0.046627624113059,0.1,0.0,"{'modelo__C': 0.1, 'modelo__l1_ratio': 0.0}",0.8599873371522647,0.8334896470822748,0.831108013517554,0.8088306521363087,0.8417994711847594,0.8350430242146324,0.0165701784134306,4,0.8646440449863492,0.8683313280149938,0.8711122188364409,0.8762023336315963,0.8686432579990384,0.8697866366936837,0.0038154900831825,0.1652271463866743,0.1339929929418487,0.1550200270639002,0.1273756005109362,0.1517586070141134,0.1466748747834945,0.0139496580324167,4,0.1641751913368498,0.1689998882911144,0.1675755143631891,0.167927978804139,0.1613581119087777,0.166007336940814,0.0028310937848127,0.7936507936507936,0.7301587301587301,0.7354497354497355,0.6648936170212766,0.7340425531914894,0.7316390858944051,0.0407992614446471,4,0.7851458885941645,0.8023872679045093,0.7877984084880637,0.8119205298013245,0.8,0.7974504189576124,0.0098470271901196,0.0887573964497041,0.0866290018832391,0.0884223918575063,0.081116158338741,0.0866834170854271,0.0863216731229235,0.0027447572262813,2,0.0905752753977968,0.0938566552901023,0.0943905927220721,0.0962625628140703,0.0940224159402241,0.0938215004328531,0.0018364221446039,0.1596593932943054,0.1548821548821548,0.1578648495173197,0.1445922498554077,0.1550561797752809,0.1544109654648937,0.0052253383990202,2,0.1624142661179698,0.1680555555555555,0.1685823754789272,0.1721184894005334,0.1682685610809305,0.1678878495267833,0.0031149273497901,0.7924752138737774,0.7664887701478025,0.7706249896926141,0.7365118491610447,0.7684984415232416,0.7669198528796961,0.0178556936517237,4,0.7918852050281864,0.8022506519418877,0.7973616157357146,0.8084707676788164,0.8014127451976827,0.8002761971164574,0.0054999042346295,0.7912996340967611,0.802818810136875,0.8058002439354927,0.808130081300813,0.8029543298549939,0.8022006198649871,0.0057947827405049,6,0.7986245214622082,0.8021140359792662,0.8069248229833655,0.8050210055563084,0.8028254903953654,0.8031019752753027,0.0028070234202207,0.7913583509513742,0.8010042283298098,0.8040433403805497,0.8045718816067653,0.8012422360248447,0.8004440074586686,0.0047643407288296,6,0.7982887912523537,0.8021208417297083,0.8064484159756863,0.8051930890951736,0.8027550211416491,0.8029612318389141,0.0028185854409021,IRSUIPLANYR,Regresión Logística,v_grid_inicial,,,,,,,,
12.388383531570437,5.579883065707628,0.6181516170501709,0.2230104352122256,0.1,1.0,"{'modelo__C': 0.1, 'modelo__l1_ratio': 1.0}",0.8624320698449985,0.8359892329942472,0.8362050606934738,0.8096299659805108,0.8431409722242246,0.8374794603474911,0.0169359065066176,2,0.8615823736516897,0.8648268960502823,0.8676486525905271,0.8739092682024969,0.86587082940418,0.8667676039798351,0.0040801171548606,0.1730891288449831,0.1386058232597904,0.1570834161067808,0.1259650538796799,0.1560200387809397,0.1501526921744347,0.0162905668752146,2,0.1634852016389505,0.168874374998069,0.1655823036898308,0.1680336511175398,0.1613598374901804,0.1654670737869141,0.0027931167493044,0.8042328042328042,0.7301587301587301,0.7354497354497355,0.6702127659574468,0.7340425531914894,0.7348193177980413,0.0424616544815994,3,0.786472148541114,0.7984084880636605,0.7824933687002652,0.8079470198675497,0.7894039735099337,0.7929449997365047,0.0091496838564604,0.0894117647058823,0.0852904820766378,0.0868207370393504,0.0806658130601792,0.0855018587360594,0.0855381311236218,0.0028443714283686,7,0.0895364638381398,0.0916286149162861,0.0922163175992497,0.0952529668956902,0.0919611171115568,0.0921190960721845,0.0018311808614314,0.1609317098994176,0.1527393469839513,0.1553072625698324,0.144,0.1531631520532741,0.1532282943012951,0.0054602096963745,7,0.1607699606886268,0.1643910431458219,0.1649888143176733,0.1704148624109512,0.1647318960751796,0.1650593153276506,0.0030867202415854,0.7972241402923067,0.7647947736713152,0.7686599537798887,0.7378164100789943,0.7670077246239329,0.7671006004892875,0.018829490190529,3,0.7910915473877438,0.7981099593823062,0.7928627022381294,0.8058233540860991,0.7950136715467817,0.796580246928212,0.0051802542354288,0.7902154763518092,0.7994308171839003,0.801870172110042,0.805420054200542,0.7999728960563762,0.7993818831805339,0.0050403530822624,9,0.7957109462343734,0.797811430700952,0.8032320357759934,0.8036996883046483,0.8006233695836298,0.8002154941199194,0.0030814271904174,0.7905655391120507,0.797700845665962,0.8002114164904862,0.802061310782241,0.7983348751156337,0.7977747974332747,0.0039141760445114,9,0.7954808232301542,0.7978263024016385,0.8027154702520565,0.803805622543028,0.8003435517970402,0.8000343540447835,0.0030697422820597,IRSUIPLANYR,Regresión Logística,v_grid_inicial,,,,,,,,
8.9351336479187,2.3335474353526493,-3.7765575885772704,2.356129476611902,0.2,0.0,"{'modelo__C': 0.2, 'modelo__l1_ratio': 0.0}",0.8589626933575978,0.8304938725727451,0.8276805836095713,0.804644525168656,0.8406821543598423,0.8324927658136826,0.0177223041826825,6,0.866001847247313,0.8694912494341929,0.872542586392466,0.8780759161716307,0.8697856684676268,0.871179453542646,0.00402540941659,0.1635497377282552,0.1328776309338634,0.1513508712917656,0.1241944378030331,0.1500910369268215,0.1444127429367478,0.0140601841293609,6,0.163558217544856,0.1686965505371217,0.1677018410217597,0.1685790954128207,0.1609858215927504,0.1659043052218617,0.0030944427613446,0.7936507936507936,0.7301587301587301,0.7195767195767195,0.6595744680851063,0.723404255319149,0.7252729933580997,0.0425479257704752,6,0.7891246684350133,0.8063660477453581,0.7957559681697612,0.8158940397350993,0.8039735099337748,0.8022228468038014,0.009170771477357,0.088443396226415,0.0872313527180783,0.0866794136392606,0.0810987573577501,0.0862396956246036,0.0859385231132216,0.0025301681335995,4,0.0914540424223793,0.0948813982521847,0.0952380952380952,0.0977312390924956,0.094710563270401,0.0948030676551111,0.0019997049641271,0.1591511936339522,0.1558441558441558,0.1547212741751991,0.1444379732090856,0.1541076487252124,0.153652449117521,0.0049253615011785,3,0.1639118457300275,0.1697849762636135,0.1701162461015027,0.1745536979314253,0.1694584031267448,0.1695650338306628,0.0033825695841994,0.7920686547194205,0.7672341285974569,0.7626884817561062,0.7345975321455342,0.7640601707548449,0.7641297935946726,0.0182452928187713,6,0.7944335948469744,0.8049345568875519,0.8013234561857039,0.8116094402497153,0.8037044092000412,0.8032010914739974,0.005556133036351,0.7904865157880472,0.8043095270361837,0.8058002439354927,0.809620596205962,0.8047160861905407,0.8029865938312453,0.0065256396098545,5,0.7997425212589355,0.8035030660297455,0.8068909442016465,0.8073248407643312,0.8034353084663075,0.8041793361441932,0.0027547508907977,0.7905655391120507,0.8024577167019028,0.803646934460888,0.8058932346723044,0.8026959164794503,0.8010518682853192,0.0053817395090024,4,0.7994780482970499,0.8035743781176704,0.8066135905652274,0.8075385682666578,0.8034487315010571,0.8041306633495326,0.0028354913018503,IRSUIPLANYR,Regresión Logística,v_grid_inicial,,,,,,,,
26.562752866745,8.667130322453803,0.8448164463043213,0.2245262808946501,0.2,1.0,"{'modelo__C': 0.2, 'modelo__l1_ratio': 1.0}",0.8606660112961779,0.8324176789415982,0.8316798493651725,0.8000075678948279,0.8416639514666404,0.8332870117928834,0.0196501543451361,5,0.8648264242635342,0.8680463688191555,0.8713095829593862,0.8776302492575584,0.8685754779993211,0.8700776206597911,0.0043015673898705,0.1683714845387835,0.1340992779818544,0.1537328129461714,0.1203585597432253,0.1512999885967198,0.1455724247613509,0.0166527243160166,5,0.1624122578561285,0.1682579661793857,0.167092743419819,0.1681053290822978,0.1603544480669401,0.1652445489209142,0.0032439336814708,0.7936507936507936,0.7301587301587301,0.7354497354497355,0.6595744680851063,0.7180851063829787,0.7273837667454688,0.0427753321373461,5,0.7904509283819628,0.8023872679045093,0.7891246684350133,0.8172185430463577,0.8026490066225166,0.8003660828780719,0.0101782319763308,0.0889152341434499,0.0864661654135338,0.0877525252525252,0.0806766428106701,0.0840597758405977,0.0855740686921553,0.0029319876951841,6,0.0911733210953036,0.0939878825539847,0.0940860215053763,0.0981078072825568,0.0941578620261031,0.0943025788926649,0.0022108320298304,0.1599147121535181,0.1546218487394958,0.1567963902989283,0.1437681159420289,0.1505016722408027,0.1531205478749548,0.005590221510871,8,0.1634892333013304,0.1682658879154498,0.1681265894320429,0.1751845542305508,0.1685440133500208,0.168722055645879,0.0037347204906314,0.7926784934509559,0.766285490570624,0.7698118713839002,0.73405552672548,0.7593678005149749,0.7644398365291869,0.0188606403583939,5,0.794588543094664,0.8024031064596233,0.7975165639834043,0.8125257913768176,0.802567854600346,0.8019203719029709,0.0061037107824435,0.791706193251118,0.802412250982518,0.8041740073180648,0.8085365853658537,0.8006504946469711,0.8014959063129051,0.0055522297645363,7,0.7987261578073652,0.8024189450147373,0.8059084595317952,0.8078330397072774,0.8024867025781753,0.8034746609278702,0.0031482605008059,0.7917547568710359,0.8006078224101479,0.8024577167019028,0.8048361522198731,0.7985991806528346,0.7996511257711589,0.0044527733093937,8,0.7985200356777113,0.8024181559908824,0.8054904033563477,0.8080671269531895,0.8024907505285412,0.8033972945013345,0.0032173475919521,IRSUIPLANYR,Regresión Logística,v_grid_inicial,,,,,,,,
5.825811338424683,0.2993899709817502,0.6265326499938965,0.1844898126599523,0.5,0.0,"{'modelo__C': 0.5, 'modelo__l1_ratio': 0.0}",0.857298453856253,0.8271682617122378,0.8217686255360737,0.7975955717003977,0.8397284703860581,0.828711876638204,0.0197857203595834,7,0.867172327703255,0.8705237434993403,0.8738218923249641,0.8798785079189286,0.8707551849680519,0.8724303312829079,0.0042778399018991,0.1615217034747557,0.1326877589127799,0.1462389367617938,0.1194910090003176,0.1484905541534896,0.1416859924606273,0.0143810451001485,7,0.1622525423534849,0.1680502374253088,0.1674892064578353,0.1685632507277194,0.1607569426828447,0.1654224359294386,0.003251358215661,0.7936507936507936,0.7248677248677249,0.7037037037037037,0.6648936170212766,0.7287234042553191,0.7231678486997636,0.0418959146543736,7,0.7904509283819628,0.8050397877984085,0.7970822281167109,0.8211920529801324,0.8013245033112583,0.8030179001176947,0.0102996741260553,0.088443396226415,0.0868738110336081,0.0846594525779758,0.082399472643375,0.0870393900889453,0.0858831045140638,0.002121631658043,5,0.0919327471849452,0.0951858240551983,0.0957768924302788,0.0989466964570699,0.0947681704260651,0.0953220661107115,0.0022431075425146,0.1591511936339522,0.1551528878822197,0.1511363636363636,0.1466275659824047,0.155505107832009,0.1535146237933898,0.0042779561046517,5,0.1647091336189028,0.170242602720516,0.1710058329776639,0.1766130180885913,0.1694915254237288,0.1704124225658806,0.0038001030483947,0.7920686547194205,0.7648596653881923,0.7544131745243007,0.7381378654212074,0.7669907846591679,0.7632940289424577,0.0176397190862999,7,0.7955032702010774,0.8047796086398622,0.8024270103215259,0.8149529854275916,0.8027695118785515,0.8040864772937217,0.0062724971521435,0.7904865157880472,0.8048516059086597,0.8051226453448976,0.8113821138211382,0.8052581650630166,0.8034202091851519,0.0069137199478993,3,0.8005556120201918,0.8045194294813158,0.8077717925263408,0.8087139178750509,0.8042145204458447,0.8051550544697488,0.002896767889122,0.7905655391120507,0.8028541226215645,0.8025898520084567,0.8077431289640592,0.8033566803224528,0.8014218646057168,0.0057441667066184,3,0.8003039212447557,0.804532390737009,0.8075055333487496,0.8090251395725282,0.8041424418604651,0.8051018853527016,0.0030144572604542,IRSUIPLANYR,Regresión Logística,v_grid_inicial,,,,,,,,
36.65436925888061,5.862277622749059,0.434207820892334,0.1112421512461398,0.5,1.0,"{'modelo__C': 0.5, 'modelo__l1_ratio': 1.0}",0.8579018392678779,0.8258675592325138,0.8199573937478801,0.7890315977627861,0.8388396628730757,0.8263196105768266,0.0227388079353828,8,0.8668853690302464,0.8701708245457436,0.873489776920354,0.8801737793577443,0.8704989850949065,0.872243746989799,0.0044831109696472,0.1631406843344162,0.1311547535353319,0.1470349133227957,0.116701943401516,0.1486243923198732,0.1413313373827866,0.0159470182163581,8,0.1612358577959584,0.1677368981836365,0.1674743149592912,0.1678342153140252,0.1599331546625913,0.1648428881831005,0.0035032524950976,0.7883597883597884,0.7248677248677249,0.7248677248677249,0.6382978723404256,0.7287234042553191,0.7210233029381965,0.0478885160696326,9,0.7944297082228117,0.8023872679045093,0.7957559681697612,0.8198675496688742,0.8026490066225166,0.8030179001176947,0.0090657284874014,0.0878537735849056,0.0869841269841269,0.0865992414664981,0.0790513833992094,0.0869289340101522,0.0854834918889785,0.0032427260345701,8,0.0922389898367724,0.0948275862068965,0.0953591862682771,0.0990083173384517,0.0944660950896336,0.0951800349480062,0.0021895898172646,0.1580901856763925,0.155328798185941,0.1547148503670243,0.1406799531066823,0.155328798185941,0.1528285171043962,0.0061860137005868,9,0.1652869757174393,0.1696103167928231,0.1703093954016463,0.1766804623947481,0.1690376569037656,0.1701849614420845,0.0036835799101348,0.7893553922148583,0.7649951851063113,0.7645208660928948,0.7244334890157412,0.7668552649410489,0.7620320394741709,0.0209688082419902,9,0.7973571449946257,0.803368651738615,0.8014589713125799,0.8145109533139059,0.8029235818083955,0.8039238606336244,0.005702504357116,0.7903509960699282,0.8051226453448976,0.8041740073180648,0.8105691056910569,0.8049871256267787,0.8030407760101452,0.0067396280708957,4,0.8002845817664397,0.8043500355727208,0.8071619744553986,0.8091543569589376,0.8031981569942744,0.8048298211495541,0.0030884388345498,0.7903012684989429,0.8031183932346723,0.802193446088795,0.8062896405919662,0.8030923747852518,0.8009990246399257,0.0055268993888576,5,0.8001387466552146,0.8043011463116514,0.8068778699084933,0.8094215585874269,0.8031844608879493,0.804784756470147,0.0031705295985638,IRSUIPLANYR,Regresión Logística,v_grid_inicial,,,,,,,,
6.413203144073487,0.4106045756123557,0.8256205558776856,0.1175661454357767,1.0,0.0,"{'modelo__C': 1, 'modelo__l1_ratio': 0.0}",0.8558106050991265,0.8250028143645165,0.8161391794675438,0.7913985469641931,0.8392728934613177,0.8255248078713395,0.0217218947256906,9,0.8677443579022798,0.8710262188520772,0.8744725536486684,0.8808690583354051,0.8712222634301885,0.8730668904337238,0.004444008435511,0.1593605819654005,0.1332507173569331,0.1435681378721832,0.116258373181875,0.1474147704867326,0.1399705161726249,0.014503488387085,9,0.1613726591690774,0.1675426775431065,0.1672021554867917,0.1682377025434443,0.1605861641490242,0.1649882717782888,0.0032995841041914,0.7936507936507936,0.7195767195767195,0.708994708994709,0.6542553191489362,0.7287234042553191,0.7210401891252954,0.0445842704925127,8,0.7944297082228117,0.8076923076923077,0.7944297082228117,0.8225165562913908,0.8,0.8038136560858643,0.0105404301820777,0.0889152341434499,0.0864589955499046,0.0855137204850031,0.0816733067729083,0.0873167622689611,0.0859756038440454,0.002424743123915,3,0.0924810869229581,0.0955144291091593,0.0954886019448429,0.0994077157035377,0.0947153834091265,0.0955214434179249,0.0022359669226119,0.1599147121535181,0.1543700340522134,0.1526195899772209,0.1452184179456906,0.1559476380193511,0.1536140784295988,0.004841303064842,4,0.1656755635458442,0.1708274894810659,0.1704852710971965,0.1773778920308483,0.1693774537296691,0.1707487339769248,0.0037852032801853,0.7926784934509559,0.7624174423198681,0.7573974764651008,0.7334284725825981,0.7673295839544654,0.7626502937545977,0.0190007877502737,8,0.7976451146392373,0.8061566867593903,0.8011007503745762,0.8159540363785183,0.8022088965680794,0.8046130969439604,0.0062875927356404,0.791706193251118,0.8052581650630166,0.8058002439354927,0.8126016260162602,0.8059357636536116,0.8042603983838997,0.0068316565544015,1,0.8008605210556629,0.8046210658264729,0.8077717925263408,0.8093915164656458,0.8044177931361588,0.8054125378020561,0.0029575380084546,0.7917547568710359,0.8031183932346723,0.8033826638477801,0.8086680761099366,0.8040174441654553,0.802188266845776,0.0055943483527118,1,0.8007003402596544,0.8046975653265501,0.8074394635129332,0.809718872848601,0.8043076109936576,0.8053727705882793,0.0030522744563791,IRSUIPLANYR,Regresión Logística,v_grid_inicial,,,,,,,,
44.55489373207092,13.30831502143481,0.2224819183349609,0.0972178363671456,1.0,1.0,"{'modelo__C': 1, 'modelo__l1_ratio': 1.0}",0.8555323953074325,0.8233328385788068,0.8130681162257256,0.781470189701897,0.838118813308613,0.8223044706244949,0.0249318859894732,10,0.8676063715114852,0.8710195689055329,0.8745809972026191,0.8812624245105809,0.871175865204629,0.8731290454669693,0.0046265484030483,0.1590439924767478,0.1314082480622943,0.1435379787323935,0.1133128377965959,0.1474712372676574,0.1389548588671378,0.0155664482600675,10,0.1604051037637558,0.1671281758623266,0.1670772039229369,0.1673156163685296,0.1598457077285001,0.1643543615292098,0.0034583679061583,0.7883597883597884,0.7248677248677249,0.7142857142857143,0.6382978723404256,0.723404255319149,0.7178430710345605,0.047734627633987,10,0.7917771883289124,0.8090185676392573,0.7944297082228117,0.8198675496688742,0.8,0.8030186027719711,0.0102872451209784,0.088217880402605,0.0869289340101522,0.0860969387755102,0.0793650793650793,0.0865690642902609,0.0854355793687215,0.0031159095543599,9,0.0921865348980852,0.0957463506513891,0.0955190559719343,0.099151049175076,0.0946411783140081,0.0954488338020985,0.0022403012129277,0.1586794462193823,0.1552407932011331,0.153671030165054,0.1411764705882353,0.1546333143831722,0.1526802109113954,0.0059946606798167,10,0.1651452282157676,0.1712280701754386,0.1705338078291814,0.1769076879108316,0.1692587922096118,0.1706147172681662,0.0037878244651606,0.7898297112282747,0.7649274252472518,0.7600429791106035,0.7248399930807818,0.7644667299092018,0.7608213677152227,0.0208177692213005,10,0.7963019153014281,0.8069214530780221,0.8011346291562953,0.8146634129967898,0.8021241996137819,0.8042291220292634,0.0062124112145445,0.7912996340967611,0.8049871256267787,0.8058002439354927,0.8113821138211382,0.8055292044992547,0.803799664395885,0.0066655530663835,2,0.8008266422739438,0.8048243385167869,0.8078395500897788,0.8094592763247053,0.8042483992275637,0.8054396412865558,0.00299981476547,0.7912262156448203,0.8029862579281184,0.803514799154334,0.8070824524312896,0.8034888330910532,0.8016597116499231,0.0054186846447086,2,0.8006012355059298,0.8049288097519077,0.8075055333487496,0.809718872848601,0.8041424418604651,0.8053793786631307,0.0030956556837337,IRSUIPLANYR,Regresión Logística,v_grid_inicial,,,,,,,,
-1.471471357345581,0.0789554738402057,0.562497615814209,0.0399321838384331,,,"{'modelo__criterion': 'gini', 'modelo__max_depth': 6, 'modelo__max_features': 'sqrt', 'modelo__min_samples_leaf': 5, 'modelo__n_estimators': 150}",0.8360645217265354,0.8204309957257511,0.8306451670728673,0.8020112581444963,0.826261198397984,0.8230826282135268,0.0117205686981128,7,0.8648648861165201,0.8678723469072223,0.8690015572557253,0.8727111078602334,0.8658256203014225,0.8680551036882248,0.0027479313518732,0.118297987147904,0.1329724578773932,0.1289654561344256,0.1115716248432877,0.1564981536552935,0.1296611359316608,0.015414447154571,7,0.2476080734514665,0.2675322720947793,0.2566020368238884,0.2523509286381413,0.2520792202665237,0.2552345062549598,0.0067755222876944,0.7195767195767195,0.6772486772486772,0.6666666666666666,0.648936170212766,0.6595744680851063,0.6744005403579871,0.0244010590784824,6,0.7506631299734748,0.7506631299734748,0.7519893899204244,0.7708609271523179,0.7576158940397351,0.7563584942118854,0.0076923993063908,0.0915824915824915,0.0857908847184986,0.0894886363636363,0.0870806566738044,0.0867739678096571,0.0881433274296176,0.0021059965722431,9,0.0989683511103339,0.0978561549100968,0.1000529380624669,0.0991482112436115,0.1003332748640589,0.0992717860381136,0.0008773040508969,0.1624850657108721,0.1522903033908388,0.1577958672510958,0.1535556954059156,0.1533704390847248,0.1558994741686894,0.0037916158489992,8,0.1748802718986559,0.1731416335270724,0.1766080049836474,0.1756981132075471,0.1771995043370508,0.1755055055907947,0.0014213403998353,0.7683803099171035,0.74619989086719,0.7464651940190631,0.7378149685752177,0.7413606179699146,0.7480441962696978,0.0106654540167803,5,0.7880428838877098,0.7869418234818419,0.7896038015767383,0.795851929899509,0.791925811301468,0.7904732500294533,0.0031677665649329,0.8171839002574874,0.8151511044857027,0.8262637213714595,0.8266937669376694,0.8231467678547228,0.8216878521814085,0.004714676016516,9,0.8254226378019447,0.823220516990209,0.8272182132330521,0.8208429326467,0.8262357285632008,0.8245880058470213,0.0022902048202025,0.8147463002114165,0.8117071881606766,0.8222780126849895,0.8222780126849895,0.8190828597859126,0.8180184747055967,0.004194274835235,9,0.8235605034521489,0.821413233788114,0.8253443890191933,0.8195963133031614,0.8245243128964059,0.8228877504918046,0.002105885285589,IRSUIPLANYR,Random Forest,v_grid_inicial,gini,6.0,sqrt,5.0,150.0,,,
1.4575085163116457,0.1104370361775201,0.7636398315429688,0.0230487885083672,,,"{'modelo__criterion': 'gini', 'modelo__max_depth': 6, 'modelo__max_features': 'sqrt', 'modelo__min_samples_leaf': 5, 'modelo__n_estimators': 200}",0.837185606802086,0.822118538882328,0.8308667310564586,0.8014793432508793,0.8291168439476029,0.824153412787871,0.0123109423933075,2,0.8658018545981999,0.8683671613418118,0.8689879428381379,0.8723372170352772,0.8664230759824791,0.8683834503591811,0.0023024183715457,0.1181098390647626,0.1314938029716218,0.1300082612254501,0.1112078604633476,0.1542020656057165,0.1290043658661797,0.0146801600395771,8,0.2511615405276466,0.2711228713561237,0.2584525032318231,0.2543302238724579,0.2536934265688383,0.2577521131113779,0.0070835814635777,0.7248677248677249,0.671957671957672,0.6666666666666666,0.6276595744680851,0.6595744680851063,0.670145221209051,0.0313901536367684,8,0.7546419098143236,0.7493368700265252,0.7506631299734748,0.7615894039735099,0.7536423841059603,0.7539747395787588,0.0042665040088943,0.0917001338688085,0.0855218855218855,0.09,0.0848310567936736,0.0859916782246879,0.0876089508818111,0.0027255459030322,13,0.0978503869303525,0.0978693919972284,0.1001769911504424,0.0988992088063295,0.0995277243309428,0.0988647406430591,0.0009145894379496,0.1628045157456922,0.1517323775388291,0.158590308370044,0.1494616846105129,0.1521472392638037,0.1549472251057764,0.004965388041022,12,0.1732379357588674,0.1731270108778918,0.1767645221736414,0.1750646978231085,0.1758343634116193,0.1748057060090257,0.0014309503470775,0.7704837336901302,0.7439609473760442,0.747007272891539,0.7275831747679179,0.7404797398021412,0.7459029737055545,0.0139587334917073,7,0.7884569104582002,0.7864480874169621,0.7892117018570155,0.7920462265835838,0.78961720790825,0.7891560268448023,0.0018105657611468,0.8160997425125356,0.8159642227944166,0.8273478791164114,0.8275067750677507,0.8213850115191761,0.8216607262020581,0.0050984449563777,10,0.8222719111020768,0.8235593048073991,0.8277602737405563,0.8225030491936577,0.8255920317105397,0.824337314110846,0.0020749305883772,0.8138213530655392,0.8123678646934461,0.8233350951374208,0.8225422832980972,0.8173648737941059,0.8178862939977218,0.0044410889660612,10,0.8205873608404083,0.8217105480492881,0.8258399127878168,0.820983779855307,0.8237975687103594,0.8225838340486359,0.0019689544288394,IRSUIPLANYR,Random Forest,v_grid_inicial,gini,6.0,sqrt,5.0,200.0,,,
-1.3558115005493163,0.0685329711614668,0.7454860210418701,0.0696444972881636,,,"{'modelo__criterion': 'gini', 'modelo__max_depth': 6, 'modelo__max_features': 'sqrt', 'modelo__min_samples_leaf': 10, 'modelo__n_estimators': 150}",0.8336441682423522,0.8228524247632527,0.8294025444723371,0.7984799342674278,0.8281530680799163,0.8225064279650571,0.01249705836699,8,0.8636824087975558,0.8685327584903867,0.8662961073818989,0.8714042624990015,0.8643251268154597,0.8668481327968605,0.0028386046315308,0.1174940169666934,0.1354132452862015,0.1352674454801058,0.1141196527725823,0.1555368889931194,0.1315662498997405,0.0148694401495946,5,0.2437787802389428,0.2630245923866863,0.2467655032425813,0.2527277044267785,0.2445437188170249,0.2501680598224028,0.0071536802653805,0.6984126984126984,0.6825396825396826,0.6772486772486772,0.6276595744680851,0.6648936170212766,0.6701508499380839,0.0238148751580704,7,0.7493368700265252,0.7586206896551724,0.7453580901856764,0.7708609271523179,0.7509933774834437,0.7550339909006272,0.0090084750846941,0.0899182561307901,0.0861148197596795,0.0905233380480905,0.0836879432624113,0.0861474844934527,0.0872783683388848,0.0025699311961728,16,0.0990706645625109,0.0972954584112944,0.0993283845881937,0.0985605419136325,0.0983009708737864,0.0985112040698836,0.0007078770752414,0.1593240796620398,0.1529342027267338,0.1597005614472863,0.1476846057571965,0.1525320317266626,0.1544350962639838,0.0045402806166278,14,0.1750038717670745,0.1724709784411277,0.1752963194011229,0.1747747747747747,0.1738463896979917,0.1742784668164183,0.0010258910935604,0.7586791775028663,0.7485065942173952,0.7514851598738304,0.7262959118952892,0.7425972353977504,0.7455128157774263,0.0109158113597135,8,0.7876338447771274,0.7894129975361948,0.7863559092728023,0.7952590311327384,0.787394916881438,0.7892113399200602,0.0031798302646702,0.8189456565930343,0.8144735058951077,0.8257216424989836,0.8249322493224932,0.8203008537742241,0.8208747816167685,0.0041226775761612,11,0.8259308195277297,0.8202053054172171,0.8273537283599282,0.819657135113159,0.8237964562794322,0.8233886889394931,0.0030465936501443,0.8159355179704016,0.8111786469344608,0.8220137420718816,0.820031712473573,0.8164398044139025,0.8171198847728439,0.003730740432988,11,0.8240229923028641,0.818671335601731,0.8253113541012851,0.8184400911763734,0.8219807082452432,0.8216852962854994,0.0027682377565007,IRSUIPLANYR,Random Forest,v_grid_inicial,gini,6.0,sqrt,10.0,150.0,,,
7.541507387161255,0.1318209741402796,0.6604850769042969,0.0538536903363965,,,"{'modelo__criterion': 'gini', 'modelo__max_depth': 6, 'modelo__max_features': 'sqrt', 'modelo__min_samples_leaf': 10, 'modelo__n_estimators': 200}",0.8351126570397474,0.8245112864980055,0.8297538918896827,0.7992792481116301,0.829774619175175,0.8236863405428482,0.0126556684652655,5,0.8648186734812444,0.8684248990533621,0.8663336256613889,0.8713356724694833,0.8650284817347373,0.8671882704800433,0.0024388640231664,0.1176348675837579,0.1371017808643933,0.136193998106502,0.1170956541352583,0.1561747559761594,0.1328402113332142,0.0145120873356122,2,0.2436854579222187,0.2643763023510771,0.2477392969698333,0.2533247441578711,0.2460189573296324,0.2510289517461265,0.0073928506695531,0.6984126984126984,0.6878306878306878,0.6772486772486772,0.6329787234042553,0.6861702127659575,0.6765281999324552,0.0227891285982869,4,0.7440318302387268,0.7546419098143236,0.746684350132626,0.7695364238410596,0.7562913907284768,0.7542371809510425,0.0089403003618805,0.0897959183673469,0.0858652575957727,0.0895731280615815,0.0843971631205673,0.088174982911825,0.0875612900114187,0.0021121505695163,14,0.0978545264259549,0.0965224766751484,0.0988412921348314,0.0984745762711864,0.0972577073752342,0.0977901157764711,0.0008328234187243,0.159132007233273,0.1526717557251908,0.1582200247218788,0.1489361702127659,0.1562689279224712,0.155045777163116,0.0037744535076265,11,0.1729613072298443,0.1711535569258535,0.1745736434108527,0.1746055597295266,0.1723513431934802,0.1731290820979115,0.0013268360485577,0.7585436577847473,0.7501356989770054,0.750468761987938,0.7290232370408811,0.7526934543976149,0.7481729620376373,0.0100381390965864,4,0.7844053855940052,0.7871017591894398,0.7863922817844754,0.7946645393361688,0.7883669238088635,0.7881861779425905,0.0034839705410748,0.8186746171567963,0.812440710123323,0.8236888467271988,0.8250677506775068,0.8192166960292723,0.8198177241428194,0.0044415455169755,12,0.8247789409492835,0.8195616085645561,0.8261002134363248,0.819792654831278,0.8204424568892502,0.8221351749341383,0.002745431395504,0.8156712473572939,0.8093287526427061,0.820031712473573,0.8202959830866807,0.8159111933395005,0.8162477777799507,0.0039755430631464,13,0.8227676654223515,0.81794456740775,0.8241220970565888,0.8185391959300982,0.8188424947145877,0.8204432041062752,0.0025047186186318,IRSUIPLANYR,Random Forest,v_grid_inicial,gini,6.0,sqrt,10.0,200.0,,,
15.460454320907592,0.3473740376318318,0.6611983776092529,0.0612351500773772,,,"{'modelo__criterion': 'gini', 'modelo__max_depth': 12, 'modelo__max_features': 'sqrt', 'modelo__min_samples_leaf': 5, 'modelo__n_estimators': 150}",0.7896762656215156,0.8122284676018245,0.8158788955644898,0.7749445021045955,0.8058060107320083,0.7997068283248867,0.0152925617409622,14,0.9727903732857628,0.971506821272532,0.972250491983714,0.9729842339411378,0.9713748076930412,0.9721813456352376,0.0006520447985298,0.0797447843236147,0.1057443495780973,0.1057160801339738,0.0981016491253002,0.1230455955268171,0.1024704917375606,0.0140009388854649,13,0.7836308084956316,0.7911416673593179,0.790548437631414,0.7679234754781665,0.7808073920313661,0.7828103561991793,0.0084331829688309,0.1481481481481481,0.2222222222222222,0.1904761904761904,0.1808510638297872,0.2180851063829787,0.1919565462118653,0.0269941168921351,16,0.8368700265251989,0.8567639257294429,0.8448275862068966,0.856953642384106,0.8370860927152318,0.8465002547121753,0.0089306418306508,0.1014492753623188,0.1354838709677419,0.1290322580645161,0.1137123745819397,0.1443661971830986,0.124808795231923,0.0153823572388851,7,0.4481534090909091,0.4114649681528662,0.4426685198054204,0.3928354584092289,0.4233087742799732,0.4236862259476796,0.020298975346683,0.1204301075268817,0.1683366733466934,0.1538461538461538,0.1396303901437371,0.173728813559322,0.1511944276845576,0.0194363429880179,15,0.5837187789084182,0.5559380378657487,0.5809393524851801,0.5387177352206495,0.5622775800711743,0.564318296910234,0.0166278093318358,0.5572696290273198,0.592951468883167,0.5787724494866384,0.5724716023755982,0.5925769074400326,0.5788084114425512,0.013369167110521,15,0.9052731065647645,0.9127299657105392,0.9088284016341256,0.9115368564271796,0.9039582308275824,0.908465312232838,0.0034134278008146,0.9663911099064914,0.9636807155441116,0.9670687084970864,0.9640921409214092,0.9670687084970864,0.965660276673237,0.0014750721758474,1,0.9736761866043298,0.9686960056916352,0.9728292170613544,0.9661200704702534,0.9708303689399328,0.9704303697535012,0.0027581331873179,0.9459566596194504,0.9451638477801269,0.9476744186046512,0.9446353065539111,0.948460420245804,0.9463781305607888,0.0014632736565479,1,0.970268573882594,0.9659079647187075,0.9696409104423376,0.9633973109576822,0.9674947145877378,0.967341894917812,0.0025095885890256,IRSUIPLANYR,Random Forest,v_grid_inicial,gini,12.0,sqrt,5.0,150.0,,,
18.814506912231444,2.099918222419137,0.7526881694793701,0.0527459544517583,,,"{'modelo__criterion': 'gini', 'modelo__max_depth': 12, 'modelo__max_features': 'sqrt', 'modelo__min_samples_leaf': 5, 'modelo__n_estimators': 200}",0.7919987437537241,0.8128400989222239,0.816096874370353,0.7773323531107651,0.8089957700547556,0.8014527680423644,0.0146437087228235,13,0.9733863073466904,0.9716863248971572,0.9726763581549778,0.9735921879613616,0.971225067965099,0.9725132492650572,0.0009269475288329,0.0802399117780478,0.1091579947540012,0.1055918550397111,0.0927620001327741,0.1241491228314041,0.1023801769071876,0.0149187222126792,14,0.7852504123889459,0.7953469071232587,0.7980146079174779,0.7727551545395094,0.7838537280192189,0.7870441619976821,0.0090206252673408,0.1693121693121693,0.2116402116402116,0.201058201058201,0.175531914893617,0.2446808510638297,0.2004446695936058,0.0271014178749282,14,0.8448275862068966,0.8474801061007957,0.8514588859416445,0.8609271523178808,0.8397350993377484,0.8488857659809932,0.0071245397611293,0.1099656357388316,0.1346801346801346,0.1314878892733564,0.111864406779661,0.1543624161073825,0.1284720965158732,0.0163477695189403,6,0.4366004112405757,0.4248670212765957,0.4358452138492871,0.4024767801857585,0.4212624584717608,0.4242103770047956,0.0124125179784868,0.1333333333333333,0.1646090534979424,0.1589958158995816,0.1366459627329192,0.1893004115226337,0.156576915397282,0.0203897057460209,6,0.5756891098056937,0.5659875996457041,0.5765603951504266,0.5485232067510548,0.5610619469026549,0.5655644516511068,0.01033707025386,0.5671062811596759,0.588405822041816,0.5835213759051677,0.5700152799400334,0.6052649410489226,0.5828627400191232,0.013757480850748,14,0.9084896138169354,0.9090874799569264,0.911652809166574,0.9141165101608376,0.9051133402302456,0.9096919506663038,0.0030396172470157,0.9649003930071826,0.9651714324434204,0.9659845507521344,0.96449864498645,0.9658490310340154,0.9652808104446404,0.0005633096548863,3,0.9721516414269744,0.9706948538130568,0.9718467323915032,0.9673058680037946,0.9704915811227428,0.9704981353516142,0.0017194248019726,0.945031712473573,0.946353065539112,0.9468816067653276,0.944899577167019,0.9479318091714022,0.9462195542232869,0.0011437887303744,3,0.968980212084173,0.9676257804499356,0.96884807241254,0.964652637838195,0.96723044397463,0.9674674293518948,0.0015619843316033,IRSUIPLANYR,Random Forest,v_grid_inicial,gini,12.0,sqrt,5.0,200.0,,,
14.432570791244506,0.159985821110336,0.764995813369751,0.0852043889991472,,,"{'modelo__criterion': 'gini', 'modelo__max_depth': 12, 'modelo__max_features': 'sqrt', 'modelo__min_samples_leaf': 10, 'modelo__n_estimators': 150}",0.8185964602823256,0.8211806563886791,0.8220281924035819,0.7887404139998848,0.824033412819012,0.8149158271786966,0.0132035109509246,12,0.9624289927245092,0.9605438227433384,0.961196843000783,0.9641482136975432,0.960996816965058,0.9618629378262464,0.0013020611522066,0.1041541229270086,0.1224236730141468,0.1224165515477076,0.1141305042887695,0.1551152637839145,0.1236480231123094,0.0171102197522587,11,0.6600086647919164,0.6815627717840914,0.6668414850565664,0.6602523729950014,0.6684404861075011,0.6674211561470154,0.0078447029891291,0.3015873015873015,0.3597883597883597,0.3597883597883597,0.3297872340425531,0.4042553191489361,0.3510413148711021,0.0342992338765494,9,0.8328912466843501,0.8395225464190982,0.8368700265251989,0.8543046357615894,0.8410596026490066,0.8409296116078486,0.0072385570788096,0.120253164556962,0.136,0.1413721413721413,0.1283643892339544,0.1442125237191651,0.1340404437764445,0.0087563865153888,1,0.3143143143143143,0.288514129443938,0.2991939307728781,0.2900179856115107,0.2935737401756819,0.2971228200636646,0.00934902314651,0.171945701357466,0.1973875181422351,0.2029850746268656,0.1847988077496274,0.2125874125874126,0.1939409028927214,0.0142037693378269,1,0.4563953488372093,0.4294436906377205,0.4407963674467341,0.4330312185297079,0.435229609321453,0.4389792469545649,0.0094550324215623,0.6225377895658422,0.6506219207804789,0.6519093581026092,0.6363705817909242,0.6715679631386366,0.6466015226756981,0.016440165873857,9,0.8932386578646536,0.8933188840778623,0.8933985935722515,0.9004041135170597,0.8946464120911801,0.8950013322246015,0.002750361352574,0.9434882775443828,0.941455481772598,0.9440303564168586,0.9429539295392954,0.9388806071283372,0.9421617304802944,0.0018516817783304,7,0.9535860690449572,0.9471152217366264,0.9499271606193042,0.94650359127253,0.9482332215333537,0.9490730528413543,0.0025391875615849,0.9274577167019028,0.9269291754756872,0.9294397463002114,0.9277219873150104,0.9255979912779172,0.927429323414146,0.0012435581105845,7,0.9505797628092896,0.9444352680783588,0.9471110964289252,0.9442040236530012,0.9455602536997886,0.9463780809338728,0.0023392875212364,IRSUIPLANYR,Random Forest,v_grid_inicial,gini,12.0,sqrt,10.0,150.0,,,
19.87674689292908,0.3234895501790607,0.7248161792755127,0.0540870158881328,,,"{'modelo__criterion': 'gini', 'modelo__max_depth': 12, 'modelo__max_features': 'sqrt', 'modelo__min_samples_leaf': 10, 'modelo__n_estimators': 200}",0.821186392673044,0.8222705504179958,0.8233625955539492,0.7901451594303177,0.8248393226320814,0.8163608041414776,0.0131634478168133,10,0.9626482612321866,0.9608374313628912,0.961647511675374,0.9644436646326742,0.9604827569341006,0.9620119251674452,0.0014261043994078,0.1039547120920145,0.1217160396342546,0.1199736855781184,0.1098544319553683,0.1552573322801935,0.1221512403079898,0.0177947722923104,12,0.6585115769892252,0.6874019244790622,0.6737106522420487,0.6625726502078292,0.6700632455978648,0.6704520099032061,0.0100272402892204,0.2962962962962963,0.3597883597883597,0.3544973544973545,0.3191489361702128,0.4042553191489361,0.3467972531802319,0.036998015719066,10,0.8315649867374005,0.8368700265251989,0.8448275862068966,0.8503311258278146,0.83841059602649,0.8404008642647602,0.0065223719051514,0.1149897330595482,0.1376518218623481,0.140461215932914,0.1268498942917547,0.1420560747663551,0.132401747982584,0.010195348626875,4,0.3097826086956521,0.288787185354691,0.3047846889952153,0.2919508867667121,0.2903669724770642,0.2971344684578669,0.008495257288021,0.165680473372781,0.199121522693997,0.2012012012012012,0.1815431164901664,0.2102351313969571,0.1915562890310205,0.0159309617009742,3,0.4514038876889849,0.4293977543382102,0.4479606188466948,0.4346648612051456,0.4313458262350937,0.4389545896628258,0.0089857858372706,0.6189436488935066,0.6510284799348358,0.649467135034285,0.6315934382748083,0.6710258842661607,0.6444117172807193,0.0178358261096146,10,0.8921181643379722,0.8921111998669291,0.897800858184588,0.8987900377749996,0.8930000603535913,0.8947640641036159,0.0029182448749591,0.941591001490717,0.942268600081312,0.9444369155712156,0.9440379403794038,0.9377964493833852,0.9420261813812068,0.0023663302702009,8,0.952671341938544,0.9473523732086594,0.9507741301622794,0.9472489497221844,0.9475895246806924,0.949127263942472,0.00220524831493,0.925475687103594,0.9277219873150104,0.9297040169133192,0.928514799154334,0.9245407691291132,0.9271914519230744,0.0019139313841803,8,0.9496547851078592,0.9446004426679,0.9481351788840804,0.9448316870932576,0.9448665433403806,0.9464177274186956,0.0020809806266821,IRSUIPLANYR,Random Forest,v_grid_inicial,gini,12.0,sqrt,10.0,200.0,,,
5.368391704559326,0.1600703503334877,1.7360292434692384,2.3592865394247458,,,"{'modelo__criterion': 'entropy', 'modelo__max_depth': 6, 'modelo__max_features': 'sqrt', 'modelo__min_samples_leaf': 5, 'modelo__n_estimators': 150}",0.8357630082796095,0.823433582072964,0.8320914277683487,0.798988785100617,0.8288375147413736,0.8238228635925825,0.0130611326420536,4,0.8654582815154221,0.8678635851533293,0.8675322785260017,0.8715047131245014,0.8652711974040328,0.8675260111446574,0.002249611333557,0.1176124293746402,0.1305902478791607,0.1311314885014122,0.1156726656456064,0.1592587725447332,0.1308531207891106,0.0155742721814466,6,0.257939084498377,0.2766851270435461,0.264835145822505,0.2567033641463607,0.2562763728044102,0.2624878188630398,0.007743467779435,0.708994708994709,0.6931216931216931,0.6772486772486772,0.6276595744680851,0.675531914893617,0.6765113137453562,0.0272729574025729,5,0.7506631299734748,0.7586206896551724,0.7519893899204244,0.7576158940397351,0.7589403973509934,0.75556590018796,0.0035142574195541,0.0915926179084073,0.0844072164948453,0.0886426592797784,0.0847092605886575,0.0875862068965517,0.087387592233648,0.0026590593052803,15,0.1000176709666018,0.0943116240725474,0.0979951607328033,0.0979619797910601,0.0991692627206645,0.0978911396567354,0.0019485638046896,0.162227602905569,0.1504882251579552,0.1567666870789957,0.1492726122707147,0.155067155067155,0.1547644564960779,0.0046528618185886,13,0.1765164509589895,0.1677665346825047,0.173394495412844,0.1734910524719441,0.1754171131180162,0.1733171293288597,0.0030163198274232,0.7644445018072881,0.7502740868373068,0.7494523641020456,0.7274476734129043,0.748119663911099,0.7479476580141288,0.0118330150113591,6,0.78905924733928,0.7862622708363269,0.7875880140644572,0.78958515260328,0.7913006692517748,0.7887590708190239,0.0017226505000705,0.8198942946198672,0.8074264805529204,0.821656050955414,0.8272357723577236,0.8207074129285811,0.8193840022829011,0.0065085580339637,14,0.8274553647050852,0.8139038520174815,0.82318663820849,0.8215544111668248,0.8236609411525562,0.8219522414500876,0.0044645850195338,0.8171247357293869,0.8045718816067653,0.8180496828752643,0.8222780126849895,0.817100568256905,0.8158249762306621,0.0059420475851633,15,0.8255425985266427,0.8125268408708004,0.821413233788114,0.819959697400152,0.82204677589852,0.8202978292968458,0.0042968160297077,IRSUIPLANYR,Random Forest,v_grid_inicial,entropy,6.0,sqrt,5.0,150.0,,,
4.041703224182129,2.645907540079008,0.6470286846160889,0.0555717218382288,,,"{'modelo__criterion': 'entropy', 'modelo__max_depth': 6, 'modelo__max_features': 'sqrt', 'modelo__min_samples_leaf': 5, 'modelo__n_estimators': 200}",0.8367388936571751,0.823686695620562,0.8306430159662306,0.80019892752119,0.8291435153814881,0.8240822096293291,0.0126445264195697,3,0.8662513325729029,0.868463787761025,0.8676932701372737,0.8720132934971178,0.8655327819842062,0.867990893190505,0.0022609862816091,0.1186403603905868,0.131863917809212,0.1321557632979176,0.1174787208917807,0.1593635030227466,0.1319004530824487,0.015087094138579,4,0.2649455432121506,0.2762111986252941,0.2636504905493455,0.2608139388626112,0.2603854198494558,0.2652013182197714,0.0057641986190386,0.7142857142857143,0.6931216931216931,0.6772486772486772,0.6436170212765957,0.6808510638297872,0.6818248339524935,0.0230783628838904,2,0.7493368700265252,0.7586206896551724,0.7506631299734748,0.7589403973509934,0.7536423841059603,0.7542406942224252,0.003961716854665,0.091339648173207,0.0852864583333333,0.0891364902506963,0.0864285714285714,0.0885200553250345,0.0881422447021685,0.0021188131539705,10,0.0989492119089317,0.0955243820975283,0.0978561549100968,0.0981668665410313,0.0981372887202483,0.0977267808355673,0.001159640266043,0.1619676064787042,0.1518840579710144,0.1575384615384615,0.1523929471032745,0.1566707466340269,0.1560907639450963,0.0036970180133224,7,0.1748143564356435,0.1696825867695046,0.1731416335270724,0.1738470873786407,0.1736609186632076,0.1730293165548138,0.0017588208025785,0.7661413664259578,0.7513582445822586,0.7499944429745216,0.7351553941071325,0.7511180376744817,0.7507534971528704,0.00980981255562,2,0.7875152690411109,0.7875666039325088,0.7869418234818419,0.7902982241532037,0.7882451172486301,0.7881134075714591,0.0011679164469282,0.8179970185662013,0.8095947960428242,0.8227402087003659,0.8266937669376694,0.8213850115191761,0.8196821603532474,0.0057620935475741,13,0.8256936680556968,0.8165125182098452,0.823220516990209,0.821656050955414,0.8228478503912999,0.8219861209204928,0.0030358356316969,0.815406976744186,0.8066860465116279,0.8191067653276956,0.8221458773784355,0.817893484868508,0.8162478301660906,0.0052498265058719,12,0.8237917478775065,0.815070529549734,0.821413233788114,0.8200918370717849,0.8211218287526427,0.8202978354079565,0.0028808910001364,IRSUIPLANYR,Random Forest,v_grid_inicial,entropy,6.0,sqrt,5.0,200.0,,,
6.226349353790283,0.092124286340787,0.713358736038208,0.0677487376646093,,,"{'modelo__criterion': 'entropy', 'modelo__max_depth': 6, 'modelo__max_features': 'sqrt', 'modelo__min_samples_leaf': 10, 'modelo__n_estimators': 150}",0.8356052604595768,0.8245553841840602,0.8315500659314184,0.7991754598397047,0.827256691646507,0.8236285724122535,0.0127919354273005,6,0.8634271497008108,0.8669144176143064,0.8672442864153544,0.8718171264614365,0.8636165442431089,0.8666039048870035,0.0030561506170179,0.1199719739760645,0.134007247009627,0.1374739633153952,0.1174129992506867,0.15270608381794,0.1323144534739427,0.0128038651817962,3,0.2474231162125016,0.2620541611617709,0.2516722924838904,0.2513605391122342,0.2447476544494785,0.2514515526839752,0.0058930954176242,0.7301587301587301,0.7037037037037037,0.6825396825396826,0.6329787234042553,0.675531914893617,0.6849825509399977,0.0322212629661678,1,0.7427055702917772,0.753315649867374,0.746684350132626,0.7642384105960265,0.7483443708609272,0.7510576703497461,0.0074172216382923,0.0912095175148711,0.0879629629629629,0.0900837988826815,0.0827538247566063,0.0872852233676975,0.0878590654969639,0.0029181685986794,11,0.0964021346186951,0.0970276733857191,0.0986853637160385,0.096958494370694,0.0968959012176299,0.0971939134617553,0.0007775868834136,0.1621621621621621,0.1563786008230452,0.1591610117211598,0.1463714637146371,0.1545952525867316,0.1557336982015472,0.0053373217862827,9,0.170653664482706,0.171912832929782,0.1743303917015017,0.1720847002684163,0.1715760704524749,0.1721115319669762,0.0012145481797057,0.771909558872562,0.7584110062088107,0.7529787449153217,0.7271262180706913,0.7477808646158015,0.7516412785366375,0.0146581868055657,1,0.7824379225243485,0.7871162048503452,0.7862398272667399,0.7910838346515842,0.7849693531643118,0.786369428491466,0.0028360905112981,0.8136603875863938,0.8131183087139179,0.8234178072909608,0.8212737127371273,0.8200298143379862,0.8183000061332771,0.0041569966198405,16,0.8221702747569197,0.8209167598333164,0.8257953044008537,0.8179292587071418,0.8215943354676966,0.8216811866331856,0.0025232529329638,0.8115750528541226,0.8103858350951374,0.819899577167019,0.8165961945031712,0.8164398044139025,0.8149792928066706,0.0035112780248753,16,0.8201909418255096,0.819232929206171,0.8238247827954147,0.8165901357735126,0.8197674418604651,0.8199212462922146,0.0023196580099,IRSUIPLANYR,Random Forest,v_grid_inicial,entropy,6.0,sqrt,10.0,150.0,,,
6.8903110980987545,2.3065115767960465,0.6618188381195068,0.0500993287857448,,,"{'modelo__criterion': 'entropy', 'modelo__max_depth': 6, 'modelo__max_features': 'sqrt', 'modelo__min_samples_leaf': 10, 'modelo__n_estimators': 200}",0.8367417617993576,0.8250210987709293,0.8306695462814178,0.7993030329239463,0.8290443985663745,0.8241559676684052,0.0129857036323467,1,0.8645793652697914,0.8672475664565553,0.8670201652439826,0.8718758666306479,0.8641944803611881,0.8669834887924331,0.0027409786948576,0.119293739000686,0.1396916139378932,0.134988870916087,0.1187145400721576,0.1548527947861802,0.1335083117426008,0.013541949611297,1,0.2515038795884115,0.2626968606822629,0.2521519697408406,0.2541919911574147,0.2479347041758349,0.2536958810689529,0.00493241221093,0.7195767195767195,0.6984126984126984,0.671957671957672,0.6329787234042553,0.6808510638297872,0.6807553754362264,0.0289098427450559,3,0.7480106100795756,0.7519893899204244,0.746684350132626,0.7655629139072848,0.7483443708609272,0.7521183269801677,0.0069486362649251,0.0894736842105263,0.0884125920964501,0.0896892655367231,0.0846975088967971,0.086897488119484,0.0878341077719961,0.0018536436669878,12,0.0960490463215258,0.0970890410958904,0.0995403111739745,0.0979495000847314,0.0958927359131025,0.0973041269178449,0.0013439152007644,0.1591574019894675,0.1569560047562425,0.1582554517133956,0.1494036409290646,0.1541240216736905,0.1555793042123721,0.0035246707021611,10,0.1702384545728946,0.1719745222929936,0.1756630265210608,0.1736778846153846,0.1700015044380923,0.1723110784880852,0.002137610201326,0.7660087148500212,0.756985181026379,0.7486363776511493,0.729361990428415,0.7492885214798752,0.750056157087168,0.0121107311397792,3,0.7840910183575369,0.786673286958044,0.7870698574188556,0.7926100245102219,0.7839360503218822,0.7868760475133081,0.0031418827860849,0.812440710123323,0.8155576636400597,0.8253150833446267,0.8257452574525745,0.8177259791299634,0.8193569387381094,0.0053148629693682,15,0.8201714266354981,0.8213571839956635,0.8274553647050852,0.819657135113159,0.8195277297828371,0.8216337680464486,0.0029815567650453,0.8101215644820295,0.8126321353065539,0.821485200845666,0.8209566596194503,0.8143253601162944,0.8159041840739988,0.0045456118381226,14,0.8183740213405569,0.8196293482210697,0.8254434937729179,0.8183079515047406,0.817752378435518,0.8199014386549607,0.0028382766923518,IRSUIPLANYR,Random Forest,v_grid_inicial,entropy,6.0,sqrt,10.0,200.0,,,
14.956886577606202,0.3561933535463339,0.5657853126525879,0.1214301828204693,,,"{'modelo__criterion': 'entropy', 'modelo__max_depth': 12, 'modelo__max_features': 'sqrt', 'modelo__min_samples_leaf': 5, 'modelo__n_estimators': 150}",0.7891377719267677,0.8026359660727461,0.8108998007358219,0.770209162198005,0.8014664963539428,0.7948698394574566,0.0141548144775675,16,0.9716867068197628,0.9707502550569024,0.972120997754385,0.9735851427309826,0.9705537744889184,0.9717393753701902,0.0010898876285489,0.0816059137300905,0.1094423615026038,0.104041377572222,0.0968442966376917,0.1175460073487952,0.1018959913582806,0.012195739047499,15,0.7735256280413575,0.7891059821074491,0.7892863649932516,0.7769035312247612,0.7868375611085303,0.7831318134950699,0.0066086618787366,0.1693121693121693,0.201058201058201,0.1851851851851851,0.202127659574468,0.2553191489361702,0.2026004728132387,0.0289595040006794,13,0.8315649867374005,0.8421750663129973,0.8461538461538461,0.8529801324503311,0.83841059602649,0.8422569255362131,0.0072012729948317,0.1073825503355704,0.1241830065359477,0.1245551601423487,0.1301369863013698,0.16,0.1292515406630473,0.0171595485471541,5,0.4330110497237569,0.4233333333333333,0.4418282548476454,0.4101910828025478,0.4231283422459893,0.4262984125906546,0.0106256539723715,0.1314168377823408,0.1535353535353535,0.1489361702127659,0.1583333333333333,0.1967213114754098,0.1577886012678407,0.0214847770215268,5,0.5694822888283378,0.5634427684117125,0.5805277525022748,0.5539784946236559,0.5624167036872502,0.5659696016106461,0.0087985606245057,0.5666319621462594,0.5823694583011564,0.5759236672639573,0.5838551577005131,0.6105840899850928,0.5838728670793958,0.0146709819801786,13,0.901875253473047,0.906434960063027,0.9094237740441624,0.9108036588528928,0.9045866037014924,0.9066248500269244,0.0032263165549708,0.9639517549803496,0.9636807155441116,0.9666621493427292,0.9655826558265582,0.9658490310340154,0.9651452613455528,0.0011451556008412,4,0.9721855202086932,0.9706948538130568,0.9726937019344783,0.9686271852554548,0.9707626113764948,0.9709927745176355,0.0014179944101446,0.9441067653276956,0.9446353065539111,0.9471458773784356,0.94661733615222,0.9481961147086032,0.946140280024173,0.0015404799255358,4,0.9686828978229988,0.9674936407783028,0.9695418056886128,0.9657427901291664,0.9674616807610994,0.967784563036036,0.0012847281779615,IRSUIPLANYR,Random Forest,v_grid_inicial,entropy,12.0,sqrt,5.0,150.0,,,
21.14335160255432,2.3948298515856847,1.771566677093506,5.439762786507622,,,"{'modelo__criterion': 'entropy', 'modelo__max_depth': 12, 'modelo__max_features': 'sqrt', 'modelo__min_samples_leaf': 5, 'modelo__n_estimators': 200}",0.7923880940549864,0.8049125539300359,0.8118061336654643,0.7689074842876089,0.8029752344923633,0.7961979000860918,0.0149985054268162,15,0.9723275280198642,0.9712742978038372,0.972649668504658,0.9737241626272516,0.970119722229888,0.9720190758371,0.0012298251312637,0.0816841423304335,0.1083251170478926,0.1043356650395197,0.0935944011321565,0.1201885971134568,0.1016255845326918,0.0131070571240717,16,0.7787055707213585,0.7960589133160112,0.7989532919224076,0.7821273603589939,0.7872161101143423,0.7886122492866228,0.0078042967287159,0.1746031746031746,0.1693121693121693,0.1746031746031746,0.1914893617021276,0.25,0.1920015760441292,0.0299476124862954,15,0.830238726790451,0.8408488063660478,0.8514588859416445,0.856953642384106,0.8317880794701987,0.8422576281904895,0.0105516462941626,0.1111111111111111,0.1118881118881118,0.1191335740072202,0.127208480565371,0.1525974025974026,0.1243877360338433,0.0152568507829421,8,0.4320220841959972,0.4345442083618917,0.4445983379501385,0.413154533844189,0.4150693985459352,0.4278777125796303,0.0120168398121289,0.1358024691358024,0.1347368421052631,0.1416309012875536,0.1528662420382165,0.189516129032258,0.1509105167198187,0.0203478268050843,16,0.5683159328188834,0.5729778581111613,0.5841674249317561,0.5575183110728135,0.5537918871252204,0.5673542828119669,0.0109171061608747,0.5694129845098811,0.5674450804549733,0.570768181691071,0.5790102635068903,0.6073146767854722,0.5787902373896576,0.0147965596637386,16,0.9011782447178532,0.9064494057239324,0.9121440515014996,0.9129089935731344,0.9009026788244376,0.9067166748681716,0.0051448891025133,0.9642227944165876,0.9655779915977776,0.9669331887789674,0.9665311653116532,0.9646293535709446,0.965578898735186,0.0010470500389279,2,0.9721177626452552,0.9720500050818172,0.9728292170613544,0.9688643447621628,0.9700172781786768,0.9711757215458532,0.0014879727299343,0.9445031712473572,0.9456923890063424,0.9471458773784356,0.9472780126849896,0.946874587022598,0.9462988074679446,0.0010582953437638,2,0.9685837930692742,0.9687820025767236,0.9698060850318788,0.9660731393082488,0.9665697674418604,0.9679629574855972,0.0014117919164326,IRSUIPLANYR,Random Forest,v_grid_inicial,entropy,12.0,sqrt,5.0,200.0,,,
14.287408113479614,3.720849588313867,-0.7246779441833496,2.203209258970532,,,"{'modelo__criterion': 'entropy', 'modelo__max_depth': 12, 'modelo__max_features': 'sqrt', 'modelo__min_samples_leaf': 10, 'modelo__n_estimators': 150}",0.8220554397543149,0.8232650787197474,0.8281115219724787,0.7871857521766707,0.8203224792611581,0.816188054376874,0.0147302855794188,11,0.961029358705216,0.9593663778163536,0.9613695169505788,0.9627055120626012,0.9594499252535356,0.960784138157657,0.0012557585428453,0.1018073057069629,0.1306939794672306,0.1280003340025248,0.1158715886057208,0.1520404090913647,0.1256827233747607,0.0166823591691916,10,0.6641193343755202,0.6897885981919246,0.6755399422819149,0.6469890794386349,0.6680570258280365,0.6688987960232062,0.0140290852859134,0.3068783068783068,0.3492063492063492,0.3544973544973545,0.3351063829787234,0.3829787234042553,0.3457334233929978,0.0248947148703188,11,0.8275862068965517,0.8342175066312998,0.8421750663129973,0.847682119205298,0.8344370860927153,0.8372195970277725,0.0069796585220858,0.1113243761996161,0.1344195519348268,0.1479028697571744,0.1357758620689655,0.1400778210116731,0.1339000961944512,0.0122286010363705,2,0.2957345971563981,0.2922862453531598,0.3162350597609561,0.283311199645861,0.2932960893854748,0.29617263826037,0.0108764683879429,0.1633802816901408,0.1941176470588235,0.2087227414330218,0.1932515337423312,0.2051282051282051,0.1929200818105045,0.0159556017758244,2,0.435754189944134,0.4328974535443909,0.4598117306299782,0.424684804246848,0.4340337581811919,0.4374363873093086,0.0118175162534086,0.6220663386946081,0.64580523450289,0.6510933716517129,0.640385169809145,0.6615395039978317,0.6441779237312375,0.0130782506841501,11,0.8886211686310519,0.8913100610366242,0.8978297495063987,0.8964152566483192,0.8915045477216295,0.8931361567088046,0.0034398895446274,0.9372543705109092,0.9424041197994308,0.9476893888060712,0.9456639566395664,0.940100284591408,0.9426224240694772,0.0037456613655163,6,0.949656130365552,0.9484026154419488,0.9534844326998,0.9451483940913404,0.9485720093505438,0.949052716389837,0.0026796141882252,0.9215116279069768,0.9275898520084568,0.9328752642706132,0.9304968287526428,0.9262587551209198,0.9277464656119218,0.0038724690991681,6,0.946615572660302,0.9455584552872386,0.9507119024809224,0.9427174523471308,0.945725422832981,0.946265761121715,0.0025796621200509,IRSUIPLANYR,Random Forest,v_grid_inicial,entropy,12.0,sqrt,10.0,150.0,,,
16.53080258369446,0.6555225436515217,0.4822686195373535,0.084095295244724,,,"{'modelo__criterion': 'entropy', 'modelo__max_depth': 12, 'modelo__max_features': 'sqrt', 'modelo__min_samples_leaf': 10, 'modelo__n_estimators': 200}",0.8258722199635602,0.8245335145999193,0.8280692168752882,0.7866235657037421,0.8205394549800612,0.8171275944245142,0.0154477946126045,9,0.9616125769899808,0.9598028030243598,0.9619367394179804,0.963048888513941,0.959032700203968,0.961086741630046,0.0014640084687217,0.1040257372431676,0.1296798121659105,0.1266141565098076,0.1144672686816482,0.1537905744841664,0.12571550981694,0.0167433669135047,9,0.6639057850638621,0.6921634039464802,0.6769461746161266,0.6561849062284048,0.6690054413014878,0.6716411422312722,0.0122880795552995,0.3121693121693121,0.3492063492063492,0.3333333333333333,0.324468085106383,0.3882978723404255,0.3414949904311606,0.0263305843695546,12,0.8262599469496021,0.8342175066312998,0.8421750663129973,0.8503311258278146,0.8344370860927153,0.8374841463628858,0.0081607325068996,0.1172962226640159,0.1336032388663967,0.1384615384615384,0.1306209850107066,0.1423001949317738,0.1324564359868863,0.0085729452467804,3,0.2993753003363767,0.2964184731385485,0.3203834510595358,0.2850799289520426,0.2913968547641073,0.2985308016501222,0.011954351262156,0.1705202312138728,0.1932650073206442,0.1956521739130435,0.1862595419847328,0.2082738944365192,0.1907941697737625,0.0123841951745065,4,0.4395061728395061,0.437413073713491,0.4641812865497076,0.4270036581310276,0.4319506342132327,0.4400109650893929,0.0128480913948632,0.6259992786622411,0.6456019549257115,0.6401048019153454,0.6347272674854408,0.6643345981840357,0.6421535802345548,0.0128389868620851,12,0.8884323416016433,0.8918182427624094,0.8982701736687458,0.8978922196424612,0.8912673962495965,0.8935360747849712,0.0038867372389191,0.93982924515517,0.941997560645074,0.9468762704973572,0.9449864498644986,0.940371324027646,0.9428121700379491,0.0027115886072034,5,0.9506047362536844,0.949418978893519,0.9543652810244944,0.945453313457108,0.9480977064064776,0.9495880032070566,0.0029394333649123,0.9241543340380548,0.927193446088795,0.931553911205074,0.9295718816067652,0.9266552134267212,0.927825757273082,0.0025376138725201,5,0.9475075154438242,0.9465495028244856,0.9515708103465365,0.9430808364441214,0.9452629492600424,0.946794322863802,0.0028113519766835,IRSUIPLANYR,Random Forest,v_grid_inicial,entropy,12.0,sqrt,10.0,200.0,,,
0.8949945449829102,0.5973753378737106,0.1969558715820312,0.0120117416807678,,,"{'modelo__colsample_bytree': 0.8, 'modelo__learning_rate': 0.03, 'modelo__max_depth': 3, 'modelo__n_estimators': 150, 'modelo__subsample': 0.8}",0.8537512790121545,0.8388699232987077,0.8441383419700266,0.8130852505333563,0.843780365787903,0.8387250321204297,0.0136972100148509,4,0.8671675199716318,0.8682454403608081,0.8695107050210421,0.8751630275284523,0.868986824743716,0.8698147035251299,0.0027875629376401,0.152242907379047,0.1473351159366405,0.1653159590294663,0.1498426711153783,0.1958201276698352,0.1621113562260735,0.017959927313094,2,0.2141549799710545,0.2255007330438032,0.2238206745014553,0.2161083070715645,0.2154099554848511,0.2189989300145457,0.0046951667430545,0.8095238095238095,0.7671957671957672,0.7407407407407407,0.6914893617021277,0.7287234042553191,0.7475346166835528,0.0394215929097998,2,0.7798408488063661,0.7944297082228117,0.7957559681697612,0.8026490066225166,0.7880794701986755,0.7921510004040261,0.0077008262809818,0.0877796901893287,0.0831422018348623,0.0832342449464922,0.0789793438639125,0.0825301204819277,0.0831331202633047,0.0028006566325207,23,0.087708830548926,0.0874069750474244,0.0893388921977367,0.0904342635427548,0.0902472319126346,0.0890272386498953,0.0012592604660141,0.1583850931677018,0.1500258665287118,0.1496525921966862,0.1417666303162486,0.1482683982683982,0.1496197160955494,0.0053008469201898,23,0.1576830249396621,0.1574865255685552,0.1606425702811245,0.1625536480686695,0.1619488296135002,0.1600629196943023,0.0021165105525538,0.7970237288573107,0.7752498689617541,0.7658846677006319,0.7430346537507928,0.7611634367800515,0.7684712712101083,0.0177104979868879,2,0.7863191099064524,0.7912759036760635,0.7942766695881499,0.7980754180693557,0.7924372687240286,0.79247687399281,0.0038456447257719,0.7845236481908118,0.7833039707277409,0.7910285946605231,0.794579945799458,0.7936034693047839,0.7894079257366635,0.0046495887779151,23,0.7927973710065386,0.7881220991293153,0.7927973710065386,0.7935018295161946,0.7967950672493818,0.7928027475815937,0.0027689658585843,0.7851479915433404,0.7829016913319239,0.7897727272727273,0.7920190274841438,0.7919915422228095,0.788366595970989,0.003706272890664,23,0.7924746457005054,0.7882792111261604,0.7928710647154041,0.7937299725810182,0.7965776955602537,0.7927865179366684,0.0026714550931301,IRSUIPLANYR,XGBoost,v_grid_inicial,,3.0,,,150.0,0.8,0.03,0.8
0.6235855102539063,0.2278438567208609,0.1954181671142578,0.0096500882383686,,,"{'modelo__colsample_bytree': 0.8, 'modelo__learning_rate': 0.03, 'modelo__max_depth': 3, 'modelo__n_estimators': 150, 'modelo__subsample': 1.0}",0.8538778357859533,0.8392861624329302,0.8461230963602558,0.8124016173672375,0.8387783906600963,0.8380934205212945,0.0139684217146507,6,0.867091764499512,0.8677779446255357,0.8691132808508768,0.8747056484798008,0.8692906792740607,0.8695958635459572,0.0026837014291151,0.1578210016412936,0.1374693477984549,0.1618052008795318,0.1522030362119733,0.1863286765170221,0.1591254526096552,0.0159110323891926,7,0.2089698642761879,0.2230871950924811,0.2226989747188146,0.2122322343733793,0.2119504230270818,0.2157877382975889,0.005914342925171,0.8148148148148148,0.7671957671957672,0.746031746031746,0.6914893617021277,0.723404255319149,0.7485871890127209,0.0415529780478147,1,0.7851458885941645,0.8023872679045093,0.7957559681697612,0.8039735099337748,0.7907284768211921,0.7955982222846804,0.0070601298551019,0.0878494010268111,0.0829519450800915,0.0827950675278919,0.078078078078078,0.0818783865141481,0.0827105756454041,0.0031185091580517,24,0.0870332255219053,0.088,0.0881445570736007,0.0898061843467968,0.0889982110912343,0.0883964356067074,0.0009411132732007,0.1585993820803295,0.1497160557563242,0.1490486257928118,0.1403130059363194,0.1471065440778799,0.148956722728733,0.0058600838427181,24,0.1566966649020645,0.1586053217984008,0.158709165454305,0.1615650785200958,0.1599892804502211,0.1591131022250174,0.0016149335123215,0.7990593927712779,0.774978829525516,0.7671749731649447,0.7417473908781641,0.7583683425938474,0.7682657857867501,0.0189509140139281,5,0.7873793270595582,0.7949836532631602,0.792735185019935,0.7977720917333869,0.7918476208681628,0.7929435755888405,0.0034549063706563,0.7833039707277409,0.7827618918552649,0.7883182002981434,0.7920054200542005,0.7933324298685459,0.7879443825607791,0.0043371523124607,24,0.7896127655249517,0.7875800386218111,0.7897144018701088,0.791570673532999,0.7929667649151336,0.7902889288930008,0.0018405998905393,0.7840909090909091,0.7823731501057083,0.787262156448203,0.7895084566596194,0.7915950839170081,0.7869659512442896,0.0033864621744146,24,0.7895015030887649,0.787948861947078,0.7898648871857553,0.7918800171781573,0.7929109408033826,0.7904212420406276,0.0017660542812853,IRSUIPLANYR,XGBoost,v_grid_inicial,,3.0,,,150.0,0.8,0.03,1.0
-0.5659773826599122,2.4581320885282643,0.1964887142181396,0.0109176259990694,,,"{'modelo__colsample_bytree': 0.8, 'modelo__learning_rate': 0.03, 'modelo__max_depth': 3, 'modelo__n_estimators': 200, 'modelo__subsample': 0.8}",0.8543270585552737,0.8412866916051629,0.8463371314706183,0.8136896009917547,0.8436498920167352,0.8398580749279091,0.0138024455187144,2,0.874843467896799,0.876501641054038,0.8777528195099367,0.88207767433804,0.8767942685178391,0.8775939742633305,0.00243009483618,0.1484663498653208,0.1439834772968267,0.1689094016944251,0.1564840449880226,0.2023574279602076,0.1640401403609605,0.0209467491313195,1,0.2331668732260061,0.2429454222244845,0.2418413356552857,0.2309668915217602,0.2308323567854376,0.2359505758825948,0.0053368755477607,0.8042328042328042,0.7724867724867724,0.7407407407407407,0.6808510638297872,0.7287234042553191,0.7454069571090847,0.0416206068163872,3,0.7877984084880637,0.7997347480106101,0.8037135278514589,0.8092715231788079,0.8,0.800103641505788,0.0070519063719274,0.0903149138443256,0.0874251497005988,0.0858895705521472,0.0796515245799626,0.0845157310302282,0.0855593779414525,0.0035269585582219,21,0.0912302257717708,0.0917668543600669,0.0935040888751735,0.0935538202419231,0.0937888198757763,0.0927687618249421,0.0010553153813933,0.1623931623931624,0.157073695535234,0.153930731170973,0.1426183844011142,0.1514648977335544,0.1534961742468076,0.0065512791509174,21,0.1635237439779766,0.1646416382252559,0.167519004837595,0.1677189129838045,0.1678943710910354,0.1662595342231335,0.0018160880984074,0.798376057896318,0.7829773610367187,0.7694081803717255,0.7402222798823732,0.7638060712833716,0.7709579900941014,0.019465104443251,1,0.7936688285283426,0.798773089355781,0.8023378426261394,0.8043511701813542,0.8011417149439306,0.8000545291271095,0.0036681297116869,0.7925193115598319,0.7934679495866649,0.7980756200027104,0.7995934959349593,0.7988887383114243,0.7965090230791182,0.002925651014729,21,0.7995392485686215,0.797811430700952,0.8009621574008199,0.7994308171839003,0.8022834298878613,0.800005416748431,0.0015143149439471,0.7928118393234672,0.7929439746300211,0.7966437632135307,0.7966437632135307,0.7971455001982292,0.7952377681157557,0.0019359599783511,21,0.7992468038716923,0.7978593373195467,0.8010306894387368,0.7996762578044994,0.8022264799154334,0.8000079136699817,0.0015015838658176,IRSUIPLANYR,XGBoost,v_grid_inicial,,3.0,,,200.0,0.8,0.03,0.8
1.950925874710083,2.27981824702272,-0.9970897197723388,2.383041369292087,,,"{'modelo__colsample_bytree': 0.8, 'modelo__learning_rate': 0.03, 'modelo__max_depth': 3, 'modelo__n_estimators': 200, 'modelo__subsample': 1.0}",0.8540183747528917,0.8413523003575856,0.8475019557144506,0.8116008620192585,0.8367308174722401,0.8382408620632853,0.0145351205537365,5,0.8745432317967373,0.8743394873196753,0.8759484149268296,0.8798450094190692,0.8754283478350224,0.8760208982594667,0.0019995417936887,0.1592068497560794,0.137796346439412,0.1624933203446948,0.1527963726969157,0.1874554565862275,0.1599496691646659,0.0161587724892972,6,0.2238548710894907,0.2420130642168504,0.2404459563848402,0.2229545628674131,0.2215015916247938,0.2301540092366776,0.0090877594716743,0.8095238095238095,0.7619047619047619,0.7407407407407407,0.6808510638297872,0.7180851063829787,0.7422210964764157,0.043053734440064,4,0.7917771883289124,0.8010610079575596,0.8010610079575596,0.8119205298013245,0.8026490066225166,0.8016937481335745,0.006397475450217,0.0898942420681551,0.0848056537102473,0.0845410628019323,0.0799500312304809,0.0830258302583025,0.0844433640138236,0.0032265248144227,22,0.0906468266018827,0.0905411482536351,0.0924112607099143,0.093019726858877,0.0929020389391384,0.0919042002726895,0.0010895954488191,0.1618191433104177,0.1526232114467408,0.1517615176151761,0.1430967020681945,0.1488423373759647,0.1516285823632988,0.0060895095650011,22,0.1626702997275204,0.1626936026936027,0.1657064471879286,0.1669162695711368,0.1665292662819456,0.1649031770924268,0.0018552579646554,0.7998018830787499,0.7756535599739285,0.7676464240361787,0.7406287839474139,0.7580126033337851,0.7683486508740113,0.0195876774365778,4,0.7944385823068827,0.7977592196341649,0.800046037400198,0.8047100955010146,0.801094127595569,0.7996096124875658,0.0034226505992341,0.7900799566336902,0.7894023580430952,0.7945521073316167,0.8004065040650407,0.7979401002845914,0.7944762052716069,0.0042951996774947,22,0.7970999762848529,0.7944574313107701,0.7990310668428363,0.7974996612007047,0.7995392485686215,0.7975254768415571,0.0017841916024197,0.7905655391120507,0.788715644820296,0.7932082452431289,0.7974365750528541,0.7959561252808246,0.7931764259018308,0.003243205500225,22,0.7969673945360246,0.7946219153645403,0.7990816292821512,0.7978593373195467,0.7996168076109936,0.7976294168226513,0.0017660603124773,IRSUIPLANYR,XGBoost,v_grid_inicial,,3.0,,,200.0,0.8,0.03,1.0
1.883203125,2.262821696908313,0.1957050800323486,0.0105418693826331,,,"{'modelo__colsample_bytree': 0.8, 'modelo__learning_rate': 0.03, 'modelo__max_depth': 5, 'modelo__n_estimators': 150, 'modelo__subsample': 0.8}",0.8361480563675983,0.8302654967514704,0.8368321082781037,0.8034480770339618,0.8344453639281111,0.8282278204718491,0.0125984884918448,9,0.9217014849779954,0.920573487795416,0.9219913642356348,0.9248870519435411,0.9195439287764802,0.9217394635458136,0.0017973358853883,0.1298240185514444,0.1335284812232992,0.1305484620568645,0.1341965763630113,0.1763607226428109,0.1408916521674861,0.0178133061630228,10,0.3989597727297949,0.4119710822066609,0.4379386382359337,0.3989543365616125,0.4012476169316172,0.4098142893331239,0.0148645735736512,0.7248677248677249,0.6878306878306878,0.6878306878306878,0.6117021276595744,0.6702127659574468,0.6764887988292244,0.0369716072864941,9,0.8488063660477454,0.8554376657824934,0.850132625994695,0.8516556291390729,0.8450331125827815,0.8502130799093577,0.0034115868463562,0.0969568294409058,0.0928571428571428,0.0975243810952738,0.0861423220973782,0.0926470588235294,0.093225546862846,0.0040754113519106,15,0.1207319373703074,0.1172300981461286,0.1208977744247453,0.1180249632892804,0.1177773675466125,0.1189324281554149,0.0015592565104335,0.1710362047440699,0.1636249213341724,0.1708278580814717,0.1510177281680893,0.1627906976744186,0.1638594820004444,0.0072961849576067,11,0.2113955408753096,0.2062020460358056,0.2116908850726552,0.2073190391745929,0.2067401166558652,0.2086695255628457,0.0023746435607416,0.7759722822739492,0.7578603229097876,0.7624002334667737,0.7231952372715216,0.7514907168993088,0.7541837585642682,0.0174545597250563,9,0.8454486822277214,0.8454442114866324,0.8461118122011961,0.8444312838743203,0.8415632073738177,0.8445998394327375,0.0016105343924354,0.8270768396801734,0.8278899579888874,0.8369697791028594,0.8346883468834688,0.8327686678411709,0.8318787182993119,0.0038359658538715,15,0.8420909984076973,0.8354507571907714,0.8420909984076973,0.8372069386095677,0.8380933021648541,0.8389865989561175,0.0026736469103405,0.8245243128964059,0.8243921775898521,0.8332452431289641,0.8291490486257929,0.8287300118937492,0.8280081588269528,0.0033003713774169,15,0.8422582669882065,0.8359485976677348,0.8422913019061148,0.837567308645238,0.8382663847780126,0.8392663719970613,0.0025688929057021,IRSUIPLANYR,XGBoost,v_grid_inicial,,5.0,,,150.0,0.8,0.03,0.8
0.7661645412445068,0.1649349308968542,0.1928483009338379,0.0101293013891994,,,"{'modelo__colsample_bytree': 0.8, 'modelo__learning_rate': 0.03, 'modelo__max_depth': 5, 'modelo__n_estimators': 150, 'modelo__subsample': 1.0}",0.8367966150185963,0.821874746796823,0.8362355347041619,0.8067898431643892,0.829294533365243,0.8261982546098426,0.0111178984688838,10,0.919344663044962,0.9181764291925824,0.9192235037148488,0.9217933880737262,0.9168061193605572,0.9190688206773354,0.0016394793784831,0.1320290707392236,0.1215547649584617,0.1287640052943136,0.1450660770034863,0.1971994700333278,0.1449226776057626,0.0272260563442138,9,0.398864666507019,0.4057327484465191,0.4084032158677388,0.3784647509307441,0.3803813269752416,0.3943693417454526,0.0126087679464801,0.6984126984126984,0.671957671957672,0.7037037037037037,0.648936170212766,0.648936170212766,0.6743892828999212,0.023401258011762,10,0.8461538461538461,0.8567639257294429,0.8448275862068966,0.856953642384106,0.8423841059602649,0.8494166212869112,0.0061959791146335,0.0919220055710306,0.0883171070931849,0.0937940761636107,0.0889861415025528,0.0887272727272727,0.0903493206115303,0.0021428423741166,16,0.1193415637860082,0.1135724331926863,0.1163257852447041,0.1151860423713726,0.1145945945945945,0.1158040838378731,0.001980456554809,0.1624615384615384,0.1561155500921942,0.1655258245177349,0.1565105837075048,0.1561100447856686,0.1593447083129281,0.0039202959311968,16,0.2091803278688524,0.2005588326606643,0.2044943820224719,0.2030759573132454,0.2017446471054718,0.2038108293941412,0.0029894276055947,0.7608474929927701,0.7471456607518405,0.7647804329604031,0.739847488900421,0.739564981704838,0.7504372114620546,0.0105383478250002,10,0.843326270910375,0.8429735541510988,0.8404440807343051,0.8442851963106328,0.8379518862965264,0.8417961976805877,0.002303447710784,0.8232822875728418,0.822333649546009,0.8258571622171026,0.8307588075880759,0.8301937931969101,0.8264851400241879,0.0034613822656235,16,0.8404986956669038,0.8291831825727547,0.8360605752617136,0.8316167502371595,0.8335196666327879,0.8341757740742638,0.003884246718669,0.8201638477801269,0.81857822410148,0.822806553911205,0.8262420718816068,0.8256904982159377,0.8226962391780713,0.0029973902132044,16,0.8406395560107033,0.8298701727726207,0.8362789468468171,0.8322486868620131,0.8337407505285412,0.8345556226041391,0.003685742836457,IRSUIPLANYR,XGBoost,v_grid_inicial,,5.0,,,150.0,0.8,0.03,1.0
2.103465270996094,2.1731664329544462,0.0983732223510742,3.634462803713685,,,"{'modelo__colsample_bytree': 0.8, 'modelo__learning_rate': 0.03, 'modelo__max_depth': 5, 'modelo__n_estimators': 200, 'modelo__subsample': 0.8}",0.8318834874601237,0.8266882064144565,0.8334003761568471,0.8005423657959985,0.8345387139467091,0.825410629954827,0.0127209953219305,11,0.9309257246801712,0.9328860884825712,0.9333551343743016,0.9335996011591872,0.9304241556162384,0.932238140862494,0.0013064504179273,0.126638122436598,0.1267613647442735,0.1268329897942531,0.1330159035310578,0.1801689618375443,0.1386834684687454,0.0208845790737634,12,0.4361968555572799,0.4706903821380512,0.4829172712332996,0.43625476304661,0.444104694151796,0.4540327932254073,0.0192069493617598,0.7037037037037037,0.6507936507936508,0.6666666666666666,0.5904255319148937,0.6595744680851063,0.6542328042328042,0.0366434168145523,12,0.8607427055702918,0.8740053050397878,0.8673740053050398,0.8688741721854305,0.8609271523178808,0.8663846680836862,0.005037196556884,0.0997001499250374,0.095422808378588,0.1008807045636509,0.0892282958199356,0.0985691573926868,0.0967602232159797,0.004181205261485,12,0.130112269446672,0.1300059183270862,0.1322815533980582,0.1276761385753211,0.1282557221783741,0.1296663203851023,0.0016189040723018,0.1746552856204858,0.1664411366711772,0.1752433936022253,0.1550279329608938,0.1715076071922545,0.1685750712094073,0.0074580685093089,8,0.2260536398467433,0.2263438090331444,0.2295542295542295,0.222637026981164,0.2232526189249527,0.2255682648680468,0.002477068581397,0.7704722611214005,0.7463888297334564,0.7572390116095224,0.7184512483422707,0.752947553869088,0.7490997809351476,0.0172308859223674,11,0.856871335845755,0.8622999388294782,0.8610170158652448,0.8585121640165532,0.8556253473416486,0.8588651603797359,0.0024909643215354,0.8372408185390975,0.841984008673262,0.8478113565523784,0.8464769647696477,0.8463206396530695,0.8439667576374911,0.0038933890485384,13,0.8529999661212183,0.8505945726191686,0.8546600264254497,0.8481501558476758,0.8503235423654165,0.8513456526757857,0.0022601706592499,0.8339059196617337,0.8372093023255814,0.8432875264270613,0.8401162790697675,0.8416809832165983,0.8392400021401484,0.0033372108219149,13,0.8531928248158304,0.8511776948234283,0.8549767103828747,0.848667041062403,0.8505880021141649,0.8517204546397403,0.0021758422192469,IRSUIPLANYR,XGBoost,v_grid_inicial,,5.0,,,200.0,0.8,0.03,0.8
0.9966325283050536,0.0169879423111851,0.197862958908081,0.0096367215856718,,,"{'modelo__colsample_bytree': 0.8, 'modelo__learning_rate': 0.03, 'modelo__max_depth': 5, 'modelo__n_estimators': 200, 'modelo__subsample': 1.0}",0.8320975225704865,0.816391575979596,0.8329389637832516,0.8011723029464337,0.8263902304700228,0.821798119149958,0.0118822440595402,12,0.9266530890933776,0.9270418413737926,0.9282972883764596,0.9287904461291172,0.925658712332572,0.9272882754610638,0.0011308661503642,0.1259288492304279,0.1162099606570066,0.1267615899428392,0.1360141238490153,0.1983805018452374,0.1406590051049053,0.0295337688841571,11,0.4263067837269493,0.4466811350795393,0.4451000543544725,0.4182260639037247,0.4287468110342312,0.4330121696197834,0.0110882097759805,0.6825396825396826,0.6507936507936508,0.6931216931216931,0.6223404255319149,0.648936170212766,0.6595463244399415,0.0254144190610593,11,0.8567639257294429,0.863395225464191,0.8607427055702918,0.8596026490066225,0.8582781456953642,0.8597565302931824,0.0022528926636232,0.0934105720492396,0.0913818722139673,0.0990173847316704,0.0894495412844036,0.0939907550077041,0.093450025057397,0.0032115593023796,14,0.1263940520446096,0.121932946244615,0.1257508234838209,0.1223374175306314,0.1243284727551803,0.1241487424117715,0.0017793837463851,0.1643312101910828,0.1602605863192182,0.1732804232804232,0.1564171122994652,0.1641991924629879,0.1636977049106354,0.0056089593159779,13,0.2202898550724637,0.2136878385032004,0.2194420963651732,0.2141914191419142,0.2171945701357466,0.2169611558436996,0.0026711733177473,0.7564344977273558,0.7425265177670652,0.7657910945619307,0.7304791558553884,0.744782490852419,0.7480027513528318,0.012123985418858,12,0.852747582677033,0.8522857483827375,0.8539408212270607,0.8509288485580613,0.8518276929649027,0.8523461387619591,0.0009985303146029,0.8303293129150291,0.8342593847404798,0.8384604960021683,0.8386178861788618,0.8406288114920721,0.8364591782657224,0.0037004182074482,14,0.848731239624623,0.841176271301284,0.8471389368838297,0.8422550481094999,0.8453772402344412,0.8449357472307357,0.002855679613493,0.8266384778012685,0.8296775898520085,0.834830866807611,0.8332452431289641,0.8358662613981763,0.8320516877976056,0.0034245748808449,14,0.8489313204056688,0.8417297083016748,0.8474777840177067,0.8426877209210135,0.8456989957716702,0.8453051058835468,0.002744422824188,IRSUIPLANYR,XGBoost,v_grid_inicial,,5.0,,,200.0,0.8,0.03,1.0
-0.1670857429504394,2.3102059214762805,0.1951156139373779,0.0107130330190559,,,"{'modelo__colsample_bytree': 0.8, 'modelo__learning_rate': 0.03, 'modelo__max_depth': 7, 'modelo__n_estimators': 150, 'modelo__subsample': 0.8}",0.7987503504511229,0.8070622264957541,0.8111443098568727,0.7846436602663899,0.8092758201105495,0.8021752734361378,0.0097347957902138,17,0.971408936755324,0.9692701252319732,0.9700194124520608,0.971768056656217,0.9683058387948846,0.970154473978092,0.0012957694455244,0.0994926282071151,0.1109965225181544,0.1072051374403443,0.1147747414796983,0.1546831906846234,0.1174304440659871,0.0193004526719868,17,0.7273673320562145,0.7310734589952707,0.7273029123671,0.7320475166478038,0.730024436662843,0.7295631313458464,0.0019285324412578,0.4867724867724867,0.4761904761904761,0.5132275132275133,0.4574468085106383,0.5478723404255319,0.4963019250253292,0.0314673924167898,18,0.9151193633952256,0.9151193633952256,0.9124668435013262,0.9205298013245032,0.904635761589404,0.913574226641137,0.0051822267270536,0.1046643913538111,0.1022727272727272,0.1118800461361015,0.099421965317919,0.1165158371040724,0.1069509934369262,0.0063179550915559,3,0.209090909090909,0.1959114139693356,0.2047619047619047,0.1948962422882781,0.1992996790195506,0.2007920298259956,0.00539331320841,0.1722846441947565,0.1683816651075771,0.1837121212121212,0.1633428300094966,0.1921641791044776,0.1759770879256858,0.0105147679228549,1,0.340404538727183,0.3227315247895229,0.3344676713660671,0.3216847951862994,0.3266379722620756,0.3291853004662296,0.007185714027133,0.6900592343064222,0.6845649494382384,0.7044386651379468,0.6759456264775414,0.7210157202873018,0.69520483912949,0.0158875227931058,17,0.9133478715543056,0.9095873267834956,0.9109713693740666,0.9116302618223004,0.905836192276221,0.910274604362078,0.0025274537455753,0.8933459818403577,0.8929394226860008,0.8956498170483805,0.8944444444444445,0.8941591001490717,0.8941077532336511,0.0009422579487655,7,0.9115763797133856,0.9040552901717654,0.9094758952468068,0.9027307223200975,0.9070366229630382,0.9069749820830186,0.0032854092042067,0.8831923890063424,0.882531712473573,0.8860993657505285,0.8835887949260042,0.8855557023919651,0.8841935929096827,0.0013868921229626,7,0.9116646295133956,0.9043308777377688,0.909550394767269,0.9031746556109808,0.9069767441860463,0.907139460363092,0.0031598750032242,IRSUIPLANYR,XGBoost,v_grid_inicial,,7.0,,,150.0,0.8,0.03,0.8
1.1673948764801023,0.0101206650112493,0.1085086345672607,0.1775376558354661,,,"{'modelo__colsample_bytree': 0.8, 'modelo__learning_rate': 0.03, 'modelo__max_depth': 7, 'modelo__n_estimators': 150, 'modelo__subsample': 1.0}",0.7925562388904306,0.7855748223006659,0.8014550085291378,0.781117742028484,0.8008552159232787,0.7923118055343994,0.0080912517030112,18,0.9683202387798104,0.9675911260597116,0.9690605171196134,0.969511339230984,0.9645919390487062,0.9678150320477652,0.0017391024891138,0.0986116559240685,0.104613763458874,0.1072022596212773,0.1167289646889363,0.1379417898881888,0.113019686716269,0.0137620007608929,18,0.7144754075508937,0.7392174937253222,0.7316307460960433,0.7073906936648721,0.7263108710563329,0.7238050424186928,0.0115024988786319,0.5026455026455027,0.4497354497354497,0.5132275132275133,0.4893617021276595,0.5319148936170213,0.4973770122706293,0.0275892163599953,17,0.9058355437665784,0.9084880636604774,0.913793103448276,0.92317880794702,0.8993377483443709,0.9101266534333444,0.0080162418226459,0.101171458998935,0.0938189845474613,0.1094808126410835,0.0976645435244161,0.1068376068376068,0.1017946813099005,0.0057544051949882,9,0.1958703756811012,0.1848354020507285,0.2019935502785107,0.1825563122053431,0.1844106463878327,0.1899332573207032,0.0076368412286497,0.1684397163120567,0.1552511415525114,0.1804651162790697,0.1628318584070796,0.1779359430604982,0.1689847551222431,0.0093668543788396,7,0.322093845791087,0.3071748878923767,0.3308523409363745,0.3048327137546468,0.3060626549470363,0.3142032886643042,0.0104204399350143,0.6941334302765392,0.669236880579881,0.7031512278158165,0.687092775183071,0.7093102046347743,0.6925849036980163,0.0139217419204751,18,0.905419719913238,0.903070132043675,0.9107875298045662,0.9087197739423404,0.8987998834210928,0.9053594078249824,0.0042196765331959,0.8856213579075756,0.8887383114243123,0.8930749424041198,0.8848238482384824,0.8867055156525274,0.8877927951254035,0.0029498150045728,8,0.9050038960598976,0.8976522004268727,0.9077819561608564,0.894260739937661,0.8982620184978148,0.9005921622166205,0.0050063237133541,0.8760570824524313,0.8777748414376322,0.8835887949260042,0.875,0.877890841813136,0.8780623121258408,0.0029682572396749,8,0.9050246110138416,0.8979221036635724,0.9079316837897656,0.89498199596974,0.8982888477801269,0.9008298484434092,0.0048402714993753,IRSUIPLANYR,XGBoost,v_grid_inicial,,7.0,,,150.0,0.8,0.03,1.0
1.312794208526611,0.2000890955549085,1.2866495609283448,2.1680427981285506,,,"{'modelo__colsample_bytree': 0.8, 'modelo__learning_rate': 0.03, 'modelo__max_depth': 7, 'modelo__n_estimators': 200, 'modelo__subsample': 0.8}",0.7823653711985463,0.794130490430802,0.7996036227503907,0.7791890099752061,0.8024843359389642,0.7915545660587819,0.0092545215874649,19,0.9777319126171864,0.9769288866398887,0.9773069226213118,0.9780002360376548,0.9763533956299064,0.9772642707091898,0.0005838371328419,0.0909309365715403,0.1072198608110263,0.1017274885660368,0.1122284549993386,0.1486439430895471,0.1121501368074978,0.0195703740746628,19,0.7903727969660462,0.795699105498539,0.7860658786879229,0.7885667251858549,0.795958557884485,0.7913326128445697,0.0039185582896665,0.4021164021164021,0.4338624338624338,0.4391534391534391,0.4095744680851064,0.4787234042553192,0.4326860294945401,0.0269492025062615,20,0.9270557029177718,0.9283819628647216,0.9217506631299734,0.932450331125828,0.919205298013245,0.925768791610308,0.0047403075786026,0.1007957559681697,0.1071895424836601,0.1102257636122178,0.1019867549668874,0.1195219123505976,0.1079439458763065,0.0067291881654865,2,0.2356709372892785,0.2340354396522902,0.235593220338983,0.2213140521848475,0.2336700336700336,0.2320567366270866,0.0054312507860962,0.16118769883351,0.1719077568134172,0.1762208067940552,0.1633085896076352,0.1912858660998937,0.1727821436297023,0.0107624911415267,3,0.3758064516129032,0.3738317757009345,0.3752699784017279,0.3577235772357723,0.3726174496644295,0.3710498465231535,0.0067560457033818,0.6551170166158646,0.6706512331935831,0.6741776140068592,0.6588522746929597,0.6944369155712157,0.6706470108160965,0.0138471749107924,20,0.9251262523803888,0.9253828369732356,0.9226770051768036,0.9242648728403228,0.9210485954103896,0.9236999125562282,0.0016285995287146,0.9081176311153272,0.9074400325247324,0.9092017888602792,0.908130081300813,0.910150426887112,0.9086079921376526,0.0009554770391526,4,0.9231968018430056,0.9223837110817495,0.9236033472236338,0.9160794145548176,0.9228918928075346,0.9216310335021484,0.0028042259030386,0.8954809725158562,0.8956131078224101,0.8974630021141649,0.8957452431289641,0.8994317430950178,0.8967468137352828,0.0015239788863325,4,0.9232929206170922,0.922533117505203,0.923557199960358,0.9164877275279972,0.9227999471458774,0.9217341825513056,0.0026477348196011,IRSUIPLANYR,XGBoost,v_grid_inicial,,7.0,,,200.0,0.8,0.03,0.8
0.0979800701141357,2.456177658050525,0.1987897396087646,0.0096556350050654,,,"{'modelo__colsample_bytree': 0.8, 'modelo__learning_rate': 0.03, 'modelo__max_depth': 7, 'modelo__n_estimators': 200, 'modelo__subsample': 1.0}",0.7836040501035757,0.7760730257681063,0.7951085269150047,0.7705252119010553,0.7948184612456857,0.7840258551866854,0.0098488450347991,20,0.9728837421298108,0.973749515744602,0.9738343025630422,0.9741290165666124,0.9704391251017764,0.9730071404211688,0.0013493594209438,0.095592998741442,0.0982615491461915,0.1038092017471917,0.1156884187002717,0.1306704528008541,0.1088045242271902,0.0129318120261888,20,0.7557030050769336,0.7870270073102875,0.768465571028922,0.7473576545061493,0.7730517291827839,0.7663209934210153,0.0137912358218467,0.4656084656084656,0.4232804232804232,0.4761904761904761,0.4521276595744681,0.5159574468085106,0.4666328942924688,0.0303813985321546,19,0.9098143236074272,0.9217506631299734,0.9217506631299734,0.9258278145695364,0.909933774834437,0.9178154478542696,0.0066529484849523,0.102683780630105,0.0986436498150431,0.1105651105651105,0.1007109004739336,0.1146572104018912,0.1054521303772167,0.0061216745020634,6,0.2151144559423016,0.2140437326763166,0.2230423620025673,0.2010932105868814,0.2071148628278565,0.2120817248071847,0.0074645785338055,0.1682600382409178,0.16,0.1794616151545364,0.1647286821705426,0.1876208897485493,0.1720142450629092,0.0101049122665962,4,0.3479584073040832,0.3474131467133217,0.359173126614987,0.3304183408177736,0.337426326129666,0.3444778695159663,0.0098394632787599,0.6806969011874826,0.6621077546677221,0.689037100136165,0.6746410655595918,0.707226588968695,0.6827418821039314,0.0150645479919854,19,0.9125078664823734,0.9176460060915308,0.919865066294126,0.915871625132715,0.9104162894567212,0.9152613706914932,0.003414952628574,0.8957853367664995,0.900935086055021,0.901883724081854,0.8971544715447154,0.8984957311288793,0.8988508699153938,0.0022778738239153,6,0.9152014093573196,0.913541349053088,0.9179794694582782,0.9059154356958936,0.9108988040790054,0.912707293528717,0.0041015135822636,0.8850422832980972,0.8890063424947146,0.891252642706131,0.8860993657505285,0.8889916743755781,0.88807846172501,0.0022318398367766,6,0.9150672260579432,0.913745829341614,0.918073403587592,0.9064120775659872,0.9108747357293868,0.9128346544565048,0.0039585321374668,IRSUIPLANYR,XGBoost,v_grid_inicial,,7.0,,,200.0,0.8,0.03,1.0
-0.4972649097442627,2.4022080972695257,0.1937081813812255,0.008806091411681,,,"{'modelo__colsample_bytree': 0.8, 'modelo__learning_rate': 0.05, 'modelo__max_depth': 3, 'modelo__n_estimators': 150, 'modelo__subsample': 0.8}",0.8553083216994316,0.8403154669586436,0.8476740442453953,0.8139595225739492,0.8422525251360243,0.8399019761226889,0.0139747449235972,1,0.8817747790712523,0.881005519545496,0.8828334236018645,0.8888177161068326,0.8823768186567534,0.8833616513964397,0.0027959643534062,0.1613169335618763,0.1327408050387725,0.1653294898642422,0.1461268379515635,0.1997103989968244,0.1610448930826558,0.0225260866201474,5,0.2416429947126126,0.2494200899633947,0.2538146866085742,0.2374083731581426,0.2372427076030777,0.2439057704091604,0.0066381785339268,0.7936507936507936,0.7354497354497355,0.7354497354497355,0.6702127659574468,0.7287234042553191,0.732697286952606,0.0391167202918419,6,0.8023872679045093,0.8090185676392573,0.8090185676392573,0.8132450331125828,0.8119205298013245,0.8091179932193862,0.003747241751727,0.0912408759124087,0.0859085290482076,0.0877525252525252,0.0815533980582524,0.086272040302267,0.0865454737147322,0.0031274609162104,19,0.0955162614461635,0.0943542150038669,0.0966107063668039,0.0959824917930279,0.0973324865036519,0.0959592322227028,0.0010082747908994,0.1636661211129296,0.1538461538461538,0.1567963902989283,0.1454125793421812,0.1542792792792792,0.1548001047758944,0.0058634173810319,19,0.1707110609480812,0.168998476243247,0.1726089417091114,0.1717002237136465,0.1738267403941585,0.1715690886016489,0.0016455845083358,0.795592167390514,0.7675080361758774,0.7698118713839002,0.7389681715966097,0.766042146632335,0.7675844786358473,0.0179480894128318,6,0.8041478637181523,0.8053291503372286,0.8078869983570138,0.8086587003210292,0.8096598278643781,0.8071365081195603,0.0020710376501036,0.7975335411302344,0.7995663369020193,0.8041740073180648,0.8077235772357724,0.8033608890093509,0.8024716703190883,0.003580426498306,19,0.8059084595317952,0.8016397330352001,0.8067554290747705,0.8040723675294755,0.8073991259274317,0.8051550230197346,0.0020829964265448,0.7974365750528541,0.7979651162790697,0.8024577167019028,0.8043076109936576,0.8015065415620457,0.8007347121179059,0.0026411528192828,19,0.80582075253543,0.8018235274685342,0.8068118000726768,0.8043011463116514,0.8075118921775899,0.8052538237131763,0.00202593674006,IRSUIPLANYR,XGBoost,v_grid_inicial,,3.0,,,150.0,0.8,0.05,0.8
0.7156678199768066,0.0610052307125984,0.1934780120849609,0.0093295738354551,,,"{'modelo__colsample_bytree': 0.8, 'modelo__learning_rate': 0.05, 'modelo__max_depth': 3, 'modelo__n_estimators': 150, 'modelo__subsample': 1.0}",0.8546583289773423,0.8389222668935367,0.8486976124867438,0.810325851928732,0.8373121826459793,0.8379832485864668,0.0152257648385261,7,0.8803810311532921,0.8793789111683067,0.8817299817962206,0.8856579078447968,0.8802478849880425,0.8814791433901318,0.0022207122909798,0.153865278018062,0.1355169327173191,0.1637382548420742,0.1570632283458659,0.1965460149018002,0.1613459417650243,0.0199309206180005,4,0.24153159615968,0.2518811958398112,0.2535996656577034,0.2315961451269536,0.2316338286244509,0.2420484862817198,0.0094667378474522,0.8042328042328042,0.7619047619047619,0.7407407407407407,0.6595744680851063,0.7180851063829787,0.7369075762692784,0.0479727709309069,5,0.8037135278514589,0.8076923076923077,0.8116710875331565,0.8158940397350993,0.8079470198675497,0.8093835965359144,0.0041156378624781,0.0912364945978391,0.087378640776699,0.0865265760197775,0.0793854033290653,0.0853889943074003,0.0859832218061562,0.0038398858812617,20,0.0945102932002495,0.0930339138405133,0.0957446808510638,0.095800933125972,0.0956712672521957,0.0949522176539988,0.001071497544504,0.1638814016172506,0.1567773543821448,0.1549529607083564,0.1417142857142857,0.1526286037309214,0.1539909212305918,0.007198375101561,20,0.1691320122802121,0.1668493150684931,0.1712846347607053,0.1714683368128044,0.1710839994390688,0.1699636596722567,0.0017694614644221,0.7995279755003295,0.7790415529269032,0.7702212986804395,0.7323617597878106,0.7610617969914623,0.768442876777389,0.0220821440318839,3,0.8035066605954452,0.8032769903132745,0.8079258645986411,0.8094580647245764,0.8063009822378708,0.8060937124939616,0.0024226171543129,0.7948231467678547,0.7961783439490446,0.7997018566201383,0.8051490514905149,0.8040384875999458,0.7999781772854997,0.0041064214597744,20,0.8032997933394315,0.7988616729342413,0.8041806416641257,0.8030220897140534,0.8046549446081919,0.8028038284520088,0.0020570102050827,0.7950581395348837,0.7953224101479915,0.7982293868921776,0.8015327695560254,0.8019029998678472,0.7984091411997851,0.0029241591904574,20,0.8033100987744045,0.7990816292821512,0.8043672161474679,0.8033431336923128,0.8047370507399577,0.8029678257272588,0.0020223244255625,IRSUIPLANYR,XGBoost,v_grid_inicial,,3.0,,,150.0,0.8,0.05,1.0
0.7695304870605468,0.0226252633705051,0.1956913948059082,0.0109547270319408,,,"{'modelo__colsample_bytree': 0.8, 'modelo__learning_rate': 0.05, 'modelo__max_depth': 3, 'modelo__n_estimators': 200, 'modelo__subsample': 0.8}",0.8542116158324317,0.8393313356723032,0.8468702473987743,0.8118635760825694,0.8419804044254396,0.8388514358823036,0.0144125070044006,3,0.889546567104386,0.8901432425444888,0.8923860942788084,0.8963560004272012,0.8912457676763665,0.8919355344062503,0.0024140744425103,0.1656715465057774,0.1292820485128409,0.1618127629498684,0.1449306689238498,0.2069640406297317,0.1617322135044137,0.0260643362703768,3,0.2586758607420261,0.2725092112434878,0.2693217365587749,0.2491697104148386,0.2519095919438913,0.2603172221806037,0.0092452713170937,0.783068783068783,0.7301587301587301,0.7354497354497355,0.6542553191489362,0.7180851063829787,0.7242035348418326,0.0413696673267314,7,0.8143236074270557,0.8315649867374005,0.8196286472148541,0.8278145695364238,0.8264900662251655,0.8239643754281799,0.0061760075734784,0.0922693266832917,0.0889175257731958,0.0900842514581983,0.0824949698189134,0.0876623376623376,0.0882856822791874,0.0032687737560096,17,0.0992403426539518,0.101308773630635,0.1011456628477905,0.1011981865284974,0.1024294156270518,0.1010644762575853,0.0010271001695725,0.1650864472950362,0.1585295807007467,0.1605080831408776,0.1465157832042882,0.15625,0.1573779788681897,0.0061612313054177,17,0.1769197521970897,0.1806135676220654,0.18006993006993,0.18034915596595,0.182269607127209,0.1800444025964488,0.0017396810291797,0.7928760367437695,0.7692669243692417,0.7725900256053393,0.7344447327451997,0.7638399512129015,0.7666035341352903,0.0188414543939051,7,0.8127585784535082,0.8215656014081352,0.8167831890070273,0.8198735403584003,0.8206204438928111,0.8183202706239765,0.0032103163560421,0.802683290418756,0.8083751185797533,0.8097303157609432,0.8146341463414634,0.8095947960428242,0.809003533428748,0.0038189522840125,17,0.8111935494799607,0.8115662160788698,0.8139377307992005,0.8119325111803768,0.8147508215604566,0.812676165819773,0.0014056247366046,0.802193446088795,0.80642177589852,0.8078752642706131,0.8106501057082452,0.8073212633804678,0.8068923710693282,0.0027412388828291,17,0.8112715139902877,0.8120643520200852,0.8140794820124873,0.8123286313633511,0.8150436046511628,0.8129575168074747,0.0013889862599512,IRSUIPLANYR,XGBoost,v_grid_inicial,,3.0,,,200.0,0.8,0.05,0.8
3.0401094913482667,2.780794490036492,-0.9789252758026123,2.347621001331598,,,"{'modelo__colsample_bytree': 0.8, 'modelo__learning_rate': 0.05, 'modelo__max_depth': 3, 'modelo__n_estimators': 200, 'modelo__subsample': 1.0}",0.8520278840782973,0.8359623441612871,0.8478572468272969,0.8054914086374907,0.8348515626576859,0.8352380892724117,0.0162891332107187,8,0.8874313673844745,0.8872003042080953,0.8896544939395172,0.8931468755525123,0.8871051074619251,0.8889076297093048,0.0023182928533132,0.154047761251672,0.1344910563924364,0.1633562252114826,0.1461909807292325,0.1939335210975644,0.1584039089364775,0.0201337275815738,8,0.2570158878078428,0.2727365467773461,0.2746535387195311,0.2458982206987904,0.2489773264471909,0.2598563040901402,0.0118836611827413,0.7724867724867724,0.746031746031746,0.7407407407407407,0.6436170212765957,0.7180851063829787,0.7241922773837668,0.0438471018926598,8,0.8103448275862069,0.8156498673740054,0.8222811671087533,0.8211920529801324,0.8158940397350993,0.8170723909568395,0.0043075551775521,0.0904024767801857,0.0882905447714464,0.0895140664961636,0.0801324503311258,0.0874918988982501,0.0871662874554343,0.0036559493920272,18,0.0983738528417324,0.0970643939393939,0.1007311129163281,0.0989940922880408,0.0992747784045124,0.0988876460780015,0.0011956424271867,0.1618625277161862,0.1578947368421052,0.1597261836851112,0.1425206124852768,0.1559792027729636,0.1555966527003286,0.0068223834377003,18,0.175448671931084,0.1734837799717912,0.1794760457374439,0.1766885152465089,0.1770114942528735,0.1764217014279403,0.001966023053546,0.7867041532849908,0.774357518225251,0.773880331069652,0.7277028195813873,0.763636671635723,0.7652562987594008,0.020149955747832,8,0.8103118249798771,0.8109146785797763,0.8173810551470182,0.8150038053218862,0.8132727643537779,0.8133768256764672,0.0026133558033363,0.8009215340832091,0.802683290418756,0.8070199213985635,0.8117886178861788,0.8091882368884673,0.8063203201350351,0.0040247122808518,18,0.8102788223735474,0.8061794897855473,0.8124809431852831,0.8088155576636401,0.8106514889724565,0.8096812603960949,0.0021046845919156,0.8002114164904862,0.8012684989429175,0.8053646934460887,0.8076109936575053,0.8069248050746664,0.8042760815223327,0.0029963146069686,18,0.8102804664530409,0.8064153810577781,0.8127250503782498,0.8091242443262529,0.8107822410147991,0.809865476646024,0.0020805009155358,IRSUIPLANYR,XGBoost,v_grid_inicial,,3.0,,,200.0,0.8,0.05,1.0
-0.2130751609802246,2.1022656051338795,0.1938283920288085,0.0107504990503734,,,"{'modelo__colsample_bytree': 0.8, 'modelo__learning_rate': 0.05, 'modelo__max_depth': 5, 'modelo__n_estimators': 150, 'modelo__subsample': 0.8}",0.8215538733901655,0.8223741620543356,0.8282291158019576,0.7962279449922159,0.8280384529991667,0.8192847098475683,0.0118569696023649,13,0.940961347724896,0.9397726248480284,0.9403183473193392,0.9402087676770216,0.9398865666591952,0.9402295308456962,0.0004171961034747,0.1189623661919133,0.1150913310641284,0.1250968796403833,0.1292650507071747,0.1832923271903241,0.1343415909587847,0.024957979030115,14,0.4868125793589321,0.4928496780483517,0.5015510979238015,0.4582278075949869,0.4958153783612468,0.4870513082574638,0.0151758037632985,0.6507936507936508,0.6402116402116402,0.6296296296296297,0.5797872340425532,0.6329787234042553,0.6266801756163458,0.0245433460305492,14,0.870026525198939,0.8793103448275862,0.8806366047745358,0.8741721854304636,0.8754966887417218,0.8759284697946492,0.003787018177501,0.1008196721311475,0.1009174311926605,0.1000841042893187,0.0914429530201342,0.1007620660457239,0.098805245335797,0.0036928910101119,10,0.1418378378378378,0.1392272154556909,0.1428878846567678,0.1343921808185705,0.140578477243726,0.1397847192025186,0.0029619339778328,0.1745919091554293,0.1743515850144092,0.1727140783744557,0.1579710144927536,0.1738495252008765,0.1706956224475849,0.0063950610147181,5,0.2439115077151886,0.2403915881073241,0.2458803925199037,0.2329685845393575,0.2422576507238409,0.241081944721123,0.0044433550007423,0.7510642600085614,0.7470606920396865,0.7423117656211571,0.7165196332814392,0.744528391380946,0.7402969484663581,0.0122393507971809,14,0.8677808202780954,0.8702206092806833,0.8728487085938608,0.8650743024997554,0.8692962659076025,0.8690441413119995,0.0025798440311445,0.851334869223472,0.8539097438677328,0.8549939016126846,0.8532520325203252,0.8560780593576366,0.8539137213163702,0.0016086935462898,11,0.8655351153572518,0.8611308737337805,0.8650608124131857,0.8559764195690472,0.8630958430734831,0.8621598128293497,0.0034634574122444,0.8463266384778013,0.8485729386892178,0.8493657505285412,0.8464587737843552,0.850535218712832,0.8482518640385495,0.0016419017468716,11,0.8656469888672327,0.8615836939645205,0.8654487793597833,0.8564302467708368,0.8634051268498943,0.8625029671624536,0.0033793363327996,IRSUIPLANYR,XGBoost,v_grid_inicial,,5.0,,,150.0,0.8,0.05,0.8
0.8516826152801513,0.0289735615680696,0.1941137790679931,0.0094212210178187,,,"{'modelo__colsample_bytree': 0.8, 'modelo__learning_rate': 0.05, 'modelo__max_depth': 5, 'modelo__n_estimators': 150, 'modelo__subsample': 1.0}",0.8274547174127063,0.8121757654892225,0.8287891205630737,0.7914699014011417,0.8175724381727328,0.8154923886077754,0.0135078264559803,14,0.9339274116997184,0.9328356297665626,0.9341660459301024,0.935290815442786,0.9304729545236812,0.93333857147257,0.0016314051714777,0.1211952821318863,0.113450549654209,0.1296875537969684,0.1299826278936292,0.1929434782368497,0.1374518983427085,0.02841032486934,13,0.4583999597864642,0.4786738634091469,0.4758084725441479,0.4490963407076789,0.4569955977350682,0.4637948468365012,0.0114637953039777,0.6878306878306878,0.6349206349206349,0.6455026455026455,0.5904255319148937,0.6436170212765957,0.6404593042890916,0.0310274384446433,13,0.8607427055702918,0.8713527851458885,0.8713527851458885,0.871523178807947,0.8622516556291391,0.8674446220598309,0.004879850152312,0.0975243810952738,0.0932400932400932,0.0961386918833727,0.0902439024390243,0.0984540276647681,0.0951202192645064,0.0030081522130274,13,0.1329100962523039,0.1307722929936305,0.1339722675367047,0.1294511115482982,0.1295264623955431,0.1313264461452961,0.0018205617573833,0.1708278580814717,0.1626016260162601,0.1673525377229081,0.156558533145275,0.1707833450952717,0.1656247800122373,0.0054406663958255,9,0.230264324995565,0.2274143302180685,0.232237539766702,0.2254196642685851,0.2252205500778412,0.2281112818653524,0.0027476708733839,0.7624002334667737,0.7383845619378889,0.7450307644100841,0.7193997578273655,0.7467305868003795,0.7423891808884984,0.0139342638105287,13,0.858649971886003,0.8617020726894873,0.8637347995926279,0.8608022453194093,0.8570159928042365,0.8603810164583529,0.0023447978222089,0.8369697791028594,0.841848488955143,0.8445588833175227,0.8483739837398374,0.8498441523241632,0.844319057487905,0.0046290866905423,12,0.8565572382017143,0.852051360233086,0.8561168140393671,0.8500813118308714,0.851780329979334,0.8533174108568746,0.0025601163299629,0.8332452431289641,0.8366807610993657,0.8395877378435518,0.8419661733615222,0.84472049689441,0.8392400824655628,0.0040018896205142,12,0.8566614911961944,0.8525321264576657,0.8564963166066533,0.8506161012189885,0.8520414904862579,0.8536695051931519,0.0024580553741988,IRSUIPLANYR,XGBoost,v_grid_inicial,,5.0,,,150.0,0.8,0.05,1.0
1.0151254653930664,0.0368182395961531,0.1974754333496093,0.0100178492392985,,,"{'modelo__colsample_bytree': 0.8, 'modelo__learning_rate': 0.05, 'modelo__max_depth': 5, 'modelo__n_estimators': 200, 'modelo__subsample': 0.8}",0.8139052552252174,0.8136446128043905,0.8198684813402254,0.7906071613907628,0.8253943767967176,0.8126839775114627,0.0118572466846518,15,0.950904006314214,0.9518730787607986,0.9514789795639056,0.9510844045523856,0.9513002160389332,0.9513281370460476,0.0003346003366585,0.1141428112994045,0.1087396115155219,0.11601802877778,0.1246848784704426,0.1783702999144737,0.1283911259955246,0.0255105630049002,16,0.5548056839489266,0.5550407854663327,0.5537494465445773,0.5190375033906197,0.5628106714172091,0.549088818153533,0.0153701054152802,0.5925925925925926,0.6084656084656085,0.6031746031746031,0.5372340425531915,0.6223404255319149,0.5927614544635821,0.0293710457296165,16,0.8885941644562334,0.8912466843501327,0.896551724137931,0.8887417218543047,0.8834437086092716,0.8897156006815747,0.0042572171768657,0.0995555555555555,0.1059907834101382,0.1059479553903345,0.0924062214089661,0.1075367647058823,0.1022874560941753,0.005652808304982,7,0.1575358570420879,0.1584905660377358,0.1606463878326996,0.1513647642679901,0.1546487363783909,0.1565372623117809,0.0032254849446865,0.1704718417047184,0.1805337519623233,0.1802371541501976,0.1576893052302888,0.1833855799373041,0.1744635265969664,0.0094561461246618,2,0.2676253245456361,0.2691229475370444,0.2724707779121322,0.2586738627602158,0.2632202052091555,0.2662226235928368,0.0048045226110579,0.7276555590690297,0.7385057409450959,0.7364023171720692,0.7014083491898748,0.7453753896191896,0.7298694711990518,0.015314265314577,16,0.8836032447785114,0.8851835955883536,0.8884459335531949,0.880642713481699,0.8799608352308816,0.8835672645265282,0.0030975655999517,0.8627185255454669,0.8685458734245832,0.8696300311695352,0.8655826558265582,0.8684103537064642,0.8669774879345216,0.0025152828954312,9,0.8786123251007893,0.8791205068265745,0.8803401429684589,0.8725437051090934,0.8764779618524918,0.8774189283714815,0.0027388420751092,0.8559725158562368,0.8620507399577167,0.8629756871035941,0.8574260042283298,0.8622968151182767,0.8601443524528308,0.0028662694363184,9,0.8788609560305243,0.8794225496349641,0.8807439463512933,0.8729477057249513,0.8766516913319239,0.8777253698147314,0.0027298585802932,IRSUIPLANYR,XGBoost,v_grid_inicial,,5.0,,,200.0,0.8,0.05,0.8
1.0369883060455325,0.0363744991417537,0.1987709522247314,0.0101221043125636,,,"{'modelo__colsample_bytree': 0.8, 'modelo__learning_rate': 0.05, 'modelo__max_depth': 5, 'modelo__n_estimators': 200, 'modelo__subsample': 1.0}",0.8174940181309608,0.8016285311311737,0.8213850115191761,0.7829873724269157,0.8098178989830255,0.8066625664382503,0.0136373251141691,16,0.945119226801729,0.9414431767908956,0.9460591832661464,0.9440762625995196,0.9387432363031564,0.9430882171522892,0.0026650662288785,0.1159417441007588,0.1070275699917544,0.1175471109606968,0.1214777773464031,0.1888533690926877,0.1301695142984602,0.0297208519456229,15,0.5303484625035246,0.5357970957344524,0.5340165166163228,0.4976906950122148,0.5119943609939293,0.5219694261720887,0.0148020525305307,0.6349206349206349,0.5873015873015873,0.6190476190476191,0.574468085106383,0.6382978723404256,0.61080715974333,0.0256052510827442,15,0.8740053050397878,0.8779840848806366,0.8859416445623343,0.8847682119205298,0.871523178807947,0.8788444850422472,0.0057134873744982,0.1003344481605351,0.0931208053691275,0.1006884681583476,0.0935875216637781,0.1041666666666666,0.098379582003691,0.0043188280784579,11,0.1487920523820275,0.1418470109277908,0.1505861136158701,0.1411963644049883,0.140568254646443,0.144597959195424,0.0042148663860818,0.1732851985559566,0.1607530774800868,0.1732050333086602,0.1609538002980625,0.1791044776119403,0.1694603174509413,0.0073462820462574,6,0.2542928805710978,0.2442353809260284,0.2574181117533718,0.2435289828654757,0.2420897718910964,0.248313025601414,0.006275418663866,0.7445507091123028,0.7204023860074815,0.7387147568066392,0.7163668338811048,0.7492207616208159,0.7338510894856689,0.0131219721139436,15,0.8731411489795612,0.8711497820480021,0.8791431975225534,0.8735570291205847,0.8676144199761862,0.8729211155293776,0.0037540843128781,0.8541807833039707,0.8535031847133758,0.8583818945656593,0.8582655826558265,0.8601436509012061,0.8568950192280077,0.0025889947143043,10,0.8722769929193346,0.8643154792153674,0.8723447504827726,0.8623458463206397,0.8637056611444253,0.8669977460165079,0.0043848250455673,0.8487050739957717,0.8468551797040169,0.8524048625792812,0.851215644820296,0.8546319545394476,0.8507625431277628,0.0027340639038549,10,0.872320042284695,0.8646559413299858,0.8726834263816854,0.8629050906808496,0.8639006342494715,0.8672930269853374,0.0042905436185262,IRSUIPLANYR,XGBoost,v_grid_inicial,,5.0,,,200.0,0.8,0.05,1.0
1.2044316291809083,0.0450258525610116,0.1952300548553466,0.0106808000419196,,,"{'modelo__colsample_bytree': 0.8, 'modelo__learning_rate': 0.05, 'modelo__max_depth': 7, 'modelo__n_estimators': 150, 'modelo__subsample': 0.8}",0.7614856546283569,0.7790139470583974,0.7788705399492769,0.7654089546214611,0.7921358195915379,0.7753829831698059,0.0109418596709679,21,0.9830115657847308,0.9814339108991637,0.983145710483434,0.9823627817979966,0.9830413588128696,0.982599065555639,0.0006446729138266,0.0915710438854914,0.090408703158247,0.0948151163400774,0.0990111192368975,0.1276507933277554,0.1006913551896937,0.0138063586197096,22,0.8460167431397452,0.8315388681802424,0.8356216219909188,0.8264976992931425,0.8469350289371008,0.8373219923082299,0.0080188561331691,0.3703703703703703,0.3597883597883597,0.3703703703703703,0.3351063829787234,0.4148936170212766,0.3701058201058201,0.0258360109647022,22,0.9376657824933688,0.9376657824933688,0.9376657824933688,0.9364238410596026,0.933774834437086,0.9366392045953592,0.0015108000793079,0.1044776119402985,0.1060842433697348,0.1071975497702909,0.0941704035874439,0.1176470588235294,0.1059153734982595,0.0074741743370183,5,0.279889152810768,0.2684130599848139,0.2787854889589905,0.260693215339233,0.2724111282843895,0.272038409075639,0.0070590758701475,0.1629802095459837,0.163855421686747,0.166270783847981,0.147024504084014,0.1833137485311398,0.164688933539173,0.0115328446755671,10,0.4310975609756097,0.4173553719008264,0.4297872340425532,0.4078453994808191,0.4217768471432844,0.4215724827086186,0.0085377732202369,0.6445292697494893,0.6410677806530902,0.6456811873535007,0.626496280920256,0.6678072909608348,0.6451163619274343,0.013256246772258,22,0.9380201392732452,0.9361906850604188,0.9378507453646504,0.9342472911762304,0.9349905442300956,0.9362598810209282,0.0015030555763157,0.9186881691286082,0.9223472015178208,0.920992004336631,0.9178861788617886,0.920720964900393,0.9201269037490484,0.0016199898264265,3,0.938374496053122,0.9347155876274688,0.938035708235932,0.9320707412928582,0.9362062540231052,0.9358805574464972,0.0023169953285496,0.9049947145877378,0.9082980972515856,0.9072410147991544,0.9034090909090908,0.908153825822651,0.906419348674044,0.0019133466235438,3,0.9383568431832446,0.934789072049156,0.9380264940041624,0.932179313534406,0.9361456131078224,0.9358994671757582,0.0022669824985315,IRSUIPLANYR,XGBoost,v_grid_inicial,,7.0,,,150.0,0.8,0.05,0.8
1.1524708271026611,0.0425797580958433,0.2007442951202392,0.0105696764146816,,,"{'modelo__colsample_bytree': 0.8, 'modelo__learning_rate': 0.05, 'modelo__max_depth': 7, 'modelo__n_estimators': 150, 'modelo__subsample': 1.0}",0.7661668211878268,0.7722239789593088,0.7833760328000741,0.7565703742143803,0.7838709189101909,0.7724416252143562,0.0104067974651587,22,0.9777707563927778,0.977268325972112,0.9788908230647824,0.9785343946352142,0.9730703173185417,0.9771069234766856,0.0020967062660671,0.0839843722169061,0.0961262071434077,0.1016903077961782,0.1073404686536827,0.1325229991537014,0.1043328709927752,0.0160755892186595,21,0.7967679110683337,0.818472952166878,0.8069817109830589,0.7906365429997423,0.7863055305204247,0.7998329295476875,0.0116233722087477,0.3756613756613756,0.3492063492063492,0.4126984126984127,0.4202127659574468,0.5,0.4115557807047169,0.0511360711237698,21,0.9190981432360744,0.9297082228116712,0.9283819628647216,0.9298013245033112,0.913907284768212,0.924179387636798,0.0064987840873663,0.0931758530183727,0.0912863070539419,0.1095505617977528,0.1019354838709677,0.1153374233128834,0.1022571258107837,0.0092435948039986,8,0.2394609536973047,0.2399863060595686,0.2511661284535342,0.2250721385059313,0.2242443938901527,0.2359859841212984,0.0101537356513126,0.14931650893796,0.1447368421052631,0.1731409544950055,0.1640706126687435,0.1874376869391824,0.1637405210292309,0.0156155353379452,12,0.3799342105263157,0.3814965986394558,0.3953685399604632,0.3624161073825503,0.360125260960334,0.3758681434938238,0.0130940711529874,0.641008625220578,0.6300849472010877,0.6633894557054877,0.6629519114340079,0.7011451416181054,0.6597160162358533,0.0243651568267077,21,0.9222654723362672,0.9272486636977352,0.9288384727085744,0.9239567674149568,0.9165193164024684,0.9237657385120004,0.0043049117089168,0.9063558747797804,0.910963545195826,0.9140804987125628,0.9056910569105692,0.9022902832362109,0.90787625176699,0.0041548460392173,5,0.9254328014364605,0.9247891045837991,0.9292949825524274,0.9181122103266024,0.9191313480367246,0.9233520893872028,0.0041709314211049,0.8931025369978859,0.8969344608879493,0.9015591966173362,0.8936310782241015,0.8922954935905907,0.8955045532635728,0.00341411765481,5,0.925275015691586,0.9249116315945954,0.9292722407584816,0.9184037527666744,0.9190010570824524,0.923372739578758,0.004113232184124,IRSUIPLANYR,XGBoost,v_grid_inicial,,7.0,,,150.0,0.8,0.05,1.0
1.6364076614379883,0.0644770894199095,0.2334380149841308,0.0245260956220753,,,"{'modelo__colsample_bytree': 0.8, 'modelo__learning_rate': 0.05, 'modelo__max_depth': 7, 'modelo__n_estimators': 200, 'modelo__subsample': 0.8}",0.7372760249843866,0.7542331986023543,0.7626031545261793,0.7475184512483423,0.7805438377454132,0.7564349334213352,0.0146335319205965,24,0.98877790068197,0.9881049979829992,0.98882445030778,0.988284230620456,0.9893358569660272,0.9886654873118468,0.0004351566213644,0.0865093368085831,0.0820589195382821,0.0856190256539832,0.089049394367008,0.1178419651523601,0.0922157283040433,0.0130074581657129,24,0.8961911482416294,0.8863447845697833,0.8913054711794289,0.8842886577181355,0.8980373278041246,0.8912334779026203,0.0053480071354056,0.2857142857142857,0.2857142857142857,0.3068783068783068,0.2872340425531915,0.3617021276595745,0.3054486097039288,0.0292477686654613,24,0.9496021220159152,0.9509283819628648,0.9509283819628648,0.9509933774834436,0.9496688741721856,0.9504242275194548,0.0006447776710323,0.1001855287569573,0.1111111111111111,0.1062271062271062,0.1040462427745664,0.1275797373358349,0.1098299452411152,0.0095513657441701,1,0.3398196487897484,0.3433908045977011,0.3462095605987446,0.3247399366802352,0.3404558404558404,0.3389231582244539,0.0074480615894998,0.1483516483516483,0.16,0.1578231292517006,0.1527581329561527,0.188626907073509,0.1615119635266022,0.0141487606575675,15,0.5005242922055225,0.5045742434904996,0.5076106194690265,0.4841537424140256,0.5012233484795526,0.4996172492117253,0.0081361917957153,0.6099936112132887,0.6135848837434418,0.6203723422181208,0.6121129562359453,0.6493427293671229,0.6210813045555839,0.0145518060748628,24,0.9512383683223864,0.9522402861130514,0.952528255757663,0.950205321347766,0.9513056231822408,0.9515035709446216,0.0008231276898124,0.9342729367122916,0.941455481772598,0.9338663775579348,0.9369918699186992,0.9369833310746714,0.9367139994072388,0.0027092118361814,1,0.952874614628858,0.953552190263238,0.9541281295524612,0.9494172652120884,0.952942372192296,0.9525829143697884,0.0016469862947417,0.9180761099365752,0.9250792811839323,0.9182082452431288,0.9208509513742072,0.9226906303687062,0.9209810436213098,0.0026781416138086,1,0.9527931023091408,0.9534868355852136,0.9540484291896536,0.9494565756004096,0.952860729386892,0.952529134414262,0.0016028537105647,IRSUIPLANYR,XGBoost,v_grid_inicial,,7.0,,,200.0,0.8,0.05,0.8
1.1884052276611328,0.0375849013299362,0.175571060180664,0.0126144384783021,,,"{'modelo__colsample_bytree': 0.8, 'modelo__learning_rate': 0.05, 'modelo__max_depth': 7, 'modelo__n_estimators': 200, 'modelo__subsample': 1.0}",0.7456750208478085,0.7555141826045743,0.7661026465064953,0.7407902323704088,0.7745971892633783,0.756535854318533,0.0125272619519247,23,0.9829203986121742,0.9818922180258663,0.9850586934167056,0.9843285805700625,0.9795838833026292,0.9827567547854876,0.0019292938768592,0.0779373798858545,0.0844929001553369,0.0943954833109287,0.0997647863158574,0.1227428958720656,0.0958666891080086,0.0154305755089502,23,0.8489353275437401,0.857016681023038,0.862859789585915,0.849228408131286,0.8388051262543256,0.851369066507661,0.008152182099213,0.3227513227513227,0.3121693121693121,0.3544973544973545,0.3670212765957447,0.4414893617021276,0.3595857255431723,0.0455948989289084,23,0.9283819628647216,0.9363395225464192,0.9376657824933688,0.9403973509933776,0.9271523178807948,0.9339873873557364,0.0052590821068212,0.0956112852664576,0.0975206611570247,0.1082390953150242,0.1086614173228346,0.1195965417867435,0.1059258001696169,0.0086805494239647,4,0.2862985685071574,0.2794932699920823,0.3005952380952381,0.2684310018903592,0.2659574468085106,0.2801551050586695,0.0126095781233186,0.1475211608222491,0.1486146095717884,0.1658415841584158,0.1676792223572296,0.1882086167800453,0.1635730387379456,0.0149019202483959,14,0.437636761487965,0.4304878048780488,0.4552479072762395,0.4176470588235294,0.4133451431945674,0.4308729351320701,0.0149812164636086,0.6222782226983338,0.6190877730381729,0.639845235047837,0.6451637548290377,0.6793434069657135,0.6411436785158189,0.021538034322053,23,0.934631744382525,0.9373400699089108,0.9409675932827992,0.937419843676659,0.9308492557998342,0.9362417014101456,0.003364488604296,0.9218051226453448,0.9260062339070336,0.9251931155983196,0.9233062330623306,0.9171974522292994,0.9227016314884656,0.0031174717544962,2,0.9408815259003286,0.9383406172714028,0.9442694040722296,0.9344423363599405,0.9345461937188738,0.9384960154645552,0.0037704172384151,0.9068446088794926,0.910676532769556,0.9109408033826638,0.9094873150105708,0.9053786176820404,0.9086655755448648,0.00219161483894,2,0.940570182683096,0.9382907733474284,0.9441049188992764,0.9345908625417064,0.9343617864693446,0.9383837047881703,0.003690070243577,IRSUIPLANYR,XGBoost,v_grid_inicial,,7.0,,,200.0,0.8,0.05,1.0
4.644084453582764,0.3368628235304471,0.9890080451965332,0.1864652330119363,0.05,0.0,"{'modelo__C': 0.05, 'modelo__l1_ratio': 0.0}",0.8229818851645415,0.8493389071288591,0.8116410246621364,0.8091722659133135,0.8295859503764087,0.8245440066490518,0.0144597777803614,2,0.8868209493585307,0.8819740389892385,0.890129506788518,0.8931760381620495,0.8860901271919779,0.8876381320980629,0.0037952973265941,0.0937343117838705,0.0841384157111472,0.1145181810559324,0.0729012160238455,0.1026286174137716,0.0935841483977134,0.0144018349506472,3,0.1018535286970784,0.1062753718245803,0.1035689345128627,0.1214006768847237,0.1071463236962511,0.1080489671230992,0.0069380502805473,0.6666666666666666,0.7976190476190477,0.6309523809523809,0.6547619047619048,0.6785714285714286,0.6857142857142857,0.0581264553130176,2,0.8125,0.7886904761904762,0.8214285714285714,0.8214285714285714,0.7976190476190477,0.8083333333333332,0.0131222664791955,0.0378378378378378,0.0460164835164835,0.0378842030021443,0.0418888042650418,0.0415149308084486,0.0410284518859912,0.0030306318335545,2,0.0478108581436077,0.04634487583071,0.0504570383912248,0.0505679736167094,0.0480890005383097,0.0486539493041123,0.0016295035712602,0.0716112531969309,0.087012987012987,0.0714767363452461,0.0787401574803149,0.0782429649965682,0.0774168198064094,0.0057185550397573,2,0.0903076414158121,0.0875454245127188,0.0950740613158801,0.0952709699689333,0.0907090878321204,0.091781437009093,0.0029760384130929,0.7381970425797256,0.8060115548089893,0.7255510167722887,0.7433349876562063,0.7513530669517574,0.7528895337537935,0.0278526946990822,2,0.8154365709036245,0.8032645632998481,0.8239596506716934,0.8241600849459543,0.810203831666285,0.815404940297481,0.008053283957936,0.8097274184927846,0.814404061998931,0.8201496525921966,0.8319080705505077,0.8241347053320861,0.8200647817933012,0.0076907710646966,9,0.8183731418072491,0.81783865040922,0.8264907299148154,0.8268915984633373,0.8227886157135221,0.8224765472616289,0.0038484217477333,0.8081395348837209,0.8142177589852009,0.8180496828752643,0.8299418604651163,0.8225188317695256,0.8185735337957656,0.007388095216585,9,0.8183079515047406,0.817515113474943,0.8264345413101648,0.8268309603250636,0.8225092494714588,0.8223195632172743,0.0039114574087644,IRSUITRYYR,Regresión Logística,v_grid_inicial,,,,,,,,
37.15145530700684,25.288801190174507,0.764683198928833,0.1018193956127545,0.05,1.0,"{'modelo__C': 0.05, 'modelo__l1_ratio': 1.0}",0.8411301252195159,0.8531080590975033,0.8187967664350614,0.8128722226464076,0.8459945718231165,0.8343803490443211,0.0157265655570122,1,0.8806688300842301,0.8770324791015455,0.8848886376832343,0.8877742052224264,0.8801409276297372,0.8821010159442346,0.0037825673770564,0.10063834917277,0.0910085461934983,0.121318904285976,0.0742411218140912,0.1005347649720761,0.0975483372876823,0.0152938022732899,1,0.101582803048229,0.1070901019372199,0.1022939322632312,0.1191646457559786,0.1039473078396286,0.1068157581688575,0.0064595514588731,0.6904761904761905,0.8095238095238095,0.6547619047619048,0.6428571428571429,0.7619047619047619,0.7119047619047618,0.0640648764146367,1,0.8035714285714286,0.7886904761904762,0.8125,0.8035714285714286,0.7797619047619048,0.7976190476190476,0.0117550105107925,0.0389000670690811,0.0455153949129852,0.0393700787401574,0.04,0.0453900709219858,0.0418351223288419,0.0029745832994646,1,0.0462566386842556,0.0452295613585936,0.048811013767209,0.0478978179882916,0.0457641921397379,0.0467918447876175,0.0013478475536295,0.0736507936507936,0.0861850443599493,0.0742741390952059,0.0753138075313807,0.0856760374832664,0.0790199644241192,0.0056697112944985,1,0.0874777255791349,0.0855528652138821,0.0920897284533648,0.0904068307383224,0.0864543804652697,0.0883963060899948,0.0024651003800502,0.749500521747983,0.8094919956224071,0.7377230154488306,0.7348438573719173,0.7910151899861909,0.7645149160354657,0.0301622674967032,1,0.8088009138848458,0.8009094605772825,0.8173908050776683,0.8121414851225274,0.7986362971163881,0.8075757923557424,0.0069718792652806,0.8085248530197755,0.8094601817210048,0.8206841261357563,0.8268305718866916,0.82012561806762,0.8171250701661696,0.0070509741255029,10,0.8140303991982629,0.8131284449640889,0.8222816101553365,0.8207115416736261,0.8175106894708712,0.8175325370924371,0.0035866764478367,0.8072145877378436,0.8094608879492601,0.8188424947145877,0.8247885835095138,0.819479318091714,0.8159571744005838,0.0065933135153401,10,0.813914307422946,0.8128571900498828,0.8221730369000033,0.8205212910045918,0.8170917019027484,0.8173115054560345,0.0036157268996417,IRSUITRYYR,Regresión Logística,v_grid_inicial,,,,,,,,
4.786714267730713,0.3336619574313563,0.5986144542694092,0.0752539859395323,0.1,0.0,"{'modelo__C': 0.1, 'modelo__l1_ratio': 0.0}",0.8119154195617316,0.8471787432236391,0.8076611055967016,0.8035809727418493,0.8151659634854878,0.8171004409218817,0.0155383911011734,4,0.8894103891765492,0.8844073866393057,0.8923921472714692,0.8960073711295107,0.8889501969280497,0.8902334982289769,0.0038539673313774,0.0896090724392522,0.0807390032345432,0.1123865923559586,0.0715683655753314,0.1006991203572486,0.0910004307924668,0.014396321876718,4,0.1010818962446081,0.1060651316754712,0.1036153212295647,0.1200408422287115,0.107165608642584,0.1075937600041879,0.0065678340229729,0.6666666666666666,0.7976190476190477,0.6309523809523809,0.6547619047619048,0.6309523809523809,0.6761904761904762,0.0622699849077239,4,0.8154761904761905,0.7946428571428571,0.8214285714285714,0.8244047619047619,0.8035714285714286,0.8119047619047619,0.0111993379298968,0.0383824537354352,0.0462387853692201,0.0382119682768565,0.0421133231240428,0.0390279823269514,0.0407949025665012,0.0030655361285214,4,0.0485127478753541,0.0474329365784331,0.0509507107254938,0.0511731017919822,0.0486925157799819,0.049352402550249,0.0014624879412499,0.0725858716785482,0.0874103065883887,0.0720598232494901,0.079136690647482,0.073509015256588,0.0769403414840994,0.0058137592681146,4,0.0915775401069518,0.0895222129086337,0.0959499391621762,0.0963645851452426,0.0918211188573372,0.0930470792360683,0.0026653197908136,0.7396000356315695,0.806479219159604,0.7263527270876282,0.7438026520068208,0.7282785424740523,0.7489026352719349,0.0295345992503825,4,0.8179769460815896,0.8077607136891837,0.8248449020496791,0.8264165115687163,0.8136810910895624,0.8181360328957462,0.0069439803589453,0.8125334045964725,0.8153393907001604,0.8217530732228755,0.832843399251737,0.8256047039957236,0.8216147943533938,0.0072646045851227,7,0.8204777016869885,0.8208785702355103,0.8282612326707867,0.8284282612326708,0.8237907536076964,0.8243673038867305,0.0034434498377788,0.8109143763213531,0.8151427061310782,0.8196353065539113,0.8308668076109936,0.8234439011497291,0.8200006195534131,0.0068734681716422,7,0.8204221862508672,0.8205873608404083,0.828185391959301,0.8283836014667504,0.8235663319238901,0.8242289744882433,0.0034958903400491,IRSUITRYYR,Regresión Logística,v_grid_inicial,,,,,,,,
30.084078359603883,21.618650414797287,-0.5055456161499023,2.417040463764767,0.1,1.0,"{'modelo__C': 0.1, 'modelo__l1_ratio': 1.0}",0.8246377987325342,0.8509208533760912,0.8112043788653891,0.8033232801404901,0.8280045881776471,0.8236181798584303,0.0163199362220529,3,0.8871712122296723,0.8818792900490746,0.8901000779466621,0.8943796877361267,0.8862767356073911,0.8879614007137853,0.0041526597044905,0.0959772813092459,0.0837336491087127,0.1183661877546303,0.0713872362003054,0.1017464521617629,0.0942421613069314,0.0159628951318688,2,0.1036149111724464,0.1064946764709928,0.103130939976545,0.1189561991701168,0.1043322143955756,0.1073057882371353,0.0059377445229871,0.6666666666666666,0.8095238095238095,0.6190476190476191,0.6428571428571429,0.6666666666666666,0.680952380952381,0.0666666666666666,3,0.8154761904761905,0.7946428571428571,0.8154761904761905,0.8244047619047619,0.7976190476190477,0.8095238095238095,0.0114496333700424,0.0385940730530668,0.0466072652501713,0.0376811594202898,0.0412213740458015,0.041025641025641,0.0410259025589941,0.0031077618979203,3,0.0483074753173483,0.046370267453977,0.0499817584823057,0.0506491131833973,0.0479942693409742,0.0486605767556005,0.0015174953820845,0.0729641693811074,0.0881399870382372,0.0710382513661202,0.0774748923959827,0.0772946859903381,0.0773823972343571,0.0059247094640411,3,0.0912117177097203,0.0876271742697735,0.0941904434513578,0.0954349698535745,0.0905405405405405,0.0918009691649933,0.002766658988457,0.7401345091751291,0.8118303173754804,0.720801201292917,0.7375162250897151,0.7458684128468973,0.7512301331560278,0.0314268497066172,3,0.8175760775330676,0.8056060452408791,0.8207496202088652,0.8254811516221654,0.8100201063856863,0.8158866001981326,0.0071925555152398,0.8136023516835916,0.8141368252271513,0.8225547835382149,0.8321753073222875,0.8250701590271281,0.8215078853596747,0.0069915616422578,8,0.8196759645899448,0.816569233338901,0.82602304994154,0.826557541339569,0.822421165152325,0.8222493908724559,0.0037872650305388,0.8119714587737844,0.8140856236786469,0.8202959830866807,0.8300739957716702,0.8233117483811286,0.8199477619383823,0.0065109807487252,8,0.8196293482210697,0.8163258564302468,0.8259059826236331,0.8265336460638896,0.8221458773784355,0.822108142143455,0.0038363875870262,IRSUITRYYR,Regresión Logística,v_grid_inicial,,,,,,,,
4.007553386688232,0.1646066962929118,0.6801365852355957,0.0385060514715833,0.2,0.0,"{'modelo__C': 0.2, 'modelo__l1_ratio': 0.0}",0.8032843081112723,0.8447083937797459,0.801443078567611,0.7988820595047212,0.798696887548284,0.8094029455023269,0.0177346023485222,6,0.8914431665433836,0.8864283328163401,0.8941781598224725,0.8982052880447319,0.8912834483405869,0.8923076791135032,0.0038637710266107,0.0856242506569599,0.0790779022845732,0.1117968549418068,0.0696241764387439,0.0956697744118515,0.088358591746787,0.0144733666338192,6,0.1009780830922328,0.1043744508246466,0.1032113401265277,0.1179221835026248,0.1067965007745258,0.1066565116641116,0.0059372808350023,0.6666666666666666,0.7857142857142857,0.6309523809523809,0.6309523809523809,0.5952380952380952,0.6619047619047619,0.0658969166814192,6,0.8214285714285714,0.7946428571428571,0.8244047619047619,0.8273809523809523,0.8035714285714286,0.8142857142857143,0.0128494244910255,0.0389700765483646,0.0463483146067415,0.0386297376093294,0.0410216718266253,0.0376506024096385,0.0405240806001399,0.0031122223462787,6,0.0494003937712547,0.0476020681048315,0.051506136110078,0.0518269947800149,0.0491266375545851,0.0498924460641528,0.0015761271285768,0.0736357659434582,0.0875331564986737,0.0728021978021978,0.0770348837209302,0.0708215297450425,0.0763655067420605,0.0059337813070275,6,0.0931960155326692,0.0898233809924306,0.0969548477423871,0.0975438596491228,0.0925925925925925,0.0940221393018404,0.0028760719260291,0.7410698378763585,0.8021302588379018,0.7273548649818025,0.7326996004173985,0.7122254888859192,0.7430960101998763,0.030977430370765,6,0.8220054164976496,0.8080947708129518,0.8270011115353106,0.828739749616232,0.8144995037031382,0.8200681104330565,0.0077638550703347,0.8154730090860502,0.8185462319615179,0.823757349011224,0.8344468198824159,0.8292128825337431,0.8242872584949902,0.006905210237466,5,0.8225822615667279,0.8215466844830466,0.8295974611658593,0.8300985468515116,0.8254275788348476,0.8258505065803986,0.0035062427983098,0.8138213530655392,0.8181818181818182,0.8216173361522199,0.8321881606765328,0.8266155675961412,0.8224848471344502,0.0064115818357427,5,0.822569455914902,0.8212480591985729,0.8295398235935384,0.8300683822800701,0.8251849894291755,0.8257221420832517,0.0035695903594469,IRSUITRYYR,Regresión Logística,v_grid_inicial,,,,,,,,
47.77135310173035,12.462622396985887,0.6729185581207275,0.1574880846085734,0.2,1.0,"{'modelo__C': 0.2, 'modelo__l1_ratio': 1.0}",0.8104662963528544,0.847474612506681,0.8003176618055026,0.7979912702654551,0.8018779073837206,0.8116255496628426,0.0184134603347666,5,0.8909678310943553,0.8855937865374979,0.8935940072538119,0.8979287961217558,0.8908947222328268,0.8917958286480496,0.0040201899306698,0.0904166474230891,0.0763025020041184,0.1110926054601802,0.0704833169694104,0.0981199326276737,0.0892830008968944,0.0146762177371853,5,0.1005330657366364,0.1038249797351492,0.1033967622281637,0.1159815452926417,0.1052575804124093,0.1057987866810001,0.0053174228638231,0.6547619047619048,0.7976190476190477,0.6428571428571429,0.6309523809523809,0.6071428571428571,0.6666666666666667,0.0673435029701474,5,0.8214285714285714,0.7946428571428571,0.8303571428571429,0.8244047619047619,0.8065476190476191,0.8154761904761905,0.0130410132739325,0.0384615384615384,0.0468204053109713,0.0393013100436681,0.0408320493066255,0.0383747178329571,0.0407580041911521,0.0031570225393073,5,0.0494092373791621,0.0474329365784331,0.0517145505097312,0.0514678558156819,0.0494345129514775,0.0498918186468972,0.0015680790035471,0.0726552179656539,0.0884488448844884,0.074074074074074,0.0767004341534008,0.0721868365180467,0.0768130815191328,0.0060265381845146,5,0.0932117527862208,0.0895222129086337,0.0973652067701971,0.0968870234347674,0.0931591612237882,0.0940290714247214,0.0028647588357004,0.7355183120816472,0.8076817846326131,0.7332404367412384,0.7322987452597287,0.7181778698383001,0.7453834297107054,0.0317402246533332,5,0.8220221193538381,0.8077607136891837,0.829726759168675,0.8269343001105569,0.8162381334147769,0.8205364051474062,0.007865067651612,0.8162747194013896,0.8177445216461785,0.823623730625334,0.8336451095670764,0.8292128825337431,0.8241001927547444,0.0066197377340148,6,0.8226156672791047,0.8208785702355103,0.8290963754802071,0.8294638383163521,0.8259286477819348,0.8255966198186219,0.0034193561113156,0.8144820295983086,0.8175211416490487,0.8216173361522199,0.8313953488372093,0.8267477203647416,0.8223527153203056,0.0061142108347313,6,0.8226024908328102,0.8205873608404083,0.8291103696607314,0.8294076839219054,0.8257135306553911,0.8254842871822493,0.0034893754880933,IRSUITRYYR,Regresión Logística,v_grid_inicial,,,,,,,,
4.303390550613403,0.4330623677130315,0.7253599166870117,0.1057279751659249,0.5,0.0,"{'modelo__C': 0.5, 'modelo__l1_ratio': 0.0}",0.7953133351149119,0.8407507444452929,0.791778015321575,0.7934132498536561,0.778228269792482,0.7998967229055836,0.0212956766296405,7,0.8934750491143508,0.8883602965154661,0.8959011389757172,0.9003718871045996,0.8936510985340154,0.8943518940488296,0.0038935764697644,0.0814452562974116,0.0751245884012047,0.1116410434931169,0.0664280421190067,0.0835765260469236,0.0836430912715327,0.0152160641861184,8,0.1009840407565935,0.1027860311373787,0.1024757229841235,0.1151675287196491,0.105815821684884,0.1054458290565258,0.0051078752680629,0.6428571428571429,0.7738095238095238,0.6309523809523809,0.6309523809523809,0.5833333333333334,0.6523809523809524,0.0640648764146367,7,0.8244047619047619,0.7976190476190477,0.8303571428571429,0.8333333333333334,0.8184523809523809,0.8208333333333334,0.0126829022337276,0.0384889522451888,0.0464285714285714,0.0389705882352941,0.0408320493066255,0.0370090634441087,0.0403458449319577,0.0032774822182918,7,0.0498829461552314,0.0481927710843373,0.0522765598650927,0.0525525525525525,0.0504494588148963,0.050670857694422,0.0016080914342497,0.0726294552790854,0.0876010781671159,0.0734072022160664,0.0767004341534008,0.0696022727272727,0.0759880885085882,0.0062303932387113,7,0.0940736967227033,0.0908936747498728,0.0983606557377049,0.0988700564971751,0.0950406082598928,0.0954477383934698,0.0029322547565276,0.7313029701458349,0.7977144893232547,0.7281565752971418,0.7322987452597287,0.7064735622967615,0.7391892684645442,0.0307470721739529,7,0.8240781117023392,0.8104013060042792,0.8306955248276027,0.832350648627582,0.8227750948054262,0.824060137193446,0.007758560116042,0.819748797434527,0.8216194548369856,0.8253607696419027,0.8336451095670764,0.8296137912601897,0.8259975845481362,0.0051025970501948,3,0.8237514614999165,0.8231835643895106,0.8310339067980624,0.8313679639218307,0.8270978086584714,0.8272869410535583,0.0034660521267283,0.8177854122621564,0.8210887949260042,0.8232029598308668,0.8313953488372093,0.8268798731333421,0.8240704777979158,0.0047051356378661,3,0.8237587129595983,0.8228998050939843,0.8310263948994087,0.8313897789963992,0.8270018498942917,0.8272153083687364,0.0035374502236123,IRSUITRYYR,Regresión Logística,v_grid_inicial,,,,,,,,
141.008278465271,78.32812219773791,0.3352182388305664,0.1311730123543636,0.5,1.0,"{'modelo__C': 0.5, 'modelo__l1_ratio': 1.0}",0.7939882861215035,0.8396388485912805,0.7883794953042682,0.7924572421165152,0.7732399788727464,0.7975407702012628,0.022294250478488,8,0.8937921051166416,0.8888814156863681,0.8961814089256881,0.900785779904078,0.8941549511974753,0.8947591321660504,0.0038520405270942,0.0830598595751122,0.0727257783482975,0.1071822990212348,0.0666069700919183,0.0921763006348624,0.0843502415342851,0.0143817033871064,7,0.1001675842832807,0.1025180286560644,0.1024920593093641,0.1131625371331336,0.1047247546365396,0.1046129928036764,0.0045112324154031,0.6428571428571429,0.75,0.6309523809523809,0.6190476190476191,0.5714285714285714,0.6428571428571429,0.0588051858820403,9,0.8184523809523809,0.7946428571428571,0.8333333333333334,0.8303571428571429,0.8065476190476191,0.8166666666666668,0.0145316138282544,0.0384889522451888,0.0449678800856531,0.0388278388278388,0.0402165506573859,0.0362537764350453,0.0397509996502224,0.0029020041003127,9,0.0496748554913294,0.0481601731601731,0.0524835988753514,0.0525225903614457,0.0498895434462444,0.0505461522669088,0.0017054733310369,0.0726294552790854,0.0848484848484848,0.0731538992408557,0.0755265068990559,0.0681818181818181,0.07486803288986,0.0055262638432733,9,0.0936648501362397,0.0908163265306122,0.0987480162228883,0.0987960339943342,0.0939667128987517,0.0951983879565653,0.0031181450215597,0.7313029701458349,0.785609299839658,0.7278225293324171,0.7266136010791275,0.7004543632233061,0.7343605527240686,0.0278861025898593,9,0.8213524640689749,0.8091804564651983,0.8322337286342631,0.8311130962323129,0.8170732483265888,0.8221905987454676,0.00867904334088,0.819748797434527,0.8212185996793159,0.8246926777124532,0.834179583110636,0.8294801550180408,0.8258639625909947,0.005339905280712,4,0.8242525471855687,0.8237180557875396,0.8311341239351929,0.8318690496074829,0.8275988776055585,0.8277145308242684,0.0033741417416932,0.8177854122621564,0.8204281183932347,0.8225422832980972,0.8317917547568711,0.8266155675961412,0.8238326272613001,0.0049176609240576,4,0.8241881668924053,0.8233953288626078,0.8311585345710416,0.8318522678471144,0.827365221987315,0.8275919040320968,0.0034675526717371,IRSUITRYYR,Regresión Logística,v_grid_inicial,,,,,,,,
5.048068809509277,0.4766397777640772,0.7455752849578857,0.0820957064186561,1.0,0.0,"{'modelo__C': 1, 'modelo__l1_ratio': 0.0}",0.7889489641393703,0.8375041358071822,0.7880987376243923,0.7903432083683286,0.7666400985090014,0.794307028889655,0.0232998398885489,9,0.8945610330318866,0.8894268931892115,0.8968014030399198,0.9014472328934914,0.8948944255681963,0.8954261975445412,0.0038772928866539,0.0788200694485736,0.0739020620324894,0.1123158259767046,0.064537317112488,0.0831942080958657,0.0825538965332243,0.0161218812924908,9,0.1005430633150156,0.1020060160564808,0.1020920914332386,0.1132616487998434,0.1049131822467663,0.1045632003702689,0.0045736760998614,0.6309523809523809,0.7738095238095238,0.6309523809523809,0.6190476190476191,0.5714285714285714,0.6452380952380953,0.0679302029413671,8,0.8244047619047619,0.7976190476190477,0.8333333333333334,0.8392857142857143,0.8154761904761905,0.8220238095238095,0.0146288163421958,0.0378842030021443,0.046594982078853,0.0388848129126925,0.040278853601859,0.0365853658536585,0.0400456434898415,0.0034911630394477,8,0.0501811594202898,0.0485331401666063,0.0523854069223573,0.0533282904689863,0.0504789977892409,0.0509813989534961,0.0016950456920118,0.0714767363452461,0.0878972278566599,0.073255010366275,0.0756363636363636,0.0687679083094555,0.0754066493028,0.0066364745042683,8,0.094603825136612,0.091498805052919,0.0985741946840345,0.1002844950213371,0.0950728660652324,0.096006837192027,0.0031000896650574,0.7255510167722887,0.7980485352879794,0.727956147718307,0.7267472194650175,0.7012561806761994,0.7359118199839584,0.0326086295071216,8,0.8246293059565566,0.811052717395627,0.832066700072379,0.8360283590636857,0.8216544501285281,0.8250863065233552,0.0086877214450426,0.8201496525921966,0.822287546766435,0.824959914484233,0.8344468198824159,0.8310837899238274,0.8265855447298216,0.005377174437304,2,0.8248538500083514,0.8244863871722065,0.8308000668114247,0.8327710038416569,0.8278327097808659,0.828148803522901,0.0032485030476947,0.8180496828752643,0.8217494714587738,0.822806553911205,0.8320560253699789,0.8282014008193471,0.8245726268869138,0.0049559514124964,2,0.8248488652505699,0.8241881668924053,0.8308281853919594,0.8328433153843613,0.8276955602536998,0.8280808186345991,0.0033459253928783,IRSUITRYYR,Regresión Logística,v_grid_inicial,,,,,,,,
260.8546367645264,164.82441754118966,0.2095514774322509,0.0599651768272309,1.0,1.0,"{'modelo__C': 1, 'modelo__l1_ratio': 1.0}",0.7811943256725459,0.8343116108014559,0.7835557125041358,0.7886443460334427,0.7590872644661233,0.7893586518955407,0.024649405560456,10,0.8953255863895584,0.8900524052112913,0.8973384794037875,0.9020387923834976,0.89578456858759,0.896107966395145,0.0038490358542114,0.0758145099717128,0.0716437399836532,0.106546688640968,0.0641985996521574,0.0857694063934647,0.0807945889283912,0.0146416223916499,10,0.1002316029006914,0.1016561631121953,0.1019122357126628,0.1115844469594991,0.104090780030292,0.1038950457430681,0.0040380724978461,0.6309523809523809,0.75,0.6190476190476191,0.6190476190476191,0.5595238095238095,0.6357142857142858,0.0623609564462323,10,0.8214285714285714,0.7946428571428571,0.8333333333333334,0.8392857142857143,0.8154761904761905,0.8208333333333334,0.015567496226931,0.0380200860832137,0.0450966356478167,0.0382634289919058,0.0405300077942322,0.0359052711993888,0.0395630859433114,0.0031306445233681,10,0.0502000727537286,0.0484397677793904,0.0526810912511759,0.0536836093660765,0.0506095308459549,0.0511228143992652,0.0018600832736291,0.0717185385656292,0.0850776502363268,0.072072072072072,0.0760790051207022,0.0674802584350323,0.0744855048859525,0.0059546120700621,10,0.0946177579705176,0.091313269493844,0.0990975048663953,0.1009125067096081,0.0953043478260869,0.0962490773732904,0.0033993243061623,0.7258850627370135,0.7858765366114377,0.7222041943447609,0.727281693008577,0.6954374359659673,0.7313369845335513,0.0296409076294008,10,0.8234919706984181,0.8097149478632275,0.8325677857580314,0.8366129590302799,0.8218882823038355,0.8248551891307585,0.0093553952989499,0.8208177445216461,0.8217530732228755,0.8253607696419027,0.835515766969535,0.8313510624081251,0.8269596833528169,0.0056547237522211,1,0.8255553699682646,0.8247870385835978,0.8318022381827292,0.8339402037748455,0.8283003741314805,0.8288770449281835,0.003529491712098,0.8187103594080338,0.8209566596194503,0.8230708245243129,0.8331131078224101,0.8283335535879477,0.824836900992431,0.0052236383844118,1,0.8255095636087344,0.8244524462356712,0.8318192329292061,0.8339995375111493,0.8281580338266384,0.8287877628222798,0.0036411680822091,IRSUITRYYR,Regresión Logística,v_grid_inicial,,,,,,,,
6.445970869064331,0.15518607928549,0.7113274574279785,0.034466157242437,,,"{'modelo__criterion': 'gini', 'modelo__max_depth': 6, 'modelo__max_features': 'sqrt', 'modelo__min_samples_leaf': 5, 'modelo__n_estimators': 150}",0.8437054605380367,0.8316082245297906,0.7788663434374283,0.8099771576187931,0.8090815371986025,0.8146477446645303,0.0222041187698397,8,0.899477240370008,0.8999147458382051,0.9100782846962068,0.9033846150787024,0.903063042427019,0.9031835856820282,0.0037951054659197,0.078462630858209,0.0864447555462685,0.0823086021706511,0.0542124634051664,0.0672306298159067,0.0737318163592403,0.0116690295197885,8,0.3327407283844008,0.3167369089268204,0.3408084679323299,0.3258582763187675,0.3382090026986392,0.3308706768521915,0.0087292080441464,0.5119047619047619,0.5714285714285714,0.5,0.5238095238095238,0.5238095238095238,0.5261904761904762,0.0242810453028227,7,0.75,0.75,0.7886904761904762,0.7678571428571429,0.7559523809523809,0.7625,0.0146288163421958,0.0519323671497584,0.0526315789473684,0.0442105263157894,0.0517647058823529,0.0528846153846153,0.0506847587359769,0.0032639845659485,14,0.0759036144578313,0.070886075949367,0.0721874148733315,0.0772917914919113,0.0679871520342612,0.0728512097613405,0.0033763107872856,0.094298245614035,0.0963855421686747,0.081237911025145,0.0942184154175588,0.0960698689956331,0.0924419966442093,0.0056717875058462,10,0.1378555798687089,0.1295296838858905,0.1322685300723733,0.140446379967338,0.12475442043222,0.1329709188453062,0.0056495792145442,0.7035071644905958,0.7279911430098496,0.6893372528059861,0.7080565523911329,0.7092520824981068,0.7076288390391342,0.0124017064071292,6,0.8237556372139636,0.8198304660096877,0.8374553099175197,0.8324837743682741,0.8198187880176122,0.8266687951054117,0.0071040089589496,0.8951095670764297,0.8845537145911277,0.8786745056119722,0.8923035809727419,0.8946946411866898,0.8890672018877923,0.0064347820969436,11,0.8975112744279272,0.8896609320193754,0.8862201436445633,0.8971104058794054,0.8836851950828434,0.890837590210823,0.0056169096627976,0.8908562367864693,0.88107822410148,0.8744714587737844,0.8882135306553911,0.8905775075987842,0.8850393915831818,0.0063553698185555,11,0.8958739387532622,0.8881107330448283,0.8851375904330878,0.8956757292458128,0.8822674418604651,0.8894130866674912,0.0055136110572846,IRSUITRYYR,Random Forest,v_grid_inicial,gini,6.0,sqrt,5.0,150.0,,,
8.12447257041931,2.1077742862875404,0.6534843444824219,0.2205056472469464,,,"{'modelo__criterion': 'gini', 'modelo__max_depth': 6, 'modelo__max_features': 'sqrt', 'modelo__min_samples_leaf': 5, 'modelo__n_estimators': 200}",0.8432457496627727,0.8329961059784683,0.7767364027385406,0.8104957242116516,0.8097847183775289,0.8146517401937924,0.0229463126366897,7,0.8991156434178816,0.9001928285093894,0.9097452217900688,0.9040149490562888,0.9036311194039348,0.9033399524355128,0.0037233600370845,0.0741608416219564,0.116451449677928,0.0791991245514437,0.0531163460743766,0.075190522758205,0.079623656936782,0.020535818001221,7,0.3428810484514688,0.3277341855814637,0.3353454899941092,0.3308513642759308,0.3408238445203978,0.3355271865646741,0.005740401766322,0.5119047619047619,0.5714285714285714,0.4880952380952381,0.5238095238095238,0.5238095238095238,0.5238095238095238,0.0271470339309318,8,0.7440476190476191,0.7380952380952381,0.7857142857142857,0.7648809523809523,0.75,0.756547619047619,0.0170865477314372,0.0506478209658421,0.0524590163934426,0.0446623093681917,0.0511033681765389,0.0539877300613496,0.050572048993073,0.0031761796873196,15,0.0735077918259335,0.0704745666382495,0.0733740967204002,0.0770152831884926,0.0686274509803921,0.0725998378706936,0.0028711199878567,0.0921757770632368,0.0960960960960961,0.0818363273453093,0.0931216931216931,0.0978865406006674,0.0922232868454005,0.0055815663260779,11,0.1337971635001338,0.1286640726329442,0.13421453990849,0.139940103457664,0.1257485029940119,0.1324728764986488,0.0049045038866371,0.7021041714387519,0.7277907154310147,0.6854559568348986,0.7073216512687384,0.7103879905563723,0.7066120971059552,0.0136469657990853,8,0.8193931096741353,0.8144125764553358,0.8371698203249899,0.8309956791301789,0.8178781400320685,0.8239698651233418,0.0086371112242146,0.8923035809727419,0.884152859433458,0.882816675574559,0.890833778727953,0.8969664573032207,0.8894146704023866,0.005265156190268,10,0.8947386003006514,0.8907299148154334,0.8886253549356941,0.8971104058794054,0.8857562800641369,0.8913921111990641,0.0040927721708169,0.8880813953488372,0.8806818181818182,0.8784355179704016,0.8867600422832981,0.8928241046649927,0.8853565756898696,0.0051944729735048,10,0.8930659707310628,0.8890357107462588,0.887483069604572,0.8956426943279046,0.8842494714587738,0.8898953833737144,0.0040377920573796,IRSUITRYYR,Random Forest,v_grid_inicial,gini,6.0,sqrt,5.0,200.0,,,
7.009192371368409,0.09187377136375,0.7973537921905518,0.0312849840209356,,,"{'modelo__criterion': 'gini', 'modelo__max_depth': 6, 'modelo__max_features': 'sqrt', 'modelo__min_samples_leaf': 10, 'modelo__n_estimators': 150}",0.8472900918785473,0.8354099857473721,0.7757851670866102,0.8122963910310249,0.8128663064851759,0.8167295884457462,0.0244700855767693,5,0.8964943389248133,0.8980083832430583,0.9105821044803424,0.9024517903871084,0.9027326749446438,0.9020538583959932,0.0049117053864199,0.0924641790161127,0.0960463041941804,0.0871538075316007,0.0604543817010765,0.0732854618725928,0.0818808268631126,0.0132169986573628,4,0.3226052649789341,0.3247397250174624,0.3291829095260016,0.3179408711150958,0.3294500288816656,0.3247837599038319,0.0043057981781723,0.5357142857142857,0.5595238095238095,0.4880952380952381,0.5119047619047619,0.5476190476190477,0.5285714285714287,0.0256436419387357,6,0.7470238095238095,0.7470238095238095,0.7916666666666666,0.7648809523809523,0.7708333333333334,0.7642857142857143,0.0166666666666666,0.0523255813953488,0.0501600853788687,0.0427974947807933,0.0497109826589595,0.052812858783008,0.0495614005993956,0.0035873080707721,16,0.0734347571679344,0.0691079295154185,0.0724006532389766,0.0737869652598334,0.0675710931385337,0.0712602796641393,0.0024761119840425,0.0953389830508474,0.0920666013712047,0.0786948176583493,0.0906217070600632,0.0963350785340314,0.0906114375348992,0.0063124193369599,12,0.1337240277037826,0.1265120967741935,0.1326683291770573,0.1345902068604346,0.1242504197649316,0.1303490160560799,0.00416347073275,0.7134076506070093,0.7203017230408999,0.6827835891171006,0.7010352243516327,0.7186845739231147,0.7072425522079515,0.0139731316220802,7,0.820613959213216,0.8170395479888966,0.8389099994432381,0.8285570621266712,0.8257226527703545,0.8261686443084753,0.0075158566366867,0.8911010154997328,0.8810796365579904,0.8774719401389631,0.8901656867985035,0.8897501002271816,0.8859136758444743,0.0055558452001725,16,0.8942041089026224,0.8870552864539837,0.8861533322198096,0.8922331718723902,0.8806119722073757,0.8880515743312364,0.0048017295229446,0.8871564482029598,0.8775105708245243,0.8731501057082452,0.8859672304439746,0.8859521606977666,0.8819473031754941,0.0055930165057267,16,0.8925704469624393,0.8855009745300783,0.8851045555151795,0.8908195963133032,0.8793934989429175,0.8866778144527835,0.0046647362885736,IRSUITRYYR,Random Forest,v_grid_inicial,gini,6.0,sqrt,10.0,150.0,,,
9.251270008087156,0.1788869275381143,0.7864893913269043,0.055507414577604,,,"{'modelo__criterion': 'gini', 'modelo__max_depth': 6, 'modelo__max_features': 'sqrt', 'modelo__min_samples_leaf': 10, 'modelo__n_estimators': 200}",0.8463309027512662,0.8355618971265684,0.7755020233641292,0.8132858033646382,0.8141167598938546,0.8169594773000913,0.0242859138832476,4,0.8968449497721254,0.8996113106174489,0.9099779681373136,0.902866677404217,0.9030529017459468,0.9024707615354104,0.0043972719977663,0.0906515998457386,0.1017957819163701,0.0814021520321322,0.0602405611756323,0.0716019919466069,0.081138417383296,0.0144565605187869,5,0.3306420560464502,0.3267210592123781,0.3211541626308045,0.3207271021239827,0.3354247536061321,0.3269338267239495,0.0056181851398868,0.5476190476190477,0.5833333333333334,0.4761904761904761,0.5476190476190477,0.5357142857142857,0.5380952380952382,0.0348303305674471,3,0.7440476190476191,0.75,0.7797619047619048,0.7708333333333334,0.7648809523809523,0.7619047619047619,0.0131761569173682,0.0534883720930232,0.0527448869752422,0.0424178154825026,0.0522727272727272,0.0528169014084507,0.0507481406463892,0.0041831642829524,13,0.0720876585928489,0.0707269155206286,0.0725159147522834,0.0750942302116555,0.0680434207042626,0.0716936279563358,0.0023088550120189,0.097457627118644,0.0967423494570582,0.0778967867575462,0.0954356846473029,0.0961538461538461,0.0927372588268795,0.0074500578504816,9,0.131440588853838,0.1292639138240574,0.1326918207141048,0.1368560105680317,0.12496960855823,0.1310443885036524,0.0039171162886666,0.7194268407523352,0.7328745768751114,0.6777665368659489,0.7180906568934362,0.7139349191500735,0.7124187061073811,0.018454264336001,4,0.8182740183095119,0.8196968431601803,0.8339096812935964,0.8321345554256445,0.8236483863989208,0.8255326969175709,0.0063883430299294,0.8912346338856226,0.8824158204168894,0.8793425975414217,0.8885622661678247,0.8921555525858613,0.886742174119524,0.005025349065082,15,0.8925004175714047,0.8893936863203608,0.8880574578252881,0.8934357775179556,0.8824158204168894,0.8891606319303798,0.0039037117652386,0.8874207188160677,0.8790961945031712,0.8748678646934461,0.8847780126849895,0.8881987577639752,0.8828723096923298,0.0051190031094934,15,0.8908526312312114,0.8878464537015626,0.8868554061643157,0.8920749231938159,0.8811112579281184,0.8877481344438047,0.0038265849404437,IRSUITRYYR,Random Forest,v_grid_inicial,gini,6.0,sqrt,10.0,200.0,,,
14.525724124908448,2.454863560644319,0.8326510429382324,0.0314945773308953,,,"{'modelo__criterion': 'gini', 'modelo__max_depth': 12, 'modelo__max_features': 'sqrt', 'modelo__min_samples_leaf': 5, 'modelo__n_estimators': 150}",0.7588355157669695,0.754290104604108,0.7273405487261715,0.7873208877351047,0.7577318111528989,0.7571037735970505,0.0190275255189064,13,0.9901736003404202,0.9902251008136678,0.9903759236281786,0.9908588648420784,0.9909966659031332,0.9905260311054956,0.0003375127104014,0.0342252834773774,0.039663128949423,0.0349619499872908,0.0411592092637734,0.0459840401653738,0.0391987223686477,0.0043077849193622,16,0.8546126175356599,0.8747312183229042,0.8658556395804982,0.8885228522048692,0.9014172246267662,0.8770279104541396,0.0164894640270973,0.0119047619047619,0.0595238095238095,0.0357142857142857,0.0357142857142857,0.0357142857142857,0.0357142857142857,0.0150584650484208,15,0.8630952380952381,0.875,0.8928571428571429,0.8660714285714286,0.8809523809523809,0.875595238095238,0.0107142857142857,0.03125,0.125,0.0909090909090909,0.09375,0.1071428571428571,0.0896103896103896,0.0315739450054089,7,0.7286432160804021,0.7016706443914081,0.7142857142857143,0.776,0.7493670886075949,0.7339933326730239,0.0263160886883289,0.0172413793103448,0.0806451612903225,0.0512820512820512,0.0517241379310344,0.0535714285714285,0.0508928316770363,0.0201277858052834,15,0.7901907356948229,0.7788079470198676,0.7936507936507936,0.8185654008438819,0.8098495212038304,0.7982128796826393,0.0142222036146404,0.5038812959710876,0.5274235830088315,0.5158528670687944,0.5159196762617394,0.516186689830282,0.5158528224281469,0.0074473603781053,15,0.929743710579271,0.935412142976449,0.9444242286859624,0.931632674365888,0.938822662950803,0.9360070839116746,0.0052439502394405,0.9958578300374132,0.9953233564938536,0.995991448423303,0.996125066809193,0.9966590939462784,0.995991359142008,0.000430767936779,2,0.9963921830633038,0.995824285952898,0.995991314514782,0.9971939201603476,0.996692944949225,0.9964189297281112,0.0004925171845953,0.984936575052854,0.984936575052854,0.985332980972516,0.9854651162790696,0.9859918065283468,0.985332610777128,0.0003913529029703,2,0.9949126226421328,0.9944831687093256,0.9948465528063164,0.9957384955898384,0.9954082980972516,0.9950778275689728,0.0004427398439052,IRSUITRYYR,Random Forest,v_grid_inicial,gini,12.0,sqrt,5.0,150.0,,,
21.333378887176515,0.1415353602343284,0.900076150894165,0.0436475762125324,,,"{'modelo__criterion': 'gini', 'modelo__max_depth': 12, 'modelo__max_features': 'sqrt', 'modelo__min_samples_leaf': 5, 'modelo__n_estimators': 200}",0.7590184457000331,0.7564582219846784,0.7237058104909521,0.7871188694611999,0.7556986311830627,0.7563999957639853,0.0200993061299567,14,0.9900772606520476,0.9903275052295848,0.9905933590239168,0.9907675956636204,0.9911950056946884,0.9905921452527716,0.0003819333780308,0.0340563604031404,0.0403761051218367,0.035588467798767,0.0419511770641457,0.0481485982478636,0.0400241417271507,0.0050026743709405,15,0.8599895334933896,0.8767453737555835,0.8693210080459332,0.8888518119626775,0.9037072815610956,0.8797230017637359,0.0152647198787481,0.0238095238095238,0.0595238095238095,0.0357142857142857,0.0476190476190476,0.0357142857142857,0.0404761904761904,0.0121405226514113,14,0.8601190476190477,0.8809523809523809,0.8928571428571429,0.875,0.8809523809523809,0.8779761904761905,0.0106479427499989,0.064516129032258,0.1162790697674418,0.088235294117647,0.1290322580645161,0.1304347826086956,0.1056995067181117,0.0255704815459587,4,0.7467700258397932,0.6757990867579908,0.7159904534606205,0.7676240208877284,0.7609254498714653,0.7334218073635197,0.0338486239794817,0.0347826086956521,0.0787401574803149,0.0508474576271186,0.0695652173913043,0.0560747663551401,0.058002041509906,0.0152172337219348,14,0.7994467496542186,0.7648578811369509,0.7947019867549668,0.8178025034770514,0.8165517241379311,0.7986721690322238,0.0192115411930849,0.5099672953093584,0.5272231554299966,0.5157860578758494,0.5220056756000102,0.5165207804356542,0.5183005929301737,0.0058698249964667,14,0.9284226439030598,0.9381043848974364,0.9444409315421508,0.9360134457992316,0.9389228767402203,0.9371808565764198,0.0051897083631614,0.996125066809193,0.994922501336184,0.9958578300374132,0.9963923035809727,0.9973272751570226,0.9961249953841572,0.0007790121420542,1,0.996726240187072,0.995256388842492,0.9960247202271588,0.9970268915984634,0.99689337252806,0.9963855226766491,0.0006618875448824,0.985332980972516,0.9845401691331924,0.985200845665962,0.9858615221987316,0.9866525703713492,0.9855176176683502,0.000706573253653,1,0.9952099369033068,0.9939876449407024,0.9948795877242244,0.995672425754022,0.9956065010570824,0.9950712192758676,0.0006128742752395,IRSUITRYYR,Random Forest,v_grid_inicial,gini,12.0,sqrt,5.0,200.0,,,
16.100255489349365,0.1443142708085788,0.6200792789459229,0.2286195999838795,,,"{'modelo__criterion': 'gini', 'modelo__max_depth': 12, 'modelo__max_features': 'sqrt', 'modelo__min_samples_leaf': 10, 'modelo__n_estimators': 150}",0.7979157122496245,0.8022956911251942,0.7591989895904914,0.808733234073961,0.7913938260056128,0.7919074906089767,0.0173045021344085,10,0.9861856940036746,0.986421224160284,0.9864537350767936,0.9872491588918848,0.9868998307500446,0.9866419285765364,0.0003814497097001,0.0562818348689719,0.0555249961677909,0.0587263682753935,0.0537110991760815,0.0793742669015304,0.0607237130779536,0.0094632577631449,11,0.8111220742949891,0.8119453872289368,0.8221345891529499,0.850270511902721,0.845207136765208,0.8281359398689612,0.0165468236804728,0.0595238095238095,0.1071428571428571,0.0952380952380952,0.0833333333333333,0.1071428571428571,0.0904761904761904,0.0178174161274949,12,0.8511904761904762,0.8601190476190477,0.8988095238095238,0.8779761904761905,0.8809523809523809,0.8738095238095237,0.0166879116296145,0.0657894736842105,0.0978260869565217,0.0941176470588235,0.106060606060606,0.1285714285714285,0.098473048466318,0.0202538275708643,5,0.5521235521235521,0.507908611599297,0.5655430711610487,0.5983772819472617,0.5703275529865125,0.5588560139635345,0.02959461915501,0.0625,0.1022727272727272,0.0946745562130177,0.0933333333333333,0.1168831168831168,0.093932746740439,0.0178056278201004,7,0.6697892271662763,0.6386740331491713,0.6942528735632184,0.7117008443908324,0.6923976608187135,0.6813629278176423,0.0251578913683715,0.5250184520628134,0.5480262655569977,0.5424747397622866,0.5377249242829146,0.549495523185888,0.5405479809701801,0.0088185210625197,12,0.9217201754595274,0.9253827240767696,0.9455296992690512,0.9356809297127904,0.9367515779695096,0.9330130212975296,0.0085265652116502,0.9905130946018172,0.9889096739711384,0.989711384286478,0.992116515232496,0.9918481892289188,0.9906197714641698,0.0012255800884481,6,0.9922498747285786,0.9906464005344914,0.9922498747285786,0.9933856689493904,0.992550774986638,0.9922165187855354,0.0008883845871864,0.9801797040169132,0.979122621564482,0.9797832980972516,0.982029598308668,0.9820272234703316,0.9806284890915292,0.0011918857134655,7,0.9906841531498796,0.9891975818440092,0.9912127118364112,0.9921046546199332,0.9913121035940804,0.9909022410088626,0.0009657746267285,IRSUITRYYR,Random Forest,v_grid_inicial,gini,12.0,sqrt,10.0,150.0,,,
20.974676418304444,0.1137924047465727,0.4317116737365722,0.0369107922014431,,,"{'modelo__criterion': 'gini', 'modelo__max_depth': 12, 'modelo__max_features': 'sqrt', 'modelo__min_samples_leaf': 10, 'modelo__n_estimators': 200}",0.7982386233488585,0.8024531699371358,0.7545477972054669,0.8100630551525794,0.7945183686196648,0.7919642028527412,0.019408587851553,9,0.9862963504259228,0.9866469612732348,0.9867609483245444,0.9874767353074518,0.9870512450370312,0.9868464480736372,0.0003972194370812,0.0536913432127274,0.0548102885047364,0.0593214492053501,0.0545247931638452,0.0772623938215875,0.0599220535816493,0.0088896618515462,12,0.8232049981982933,0.8094681512621178,0.8114089000935025,0.8477515825296823,0.8478845790579361,0.8279436422283064,0.0168949203713749,0.0595238095238095,0.1071428571428571,0.0952380952380952,0.0952380952380952,0.1428571428571428,0.0999999999999999,0.0267261241912424,11,0.8630952380952381,0.8630952380952381,0.8898809523809523,0.8779761904761905,0.8809523809523809,0.875,0.0104802481319398,0.0746268656716417,0.1011235955056179,0.0898876404494382,0.1066666666666666,0.1578947368421052,0.106039901027094,0.0281466204172387,3,0.571992110453649,0.5043478260869565,0.5456204379562044,0.5772994129158513,0.5574387947269304,0.5513397164279182,0.0259945143478046,0.0662251655629139,0.1040462427745664,0.0924855491329479,0.10062893081761,0.15,0.1026771776576076,0.0271224543380499,3,0.6880189798339265,0.6366630076838639,0.6764705882352942,0.6965761511216056,0.6828143021914648,0.6761086058132311,0.0207934125493517,0.5256197347993179,0.5482266931358326,0.5422075029905067,0.5431428316917359,0.5671522116798076,0.54526979485944,0.0133237372947003,11,0.9279230992547344,0.9267873050339228,0.9407814649995624,0.9353802783013992,0.9365511503906748,0.9334846595960586,0.005329645705434,0.9917156600748264,0.989310529128808,0.9891769107429182,0.9910475681453768,0.9914472805024722,0.9905395897188805,0.001080052780945,7,0.9927509604142308,0.9904793719726072,0.9916819776181728,0.9927843661266076,0.9921499198289684,0.9919693191921172,0.0008497516098958,0.9813689217758984,0.9795190274841438,0.979254756871036,0.9811046511627908,0.9820272234703316,0.98065491615284,0.0010812938605828,6,0.9913118165901358,0.9890654421723762,0.9905520134782464,0.9915100260975852,0.9909156976744186,0.9906709992025526,0.0008679241184213,IRSUITRYYR,Random Forest,v_grid_inicial,gini,12.0,sqrt,10.0,200.0,,,
7.3652099609375,0.063813825778874,0.5944931983947754,0.2016399084438482,,,"{'modelo__criterion': 'entropy', 'modelo__max_depth': 6, 'modelo__max_features': 'sqrt', 'modelo__min_samples_leaf': 5, 'modelo__n_estimators': 150}",0.8454265926039042,0.8290790193683031,0.7803401224198926,0.8155875391310987,0.8172826661066672,0.8175431879259731,0.0214407097847812,2,0.897758685485218,0.8992405171522425,0.9102463074757212,0.9046821187970762,0.9013090028568884,0.9026473263534291,0.0044537885589394,0.0918980922508048,0.0843394617128488,0.0820663376089844,0.058180639337675,0.0822032436388418,0.079737554909831,0.0113601027583221,6,0.3551856688855997,0.3369930963859864,0.346527111888436,0.334008364664579,0.3477970870619539,0.344102265777311,0.007678548515925,0.5357142857142857,0.5595238095238095,0.5,0.5238095238095238,0.5476190476190477,0.5333333333333334,0.0204817268262919,5,0.7351190476190477,0.7470238095238095,0.7738095238095238,0.7708333333333334,0.7559523809523809,0.756547619047619,0.0145072114368499,0.0523255813953488,0.0504833512352309,0.0452586206896551,0.0521945432977461,0.0546967895362663,0.0509917772308494,0.0031648183790879,12,0.0739299610894941,0.0700139470013947,0.0707675557974959,0.0767634854771784,0.0673918811355797,0.0717733661002285,0.0032513632147086,0.0953389830508474,0.0926108374384236,0.0830039525691699,0.0949298813376483,0.0994594594594594,0.0930686227711097,0.0054948842847346,8,0.1343486537938537,0.1280285641418005,0.1296758104738154,0.1396226415094339,0.1237515225334957,0.1310854384904798,0.0054525272066464,0.7134076506070093,0.7207025781985696,0.690807055050775,0.7085242167417475,0.7206891175553477,0.7108261236306899,0.011023149891491,5,0.8158808867625889,0.8178245822297519,0.8298812108775362,0.833387269639775,0.8192676121758163,0.8232483123370937,0.0070190537806822,0.8911010154997328,0.8818813468733298,0.88161411010155,0.8932389096739711,0.8937591874916477,0.8883189139280463,0.0054394795280006,12,0.8966427259061299,0.8886253549356941,0.8859528979455487,0.8959412059462168,0.8825828433992517,0.8899490056265684,0.0055261854757275,0.8871564482029598,0.8783033826638478,0.8773784355179705,0.8891384778012685,0.8899167437557817,0.8843786975883656,0.0054213371411623,12,0.8948498562981071,0.8870536156717651,0.8847081365002808,0.894552542036933,0.8811773255813954,0.8884682952176963,0.0054229278294238,IRSUITRYYR,Random Forest,v_grid_inicial,entropy,6.0,sqrt,5.0,150.0,,,
9.492307758331298,0.1387293485408095,0.8555205821990967,0.0545643975172217,,,"{'modelo__criterion': 'entropy', 'modelo__max_depth': 6, 'modelo__max_features': 'sqrt', 'modelo__min_samples_leaf': 5, 'modelo__n_estimators': 200}",0.8445914776920923,0.8277245425160978,0.7788432783589118,0.8162508589753379,0.8158301674271204,0.816648064993912,0.0216034779102308,6,0.8975036686630556,0.8995382356216247,0.9099919866059,0.9046420518265766,0.9024660843927362,0.9028284054219788,0.0043339479474207,0.0965244389654255,0.0875936621551957,0.0776485083875843,0.0590457211370583,0.0918213493429958,0.0825267359976519,0.0132902553007721,3,0.3578099074384761,0.3387263730755676,0.3441817379292629,0.3377740745352771,0.3577165861808,0.3472417358318768,0.0088647655513446,0.5595238095238095,0.5714285714285714,0.4880952380952381,0.5119047619047619,0.5595238095238095,0.5380952380952382,0.0322968094434536,3,0.7380952380952381,0.7410714285714286,0.7738095238095238,0.7708333333333334,0.7529761904761905,0.7553571428571428,0.014749418682576,0.0549065420560747,0.0520043336944745,0.0452039691289966,0.050767414403778,0.0567632850241545,0.0519291088614957,0.0039703164813406,9,0.0740519558077038,0.0704584040747028,0.0723830734966592,0.0768774116948649,0.0689373297002724,0.0725416349548406,0.0027725813972547,0.1,0.0953326713008937,0.0827447023208879,0.0923737916219119,0.1030701754385964,0.094704268136458,0.0070269539172728,4,0.1345997286295793,0.1286821705426356,0.1323828920570264,0.1398110661268556,0.1263105341987019,0.1323572783109598,0.0047044175785697,0.7257132676694409,0.7272562418874551,0.6861908579572931,0.7022377898246417,0.7275769522027707,0.7137950219083203,0.0167854109801423,3,0.8172520620073651,0.8156668317067933,0.8312508450849858,0.8334707839207172,0.8194163421648724,0.8234113729769469,0.0074367247328768,0.8919027258150721,0.8830839123463389,0.884286477819348,0.8925708177445216,0.895630094881732,0.8894948057214025,0.0049219495248627,9,0.8964088859194922,0.890262234842158,0.8886921663604477,0.8961082345081008,0.8858564938535542,0.8914656030967505,0.00416154357122,0.8882135306553911,0.8796247357293869,0.8798890063424947,0.8883456659619451,0.8918990352847892,0.8855943947948013,0.0049470424325727,9,0.8946516467906577,0.8886062568134518,0.8874169997687555,0.8947177166264741,0.8843816067653277,0.8899548453529335,0.0041003713521108,IRSUITRYYR,Random Forest,v_grid_inicial,entropy,6.0,sqrt,5.0,200.0,,,
7.977658081054687,0.1023586158752843,0.2793324470520019,0.0598232006813848,,,"{'modelo__criterion': 'entropy', 'modelo__max_depth': 6, 'modelo__max_features': 'sqrt', 'modelo__min_samples_leaf': 10, 'modelo__n_estimators': 150}",0.84590857321015,0.8322548420757934,0.7751504797536332,0.8179751724313457,0.817292211552535,0.8177162558046914,0.0237413958883153,1,0.8973703440788374,0.8979200967174911,0.9088394398180184,0.9036955069316854,0.9020689077174162,0.9019788590526896,0.0041889024600228,0.1002941901370023,0.1058249500069268,0.0835370002337348,0.0643639157045191,0.0813417886035984,0.0870723689371563,0.014747800403222,1,0.3439776545746148,0.3249027876901957,0.3295090251223385,0.3229387653770096,0.3244156205525398,0.3291487706633397,0.0077333153092983,0.5595238095238095,0.6071428571428571,0.4761904761904761,0.5357142857142857,0.5357142857142857,0.5428571428571428,0.0423247353205504,1,0.7470238095238095,0.7410714285714286,0.7797619047619048,0.7648809523809523,0.7529761904761905,0.7571428571428571,0.0137807582176074,0.0530474040632054,0.0544871794871794,0.0426439232409381,0.0525700934579439,0.0544135429262394,0.0514324286351012,0.0044577752103678,11,0.0718374356038923,0.0693786570075229,0.0727373681288173,0.0742345465049104,0.0668781390430875,0.0710132292576461,0.0025999866645507,0.0969072164948453,0.1,0.0782778864970645,0.0957446808510638,0.0987925356750823,0.0939444639036112,0.0079703657246839,6,0.1310704960835509,0.1268789808917197,0.1330624682579989,0.1353343865192206,0.1228453508133042,0.1298383365131589,0.004467201429903,0.7237089918810924,0.7444452928151485,0.6781005828306736,0.713674887378789,0.7156053721769344,0.7151070254165276,0.0214779138778575,1,0.8193445421428969,0.8147481746164309,0.8340934127116689,0.8289078221066278,0.8175289824641776,0.8229245868083603,0.007339274610898,0.8878941742383752,0.8817477284874399,0.8800106894708712,0.8916354890432924,0.895496458639583,0.8873569079759124,0.0058357007608528,14,0.8916652747619843,0.8884249206614331,0.8884249206614331,0.8929346918323033,0.8820817744521646,0.8887063164738637,0.003759721173876,0.8842494714587738,0.8786997885835095,0.8755285412262156,0.8876849894291755,0.8915025769789877,0.8835330735353324,0.0058085763768053,14,0.8900597932014139,0.8867893363284992,0.8872187902613062,0.891513329589376,0.8806487843551797,0.887246006747155,0.0037379157386829,IRSUITRYYR,Random Forest,v_grid_inicial,entropy,6.0,sqrt,10.0,150.0,,,
8.727128267288208,2.1103720779047936,0.5899712562561035,0.2380535238827209,,,"{'modelo__criterion': 'entropy', 'modelo__max_depth': 6, 'modelo__max_features': 'sqrt', 'modelo__min_samples_leaf': 10, 'modelo__n_estimators': 200}",0.8454170484334835,0.8287044106792905,0.7765709704512485,0.8182312743376345,0.8172794842913779,0.817240637638607,0.0227170989207351,3,0.8975824106993724,0.8983494993120014,0.9091113086290136,0.9043777887804528,0.9020846655404546,0.902301134592259,0.0042099785853159,0.0953623034395721,0.1024443456036897,0.0849351094659732,0.0620394073777212,0.0806792088418604,0.0850920749457633,0.0138383698296905,2,0.3472761798110463,0.3284980275099437,0.3257128451560431,0.3332092346345182,0.3309535378584951,0.3331299649940093,0.0075010269156817,0.5476190476190477,0.5595238095238095,0.4761904761904761,0.5595238095238095,0.5595238095238095,0.5404761904761906,0.0324718611832996,2,0.7470238095238095,0.7380952380952381,0.7797619047619048,0.7678571428571429,0.7529761904761905,0.7571428571428571,0.014892852384758,0.0516273849607182,0.05119825708061,0.0439560439560439,0.0548424737456242,0.0560859188544152,0.0515420157194823,0.0042240384559521,10,0.0716119828815977,0.0699971775331639,0.0748785367247785,0.0748476936466492,0.0673409635347351,0.0717352708641849,0.0028952858617698,0.0943589743589743,0.0938123752495009,0.0804828973843058,0.0998937300743889,0.1019522776572668,0.0941000509448873,0.0074940089662444,5,0.1306951314761781,0.1278680072183552,0.1366362451108213,0.1363996827914353,0.1236257024187637,0.1310449538031107,0.0050039248074492,0.7173557557710417,0.721571097706854,0.6799712402331323,0.7256464584764959,0.7269087709920263,0.7142906646359102,0.0174836669063974,2,0.8191608107248245,0.814011707906814,0.835813806899075,0.8306631630437377,0.8179632422183197,0.8235225461585541,0.008275870233842,0.8870924639230358,0.8836183858898985,0.8837520042757884,0.8917691074291823,0.8942937324602432,0.8881051387956296,0.0042855478033935,13,0.8912978119258393,0.8899281777183898,0.8918657090362452,0.8934691832303324,0.882950293960449,0.8899022351742513,0.0036566690352517,0.8833245243128964,0.8800211416490487,0.8792283298097252,0.8880813953488372,0.8905775075987842,0.8842465797438583,0.0044423823325042,13,0.8896964091044234,0.8882428727164613,0.8906213868058538,0.8920749231938159,0.8815076638477801,0.888428651133667,0.0036781837520392,IRSUITRYYR,Random Forest,v_grid_inicial,entropy,6.0,sqrt,10.0,200.0,,,
16.128940105438232,0.1924270003315639,1.4780181407928468,2.350315601337405,,,"{'modelo__criterion': 'entropy', 'modelo__max_depth': 12, 'modelo__max_features': 'sqrt', 'modelo__min_samples_leaf': 5, 'modelo__n_estimators': 150}",0.7454355004962969,0.7541930722048306,0.7143875187702018,0.7954891069201597,0.7524038614510351,0.7523818119685048,0.0258972492229576,16,0.9895716015652964,0.9891850497506502,0.9895882049997216,0.9906231358419432,0.990745833174264,0.9899427650663752,0.0006237676591869,0.0359501789399764,0.0364648527291341,0.0329572043243238,0.0444378010158058,0.054360564945242,0.0408341203908964,0.0077580977957757,13,0.8599449188972476,0.8640007603185494,0.8607041470438093,0.8948548404435573,0.8866975154662481,0.8732404364338823,0.0146121619874108,0.0119047619047619,0.0714285714285714,0.0476190476190476,0.0357142857142857,0.0476190476190476,0.0428571428571428,0.0193429485824665,13,0.8571428571428571,0.8541666666666666,0.8839285714285714,0.8660714285714286,0.8809523809523809,0.868452380952381,0.0121113035412951,0.0357142857142857,0.1111111111111111,0.1111111111111111,0.1,0.1111111111111111,0.0938095238095238,0.0293646503615166,6,0.7365728900255755,0.6463963963963963,0.6939252336448598,0.7972602739726027,0.7455919395465995,0.7239493467172068,0.0508294308335756,0.0178571428571428,0.0869565217391304,0.0666666666666666,0.0526315789473684,0.0666666666666666,0.058155715375395,0.0229296753629459,13,0.7922971114167813,0.735897435897436,0.7774869109947644,0.8302425106990015,0.8076398362892224,0.7887127610594411,0.0316584274120034,0.5041485327428673,0.5325074444529282,0.5216716296352855,0.5160532946476293,0.5216713439351419,0.5192104490827705,0.0092277022819126,13,0.9268510343840224,0.9244609849117532,0.9397762115536042,0.931799702927772,0.9387892583543304,0.9323354384262964,0.0061545042817687,0.9963923035809727,0.9935863174772848,0.9957242116515232,0.9963923035809727,0.9957236402512362,0.995563755308398,0.0010329137707365,4,0.996559211625188,0.9947553031568398,0.9956238516786372,0.9975279772841156,0.99662613575628,0.996218495900212,0.0009477904522414,0.9854651162790696,0.9833509513742072,0.985200845665962,0.9857293868921776,0.9851988899167438,0.984989038025632,0.0008422582879228,4,0.9950117273958574,0.9931948069109048,0.9943840639556012,0.9960688447689208,0.9953422304439746,0.9948003346950518,0.0009693767563081,IRSUITRYYR,Random Forest,v_grid_inicial,entropy,12.0,sqrt,5.0,150.0,,,
20.971110820770264,0.1187955643950998,0.9291139125823976,0.0519968109851357,,,"{'modelo__criterion': 'entropy', 'modelo__max_depth': 12, 'modelo__max_features': 'sqrt', 'modelo__min_samples_leaf': 5, 'modelo__n_estimators': 200}",0.7528131442315034,0.7598368583136088,0.710164223359039,0.7944472016492327,0.7512934079150838,0.7537109670936936,0.0268325806331324,15,0.9894293290224055,0.9892706518886158,0.9896321494189791,0.990780321649288,0.9906982117406022,0.9899621327439782,0.0006453154186712,0.0347003002605774,0.0380523224319702,0.0327856545663745,0.0435579702467916,0.0534842077696528,0.0405160910550733,0.0074441696224535,14,0.8598476171671137,0.8685270267611522,0.8596058947799534,0.8991191298373127,0.8902771599647605,0.8754753657020584,0.0162632514678683,0.0119047619047619,0.0476190476190476,0.0238095238095238,0.0238095238095238,0.0476190476190476,0.0309523809523809,0.0142857142857142,16,0.8630952380952381,0.8601190476190477,0.8809523809523809,0.875,0.8720238095238095,0.8702380952380953,0.0076691063849554,0.032258064516129,0.0833333333333333,0.0606060606060606,0.0666666666666666,0.1333333333333333,0.0752394916911046,0.0333929286691057,8,0.7304785894206549,0.68,0.6997635933806147,0.7989130434782609,0.7474489795918368,0.7313208411742734,0.0411320329579783,0.017391304347826,0.0606060606060606,0.0341880341880341,0.0350877192982456,0.0701754385964912,0.0434897114073315,0.0192007237730449,16,0.791268758526603,0.759526938239159,0.7799736495388669,0.8352272727272727,0.804945054945055,0.7941883347953912,0.025345197054727,0.5039481051640324,0.5208699193199461,0.5098336769234685,0.5100341045023034,0.5220722526615885,0.5133516117142678,0.0069911684648527,16,0.9297604134354592,0.9277879353679004,0.9383549277402626,0.9362639886420578,0.9343583772365172,0.9333051284844396,0.0039590171394895,0.995991448423303,0.9941207910208444,0.9958578300374132,0.9962586851950828,0.9965254577041294,0.9957508424761544,0.0008466803748292,3,0.9964255887756808,0.995456823116753,0.9957574745281444,0.9975279772841156,0.996692944949225,0.9963721617307836,0.0007290200341702,0.985068710359408,0.983615221987315,0.985068710359408,0.9854651162790696,0.9859918065283468,0.9850419131027094,0.0007897192125343,3,0.9949456575600408,0.993954610022794,0.9944831687093256,0.9961679495226454,0.9953091966173362,0.9949721164864286,0.0007508300836031,IRSUITRYYR,Random Forest,v_grid_inicial,entropy,12.0,sqrt,5.0,200.0,,,
15.327986001968384,0.1974781008952301,0.7413467407226563,0.074981014306582,,,"{'modelo__criterion': 'entropy', 'modelo__max_depth': 12, 'modelo__max_features': 'sqrt', 'modelo__min_samples_leaf': 10, 'modelo__n_estimators': 150}",0.7947231872438981,0.7972404621923596,0.7491569316128375,0.8125509022422437,0.8019240437054147,0.7911191053993507,0.0218511008946091,11,0.9849902467250472,0.985486162479022,0.985966667859728,0.9862596140844846,0.9868654319691532,0.9859136246234868,0.0006424655856268,0.0508868965330979,0.0621488091543257,0.0674841669983969,0.0614237520564351,0.0867030154658066,0.0657293280416125,0.0117866950166986,10,0.7956748953441258,0.804955939827426,0.8077864998959409,0.8434688090146966,0.8259459131249287,0.8155664114414236,0.0170590702543304,0.0833333333333333,0.1071428571428571,0.1071428571428571,0.0952380952380952,0.1428571428571428,0.1071428571428571,0.0199204768222398,10,0.8452380952380952,0.8541666666666666,0.8869047619047619,0.8630952380952381,0.8660714285714286,0.8630952380952381,0.0139595707137602,0.0843373493975903,0.0918367346938775,0.108433734939759,0.1052631578947368,0.1538461538461538,0.1087434261544235,0.0241989959289418,2,0.5201465201465202,0.4807370184254606,0.5255731922398589,0.5708661417322834,0.531021897810219,0.5256689540708683,0.0287082743013158,0.0838323353293413,0.0989010989010989,0.1077844311377245,0.1,0.1481481481481481,0.1077332027032625,0.0216445391843452,2,0.6439909297052154,0.6152197213290461,0.6600221483942414,0.6872037914691943,0.6583710407239819,0.6529615263243358,0.0234800485532302,0.5365891680028505,0.5476254103993281,0.5486275482935024,0.5430760224987911,0.5670185754376587,0.5485873449264261,0.0101485774066527,10,0.9182428992976848,0.9219054479149268,0.9389593126376992,0.927906396398546,0.9287432236390012,0.9271514559775716,0.0070627490532427,0.9898450026723676,0.988107963655799,0.9901122394441476,0.9909139497594868,0.9911800080181744,0.9900318327099952,0.0010806553447669,8,0.991247703357274,0.989644229163187,0.9910138633706363,0.992717554701854,0.991415018706574,0.9912076738599052,0.0009804342128292,0.9797832980972516,0.9783298097251586,0.9803118393234672,0.9809725158562368,0.9817629179331308,0.980232076187049,0.0011591470121688,8,0.989627035776816,0.9881404644709458,0.9898582802021736,0.9912787816722276,0.9900237843551796,0.9897856692954686,0.0010023192308778,IRSUITRYYR,Random Forest,v_grid_inicial,entropy,12.0,sqrt,10.0,150.0,,,
16.18763461112976,0.339781933750475,0.499556827545166,0.1035123973203189,,,"{'modelo__criterion': 'entropy', 'modelo__max_depth': 12, 'modelo__max_features': 'sqrt', 'modelo__min_samples_leaf': 10, 'modelo__n_estimators': 200}",0.7970869601180932,0.7957070321447659,0.7455365096332495,0.814957623883332,0.8011779080200836,0.7908932067599049,0.0236796820976911,12,0.9849303948237051,0.9857547503718376,0.9862042858733604,0.9866791739244554,0.9870978722862742,0.9861332954559268,0.0007514915455413,0.0557127288231438,0.0640008775936104,0.0739358280670858,0.0609241043156855,0.0864646884494008,0.0682076454497852,0.0108903765218797,9,0.799612538401997,0.8114013646388177,0.7990608522662229,0.8460295299671156,0.8333392918354733,0.8178887154219254,0.0187681568217786,0.0714285714285714,0.1071428571428571,0.119047619047619,0.1071428571428571,0.1547619047619047,0.1119047619047619,0.0267261241912424,9,0.8482142857142857,0.8541666666666666,0.8898809523809523,0.875,0.8690476190476191,0.8672619047619048,0.014892852384758,0.08,0.0967741935483871,0.1234567901234567,0.1267605633802817,0.1756756756756756,0.1205334445455602,0.0325436652730798,1,0.5317164179104478,0.4823529411764706,0.5292035398230088,0.5868263473053892,0.5427509293680297,0.5345700351166691,0.0333503118329438,0.0754716981132075,0.1016949152542373,0.1212121212121212,0.1161290322580645,0.1645569620253164,0.1158129457725894,0.0290928347706852,1,0.6536697247706422,0.6165413533834586,0.6637069922308546,0.7025089605734767,0.6681922196796338,0.6609238501276132,0.0276127682011267,0.5311044514010842,0.5479594563640529,0.5547803568247182,0.5494292586088417,0.5733050469954118,0.5513157140388218,0.0135562002831914,9,0.9199147259538524,0.9219388536273035,0.9404975164443596,0.9340425087689996,0.9304150441576952,0.929361729790442,0.0076337393121034,0.990780331373597,0.9887760555852484,0.9905130946018172,0.9917156600748264,0.9918481892289188,0.9907266661728816,0.0011035667027985,5,0.991615166193419,0.9897110405879406,0.9911140805077668,0.993085017537999,0.9917824692677712,0.9914615548189794,0.0010906192926836,0.9805761099365752,0.9789904862579282,0.9808403805496828,0.981897463002114,0.9825558345447336,0.9809720548582068,0.0012219216791895,5,0.9900234547917148,0.9882065343067622,0.9899904198738066,0.991774305440851,0.9904201902748414,0.9900829809375952,0.0011408287849959,IRSUITRYYR,Random Forest,v_grid_inicial,entropy,12.0,sqrt,10.0,200.0,,,
0.7151747226715088,0.1748127726360249,0.1714515686035156,0.0211398349066328,,,"{'modelo__colsample_bytree': 0.8, 'modelo__learning_rate': 0.03, 'modelo__max_depth': 3, 'modelo__n_estimators': 150, 'modelo__subsample': 0.8}",0.853212249624596,0.842304058181263,0.7864181682828129,0.8123393397979182,0.8444458232310699,0.827743927823532,0.0248383004871799,1,0.8906414791572216,0.8913851042337764,0.9008514976894384,0.8983851420140463,0.8909452268013031,0.8944416899791572,0.0043045562442221,0.108247382667805,0.1012380938809829,0.0818573666546822,0.0757097319642533,0.111639423626021,0.0957383997587489,0.0143763309821609,3,0.1884438199419136,0.1907531853272415,0.2004401978244374,0.1996052498810372,0.2106954345537808,0.1979875775056821,0.0079188582475548,0.6904761904761905,0.7142857142857143,0.5952380952380952,0.6428571428571429,0.7261904761904762,0.6738095238095239,0.0485620906056455,1,0.7916666666666666,0.7857142857142857,0.8392857142857143,0.8244047619047619,0.8095238095238095,0.8101190476190476,0.019956017397905,0.0429629629629629,0.0433212996389891,0.0374251497005988,0.0411585365853658,0.0461073318216175,0.0421950561419068,0.0028632284765461,23,0.0509090909090909,0.0490159673226884,0.0521835677276091,0.0527820121951219,0.0484330484330484,0.0506647373175117,0.0017057716829974,0.0808926080892608,0.0816882232811436,0.0704225352112676,0.0773638968481375,0.0867093105899076,0.0794153148039434,0.0053968376546656,21,0.0956662470778637,0.0922754281719678,0.0982578397212543,0.0992120343839541,0.0913978494623656,0.0953618797634811,0.0031158508884591,0.7589206179532209,0.7686206764907995,0.7117024254918429,0.7373826067038254,0.7787707692993007,0.7510794191877977,0.0239755762458347,1,0.813003869495017,0.8073051134601159,0.8340908277458303,0.8291724828398037,0.8155048229874526,0.8198154233056438,0.0101274688635026,0.8273650454302512,0.8229556386958845,0.8281667557455906,0.8319080705505077,0.8313510624081251,0.8283493145660717,0.0032177348278357,23,0.8343410723233673,0.8288959412059462,0.8288959412059462,0.8339402037748455,0.8214858364510956,0.8295117989922401,0.0046498878731227,0.8258456659619451,0.8217494714587738,0.8255813953488372,0.8298097251585623,0.8301836923483547,0.8266339900552946,0.0031072049249271,23,0.8338673978395164,0.8284166363846586,0.8290112649070067,0.8338343629216082,0.821353065539112,0.8292965455183804,0.0045921449676276,IRSUITRYYR,XGBoost,v_grid_inicial,,3.0,,,150.0,0.8,0.03,0.8
1.701782464981079,2.1598788934304523,-1.021563816070557,2.380101418551204,,,"{'modelo__colsample_bytree': 0.8, 'modelo__learning_rate': 0.03, 'modelo__max_depth': 3, 'modelo__n_estimators': 150, 'modelo__subsample': 1.0}",0.8488402242243771,0.8441810783640019,0.7863839683388054,0.806264475325138,0.8483093424460523,0.826795817739675,0.0257125980129273,2,0.8895109045789686,0.8868578845434951,0.8993585804958362,0.8960682669593643,0.888679530220025,0.8920950333595379,0.004781564873804,0.1031673701354244,0.0896876197908122,0.0759424320702711,0.0796031747212526,0.1070864743690311,0.0910974142173583,0.0123702257553802,7,0.1745332054620243,0.1781932555748824,0.1926424924499204,0.1947492499263245,0.2006919708597523,0.1881620348545808,0.0100557123059233,0.6666666666666666,0.7380952380952381,0.5833333333333334,0.6428571428571429,0.7261904761904762,0.6714285714285715,0.0566446535874776,2,0.8095238095238095,0.7767857142857143,0.8392857142857143,0.8214285714285714,0.8154761904761905,0.8125,0.0204471000444257,0.0411764705882352,0.044349070100143,0.0352771778257739,0.0416345412490362,0.04607250755287,0.0417019534632117,0.0036787875228144,24,0.0520873228648027,0.0480751519616872,0.0514410798978475,0.0524515393386545,0.0485643388869195,0.0505238865899823,0.0018350776631669,0.077562326869806,0.0836707152496626,0.0665308893414799,0.0782041998551774,0.0866477272727272,0.0785231717177706,0.006889780981163,22,0.0978769341489744,0.0905464006938421,0.0969405293915434,0.0986066452304394,0.0916694546671127,0.0951279928263824,0.0033435149890924,0.7462141457331195,0.7797905372731668,0.7021423481204347,0.7383847445979996,0.7787039511782261,0.7490471453805894,0.0287974129346602,3,0.822082766629284,0.8020724963611634,0.8327880049631344,0.8274338447588823,0.8180801583059734,0.8204914542036874,0.0104595083856497,0.8257616247995724,0.8214858364510956,0.8209513629075361,0.8339123463388562,0.8312174261659762,0.8266657193326072,0.0051678637948039,24,0.8346417237347586,0.8273592784366126,0.8262902956405546,0.8334391180891932,0.8206841261357563,0.828482908407375,0.0050869661021771,0.8239957716701902,0.8205602536997886,0.8183139534883721,0.8317917547568711,0.8300515395797542,0.8249426546389952,0.0052355053634858,24,0.8343629216081399,0.8267979254071554,0.8264345413101648,0.8333058042350765,0.8206263213530656,0.8283055027827204,0.0050286867320531,IRSUITRYYR,XGBoost,v_grid_inicial,,3.0,,,150.0,0.8,0.03,1.0
0.6890178203582764,0.0187997504361141,0.1699570178985595,0.0096568499378801,,,"{'modelo__colsample_bytree': 0.8, 'modelo__learning_rate': 0.03, 'modelo__max_depth': 3, 'modelo__n_estimators': 200, 'modelo__subsample': 0.8}",0.8515133872897103,0.8368249090122419,0.7864324845384438,0.8134233984882033,0.8448236637966693,0.8266035686250538,0.0238511199519409,3,0.9012216449131848,0.9023790136565736,0.910635444256206,0.9079821756663248,0.9025733568915272,0.9049583270767632,0.0036790502540018,0.1132903715788598,0.1101851310773237,0.0903674806952563,0.0776245862997785,0.1100347652148637,0.1003004669732164,0.0139575108746955,1,0.2112059351478329,0.2035376020458023,0.2209456891500365,0.2224064189246697,0.2391686793274976,0.2194528649191678,0.0120081038154493,0.6666666666666666,0.7023809523809523,0.5952380952380952,0.6309523809523809,0.7023809523809523,0.6595238095238095,0.0416496563917521,4,0.8214285714285714,0.8005952380952381,0.8511904761904762,0.8363095238095238,0.8273809523809523,0.8273809523809523,0.0167303206220895,0.0434108527131782,0.0445619335347432,0.0394321766561514,0.0427419354838709,0.0469371519490851,0.0434168100674058,0.0024509960968964,21,0.0555779299234796,0.0522533022533022,0.0552657004830917,0.056278790306429,0.0525122780506233,0.0543776002033852,0.0016634966706296,0.081513828238719,0.0838068181818181,0.0739644970414201,0.080060422960725,0.0879940343027591,0.0814679201450883,0.0046118353000705,18,0.1041116559788759,0.0981035740335521,0.1037924151696606,0.1054606868080315,0.0987566607460035,0.1020449985472247,0.0030112939670213,0.750890789239266,0.7666768471151154,0.7162454506120994,0.7361736784505357,0.7711423671433026,0.7482258265120638,0.0202025183466559,5,0.8323778901906511,0.8188043837043754,0.8439349741901103,0.8394509035449824,0.8299117482375098,0.8328959799735258,0.0086321904269023,0.8351149118118654,0.8309727418492785,0.8372528059861037,0.8413949759486905,0.8399037819056528,0.8369278435003183,0.003678778039024,21,0.843327208952731,0.8370135293135126,0.8366794721897445,0.842592283280441,0.8324425440940674,0.8384110075660992,0.0040552637180894,0.8332452431289641,0.8295454545454546,0.8345665961945031,0.8390591966173362,0.8383771640015858,0.8349587308975688,0.0034897815068709,21,0.8430841399359122,0.8366092960258994,0.836840540451257,0.8425225463314724,0.8323863636363636,0.8382885772761808,0.0040168852908317,IRSUITRYYR,XGBoost,v_grid_inicial,,3.0,,,200.0,0.8,0.03,0.8
0.5857190132141114,0.2124072863113501,0.1710756778717041,0.0147349855938116,,,"{'modelo__colsample_bytree': 0.8, 'modelo__learning_rate': 0.03, 'modelo__max_depth': 3, 'modelo__n_estimators': 200, 'modelo__subsample': 1.0}",0.8477959329108448,0.839430467537095,0.7861771779796901,0.8064529726909471,0.8503099088091739,0.8260332919855502,0.0253548800215263,4,0.895553908468348,0.8968675185123323,0.9061535608898648,0.9031953657527818,0.8974006650696088,0.8998342037385869,0.0041055071349734,0.1112088072141271,0.0874074303658635,0.0719168988631505,0.0796507350351925,0.1053232784136382,0.0911014299783943,0.0149624722164922,6,0.1946150492508795,0.20683306617008,0.2132900023292233,0.2145811545803677,0.2241156877529275,0.2106869920166956,0.0097512063113709,0.6547619047619048,0.7261904761904762,0.5952380952380952,0.6309523809523809,0.7380952380952381,0.6690476190476191,0.0550200952775778,3,0.8184523809523809,0.7916666666666666,0.8601190476190477,0.8363095238095238,0.8154761904761905,0.8244047619047619,0.0228217732293819,0.0413533834586466,0.045692883895131,0.0369276218611521,0.0426387771520514,0.048780487804878,0.0430786308343718,0.0040087492596999,22,0.0544015825914935,0.051430781129157,0.054579792256846,0.0558093346573982,0.050919903363687,0.0534282787997163,0.0019091712747894,0.0777934936350777,0.0859760394644115,0.0695410292072322,0.0798794272795779,0.0915129151291512,0.0809405809430901,0.0074580168686058,19,0.1020218883324058,0.0965867828612926,0.1026460664180429,0.1046360081921429,0.0958544691271646,0.1003490429862098,0.0034873656045076,0.7421992313761421,0.7779803262833728,0.7104998600188338,0.735973250871701,0.7882645106686267,0.7509834358437353,0.0284959591735483,2,0.8293865378955991,0.8138891208730026,0.8464450257303523,0.8387493835850692,0.8224394581456314,0.8301819052459308,0.0115232260407236,0.8296365579903795,0.8297701763762694,0.8257616247995724,0.8409941207910209,0.8384337832420152,0.8329192526398514,0.0057885740074121,22,0.8403206948388174,0.8361115750793385,0.8327710038416569,0.8411892433606146,0.8294027258150721,0.8359590485870999,0.0044620882401587,0.8276955602536998,0.8286205073995772,0.8232029598308668,0.8386627906976745,0.8373199418527818,0.83110035200692,0.0059327028603144,22,0.8400779624062634,0.8356182484886525,0.8330745598097189,0.8411350797793268,0.8292481501057083,0.835830800117934,0.0044078813560455,IRSUITRYYR,XGBoost,v_grid_inicial,,3.0,,,200.0,0.8,0.03,1.0
0.5450461387634278,0.2272286134477781,0.164182710647583,0.0097575125412062,,,"{'modelo__colsample_bytree': 0.8, 'modelo__learning_rate': 0.03, 'modelo__max_depth': 5, 'modelo__n_estimators': 150, 'modelo__subsample': 0.8}",0.8132110406963426,0.8046515105240386,0.7517632854852256,0.8003176618055026,0.8167441438689601,0.797337528476014,0.0235285879876478,9,0.9586535211211592,0.9602135977156856,0.9615253187461724,0.9634229322261724,0.9613168807742232,0.9610264501166826,0.0015727598304277,0.0641790605930103,0.0969347291989164,0.0528459640502068,0.0494457048512754,0.082183154242611,0.069117722587204,0.0180035560440713,9,0.5526681112210958,0.5381135322149958,0.5437102712238218,0.5410389395953494,0.5733848140647274,0.5497831336639981,0.01276622574882,0.4880952380952381,0.5595238095238095,0.4285714285714285,0.4166666666666667,0.5595238095238095,0.4904761904761905,0.0613528510796434,10,0.8898809523809523,0.8898809523809523,0.9136904761904762,0.9107142857142856,0.8958333333333334,0.9,0.0102408634131459,0.0530401034928848,0.0582403965303593,0.04406364749082,0.0485436893203883,0.0625,0.0532775673668905,0.0065885544228044,12,0.1021872863978127,0.0965762273901808,0.092303066746843,0.1029956243688993,0.0933333333333333,0.0974791076474138,0.0044134553517784,0.0956826137689614,0.1054994388327721,0.0799112097669256,0.0869565217391304,0.1124401913875598,0.0960979950990699,0.0118423445317074,5,0.1833231146535867,0.1742424242424242,0.1676679410158383,0.1850619897187783,0.1690536366189272,0.1758698212499109,0.0071613850202181,0.6951432898119162,0.7289869181237434,0.6621077345957089,0.6625022269730981,0.7326551294044279,0.696279059781779,0.0306687668858465,10,0.9010620729835276,0.8982225874314984,0.9064193152624336,0.910844031115035,0.8990791466239088,0.9031254306832808,0.0047977953245978,0.9021913415285944,0.8984500267236771,0.8956440406199893,0.9083377872795296,0.905786449285046,0.9020819290873672,0.0046369887943692,15,0.9122431935861032,0.9065642224820444,0.8991481543343912,0.9109737765157842,0.9023249599144842,0.9062508613665614,0.0049834389234959,0.8975951374207188,0.8946881606765328,0.8904598308668076,0.9028805496828752,0.9019426456984274,0.8975132648690725,0.0046079498443811,15,0.911994978692478,0.906379042648079,0.899309570215718,0.9109708962373227,0.9022529069767442,0.9061814789540684,0.0048873538039321,IRSUITRYYR,XGBoost,v_grid_inicial,,5.0,,,150.0,0.8,0.03,0.8
0.7420873641967773,0.017067420327762,0.0640280246734619,0.1944925427857804,,,"{'modelo__colsample_bytree': 0.8, 'modelo__learning_rate': 0.03, 'modelo__max_depth': 5, 'modelo__n_estimators': 150, 'modelo__subsample': 1.0}",0.8133724962459596,0.7966598584917665,0.7513059606525667,0.785934596981497,0.8117884665559394,0.7918122757855459,0.0226393420216499,10,0.951576829161596,0.955825568493641,0.954640262234842,0.9595271401528708,0.9587263344340944,0.9560592268954088,0.0028740157057656,0.0839617443591351,0.0838000873725805,0.046417001120428,0.052797042909769,0.0745315127966671,0.0683014777117159,0.0157707450949553,10,0.5462346702392386,0.5448021020346124,0.5299681131309919,0.5493546487561792,0.5577654427740395,0.5456249953870123,0.0090275976415108,0.5238095238095238,0.4642857142857143,0.4642857142857143,0.4880952380952381,0.5476190476190477,0.4976190476190476,0.0331628292313907,9,0.8720238095238095,0.8809523809523809,0.9017857142857144,0.8988095238095238,0.8869047619047619,0.8880952380952379,0.0110720685938918,0.0526946107784431,0.0471584038694075,0.0436241610738255,0.0521628498727735,0.0595854922279792,0.0510451035644857,0.005423749466034,16,0.0928096293949952,0.0898603521554341,0.0848977304567105,0.0958121827411167,0.0893553223388305,0.0905470434174174,0.0036509579112977,0.0957562568008705,0.0856201975850713,0.0797546012269938,0.0942528735632183,0.1074766355140186,0.0925721129380345,0.0094628352534941,9,0.1677640996278271,0.1630853994490358,0.1551856594110115,0.1731651376146789,0.1623535821302097,0.1643107756465526,0.0059820577058439,0.7090586902853071,0.6794972131022372,0.6750209971749256,0.6942747703036318,0.7252995679094838,0.6966302477551171,0.0186678598822605,9,0.8881749246383036,0.8904010276233426,0.8963413288315158,0.9018016217677984,0.8927275012089282,0.8938892808139777,0.0047914337629768,0.8943078567610904,0.89470871191876,0.8857562800641369,0.9004543025120256,0.9029800881999198,0.8956414478911865,0.0059562440488577,16,0.9043260397527976,0.8998496742943043,0.8908969433773175,0.9047937197260733,0.8985502405130946,0.8996833235327175,0.0050236040666777,0.8901955602536998,0.889931289640592,0.88107822410148,0.895877378435518,0.8990352847892163,0.8912235474441014,0.0061373554054891,16,0.9039674936407784,0.8996399193948003,0.8910178058207525,0.9047272967526676,0.8984209830866807,0.8995546997391358,0.0049071303935042,IRSUITRYYR,XGBoost,v_grid_inicial,,5.0,,,150.0,0.8,0.03,1.0
0.7876423358917236,0.2137423521393019,0.1743360519409179,0.0166636296699816,,,"{'modelo__colsample_bytree': 0.8, 'modelo__learning_rate': 0.03, 'modelo__max_depth': 5, 'modelo__n_estimators': 200, 'modelo__subsample': 0.8}",0.7990641940902496,0.7923952050087807,0.740753289557405,0.7912785370695579,0.806074721750253,0.7859131894952492,0.0231933453681618,11,0.9689667394433972,0.9703028685167068,0.9712000505062556,0.97276663922626,0.9706462079420224,0.9707765011269284,0.0012374639587329,0.0668268428505113,0.0865444234666077,0.0526588284407458,0.0494624396285049,0.0720902458402579,0.0655165560453255,0.0134919032786131,11,0.6294846661387533,0.6016302680550064,0.6238555149507728,0.6320924974541337,0.6314217067939991,0.6236969306785329,0.0114071761412462,0.4285714285714285,0.5119047619047619,0.3928571428571428,0.3809523809523809,0.5119047619047619,0.4452380952380952,0.0566446535874776,13,0.8988095238095238,0.9017857142857144,0.9226190476190476,0.9196428571428572,0.9047619047619048,0.9095238095238096,0.0097080395418452,0.053175775480059,0.059228650137741,0.0464135021097046,0.0494590417310664,0.0645645645645645,0.0545683068046271,0.0065755386377048,10,0.1207516993202719,0.1089144500359453,0.1074523396880415,0.1183908045977011,0.1064053202660133,0.1123829227815946,0.0059699874260277,0.0946123521681997,0.1061728395061728,0.0830188679245283,0.0875512995896032,0.1146666666666666,0.0972044051710341,0.0117174574381416,3,0.2129009517095523,0.1943553559974342,0.1924868053399565,0.2097759674134419,0.1904165361728781,0.1999871233266526,0.0094037879992953,0.6714610216080018,0.7103217021709807,0.6511319386118959,0.6493885368150467,0.7143246915230077,0.6793255781457865,0.0280665517836381,13,0.9126751811464522,0.9094864766517932,0.9182996691243728,0.9213881564819012,0.9097399849838386,0.9143178936776716,0.0047506103771214,0.9143506146445752,0.9087386424371994,0.9094067343666488,0.9178246926777124,0.9167446211412535,0.913413061053478,0.0037240202970551,12,0.9265408384833806,0.917187239017872,0.9139802906296975,0.9231334558209454,0.9147180652057724,0.9191119778315336,0.0049133604998007,0.9089587737843552,0.9043340380549684,0.9036733615221988,0.9118657505285412,0.9122505616492664,0.908216497107866,0.0036291947085858,12,0.9262330283109248,0.9170162862145288,0.9140761785206964,0.9230947111096428,0.9146075581395348,0.9190055524590656,0.0048281650201572,IRSUITRYYR,XGBoost,v_grid_inicial,,5.0,,,200.0,0.8,0.03,0.8
-0.2911138534545898,2.3656200459100813,0.0747077941894531,0.204776934883453,,,"{'modelo__colsample_bytree': 0.8, 'modelo__learning_rate': 0.03, 'modelo__max_depth': 5, 'modelo__n_estimators': 200, 'modelo__subsample': 1.0}",0.8031522804204525,0.7807664286986842,0.7482446679901249,0.7759450319411569,0.7998439319600619,0.781590468202096,0.019710875519668,12,0.9585349109578688,0.9644806306521272,0.960741825542644,0.965944268136518,0.9660677898564556,0.9631538850291228,0.0030063361626464,0.0774479976869487,0.07655526892003,0.0462403844050698,0.0529821201908067,0.0719106018306131,0.0650272746066937,0.0129041248966884,12,0.5872075660672319,0.6006894540579374,0.5689248470112082,0.5929544969663609,0.6110623343605633,0.5921677396926603,0.0141073008969918,0.4880952380952381,0.4642857142857143,0.4285714285714285,0.4523809523809524,0.4761904761904761,0.4619047619047619,0.0204817268262919,11,0.8809523809523809,0.8958333333333334,0.9017857142857144,0.9017857142857144,0.8988095238095238,0.8958333333333334,0.0077609552442888,0.0541611624834874,0.0514511873350923,0.0436363636363636,0.0522696011004126,0.0572246065808297,0.0517485842272371,0.0045160908110479,15,0.1032798325191905,0.1021031207598371,0.0931734317343173,0.1069537592657959,0.1007338225483655,0.1012487933655013,0.0045360399398805,0.0975029726516052,0.0926365795724465,0.0792079207920792,0.093711467324291,0.1021711366538952,0.0930460153988634,0.0076842128052146,8,0.1848844472204872,0.1833130328867235,0.1688963210702341,0.1912275165667403,0.1811637672465507,0.1818970169981471,0.0073149683845911,0.6962122368990354,0.6841070474154387,0.6615732610521493,0.6801589422514062,0.6940620963071852,0.683222716785043,0.0123700240080946,12,0.8975498500719814,0.9037042063359502,0.9016361342432412,0.9086346309861844,0.904375365859866,0.9031800374994446,0.0036204640779009,0.9043292357028327,0.903928380545163,0.8945750935328701,0.90793693212186,0.9119337164238942,0.904540671665324,0.0057606258164709,14,0.9141473191915818,0.9115750793385669,0.9014865542007684,0.9154835476866544,0.9099412079102084,0.910526741665556,0.0049162050121322,0.8997093023255814,0.8990486257928119,0.8894027484143763,0.9028805496828752,0.9070966036738468,0.8996275659778984,0.0058524725349905,14,0.9137788642595224,0.91140035017013,0.9014898747976612,0.9153315054012092,0.9098176532769556,0.9103636495810956,0.0048261790628142,IRSUITRYYR,XGBoost,v_grid_inicial,,5.0,,,200.0,0.8,0.03,1.0
1.0568032264709473,0.0369503798341519,0.1709487915039062,0.018071569035515,,,"{'modelo__colsample_bytree': 0.8, 'modelo__learning_rate': 0.03, 'modelo__max_depth': 7, 'modelo__n_estimators': 150, 'modelo__subsample': 0.8}",0.7481667239316893,0.7480004962968618,0.721951273828612,0.7470842559364741,0.7627972610933988,0.7456000022174073,0.0131875813441397,17,0.9905845104870076,0.9923833484454412,0.9912162363692762,0.9908201400653798,0.9917934052963784,0.9913595281326966,0.0006555275423215,0.0384503166686377,0.0704577004446988,0.0525076742414377,0.0399472251866731,0.0549455976025625,0.051261702828802,0.0116254795134983,17,0.8710921698119615,0.8697509546339236,0.8637430160107196,0.8676936887649319,0.8736895814959579,0.869193882143499,0.0033492584334476,0.1904761904761904,0.2738095238095238,0.1904761904761904,0.1785714285714285,0.238095238095238,0.2142857142857142,0.0361089306859597,18,0.9315476190476192,0.949404761904762,0.9434523809523808,0.9523809523809524,0.9375,0.9428571428571428,0.0076227669493247,0.054054054054054,0.067251461988304,0.0481927710843373,0.0451807228915662,0.0643086816720257,0.0557975383380574,0.0086858611604573,6,0.2530315278900565,0.2328467153284671,0.2399697199091597,0.2297200287150035,0.2373775433308214,0.2385891070347016,0.0080447885171661,0.0842105263157894,0.107981220657277,0.0769230769230769,0.0721153846153846,0.1012658227848101,0.0884992062592676,0.0138806667004065,11,0.3979656706929434,0.3739742086752637,0.3826191913095956,0.3701561596298438,0.3788334335538184,0.380709732772293,0.0096091530856673,0.5765315212135094,0.6155926293553231,0.5741263902674913,0.5681072001221654,0.5996035458149583,0.5867922573546894,0.017935600343447,18,0.9503403704057204,0.957147679098364,0.9549565228630286,0.958268311500314,0.951847274184928,0.9545120316104708,0.0030251458843859,0.9625868519508284,0.9573757349011224,0.957776590058792,0.9576429716729022,0.9611118535346788,0.9592988004236648,0.0021380139699921,7,0.9691331217638216,0.964890596291966,0.9664606647736764,0.964155670619676,0.9661945483698556,0.9661669203637993,0.0017064306900735,0.9540169133192388,0.9497885835095138,0.949260042283298,0.9489957716701902,0.9530857671468216,0.9510294155858124,0.0020956993176723,7,0.9687159327409072,0.9647187076740116,0.9662052789798816,0.9640249743979388,0.9658760570824524,0.9659081901750384,0.0016083583489484,IRSUITRYYR,XGBoost,v_grid_inicial,,7.0,,,150.0,0.8,0.03,0.8
0.9304864883422852,0.1993045125329981,0.0662660121917724,0.2015976323520813,,,"{'modelo__colsample_bytree': 0.8, 'modelo__learning_rate': 0.03, 'modelo__max_depth': 7, 'modelo__n_estimators': 150, 'modelo__subsample': 1.0}",0.7131141673665725,0.7467907726960372,0.689941716932631,0.733545054847166,0.7565577213111623,0.7279898866307138,0.0239558119465128,18,0.9880305642383896,0.9917283578706244,0.9900785034240854,0.9903904392055805,0.991546946978952,0.9903549623435264,0.0013257116834355,0.0468343193849127,0.0573396341952053,0.0356078805337202,0.0349403237992274,0.0601759593093051,0.0469796234444742,0.0105428220990277,18,0.8718300141350485,0.8757688956647545,0.8712927693691738,0.8775600500859587,0.8909057210552987,0.8774714900620468,0.007118821152059,0.238095238095238,0.2976190476190476,0.2023809523809523,0.1785714285714285,0.2738095238095238,0.2380952380952381,0.0439025926537756,17,0.925595238095238,0.9404761904761904,0.9345238095238096,0.9464285714285714,0.9345238095238096,0.9363095238095236,0.0069416093986253,0.0597014925373134,0.0700280112044818,0.0476190476190476,0.0421348314606741,0.0709876543209876,0.0580942074285009,0.0116247207714425,4,0.2324364723467862,0.2242725337118523,0.2267148014440433,0.2317784256559766,0.2366239638281838,0.2303652393973685,0.0043796231037511,0.0954653937947494,0.1133786848072562,0.0770975056689342,0.0681818181818181,0.1127450980392156,0.0933737000983947,0.0183268713833383,7,0.3715651135005974,0.3621776504297994,0.3649041255084253,0.3723653395784543,0.3776307877330126,0.3697286033500578,0.0055328499336553,0.5980027232699601,0.6266288717518007,0.5784753505891934,0.5665037794914866,0.6167925074613569,0.5972806465127596,0.0225539669930599,17,0.9456437857421238,0.9519818734241652,0.9493731457841196,0.9556094752917036,0.9503424766485964,0.9505901513781416,0.0032600454351237,0.957910208444682,0.9556386958845536,0.9545697487974344,0.9544361304115446,0.95977549111319,0.9564660549302808,0.0020707023307896,8,0.9656923333890096,0.9634875563721396,0.9642224820444296,0.9647903791548356,0.9661611437733832,0.9648707789467597,0.0009674761783546,0.9499207188160677,0.9483350951374208,0.9462209302325582,0.9458245243128964,0.9521606977666182,0.948492393253112,0.0023578966707942,8,0.9652472663605433,0.9632321363681412,0.9638928347263056,0.9645865680023784,0.9658099894291756,0.9645537589773088,0.0009212655488566,IRSUITRYYR,XGBoost,v_grid_inicial,,7.0,,,150.0,0.8,0.03,1.0
1.260919952392578,0.0365646808919508,0.0752889156341552,0.2001440794688514,,,"{'modelo__colsample_bytree': 0.8, 'modelo__learning_rate': 0.03, 'modelo__max_depth': 7, 'modelo__n_estimators': 200, 'modelo__subsample': 0.8}",0.7269866190730702,0.7307191850551017,0.7079961059784684,0.7311232216029115,0.7423986432739607,0.7278447549967024,0.0111850938355298,19,0.9941158720879366,0.9955853257454644,0.9946800905931106,0.9946248618037494,0.9947977311916214,0.9947607762843764,0.0004737365994631,0.0323695905262182,0.0531373197647647,0.0491389732569034,0.0381233938731617,0.051751142645104,0.0449040840132304,0.0081938264017052,19,0.909420883050616,0.9145426080433212,0.9056147486679972,0.9170240571174532,0.9139632890139128,0.91211311717866,0.0040723411120496,0.1071428571428571,0.2261904761904762,0.1428571428571428,0.1547619047619047,0.1785714285714285,0.1619047619047619,0.0395553517281813,20,0.9523809523809524,0.9642857142857144,0.9583333333333334,0.9583333333333334,0.9553571428571428,0.9577380952380952,0.0039483628456612,0.0414746543778801,0.0693430656934306,0.0483870967741935,0.0485074626865671,0.0607287449392712,0.0536882048942685,0.0099875575002718,11,0.3261977573904179,0.2837127845884413,0.3096153846153846,0.3123181377303589,0.2936870997255261,0.3051062328100257,0.0148679027365672,0.0598006644518272,0.106145251396648,0.072289156626506,0.0738636363636363,0.0906344410876132,0.0805466299852462,0.0161263554898923,20,0.4859529233105543,0.4384303112313937,0.4680232558139535,0.4711046086320409,0.4492652204338698,0.4625552638843624,0.0167873720004338,0.5396751164388791,0.596058893894276,0.5556616018935634,0.5603446081799903,0.5737839101964453,0.5651048261206307,0.0189313766286222,20,0.9651498882499384,0.9684799207807392,0.9671740159233896,0.9673243416290852,0.9647843971901964,0.9665825127546696,0.0013989979163439,0.9722073757349012,0.965927311598076,0.968466060929984,0.965927311598076,0.968996391821462,0.9683048903364998,0.0023254807616256,5,0.9779188241189244,0.9726741272757642,0.9760146985134458,0.9763153499248372,0.9742116515232496,0.9754269302712444,0.0018110285863446,0.9626057082452432,0.9577167019027484,0.9593023255813954,0.9569238900634248,0.9602220166512488,0.9593541284888122,0.0019957910183745,4,0.977635360576129,0.97258101813617,0.9758184400911764,0.9761157543523504,0.974002378435518,0.9752305903182688,0.00175731271508,IRSUITRYYR,XGBoost,v_grid_inicial,,7.0,,,200.0,0.8,0.03,0.8
1.0507561683654785,0.2425439666928747,0.1781275749206542,0.0111916484454295,,,"{'modelo__colsample_bytree': 0.8, 'modelo__learning_rate': 0.03, 'modelo__max_depth': 7, 'modelo__n_estimators': 200, 'modelo__subsample': 1.0}",0.6962512089282533,0.7341033888167774,0.6678398042808786,0.7229017141330075,0.7414806895630094,0.7125153611443853,0.0271047506757059,21,0.9909503825749442,0.9945824087109372,0.9933568366381128,0.9928612688603085,0.9938711016040568,0.993124399677672,0.00122743384657,0.0385231848018747,0.0507815470587556,0.0309086206379374,0.0354938566980384,0.0523010513443266,0.0416016521081865,0.0084837569869697,21,0.893139111158301,0.9082888727266456,0.9006831047430068,0.9025495157852872,0.9091117320628804,0.9027544672952242,0.0057936530857387,0.2023809523809523,0.2857142857142857,0.1547619047619047,0.1547619047619047,0.2142857142857142,0.2023809523809523,0.0482106112650394,19,0.9315476190476192,0.9553571428571428,0.9464285714285714,0.9553571428571428,0.9434523809523808,0.9464285714285714,0.0088288077227329,0.0639097744360902,0.08,0.0471014492753623,0.0419354838709677,0.0649819494584837,0.0595857314081808,0.0136524533911621,3,0.2726480836236933,0.2743589743589744,0.2814159292035398,0.2736572890025575,0.2785588752196836,0.2761278302816897,0.0033231019240726,0.0971428571428571,0.125,0.0722222222222222,0.065989847715736,0.0997229916897507,0.0920155837541132,0.0211791448441271,10,0.421832884097035,0.4262948207171315,0.4338335607094133,0.4254473161033797,0.4301221166892808,0.4275061396632481,0.0041175592201119,0.5845549871471838,0.6244178056043368,0.5598101346364308,0.5575386220763024,0.5898369637845784,0.5832317026497664,0.0242914794554076,19,0.9518269246064888,0.9634978465246128,0.9596515664892982,0.9634477379560475,0.9580136036242396,0.9592875358401376,0.0043000032392757,0.9667290219134153,0.963121325494388,0.9648583645109567,0.9603153393907,0.9653882132834424,0.9640824529185804,0.0022102618230211,6,0.9721062301653582,0.9716385501920828,0.972874561550025,0.9715383330549524,0.9725748262960984,0.9721465002517032,0.000518273814995,0.958245243128964,0.955602536997886,0.9558668076109936,0.9513742071881608,0.9570503502048368,0.9556278290261682,0.0023248859017487,6,0.9716560404347396,0.97145783092729,0.97258101813617,0.9713587261735654,0.9722515856236786,0.9718610402590888,0.0004749349342882,IRSUITRYYR,XGBoost,v_grid_inicial,,7.0,,,200.0,0.8,0.03,1.0
0.545384407043457,0.193932433423797,0.170314598083496,0.0152693841914055,,,"{'modelo__colsample_bytree': 0.8, 'modelo__learning_rate': 0.05, 'modelo__max_depth': 3, 'modelo__n_estimators': 150, 'modelo__subsample': 0.8}",0.8489118055025324,0.8303372591687663,0.7850096077982236,0.8209784047237281,0.8436479830472882,0.8257770120481076,0.0226291582166061,5,0.9108058034471512,0.910941315310156,0.9190865923787254,0.9158467850978708,0.9095357795042124,0.9132432551476232,0.0036306592143068,0.0988842537767256,0.101590541315627,0.0719462427903643,0.0894141545144277,0.0963582911626878,0.0916386967119665,0.0106447471498051,5,0.227696483680659,0.2333181708266777,0.2490929993921305,0.2434835137757208,0.2427819245147908,0.2392746184379957,0.0076934917046317,0.6666666666666666,0.6547619047619048,0.5952380952380952,0.6428571428571429,0.7023809523809523,0.6523809523809524,0.0348303305674471,6,0.8363095238095238,0.8303571428571429,0.8660714285714286,0.8511904761904762,0.8363095238095238,0.8440476190476192,0.0129865620412329,0.0452708164915117,0.0425038639876352,0.0407166123778501,0.0470383275261324,0.0494137353433835,0.0449886711453026,0.0031076242744696,18,0.058786610878661,0.0552147239263803,0.0590982940698619,0.0611764705882353,0.0554897314375987,0.0579531661801474,0.0022787371925912,0.084784254352763,0.0798258345428156,0.0762195121951219,0.0876623376623376,0.0923317683881064,0.0841647414282289,0.005679262021967,14,0.1098514464425332,0.103544256819447,0.1106463878326996,0.1141488724805428,0.104074074074074,0.1084530075298593,0.0040615346318592,0.7544316764653483,0.7446043623221603,0.7189178183298974,0.748339314346797,0.775351908770992,0.748329016047039,0.0181459135781778,4,0.8430086119131133,0.8354391359851105,0.855651381564819,0.8522864022843144,0.8382676694408389,0.8449306402376392,0.0078386166583992,0.8421966862640299,0.8344468198824159,0.8425975414216996,0.8538214858364511,0.8483228651610317,0.8442770797131256,0.0064999532652494,19,0.8497077000167028,0.8405211291130783,0.8452313345582094,0.8533823283781526,0.8402258150721539,0.8458136614276593,0.0051385267483385,0.8402484143763214,0.8324524312896406,0.8398520084566596,0.8514799154334038,0.8467027884234175,0.8421471115958887,0.0064917608492313,19,0.8495589838459251,0.8404083115853457,0.8454626540253047,0.8533579994053715,0.8401823467230444,0.8457940591169983,0.0051380010257398,IRSUITRYYR,XGBoost,v_grid_inicial,,3.0,,,150.0,0.8,0.05,0.8
0.5345903396606445,0.201844969893744,0.170106554031372,0.0108725820051668,,,"{'modelo__colsample_bytree': 0.8, 'modelo__learning_rate': 0.05, 'modelo__max_depth': 3, 'modelo__n_estimators': 150, 'modelo__subsample': 1.0}",0.851606442951312,0.8343163828866662,0.7852585515766969,0.8029653737497138,0.8457511629534883,0.8239795828235754,0.0256320493961632,6,0.900678056423839,0.9037878697495368,0.9112708984545882,0.908224615635464,0.9059072549216106,0.9059737390370076,0.0036318877288723,0.1212790441944577,0.1044311922716862,0.0780580242957326,0.0803659844059975,0.0975462104295669,0.0963360911194882,0.0159892338450785,2,0.2088459245970428,0.2198678921264081,0.2288006382748723,0.2279948537663184,0.2346247695114585,0.2240268156552201,0.0089286889634788,0.6547619047619048,0.7023809523809523,0.5714285714285714,0.6309523809523809,0.7261904761904762,0.6571428571428571,0.0545024911536171,5,0.8214285714285714,0.8065476190476191,0.8482142857142857,0.8422619047619048,0.8214285714285714,0.8279761904761905,0.0152222760149338,0.0423402617397998,0.045630317092034,0.0371517027863777,0.0435855263157894,0.0502471169686985,0.0437909849805399,0.0042729769974284,20,0.0557013118062563,0.0544176706827309,0.0559152442613301,0.0581228178270692,0.054480852743782,0.0557275794642337,0.0013448615848532,0.0795372378886478,0.0856935366739288,0.0697674418604651,0.0815384615384615,0.0939907550077041,0.0821054865938415,0.0079155350459047,16,0.1043281043281043,0.1019563581640331,0.1049144119271121,0.1087415946205571,0.1021843761569789,0.1044249690393571,0.0024493464287136,0.7442703163574356,0.7687479320964088,0.7026036496907688,0.7377770990812145,0.7860539444964141,0.7478905883444484,0.0284877741781587,6,0.8325616216087237,0.8246200597325952,0.8437329988785225,0.8445316539009122,0.8307102771627091,0.8352313222566924,0.0077322793110641,0.8337787279529664,0.8351149118118654,0.8337787279529664,0.8446018172100481,0.845917412802352,0.8386383195460396,0.0054441558755587,20,0.8436946717888759,0.8426925004175714,0.8392517120427593,0.8468014030399198,0.8399919828968466,0.8424864540371946,0.0027131889791555,0.8317917547568711,0.8336416490486258,0.8308668076109936,0.84223044397463,0.8445883441258094,0.836623799903386,0.0056613296439215,20,0.8434475240329028,0.8422913019061148,0.8393511942122824,0.8467510158237257,0.8397859408033826,0.8423253953556816,0.0026885369078108,IRSUITRYYR,XGBoost,v_grid_inicial,,3.0,,,150.0,0.8,0.05,1.0
0.6977972030639649,0.0288152545100073,0.1709246635437011,0.0128057231780535,,,"{'modelo__colsample_bytree': 0.8, 'modelo__learning_rate': 0.05, 'modelo__max_depth': 3, 'modelo__n_estimators': 200, 'modelo__subsample': 0.8}",0.8444841057748593,0.8221714260263164,0.786230466264539,0.8170302995596956,0.8377131020789981,0.8215258799408817,0.0202755986017129,7,0.9215048279208125,0.9236096363549594,0.9297337684029684,0.926737544441528,0.9219753132078594,0.9247122180656256,0.0031084272836789,0.0949435324551411,0.1060231119726599,0.0746446201556394,0.0973401212120074,0.0922893126308658,0.0930481396852627,0.0102920248213115,4,0.2533217223621056,0.2599980301498452,0.2843054711740054,0.2708946477520121,0.2680028989092105,0.2673045540694357,0.0105005953631632,0.6547619047619048,0.6666666666666666,0.5476190476190477,0.6190476190476191,0.6666666666666666,0.6309523809523809,0.0451753951452625,8,0.8511904761904762,0.8422619047619048,0.8839285714285714,0.8690476190476191,0.8511904761904762,0.8595238095238095,0.0149877122762073,0.0461022632020117,0.0454176804541768,0.0403155127081507,0.0479262672811059,0.0488656195462478,0.0457254686383386,0.0029734960321664,17,0.0631764965760989,0.059341581044244,0.0644951140065146,0.0660782982575243,0.0604651162790697,0.0627113212326903,0.0024954127785648,0.086139389193422,0.085041761579347,0.0751020408163265,0.0889649272882805,0.0910569105691057,0.0852610058892963,0.0055015587143558,13,0.117622866543286,0.110871694417238,0.1202185792349726,0.1228180862250262,0.1129095933675483,0.1168881639576142,0.0044457251731751,0.7513520908096002,0.754698913237128,0.7006534575348045,0.740509913211677,0.7605015813621987,0.7415431912310817,0.0214557501571178,7,0.8547584250001988,0.8462019395197531,0.8700083812546231,0.8655911220342488,0.8513702247333995,0.8575860185084446,0.0088839789551643,0.8479422768572956,0.8427311598075895,0.8536878674505612,0.8619722073757349,0.8543364960577309,0.8521340015097824,0.0064813542395903,17,0.8583263738099215,0.8501419742776015,0.8560881910806748,0.8621346250208786,0.8515499732763229,0.8556482274930799,0.0043944032732462,0.8457980972515856,0.840776955602537,0.8502906976744186,0.8592758985200846,0.8522532047046386,0.8496789707506528,0.0062194688793151,17,0.8582471672557894,0.8500545076145486,0.8563972118529285,0.8622113574047768,0.8515459830866807,0.8556912454429447,0.0044384456339704,IRSUITRYYR,XGBoost,v_grid_inicial,,3.0,,,200.0,0.8,0.05,0.8
0.4947268486022949,0.2372497977168715,0.1729701042175292,0.0110255356601479,,,"{'modelo__colsample_bytree': 0.8, 'modelo__learning_rate': 0.05, 'modelo__max_depth': 3, 'modelo__n_estimators': 200, 'modelo__subsample': 1.0}",0.8494367348756713,0.8234893168919091,0.7807393868824921,0.800028950650276,0.8411470762299307,0.818968293106056,0.0255374704483584,8,0.9096904901095232,0.9168939448169446,0.919279719153404,0.918742841633062,0.9152906160125728,0.9159795223451012,0.0034464451051162,0.1186336001294203,0.0997389107079185,0.0747108728695493,0.067694693338302,0.0933175771547225,0.0908191308399825,0.0181860660580803,8,0.2318386317599076,0.2540993789022259,0.2541651708974907,0.2454524340048396,0.2702006476520778,0.2511512526433083,0.0125388074484112,0.6309523809523809,0.6904761904761905,0.5595238095238095,0.5952380952380952,0.6904761904761905,0.6333333333333334,0.0518370025168505,7,0.8392857142857143,0.8273809523809523,0.8660714285714286,0.8571428571428571,0.8363095238095238,0.8452380952380952,0.0142111147456111,0.0429845904298459,0.0485355648535564,0.0383986928104575,0.043859649122807,0.050390964378801,0.0448338923190935,0.0042512184001345,19,0.0597204574332909,0.0596950826712475,0.060136391816491,0.0628409338861008,0.0588358458961474,0.0602457423406555,0.0013648395498621,0.0804859529233105,0.0906958561376075,0.0718654434250764,0.0816993464052287,0.0939271255060728,0.0837347448794592,0.0078475410916329,15,0.1115065243179122,0.1113558982575605,0.112463768115942,0.1170969709290506,0.1099374021909233,0.1124721127622777,0.0024491809341433,0.7366413428011505,0.769276042859688,0.7011274846656995,0.7247970273090529,0.7722058889037373,0.7408095573078657,0.0269981942198549,8,0.8454821756663247,0.8405486689414365,0.8570711243408338,0.8568326612422152,0.8430779313328752,0.8486025123047372,0.0069939206447206,0.8423303046499199,0.8480758952431855,0.8427311598075895,0.8543559593800107,0.8539355873312843,0.848285781282398,0.0051987103078479,18,0.851678637046935,0.8537163855019209,0.8480708201102388,0.8565224653415734,0.8498463388562266,0.851966929371379,0.0029520565272519,0.8399841437632135,0.8463266384778013,0.8395877378435518,0.8514799154334038,0.852121051936038,0.8458998974908016,0.0053825825087791,18,0.8515410789204189,0.853424069241188,0.8482706220475043,0.8565293515245614,0.849696088794926,0.8518922421057198,0.0028952310763929,IRSUITRYYR,XGBoost,v_grid_inicial,,3.0,,,200.0,0.8,0.05,1.0
0.6543824672698975,0.2126462313832106,0.162806224822998,0.0094201990405238,,,"{'modelo__colsample_bytree': 0.8, 'modelo__learning_rate': 0.05, 'modelo__max_depth': 5, 'modelo__n_estimators': 150, 'modelo__subsample': 0.8}",0.7944058435774096,0.7826490163141686,0.735665451375633,0.7786818228092949,0.7949654136678057,0.7772735095488623,0.0217652487456027,13,0.977737429112283,0.9774215164602672,0.9763882260771354,0.9785610887080738,0.978034787705836,0.977628609612719,0.0007249522024556,0.0673168362916385,0.0729186427007808,0.0439720462302264,0.0436284785463547,0.0708762385128887,0.0597424484563778,0.0131400939076049,14,0.678959657441647,0.662264100032527,0.64213489560934,0.6789021824486569,0.6784488020878952,0.6681419275240132,0.0144910496163686,0.4166666666666667,0.4285714285714285,0.369047619047619,0.369047619047619,0.4404761904761904,0.4047619047619047,0.0301169300968416,14,0.9047619047619048,0.9047619047619048,0.925595238095238,0.925595238095238,0.9166666666666666,0.9154761904761906,0.0093359447269988,0.0607638888888888,0.0565149136577708,0.0476923076923076,0.0528109028960817,0.0681399631675874,0.0571843952605273,0.0069643752093454,5,0.1385597082953509,0.1231766612641815,0.1199382954107211,0.1311682834247153,0.1295750946571308,0.1284836086104199,0.0064978869384752,0.106060606060606,0.0998613037447988,0.0844686648501362,0.0923994038748137,0.1180223285486443,0.1001624614157998,0.0114927279026853,1,0.2403162055335968,0.216833095577746,0.2123591669511778,0.2297746582933136,0.2270549207519351,0.2252676094215539,0.009876610016194,0.6721895599501159,0.6741333893257998,0.643168919090886,0.6473778982464178,0.6864281259744309,0.66465957851753,0.0166182326712215,14,0.9208125541848609,0.916235971589237,0.9246817012256716,0.928389735299498,0.9237762782825584,0.922779248116365,0.0040687422171523,0.927712453233565,0.919695350080171,0.9172902191341528,0.9257081774452164,0.9323800614726714,0.9245572522731552,0.0054575476031234,10,0.9368632036078168,0.9277100384165692,0.9237681643561048,0.931184232503758,0.93088588989845,0.93008230575654,0.0043205693989518,0.9220401691331924,0.9142441860465116,0.9112050739957716,0.919529598308668,0.9269195189639224,0.9187877092896132,0.0055748575657122,10,0.9365068877803838,0.9274553202735292,0.9237884443857156,0.9311221961613424,0.930728065539112,0.9299201828280166,0.0042226995250721,IRSUITRYYR,XGBoost,v_grid_inicial,,5.0,,,150.0,0.8,0.05,0.8
0.6547673225402832,0.2017350647194715,0.1678438186645507,0.0146391808742413,,,"{'modelo__colsample_bytree': 0.8, 'modelo__learning_rate': 0.05, 'modelo__max_depth': 5, 'modelo__n_estimators': 150, 'modelo__subsample': 1.0}",0.7842389160367516,0.7616025298414395,0.736582487083556,0.7753715863683796,0.7848297410638718,0.7685250520787996,0.0180437923273875,14,0.9650577739864944,0.9709244533791468,0.9663946984339084,0.9718187024266864,0.9705514621669086,0.9689494180786288,0.0026970943095137,0.0719256025622269,0.0704493546702129,0.0539736685256161,0.0533309145103551,0.0696101836376955,0.0638579447812213,0.0083682653122245,13,0.6391072559666227,0.6334541064613091,0.5978259002580616,0.6459505351653099,0.6515686730215758,0.6335812941745759,0.0188973254458879,0.4880952380952381,0.4642857142857143,0.3809523809523809,0.4404761904761904,0.5,0.4547619047619047,0.042190583682546,12,0.8988095238095238,0.9107142857142856,0.9136904761904762,0.9107142857142856,0.9047619047619048,0.9077380952380952,0.0053239713749994,0.0609212481426448,0.0545454545454545,0.0420499342969776,0.055722891566265,0.0649149922720247,0.0556309041646733,0.0077435319653953,7,0.1155759663222349,0.1109902067464635,0.1043507817811013,0.1174213353798925,0.1103047895500725,0.111728615955953,0.0045653943134625,0.1083223249669749,0.097622027534418,0.0757396449704142,0.0989304812834224,0.1149110807113543,0.0991051118933167,0.0132887978892958,2,0.2048151915903696,0.1978661493695441,0.1873093349603416,0.2080217539089055,0.1966364812419146,0.1989297822142151,0.0071934321624639,0.7018242091064111,0.6869798427120715,0.6417722888193225,0.6783487312616121,0.7095750367499666,0.6837000217298768,0.0236445803207388,11,0.9108044612533506,0.9144184423393544,0.9128332120387824,0.916940573623804,0.9114269171056986,0.913284721272198,0.0022116765832676,0.915553180117584,0.9096739711384286,0.902592196686264,0.9162212720470336,0.9191500734999332,0.9126381386978488,0.0058898021386775,13,0.9227993986971772,0.9181225989644228,0.9119759478870888,0.9231668615333222,0.9180919294494924,0.9188313473063008,0.004064177152373,0.91080866807611,0.90473044397463,0.8968023255813954,0.9109408033826638,0.9144971587154752,0.9075558799460548,0.0062264228598424,13,0.922533117505203,0.918040368669684,0.911994978692478,0.9230286412738264,0.9179439746300212,0.9187082161542424,0.0039848108147445,IRSUITRYYR,XGBoost,v_grid_inicial,,5.0,,,150.0,0.8,0.05,1.0
0.8012856006622314,0.2066019928889915,0.1713562488555908,0.0088162064924253,,,"{'modelo__colsample_bytree': 0.8, 'modelo__learning_rate': 0.05, 'modelo__max_depth': 5, 'modelo__n_estimators': 200, 'modelo__subsample': 0.8}",0.7808380099768395,0.7623787890356571,0.7221827199613143,0.7615054974421624,0.7719449800500181,0.7597699992931983,0.020073427888198,15,0.9848576180931702,0.9847828032164928,0.9844884650870538,0.9862559354792526,0.9850678471214782,0.9850905337994896,0.0006115734351669,0.0651065889087079,0.0762710995806786,0.041740040059977,0.0424723229066187,0.0678400936488093,0.0586860290209583,0.0140307234517773,15,0.7362257912430901,0.7389182092208576,0.7400597849308146,0.7660612792195235,0.7513641091901048,0.7465258347608781,0.0110527747907906,0.3333333333333333,0.4047619047619047,0.2738095238095238,0.3095238095238095,0.3571428571428571,0.3357142857142857,0.044160088073789,16,0.9226190476190476,0.9196428571428572,0.9345238095238096,0.9404761904761904,0.925595238095238,0.9285714285714286,0.0077609552442888,0.0577319587628866,0.0612612612612612,0.0437262357414448,0.0527383367139959,0.0623700623700623,0.0555655709699302,0.0068058554108809,8,0.1671159029649595,0.1461684011352885,0.1516908212560386,0.1657052962768746,0.1526755031909671,0.1566711849648257,0.008267832424288,0.0984182776801406,0.1064162754303599,0.0754098360655737,0.0901213171577123,0.1061946902654867,0.0953120793198546,0.0116140101505422,6,0.2829758101323597,0.2522448979591837,0.2610141313383208,0.2817654926437806,0.2621154656552886,0.2680231595457867,0.0122099495556084,0.6361348654908249,0.6675733628566338,0.6032997378534525,0.6235620116566134,0.6484364559668582,0.6358012867648766,0.0217962112832802,16,0.9355036109984332,0.9296727731513516,0.93793168929506,0.9436638510423376,0.9339694522918736,0.9361482753558112,0.0046208101899168,0.9389363976483164,0.9303848209513628,0.9327899518973812,0.9376002137894174,0.9397300547908592,0.9358882878154674,0.003657011637176,9,0.9483881743778186,0.9397026891598464,0.9413395690663104,0.946851511608485,0.9423436664885088,0.943725122140194,0.0033255861902989,0.9322145877378436,0.9245507399577167,0.925475687103594,0.9306289640591966,0.9332628518567464,0.9292265661430196,0.0035529998427478,9,0.9481021439661722,0.9394800303921244,0.9412639159591688,0.9467807472498432,0.9421577695560254,0.9435569214246669,0.0033132655012972,IRSUITRYYR,XGBoost,v_grid_inicial,,5.0,,,200.0,0.8,0.05,0.8
0.8528503894805908,0.0188801276862194,0.0656009674072265,0.1951885185492733,,,"{'modelo__colsample_bytree': 0.8, 'modelo__learning_rate': 0.05, 'modelo__max_depth': 5, 'modelo__n_estimators': 200, 'modelo__subsample': 1.0}",0.7696792840599629,0.7422517243134561,0.7149577829528391,0.7673855017688529,0.7664531668607575,0.7521454919911736,0.0210960359541289,16,0.9725194270124954,0.977692490475395,0.9747492583136478,0.9769961404471592,0.9762880056819628,0.975649064386132,0.0018440570020763,0.0648652742786428,0.0647322865312994,0.0455412440805823,0.0499494740453395,0.0676590448148772,0.0585494647501482,0.0089919389371183,16,0.6998589891040011,0.6838029806706414,0.6723877410597923,0.6972730404997913,0.6981887649551561,0.6903023032578763,0.0106328776255721,0.4285714285714285,0.4166666666666667,0.3214285714285714,0.3809523809523809,0.4166666666666667,0.3928571428571429,0.0391230398217975,15,0.9017857142857144,0.9136904761904762,0.9166666666666666,0.925595238095238,0.9136904761904762,0.9142857142857144,0.0076227669493248,0.0618556701030927,0.0541795665634674,0.0433386837881219,0.0551724137931034,0.0611888111888111,0.0551470290873193,0.0066615710168675,9,0.1316818774445893,0.1231942215088282,0.1238439887414555,0.1336484744305973,0.1252549979600163,0.1275247120170973,0.0042949962575886,0.1081081081081081,0.0958904109589041,0.0763790664780763,0.0963855421686747,0.1067073170731707,0.0966940889573868,0.011348883718258,4,0.229806598407281,0.2171145685997171,0.2182075805880269,0.233571160345475,0.2203085755292429,0.2238016966939486,0.0066289513084919,0.677807894937772,0.6675129164439694,0.620896006719096,0.6538647527423582,0.6724520023163615,0.6585067146319115,0.0204168138590139,15,0.9175205504784176,0.9203494973235662,0.9219378096987918,0.929124660971788,0.9210355106767452,0.9219936058298618,0.0038596456812878,0.9270443613041156,0.918359166221272,0.9203634420096204,0.9267771245323356,0.9282373379660565,0.92415628640668,0.003996423951203,11,0.9332553866711208,0.927008518456656,0.927208952730917,0.932654083848338,0.9283805451630144,0.9297014973740092,0.002703986871838,0.9215116279069768,0.9127906976744186,0.913715644820296,0.9207188160676532,0.9225584776001056,0.91825905281389,0.0041390867983335,11,0.932906081728387,0.926860691751181,0.9270919361765386,0.9325757325493046,0.9282174947145876,0.9295303873839998,0.0026633229510154,IRSUITRYYR,XGBoost,v_grid_inicial,,5.0,,,200.0,0.8,0.05,1.0
0.9465397834777832,0.2243812718550681,0.1719891548156738,0.0164719643430684,,,"{'modelo__colsample_bytree': 0.8, 'modelo__learning_rate': 0.05, 'modelo__max_depth': 7, 'modelo__n_estimators': 150, 'modelo__subsample': 0.8}",0.7166550545926548,0.7288851136392558,0.6825004453946195,0.7179427222519151,0.749888636464876,0.7191743944686643,0.0218655224440576,20,0.9968820838006156,0.9974512733939408,0.9965373885482036,0.9968215856578142,0.9968196040441832,0.9969023870889516,0.000299430872772,0.0305872126027166,0.0560561786242674,0.0374241881833461,0.0336071014454517,0.0450972946571915,0.0405543951025947,0.0091471420697147,22,0.9406060307052104,0.9376757278086624,0.9318997659385654,0.9426145770565668,0.93928566733409,0.9384163537686192,0.0036384038724854,0.0952380952380952,0.2142857142857142,0.1547619047619047,0.1309523809523809,0.1666666666666666,0.1523809523809523,0.0394117746601115,22,0.9702380952380952,0.9702380952380952,0.9672619047619048,0.9732142857142856,0.9732142857142856,0.9708333333333334,0.0022271770159368,0.0441988950276243,0.0821917808219178,0.0604651162790697,0.0504587155963302,0.0703517587939698,0.0615332533037824,0.0136294319564798,2,0.4059775840597758,0.3606194690265487,0.3461128860489882,0.3833528722157092,0.375430539609644,0.3742986701921332,0.0203389884644641,0.060377358490566,0.1188118811881188,0.0869565217391304,0.0728476821192053,0.0989399293286219,0.0875866745731284,0.0203071011940343,12,0.57243195785777,0.5258064516129032,0.5098039215686274,0.5500420521446594,0.5418392709196355,0.5399847308207191,0.0213040673205438,0.5360610572395714,0.5937142093609223,0.5638854954060726,0.551646687536586,0.5709719809345628,0.5632558860955431,0.0192975448763508,21,0.9771517852171768,0.9754647967421476,0.9733753986812698,0.97782144050204,0.9775210926166298,0.9762669027518528,0.0016599257002714,0.9768840192410476,0.9731427044361304,0.9730090860502404,0.972340994120791,0.9752772952024588,0.9741308198101336,0.0016930828420516,3,0.9840654751962584,0.9806914982462,0.9794888926006348,0.9824285952897944,0.9818278995189738,0.9817004721703724,0.0015523371342333,0.967098308668076,0.9647198731501055,0.9639270613107822,0.9630021141649048,0.966301044006872,0.9650096802601482,0.0015044176634222,3,0.9839119949786924,0.9805754682699612,0.9793531763073569,0.9823263189190976,0.9817322938689218,0.981579850468806,0.0015483031728401,IRSUITRYYR,XGBoost,v_grid_inicial,,7.0,,,150.0,0.8,0.05,0.8
0.915974235534668,0.2062629129346437,0.1733746528625488,0.0157204258704077,,,"{'modelo__colsample_bytree': 0.8, 'modelo__learning_rate': 0.05, 'modelo__max_depth': 7, 'modelo__n_estimators': 150, 'modelo__subsample': 1.0}",0.6845930047593597,0.719694077524115,0.6518708164719657,0.7100091305897025,0.7127298066092668,0.695779367190882,0.0249592165897497,23,0.993573277816221,0.9959156545531191,0.9948056602798128,0.9945204192416904,0.9952202595696216,0.9948070542920928,0.0007751256837351,0.043414611828099,0.0532892621225958,0.0323778052631207,0.0381968274757759,0.0512337267645467,0.0437024466908276,0.0078392525790035,20,0.908795041226867,0.9241914589226234,0.9157928647496204,0.9213972345806184,0.9243264478012112,0.918900609456188,0.0059236227637047,0.1428571428571428,0.1785714285714285,0.119047619047619,0.1071428571428571,0.2261904761904762,0.1547619047619047,0.0432521479156784,21,0.9434523809523808,0.9613095238095238,0.9553571428571428,0.9583333333333334,0.949404761904762,0.9535714285714284,0.0064109104846839,0.0521739130434782,0.0555555555555555,0.0408163265306122,0.0347490347490347,0.0772357723577235,0.0521061204472808,0.0146432952176716,14,0.3129318854886476,0.3035714285714285,0.3068833652007648,0.308133971291866,0.3193193193193193,0.3101679939744052,0.0054740581188077,0.0764331210191082,0.0847457627118644,0.060790273556231,0.0524781341107871,0.1151515151515151,0.0779197613099012,0.0217977229721738,23,0.4699777613046701,0.4614285714285714,0.4645441389290883,0.4663287472845764,0.4779026217228464,0.4680363681339505,0.0056548488646089,0.5568641673665725,0.5722493700847522,0.5438236491817464,0.5368691303351912,0.5979275246113412,0.5615467683159208,0.0218317504247913,22,0.9601010025690584,0.9682779454691516,0.9655690006919756,0.9670905016424476,0.9633448181517396,0.9648766537048744,0.0029018137996726,0.970871191876002,0.965927311598076,0.968599679315874,0.9665954035275254,0.9696645730322064,0.9683316318699366,0.0018489559987423,4,0.9767496241857356,0.975246367128779,0.975780858526808,0.9758476699515616,0.9772848743987173,0.9761818788383204,0.0007330251038934,0.9616807610993656,0.9571881606765328,0.9591701902748414,0.9570560253699788,0.9614113915686534,0.9593013057978744,0.0019818237699634,5,0.9763800336956162,0.9750916718971954,0.9755541607479106,0.9756532655016352,0.976975422832981,0.9759309109350678,0.0006657426247196,IRSUITRYYR,XGBoost,v_grid_inicial,,7.0,,,150.0,0.8,0.05,1.0
1.241582202911377,0.0044643825940965,0.1703163146972656,0.0094615320633383,,,"{'modelo__colsample_bytree': 0.8, 'modelo__learning_rate': 0.05, 'modelo__max_depth': 7, 'modelo__n_estimators': 200, 'modelo__subsample': 0.8}",0.6961859904303784,0.7257434908757732,0.6587784098139522,0.7048226693135833,0.7233220697072094,0.7017705260281792,0.0241991601159563,22,0.9985070330955166,0.9989047201476214,0.9983832530005488,0.9986602917432216,0.99843137582398,0.9985773347621776,0.000188667494539,0.0254977966893309,0.0479388588775267,0.031600024328214,0.0342198208438446,0.0428302492275143,0.0364173499932861,0.008014272878333,24,0.9652321700761324,0.9673686522062168,0.9638170049609812,0.970849659823571,0.965873641782203,0.9666282257698208,0.0023995861188203,0.0595238095238095,0.1547619047619047,0.1071428571428571,0.0952380952380952,0.1428571428571428,0.1119047619047619,0.0341730954628745,24,0.9851190476190476,0.9851190476190476,0.9791666666666666,0.9821428571428572,0.9821428571428572,0.9827380952380952,0.0022271770159369,0.0384615384615384,0.0802469135802469,0.0687022900763358,0.0575539568345323,0.0789473684210526,0.0647824134747412,0.0154932320164384,1,0.530448717948718,0.466854724964739,0.4816983894582723,0.5084745762711864,0.4796511627906977,0.4934255142867226,0.0229366821361815,0.0467289719626168,0.1056910569105691,0.0837209302325581,0.0717488789237668,0.1016949152542373,0.0819169506567496,0.0214532695943678,17,0.6895833333333333,0.6334928229665072,0.6457311089303238,0.6700507614213198,0.64453125,0.6566778553302969,0.0203298898345904,0.5214107556437861,0.567426382632155,0.5454207070321447,0.5388670433432592,0.5620740344781505,0.5470397846258991,0.0165402798391209,24,0.9876655869463202,0.9862458441703056,0.9836705222426368,0.9857432174473264,0.9850920058028556,0.985683435321889,0.0013153258621454,0.9832977017637629,0.9800908605024052,0.9836985569214324,0.9824959914484231,0.981290926099158,0.9821748073470364,0.0013273992899779,1,0.9902121262735928,0.9873726407215634,0.988174377818607,0.9893435777517956,0.988041154462854,0.9886287754056824,0.0010146518860336,0.973044397463002,0.9709302325581396,0.9739693446088796,0.9726479915433404,0.9719836130566936,0.9725151158460108,0.0010204828785438,1,0.9901555944633478,0.9873476264411484,0.9880743946351294,0.9892636516798256,0.987975687103594,0.9885633908646088,0.0010087689195919,IRSUITRYYR,XGBoost,v_grid_inicial,,7.0,,,200.0,0.8,0.05,0.8
1.1886388778686523,0.0107605121765558,0.1720798015594482,0.0095490929082243,,,"{'modelo__colsample_bytree': 0.8, 'modelo__learning_rate': 0.05, 'modelo__max_depth': 7, 'modelo__n_estimators': 200, 'modelo__subsample': 1.0}",0.6641318940724339,0.6943145376803849,0.6405856302970145,0.6999209424550151,0.6893975550931317,0.677670111919596,0.0222180620734737,24,0.9951058145823888,0.9969374120117396,0.9966206045638566,0.99704846612104,0.9967540872909826,0.9964932769140016,0.0007091935060979,0.0391758825851559,0.043760964196492,0.0323452984674201,0.032951304108635,0.0461563165059282,0.0388779531727262,0.005562515223004,23,0.9253998648346122,0.937636076098832,0.9378973568983454,0.9504678015630584,0.943112198993104,0.9389026596775902,0.0082025979334763,0.0952380952380952,0.1666666666666666,0.1309523809523809,0.0952380952380952,0.1547619047619047,0.1285714285714285,0.0295468420142639,23,0.9553571428571428,0.9672619047619048,0.9642857142857144,0.9732142857142856,0.9642857142857144,0.9648809523809524,0.0057710474493051,0.0412371134020618,0.059322033898305,0.0594594594594594,0.041025641025641,0.0646766169154228,0.053144172940178,0.0099968290621439,13,0.3594624860022396,0.3494623655913978,0.3763066202090592,0.3997555012224938,0.391304347826087,0.3752582641702555,0.0188341469978944,0.0575539568345323,0.0875,0.0817843866171003,0.057347670250896,0.0912280701754386,0.0750828167755934,0.0147075697380642,24,0.5223759153783564,0.5134281200631912,0.5413533834586466,0.5667244367417678,0.5567010309278351,0.5401165773139593,0.0200577008192852,0.535192537731287,0.5685016924995546,0.5538513909037693,0.5351257285383422,0.5648191456189585,0.5514980990583824,0.0141847544957847,23,0.968124537688802,0.9735257243869654,0.973173423369682,0.9784060404686344,0.9737248988317936,0.9733909249491756,0.0032577057825876,0.9751469802244788,0.9703367183324424,0.9767504008551576,0.975013361838589,0.9748763864760124,0.974424769545336,0.0021537274996285,2,0.980891932520461,0.979789544012026,0.9820611324536496,0.9835977952229832,0.9831640833778728,0.9819008975173984,0.0014125579326746,0.9653805496828752,0.961416490486258,0.967362579281184,0.9652484143763214,0.96577243293247,0.9650360933518216,0.0019606115394639,2,0.9806085031878696,0.9796504905685308,0.9818638300683824,0.9834825410458856,0.9829545454545454,0.9817119820650428,0.0014261355840347,IRSUITRYYR,XGBoost,v_grid_inicial,,7.0,,,200.0,0.8,0.05,1.0
