mean_fit_time,std_fit_time,mean_score_time,std_score_time,param_modelo__C,params,split0_test_roc_auc,split1_test_roc_auc,split2_test_roc_auc,split3_test_roc_auc,split4_test_roc_auc,mean_test_roc_auc,std_test_roc_auc,rank_test_roc_auc,split0_train_roc_auc,split1_train_roc_auc,split2_train_roc_auc,split3_train_roc_auc,split4_train_roc_auc,mean_train_roc_auc,std_train_roc_auc,split0_test_average_precision,split1_test_average_precision,split2_test_average_precision,split3_test_average_precision,split4_test_average_precision,mean_test_average_precision,std_test_average_precision,rank_test_average_precision,split0_train_average_precision,split1_train_average_precision,split2_train_average_precision,split3_train_average_precision,split4_train_average_precision,mean_train_average_precision,std_train_average_precision,split0_test_recall,split1_test_recall,split2_test_recall,split3_test_recall,split4_test_recall,mean_test_recall,std_test_recall,rank_test_recall,split0_train_recall,split1_train_recall,split2_train_recall,split3_train_recall,split4_train_recall,mean_train_recall,std_train_recall,split0_test_precision,split1_test_precision,split2_test_precision,split3_test_precision,split4_test_precision,mean_test_precision,std_test_precision,rank_test_precision,split0_train_precision,split1_train_precision,split2_train_precision,split3_train_precision,split4_train_precision,mean_train_precision,std_train_precision,split0_test_f1,split1_test_f1,split2_test_f1,split3_test_f1,split4_test_f1,mean_test_f1,std_test_f1,rank_test_f1,split0_train_f1,split1_train_f1,split2_train_f1,split3_train_f1,split4_train_f1,mean_train_f1,std_train_f1,split0_test_balanced_accuracy,split1_test_balanced_accuracy,split2_test_balanced_accuracy,split3_test_balanced_accuracy,split4_test_balanced_accuracy,mean_test_balanced_accuracy,std_test_balanced_accuracy,rank_test_balanced_accuracy,split0_train_balanced_accuracy,split1_train_balanced_accuracy,split2_train_balanced_accuracy,split3_train_balanced_accuracy,split4_train_balanced_accuracy,mean_train_balanced_accuracy,std_train_balanced_accuracy,split0_test_specificity,split1_test_specificity,split2_test_specificity,split3_test_specificity,split4_test_specificity,mean_test_specificity,std_test_specificity,rank_test_specificity,split0_train_specificity,split1_train_specificity,split2_train_specificity,split3_train_specificity,split4_train_specificity,mean_train_specificity,std_train_specificity,split0_test_accuracy,split1_test_accuracy,split2_test_accuracy,split3_test_accuracy,split4_test_accuracy,mean_test_accuracy,std_test_accuracy,rank_test_accuracy,split0_train_accuracy,split1_train_accuracy,split2_train_accuracy,split3_train_accuracy,split4_train_accuracy,mean_train_accuracy,std_train_accuracy,target,modelo,version_grid,param_modelo__colsample_bytree,param_modelo__learning_rate,param_modelo__max_depth,param_modelo__n_estimators,param_modelo__subsample
4.592160606384278,1.5706905806327929,0.6545383930206299,0.2218096974507535,0.03,{'modelo__C': 0.03},0.8876521714512202,0.8923776258422512,0.8989535558575392,0.8936264934035445,0.8865414350077025,0.8918302563124516,0.004465321968231,4,0.8950347945817206,0.8935629437516616,0.8919715762204155,0.8936048642014159,0.8952916704267171,0.8938931698363861,0.0011953076918888,0.5081572019239375,0.5155484530777651,0.5251725221082029,0.5100614637105497,0.5041232405332249,0.5126125762707361,0.0072773479949111,4,0.5178106604750868,0.5128949254743213,0.5129549945897265,0.5169432095637736,0.517364881881399,0.5155937343968613,0.0021963299043883,0.8488095238095238,0.8726190476190476,0.8690476190476191,0.8642857142857143,0.8402860548271752,0.8590095919178161,0.0123970074694007,1,0.8636498958023221,0.8618636498958023,0.8585888657338494,0.8568026198273295,0.8630952380952381,0.8608000538709082,0.0026604337267468,0.3248291571753986,0.3368566176470588,0.3414405986903648,0.3431001890359168,0.3322337417530631,0.3356920608603604,0.0066218560883571,4,0.3391792353560154,0.3362759902427692,0.332181524994241,0.3367657383571261,0.3376411689370124,0.3364087315774328,0.0023327641386168,0.4698517298187808,0.4860742705570292,0.4902619207521826,0.4912043301759134,0.4761904761904761,0.4827165454988765,0.0083467665248762,4,0.4870718603089322,0.4837901069518716,0.4790299808985964,0.4834943301133977,0.4853962674700812,0.4837565091485759,0.0026866446220573,0.8142680199309212,0.8290711171507843,0.8298864730196478,0.8288432138610498,0.8148368442982488,0.8233811336521304,0.0072191882503331,2,0.8268160299463454,0.8247710044960581,0.8215729703223349,0.8230951267983259,0.8258512754090934,0.8244212813944316,0.0018853950107536,0.7797265160523187,0.7855231866825209,0.7907253269916765,0.7934007134363853,0.7893876337693222,0.7877526753864448,0.0047497354417084,4,0.7899821640903686,0.7876783590963139,0.7845570749108205,0.7893876337693222,0.7886073127229488,0.7880425089179548,0.0019063830518792,0.7873942917547568,0.7951902748414377,0.7994186046511628,0.8012684989429175,0.7950310559006211,0.7956605452181792,0.004785823085538,4,0.7981566515807208,0.7959102771629613,0.7927719599616795,0.7968682897822998,0.796875,0.7961164356975323,0.0018183071525382,IRAMDEYR,Regresión Logística,v_grid_ajuste_fino_hiperparametros,,,,,
5.233229303359986,1.3303571862565442,0.6671124458312988,0.0465390774737836,0.05,{'modelo__C': 0.05},0.8879893373818017,0.8929407486835399,0.8990348614178133,0.8940137343581904,0.8870491596501695,0.892205568298303,0.0043546378149959,2,0.8958818432050618,0.8947605389304967,0.8932228012555404,0.8945740955315886,0.8964201776690165,0.8949718913183407,0.0011124543278079,0.5092591235434992,0.5176687110150243,0.523947901497552,0.5108963605255523,0.5095955329289807,0.5142735259021217,0.0057193342333517,3,0.5204675486664038,0.5169694493287676,0.5166863351062349,0.5196163042080348,0.5205751295902293,0.518862953379934,0.0016968697993568,0.8464285714285714,0.8690476190476191,0.8726190476190476,0.8642857142857143,0.8379022646007152,0.8580566433963336,0.0135135304712168,2,0.8642453111044954,0.8603751116403692,0.8585888657338494,0.8568026198273295,0.862202380952381,0.860442857851685,0.0026171656989116,0.3262964662689307,0.3378065710319297,0.3442930953499295,0.3457142857142857,0.3342843556823585,0.3376789548094868,0.0070627761163492,3,0.3410479323308271,0.3380512340624634,0.3339122380456177,0.3387875220718069,0.3395452414439756,0.3382688335909382,0.0023936966747619,0.4710168930109307,0.4865044985004998,0.4937689457729875,0.4938775510204081,0.477906186267845,0.4846148149145343,0.0089786020561276,2,0.4890910622525482,0.4853879744709439,0.4808269423141047,0.4855744896237557,0.4872182980154725,0.485619753335365,0.0027434335575665,0.8141179718022762,0.8281771983466395,0.8325639827869317,0.8300322745031425,0.8149083261172423,0.8239599507112464,0.0078419910538927,1,0.8279126377163382,0.8250485843576401,0.8224090285863064,0.8240426594974936,0.8264081167544307,0.8251642053824417,0.0018954381217414,0.781807372175981,0.7873067776456599,0.7925089179548157,0.7957788347205708,0.7919143876337693,0.7898632580261593,0.0048504347335008,3,0.7915799643281808,0.7897220570749108,0.7862291914387634,0.7912826991676576,0.7906138525564804,0.7898855529131986,0.0019364492345965,0.7889799154334038,0.7963794926004228,0.8014006342494715,0.8033826638477801,0.7970133474296287,0.7974312107121415,0.0049775743137037,3,0.7996432228865912,0.7975620230583726,0.7942585312675497,0.7985530705956195,0.7985597251585623,0.7977153145933391,0.0018495698940756,IRAMDEYR,Regresión Logística,v_grid_ajuste_fino_hiperparametros,,,,,
7.395271873474121,1.302010831099002,0.5342586517333985,0.1417645550366223,0.075,{'modelo__C': 0.075},0.8883918839533436,0.8930342633486213,0.8987596257290074,0.8941701524545609,0.887210635927772,0.8923133122826611,0.0041698318679954,1,0.8964969548684405,0.8955027670704895,0.8939087943760511,0.8952772960038854,0.8971236388617576,0.895661890236125,0.0011027801217473,0.5107074897285271,0.5181428790592434,0.5216114471303406,0.5117127940470547,0.5117919383651285,0.5147933096660589,0.0043104140016594,1,0.522148210530706,0.5193777581202932,0.5181029877066301,0.5210669642764036,0.521781103739995,0.5204954048748056,0.001528676710893,0.8488095238095238,0.8666666666666667,0.8690476190476191,0.8547619047619047,0.8355184743742551,0.8549608377319939,0.0122584466317374,3,0.8633521881512355,0.8612682345936291,0.8582911580827627,0.8582911580827627,0.8636904761904762,0.8609786430201734,0.0023459228243818,0.3272143184947223,0.3389199255121042,0.3456439393939394,0.3437051220679751,0.333968556455455,0.3378903723848392,0.0066984753747796,2,0.3419004951662344,0.3395539906103286,0.3355446927374301,0.3402572878555411,0.3401312705110173,0.3394775473761103,0.0021156187900039,0.4723418350447168,0.4872824631860776,0.494579945799458,0.4902697166268351,0.4771953710006807,0.4843338663315537,0.0082906889529698,3,0.4898234946372772,0.4870780368717906,0.4824700861852564,0.4873225152129817,0.4880591994618231,0.4869506664738258,0.0024377071796097,0.8154570805730139,0.8278042013476021,0.8318186965630485,0.8254933186116301,0.8138650635842738,0.8228876721359137,0.0070334345296539,4,0.827967711198091,0.8260896761553164,0.8230776539522018,0.8252885635835929,0.8272450597361418,0.8259337329250688,0.0017002584797646,0.7821046373365041,0.7889417360285375,0.794589774078478,0.7962247324613555,0.7922116527942925,0.7908145065398335,0.0049968849915459,2,0.7925832342449465,0.7909111177170036,0.7878641498216409,0.7922859690844233,0.7907996432818074,0.7908888228299643,0.0016721330425925,0.7895084566596194,0.797568710359408,0.8028541226215645,0.8027219873150105,0.7970133474296287,0.7979333248770463,0.004880640226824,2,0.8004360609163886,0.7987182451851608,0.7956790327376037,0.7996101879686829,0.7988900634249472,0.7986667180465565,0.0016124212473405,IRAMDEYR,Regresión Logística,v_grid_ajuste_fino_hiperparametros,,,,,
5.886679792404175,0.4782779740157365,0.2055007457733154,0.0546957905222789,0.1,{'modelo__C': 0.1},0.88847212785233,0.8929255315384179,0.8983192132382085,0.8939449033180454,0.8872146219028088,0.8921752795699621,0.0039940912428299,3,0.8968470257465789,0.8958923191691515,0.8942949558907707,0.8957712869377848,0.897500854858516,0.8960612885205604,0.0010883305332952,0.5109170703313987,0.5178072796957244,0.5205020329273826,0.5110722883061308,0.5120215129410735,0.5144640368403419,0.0039417133855867,2,0.5227682726389754,0.5203391830464454,0.5189799417561328,0.522539981460889,0.5223934247968839,0.5214041607398654,0.0014926854006575,0.8488095238095238,0.8654761904761905,0.8666666666666667,0.8547619047619047,0.8355184743742551,0.8542465520177082,0.0114972325731738,4,0.8636498958023221,0.8591842810360226,0.8594819886871092,0.8591842810360226,0.8630952380952381,0.8609191369313429,0.0020138175348276,0.3284200829111008,0.3379823337982334,0.3453510436432637,0.3453583453583453,0.335727969348659,0.3385679550119204,0.0063797722747057,1,0.343191766236839,0.3404506311194998,0.3369121251021122,0.3415384615384615,0.3408957329258258,0.3405977433845477,0.002064370466383,0.4735968116904683,0.4861250417920428,0.4938941655359565,0.4919492977046933,0.47898872565767,0.4849108084761662,0.0076784501744176,1,0.4911953945140535,0.487664751605272,0.4840710932260228,0.4887797442628503,0.4887503160023594,0.4880922599221116,0.002318950701413,0.8160516108940603,0.8269116980918407,0.8307768529528339,0.8262364815129382,0.8146825427757125,0.822931837245477,0.006382673600227,3,0.8286739371996152,0.8257165459876903,0.824174704212758,0.8262181809460731,0.8273747593567748,0.8264316255405824,0.0015210558315432,0.7832936979785969,0.7883472057074911,0.7948870392390012,0.7977110582639715,0.79384661117717,0.7916171224732461,0.0051530724801901,1,0.7936979785969085,0.792248810939358,0.7888674197384067,0.7932520808561236,0.7916542806183116,0.7919441141498216,0.0016988060227302,0.7905655391120507,0.7969080338266384,0.8028541226215645,0.8040433403805497,0.7984670278842342,0.7985676127650074,0.0047990678675808,1,0.8014601433715437,0.7996762578044994,0.7967031151927587,0.8005682005880216,0.7995837737843552,0.7995982981482357,0.0015997219376562,IRAMDEYR,Regresión Logística,v_grid_ajuste_fino_hiperparametros,,,,,
0.6428854465484619,0.0888282560324558,0.1867403030395507,0.0157461326265591,,"{'modelo__colsample_bytree': 0.8, 'modelo__learning_rate': 0.03, 'modelo__max_depth': 2, 'modelo__n_estimators': 125, 'modelo__subsample': 0.8}",0.8863288991280223,0.8908936003057586,0.8949145539607044,0.8901693703640791,0.8836479714398688,0.8891908790396867,0.0038866930225635,12,0.8924843010985448,0.8910147844062077,0.8898028967821732,0.8912877513036658,0.8923926549848537,0.8913964777150891,0.0009871920047009,0.5022769499867785,0.5097874151465001,0.5214594778897241,0.4939626929953958,0.4933652763370453,0.5041703624710888,0.0105356177421361,12,0.5118296402227753,0.5069602484134584,0.5063775955018783,0.51348386502258,0.5118213602647455,0.5100945418850875,0.0028677330862568,0.8642857142857143,0.8809523809523809,0.8761904761904762,0.8690476190476191,0.8736591179976162,0.8728270616947613,0.0057491649843159,3,0.8740696635903543,0.8716880023816612,0.8746650788925275,0.8681155105686216,0.8782738095238095,0.8733624129913948,0.0033660835902398,0.2965686274509804,0.3060380479735318,0.3143955574540794,0.3099787685774947,0.3074664429530201,0.3068894888818213,0.0058900377374808,12,0.3095740194010966,0.3073370420908995,0.3051516410469464,0.3062703497531772,0.3070759625390218,0.3070818029662283,0.0014601578840109,0.4416058394160584,0.4542664211172498,0.4627475636592266,0.4569640062597809,0.4548557244802979,0.4540879109865227,0.0069236554297699,12,0.4572140465623296,0.4544466863262455,0.4524524524524524,0.4527950310559006,0.4550501156515035,0.4543916664096863,0.0017153546307508,0.8041702055376253,0.8157734556367137,0.8188175924353094,0.813759838061265,0.8141333639928627,0.8133308911327551,0.0049156104660755,12,0.815379064851063,0.8132407015475488,0.8130385442025063,0.8113429812058328,0.815418860766661,0.8136840305147224,0.0015476745409459,0.7440546967895363,0.7505945303210464,0.7614447086801427,0.7584720570749108,0.7546076099881094,0.7538347205707491,0.0061018335759797,12,0.7566884661117717,0.7547934007134364,0.7514120095124851,0.7545704518430439,0.7525639120095124,0.7540056480380499,0.0018407951548001,0.757399577167019,0.7650634249471459,0.7741807610993657,0.7707452431289641,0.7678075855689177,0.7670393183822826,0.005694788535912,12,0.7697135872617357,0.7677645271051502,0.7650886987545836,0.767169898582802,0.7665169133192389,0.767250725004702,0.0015198061127621,IRAMDEYR,XGBoost,v_grid_ajuste_fino_hiperparametros,0.8,0.03,2.0,125.0,0.8
0.5120275497436524,0.2247603521276682,0.1751222133636474,0.0156792862197097,,"{'modelo__colsample_bytree': 0.8, 'modelo__learning_rate': 0.03, 'modelo__max_depth': 2, 'modelo__n_estimators': 150, 'modelo__subsample': 0.8}",0.8869412122756355,0.8914855649453598,0.8960464618368156,0.8907184261933072,0.8847883146092895,0.8899959959720813,0.0038935974866297,11,0.893406086378052,0.8922651908337903,0.890666986823339,0.8923366143418625,0.893394725003185,0.8924139206760457,0.0010026210280447,0.5042440859705658,0.5119327492093663,0.5221584684085449,0.4968551601452764,0.4963931843317281,0.5063167296130964,0.009744683305101,11,0.5142880527492724,0.5108965293897034,0.5091667413717055,0.516753462825356,0.5145479088770062,0.5131305390426087,0.0027267872329648,0.8666666666666667,0.8821428571428571,0.8797619047619047,0.8714285714285714,0.8736591179976162,0.8747318235995232,0.0056095287368089,1,0.8776421554033939,0.8752604941947008,0.8785352783566538,0.8728788329860078,0.8767857142857143,0.8762204950452942,0.0019893275091696,0.2966585167074164,0.3077242524916943,0.3140671483212919,0.3096446700507614,0.3133817870884993,0.3082952749319327,0.0062729292062243,11,0.3096638655462185,0.3112428541181452,0.3046350779395065,0.3064061030410701,0.3120432157610422,0.3087982232811965,0.0028393503141903,0.4420157862780813,0.4562807881773399,0.4628875665518321,0.4569288389513108,0.461296412838263,0.4558818785593654,0.0073745591841661,11,0.4577995185961643,0.459195626708317,0.452399202820788,0.4535891089108911,0.4602765408952425,0.4566519995862806,0.0031110036365246,0.8050634165675783,0.8171861729233905,0.8199344601098466,0.8144301002208256,0.8174775970487487,0.8148183493740779,0.0051800043837991,11,0.8167194130167981,0.8167548011996095,0.8141190065980652,0.8131301120934795,0.817721781042976,0.8156890227901856,0.0017517230687878,0.7434601664684899,0.7522294887039239,0.7601070154577884,0.7574316290130797,0.7612960760998811,0.7549048751486327,0.0065181783941335,11,0.7557966706302022,0.7582491082045184,0.7497027348394768,0.7533813912009513,0.7586578478002378,0.7551575505350774,0.0033204831129561,0.7571353065539113,0.7666490486257929,0.7733879492600423,0.7700845665961945,0.7737544601559403,0.7682022662383763,0.0061016604616462,11,0.7693171682468369,0.7712331934855142,0.763998546463612,0.7666413398962704,0.7717692917547568,0.768591907969398,0.0029155392330709,IRAMDEYR,XGBoost,v_grid_ajuste_fino_hiperparametros,0.8,0.03,2.0,150.0,0.8
0.6502409458160401,0.0310405367244981,0.086335802078247,0.1996043864609434,,"{'modelo__colsample_bytree': 0.8, 'modelo__learning_rate': 0.03, 'modelo__max_depth': 3, 'modelo__n_estimators': 125, 'modelo__subsample': 0.8}",0.8891407975199592,0.8934986516901648,0.8980890981541249,0.8905985469395845,0.8865889123992523,0.8915832013406171,0.0039464780787955,7,0.8969012695585253,0.8955544057192435,0.8940423435592313,0.8961221321744093,0.8971754059084989,0.8959591113839815,0.0011163687332965,0.5152584930944053,0.5206190912894542,0.5198730999542576,0.4999178628103087,0.5041860833194863,0.5119709260935824,0.0084133622445764,7,0.5285638461777197,0.5237627102279095,0.5249667282330166,0.5319177281717223,0.5281757655912817,0.5274773556803299,0.0028805203308894,0.8642857142857143,0.8833333333333333,0.8785714285714286,0.875,0.8593563766388558,0.8721093705658663,0.0089435979794548,6,0.8779398630544805,0.8764513247990473,0.8758559094968741,0.8767490324501339,0.8732142857142857,0.8760420831029643,0.0015684338412999,0.3076271186440678,0.3126843657817109,0.3266932270916334,0.3204010462074978,0.321875,0.317856151544982,0.0068132520580716,7,0.320264986967854,0.3167294244217321,0.3151242502142245,0.3169393026259147,0.3254214729370009,0.3188958874333453,0.0036661896596582,0.45375,0.4618736383442265,0.4762826718296225,0.4690491384811742,0.4683338746346216,0.4658578646579289,0.007582425792319,7,0.4693244211028885,0.4653074126758337,0.4634895628200078,0.4655758438068137,0.4741435035552682,0.4675681487921624,0.0037956515426128,0.8107100390691354,0.8204567974633372,0.8262506369967726,0.821640903686088,0.8167917436107477,0.8191700241652162,0.0051985320123953,7,0.8226835165450761,0.8202299727443512,0.8191333649743586,0.8204531428600254,0.8236092237132665,0.8212218441674155,0.0016596700392108,0.7571343638525565,0.7575802615933412,0.7739298454221165,0.768281807372176,0.7742271105826397,0.7662306777645661,0.0075498328434668,7,0.7674271700356718,0.7640086206896551,0.762410820451843,0.7641572532699168,0.7740041617122473,0.7664016052318667,0.0041361939536975,0.7690274841437632,0.7715380549682875,0.7855443974630021,0.7801268498942917,0.7836659178009779,0.7779805408540645,0.0065697021115349,7,0.7796901324700208,0.7764857454329226,0.7749991741270523,0.7766509200224637,0.7850158562367865,0.778568365657849,0.0035659929471556,IRAMDEYR,XGBoost,v_grid_ajuste_fino_hiperparametros,0.8,0.03,3.0,125.0,0.8
0.6284650325775146,0.034834963255796,0.1684916973114013,0.0067661905874605,,"{'modelo__colsample_bytree': 0.8, 'modelo__learning_rate': 0.03, 'modelo__max_depth': 3, 'modelo__n_estimators': 150, 'modelo__subsample': 0.8}",0.8896929498612763,0.893859262640847,0.8992355154011664,0.8913615275182606,0.8869061960121826,0.8922110902867466,0.0041776479425916,5,0.8981995147471485,0.8970622918745634,0.8954112268351766,0.8975866874413037,0.8985395687797265,0.8973598579355839,0.0010985355331354,0.5182273841477243,0.5236143810071212,0.5226927438488376,0.5031433548980846,0.5085828611618559,0.5152521450127248,0.0080652798451168,5,0.5337712630599086,0.5293942551328047,0.530958130926311,0.53786138027158,0.5328950282772208,0.5329760115335651,0.0028777293842143,0.8583333333333333,0.8761904761904762,0.8761904761904762,0.8678571428571429,0.8581644815256257,0.867347182019411,0.0080279414564641,8,0.8758559094968741,0.8740696635903543,0.8713902947305746,0.8731765406370944,0.8732142857142857,0.8735413388338367,0.0014493720436158,0.3106419646704006,0.3184768498485504,0.3318304779080252,0.3238560639715682,0.3235955056179775,0.3216801724033044,0.0069790402294838,5,0.3257668032333075,0.3219651277552363,0.320591456736035,0.3222368710173588,0.3286658451887532,0.3238452207861382,0.0029542991727202,0.4561847516608668,0.4671532846715328,0.4813603662524526,0.4716920090585571,0.4699738903394256,0.469272860396567,0.0081023788183141,5,0.4748991121872478,0.4705882352941176,0.468732484586436,0.4707487360564962,0.4775779278912672,0.4725092992031129,0.0032390307396482,0.810260602457392,0.8210470811392334,0.8279584961213975,0.8208191778494989,0.8172362241159639,0.8194643163366973,0.0057648005771238,6,0.8247999820968318,0.8221604263254982,0.8204491604449544,0.821973971864326,0.8252627611686767,0.8229292603800575,0.0018220539680225,0.7621878715814506,0.7659036860879905,0.7797265160523187,0.773781212841855,0.776307966706302,0.7715814506539834,0.006542130177212,5,0.7737440546967895,0.770251189060642,0.7695080261593341,0.7707714030915577,0.7773112366230678,0.7723171819262783,0.0028818626985835,0.7728594080338267,0.7781448202959831,0.7904334038054969,0.784223044397463,0.7853839037927844,0.7822089160651109,0.0060944176661845,5,0.7850748240890622,0.7817713322982393,0.7808133196789006,0.7821347163952298,0.787955866807611,0.7835500118538086,0.0026227030515634,IRAMDEYR,XGBoost,v_grid_ajuste_fino_hiperparametros,0.8,0.03,3.0,150.0,0.8
0.407870864868164,0.1936195436117671,0.1643886566162109,0.0066215229378565,,"{'modelo__colsample_bytree': 0.8, 'modelo__learning_rate': 0.04, 'modelo__max_depth': 2, 'modelo__n_estimators': 125, 'modelo__subsample': 0.8}",0.8875579490119472,0.8916018168563502,0.8964434346865975,0.8906562305362097,0.8853970172860222,0.8903312896754254,0.0037713818413573,10,0.8936469008049434,0.8926435479211969,0.891020083230705,0.892676795555908,0.8939365537943775,0.8927847762614263,0.0010213321676585,0.5069408255110601,0.5106816538768418,0.5214615359329979,0.4938273009712909,0.5001597812938151,0.5066142195172012,0.0094048770026539,10,0.5152165977167104,0.5113935658249756,0.5100000390465006,0.5181336760452604,0.5158459509680713,0.5141179659203037,0.0029899340987545,0.8678571428571429,0.8785714285714286,0.8761904761904762,0.8714285714285714,0.8712753277711561,0.8730645893637551,0.0038234005116612,2,0.8785352783566538,0.8728788329860078,0.8767490324501339,0.8731765406370944,0.8764880952380952,0.8755655559335969,0.0021907451238138,0.2993839835728952,0.3112610712779418,0.3195831524099001,0.314028314028314,0.3159031979256698,0.3120319438429442,0.0068783427715683,10,0.3121099947117927,0.3151332760103181,0.3090241343126967,0.3096821877309682,0.3166326201483711,0.3125164425828294,0.002972714329669,0.4451908396946565,0.4596698847710993,0.4683423480750875,0.4616840113528855,0.463685379004123,0.4597144925795703,0.0078105738153442,10,0.4605899797096925,0.4630814183052989,0.4569788191481108,0.4572096648480124,0.4652081194218466,0.4606136002865922,0.0032248627934845,0.8071449804654323,0.8179272125021233,0.8216416114602797,0.8168825377951419,0.8179949766085269,0.8163182637663008,0.0048622144000115,10,0.8184293514256515,0.8180535663146448,0.816031323597243,0.8151182940997601,0.8201554626012117,0.8175575996077022,0.0017907850882068,0.7464328180737217,0.757282996432818,0.7670927467300832,0.7623365041617123,0.7647146254458977,0.7595719381688466,0.007328415246399,10,0.7583234244946492,0.7632282996432818,0.755313614744352,0.7570600475624257,0.7638228299643282,0.7595496432818074,0.0033893443076668,0.7599101479915433,0.7707452431289641,0.7792019027484144,0.7744450317124736,0.7765296682965508,0.7721663987755892,0.006722558616756,10,0.7716626474183211,0.7753955931419511,0.7687886095603053,0.7699448316870933,0.7763279598308668,0.7724239283277076,0.0029669265263231,IRAMDEYR,XGBoost,v_grid_ajuste_fino_hiperparametros,0.8,0.04,2.0,125.0,0.8
0.5018953323364258,0.2162909241707125,0.1700012683868408,0.0089386429169799,,"{'modelo__colsample_bytree': 0.8, 'modelo__learning_rate': 0.04, 'modelo__max_depth': 2, 'modelo__n_estimators': 150, 'modelo__subsample': 0.8}",0.888304031481796,0.8922228002378122,0.8976444390181757,0.8911763560953514,0.8862931530515208,0.8911281559769313,0.0038733821509284,9,0.8948765710184965,0.89378306621358,0.892100053355512,0.8937975135304764,0.8951891758765782,0.8939492759989287,0.0010832829440558,0.5105354106646756,0.5132861068942207,0.5245639819405998,0.4969466286155354,0.5037027418407002,0.5098069739911464,0.0093064966844819,8,0.5193862476574029,0.5150917028727909,0.5146379364352267,0.5220567638635851,0.5199804032974967,0.5182306108253004,0.0028912547332693,0.8702380952380953,0.8797619047619047,0.8761904761904762,0.8726190476190476,0.865315852205006,0.8728250752029059,0.004951138674559,4,0.879130693658827,0.8725811253349212,0.8752604941947008,0.8725811253349212,0.8767857142857143,0.8752678305618169,0.002516446148053,0.3063704945515507,0.3148700468683426,0.3229486616937253,0.318695652173913,0.3184210526315789,0.3162611815838221,0.0055691117062644,9,0.3179028958983744,0.3180683667932718,0.3137338597801729,0.3152290815229081,0.320461220493854,0.3170790848977162,0.0023541124866151,0.4531928084314941,0.4637590210229055,0.4719461365822379,0.4668789808917197,0.4655338249438923,0.4642621543744499,0.0061691502235322,9,0.4669512966476913,0.4662000954350246,0.4619010212097407,0.4631429248637118,0.4693698717438063,0.465513041979995,0.0026862577670761,0.8121255874525791,0.8203803578506313,0.8234252024234188,0.8198558971745654,0.8171704112392449,0.8185914912280878,0.0037944936442016,9,0.8218483432622317,0.819539670871979,0.8181482316395621,0.817997607851765,0.8223293910310854,0.8199726489313246,0.0018159966006623,0.754013079667063,0.760998810939358,0.7706599286563615,0.7670927467300832,0.7690249702734839,0.7643579072532699,0.0061200536565963,9,0.7645659928656362,0.7664982164090368,0.7610359690844233,0.7634140903686087,0.7678730677764566,0.7646774673008323,0.0023831091790987,0.7669133192389006,0.7741807610993657,0.7823731501057083,0.7788054968287527,0.7797013347429629,0.7763948124031381,0.0054274440921828,9,0.77727858346272,0.7782696309999669,0.7737108123286314,0.775527732813584,0.7799616807610994,0.7769496880732003,0.0021649385353045,IRAMDEYR,XGBoost,v_grid_ajuste_fino_hiperparametros,0.8,0.04,2.0,150.0,0.8
0.6048943996429443,0.0248471794636779,0.1669217109680175,0.011678936735396,,"{'modelo__colsample_bytree': 0.8, 'modelo__learning_rate': 0.04, 'modelo__max_depth': 3, 'modelo__n_estimators': 125, 'modelo__subsample': 0.8}",0.889820526159334,0.8941705063416567,0.8996065660211765,0.891780441367986,0.8875378401896828,0.8925831760159673,0.0041371404489947,4,0.8988529405621897,0.8978001780759024,0.8960736628643158,0.8982765081051882,0.8992638650752365,0.8980534309365666,0.0011079484193788,0.5189962290125452,0.5261574708667113,0.5235172364498101,0.5030574845482453,0.5081742774984104,0.5159805396751443,0.0089152587389894,4,0.535247101895249,0.5319635328551735,0.5327110543507713,0.5393906947141036,0.5357124205389547,0.5350049608708505,0.0026193924600545,0.8571428571428571,0.8797619047619047,0.8773809523809524,0.8654761904761905,0.8545887961859356,0.8668701401895682,0.0102378641182711,9,0.8773444477523072,0.873474248288181,0.8690086335218815,0.873474248288181,0.8717261904761905,0.8730055536653483,0.0027157868841208,0.313179643323184,0.322707423580786,0.3339374716810149,0.3254252461951656,0.3239945774966109,0.3238488724553522,0.0066245207263713,4,0.328173719376392,0.3244857332448573,0.3231842338352524,0.3229499174463401,0.3296567248171075,0.3256900657439899,0.002725470329485,0.4587448231920994,0.4722044728434504,0.483754512635379,0.4729993493819128,0.4698558322411533,0.4715117980587989,0.0079789039038698,4,0.4776724207796418,0.4731876461575679,0.4711484141715761,0.4715525554484088,0.4783993466721111,0.4743920766458611,0.0030611680900697,0.8112260064549006,0.8246163863880868,0.8294455296982051,0.8207434460109846,0.8161172280572959,0.8204297193218946,0.006359518122397,4,0.8265846792863796,0.823256149114364,0.8209304463685507,0.8224572489954579,0.825206139233339,0.8236869325996183,0.0020000418583695,0.7653091557669441,0.7694708680142688,0.7815101070154578,0.7760107015457788,0.7776456599286563,0.7739892984542212,0.0058271554264021,4,0.7758249108204518,0.7730380499405469,0.7728522592152199,0.7714402497027348,0.7786860879904876,0.7743683115338882,0.0025848184322113,0.7755021141649049,0.7817124735729387,0.7921511627906976,0.7859408033826638,0.7861768204043875,0.7842966748631184,0.0055127757188616,4,0.7870899540814641,0.7841828813055399,0.7835221829473754,0.7827623798354861,0.7890129492600423,0.7853140694859816,0.0023595356245957,IRAMDEYR,XGBoost,v_grid_ajuste_fino_hiperparametros,0.8,0.04,3.0,125.0,0.8
0.5224940776824951,0.1830552274935705,0.1644489765167236,0.0081085213765327,,"{'modelo__colsample_bytree': 0.8, 'modelo__learning_rate': 0.04, 'modelo__max_depth': 3, 'modelo__n_estimators': 150, 'modelo__subsample': 0.8}",0.890136281920616,0.8943392220146085,0.9002572759186909,0.892414076213125,0.8876947990289101,0.8929683310191902,0.0042695643807902,2,0.9001274240075556,0.8992882295917157,0.897506607711584,0.899641735302853,0.9006563942089916,0.89944407816454,0.0010727367441135,0.5204795139270824,0.5271933905088122,0.5250532605971931,0.5043039417234564,0.5117941415473237,0.5177648496607736,0.0085584241125685,2,0.5403936372184949,0.5383949700372748,0.5381527148480673,0.54475633361922,0.54008985120364,0.5403575013853393,0.0023721416655462,0.8488095238095238,0.8773809523809524,0.8761904761904762,0.8654761904761905,0.8533969010727056,0.8642508087859697,0.0115991248222759,11,0.8788329860077404,0.8755582018457875,0.8687109258707949,0.8749627865436141,0.875,0.8746129800535873,0.0032804965199049,0.3152077807250221,0.3259619637328615,0.3373052245646196,0.3283649503161698,0.3266423357664234,0.3266964510210193,0.0070407657425124,3,0.3328072153325817,0.3277245375529307,0.3266174166107007,0.3279401919214461,0.3319783197831978,0.3294135362401714,0.0024874451726289,0.4597034171502256,0.4753305385359561,0.4870946393117141,0.4760969220694171,0.4724513361926757,0.4741353706519978,0.008767394235076,3,0.4827868182189876,0.4769318089678099,0.4747417229317497,0.4770716662608554,0.481335952848723,0.4785735938456252,0.0030005454716704,0.8092888284921578,0.8254324500311421,0.8306338825661062,0.8222297718136007,0.8170076063032969,0.8209185078412607,0.0073079160633591,3,0.8294655417553565,0.8256915563331196,0.8225837625786793,0.82557963940736,0.8275862068965517,0.8261813413942134,0.0022936489318475,0.7697681331747919,0.7734839476813318,0.785077288941736,0.7789833531510107,0.7806183115338883,0.7775862068965518,0.005389114839814,3,0.7800980975029727,0.7758249108204518,0.7764565992865636,0.7761964922711059,0.7801724137931034,0.7777497027348395,0.0019582589228759,0.7785412262156448,0.7850158562367865,0.7951902748414377,0.7885835095137421,0.788687723007797,0.7872037179630818,0.0054353783433175,3,0.7910541442304516,0.7868917445740148,0.7866935350665654,0.7871560239172806,0.7906976744186046,0.7884986244413834,0.0019498455795879,IRAMDEYR,XGBoost,v_grid_ajuste_fino_hiperparametros,0.8,0.04,3.0,150.0,0.8
0.4596163749694824,0.2089700240776563,0.1705913543701172,0.007336959185619,,"{'modelo__colsample_bytree': 0.8, 'modelo__learning_rate': 0.05, 'modelo__max_depth': 2, 'modelo__n_estimators': 125, 'modelo__subsample': 0.8}",0.8881580530547533,0.8926318052488534,0.8977136239454164,0.8912655356435084,0.8861074951920284,0.8911753026169119,0.0039916326165309,8,0.8949482102407184,0.8937771368400298,0.892049316281281,0.8942971738747199,0.8952963041358785,0.8940736282745254,0.0011397849559995,0.5087378691906188,0.5149283409963373,0.5223972010948023,0.4974226195800745,0.5003231369348116,0.5087618335593289,0.0092058569451957,9,0.5186351463343113,0.5152180832414621,0.5143740193163949,0.5236609428006878,0.5202917724141495,0.5184359928214011,0.0033952394061287,0.8678571428571429,0.8773809523809524,0.8761904761904762,0.875,0.8641239570917759,0.8721105057040696,0.0051893930063963,5,0.8785352783566538,0.8719857100327478,0.8731765406370944,0.8722834176838344,0.875,0.8741961893420662,0.0024107427372215,0.3061738765224695,0.3167168027503223,0.3274021352313167,0.3198433420365535,0.3182616330114135,0.3176795579104151,0.006824322451758,8,0.3191995673336938,0.3201092896174863,0.3163287316652286,0.3163122098672136,0.3211009174311927,0.318610143182963,0.0019638815266779,0.4526544551381558,0.4654246921376697,0.4766839378238341,0.4684512428298279,0.465190888675008,0.4656810433208991,0.0077296268985094,8,0.4682640431609013,0.4683028219681829,0.4644129522603119,0.4642687371256536,0.4697986577181208,0.4670094424466341,0.002248546299893,0.8111580601324954,0.8205275748825095,0.8257290074174735,0.8213436385255648,0.8166487799727608,0.8190814121861608,0.0049009546859029,8,0.8223309566575183,0.8204124447904524,0.8188155295337671,0.8184804424923333,0.822012485136742,0.8204103717221628,0.0015826286123243,0.7544589774078478,0.7636741973840666,0.7752675386444708,0.7676872770511296,0.7691736028537456,0.7660523186682521,0.006890526910374,8,0.7661266349583828,0.768839179548157,0.76445451843044,0.7646774673008323,0.7690249702734839,0.7666245541022592,0.0019705171384076,0.7670454545454546,0.7762949260042283,0.7864693446088795,0.7795983086680761,0.7797013347429629,0.7778218737139203,0.0063234425305811,8,0.7785999801790493,0.780284760992369,0.7765187803508308,0.7766178851045555,0.7807875264270613,0.7785617866107731,0.0017819452764965,IRAMDEYR,XGBoost,v_grid_ajuste_fino_hiperparametros,0.8,0.05,2.0,125.0,0.8
0.6004515171051026,0.0410059304336687,0.1652163028717041,0.0084790216928352,,"{'modelo__colsample_bytree': 0.8, 'modelo__learning_rate': 0.05, 'modelo__max_depth': 2, 'modelo__n_estimators': 150, 'modelo__subsample': 0.8}",0.8886250955495157,0.8932888851140932,0.8988177516845026,0.8922343900402017,0.8866722635661333,0.8919276771908894,0.004193960042129,6,0.8962195907210082,0.8949245535889702,0.8931565161691363,0.8953878246155023,0.8964639656676434,0.895230490152452,0.0011763928917588,0.5113909245978533,0.518741579485507,0.5255708875954531,0.5012740033261237,0.5038473690608156,0.5121649528131507,0.0090704487833739,6,0.523106418315309,0.5196021141425423,0.5190174943498802,0.5275264126968982,0.5241390354563192,0.5226782949921898,0.0031204373899991,0.861904761904762,0.8797619047619047,0.8785714285714286,0.8690476190476191,0.8593563766388558,0.869728418184914,0.0083441238782165,7,0.8797261089610003,0.8731765406370944,0.8719857100327478,0.8722834176838344,0.8738095238095238,0.8741962602248401,0.0028395111859549,0.3095339888841385,0.3213043478260869,0.3312387791741472,0.3208791208791209,0.321875,0.3209662473526987,0.0068872226338505,6,0.3241553312856516,0.3226622662266226,0.3198995194408038,0.3209903593339176,0.3254988913525499,0.3226412735279091,0.0020347739122057,0.45548914753067,0.4707006369426751,0.4810951760104302,0.4686998394863563,0.4683338746346216,0.4688637349209507,0.0081507001129913,6,0.47374749498998,0.4712025062253996,0.4680783060327607,0.4692880595819652,0.474313408723748,0.4713259551107707,0.0024291651579839,0.8109315723911443,0.8238732234867787,0.8285544419908273,0.8197051412717287,0.8167917436107477,0.8199712245502452,0.0060131926269876,5,0.8253973886065407,0.8221969207347184,0.8203009703552562,0.8209886172842478,0.8238696846158202,0.8225507163193166,0.0018692192001946,0.7599583828775267,0.7679845422116528,0.7785374554102259,0.7703626634958383,0.7742271105826397,0.7702140309155767,0.0062538825050926,6,0.7710686682520809,0.7712173008323424,0.7686162306777645,0.7696938168846611,0.7739298454221165,0.7709051724137931,0.0017877045804593,0.7712737843551797,0.7803911205073996,0.7896405919661733,0.781316067653277,0.7836659178009779,0.7812574964566015,0.0059414700014249,6,0.7831257639324767,0.7825311354101285,0.7800865514849196,0.7810775990221664,0.7850158562367865,0.7823673812172955,0.0017018873103813,IRAMDEYR,XGBoost,v_grid_ajuste_fino_hiperparametros,0.8,0.05,2.0,150.0,0.8
1.6839930057525634,2.175969785702661,-1.0210509300231934,2.370505064167645,,"{'modelo__colsample_bytree': 0.8, 'modelo__learning_rate': 0.05, 'modelo__max_depth': 3, 'modelo__n_estimators': 125, 'modelo__subsample': 0.8}",0.8905981045807145,0.8944491924296472,0.9001711044108487,0.8916449026102712,0.8875508610414697,0.8928828330145903,0.0042603934697935,3,0.9005904295397497,0.899491769719769,0.8976869889897728,0.8998037642849228,0.901125266963578,0.8997396438995583,0.0011766675564993,0.5184043014231174,0.525555484457649,0.523212774074796,0.5043102805315092,0.5125327389250142,0.5168031158824171,0.007675396060384,3,0.5414541353901231,0.5381779313217163,0.5373827988678177,0.5462746686582359,0.5433517134409042,0.5413282495357594,0.0032884160740954,0.8488095238095238,0.8785714285714286,0.8785714285714286,0.8654761904761905,0.8533969010727056,0.8649650945002554,0.0123721577449512,10,0.8767490324501339,0.8752604941947008,0.8707948794284013,0.8740696635903543,0.8755952380952381,0.8744938615517656,0.0020371040395623,0.3180196253345227,0.3269827204253434,0.3382218148487626,0.3312072892938497,0.3248638838475499,0.3278590667500056,0.0067104523428756,2,0.3339002267573696,0.3294117647058823,0.3273276633840644,0.3289267308984988,0.3314556106354213,0.3302043992762473,0.0022698451962437,0.4626865671641791,0.4765902486277042,0.4884182660489742,0.4790774299835255,0.4705882352941176,0.4754721494237001,0.0085927162220145,2,0.4836193447737909,0.4786714425268642,0.4758031720211468,0.477981277981278,0.4808761033017326,0.4793902681209624,0.0026631566757396,0.8107751542947738,0.8263992695770341,0.8319729913368439,0.8236417813260857,0.8161158108217273,0.821781001471293,0.0075085366956927,2,0.8292224650954594,0.8264344979891458,0.823718634720146,0.8257461873243092,0.8275494026385821,0.8265342375535285,0.0018338875607264,0.7727407847800237,0.7742271105826397,0.7853745541022592,0.781807372175981,0.7788347205707491,0.7785969084423305,0.0046837897127827,2,0.7816958977407847,0.777608501783591,0.7766423900118906,0.777422711058264,0.7795035671819263,0.7785746135552913,0.0018220378122748,0.781183932346723,0.7858086680761099,0.7957188160676533,0.7910940803382663,0.787101889784591,0.7881814773226686,0.004920489820057,2,0.7922434012751478,0.7884443857157015,0.7870899540814641,0.7881470714545274,0.790169133192389,0.789218789143846,0.0018072991204206,IRAMDEYR,XGBoost,v_grid_ajuste_fino_hiperparametros,0.8,0.05,3.0,125.0,0.8
-0.5590234279632569,2.355099431043558,0.1643605709075927,0.008323017029999,,"{'modelo__colsample_bytree': 0.8, 'modelo__learning_rate': 0.05, 'modelo__max_depth': 3, 'modelo__n_estimators': 150, 'modelo__subsample': 0.8}",0.8907516915803182,0.8945580127116245,0.9002195869429817,0.8922009477096428,0.8878202243767352,0.8931100926642606,0.0041716348853498,1,0.902065272712244,0.9010903387849352,0.8993425619017749,0.9014424174640052,0.9026542582791888,0.9013189698284296,0.00112371375416,0.5191634184604417,0.5273322591734526,0.5234187802518069,0.5057454910280262,0.5142712722448564,0.5179862442317168,0.0075084384251629,1,0.5466405252159526,0.5438706935516575,0.5433776216142311,0.5516188569417646,0.5484193974705383,0.5467854189588288,0.0030384769095517,0.8464285714285714,0.875,0.8809523809523809,0.8642857142857143,0.8510131108462455,0.8635359555025826,0.013302650548387,12,0.8749627865436141,0.879130693658827,0.8716880023816612,0.8758559094968741,0.8741071428571429,0.8751489069876237,0.002427024996075,0.3191202872531418,0.3272484416740873,0.3406998158379374,0.3341003221352968,0.3291839557399723,0.3300705645280871,0.0071816287111661,1,0.3369253697122549,0.331723208267805,0.3299898568691536,0.3337871567960063,0.3351974435060488,0.3335246070302538,0.0024565014665694,0.4634941329856584,0.4763447828904731,0.4913678618857902,0.4819117158977763,0.4747340425531915,0.4775705072425779,0.0091313233660941,1,0.4865088561496441,0.4816899111002365,0.4787442773054284,0.4833648237903557,0.484573502722323,0.4829762742135975,0.0026361249100805,0.8104764735858672,0.8252080856123662,0.8340552630088897,0.8246071853235943,0.8173763532828136,0.8223446721627063,0.0079497719502534,1,0.8300200377426751,0.8290384443323862,0.8253914149839341,0.8288316408364276,0.8288304739255987,0.8284224023642043,0.0015781526881025,0.7745243757431629,0.7754161712247325,0.7871581450653984,0.7849286563614745,0.7837395957193817,0.7811533888228299,0.0051741219315183,1,0.785077288941736,0.7789461950059453,0.7790948275862069,0.781807372175981,0.7835538049940547,0.7816958977407846,0.0024176221145723,0.7825052854122622,0.7864693446088795,0.797568710359408,0.7937367864693446,0.7911986256112066,0.7902957504922201,0.0053081933923357,1,0.7950513692973473,0.7900630966932047,0.7893693634171319,0.7922434012751478,0.7936046511627907,0.7920663763691245,0.0021257854201631,IRAMDEYR,XGBoost,v_grid_ajuste_fino_hiperparametros,0.8,0.05,3.0,150.0,0.8
4.288421297073365,2.855499429969252,0.6101973533630372,0.252684950499564,0.01,{'modelo__C': 0.01},0.811148315450948,0.8061331974434063,0.8143943076094309,0.815288622818261,0.8179224913852831,0.8129773869414658,0.0040494929514823,4,0.8170449276280762,0.8188168822839499,0.8163763720081346,0.816803669996619,0.8171808421352036,0.8172445388103966,0.0008323754918154,0.2941107430375574,0.3240931141127168,0.2972735655787207,0.2876002378674388,0.2854817803386082,0.2977118881870084,0.0138632641510458,4,0.2999863493989882,0.2960176537063732,0.302106360514658,0.3028428957009011,0.3072315071172492,0.301636953287634,0.0036680974300727,0.7180851063829787,0.725177304964539,0.725177304964539,0.7193605683836589,0.7477797513321492,0.7271160072055729,0.0107350962275648,4,0.7395740905057675,0.7320319432120674,0.7369121561668146,0.7401330376940133,0.7374722838137472,0.737224702278482,0.0028671159147162,0.1955577015934331,0.1971084337349397,0.1981589147286821,0.1906779661016949,0.1991485335856196,0.1961303099488739,0.002974477136289,4,0.1991874775958896,0.1967095851216022,0.1984942638623327,0.2001679059726553,0.1994722322178241,0.1988062929540608,0.0011778211014726,0.3074003795066413,0.3099658961727927,0.3112633181126332,0.3014514328247116,0.3145311916324244,0.3089224436498406,0.0043854126910829,4,0.3138473124352819,0.3100920879533922,0.3127471286010168,0.3151137543660908,0.3140105740181269,0.3131621714747817,0.001708540558976,0.7401105143565379,0.743656613647318,0.7444418792098537,0.7369822113866903,0.7530303668139902,0.7436443170828779,0.0053963988014723,4,0.7501810917246687,0.7457675510042563,0.7487608930171975,0.7510452452890397,0.7496298849914294,0.7490769332053183,0.0018138944911849,0.7621359223300971,0.7621359223300971,0.7637064534551685,0.7546038543897217,0.758280982295831,0.760172626960183,0.0033101823089796,4,0.76078809294357,0.759503158796445,0.7606096298675804,0.7619574528840662,0.7617874861691116,0.7609291641321547,0.0008887731904588,0.758853065539112,0.7593816067653277,0.7608350951374208,0.7519820295983086,0.7574996696180785,0.7577102933316495,0.0030568274725447,4,0.7592084833669188,0.7574576327177827,0.7588450992699283,0.7603316705757986,0.7599762156448203,0.7591638203150498,0.0010038440529522,IRSUICTHNK,Regresión Logística,v_grid_ajuste_fino_hiperparametros,,,,,
6.890517616271973,1.2762377761385124,-0.5355355262756347,2.3609545306501225,0.02,{'modelo__C': 0.02},0.8151242603011046,0.8093132445087103,0.8180488808826567,0.8189120179318756,0.8192924266569825,0.8161381660562659,0.0037121962319759,3,0.8213878590445102,0.8229211767389676,0.8208295483167638,0.8203540802151701,0.820601065222754,0.8212187459076331,0.0009173353739474,0.3009959507204383,0.3325907837465227,0.3077397094999047,0.2950533396064863,0.2912940942139069,0.3055347755574518,0.014629748791017,3,0.3089699776862996,0.3057319259802039,0.312038245164307,0.3114402696981282,0.3151142068346387,0.3106589250727155,0.003146122128861,0.7269503546099291,0.725177304964539,0.725177304964539,0.7211367673179396,0.7442273534635879,0.7285338170641069,0.0080751858178247,3,0.7391304347826086,0.735581188997338,0.7386867790594499,0.7392461197339246,0.7392461197339246,0.7383781284614492,0.0014135712261214,0.1993193971803597,0.2004901960784313,0.2015771315919172,0.195474241694752,0.2019277108433735,0.1997577354777667,0.0023279155178464,3,0.2020373514431239,0.2005079211512879,0.2013301088270858,0.2036652412950519,0.2022567338024751,0.2019594713038049,0.0010494928817889,0.3128576879053796,0.3141321044546851,0.3154647126880062,0.3075757575757575,0.3176648976497346,0.3135390320547126,0.0033795745306894,3,0.3173333333333333,0.3151192625677088,0.3164196123147092,0.3193486590038314,0.3176145565399638,0.3171670847519093,0.0013956666185774,0.7458995062598475,0.7461551858917498,0.7469404514542854,0.7412964350508328,0.7538955156809659,0.7468374188675363,0.0040466027700173,3,0.7521365133901622,0.7498086549619591,0.7514685278386088,0.753296674944061,0.752283587403815,0.7517987917077212,0.0011543357814365,0.7648486579097659,0.7671330668189605,0.768703597944032,0.7614561027837259,0.7635636778983438,0.7651410206709656,0.0025617303029198,2,0.7651425919977157,0.7640361209265802,0.7642502766177678,0.7673472301541976,0.7653210550737053,0.7652194549539933,0.0011733067688222,0.7620243128964059,0.7640063424947146,0.7654598308668076,0.7584566596194503,0.762125016519096,0.762414432479295,0.0023540836745091,3,0.7632057084338145,0.7619173466353936,0.7623468005682006,0.7652538733441248,0.7633786997885835,0.7632204857540233,0.0011507747397238,IRSUICTHNK,Regresión Logística,v_grid_ajuste_fino_hiperparametros,,,,,
6.514075326919556,2.08362072244209,0.5447017192840576,0.1670914389075956,0.03,{'modelo__C': 0.03},0.8164062025347218,0.8099767458109044,0.8185131545904873,0.8206130358548767,0.8195068435900115,0.8170031964762003,0.0037764155871735,2,0.822893290893642,0.8246877157451526,0.8222930643041259,0.8221673614443947,0.8220999413802216,0.8228282747535074,0.0009711306842871,0.3018054024314957,0.3333791694797173,0.3084650563321434,0.2959551462997335,0.2936616361114389,0.3066532821309057,0.0143128648039093,2,0.3114248404831856,0.3090957644526403,0.3151760214760922,0.3146624183023068,0.3169094516726162,0.3134536992773682,0.0028098926669193,0.7322695035460993,0.723404255319149,0.725177304964539,0.7317939609236235,0.7406749555950266,0.7306639960696875,0.0061136143236921,1,0.7386867790594499,0.7409050576752441,0.7422360248447205,0.7401330376940133,0.741019955654102,0.740596170985506,0.0011682803674625,0.1999031945788964,0.2013820335636722,0.2014778325123152,0.1977916466634661,0.2004807692307692,0.2002070953098239,0.0013414095698635,2,0.2021857923497267,0.201959124440682,0.2027878787878788,0.2048606849146925,0.2029390332766577,0.2029465027539276,0.0010240026321073,0.3140684410646387,0.3150579150579151,0.315343099460293,0.3114134542705971,0.3155505107832009,0.3142866841273289,0.0015238863582389,2,0.317475450471923,0.3173999809940131,0.3185453160700685,0.3208998269563545,0.3186195061492993,0.3185880161283317,0.0012646354447946,0.7481307540574585,0.7461967021884152,0.7468690636758732,0.7466250318536747,0.7516196022977988,0.7478882308146441,0.0019737068188412,2,0.7520931486045723,0.7526847449920997,0.753742847344015,0.7544540117082288,0.7533846610550912,0.7532718827408014,0.0008204998965444,0.7639920045688178,0.7689891490576813,0.7685608223872074,0.7614561027837259,0.7625642490005711,0.7651124655596007,0.003099602199224,3,0.7654995181496949,0.7644644323089552,0.7652496698433094,0.7687749857224443,0.7657493664560803,0.7659475944960967,0.0014779091182623,0.7616279069767442,0.7655919661733616,0.7653276955602537,0.7592494714587738,0.7609356416016916,0.762546536354165,0.002502758001657,2,0.7635030226949886,0.7627101846651911,0.7635360576128968,0.7666413398962704,0.7639072410147991,0.7640595691768292,0.0013485837623952,IRSUICTHNK,Regresión Logística,v_grid_ajuste_fino_hiperparametros,,,,,
4.8305579662323,1.0533621090792595,0.3564838409423828,0.1430846658849095,0.05,{'modelo__C': 0.05},0.8172439963384652,0.8107004963728933,0.8192884208010822,0.8213701707610526,0.8202355568449593,0.8177677282236907,0.0037841865010701,1,0.8248257118831928,0.8265704378559107,0.8241632607455753,0.8238168702458273,0.8243641906675762,0.8247480942796164,0.0009678379047577,0.302503619972776,0.3325922797932232,0.3098130345806195,0.2958957252033138,0.2972669903391424,0.307614329977815,0.0134107775399195,1,0.3145798861761929,0.3113868824253802,0.3167794021170323,0.3168075427969362,0.3184272435319229,0.3155961914094929,0.0024344763023359,0.7411347517730497,0.7216312056737588,0.7216312056737588,0.7335701598579041,0.7353463587921847,0.7306627363541313,0.0077870357693747,2,0.7409050576752441,0.7471162377994676,0.7440106477373558,0.7427937915742794,0.7454545454545455,0.7440560560481785,0.0021375055196952,0.2023233301064859,0.2015849430411094,0.2011863568956994,0.1989402697495183,0.1997105643994211,0.2007490928384468,0.0012424532730727,1,0.2037579306979014,0.2045178528054408,0.2046869278652508,0.2058498218016468,0.2046505965424884,0.2046926259425456,0.0006700898513914,0.3178707224334601,0.3151374370886566,0.3146501739466563,0.3129973474801061,0.3141122913505311,0.3149535944598819,0.0016229720208259,1,0.3196172248803828,0.3211289092295957,0.3210491050062218,0.3223633564280215,0.3211385996752316,0.3210594390438906,0.0008707906226702,0.7529203170629954,0.7457385040361941,0.7454529529225448,0.7480841520203154,0.7492408550100272,0.7482873562104154,0.0027182813529728,1,0.7539875254468236,0.7566648041265603,0.755718783553869,0.7560699397620112,0.7561373451832816,0.7557156796145093,0.000915496139271,0.7647058823529411,0.7698458023986293,0.7692747001713307,0.7625981441827266,0.7631353512278698,0.7659119760666997,0.0030636152601415,1,0.7670699932184031,0.7662133704536531,0.7674269193703823,0.769346087949743,0.7668201449120177,0.7673753031808398,0.0010619001248211,0.7629492600422833,0.766252642706131,0.7657241014799154,0.760438689217759,0.761067794370292,0.7632864975632762,0.0023616229690539,1,0.7651217336724918,0.7647913844934096,0.7656833272769317,0.7673681080902514,0.7652285940803383,0.7656386295226845,0.0009106292910361,IRSUICTHNK,Regresión Logística,v_grid_ajuste_fino_hiperparametros,,,,,
0.5935430526733398,0.0818629064299327,0.1620325088500976,0.0095678932846008,,"{'modelo__colsample_bytree': 0.8, 'modelo__learning_rate': 0.02, 'modelo__max_depth': 2, 'modelo__n_estimators': 125, 'modelo__subsample': 0.8}",0.8034417263083709,0.8014613483278046,0.8088189727450575,0.8106303160771993,0.8097906245910735,0.8068285976099012,0.0036733233560287,18,0.8114899041363497,0.8119892286211449,0.8096649806260676,0.8114150323983381,0.8113053549131993,0.8111729001390199,0.000789541294778,0.2803630316526243,0.3223031155955422,0.2887184039148537,0.2893199337827539,0.2837454088531475,0.2928899787597843,0.0150720100779348,18,0.3022646559097774,0.2940664429924223,0.3005558634079726,0.3053240529136772,0.3091809291278282,0.3022783888703355,0.005046275242903,0.7216312056737588,0.75177304964539,0.7429078014184397,0.7495559502664298,0.7460035523978685,0.7423743118803774,0.0108041163859297,1,0.7404614019520852,0.751109139307897,0.7409050576752441,0.7494456762749445,0.7476718403547672,0.7459186231129876,0.0044129906927456,0.1838301716350497,0.171174808235769,0.1835304424003504,0.1815834767641996,0.180722891566265,0.1801683581203267,0.0046455677062662,18,0.1861476689716707,0.1700652938221999,0.1820560340128638,0.1841961852861035,0.1816810344827586,0.1808292433151193,0.0056163176903679,0.2930165586753059,0.2788556395922394,0.2943449244819108,0.2923449948042951,0.2909594735019051,0.2899043182111313,0.0056311380537606,18,0.2975044563279857,0.2773363911868294,0.2922901899011114,0.2957130358705161,0.2923276983094928,0.2910343543191871,0.007136334307255,0.7318178872457886,0.7293274157421696,0.7383870817486259,0.739017803827005,0.7370794461018468,0.7351259269330871,0.0038513356705167,18,0.7400061944264478,0.7281083762713594,0.7365516829226418,0.7411384577833888,0.7383110602708982,0.7368231543349472,0.0046257649221671,0.7420045688178184,0.7068817818389491,0.7338663620788121,0.7284796573875802,0.7281553398058253,0.727877541985797,0.0116335765089588,18,0.7395509869008102,0.7051076132348217,0.7321983081700396,0.7328312392918332,0.7289502801870293,0.7277276855569068,0.0118235831407323,0.7404862579281184,0.7102272727272727,0.7345401691331924,0.7300475687103594,0.729483282674772,0.728956910234743,0.0101623281110102,18,0.739618777047339,0.7085329192956955,0.7328466188761521,0.7340689108387566,0.7303448731501057,0.7290824198416097,0.0107137749747291,IRSUICTHNK,XGBoost,v_grid_ajuste_fino_hiperparametros,0.8,0.02,2.0,125.0,0.8
1.680772638320923,2.205756025043974,-1.0136918544769289,2.359387044438274,,"{'modelo__colsample_bytree': 0.8, 'modelo__learning_rate': 0.02, 'modelo__max_depth': 2, 'modelo__n_estimators': 150, 'modelo__subsample': 0.8}",0.8062623030001094,0.8034509662158604,0.8114957612873698,0.8119648107226125,0.8117164462225595,0.8089780574897023,0.0034837439784361,17,0.8137212230665252,0.8142757254207335,0.8124887272935031,0.8134431180282158,0.8135701423597188,0.8134997872337394,0.00057991677738,0.2863228406235069,0.3297960084890312,0.3006734790524925,0.2923315090211548,0.2875373056084593,0.299332228558929,0.0160450322307222,17,0.3085052121974685,0.3004194078627238,0.3084767767255589,0.3111023577537302,0.3144278753671852,0.3085863259813333,0.0046297137524581,0.725177304964539,0.7446808510638298,0.7411347517730497,0.7513321492007105,0.7477797513321492,0.7420209616668557,0.0090711743714385,2,0.7426796805678794,0.7471162377994676,0.7409050576752441,0.7472283813747228,0.7481152993348116,0.7452089313504251,0.002866475511313,0.1834080717488789,0.1822125813449024,0.1867739052725648,0.182800345721694,0.1806866952789699,0.183176319873402,0.0020131919318,17,0.1857729441793363,0.1823102738984519,0.1858860195903829,0.1854297347859579,0.1818279801681397,0.1842453905244537,0.001789765594558,0.2927702219040802,0.292784942488672,0.2983583154889365,0.2940563086548488,0.2910473556861389,0.2938034288445353,0.0024702919193943,17,0.2972037283621837,0.2930989470020015,0.2972059085246485,0.2971257273849409,0.2925518078557184,0.2954372238258986,0.0021397659654902,0.732591507993406,0.7377744632246619,0.7406416191760736,0.7406910567559584,0.7376106066769256,0.7378618507654051,0.0029522463333051,17,0.7404014814303865,0.7387649576048056,0.7399246350588449,0.7415111067353339,0.7385863286837173,0.7398377019026177,0.0010809628786605,0.740005711022273,0.730868075385494,0.7401484865790977,0.7300499643112063,0.7274414620217019,0.7337027398639546,0.0053264770402294,17,0.7381232822928936,0.7304136774101438,0.7389442124424457,0.7357938320959452,0.7290573580326231,0.7344664724548103,0.0040216405536067,0.7389006342494715,0.7318974630021141,0.7402219873150105,0.7316331923890064,0.72895467160037,0.7343215897111945,0.0044201814722602,17,0.738462554920551,0.7316573618314558,0.7390902183608073,0.7366456344355984,0.7304770084566596,0.7352665556010145,0.0035412627266928,IRSUICTHNK,XGBoost,v_grid_ajuste_fino_hiperparametros,0.8,0.02,2.0,150.0,0.8
0.445963716506958,0.2050089145702074,0.1711721420288086,0.0103797049345319,,"{'modelo__colsample_bytree': 0.8, 'modelo__learning_rate': 0.02, 'modelo__max_depth': 2, 'modelo__n_estimators': 175, 'modelo__subsample': 0.8}",0.8080494023678466,0.8046635458562685,0.8130681910235691,0.8134198739038214,0.8127110567622865,0.8103824139827583,0.0034644056957334,16,0.8155860276111357,0.8162584945336301,0.814533562602171,0.8154132149383122,0.8154537706636301,0.8154490140697759,0.0005501612353512,0.2885126133732707,0.3331799654306752,0.3069815685059687,0.2950864338717053,0.2901996287405262,0.3027920419844292,0.0165095449543763,16,0.3134987011686665,0.3043876362213704,0.3143171321912172,0.3158660883833977,0.3187547427279802,0.3133648601385264,0.0048336789674839,0.7304964539007093,0.74822695035461,0.7375886524822695,0.7460035523978685,0.7477797513321492,0.7420190720935212,0.0069281831534634,3,0.7444543034605147,0.7506654835847383,0.7431233362910381,0.7494456762749445,0.7458980044345898,0.7467173608091651,0.0028893308706531,0.1876993166287016,0.1845212068211631,0.18926296633303,0.1821335646140503,0.1852177738671359,0.1857669656528161,0.0024904269048765,16,0.1892196662156066,0.1845751063597687,0.189651268115942,0.1863080145518686,0.1862679955703211,0.1872044101627014,0.0019309068682962,0.2986589343965204,0.2960364784286215,0.3012309920347574,0.292784942488672,0.2968970380818053,0.2971216770860754,0.0028030346113693,16,0.3017442905952167,0.2962962962962963,0.3021829334295507,0.2984283948437224,0.298094816127603,0.2993493462584778,0.0022586759865609,0.7379638180411598,0.7409752684382986,0.7415813051103524,0.7383836462917251,0.7416797100464287,0.7401167495855929,0.001610191551954,16,0.7439122000937509,0.7419315924901597,0.7438356446597783,0.7429945400221096,0.7418143339801531,0.7428976622491903,0.0008972596348117,0.7454311821816105,0.7337235865219874,0.7455739577384352,0.7307637401855818,0.7355796687607081,0.7382144270776646,0.0061460000199526,16,0.7433700967269872,0.7331977013955813,0.7445479530285184,0.7365434037692747,0.7377306635257165,0.7390779636892156,0.0042698919364847,0.7443181818181818,0.7348044397463002,0.7449788583509513,0.7318974630021141,0.7364873794105986,0.7384972644656292,0.0052369477717355,16,0.7434508275246936,0.7344983647715635,0.7444418750619405,0.7375045423012124,0.7383390591966174,0.7396469337712055,0.0037488454096441,IRSUICTHNK,XGBoost,v_grid_ajuste_fino_hiperparametros,0.8,0.02,2.0,175.0,0.8
0.6078837871551513,0.0366789624347948,0.162736177444458,0.0142606817163035,,"{'modelo__colsample_bytree': 0.8, 'modelo__learning_rate': 0.02, 'modelo__max_depth': 3, 'modelo__n_estimators': 125, 'modelo__subsample': 0.8}",0.8112014765625316,0.8070769337480912,0.8147668151127421,0.814532502158443,0.814397482078244,0.8123950419320105,0.0029634670143855,14,0.8210672351641999,0.8227219774253551,0.8205337303289588,0.8210412073683584,0.8206606900925768,0.8212049680758898,0.0007866262043287,0.2960432418630093,0.3341809554735738,0.3074717921366776,0.2983783440014853,0.287111061086394,0.304637078912228,0.0161311087038667,14,0.326073259599361,0.3158980527600294,0.3237318184157505,0.3291461647068532,0.3291593987372395,0.3248017388438467,0.0048969450978945,0.723404255319149,0.7340425531914894,0.7322695035460993,0.7353463587921847,0.7513321492007105,0.7352789640099265,0.0090476910569757,14,0.7431233362910381,0.7453416149068323,0.7431233362910381,0.7463414634146341,0.7472283813747228,0.745031626455653,0.0016685706804428,0.1948424068767908,0.1950989632422243,0.1976076555023923,0.1913123844731978,0.1952908587257617,0.1948304537640734,0.0020186071423747,9,0.1983657034580767,0.1956445790147898,0.1992150333016175,0.1972573839662447,0.196044211751018,0.1973053822983493,0.0013507161398363,0.3069977426636568,0.308265078183172,0.3112283345892991,0.3036303630363036,0.3100036643459142,0.3080250365636692,0.0026306727006566,9,0.3131426434847635,0.3099345078867263,0.3141999624835865,0.3120422731065171,0.3105990783410138,0.3119836930605214,0.0015731983766348,0.7413423332563763,0.7450909510674751,0.7464174473755625,0.7427624013803893,0.7512371768276539,0.7453700619814915,0.0034240457992776,10,0.7507600120081739,0.7494063608674149,0.7514024790817364,0.7509370081207951,0.7502962051785631,0.7505604130513366,0.0006771087110227,0.7592804111936037,0.7561393489434609,0.7605653912050258,0.7501784439685939,0.7511422044545973,0.7554611599530563,0.0041871293696009,9,0.7583966877253097,0.7534711068279973,0.7596816218724346,0.755532552826956,0.7533640289824035,0.7560891996470203,0.0025620624317019,0.7566067653276956,0.754492600422833,0.7584566596194503,0.7490750528541226,0.7511563367252544,0.7539574829898711,0.0034418652600867,9,0.7572594232103333,0.7528657791285389,0.7584486802550295,0.7548478742030326,0.752906976744186,0.7552657467082241,0.0022629215415398,IRSUICTHNK,XGBoost,v_grid_ajuste_fino_hiperparametros,0.8,0.02,3.0,125.0,0.8
0.5405921936035156,0.1925932953958116,0.163334846496582,0.0117035167536758,,"{'modelo__colsample_bytree': 0.8, 'modelo__learning_rate': 0.02, 'modelo__max_depth': 3, 'modelo__n_estimators': 150, 'modelo__subsample': 0.8}",0.8126111320380248,0.8086062017246478,0.8163632939232294,0.8160507021754317,0.8158169957182548,0.8138896651159178,0.0029682707470113,10,0.8234521241840778,0.8252078556437357,0.8229346287694068,0.8232563416406969,0.8230366786335853,0.8235775257743004,0.0008345888183054,0.2955792344903678,0.336786554074367,0.313225343982458,0.297024284368808,0.2872690058649872,0.3059768845561976,0.0175500473048063,13,0.3318873996547747,0.3205170689942426,0.3304116224948253,0.3360668741814361,0.3349713947911581,0.3307708720232874,0.0055173943327722,0.7269503546099291,0.7340425531914894,0.7322695035460993,0.7424511545293073,0.7513321492007105,0.7374091430155072,0.008560467944801,11,0.7475598935226264,0.7528837622005324,0.7475598935226264,0.7467849223946785,0.7490022172949002,0.7487581377870729,0.0021838273387067,0.197685631629701,0.1964878974845752,0.1975131516021042,0.1954184198223469,0.1963788300835654,0.1966967861244585,0.0008274320439186,8,0.2008582667779234,0.1990382359840488,0.2012901684386572,0.1994315490288962,0.1984490659146986,0.1998134572288449,0.0010844988244087,0.310841546626232,0.3099962560838637,0.3111111111111111,0.30940044411547,0.3113728376886271,0.3105444391250608,0.0007355084521295,8,0.3166400451000657,0.3148423005565863,0.3171764705882353,0.3147957753061033,0.3137655582389002,0.3154440299579782,0.001267389635068,0.7446859140268378,0.7461617677436602,0.7463460595971502,0.7483847492846394,0.752093830168602,0.7475344641641779,0.0025659946185115,6,0.7541383006179003,0.7545694465069835,0.7544595341546816,0.7527471156804917,0.7527535982073601,0.7537335990334835,0.0008152247783902,0.7624214734437464,0.758280982295831,0.760422615648201,0.7543183440399714,0.7528555111364934,0.7576597853128486,0.0036038610170544,8,0.7607167077131741,0.7562551308134347,0.7613591747867366,0.758709308966305,0.7565049791198201,0.7587090602798942,0.0020944449748861,0.7597780126849895,0.7564746300211417,0.7583245243128964,0.7534355179704016,0.7527421699484604,0.756150970987578,0.0027194900373251,8,0.7597370420534505,0.7560040963298206,0.7603316705757986,0.7578210168147732,0.755946088794926,0.7579679829137538,0.0018266414525024,IRSUICTHNK,XGBoost,v_grid_ajuste_fino_hiperparametros,0.8,0.02,3.0,150.0,0.8
0.6509209632873535,0.0223348615492217,0.1644066333770752,0.0135013379823967,,"{'modelo__colsample_bytree': 0.8, 'modelo__learning_rate': 0.02, 'modelo__max_depth': 3, 'modelo__n_estimators': 175, 'modelo__subsample': 0.8}",0.8136262561211224,0.8093684308054971,0.8176924482868959,0.8173841825744868,0.8166812569929591,0.8149505149561923,0.0031416470009182,8,0.8254516469734958,0.827429016271937,0.8252632314535613,0.8254453188611892,0.8251623835924135,0.8257503194305194,0.0008465431963329,0.2955509250148209,0.3391565961533976,0.3173475018646714,0.2956704668069198,0.289938681830896,0.3075328343341411,0.018386006238064,10,0.3383108838096468,0.3267558486393958,0.3360245061733261,0.3405730352742809,0.3410647911946912,0.3365458130182681,0.0052128748521916,0.7269503546099291,0.7358156028368794,0.7287234042553191,0.7460035523978685,0.7531083481349912,0.7381202524469975,0.0100515492728362,10,0.7524401064773736,0.7551020408163265,0.7484472049689441,0.7476718403547672,0.7521064301552106,0.7511535245545244,0.0027422761846273,0.197495183044316,0.1976190476190476,0.1968390804597701,0.196629213483146,0.1979458450046685,0.1973056739221896,0.000493810486089,6,0.2014969704170132,0.1992507609459143,0.2020601269613127,0.2006903940007142,0.1989442815249266,0.2004885067699762,0.0012201961923869,0.3106060606060606,0.3115615615615615,0.3099547511312217,0.3112263801407929,0.3134935304990758,0.3113684567877425,0.0011960957425726,7,0.3178708649611095,0.3153019636902556,0.31821182684146,0.3164414414414414,0.3146567717996289,0.3164965737467791,0.0013889401343164,0.7445431384700131,0.7476193947936538,0.7446443977301724,0.7505178361561078,0.7539099707551027,0.74824694758101,0.0035865625953052,2,0.7562750198660916,0.7554822764312921,0.7553315012602153,0.7539936871676749,0.7541807804843226,0.7550526530419193,0.000853004539013,0.7621359223300971,0.7594231867504283,0.7605653912050258,0.7550321199143469,0.7547115933752142,0.7583736427150225,0.0029878564899378,6,0.7601099332548096,0.7558625120462577,0.7622157975514866,0.7603155339805825,0.7562551308134347,0.7589517815293141,0.0024767094211071,0.7595137420718816,0.7576638477801269,0.7581923890063424,0.7543604651162791,0.7545923087088674,0.7568645505366994,0.0020422425708914,6,0.7595388325460011,0.7558058868223713,0.7611905784414126,0.75937365795646,0.755946088794926,0.7583710089122342,0.0021344403663054,IRSUICTHNK,XGBoost,v_grid_ajuste_fino_hiperparametros,0.8,0.02,3.0,175.0,0.8
0.4578011512756347,0.181423369467489,0.1641324520111084,0.0110759514472505,,"{'modelo__colsample_bytree': 0.8, 'modelo__learning_rate': 0.03, 'modelo__max_depth': 2, 'modelo__n_estimators': 125, 'modelo__subsample': 0.8}",0.8090328829321441,0.8051356671567615,0.8136810626956834,0.8134638668395956,0.8134316548878946,0.810949026902416,0.003388764979954,15,0.8163355329422093,0.8170948561177475,0.8149077887462104,0.8161969688527684,0.8160954463266561,0.8161261185971183,0.0007032204383148,0.2883824230297935,0.3333919307939654,0.3090260103402459,0.2950902636113641,0.2907212919522891,0.3033223839455316,0.0166521275427663,15,0.3158429889223609,0.3049824178046401,0.3147174605726054,0.3182918905292539,0.3202014748366582,0.3148072465331036,0.0052696968817954,0.7304964539007093,0.7464539007092199,0.7411347517730497,0.7442273534635879,0.7477797513321492,0.7420184422357432,0.0061851820864592,4,0.7448979591836735,0.7506654835847383,0.7417923691215617,0.7498891352549889,0.7450110864745011,0.7464512067238928,0.0033397836487887,0.18625678119349,0.1857079841199823,0.1902594446973145,0.1819366044290056,0.1855442926399295,0.1859410214159444,0.0026455827101985,15,0.1874930206588498,0.1864668283006391,0.1893330313667761,0.1868508287292817,0.1865215943155323,0.1873330606742158,0.0010645988721397,0.2968299711815562,0.2974214058636524,0.3027888446215139,0.2923935799023028,0.297316384180791,0.2973500371499633,0.003299205655536,15,0.2995806940851102,0.298728813559322,0.3016689219666215,0.2991596638655462,0.2983484283431007,0.2994973043639401,0.0011616688161494,0.7367502258081502,0.7414451114054381,0.7435685180909795,0.7376383019994599,0.741965261160078,0.7402734836928211,0.0026248658197957,15,0.74259924550182,0.7435912990968628,0.7431344684598421,0.7436089022933996,0.7417456474596869,0.7429359125623222,0.0007002780671149,0.7430039977155911,0.7364363221016562,0.7460022844089091,0.7310492505353319,0.7361507709880069,0.738528525149899,0.0053264905774343,15,0.7403005318199665,0.7365171146089874,0.7444765677981225,0.7373286693318104,0.7384802084448727,0.7394206184007519,0.0028294108218863,0.7420718816067653,0.7371828752642706,0.7456395348837209,0.7320295983086681,0.7370159904850007,0.7387879761096852,0.0046716131095615,15,0.7406428595024941,0.7375706121370288,0.7442767004723994,0.7382643454131016,0.7389667019027484,0.7399442438855545,0.0023945779895687,IRSUICTHNK,XGBoost,v_grid_ajuste_fino_hiperparametros,0.8,0.03,2.0,125.0,0.8
0.5983585357666016,0.0219974769308966,0.16940598487854,0.0141593164976185,,"{'modelo__colsample_bytree': 0.8, 'modelo__learning_rate': 0.03, 'modelo__max_depth': 2, 'modelo__n_estimators': 150, 'modelo__subsample': 0.8}",0.8111673015622278,0.8063064773523538,0.8157790279921099,0.8147552560147979,0.8149263602731958,0.8125868846389371,0.0035163472994343,13,0.8185019194994394,0.8197212957819151,0.8172397564173786,0.8183322944380216,0.8181269180328984,0.8183844368339305,0.0007975364620975,0.2929158793065393,0.3366288992556962,0.3140510147091295,0.2966324905678397,0.2916089140610748,0.3063674395800559,0.0171366335668441,12,0.3204306443411229,0.3083892598314067,0.3191097761674716,0.3228794176277808,0.3243027117364291,0.3190223619408422,0.0056180554210783,0.7358156028368794,0.7340425531914894,0.7411347517730497,0.7424511545293073,0.7548845470692718,0.7416657218799995,0.0073208300998967,5,0.7448979591836735,0.7466725820763088,0.7457852706299911,0.7490022172949002,0.7463414634146341,0.7465398985199017,0.0013700673854185,0.1898444647758463,0.1909594095940959,0.1929824561403508,0.1861086375779163,0.1886373723923657,0.189706468096115,0.002298188556599,14,0.1910559854346836,0.191860465116279,0.1925544100801832,0.1916922029281579,0.1893564356435643,0.1913038998405737,0.0010842876375388,0.3018181818181818,0.3030746705710102,0.3062271062271062,0.2976148095407618,0.3018465909090909,0.3021162718132302,0.0027655826070787,14,0.3041115739902191,0.3052784327952113,0.306081573197378,0.3052593529730706,0.3020730503455084,0.3045607966602776,0.0013933001510114,0.741480045850193,0.7418071132605077,0.7457815392217618,0.7407473474288221,0.746945414596886,0.7433522920716341,0.0025095972291204,14,0.7455795788708459,0.7468238164691428,0.7470940130499422,0.7473951691842862,0.7445880854568263,0.7462961326062086,0.0010539278136401,0.7471444888635066,0.749571673329526,0.750428326670474,0.7390435403283369,0.7390062821245003,0.7450388622632687,0.0050271716575562,14,0.7462611985580183,0.7469750508619767,0.7484027554698933,0.7457881210736722,0.7428347074990185,0.7460523666925157,0.0018353441454953,0.7463002114164905,0.7484143763213531,0.7497357293868921,0.7392970401691332,0.7401876569314128,0.7447870028450565,0.0042715619138542,14,0.7461596907931684,0.7469525288229659,0.7482078557034786,0.7460275511215355,0.7430959302325582,0.7460887113347413,0.0016853765685624,IRSUICTHNK,XGBoost,v_grid_ajuste_fino_hiperparametros,0.8,0.03,2.0,150.0,0.8
0.5077663898468018,0.1861204061306243,0.163563585281372,0.0152313538364112,,"{'modelo__colsample_bytree': 0.8, 'modelo__learning_rate': 0.03, 'modelo__max_depth': 2, 'modelo__n_estimators': 175, 'modelo__subsample': 0.8}",0.8124286122215878,0.8069332721727401,0.8171083089298516,0.8157656989488604,0.8159761283326554,0.8136424041211392,0.0037000780543211,11,0.8199629097671369,0.8215625850055102,0.819015274000679,0.8200451183422588,0.8198666995576886,0.8200905173346547,0.0008235982773077,0.2942065448722804,0.3388959639550052,0.3177836558665419,0.2960996332067539,0.2940740959182371,0.3082119787637637,0.0177531111330444,9,0.32308750967908,0.3120202119395164,0.3231277372887213,0.3260427607374643,0.3279177588269645,0.3224391956943493,0.0055217743172183,0.7375886524822695,0.7322695035460993,0.7340425531914894,0.7335701598579041,0.7584369449378331,0.739181562803119,0.0097875526095002,7,0.7484472049689441,0.7484472049689441,0.7431233362910381,0.7463414634146341,0.7490022172949002,0.7470722853876921,0.0021741087645538,0.1925925925925926,0.1938967136150234,0.1946403385049365,0.1886706258565555,0.1913082437275985,0.1922217028593413,0.0021089131834717,12,0.1940865163368614,0.1942205848491826,0.1955633391710449,0.1945889698231009,0.1916052183777651,0.194012925711591,0.0013100535268891,0.3054331864904552,0.3066072754268745,0.3076923076923077,0.3001453488372093,0.3055456171735241,0.3050847471240742,0.0026018812878623,12,0.3082404531335648,0.3084095063985375,0.3096404473611239,0.3086940572267058,0.3051490514905149,0.3080267031220893,0.0015180670801077,0.7442940406900211,0.7435619362390691,0.7447340121754135,0.7400184846398727,0.7503635324346505,0.7445944012358053,0.0033285906664481,12,0.7492102177537728,0.7493172955993666,0.7486006087887,0.7488489156022342,0.747328320697277,0.7486610716882701,0.0007137727264308,0.7509994288977727,0.7548543689320388,0.7554254711593376,0.7464668094218415,0.7422901199314678,0.7500072396684917,0.0050184642555186,12,0.7499732305386015,0.7501873862297891,0.7540778812863619,0.7513563677898344,0.7456544240996538,0.7502498579888481,0.0027231072106273,0.75,0.7531712473572939,0.7538319238900634,0.745507399577167,0.7434914761464253,0.74920040939419,0.0041009283370396,12,0.74985960159889,0.7500578111063394,0.7532621981434376,0.7509827888077698,0.7459038054968288,0.750013241030653,0.0023836441507121,IRSUICTHNK,XGBoost,v_grid_ajuste_fino_hiperparametros,0.8,0.03,2.0,175.0,0.8
0.573252534866333,0.0206604705809178,0.1632796287536621,0.0129201407318254,,"{'modelo__colsample_bytree': 0.8, 'modelo__learning_rate': 0.03, 'modelo__max_depth': 3, 'modelo__n_estimators': 125, 'modelo__subsample': 0.8}",0.8146068254816903,0.8090833859881486,0.8181674807911183,0.818051683458783,0.8169825311697048,0.815378381377889,0.0033976810199011,6,0.8264674059123502,0.8282343645522101,0.8260851988108753,0.826080139825073,0.8263179458591303,0.8266370109919278,0.000811998647556,0.3031360984104125,0.341029390729591,0.3219450173379228,0.2948104723619925,0.2913940986422935,0.3104630154964425,0.0185927355261844,4,0.3400678023671751,0.3283813018859309,0.3374901940312683,0.3417989917137566,0.3439347207915558,0.3383346021579373,0.0054064501858331,0.7287234042553191,0.7375886524822695,0.7269503546099291,0.7495559502664298,0.7513321492007105,0.7388301021629317,0.0101603143603195,9,0.7528837622005324,0.7577639751552795,0.7515527950310559,0.7498891352549889,0.7516629711751663,0.7527505277634047,0.0026816903730412,0.1968390804597701,0.1966903073286052,0.197685631629701,0.1971041569360112,0.1981264637002341,0.1972891280108643,0.0005392011651921,7,0.2014004272489912,0.1999063670411985,0.2034834834834835,0.2011658339281465,0.1989203145170754,0.200975285243779,0.0015410128972064,0.3099547511312217,0.3105636431504293,0.310841546626232,0.3121301775147929,0.3135656041512231,0.3114111445147798,0.0012901540051526,6,0.3177902621722846,0.3163548805334321,0.3202571131486908,0.3172310289841478,0.3145879732739421,0.3172442516224995,0.0018559327861605,0.7446443977301724,0.7475064907185762,0.7446859140268378,0.7520799023280758,0.7534501979584363,0.7484733805524197,0.0036801249679153,1,0.7563540772668793,0.7568846288311644,0.7574375318268389,0.7551023346177856,0.7540125899170974,0.7559582324919532,0.0012426838685224,0.7605653912050258,0.7574243289548829,0.7624214734437464,0.7546038543897217,0.7555682467161622,0.7581166589419077,0.0029611227295334,7,0.7598243923332263,0.7560052825070492,0.763322268622622,0.7603155339805825,0.7563622086590285,0.7591659372205017,0.0027159108466443,0.7581923890063424,0.755946088794926,0.7597780126849895,0.7542283298097252,0.7552530725518699,0.7566795785695706,0.0020233851109408,7,0.7593075881206435,0.7561362360014535,0.7624459053219252,0.7595388325460011,0.756012156448203,0.7586881436876454,0.0024042169612525,IRSUICTHNK,XGBoost,v_grid_ajuste_fino_hiperparametros,0.8,0.03,3.0,125.0,0.8
0.6067491054534913,0.0233234819823158,1.2497490882873534,2.1818552157207245,,"{'modelo__colsample_bytree': 0.8, 'modelo__learning_rate': 0.03, 'modelo__max_depth': 3, 'modelo__n_estimators': 150, 'modelo__subsample': 0.8}",0.815872566233682,0.8098580193283677,0.8194744846916251,0.8190233314696556,0.8175197780917882,0.8163496359630237,0.0034828506111612,5,0.8284623919075118,0.8306290159932369,0.8283978079096925,0.8283164055129726,0.8288892228641354,0.82893896883751,0.000867905509086,0.3027070626334538,0.3420666222536271,0.3254729475918814,0.2938725696012002,0.2907574425036053,0.3109753289167535,0.0197305904785497,1,0.3451474084207772,0.3331775385803465,0.3433814054283438,0.3489757608181561,0.3491955572854531,0.3439755341066153,0.0058407858175808,0.7304964539007093,0.7358156028368794,0.723404255319149,0.7460035523978685,0.7477797513321492,0.7366999231573511,0.0092234477928718,12,0.7524401064773736,0.7568766637089619,0.7506654835847383,0.7507760532150776,0.7547671840354767,0.7531050982043256,0.0024002341434466,0.1965648854961832,0.1981852913085005,0.1982507288629737,0.1975540921919097,0.1986786219915054,0.1978467239702145,0.0007346625545018,5,0.2020490826781034,0.2010606953447259,0.2041998551774076,0.2029246074553518,0.2012771996215704,0.2023022880554318,0.0011527804767207,0.3097744360902256,0.3122648607975922,0.3112128146453089,0.3123837857939754,0.313944817300522,0.3119161429255248,0.0013811149528262,4,0.318557475582269,0.3177204581432163,0.3210626185958254,0.3194942441970183,0.3178041265988236,0.3189277846234305,0.0012438461247482,0.7450312081039812,0.7480477214641279,0.7439122932792204,0.7512316120304832,0.7526734279219285,0.7481792525599482,0.0033955540446559,4,0.7566854849408676,0.7574582126411462,0.7576541894848416,0.7567058449970305,0.7568496304943775,0.7570706725116526,0.0004052178583135,0.759565962307253,0.7602798400913764,0.7644203312392919,0.7564596716630978,0.7575671045117076,0.7596585819625453,0.0027450355651268,5,0.7609308634043617,0.7580397615733305,0.7646428953849449,0.7626356367789834,0.7589320769532784,0.7610362468189799,0.0024076346250099,0.757399577167019,0.7584566596194503,0.7613636363636364,0.7556818181818182,0.756838905775076,0.7579481194214,0.001928302048036,5,0.7602986356578904,0.7579531564864062,0.7636021274487133,0.7617521720458524,0.7586218287526427,0.760445584078301,0.0020606217893252,IRSUICTHNK,XGBoost,v_grid_ajuste_fino_hiperparametros,0.8,0.03,3.0,150.0,0.8
0.4653748512268066,0.2303096637863974,0.1661631107330322,0.0167026614566964,,"{'modelo__colsample_bytree': 0.8, 'modelo__learning_rate': 0.03, 'modelo__max_depth': 3, 'modelo__n_estimators': 175, 'modelo__subsample': 0.8}",0.8172046318010782,0.8103144454435359,0.8199566053440586,0.8197185973479992,0.8177771798505397,0.8169942919574422,0.0035064125887827,3,0.8308125067557062,0.8329048240105459,0.8309336146177444,0.8306354082114622,0.8314223063966469,0.8313417319984211,0.0008240487021989,0.3029112126293465,0.3421819309365492,0.325367310863135,0.2918036862237682,0.2908465210109143,0.3106221323327426,0.0200903368691846,2,0.3490757365890996,0.3390899013996262,0.349184258582159,0.3542661978688265,0.3534215983109366,0.3490075385501295,0.0053950501201263,0.7287234042553191,0.7358156028368794,0.7287234042553191,0.738898756660746,0.738898756660746,0.7342119849338019,0.00462065546321,15,0.7519964507542147,0.7608695652173914,0.7546583850931677,0.753880266075388,0.7547671840354767,0.7552343702351277,0.0029874124240664,0.1989351403678606,0.1998074145402022,0.2000973709834469,0.1973434535104364,0.1990430622009569,0.1990452883205806,0.000958758942827,3,0.2038975099242151,0.2032954006638217,0.206031976744186,0.2057862244280353,0.2036372337879875,0.2045296691096491,0.0011450191380405,0.3125475285171102,0.3142748958727754,0.3139801375095493,0.3114938225383751,0.3136072370900867,0.3131807243055793,0.0010261345450984,2,0.3208100690829942,0.3208606173994387,0.3236917221693625,0.3233168505135032,0.320738716668237,0.3218835951667071,0.0013291525636921,0.7462149288552438,0.7492613136971376,0.7470715821961919,0.7486785003860474,0.7499462372681229,0.7482345124805487,0.0013865476993517,3,0.7578913616872047,0.7604897492361005,0.7603466462354156,0.7598463294968603,0.7585985686390754,0.7594345310589313,0.0010193353057093,0.7637064534551685,0.7627070245573958,0.7654197601370646,0.758458244111349,0.7609937178754997,0.7622570400272956,0.0023804586585444,3,0.7637862726201948,0.7601099332548096,0.7660349073776636,0.7658123929183324,0.762429953242674,0.7636346918827349,0.0022091496788808,0.7610993657505285,0.7607029598308668,0.7626849894291755,0.7570031712473573,0.7593498083784855,0.7601680589272828,0.0019065381461795,3,0.7629083941726404,0.7601664959862575,0.7651878035083083,0.7649235241650425,0.7618591437632135,0.7630090723190925,0.0018881052643385,IRSUICTHNK,XGBoost,v_grid_ajuste_fino_hiperparametros,0.8,0.03,3.0,175.0,0.8
0.4585106372833252,0.1952936736061742,0.1660160064697265,0.0122615798178054,,"{'modelo__colsample_bytree': 0.8, 'modelo__learning_rate': 0.04, 'modelo__max_depth': 2, 'modelo__n_estimators': 125, 'modelo__subsample': 0.8}",0.8124831656479986,0.8065881046696721,0.8158234554925048,0.8157110564263284,0.8152801291928591,0.8131771822858725,0.0035140651292591,12,0.8198475342594473,0.8207023518076346,0.8183846041757067,0.8189443298792835,0.8192517181720601,0.8194261076588265,0.0007941851842466,0.298594674415175,0.3353972955579555,0.3146964962639051,0.2939546283668591,0.2926557482979364,0.3070597685803662,0.016200082496432,11,0.3236841505541413,0.3110790643699232,0.3225210637288086,0.323131381439062,0.3254384243460799,0.321170816887603,0.0051388669628571,0.7393617021276596,0.7340425531914894,0.7358156028368794,0.738898756660746,0.7531083481349912,0.740245392590353,0.0067252987498277,6,0.7471162377994676,0.7497781721384206,0.7466725820763088,0.7432372505543238,0.743680709534368,0.7460969904205778,0.0024057346169935,0.193953488372093,0.1911357340720221,0.1929335192933519,0.187725631768953,0.1912494361750112,0.1913995619362863,0.00211969201411,13,0.1947045901260261,0.1923733636881047,0.1937154696132596,0.192422502870264,0.1917886550777676,0.1930009162750844,0.0010593443812378,0.3072955047899779,0.3032967032967033,0.3057090239410681,0.2993882691615689,0.3050359712230215,0.3041450944824679,0.0027022870521701,13,0.308905805741539,0.3061871546335719,0.3076220069457138,0.3056999544003648,0.3049368124374943,0.3066703468317368,0.0014200852916076,0.7459658310752518,0.7419498888173324,0.7439786180946247,0.7409697209427927,0.7485558873741776,0.7442839892608358,0.0027423842288414,13,0.7492585864729928,0.7482695336546048,0.7483229063074552,0.7460832169390694,0.7457204989653494,0.7475309484678944,0.0013806587091058,0.752569960022844,0.7498572244431754,0.75214163335237,0.7430406852248393,0.7440034266133638,0.7483225859313185,0.0040381688307116,13,0.7514009351465182,0.7467608951707891,0.7499732305386015,0.748929183323815,0.7477602883963308,0.7489649065152111,0.0016285576313887,0.7515856236786469,0.7486786469344608,0.7509249471458774,0.7427325581395349,0.7446808510638298,0.7477205253924699,0.0034711593960892,13,0.7510818935614945,0.7469855637408741,0.7497274619272571,0.7485051699646527,0.7474563953488372,0.7487512969086232,0.0014993159135921,IRSUICTHNK,XGBoost,v_grid_ajuste_fino_hiperparametros,0.8,0.04,2.0,125.0,0.8
0.5708726406097412,0.0256120248979369,0.1596609115600586,0.0131627089096925,,"{'modelo__colsample_bytree': 0.8, 'modelo__learning_rate': 0.04, 'modelo__max_depth': 2, 'modelo__n_estimators': 150, 'modelo__subsample': 0.8}",0.8143186163124618,0.8080061140341284,0.8177524443985402,0.8164413138040197,0.8165635876175299,0.814616415233336,0.0034854319718962,9,0.8216779684308161,0.8230555466086489,0.8206830407409826,0.820815457369308,0.8212015479673531,0.8214867122234217,0.0008573925412474,0.3013951086212353,0.3379211275675137,0.3174003474615549,0.2928982647922913,0.2936365157462105,0.3086502728377612,0.0170852147180515,8,0.3266961400976758,0.3143511140357371,0.3258138431948844,0.3265123827440687,0.3283077310958378,0.3243362422336407,0.0050589231850581,0.7358156028368794,0.7340425531914894,0.7340425531914894,0.738898756660746,0.7531083481349912,0.739181562803119,0.0071858730167653,7,0.7484472049689441,0.7502218278615794,0.7466725820763088,0.7458980044345898,0.7481152993348116,0.7478709837352466,0.0014998001857336,0.194927195866604,0.1950070654733867,0.1948235294117647,0.1903019213174748,0.1913357400722021,0.1932790904282864,0.0020360543994133,11,0.1963225881531479,0.1949279538904899,0.1966351209253417,0.1946083535809325,0.1936631844793938,0.1952314402058612,0.0011045985980879,0.3082064611956925,0.3081503535541496,0.3079211602826329,0.3026555110949436,0.3051457358762144,0.3064158444007266,0.0022015489387547,11,0.311053747579976,0.3094519169182907,0.311291963377416,0.3086804918333639,0.3076782783147911,0.3096312796047675,0.0013807004114891,0.7455491492196962,0.7450195632890628,0.7448767877322381,0.743111048565919,0.7486272751525898,0.7454367647919012,0.001793798984635,9,0.7509770022060697,0.7504723016596686,0.7506250799877208,0.7487164208352275,0.7487051850923263,0.7498991979562026,0.0009840368912437,0.7552826956025128,0.7559965733866362,0.7557110222729868,0.7473233404710921,0.7441462021701885,0.7516919667806833,0.0049719058306447,11,0.7535067994431952,0.7507227754577578,0.7545775778991327,0.7515348372358652,0.7492950708498411,0.7519274121771585,0.0019001225257234,0.7538319238900634,0.7543604651162791,0.7540961945031712,0.7466966173361522,0.7448130038324303,0.7507596409356191,0.0041329916682273,11,0.7531300584718047,0.7506854745465957,0.7539889663374186,0.7511149284794028,0.7492071881606766,0.7516253231991797,0.0017229180160299,IRSUICTHNK,XGBoost,v_grid_ajuste_fino_hiperparametros,0.8,0.04,2.0,150.0,0.8
0.4752820491790771,0.2013753621931565,0.1644745349884033,0.0152565769711049,,"{'modelo__colsample_bytree': 0.8, 'modelo__learning_rate': 0.04, 'modelo__max_depth': 2, 'modelo__n_estimators': 175, 'modelo__subsample': 0.8}",0.8153565237290951,0.8085573441316208,0.8188076924634757,0.8170591166167784,0.8168466027532606,0.8153254559388461,0.0035567890247629,7,0.8232792113572571,0.8247683725044743,0.8226051450762291,0.8226158777182757,0.8229848254152314,0.8232506864142936,0.000799321275985,0.3017580331192407,0.3395384889783588,0.318095163373836,0.2943147851308071,0.2952069024749426,0.309782674615437,0.0171499829008777,7,0.3297144698503989,0.3177819393532909,0.32872364208585,0.3294096227022648,0.3312972367956927,0.3273853821574994,0.0048752817211762,0.7287234042553191,0.7322695035460993,0.7269503546099291,0.7406749555950266,0.7513321492007105,0.7359900734414169,0.0090076750313895,13,0.7471162377994676,0.7480035492457853,0.7457852706299911,0.7463414634146341,0.7481152993348116,0.7470723640849378,0.0009107765910096,0.1952494061757719,0.195364238410596,0.1954242135367016,0.1917241379310345,0.1917497733454215,0.1939023538799051,0.0017689511446735,10,0.1982575935954791,0.1951163059831038,0.199809818138595,0.1958798882681564,0.1952320333294757,0.196859127862962,0.0018604329828074,0.3079805170475834,0.3084391336818521,0.3080390683696469,0.3046018991964938,0.3055254604550379,0.3069172157501228,0.0015493915376649,10,0.3133606252326014,0.3094997705369435,0.3151776506984157,0.3103162164653821,0.309654919236417,0.311601836433952,0.0022689985458437,0.7434308054971628,0.7447041406936665,0.7429726073449416,0.7448556790823099,0.7483816656911605,0.7448689796618482,0.0018989936715887,11,0.7520247641508313,0.7498807052721412,0.7527512925588118,0.7498661914446101,0.7499544266242535,0.7508954760101296,0.0012404924087832,0.7581382067390063,0.7571387778412336,0.7589948600799543,0.7490364025695931,0.7454311821816105,0.7537478858822796,0.0054711870592005,10,0.756933290502195,0.7517578612984973,0.7597173144876325,0.7533909194745859,0.7517935539136953,0.7547185879353211,0.003129747733981,0.755946088794926,0.7552854122621564,0.7566067653276956,0.7484143763213531,0.7458702259812343,0.7524245737374731,0.0044072065911975,10,0.75620230583727,0.7514783125763932,0.7586799246803871,0.7528657791285389,0.75151955602537,0.7541491756495919,0.0028438897975036,IRSUICTHNK,XGBoost,v_grid_ajuste_fino_hiperparametros,0.8,0.04,2.0,175.0,0.8
0.5697966098785401,0.0263949760397772,0.1613903522491455,0.0143263055427695,,"{'modelo__colsample_bytree': 0.8, 'modelo__learning_rate': 0.04, 'modelo__max_depth': 3, 'modelo__n_estimators': 125, 'modelo__subsample': 0.8}",0.8175437237485368,0.810435956555727,0.8189137615384927,0.8190129354444872,0.81866122175301,0.8169135198080507,0.0032808217805174,4,0.8302606884734928,0.832419830411622,0.8304350343889004,0.8300225101019245,0.8301278278384513,0.8306531782428783,0.0008940279857894,0.3083759836419919,0.3407532649363564,0.3188774539777054,0.2915211928305473,0.2916578394135752,0.3102371469600353,0.0184652641382885,5,0.3491769698588582,0.3380476571544782,0.3465900456577607,0.3546792254332883,0.3543030339136639,0.3485593864036098,0.0060860180836641,0.7269503546099291,0.7304964539007093,0.725177304964539,0.738898756660746,0.7442273534635879,0.7331500447199023,0.007277317347538,16,0.7524401064773736,0.7586512866015972,0.7524401064773736,0.7521064301552106,0.7521064301552106,0.7535488719733531,0.0025555677915532,0.197495183044316,0.1979817395482941,0.1972034715525554,0.1993291806420699,0.1972693032015066,0.1978557755977484,0.0007856547295076,4,0.2027253167583074,0.2035229707212568,0.2038706575309532,0.206150480126413,0.201233981964879,0.2035006814203619,0.0016061089065553,0.3106060606060606,0.311531190926276,0.3100833965125095,0.3139622641509434,0.3118719761816151,0.3116109776754809,0.0013376394701954,5,0.31939736346516,0.3209459459459459,0.3208171758252152,0.3236023659606945,0.3175138069830572,0.3204553316360146,0.0020023647316899,0.7445431384700131,0.7461020247801662,0.7437280014257304,0.7501774297222359,0.7503975145387614,0.7469896217873815,0.0027995402796653,8,0.7571851815536385,0.7598981528485731,0.7580239580107895,0.759494819874864,0.7559118723214215,0.7581027969218573,0.0014703343121872,0.7621359223300971,0.7617075956596231,0.7622786978869217,0.7614561027837259,0.7565676756139349,0.7608291988548606,0.0021509878428421,4,0.7619302566299033,0.7611450190955491,0.7636078095442053,0.7668832095945174,0.7597173144876325,0.7626567218703615,0.0024584905544821,0.7595137420718816,0.7593816067653277,0.7595137420718816,0.7597780126849895,0.7556495308576715,0.7587673268903503,0.0015642089942278,4,0.7612236133593208,0.760959334016055,0.7627762545010076,0.7657824320306564,0.7591503699788583,0.7619784007771796,0.0022232041583307,IRSUICTHNK,XGBoost,v_grid_ajuste_fino_hiperparametros,0.8,0.04,3.0,125.0,0.8
0.5192895889282226,0.2128809417159911,0.2396729469299316,0.1594295191921537,,"{'modelo__colsample_bytree': 0.8, 'modelo__learning_rate': 0.04, 'modelo__max_depth': 3, 'modelo__n_estimators': 150, 'modelo__subsample': 0.8}",0.8189621128352187,0.8110418666537055,0.8196237155262849,0.8195534019724555,0.8186698440779336,0.8175701882131197,0.0032837719408896,2,0.8327820772018915,0.83513458317027,0.833066865949907,0.8326937505460927,0.8329030038540902,0.8333160561444503,0.0009178394478456,0.3090252414322924,0.3409947149069273,0.3227959801449782,0.2884114636711383,0.2913204124957996,0.3105095625302271,0.0196929085438708,3,0.3544679829930642,0.3423220157653245,0.3520895969088359,0.3623985438535244,0.3595230017010835,0.3541602282443665,0.0069448496749193,0.7304964539007093,0.7269503546099291,0.723404255319149,0.7300177619893428,0.7424511545293073,0.7306639960696876,0.0064168179352984,17,0.7546583850931677,0.7590949423247559,0.7551020408163265,0.751219512195122,0.7543237250554323,0.7548797210969609,0.0025128774935019,0.2007797270955165,0.1980676328502415,0.1995110024449877,0.1979768786127167,0.1998087954110898,0.1992288072829104,0.0010711698335744,2,0.2059820779849842,0.2056243239995193,0.2073586744639376,0.2075217444566948,0.2042507204610951,0.2061475082732461,0.0012045199540271,0.3149847094801223,0.3113135914958238,0.3127635109237255,0.3114816218264494,0.3148775894538606,0.3130842046359964,0.0015896122029092,3,0.3236301369863014,0.3235933806146572,0.3253679984706557,0.3252063735841812,0.3214589435887744,0.323851366648914,0.0014124732445976,0.7481722703541239,0.7449714651404871,0.7448403343985808,0.7461651979111596,0.7517224362024035,0.747174340801351,0.0025690329545412,7,0.7603109536202177,0.761583377933267,0.7614429431693439,0.7601578714602109,0.758894382069423,0.7604779056504926,0.000978898174065,0.7658480868075386,0.7629925756710452,0.7662764134780126,0.7623126338329764,0.7609937178754997,0.7636846855330145,0.0020494002868107,2,0.7659635221472677,0.7640718135417782,0.7677838455223615,0.7690962307252999,0.7634650390834137,0.7660760902040241,0.0021393953097185,0.7632135306553911,0.760306553911205,0.7630813953488372,0.7599101479915433,0.7596141139156866,0.7612251483645327,0.0015854204961053,2,0.7651217336724918,0.763701232202438,0.7668395494037197,0.7677645271051502,0.7627840909090909,0.7652422266585781,0.0018625280310041,IRSUICTHNK,XGBoost,v_grid_ajuste_fino_hiperparametros,0.8,0.04,3.0,150.0,0.8
0.6592784404754639,0.0252845524039166,0.1656248569488525,0.0126612300228947,,"{'modelo__colsample_bytree': 0.8, 'modelo__learning_rate': 0.04, 'modelo__max_depth': 3, 'modelo__n_estimators': 175, 'modelo__subsample': 0.8}",0.819578655155514,0.8114805723983458,0.819285129875127,0.8197906088394106,0.8185061467032795,0.8177282225943354,0.0031540385812178,1,0.8355585002754856,0.8374426396395976,0.8361437229817277,0.8354739721109635,0.8355718696923558,0.8360381409400262,0.00074155440472,0.3096231839382581,0.3403910735979644,0.3200776239721213,0.2885573381398533,0.2914290160244093,0.3100156471345213,0.0191310523443478,6,0.3602652875077621,0.347760450541727,0.3585971716564746,0.3679902060459609,0.3645919417910738,0.3598410115085997,0.0068796484086356,0.7287234042553191,0.7287234042553191,0.7269503546099291,0.7317939609236235,0.7371225577264654,0.7306627363541313,0.0035864399446453,18,0.7551020408163265,0.761756876663709,0.7573203194321206,0.7552106430155211,0.7534368070953437,0.7565653374046042,0.0028735418364707,0.2017673048600883,0.2,0.2008819206271435,0.1990338164251207,0.200774068698597,0.2004914221221899,0.0009193872960509,1,0.2087575125720593,0.2079195931218212,0.2093707837605789,0.2101431391905232,0.2062143464012623,0.208481075009249,0.0013478707076849,0.3160322952710496,0.3138602520045819,0.3147792706333973,0.3129510064565134,0.3155893536121673,0.3146424355955419,0.001124262529636,1,0.3270875372345537,0.3266742770167428,0.3280484289420582,0.3287962158509508,0.3238040785210596,0.326882107513073,0.0017078509165726,0.7482851744292016,0.7470001944177795,0.7470417107144448,0.7475529404903627,0.750628668926054,0.7481017377955685,0.0013459021988868,5,0.7624244900872866,0.7641457403270717,0.7636228609331785,0.7633670291034202,0.760003551850488,0.762712734460289,0.0014651070078826,0.767846944603084,0.7652769845802398,0.7671330668189605,0.763311920057102,0.7641347801256425,0.7655407392370057,0.0017244136857076,1,0.7697469393582468,0.7665346039904344,0.7699254024342364,0.7715234151913193,0.7665702966056323,0.7688601315159738,0.0019832161961034,0.764931289640592,0.7625528541226215,0.7641384778012685,0.7609672304439746,0.762125016519096,0.7629429737055105,0.0014217903490977,1,0.7686564698886723,0.7661788510455552,0.7689868190677546,0.7703082157840838,0.7655919661733616,0.7679444643918855,0.0017794613847329,IRSUICTHNK,XGBoost,v_grid_ajuste_fino_hiperparametros,0.8,0.04,3.0,175.0,0.8
1.4139711380004882,0.5006183675249236,0.4678661346435547,0.1964843633806164,0.01,{'modelo__C': 0.01},0.856593966432698,0.8374466077406855,0.844480367925279,0.8209176613042726,0.845437959361385,0.8409753125528638,0.011755033900257,3,0.8451662167618372,0.8485656874081196,0.8510026456902191,0.8549219011531741,0.8491111082691823,0.8497535118565066,0.0031981078415589,0.160788705805446,0.1621036630678723,0.1545686469372524,0.1367504609093517,0.1620521265042256,0.1552527206448296,0.0096603937391773,3,0.1568369254520657,0.155386300492939,0.1595081205878339,0.1560606730515048,0.1549371823275841,0.1565458403823855,0.0016141583171938,0.8042328042328042,0.7566137566137566,0.7566137566137566,0.7340425531914894,0.7606382978723404,0.7624282337048294,0.022909339288611,1,0.7586206896551724,0.7718832891246684,0.76657824933687,0.7801324503311259,0.766887417218543,0.7688204191332759,0.0070730690033404,0.085972850678733,0.0824682814302191,0.0844155844155844,0.0828828828828828,0.0820895522388059,0.083565830329245,0.0014398789373176,4,0.0820777729946907,0.0846053205407762,0.0854903120840112,0.0868219339622641,0.0854108275556866,0.0848812334274858,0.0015718322833844,0.1553398058252427,0.1487259490379615,0.1518852894317578,0.1489476524554776,0.1481865284974093,0.1506170450495698,0.0026901092775514,4,0.1481289654279425,0.1524957421721472,0.1538256819693945,0.1562541451120838,0.1537032121051234,0.1528815493573383,0.0026712101892314,0.7926164698762612,0.7705009425432248,0.7732113369056044,0.7635659920428992,0.7719711343000406,0.774373175133606,0.0097131546151764,1,0.7709490614993346,0.7792743003200331,0.7785528709841175,0.7851231434471729,0.7784194852803424,0.7784637723062001,0.0045052182650858,0.7810001355197181,0.7843881284726928,0.7898089171974523,0.7930894308943089,0.7833039707277409,0.7863181165623827,0.0044525776436694,4,0.783277433343497,0.7866653115153979,0.790527492631365,0.79011383656322,0.7899515533421418,0.7881071254791243,0.0027817884283133,0.7815803382663847,0.7836945031712473,0.7889799154334038,0.791622621564482,0.7827408484207744,0.7857236453712585,0.0038879995968832,4,0.7826632750817614,0.7862971160516666,0.7899309570215718,0.7898648871857553,0.7893763213530656,0.787626511338764,0.0028207671791815,IRSUIPLANYR,Regresión Logística,v_grid_ajuste_fino_hiperparametros,,,,,
1.954633903503418,0.5273130374339355,0.6681607723236084,0.1249744197197242,0.02,{'modelo__C': 0.02},0.8611482177005961,0.8412770116252972,0.8418542252395078,0.8198495070057084,0.8462644133870415,0.8420786749916301,0.0132362896329324,1,0.8501287169044967,0.8553511940113816,0.8568051958368819,0.86039927609136,0.8543576526895378,0.8554084071067315,0.0033419239606402,0.1708275515502205,0.1584128183850797,0.1579592211084386,0.1390102473025783,0.1630730310053103,0.1578565738703255,0.0104972535124891,1,0.1613309604558655,0.1639159315455934,0.1641763667222177,0.1619043270635543,0.1597262461186474,0.1622107663811757,0.0016620455706843,0.8148148148148148,0.746031746031746,0.7566137566137566,0.7074468085106383,0.7606382978723404,0.7571090847686592,0.0344432898890112,2,0.7679045092838196,0.7851458885941645,0.7692307692307693,0.7841059602649006,0.7708609271523179,0.7754496109051944,0.0075578932790991,0.0879497430039977,0.0839785586658725,0.0854751942618051,0.0817455439459127,0.0843657817109144,0.0847029643177005,0.002025966526799,3,0.0841814480953765,0.0874446085672082,0.0876530149614629,0.0893045708251621,0.087295635218239,0.0871758555334898,0.0016620566286467,0.1587628865979381,0.1509635974304068,0.1535982814178303,0.1465564738292011,0.1518852894317578,0.1523533057414268,0.0039594514737631,3,0.1517295597484276,0.1573631047315258,0.157373490706824,0.1603466955579631,0.1568310428455941,0.1567287787180669,0.0027896233996144,0.7991949124893969,0.7688012097823725,0.7746342939458537,0.7525038920601972,0.7751558476758369,0.7740580311907315,0.0150041005475097,3,0.7772510316178898,0.7879213875670623,0.7823522819965548,0.7897864128469103,0.7823542701960728,0.783933076844898,0.0044678727817987,0.7835750101639789,0.791570673532999,0.7926548312779509,0.7975609756097561,0.7896733974793333,0.7910069776128037,0.0045387364027671,3,0.7865975539519598,0.7906968865399601,0.7954737947623404,0.7954668654289199,0.7938476132398279,0.7924165427846016,0.003391668296629,0.7843551797040169,0.7904334038054969,0.7917547568710359,0.7953224101479915,0.788952028544998,0.7901635558147079,0.0035895277722933,3,0.7861319414621255,0.7905586204618281,0.7948201248719897,0.7951835089689802,0.7932743128964059,0.7919937017322659,0.0033533026896848,IRSUIPLANYR,Regresión Logística,v_grid_ajuste_fino_hiperparametros,,,,,
2.310904264450073,0.2977219659759409,0.5501028060913086,0.0220317299358521,0.03,{'modelo__C': 0.03},0.8619204649832106,0.8401982316469374,0.84062343372548,0.8180429423975091,0.8455071609195733,0.8412584467345422,0.0140389280895006,2,0.8529010481663715,0.8580799636301841,0.8591563338629027,0.8633284091510811,0.8573044560469922,0.8581540421715064,0.0033496236357295,0.1732004011253775,0.1497963671234316,0.1593294887574587,0.1384620744976204,0.1626037020708281,0.1566784067149432,0.0117839797075525,2,0.1630053849797995,0.1665949502730263,0.1641100530263988,0.1641807808516482,0.1618991066928831,0.1639580551647512,0.0015603060715576,0.8095238095238095,0.746031746031746,0.7513227513227513,0.7074468085106383,0.7606382978723404,0.7549926826522572,0.0327410864146727,3,0.773209549071618,0.7931034482758621,0.7771883289124668,0.7907284768211921,0.7827814569536424,0.7834022520069562,0.0076246468629971,0.0873287671232876,0.0851963746223564,0.0856453558504222,0.083125,0.0855774985038898,0.0853745992199912,0.0013435557394012,2,0.0853087503658179,0.0889087124591138,0.0886401452125245,0.0907846715328467,0.0890596745027124,0.0885403908146031,0.0017830066323466,0.1576506955177743,0.1529284164859002,0.1537628586897672,0.1487695749440716,0.1538461538461538,0.1533915398967334,0.0028306183568474,1,0.1536636794939378,0.1598930481283422,0.1591310251188051,0.1628700040922111,0.159924232174266,0.1590963978015124,0.0030025220462041,0.7964138901257752,0.7704274463998004,0.772937429327184,0.7543331603528802,0.7767820842932647,0.774178802099781,0.0134954762049901,2,0.7807166422730452,0.7927471369508863,0.7865343345277176,0.7940801890814186,0.7889921107311153,0.7886140827128366,0.0047707081101965,0.7833039707277409,0.7948231467678547,0.7945521073316167,0.801219512195122,0.792925870714189,0.7933649215473048,0.0057731433751958,2,0.7882237354744723,0.7923908256259105,0.7958803401429685,0.7974319013416452,0.7952027645085883,0.7938259134187169,0.0032423266856177,0.7839587737843552,0.7936046511627907,0.7934725158562368,0.7988900634249472,0.7921236949914101,0.792409939843948,0.0048177286852769,2,0.7878497571933534,0.7924085758646889,0.7954147533943379,0.7972647087971987,0.7948929704016914,0.7935661531302541,0.0032518994038195,IRSUIPLANYR,Regresión Logística,v_grid_ajuste_fino_hiperparametros,,,,,
2.5161698341369627,0.2620418363330409,0.1806379795074462,0.0224116130526896,0.05,{'modelo__C': 0.05},0.8622642835273273,0.83856052246078,0.838542238054367,0.8154363431932191,0.844392727492914,0.8398392229457216,0.0149828937839369,4,0.8567408755768942,0.8610385832594425,0.8623735824942493,0.8681255603650596,0.8608845906960788,0.8618326384783449,0.0036701186365934,0.1742358034161449,0.1458736223759712,0.1589206997618798,0.1349805456251222,0.1605309910778894,0.1549083324514015,0.0134164614507546,4,0.1639054957309192,0.1681513486160536,0.164602443149659,0.1666276359269652,0.162347673703267,0.1651269194253728,0.0020440391354666,0.8201058201058201,0.7407407407407407,0.7513227513227513,0.6968085106382979,0.7340425531914894,0.7486040751998198,0.0401908974389111,4,0.7851458885941645,0.7904509283819628,0.7798408488063661,0.8013245033112583,0.7867549668874172,0.7887034271962337,0.0071741647164274,0.0888761467889908,0.085417937766931,0.0872235872235872,0.0823381521055939,0.083232810615199,0.0854177269000604,0.0024281449613755,1,0.0882265275707898,0.0895836464752743,0.0898395721925133,0.0927487352445193,0.0903422053231939,0.0901481373612581,0.0014769711124336,0.1603724780134506,0.1531728665207877,0.1563015960374243,0.147273749297358,0.1495124593716143,0.153326629848127,0.0046840858818529,2,0.1586280814576634,0.1609288510868097,0.1611179613645705,0.1662544655125034,0.1620736698499318,0.1618006058542958,0.0024980913002505,0.8023824940073754,0.7687983416401901,0.7749702250989687,0.7494882661592573,0.764026290825315,0.7719331235462212,0.0173925537614131,4,0.7889377510186325,0.7926235737549615,0.7890124730531136,0.800411540177109,0.792062986713011,0.7926096649433656,0.0041854760558728,0.7846591679089308,0.7968559425396395,0.7986176988751863,0.8021680216802168,0.7940100284591408,0.7952621718926228,0.00592422120031,1,0.7927296134431006,0.7947962191279602,0.7981840972998611,0.7994985770429598,0.7973710065386048,0.7965159026904973,0.0024373641483704,0.7855443974630021,0.7954545454545454,0.7974365750528541,0.7995507399577167,0.7925201532972116,0.794101282245066,0.0048656414728798,1,0.7925407155363219,0.7946879852003568,0.7977271976479139,0.7995441181328664,0.7971062367864693,0.7963212506607855,0.0024470294964409,IRSUIPLANYR,Regresión Logística,v_grid_ajuste_fino_hiperparametros,,,,,
0.5836106300354004,0.2715412436211035,0.1688092708587646,0.0106209223941021,,"{'modelo__colsample_bytree': 0.8, 'modelo__learning_rate': 0.02, 'modelo__max_depth': 2, 'modelo__n_estimators': 200, 'modelo__subsample': 0.8}",0.8480081828096464,0.8314374913507587,0.8417796535427651,0.8110548924638183,0.8400550152387598,0.8344670470811497,0.0128481060858001,12,0.8443639770957869,0.8473689890886059,0.8471135727296117,0.8540807589822199,0.8466351975413428,0.8479124990875133,0.0032620430450416,0.1452725878018303,0.1388355465160463,0.1642401953214889,0.1403338125469477,0.1673979716198336,0.1512160227612294,0.01215325182874,12,0.1710328672998178,0.176109000372216,0.1678970647127708,0.1700144390639871,0.1700717721681294,0.1710250287233842,0.0027408384680938,0.8095238095238095,0.783068783068783,0.7777777777777778,0.7127659574468085,0.7712765957446809,0.7708825847123719,0.0318335954052855,2,0.7745358090185677,0.7877984084880637,0.7851458885941645,0.7947019867549668,0.785430463576159,0.7855225112863844,0.00648537465542,0.0809952355743779,0.0786815523657629,0.0809025866813428,0.0755355129650507,0.0791484716157205,0.079052671840451,0.0019856007954854,12,0.0789509260511018,0.0805642208056422,0.0805661404463799,0.0833217608665463,0.0815008246289169,0.0809807745597174,0.001429432923165,0.1472569778633301,0.1429951690821256,0.1465603190428714,0.1365953109072375,0.1435643564356435,0.1433944266662416,0.0037777886161052,12,0.143295301190038,0.1461794019933555,0.1461367563564552,0.1508295625942684,0.1476777487236956,0.1468237541715625,0.0024540963300101,0.7871307894346247,0.7741065557842899,0.7757299242595352,0.7452718676122931,0.7713274156389756,0.7707133105459436,0.0138120113167541,9,0.7718598345834784,0.7790670736074495,0.7781304196502685,0.7855302859645548,0.7795092826740097,0.7788193792959521,0.0043470338267835,0.7647377693454398,0.7651443284997967,0.7736820707412928,0.7777777777777778,0.7713782355332701,0.7705440363795154,0.0050147730668105,12,0.769183860148389,0.7703357387268354,0.7711149507063726,0.7763585851741428,0.7735881017718603,0.77211624730552,0.0025665340940333,0.7658562367864693,0.7655919661733616,0.773784355179704,0.7761627906976745,0.7713757103211313,0.7705542118316682,0.0042251554814457,12,0.7693171682468369,0.770770704634799,0.7714644379108718,0.7768160946120048,0.7738834566596194,0.7724503724128264,0.0026352828998522,IRSUIPLANYR,XGBoost,v_grid_ajuste_fino_hiperparametros,0.8,0.02,2.0,200.0,0.8
0.6439301013946533,0.0344777638989114,1.2548652648925782,2.1761657170984723,,"{'modelo__colsample_bytree': 0.8, 'modelo__learning_rate': 0.02, 'modelo__max_depth': 2, 'modelo__n_estimators': 225, 'modelo__subsample': 0.8}",0.8501492509488173,0.8331791706910286,0.8422281592765398,0.8121327769128756,0.84085299570662,0.8357084707071764,0.012959315622,11,0.8469318898995309,0.8495082274666337,0.8494988141977078,0.8564370968624941,0.8487652530240178,0.8502282562900769,0.0032436596141896,0.1480643316008171,0.1380114195588783,0.1669546458248717,0.1420714251760768,0.1750574223942577,0.1540318489109803,0.0144526162044773,11,0.1745830546419965,0.1767631376572294,0.171796090551558,0.1737248442988558,0.1730184077070277,0.1739771069713335,0.0016654556686367,0.8201058201058201,0.783068783068783,0.7777777777777778,0.7180851063829787,0.776595744680851,0.7751266464032421,0.0327081874672946,1,0.7745358090185677,0.7838196286472149,0.786472148541114,0.7933774834437086,0.7841059602649006,0.7844622059831011,0.0060430987850267,0.0831545064377682,0.08,0.0824453168816601,0.0773195876288659,0.0807969009407858,0.080743262377816,0.0020488022010444,11,0.0798687089715536,0.0815397350993377,0.0818721524230291,0.0842712436691052,0.0821537607549264,0.0819411201835904,0.0014096415317348,0.1509985387238188,0.1451692005885237,0.1490872210953346,0.139607032057911,0.1463659147869674,0.1462455814505111,0.0038963812088353,11,0.1448053558145301,0.147713071732067,0.148305614605477,0.1523591504514816,0.148725034543399,0.1483816454293909,0.0024158262010614,0.7942513109202363,0.7762071114151341,0.7780337594675582,0.7498962117280747,0.7757487464426074,0.7748274279947222,0.0142259318708835,1,0.7732996828065363,0.7791442893718847,0.7805891250548508,0.7864265110672941,0.7800158489876863,0.7798950914576505,0.0041765733844749,0.7683968017346524,0.7693454397614853,0.7782897411573384,0.7817073170731708,0.7749017482043637,0.774528209586202,0.0051045763872706,11,0.7720635565945049,0.7744689500965545,0.7747061015685875,0.7794755386908795,0.7759257377104719,0.7753279769321997,0.0024224236914084,0.7696881606765328,0.7696881606765328,0.778276955602537,0.7801268498942917,0.7749438350733447,0.7745447923846478,0.0042993345180359,11,0.7721251362690363,0.7747018598658783,0.7749991741270523,0.7798222721416538,0.7761297568710359,0.7755556398549313,0.0025036257966051,IRSUIPLANYR,XGBoost,v_grid_ajuste_fino_hiperparametros,0.8,0.02,2.0,225.0,0.8
0.7148878097534179,0.0245157432734335,0.1701435089111328,0.011764085239707,,"{'modelo__colsample_bytree': 0.8, 'modelo__learning_rate': 0.02, 'modelo__max_depth': 3, 'modelo__n_estimators': 200, 'modelo__subsample': 0.8}",0.8516693663054957,0.83730642729152,0.8443828510910771,0.8120134924753504,0.8445963674948747,0.8379937009316636,0.013761423221538,10,0.8647127461232834,0.8655388222531295,0.8670858783981787,0.8730666227499014,0.866613066395457,0.8674034271839901,0.0029500443231861,0.1558549034111614,0.1428678385290697,0.1697645151717518,0.1500962341375911,0.1934139076874429,0.1623994797874034,0.0178427846923499,6,0.2161242481672283,0.2261820751232137,0.2208006937986338,0.2157545312994549,0.208620664948664,0.2174964426674389,0.0058318931706304,0.8148148148148148,0.7777777777777778,0.7513227513227513,0.6914893617021277,0.7287234042553191,0.752825621974558,0.0419775712770609,8,0.7851458885941645,0.7984084880636605,0.7931034482758621,0.7973509933774835,0.7907284768211921,0.7929474590264725,0.0047963875741871,0.0873511060692002,0.0834752981260647,0.0835294117647058,0.0777047220561864,0.0816448152562574,0.0827410706544829,0.0031298428494971,8,0.0866764275256222,0.0869942196531791,0.0885794697081913,0.0894369335908483,0.0883397454868304,0.0880053591929343,0.0010275490138458,0.1577868852459016,0.1507692307692307,0.1503440974060349,0.1397098334228909,0.1468381564844587,0.1490896406657034,0.0058836504459005,8,0.1561181434599156,0.1568934063070106,0.1593604263824117,0.1608335559711461,0.158924530813257,0.1584260125867482,0.0017083943705552,0.7983817941806829,0.779524476366867,0.7700915152466853,0.74120538545811,0.7599437593169807,0.7698293861138652,0.0191121036195294,10,0.786905024115492,0.7921811725814796,0.7923236521793986,0.7948504526448333,0.7910006513251877,0.7914521905692782,0.0025969079958125,0.781948773546551,0.7812711749559561,0.7888602791706193,0.7909214092140922,0.7911641143786421,0.786833150253172,0.004344492335236,8,0.7886641596368195,0.7859538570992987,0.7915438560829352,0.7923499119121832,0.7912728258291832,0.789956922112084,0.0023525359303498,0.78276955602537,0.781183932346723,0.7879228329809725,0.7884513742071881,0.7896127923880005,0.7859880975896509,0.0033582244889965,8,0.7885765253873344,0.7862640811337583,0.7915827029169833,0.7924746457005054,0.7912592494714588,0.790031440922008,0.0022887968974108,IRSUIPLANYR,XGBoost,v_grid_ajuste_fino_hiperparametros,0.8,0.02,3.0,200.0,0.8
0.6166804313659668,0.199674779413286,0.1688408851623535,0.0098368676686252,,"{'modelo__colsample_bytree': 0.8, 'modelo__learning_rate': 0.02, 'modelo__max_depth': 3, 'modelo__n_estimators': 225, 'modelo__subsample': 0.8}",0.8523982329376014,0.8376599258155024,0.8452164049128407,0.8125803638355532,0.8452894643511056,0.8386288783705206,0.0138334234033142,8,0.8676783526896203,0.8685489115699995,0.870136384113134,0.8757504516576036,0.8693151572547597,0.8702858514570234,0.0028510507910776,0.1571982982629543,0.1378041960466498,0.1695880990206321,0.1546223309032672,0.1985526203567594,0.1635531089180525,0.0202214531374825,5,0.2228156314496515,0.2316474111762352,0.2260547442876077,0.2199630875947312,0.2149153553754024,0.2230792459767256,0.0056337570149072,0.8148148148148148,0.7724867724867724,0.746031746031746,0.6861702127659575,0.7446808510638298,0.7528368794326241,0.0419157675704006,7,0.7824933687002652,0.7970822281167109,0.7957559681697612,0.8066225165562914,0.7920529801324503,0.7948014123350958,0.007808887502954,0.0887096774193548,0.0836676217765043,0.0840787119856887,0.0778045838359469,0.0840336134453781,0.0836588416925745,0.0034669900089391,6,0.0877453896490184,0.0879683840749414,0.0899145811479094,0.0907735877179907,0.089534361431352,0.0891872608042424,0.0011602206440528,0.16,0.1509824198552223,0.1511254019292604,0.1397616468039003,0.1510248112189859,0.1505788559614738,0.006425424831967,6,0.1577962021930997,0.1584497759029791,0.1615726403662313,0.1631832797427652,0.1608824320688727,0.1603768660547896,0.0019967440199882,0.8002113103752893,0.7778953716072567,0.7689367295004915,0.7394943204751196,0.7689388806071283,0.7710953225130571,0.0195034074569878,7,0.7873404608179309,0.7929917696127817,0.7950050633951087,0.7999774732124186,0.793018054249577,0.7936665642575635,0.0040623798332922,0.7856078059357636,0.7833039707277409,0.791841712969237,0.7928184281842818,0.7931969101504269,0.78935376559349,0.0040889059850524,5,0.7921875529355964,0.7889013111088525,0.794254158620456,0.7933324298685459,0.7939831283667039,0.7925317161800309,0.0019500172833507,0.7863372093023255,0.7830338266384778,0.7906976744186046,0.790169133192389,0.7919915422228095,0.7884458771549213,0.0032969292975783,5,0.7919460870139737,0.789105084073866,0.794291566185458,0.7936639027452017,0.7939349894291755,0.792588325889535,0.0019192102587682,IRSUIPLANYR,XGBoost,v_grid_ajuste_fino_hiperparametros,0.8,0.02,3.0,225.0,0.8
0.4951377391815185,0.2202436611774995,0.1662641525268554,0.0068874400835941,,"{'modelo__colsample_bytree': 0.8, 'modelo__learning_rate': 0.03, 'modelo__max_depth': 2, 'modelo__n_estimators': 200, 'modelo__subsample': 0.8}",0.8531446669405742,0.8386211119643834,0.8440917346595623,0.8139901545292049,0.8429831061696074,0.8385661548526665,0.0131647811832843,9,0.852173305874446,0.8550844772364691,0.854886865987132,0.8619426751592356,0.8555347272096202,0.8559244102933807,0.003231845757168,0.1576324293470986,0.1431683870841574,0.1700970515119716,0.1464824312075134,0.177818352132591,0.1590397302566664,0.0133151551418783,10,0.1823282698727595,0.1837537033593947,0.1791560264809221,0.1821624469621046,0.1756732459967168,0.1806147385343796,0.0028889749238171,0.8253968253968254,0.7724867724867724,0.7566137566137566,0.6968085106382979,0.7712765957446809,0.7645164921760667,0.0411399157384817,3,0.773209549071618,0.7904509283819628,0.7904509283819628,0.7960264900662252,0.7774834437086092,0.7855242679220755,0.0086619604124791,0.0851528384279476,0.0809761508596783,0.0823732718894009,0.0766081871345029,0.0837666088965915,0.0817754114416242,0.0029349051768528,10,0.0819165378670788,0.0846951826062242,0.0850577993435136,0.0865744742149236,0.085344576911893,0.0847177141887266,0.0015364419311028,0.1543790202869866,0.1465863453815261,0.1485714285714285,0.1380400421496312,0.1511203751954142,0.1477394423169973,0.0055066305491613,10,0.1481387371363232,0.152997047875754,0.1535884550959927,0.1561647395088995,0.1538058430499148,0.1529389645333769,0.0026315203698302,0.7991328889147021,0.7739652997818061,0.7703654228251058,0.7414259355359512,0.7781711614039843,0.7726121416923099,0.0185132977629548,4,0.7759227946598053,0.7861188476649117,0.7866270293906968,0.790596928459051,0.7821760139571605,0.7842883228263251,0.004961104410749,0.7728689524325789,0.7754438270768397,0.7841170890364548,0.7860433604336043,0.7850657270632877,0.7807077912085532,0.0054449963688566,10,0.7786360402479927,0.7817867669478605,0.7828031303994308,0.7851673668518769,0.7868685842057119,0.7830523777305746,0.0028356495724813,0.7741807610993657,0.7753699788583509,0.7834302325581395,0.7838266384778013,0.7847231399497819,0.7803061501886879,0.0045508176384588,10,0.7785008754253245,0.7820025767235969,0.7829936242608437,0.7854382081860527,0.7866345137420718,0.7831139596675778,0.0028399517971782,IRSUIPLANYR,XGBoost,v_grid_ajuste_fino_hiperparametros,0.8,0.03,2.0,200.0,0.8
0.5394055843353271,0.191682912631263,0.1729691505432128,0.0119316679013769,,"{'modelo__colsample_bytree': 0.8, 'modelo__learning_rate': 0.03, 'modelo__max_depth': 2, 'modelo__n_estimators': 225, 'modelo__subsample': 0.8}",0.8541782736795611,0.8396271128348645,0.845730877916811,0.8143916133310269,0.8430760957634229,0.8394007947051373,0.0133974777407859,6,0.8547061941286543,0.8571463425878123,0.8576026053052734,0.8643115777815871,0.8574768115444529,0.8582487062695561,0.003210491453013,0.1590044175933308,0.1406385794041756,0.172926912166321,0.146213808416817,0.1822160159118479,0.1601999466984985,0.0156612349316722,8,0.1854023158976117,0.1872536316673549,0.1827254188591676,0.1855220022316144,0.1786236619038333,0.1839054061119164,0.003011774496442,0.8253968253968254,0.7619047619047619,0.7566137566137566,0.6914893617021277,0.7659574468085106,0.7602724304851964,0.0424750919358142,4,0.7745358090185677,0.7944297082228117,0.7904509283819628,0.7973509933774835,0.7827814569536424,0.7879097791908937,0.0082857251493026,0.0865704772475027,0.0811267605633802,0.0831878999418266,0.0767867690490254,0.0836236933797909,0.0822591200363052,0.0032416463974068,9,0.0831080119538921,0.0859397417503586,0.0860152980228027,0.0873349775134194,0.0863403944485025,0.0857476847377951,0.0014104735608427,0.1567051732797589,0.1466395112016293,0.149895178197065,0.1382243487506645,0.1507853403141361,0.1484499103486508,0.0060585815733523,9,0.1501092404575247,0.1551009839461418,0.1551477287517896,0.1574267782426778,0.1555263157894736,0.1546622094375215,0.0024309380523856,0.801165684686487,0.7704360508263476,0.7715173404291171,0.7398503719079744,0.7760536658083751,0.7718046227316602,0.0195097718698468,5,0.7781274092014951,0.7892939949455015,0.7879483018777382,0.792106178352924,0.7854517780414789,0.7865855324838276,0.0047433255999124,0.7769345439761486,0.7789673397479333,0.7864209242444776,0.7882113821138211,0.7861498848082396,0.783336814978124,0.004500397412814,9,0.7817190093844225,0.7841582816681912,0.7854456753735136,0.7868613633283643,0.7881220991293153,0.7852612857767614,0.0022155288685065,0.7781448202959831,0.7785412262156448,0.7856765327695561,0.7858086680761099,0.7856482093299855,0.7827638913374558,0.0036122058025366,9,0.7815400878728817,0.7844141257308975,0.7855703478576855,0.7871229889993724,0.7879889006342494,0.7853272902190173,0.0022602898982605,IRSUIPLANYR,XGBoost,v_grid_ajuste_fino_hiperparametros,0.8,0.03,2.0,225.0,0.8
0.6300643920898438,0.216531321132342,0.1803122520446777,0.0138120379084188,,"{'modelo__colsample_bytree': 0.8, 'modelo__learning_rate': 0.03, 'modelo__max_depth': 3, 'modelo__n_estimators': 200, 'modelo__subsample': 0.8}",0.8543270585552737,0.8412866916051629,0.8463371314706183,0.8136896009917547,0.8436498920167352,0.8398580749279091,0.0138024455187144,3,0.874843467896799,0.876501641054038,0.8777528195099367,0.88207767433804,0.8767942685178391,0.8775939742633305,0.00243009483618,0.1484663498653208,0.1439834772968267,0.1689094016944251,0.1564840449880226,0.2023574279602076,0.1640401403609605,0.0209467491313195,4,0.2331668732260061,0.2429454222244845,0.2418413356552857,0.2309668915217602,0.2308323567854376,0.2359505758825948,0.0053368755477607,0.8042328042328042,0.7724867724867724,0.7407407407407407,0.6808510638297872,0.7287234042553191,0.7454069571090847,0.0416206068163872,9,0.7877984084880637,0.7997347480106101,0.8037135278514589,0.8092715231788079,0.8,0.800103641505788,0.0070519063719274,0.0903149138443256,0.0874251497005988,0.0858895705521472,0.0796515245799626,0.0845157310302282,0.0855593779414525,0.0035269585582219,4,0.0912302257717708,0.0917668543600669,0.0935040888751735,0.0935538202419231,0.0937888198757763,0.0927687618249421,0.0010553153813933,0.1623931623931624,0.157073695535234,0.153930731170973,0.1426183844011142,0.1514648977335544,0.1534961742468076,0.0065512791509174,4,0.1635237439779766,0.1646416382252559,0.167519004837595,0.1677189129838045,0.1678943710910354,0.1662595342231335,0.0018160880984074,0.798376057896318,0.7829773610367187,0.7694081803717255,0.7402222798823732,0.7638060712833716,0.7709579900941014,0.019465104443251,8,0.7936688285283426,0.798773089355781,0.8023378426261394,0.8043511701813542,0.8011417149439306,0.8000545291271095,0.0036681297116869,0.7925193115598319,0.7934679495866649,0.7980756200027104,0.7995934959349593,0.7988887383114243,0.7965090230791182,0.002925651014729,4,0.7995392485686215,0.797811430700952,0.8009621574008199,0.7994308171839003,0.8022834298878613,0.800005416748431,0.0015143149439471,0.7928118393234672,0.7929439746300211,0.7966437632135307,0.7966437632135307,0.7971455001982292,0.7952377681157557,0.0019359599783511,4,0.7992468038716923,0.7978593373195467,0.8010306894387368,0.7996762578044994,0.8022264799154334,0.8000079136699817,0.0015015838658176,IRSUIPLANYR,XGBoost,v_grid_ajuste_fino_hiperparametros,0.8,0.03,3.0,200.0,0.8
0.6380277156829834,0.2207533802507856,0.1821470260620117,0.014227456280367,,"{'modelo__colsample_bytree': 0.8, 'modelo__learning_rate': 0.03, 'modelo__max_depth': 3, 'modelo__n_estimators': 225, 'modelo__subsample': 0.8}",0.8536480258935876,0.8410981112566693,0.8458642465282932,0.8138784379865075,0.8435619483698709,0.8396101540069857,0.013536080859626,5,0.8783208507546206,0.8795879576297757,0.8809531062843883,0.8855672622055251,0.8796156755103749,0.8808089704769368,0.0025206221576457,0.1500918090298454,0.1427259530828818,0.1687104073534308,0.1539468124044501,0.2086413020574292,0.1648232567856075,0.0234892931237532,2,0.24166129374993,0.2502600825929112,0.2490953929565391,0.2386055993943052,0.2381467986725273,0.2435538334732426,0.0051572359108807,0.798941798941799,0.7619047619047619,0.746031746031746,0.6808510638297872,0.7287234042553191,0.7432905549926827,0.038889473428291,10,0.7931034482758621,0.8050397877984085,0.8103448275862069,0.8172185430463577,0.8066225165562914,0.8064658246526253,0.0078902326012631,0.0913490623109497,0.0875379939209726,0.0875232774674115,0.0807061790668348,0.0848822800495663,0.086399758563147,0.003514913101801,3,0.0932626325639426,0.0938176197836166,0.0956031919887341,0.0956737478678864,0.0953648606326338,0.0947444105673627,0.0010040656193286,0.1639522258414766,0.1570338058887677,0.1566666666666666,0.1443066516347237,0.1520532741398446,0.1548025248342958,0.0064790802130932,3,0.1668992464415294,0.1680509413067552,0.1710286913925822,0.17129372570794,0.1705643467301498,0.1695673903157913,0.001762280689681,0.7976955911635408,0.7792448325040817,0.773408880198418,0.7416450441100155,0.7642803902967882,0.7712549476545687,0.0184009573269175,6,0.7980661056807707,0.8032042452899282,0.8072627346251663,0.8098153970144378,0.8054523972827871,0.804760175978618,0.003988200779672,0.7964493833852826,0.7965849031034016,0.8007860143650901,0.802439024390244,0.7998373763382572,0.799219340316455,0.0023586319112567,3,0.8030287630856794,0.801368702781448,0.8041806416641257,0.802412250982518,0.8042822780092828,0.8030545273046108,0.0010982433551197,0.7965116279069767,0.7957188160676533,0.7994186046511628,0.7994186046511628,0.7980705695784327,0.7978276445710776,0.0015033547837482,3,0.8027815400878728,0.8014601433715437,0.8043341812295597,0.8027815400878728,0.804340644820296,0.8031396099194289,0.0010905522767932,IRSUIPLANYR,XGBoost,v_grid_ajuste_fino_hiperparametros,0.8,0.03,3.0,225.0,0.8
0.5378031253814697,0.1708664540049652,0.174120283126831,0.0144706261017713,,"{'modelo__colsample_bytree': 0.8, 'modelo__learning_rate': 0.04, 'modelo__max_depth': 2, 'modelo__n_estimators': 200, 'modelo__subsample': 0.8}",0.854761940613682,0.8409894803715103,0.846852680027907,0.8144395433316035,0.8446900779382549,0.8403467444565915,0.0137155809444977,2,0.8584001271038431,0.8607265300246434,0.8608449709644461,0.8672254087804214,0.861117254912255,0.8616628583571219,0.0029472263603334,0.1592544990818249,0.1403920839920666,0.1701014901743543,0.1461137882927536,0.1814631252776084,0.1594649973637216,0.0150938910072413,9,0.1879575220369792,0.1901697259088545,0.1858106161240755,0.1882395830706341,0.1813190212662744,0.1866992936813635,0.0030244539640926,0.8253968253968254,0.7619047619047619,0.7566137566137566,0.7021276595744681,0.75,0.7592086006979624,0.0393393333858617,6,0.7771883289124668,0.7931034482758621,0.786472148541114,0.8026490066225166,0.7801324503311259,0.787909076536617,0.0091839222941789,0.0877884074282498,0.0826161790017211,0.0847658565500889,0.0787589498806682,0.0832349468713105,0.0834328679464077,0.0029427621876399,7,0.0844015555235489,0.0873247663551402,0.087501844473956,0.0888042203985932,0.0875576036866359,0.0871179980875748,0.0014564168450937,0.1586978636826042,0.1490683229813664,0.1524520255863539,0.1416309012875536,0.1498405951115834,0.1503379417298923,0.0055141542288452,7,0.1522671170585942,0.1573270192054722,0.1574824060549727,0.1599155561419712,0.1574445335471799,0.156887326401638,0.0025049726183089,0.8028596811629742,0.7726043663162514,0.7736856559190208,0.7464567837167733,0.769768938880607,0.7730750851991253,0.0179286424856164,3,0.7809104567623621,0.7906805312660268,0.78848288119538,0.7959918024032762,0.7860922440699232,0.7884315831393935,0.004985121136864,0.7803225369291232,0.7833039707277409,0.7907575552242851,0.7907859078590785,0.7895378777612142,0.7869415697002885,0.0043156741780757,7,0.7846325846122574,0.7882576142561913,0.790493613849646,0.7893345981840357,0.7920520378087204,0.7889540897421702,0.0025009073579524,0.7814482029598309,0.78276955602537,0.7899048625792812,0.7885835095137421,0.7885555702391965,0.7862523402634841,0.0034435347811042,7,0.7844471606488058,0.788378315879885,0.790393445872287,0.789666677678306,0.7917547568710359,0.7889280713900639,0.0024925410577406,IRSUIPLANYR,XGBoost,v_grid_ajuste_fino_hiperparametros,0.8,0.04,2.0,200.0,0.8
0.6373887062072754,0.0348431845567005,0.1739001274108886,0.0141694433727465,,"{'modelo__colsample_bytree': 0.8, 'modelo__learning_rate': 0.04, 'modelo__max_depth': 2, 'modelo__n_estimators': 225, 'modelo__subsample': 0.8}",0.8551616879303557,0.8419987079019469,0.8474618017238968,0.8146882027330912,0.8444940068567212,0.8407608814292024,0.0137661801158082,1,0.8610354829465265,0.8628355291187229,0.8637831240352523,0.8700148488326905,0.8633842165711219,0.8642106403008629,0.0030504798969153,0.1599211764252663,0.143731971181606,0.1713945916079585,0.1460489168098489,0.1860848088127155,0.1614362929674791,0.015869637539884,7,0.1922008039826429,0.1945934048111518,0.1896626390759069,0.1935564082477123,0.1844519170429935,0.1908930346320815,0.0036193487860103,0.8253968253968254,0.7566137566137566,0.7619047619047619,0.7021276595744681,0.7553191489361702,0.7602724304851964,0.0391473794661447,4,0.7771883289124668,0.7944297082228117,0.7838196286472149,0.8013245033112583,0.7841059602649006,0.7881736258717305,0.0085821219802129,0.0889903023388477,0.0828985507246376,0.0859701492537313,0.0794701986754966,0.0839739798935541,0.0842606361772535,0.0031678988942902,5,0.085710106771976,0.0882959905660377,0.0881037567084078,0.089430894308943,0.0880821306353221,0.0879245757981373,0.0012138984124682,0.160659114315139,0.1494252873563218,0.1545064377682403,0.1427798810167658,0.1511442256519425,0.1517029892216819,0.005885465198161,5,0.1543933605585561,0.1589280976386309,0.1584025730367193,0.1609042553191489,0.1583734617442482,0.1582003496594607,0.0021168255025058,0.8044859177804021,0.7711107812747602,0.7772120367322969,0.747473043879375,0.7726995527849303,0.7745962664903528,0.0181749764405486,2,0.7827060321934696,0.7924447216453694,0.7882915604360172,0.7963120687040097,0.788231453554546,0.7895971673066824,0.0045663112681826,0.7835750101639789,0.7856078059357636,0.7925193115598319,0.7928184281842818,0.7900799566336902,0.7889201024955094,0.0037158533668213,6,0.7882237354744723,0.790459735067927,0.7927634922248196,0.7912996340967611,0.7923569468441914,0.7910207087416342,0.0016148298244417,0.7846194503171248,0.7848837209302325,0.7917547568710359,0.7905655391120507,0.789216334082199,0.7882079602625286,0.0029353954670768,6,0.787948861947078,0.7905586204618281,0.7925407155363219,0.791549667999075,0.7921511627906976,0.7909498057470001,0.001642728038556,IRSUIPLANYR,XGBoost,v_grid_ajuste_fino_hiperparametros,0.8,0.04,2.0,225.0,0.8
0.4676305294036865,0.2423881220332308,0.1753041744232177,0.0077916999043614,,"{'modelo__colsample_bytree': 0.8, 'modelo__learning_rate': 0.04, 'modelo__max_depth': 3, 'modelo__n_estimators': 200, 'modelo__subsample': 0.8}",0.8561952946693425,0.8414885371112502,0.8449579135986508,0.8117060917949604,0.8442402678100301,0.8397176209968468,0.0148809317081892,4,0.8831887014892017,0.8837890838251823,0.8858692365295222,0.88988569674636,0.8841690735185268,0.8853803584217588,0.00242238730561,0.1634529556637111,0.1372969948641541,0.1633895267532737,0.1607460598396472,0.1999454834493854,0.1649662041140343,0.020058517260272,1,0.2431948354059144,0.2592186169326314,0.2546904613201672,0.238138722057973,0.2422289795505288,0.247494323053443,0.0080371659077159,0.7883597883597884,0.7301587301587301,0.7354497354497355,0.6702127659574468,0.7287234042553191,0.730580884836204,0.0374434123026318,11,0.8116710875331565,0.8156498673740054,0.8156498673740054,0.8185430463576159,0.8132450331125828,0.8149517803502733,0.0023472440867769,0.0906877662811929,0.0867924528301886,0.0884786760025461,0.081765087605451,0.0871501272264631,0.0869748219891683,0.0029411853050934,2,0.0968660968660968,0.0969572757370329,0.0980235894166401,0.0977384153091886,0.0975532252939307,0.0974277205245778,0.0004481253986856,0.1626637554585152,0.1551433389544688,0.1579545454545454,0.145748987854251,0.1556818181818181,0.1554384891807197,0.00552390750416,2,0.173076923076923,0.1733126673242215,0.1750142287990893,0.1746256004521051,0.1742091076748474,0.1740477054654373,0.0007452355544663,0.7929466647450114,0.766692049724981,0.7706927495516736,0.7392391743066367,0.7671263043772869,0.7673393885411178,0.0170708178894691,11,0.8091793795222445,0.8107961028437598,0.8119649208130657,0.8126290241952059,0.8104067764743048,0.8109952407697161,0.0012077107168914,0.7975335411302344,0.8032253692912319,0.8059357636536116,0.8082655826558266,0.8055292044992547,0.8040978922460319,0.0036509744262879,2,0.8066876715113325,0.8059423383135143,0.8082799742521259,0.8067150020327958,0.8075685198360267,0.807038701189159,0.0008064094678329,0.7973044397463002,0.8014006342494715,0.8041754756871036,0.8048361522198731,0.8036209858596538,0.8022675375524804,0.0027369213626176,2,0.8068118000726768,0.8061841366324205,0.8084635459680882,0.8070100095801261,0.8077100951374208,0.8072359174781465,0.0007834627063642,IRSUIPLANYR,XGBoost,v_grid_ajuste_fino_hiperparametros,0.8,0.04,3.0,200.0,0.8
1.821894788742065,2.1815157472170417,-1.0090856552124023,2.367339876836912,,"{'modelo__colsample_bytree': 0.8, 'modelo__learning_rate': 0.04, 'modelo__max_depth': 3, 'modelo__n_estimators': 225, 'modelo__subsample': 0.8}",0.8550860406802946,0.8406876084068114,0.8442164988444972,0.8110415585538835,0.8429661662048423,0.8387995745380659,0.0147378740510894,7,0.8867978925780217,0.8874002069930658,0.8898103408286318,0.8933778424363394,0.8874973609326492,0.8889767287537416,0.0024284146199175,0.1648905151729821,0.1363723740630652,0.1623455701232016,0.1529229643315625,0.2053521488356582,0.1643767145052939,0.022798277276301,3,0.2513269330334349,0.2662041025447306,0.261075656893289,0.2441721327047329,0.2488109447003448,0.2543179539753065,0.0081136690002215,0.783068783068783,0.7248677248677249,0.7301587301587301,0.6702127659574468,0.7180851063829787,0.7252786220871328,0.0359101160596331,12,0.8143236074270557,0.8222811671087533,0.8249336870026526,0.823841059602649,0.8211920529801324,0.8213143148242485,0.0037230104848824,0.0918684047175667,0.0878205128205128,0.0886889460154241,0.0823529411764705,0.0863171355498721,0.0874095880559692,0.0031128698049965,1,0.098587026332691,0.0995504174694926,0.1008430609597924,0.0994245524296675,0.0994705599229905,0.0995751234229268,0.000723632087568,0.1644444444444444,0.1566609491137793,0.1581661891117478,0.1466821885913853,0.1541095890410959,0.1560126720604905,0.005776371371521,1,0.1758808364365511,0.1775995416786021,0.179716844842531,0.1774354585651119,0.1774470520892959,0.1776159467224184,0.0012235809015102,0.7924017177303531,0.7660115829922036,0.7689958849330037,0.7399844317592112,0.7622137145954737,0.7659214664020491,0.0167161064260573,12,0.8120640634282685,0.8161444796142743,0.8185209817945133,0.8164807683160284,0.8155152255956664,0.8157451037497502,0.0020980516756618,0.801734652391923,0.8071554411166825,0.8078330397072774,0.8097560975609757,0.8063423228079686,0.8065643107169654,0.0026653888956892,1,0.8098045194294813,0.8100077921197953,0.812108276586374,0.8091204770294078,0.8098383982112003,0.8101758926752517,0.001012727817643,0.8012684989429175,0.805100422832981,0.8058932346723044,0.8062896405919662,0.8041495969340557,0.804540278794845,0.0017922998277557,1,0.8099170823560503,0.810313501370949,0.8124277361170757,0.8094876284232434,0.8101215644820295,0.8104535025498697,0.0010245038644814,IRSUIPLANYR,XGBoost,v_grid_ajuste_fino_hiperparametros,0.8,0.04,3.0,225.0,0.8
2.185965156555176,0.5129038955057087,0.7219357490539551,0.2533567744460856,0.01,{'modelo__C': 0.01},0.8560516403247563,0.8490231541574406,0.8078503983100456,0.8181103815123056,0.8555837676511203,0.8373238683911337,0.0202922160775409,3,0.8602138462700931,0.8593195475116722,0.8689669879978046,0.8668266362833759,0.8603942875753989,0.863144261127669,0.0039558097783296,0.1138605046213249,0.0905743186350654,0.1042235948576133,0.0709682597735152,0.1123138436738317,0.0983881043122701,0.0160017340256195,3,0.0979356545813326,0.104695804351706,0.0947991286387882,0.115734222587672,0.0970263943284136,0.1020382408975825,0.007602593304637,0.7380952380952381,0.7976190476190477,0.6428571428571429,0.6666666666666666,0.7738095238095238,0.7238095238095238,0.0599508491048294,2,0.7708333333333334,0.7648809523809523,0.7827380952380952,0.7708333333333334,0.7678571428571429,0.7714285714285715,0.0060702613257056,0.0396419437340153,0.0423246999368288,0.0353634577603143,0.0373831775700934,0.0430748840291583,0.039557632606082,0.0029104702332344,4,0.0416264866602378,0.0415252867991598,0.0443657219973009,0.0424381451745043,0.0419375812743823,0.042378644381117,0.0010431217437132,0.0752427184466019,0.0803839232153569,0.0670391061452514,0.0707964601769911,0.0816070307595731,0.0750138477487549,0.0055451423083739,4,0.0789874961878621,0.0787739463601532,0.0839719029374201,0.080447274421494,0.0795314426633785,0.0803424125140616,0.0019046129884339,0.7687002112443053,0.7975267873049808,0.7230186302206613,0.7369944771067165,0.7904193950732772,0.7633319001899882,0.0291570267267507,3,0.7858175352151885,0.7833591332808386,0.7967473673117151,0.7878051751016091,0.7854852256241888,0.787842887306708,0.0046702431679373,0.7993051843933725,0.797434526990914,0.8031801175841796,0.8073222875467664,0.8070292663370306,0.8028542765704525,0.0039867173159891,4,0.8008017370970436,0.8018373141807249,0.8107566393853349,0.8047770168698848,0.8031133083912346,0.8042572031848445,0.0035104837605791,0.7986257928118393,0.7974365750528541,0.8014006342494715,0.8057610993657506,0.8066604995374653,0.8019769202034762,0.0036995356922862,4,0.8004690958342968,0.8014271084536355,0.810445641042582,0.804400251065376,0.8027219873150105,0.8038928167421802,0.0035318386053469,IRSUITRYYR,Regresión Logística,v_grid_ajuste_fino_hiperparametros,,,,,
8.951000642776489,7.755629948260836,0.3792484760284423,0.3240887906449139,0.02,{'modelo__C': 0.02},0.8516438242854598,0.8512230854394136,0.8136683655290016,0.8212257578071315,0.8557166084394469,0.8386955283000906,0.0175833272355454,1,0.8700458632592841,0.8672260632163338,0.8765542107105077,0.87545271699794,0.8684519037438598,0.871546151585585,0.0037637828791237,0.1073446566777977,0.0899724349768565,0.11621982966043,0.0737461784440017,0.1102602700407562,0.0995086739599684,0.0155621862052658,1,0.0998747011679036,0.1067931995603026,0.099182385128114,0.1181094084823081,0.1005130067583251,0.1048945402193907,0.0071451100181755,0.7380952380952381,0.8095238095238095,0.6547619047619048,0.6666666666666666,0.7619047619047619,0.7261904761904762,0.0583211843519804,1,0.7738095238095238,0.7708333333333334,0.8065476190476191,0.8005952380952381,0.7708333333333334,0.7845238095238096,0.0157034594741344,0.04044357469015,0.0438426821405544,0.037212449255751,0.0396319886765746,0.0434782608695652,0.040921791126519,0.0024786544856882,2,0.0432468396540252,0.0426829268292682,0.0472701901273329,0.0459122717187233,0.0431882607970652,0.044460097825283,0.001802960306184,0.0766852195423624,0.0831804281345565,0.0704225352112676,0.074816299265197,0.0822622107969151,0.0774733385900597,0.0047518204085612,2,0.0819155639571518,0.0808869456589631,0.0893063107595979,0.0868442292171105,0.0817937786199273,0.0841493656425501,0.0033177829032617,0.7707712962255988,0.8056838716245451,0.7323114708202896,0.7426732585070372,0.7868724664795759,0.7676624727314092,0.0271973145026678,1,0.7908299331090378,0.7883897750682034,0.8120428090227239,0.8069286529544171,0.789578879387137,0.7975540099083037,0.0099056382717787,0.8034473543559594,0.8018439337252806,0.8098610368786745,0.8186798503474078,0.81184017105439,0.8091344692723424,0.006073848979408,3,0.8078503424085519,0.8059462168030733,0.8175379989978286,0.8132620678135961,0.8083244254409406,0.8105842102927981,0.0042336212171575,0.8027219873150105,0.8019291754756871,0.8081395348837209,0.816992600422833,0.8112858464384829,0.8082138289071468,0.0055886820175431,3,0.8074724984308413,0.8055564731921642,0.8174160087212183,0.8131214693931486,0.8079082980972516,0.8102949495669248,0.0043546341250309,IRSUITRYYR,Regresión Logística,v_grid_ajuste_fino_hiperparametros,,,,,
12.121734285354616,8.987124367076587,0.3195875167846679,0.3083208448501355,0.03,{'modelo__C': 0.03},0.8481800857702781,0.8518752704181619,0.8166970489425059,0.8210006744547097,0.8541694507550448,0.8383845060681401,0.0161224190576831,2,0.8750157086385582,0.8717658100487564,0.8803812029237952,0.8810078085852681,0.873965551112214,0.8764272162617184,0.0036440826971738,0.1038308524343598,0.0868785208869194,0.1210739947890121,0.0740491597970614,0.1070398269423001,0.0985744709699306,0.0163939409929052,2,0.1014630088851857,0.1066693647167902,0.1009281900446556,0.1184041532898661,0.1022372227293008,0.1059403879331597,0.0065537674258084,0.7142857142857143,0.8095238095238095,0.6428571428571429,0.6190476190476191,0.75,0.7071428571428571,0.0696606611348942,4,0.7857142857142857,0.7827380952380952,0.8125,0.8035714285714286,0.7827380952380952,0.7934523809523809,0.0122855758574704,0.0395256916996047,0.0444735120994113,0.0376306620209059,0.0378457059679767,0.0433287482806052,0.0405608640137008,0.0028284181801601,3,0.0446549391069012,0.0439725798361478,0.0483442535859748,0.0466643622537158,0.0448193592365371,0.0456910988038553,0.00159833264835,0.0749063670411985,0.0843149411035337,0.0710994075049374,0.0713305898491083,0.0819245773732119,0.076715176574398,0.0054533788783113,3,0.0845070422535211,0.0832673737533639,0.091258565936821,0.0882064684743547,0.0847840103159252,0.0864046921467972,0.0029283763460378,0.7597350538291212,0.8071536738693339,0.7291650759715966,0.7212020564505867,0.7820559935854603,0.7598623707412198,0.0321433796086452,4,0.7985194111050132,0.7958621159337294,0.8164888508434942,0.8096527595504546,0.7977526660049374,0.8036551606875257,0.0080327045125155,0.805184393372528,0.8047835382148584,0.8154730090860502,0.8233564938535542,0.8141119871709207,0.8125818843395823,0.0069617397544195,2,0.8113245364957408,0.8089861366293636,0.8204777016869885,0.8157340905294805,0.8127672367717798,0.8138579404226707,0.0039669489669361,0.8041754756871036,0.8048361522198731,0.8135570824524313,0.8210887949260042,0.8134002907360909,0.8114115592043006,0.0062897391997749,2,0.8110402695649301,0.8086947903934458,0.820389151332959,0.8155990882362657,0.812433932346723,0.8136314463748647,0.0040510986209226,IRSUITRYYR,Regresión Logística,v_grid_ajuste_fino_hiperparametros,,,,,
14.126123666763306,9.407566751247456,-0.9245321750640868,2.4335775535742323,0.05,{'modelo__C': 0.05},0.8411301252195159,0.8531080590975033,0.8187967664350614,0.8128722226464076,0.8459945718231165,0.8343803490443211,0.0157265655570122,4,0.8806688300842301,0.8770324791015455,0.8848886376832343,0.8877742052224264,0.8801409276297372,0.8821010159442346,0.0037825673770564,0.10063834917277,0.0910085461934983,0.121318904285976,0.0742411218140912,0.1005347649720761,0.0975483372876823,0.0152938022732899,4,0.101582803048229,0.1070901019372199,0.1022939322632312,0.1191646457559786,0.1039473078396286,0.1068157581688575,0.0064595514588731,0.6904761904761905,0.8095238095238095,0.6547619047619048,0.6428571428571429,0.7619047619047619,0.7119047619047618,0.0640648764146367,3,0.8035714285714286,0.7886904761904762,0.8125,0.8035714285714286,0.7797619047619048,0.7976190476190476,0.0117550105107925,0.0389000670690811,0.0455153949129852,0.0393700787401574,0.04,0.0453900709219858,0.0418351223288419,0.0029745832994646,1,0.0462566386842556,0.0452295613585936,0.048811013767209,0.0478978179882916,0.0457641921397379,0.0467918447876175,0.0013478475536295,0.0736507936507936,0.0861850443599493,0.0742741390952059,0.0753138075313807,0.0856760374832664,0.0790199644241192,0.0056697112944985,1,0.0874777255791349,0.0855528652138821,0.0920897284533648,0.0904068307383224,0.0864543804652697,0.0883963060899948,0.0024651003800502,0.749500521747983,0.8094919956224071,0.7377230154488306,0.7348438573719173,0.7910151899861909,0.7645149160354657,0.0301622674967032,2,0.8088009138848458,0.8009094605772825,0.8173908050776683,0.8121414851225274,0.7986362971163881,0.8075757923557424,0.0069718792652806,0.8085248530197755,0.8094601817210048,0.8206841261357563,0.8268305718866916,0.82012561806762,0.8171250701661696,0.0070509741255029,1,0.8140303991982629,0.8131284449640889,0.8222816101553365,0.8207115416736261,0.8175106894708712,0.8175325370924371,0.0035866764478367,0.8072145877378436,0.8094608879492601,0.8188424947145877,0.8247885835095138,0.819479318091714,0.8159571744005838,0.0065933135153401,1,0.813914307422946,0.8128571900498828,0.8221730369000033,0.8205212910045918,0.8170917019027484,0.8173115054560345,0.0036157268996417,IRSUITRYYR,Regresión Logística,v_grid_ajuste_fino_hiperparametros,,,,,
