mean_fit_time,std_fit_time,mean_score_time,std_score_time,param_modelo__final_estimator__C,param_modelo__final_estimator__l1_ratio,params,split0_test_roc_auc,split1_test_roc_auc,split2_test_roc_auc,split3_test_roc_auc,split4_test_roc_auc,mean_test_roc_auc,std_test_roc_auc,rank_test_roc_auc,split0_train_roc_auc,split1_train_roc_auc,split2_train_roc_auc,split3_train_roc_auc,split4_train_roc_auc,mean_train_roc_auc,std_train_roc_auc,split0_test_average_precision,split1_test_average_precision,split2_test_average_precision,split3_test_average_precision,split4_test_average_precision,mean_test_average_precision,std_test_average_precision,rank_test_average_precision,split0_train_average_precision,split1_train_average_precision,split2_train_average_precision,split3_train_average_precision,split4_train_average_precision,mean_train_average_precision,std_train_average_precision,split0_test_recall,split1_test_recall,split2_test_recall,split3_test_recall,split4_test_recall,mean_test_recall,std_test_recall,rank_test_recall,split0_train_recall,split1_train_recall,split2_train_recall,split3_train_recall,split4_train_recall,mean_train_recall,std_train_recall,split0_test_precision,split1_test_precision,split2_test_precision,split3_test_precision,split4_test_precision,mean_test_precision,std_test_precision,rank_test_precision,split0_train_precision,split1_train_precision,split2_train_precision,split3_train_precision,split4_train_precision,mean_train_precision,std_train_precision,split0_test_f1,split1_test_f1,split2_test_f1,split3_test_f1,split4_test_f1,mean_test_f1,std_test_f1,rank_test_f1,split0_train_f1,split1_train_f1,split2_train_f1,split3_train_f1,split4_train_f1,mean_train_f1,std_train_f1,split0_test_balanced_accuracy,split1_test_balanced_accuracy,split2_test_balanced_accuracy,split3_test_balanced_accuracy,split4_test_balanced_accuracy,mean_test_balanced_accuracy,std_test_balanced_accuracy,rank_test_balanced_accuracy,split0_train_balanced_accuracy,split1_train_balanced_accuracy,split2_train_balanced_accuracy,split3_train_balanced_accuracy,split4_train_balanced_accuracy,mean_train_balanced_accuracy,std_train_balanced_accuracy,split0_test_specificity,split1_test_specificity,split2_test_specificity,split3_test_specificity,split4_test_specificity,mean_test_specificity,std_test_specificity,rank_test_specificity,split0_train_specificity,split1_train_specificity,split2_train_specificity,split3_train_specificity,split4_train_specificity,mean_train_specificity,std_train_specificity,split0_test_accuracy,split1_test_accuracy,split2_test_accuracy,split3_test_accuracy,split4_test_accuracy,mean_test_accuracy,std_test_accuracy,rank_test_accuracy,split0_train_accuracy,split1_train_accuracy,split2_train_accuracy,split3_train_accuracy,split4_train_accuracy,mean_train_accuracy,std_train_accuracy,target,modelo,version_grid
5.223543167114258,0.7812672407347871,0.1749701499938964,0.0127089996050599,0.1,0.0,"{'modelo__final_estimator__C': 0.1, 'modelo__final_estimator__l1_ratio': 0.0}",0.8899566842194666,0.8945672137761168,0.9003606994224562,0.8939503000962573,0.888184985381215,0.8934039765791024,0.0042230149565821,1,0.8996289307321732,0.899058571458155,0.8971774666370964,0.8993324012122117,0.9004274016105401,0.8991249543300354,0.0010761515080283,0.5171335427439782,0.5260831937788942,0.5261907581849403,0.5104727010177281,0.515549284008716,0.5190858959468514,0.0061635651743019,1,0.5362934901303061,0.535002258711929,0.533938067134784,0.542168003509967,0.5384320117430278,0.5371667662460028,0.0029149758945246,0.8452380952380952,0.8726190476190476,0.8738095238095238,0.8607142857142858,0.8390941597139452,0.8582950224189796,0.014077547813777,1,0.8684132182197083,0.8675200952664484,0.8627567728490623,0.864543018755582,0.8690476190476191,0.8664561448276838,0.0024092849492939,0.3258375401560349,0.3356227106227106,0.344439230408259,0.3410377358490566,0.3328605200945626,0.3359595474261247,0.0064786647041802,1,0.3406516407801004,0.3374247336729967,0.3346033945271908,0.3380675203725262,0.3402470286646469,0.3381988636034922,0.0021796798878768,0.4703544219940377,0.4847883597883597,0.4941097273645237,0.4885135135135135,0.4766418415707515,0.4828815728462373,0.0084532810301435,1,0.4893474249287032,0.4858691121300542,0.4821963394342762,0.4860657795631433,0.4890303131803718,0.4865017938473097,0.002593004380371,0.8134484174169073,0.8284765868297379,0.833084904592039,0.82653728554442,0.8146867944824185,0.8232467977731046,0.007800618732794,1,0.8293091655902347,0.8274505946011195,0.8243071914185858,0.8266309029568635,0.8293291008436668,0.8274053910820941,0.0018722036744881,0.7816587395957194,0.7843341260404281,0.792360285374554,0.792360285374554,0.7902794292508918,0.7881985731272294,0.0043971134570988,3,0.790205112960761,0.7873810939357907,0.7858576099881094,0.788718787158145,0.7896105826397146,0.7883546373365041,0.001569534712259,0.788715644820296,0.7941331923890064,0.8014006342494715,0.7999471458773785,0.7956918197436236,0.7959776874159552,0.0045030233783048,3,0.7988834197747019,0.7962736612599518,0.7943906709391827,0.7971325691255657,0.7984275898520085,0.7970215821902821,0.0016085207219419,IRAMDEYR,Stacking RL+XGB,v_grid_stacking
4.206981468200683,1.5287247394430277,0.1835474491119385,0.0150475388168244,0.1,1.0,"{'modelo__final_estimator__C': 0.1, 'modelo__final_estimator__l1_ratio': 1.0}",0.889805574429534,0.8946712565823,0.9003782168337015,0.8936795764679237,0.8881518574997981,0.8933372963626514,0.004262229525283,6,0.899248709653268,0.8994357061653803,0.897323245153224,0.8999917785253311,0.90076734334303,0.8993533565680465,0.001144205050235,0.5168041522218485,0.5269209378055867,0.526062363798767,0.50964219186948,0.5157679861658765,0.5190395263723117,0.0065642464970775,5,0.5348382105868114,0.5366458422125397,0.534555179798296,0.545019944219106,0.5399895924193618,0.5382097538472229,0.0039170282940304,0.844047619047619,0.8738095238095238,0.8738095238095238,0.8607142857142858,0.8390941597139452,0.8582950224189796,0.0145527590039157,1,0.8681155105686216,0.8687109258707949,0.8624590651979755,0.8660315570110152,0.8696428571428572,0.8669919831582529,0.0025578887541097,0.326427255985267,0.3345487693710118,0.3449248120300752,0.3397556390977443,0.3328605200945626,0.3357033993157322,0.0062756205647235,6,0.3418923672177277,0.3368737012237358,0.3347971801687276,0.3370408990846947,0.3403610949330227,0.3381930485255817,0.0025684793767903,0.4707835325365206,0.4838497033618985,0.4946091644204852,0.4871967654986523,0.4766418415707515,0.4826162014776616,0.0082709042355076,6,0.490578734858681,0.4854837367939439,0.4823509823509823,0.4852376980817348,0.4892423608204269,0.4865787025811537,0.0029653396069971,0.813299077062454,0.8284029783137987,0.8333078534624314,0.8259427552233736,0.8146867944824185,0.8231278917088953,0.0078388690043751,3,0.8297734211582704,0.8276372703075734,0.8242883911007713,0.826706325473403,0.8296081408187532,0.8276027097717543,0.0020259886032063,0.7825505350772889,0.7829964328180737,0.7928061831153389,0.7911712247324614,0.7902794292508918,0.7879607609988108,0.0043145454950342,6,0.7914313317479191,0.786563614744352,0.7861177170035671,0.7873810939357907,0.7895734244946492,0.7882134363852555,0.0020005580896091,0.7893763213530656,0.7930761099365751,0.8017970401691332,0.7988900634249472,0.7956918197436236,0.7957662709254689,0.004340558072705,6,0.7999405371477651,0.7956790327376037,0.7945888804466321,0.7961084866704107,0.7984606236786469,0.7969555121362116,0.0019556856814774,IRAMDEYR,Stacking RL+XGB,v_grid_stacking
5.59041199684143,0.4868542382348629,0.1946674823760986,0.0079687251595224,1.0,0.0,"{'modelo__final_estimator__C': 1.0, 'modelo__final_estimator__l1_ratio': 0.0}",0.8898342392842987,0.894646130598494,0.9003745010191948,0.8937469919596853,0.8881467200208617,0.8933497165765069,0.0042571320689591,2,0.8993511019696492,0.8993553056300021,0.8972968505911143,0.899856686156311,0.9006889794692402,0.8993097847632635,0.0011186565525637,0.5168548567458647,0.526789401327437,0.5260493436222428,0.5098880074484547,0.5158315457505043,0.5190826309789007,0.006449853166116,2,0.5352853842796205,0.536252928230565,0.5344135326100916,0.5444156390079017,0.5396690618085499,0.5380073091873457,0.0036668807096805,0.844047619047619,0.8726190476190476,0.8738095238095238,0.8595238095238096,0.8390941597139452,0.8578188319427891,0.0142682529671585,6,0.8681155105686216,0.867817802917535,0.8621613575468889,0.8657338493599286,0.8690476190476191,0.8665752278881186,0.0024584283883021,0.3267281105990783,0.3345504335919671,0.3452492944496707,0.339924670433145,0.3331755797444392,0.33592561776366,0.0062764854473557,2,0.3417721518987341,0.3374233128834356,0.3349913244650087,0.3381395348837209,0.3405644973174714,0.3385781642896741,0.0023890823844401,0.4710963455149501,0.4836687561860772,0.4949426837491571,0.4871794871794871,0.4769647696476964,0.4827704084554736,0.0082267913206853,5,0.4904549659406274,0.4859143190531755,0.4825058313895368,0.4863282883184213,0.4893581364169599,0.4869123082237442,0.0028030911142705,0.8134477096427155,0.8279563727988223,0.833456486042693,0.8255704659985279,0.8148354270626801,0.8230532923090876,0.0077253262597662,6,0.8297176839406722,0.8275622902815974,0.8242695907829569,0.8271148438238407,0.8294777334239285,0.8276284284505993,0.0019664613543619,0.7828478002378121,0.7832936979785969,0.7931034482758621,0.7916171224732461,0.790576694411415,0.7882877526753864,0.0043370161741886,1,0.7913198573127229,0.7873067776456599,0.786377824019025,0.7884958382877527,0.7899078478002378,0.7886816290130797,0.0017717851450874,0.7896405919661733,0.7932082452431289,0.802061310782241,0.7991543340380549,0.7959561252808246,0.7960041214620845,0.0043572265684604,1,0.7998414323940405,0.7962406263420435,0.7947870899540814,0.7970664992897493,0.7986918604651163,0.7973255016890062,0.0017823812451245,IRAMDEYR,Stacking RL+XGB,v_grid_stacking
4.886070919036865,0.5697800680065022,0.1745951175689697,0.0097680392065836,1.0,1.0,"{'modelo__final_estimator__C': 1.0, 'modelo__final_estimator__l1_ratio': 1.0}",0.8898119443972596,0.8946726721306835,0.9003833481965913,0.8936728526131024,0.8881523889631362,0.8933386412601546,0.0042627229575313,5,0.8992608781437628,0.8994421444030786,0.8973362875625814,0.9000031505328118,0.9007755822769804,0.899363608583843,0.0011427541779467,0.5168370208611813,0.5269421460652559,0.5260837811953041,0.509620002942343,0.5157579393562466,0.5190481780840661,0.0065790548755923,3,0.5348869980257287,0.536681984821199,0.534632374880444,0.5450796070623389,0.5400297484960955,0.5382621426571612,0.0039157621352741,0.844047619047619,0.8726190476190476,0.8738095238095238,0.8607142857142858,0.8390941597139452,0.8580569271808842,0.0143046039508489,3,0.8681155105686216,0.8684132182197083,0.8621613575468889,0.8660315570110152,0.8696428571428572,0.8668729000978181,0.0026266257490956,0.3267281105990783,0.3343978102189781,0.3452492944496707,0.3399153737658674,0.3331755797444392,0.3358932337556067,0.0062822750548794,4,0.3419725577577108,0.3374204742625795,0.3349913244650087,0.3374709976798143,0.3405991374286047,0.3384908983187436,0.0024899657316656,0.4710963455149501,0.483509234828496,0.4949426837491571,0.487360970677452,0.4769647696476964,0.4827748008835503,0.0082434519806582,3,0.4906612821807168,0.4860046651116294,0.4825058313895368,0.4856832790717088,0.4894882318452132,0.4868686579197609,0.0029131436028606,0.8134477096427155,0.8278820565086915,0.833456486042693,0.8260170715135043,0.8148354270626801,0.8231277501540569,0.0077472601407474,4,0.8298105793033357,0.8277856816425533,0.8242695907829569,0.8269106952712626,0.8297196152539494,0.8276992324508115,0.0020460419604224,0.7828478002378121,0.7831450653983353,0.7931034482758621,0.7913198573127229,0.790576694411415,0.7881985731272294,0.0043272251365672,3,0.7915056480380499,0.7871581450653984,0.786377824019025,0.7877898335315101,0.7897963733650416,0.788525564803805,0.0018718855844823,0.7896405919661733,0.7930761099365751,0.802061310782241,0.799022198731501,0.7959561252808246,0.795951267339463,0.0043555580089182,4,0.8000066069835816,0.796174556506227,0.7947870899540814,0.7964718707674011,0.7986588266384778,0.7972197901699538,0.0018658564304505,IRAMDEYR,Stacking RL+XGB,v_grid_stacking
5.269938898086548,0.5497173264878439,0.1925409317016601,0.0087683092117968,10.0,0.0,"{'modelo__final_estimator__C': 10.0, 'modelo__final_estimator__l1_ratio': 0.0}",0.8898112366230677,0.8946689563161768,0.9003821095917559,0.8936847078308137,0.8881527432720284,0.8933399507267685,0.0042623012376263,3,0.8992646061267598,0.8994350756163274,0.8973315307890244,0.8999840902517913,0.9007648329564436,0.8993560271480693,0.001139507704162,0.5168349777099565,0.526912197061694,0.5260694426057828,0.5096387272143075,0.5157413315337152,0.5190393352250912,0.0065652389851027,6,0.5349063024878856,0.5366484939066506,0.5346143153843733,0.544970037316723,0.5399803468594139,0.5382238991910093,0.0038758981662252,0.844047619047619,0.8726190476190476,0.8738095238095238,0.8607142857142858,0.8390941597139452,0.8580569271808842,0.0143046039508489,3,0.8681155105686216,0.8684132182197083,0.8621613575468889,0.8660315570110152,0.8693452380952381,0.8668133762882944,0.0025658484698706,0.3267281105990783,0.3343978102189781,0.3452492944496707,0.3400752587017874,0.3331755797444392,0.3359252107427907,0.0063030390935736,3,0.3420126671358198,0.3374204742625795,0.3350300786672837,0.3374709976798143,0.3406413994169096,0.3385151234324814,0.0024975129199545,0.4710963455149501,0.483509234828496,0.4949426837491571,0.4875252865812542,0.4769647696476964,0.4828076640643108,0.0082619763232466,2,0.4907025662599916,0.4860046651116294,0.4825460301591269,0.4856832790717088,0.4894847088395475,0.4868842498884008,0.0029112910322292,0.8134477096427155,0.8278820565086915,0.833456486042693,0.8260913878036351,0.8148354270626801,0.8231426134120831,0.0077528583639804,2,0.8298291583758685,0.8277856816425533,0.8242881698554896,0.8269106952712626,0.829626542947738,0.8276880496185823,0.002025591138142,0.7828478002378121,0.7831450653983353,0.7931034482758621,0.7914684898929846,0.790576694411415,0.7882282996432817,0.0043490207925985,2,0.7915428061831153,0.7871581450653984,0.7864149821640903,0.7877898335315101,0.7899078478002378,0.7885627229488704,0.0018906741924302,0.7896405919661733,0.7930761099365751,0.802061310782241,0.7991543340380549,0.7959561252808246,0.7959776944007738,0.0043744703121277,2,0.8000396419014899,0.796174556506227,0.7948201248719897,0.7964718707674011,0.7987248942917548,0.7972462176677725,0.001877429121371,IRAMDEYR,Stacking RL+XGB,v_grid_stacking
5.139357328414917,0.7518997997352258,0.1764179706573486,0.0141368378719417,10.0,1.0,"{'modelo__final_estimator__C': 10.0, 'modelo__final_estimator__l1_ratio': 1.0}",0.8898117674537116,0.8946724951871355,0.9003826404223997,0.8936735603872941,0.8881534518898129,0.8933387830680708,0.0042622597027935,4,0.89926181843621,0.8994426311426982,0.8973383672682297,0.9000043341950689,0.9007763564050024,0.8993647014894419,0.0011423298935324,0.5168335844095242,0.5269422939717445,0.526077872546536,0.5096244530868296,0.5157594659135892,0.5190475339856447,0.006576630041542,4,0.5348891074262544,0.5366836430777743,0.5346362031028516,0.5450840061659965,0.5400329341540895,0.5382651787853933,0.0039163744307961,0.844047619047619,0.8726190476190476,0.8738095238095238,0.8607142857142858,0.8390941597139452,0.8580569271808842,0.0143046039508489,3,0.8681155105686216,0.8684132182197083,0.8621613575468889,0.8660315570110152,0.8696428571428572,0.8668729000978181,0.0026266257490956,0.3267281105990783,0.3343978102189781,0.3452492944496707,0.3399153737658674,0.3331755797444392,0.3358932337556067,0.0062822750548794,4,0.3420126671358198,0.3374204742625795,0.3349913244650087,0.3374709976798143,0.3406388435532758,0.3385068614192996,0.0025079183543182,0.4710963455149501,0.483509234828496,0.4949426837491571,0.487360970677452,0.4769647696476964,0.4827748008835503,0.0082434519806582,3,0.4907025662599916,0.4860046651116294,0.4825058313895368,0.4856832790717088,0.4895292343776177,0.4868851152420969,0.0029312805376094,0.8134477096427155,0.8278820565086915,0.833456486042693,0.8260170715135043,0.8148354270626801,0.8231277501540569,0.0077472601407474,4,0.8298291583758685,0.8277856816425533,0.8242695907829569,0.8269106952712626,0.8297381943264821,0.8277066640798246,0.0020535520518013,0.7828478002378121,0.7831450653983353,0.7931034482758621,0.7913198573127229,0.790576694411415,0.7881985731272294,0.0043272251365672,3,0.7915428061831153,0.7871581450653984,0.786377824019025,0.7877898335315101,0.789833531510107,0.7885404280618312,0.001888774501535,0.7896405919661733,0.7930761099365751,0.802061310782241,0.799022198731501,0.7959561252808246,0.795951267339463,0.0043555580089182,4,0.8000396419014899,0.796174556506227,0.7947870899540814,0.7964718707674011,0.7986918604651163,0.7972330039188632,0.0018808300779578,IRAMDEYR,Stacking RL+XGB,v_grid_stacking
99.40336356163024,1.2347926308788633,1.2124132633209228,0.0257906426866691,0.1,0.0,"{'modelo__final_estimator__C': 0.1, 'modelo__final_estimator__l1_ratio': 0.0}",0.8903443675329822,0.8937873350886133,0.9002557718985335,0.8941741336843894,0.888886251256025,0.8934895718921088,0.0039350126209415,1,0.911039866320061,0.9139895028848616,0.9095897694323268,0.9102746176085048,0.9127794768044704,0.9115346466100448,0.0016242505594548,0.5187227806113434,0.5274117164877771,0.5265134943900007,0.5110170195628032,0.5147189965079703,0.5196768015119789,0.0064350771391664,2,0.5938549152399767,0.605916452124284,0.5942608044703157,0.5959967535036452,0.6000495217615887,0.598015689419962,0.004517650502196,0.844047619047619,0.8726190476190476,0.8678571428571429,0.861904761904762,0.8438617401668653,0.8580580623190874,0.0120055774814216,4,0.8797261089610003,0.8806192319142602,0.8743673712414409,0.8746650788925275,0.881547619047619,0.8781850820113697,0.0030519450391141,0.3247824095281722,0.3336367774237597,0.3404950957496497,0.3394280356305673,0.3317713214620431,0.3340227279588384,0.0056870057073126,6,0.3448074679113185,0.3416888067459859,0.3383640552995391,0.3402431962941517,0.3438987576918611,0.3418004567885712,0.0023533535113273,0.4690704598081376,0.4827132038195588,0.4890976182489097,0.4870501177262025,0.4762865792129162,0.480843595763145,0.0073419120998848,6,0.4954313018693939,0.4923435419440746,0.4879142785945676,0.4899116224779056,0.4947799214900192,0.4920761332751922,0.0028511497953125,0.8124815978710151,0.8275104750580375,0.8289939697638866,0.8262407281580885,0.8159558403569166,0.8222365222415888,0.0066950258365525,6,0.8355415622093944,0.8344274815932775,0.8304840720654292,0.8314875632274766,0.8357834706415266,0.8335448299474209,0.0021623187082578,0.7809155766944114,0.7824019024970273,0.7901307966706302,0.790576694411415,0.7880499405469679,0.7864149821640903,0.0040037103822433,6,0.7913570154577884,0.7882357312722948,0.7866007728894173,0.7883100475624257,0.790019322235434,0.788904577883472,0.0016349583828775,0.7879228329809725,0.7924154334038055,0.7987579281183932,0.7984936575052854,0.7942381392890181,0.794365598259495,0.0040413375982162,6,0.8011628291103696,0.7984870007598032,0.7963397310957683,0.797892372237455,0.8001783826638478,0.7988120631734489,0.0017004030306297,IRAMDEYR,Stacking RL+XGB+Bagging,v_grid_stacking
98.05792660713196,0.2048361144119548,1.088725709915161,0.195185640006724,0.1,1.0,"{'modelo__final_estimator__C': 0.1, 'modelo__final_estimator__l1_ratio': 1.0}",0.8899805715984372,0.8940120533944851,0.9003525600192515,0.8938929703867278,0.8887135256710965,0.8933903362139997,0.0040647456320481,3,0.9071381172787608,0.9114939667296657,0.9055553064087856,0.9041717988197184,0.9089982374210832,0.9074714853316028,0.0025761263765626,0.5174441615962055,0.527868016189961,0.5272710051728111,0.5105601394672555,0.5152869870152117,0.519686061888289,0.0068137534078857,1,0.5758132285104632,0.5948886797878724,0.575801877113003,0.5667741100550365,0.5821791107994135,0.5790914012531577,0.0092991505784594,0.8464285714285714,0.8714285714285714,0.8726190476190476,0.861904761904762,0.8426698450536353,0.8590101594869175,0.012434627041864,1,0.8725811253349212,0.8788329860077404,0.8699017564751415,0.8696040488240547,0.8773809523809524,0.8736601738045622,0.0038037974599942,0.3265962333486449,0.333941605839416,0.3431647940074906,0.3400657585720996,0.332549388523048,0.3352635560581398,0.0058262758406584,2,0.3434497304898055,0.3411533572171501,0.3375303222825459,0.3385096766716885,0.3429103175526346,0.3407106808427649,0.0023450312121356,0.4713291349022207,0.4828496042216358,0.4926075268817204,0.4877062984169754,0.4768971332209106,0.4822779395286926,0.0075541201326892,1,0.4928949802404775,0.4915084915084915,0.4863515312916112,0.4873206539873206,0.4931002759889604,0.4902351866033722,0.0028454111727971,0.8142666043825377,0.8272125021233225,0.832043768756016,0.8265379933186117,0.8158801068312171,0.8231881950823411,0.0069114443494067,1,0.8321920192667471,0.8334972004949522,0.828399897262541,0.8287526783953805,0.8337372954532586,0.8313158181745759,0.0023005212316205,0.7821046373365041,0.7829964328180737,0.7914684898929846,0.7911712247324614,0.789090368608799,0.7873662306777646,0.0040263795115145,5,0.7918029131985731,0.7881614149821641,0.7868980380499405,0.7879013079667063,0.7900936385255648,0.7889714625445897,0.001753675497188,0.7892441860465116,0.7928118393234672,0.8004756871035941,0.799022198731501,0.7950310559006211,0.795316993421139,0.0040884523631659,4,0.8007664100954709,0.7982227214165373,0.7961084866704107,0.7969673945360246,0.799781976744186,0.7983693978925259,0.0017227822536676,IRAMDEYR,Stacking RL+XGB+Bagging,v_grid_stacking
97.0383849143982,0.4102842843353068,1.2269440650939942,0.1032565963498782,1.0,0.0,"{'modelo__final_estimator__C': 1.0, 'modelo__final_estimator__l1_ratio': 0.0}",0.8900515259611573,0.8938933242738237,0.900315401874186,0.8940086914670743,0.8887758840361168,0.8934089655224715,0.004025692043761,2,0.9083877106299332,0.9125894074307972,0.9069176242309956,0.9061581721458208,0.9103525965138582,0.908881102190281,0.0023422148601956,0.5174830109125204,0.5274855077951027,0.5269646730649257,0.5107280605565894,0.5151598777742022,0.5195642260206681,0.0066230035681095,3,0.5816460027925557,0.5997955385992911,0.5821060332849574,0.5765339831998584,0.5887122532703298,0.5857587622293985,0.0080138376232361,0.844047619047619,0.8714285714285714,0.8690476190476191,0.8607142857142858,0.8438617401668653,0.8578199670809921,0.0118671060521282,6,0.8758559094968741,0.879130693658827,0.8707948794284013,0.8713902947305746,0.8785714285714286,0.8751486411772211,0.0034972232804526,0.3261269549218031,0.3337893296853625,0.3419203747072599,0.3402352941176471,0.3327067669172932,0.3349557440698731,0.0056700205853678,5,0.3444561526753307,0.3415847310584152,0.3379158964879852,0.3396773819194615,0.3437754745545592,0.3414819273391504,0.002453157312019,0.4704711347047113,0.4826904055390702,0.4907563025210084,0.487689713322091,0.4772497472194135,0.4817714606612589,0.0072765488614451,5,0.494453781512605,0.492002665778074,0.4868913857677903,0.4888109552438209,0.4941826399933037,0.4912682856591187,0.0029791235155843,0.8131504444821924,0.8271381858331918,0.8301094218900402,0.826165704093766,0.8164017380977013,0.8225930988793783,0.006594135355447,5,0.8339037276378545,0.8338132659732899,0.8289207750293017,0.829980224654229,0.8345926405639545,0.832242126771726,0.0023195641617557,0.7822532699167658,0.7828478002378121,0.7911712247324614,0.7916171224732461,0.7889417360285375,0.7873662306777647,0.0040395261927034,4,0.7919515457788348,0.7884958382877527,0.7870466706302022,0.7885701545778835,0.7906138525564804,0.7893356123662307,0.0017324783405691,0.7891120507399577,0.7926797040169133,0.7998150105708245,0.7992864693446089,0.7950310559006211,0.7951848581145852,0.0040358386497407,5,0.8012619338640944,0.7985530705956195,0.7963397310957683,0.7977602325658221,0.8003765856236786,0.7988583107489966,0.0017734008792022,IRAMDEYR,Stacking RL+XGB+Bagging,v_grid_stacking
97.16694569587708,0.3225499009660746,1.1810462474822998,0.0045205553678242,1.0,1.0,"{'modelo__final_estimator__C': 1.0, 'modelo__final_estimator__l1_ratio': 1.0}",0.8899832257516563,0.893928182152766,0.9003323884547874,0.8939184502576298,0.8887482479425283,0.8933820989118736,0.0040476491440776,5,0.907948195815526,0.9122234677348272,0.9063208925193962,0.9050374652335164,0.9097510548047252,0.9082562152215982,0.0025367041327263,0.5172790067141643,0.5275576784577668,0.5269985611766241,0.5105227109310891,0.5150369865705406,0.5194789887700371,0.0067319449427852,4,0.5796961075448331,0.5981757804064465,0.5793350922000525,0.5710357366808053,0.5858197140121697,0.5828124861688615,0.0090063326851634,0.8476190476190476,0.8714285714285714,0.8702380952380953,0.8607142857142858,0.8426698450536353,0.858533969010727,0.011651755756973,2,0.8743673712414409,0.879130693658827,0.8704971717773147,0.8699017564751415,0.8779761904761905,0.874374636725783,0.0037585292846503,0.3272058823529412,0.333941605839416,0.3423887587822014,0.3402352941176471,0.332549388523048,0.3352641859230507,0.0054685839947185,1,0.34419313254424,0.3415847310584152,0.3378784377166628,0.338939798167266,0.3435425643414463,0.3412277327656061,0.0024791898234647,0.4721485411140583,0.4828496042216358,0.4914285714285714,0.487689713322091,0.4768971332209106,0.4822027126614534,0.0069982519765387,2,0.4939455095862765,0.492002665778074,0.4868059602097727,0.4878130217028381,0.4938478279065874,0.4908829970367098,0.0030156207033512,0.8150104750580375,0.8272125021233225,0.8307789762754091,0.826165704093766,0.8158801068312171,0.8230095528763505,0.0063687402158912,2,0.833215195727736,0.8338132659732899,0.8287905002762911,0.8290687438737181,0.8342578633712701,0.8318291138444611,0.0023920585993449,0.7824019024970273,0.7829964328180737,0.7913198573127229,0.7916171224732461,0.789090368608799,0.7874851367419737,0.0040085630989387,3,0.792063020214031,0.7884958382877527,0.7870838287752675,0.7882357312722948,0.7905395362663495,0.7892835909631392,0.0017810190037073,0.7896405919661733,0.7928118393234672,0.8000792811839323,0.7992864693446089,0.7950310559006211,0.7953698475437605,0.0039243151465682,3,0.8011958640282779,0.7985530705956195,0.7963397310957683,0.7972977437151069,0.8002444503171248,0.7987261719503794,0.0017983336405384,IRAMDEYR,Stacking RL+XGB+Bagging,v_grid_stacking
96.89427924156188,0.4926421323071208,1.078259801864624,0.2010739081601948,10.0,0.0,"{'modelo__final_estimator__C': 10.0, 'modelo__final_estimator__l1_ratio': 0.0}",0.8899934884774361,0.893910487797973,0.9003279648660891,0.8939317210237246,0.8887530311125724,0.8933833386555591,0.0040431986054806,4,0.908090456531674,0.9123436481718592,0.9064887845014318,0.9052200368399944,0.9098960268653388,0.9084077905820596,0.0025159841557181,0.5172576050824439,0.5274755454957456,0.5270200689932512,0.5105092100815546,0.5150175232754637,0.5194559905856917,0.0067246756856392,6,0.5803777090981144,0.5987100657031187,0.5801360375982887,0.5719770632842867,0.5865403174116024,0.583548238619082,0.0088816778584351,0.8464285714285714,0.8714285714285714,0.8690476190476191,0.8607142857142858,0.8426698450536353,0.8580577785345366,0.0116502247380923,5,0.8746650788925275,0.879130693658827,0.8704971717773147,0.8701994641262281,0.8779761904761905,0.8744937197862175,0.003689756642542,0.3273480662983425,0.3337893296853625,0.3420805998125585,0.3402352941176471,0.332549388523048,0.3352005356873916,0.0053547256510592,4,0.3443910444262102,0.3415452232246125,0.3379956074442261,0.3390557939914163,0.3437026680647792,0.3413380674302489,0.0025034268125748,0.4721115537848606,0.4826904055390702,0.4909213180901143,0.487689713322091,0.4768971332209106,0.4820620247914093,0.006873729649936,4,0.4941968040370059,0.4919616826322365,0.4869275603663613,0.4879799666110184,0.4940132295068241,0.4910158486306892,0.00303077719213,0.8146381858331917,0.8271381858331918,0.830183738180171,0.826165704093766,0.8158801068312171,0.8228011841543076,0.0063113791651775,4,0.8334197867708772,0.8337946869007571,0.8288462374938892,0.8292361767717942,0.8343321796614008,0.8319258135197438,0.002376264973946,0.7828478002378121,0.7828478002378121,0.7913198573127229,0.7916171224732461,0.789090368608799,0.7875445897740785,0.0039331225171856,1,0.7921744946492271,0.7884586801426873,0.7871953032104637,0.7882728894173603,0.7906881688466112,0.7893579072532699,0.0018091705178005,0.7899048625792812,0.7926797040169133,0.7999471458773785,0.7992864693446089,0.7950310559006211,0.7953698475437607,0.0038343004316382,2,0.8013280036999108,0.7985200356777113,0.7964388358494929,0.7973638135509233,0.8003765856236786,0.7988054548803435,0.0018216686768378,IRAMDEYR,Stacking RL+XGB+Bagging,v_grid_stacking
97.52255926132202,0.7994921965307578,1.1827272415161132,0.0139882834900056,10.0,1.0,"{'modelo__final_estimator__C': 10.0, 'modelo__final_estimator__l1_ratio': 1.0}",0.8899849951871356,0.893915088330219,0.9003311498499519,0.8939241124511635,0.8887530311125724,0.8933816753862086,0.0040456333706141,6,0.9080291605263726,0.9122968769193028,0.9063991580378056,0.9051181644500248,0.9098245195540314,0.9083335758975076,0.0025339368550542,0.517294070085987,0.5275269699662885,0.5269789384638474,0.5105363594635777,0.5150363043835813,0.5194745284726563,0.0067156694439192,5,0.58008635691998,0.5985089212794008,0.579705713581304,0.5714605517148975,0.5861771560538869,0.5831877399098938,0.008977140237328,0.8464285714285714,0.8714285714285714,0.8702380952380953,0.8607142857142858,0.8426698450536353,0.8582958737726318,0.011882245208918,3,0.8743673712414409,0.879130693658827,0.8704971717773147,0.8699017564751415,0.8779761904761905,0.874374636725783,0.0037585292846503,0.3273480662983425,0.3337893296853625,0.3423887587822014,0.3402352941176471,0.332549388523048,0.3352621674813203,0.0054347347772415,3,0.3443141852286049,0.3415847310584152,0.3379956074442261,0.3389791183294663,0.3435825762869788,0.3412912436695383,0.0024771619809169,0.4721115537848606,0.4826904055390702,0.4914285714285714,0.487689713322091,0.4768971332209106,0.4821634754591007,0.0070062037290651,3,0.4940701488771133,0.492002665778074,0.4869275603663613,0.4878537440520911,0.4938891679223171,0.4909486573991913,0.0030082870481255,0.8146381858331917,0.8271381858331918,0.8307789762754091,0.826165704093766,0.8158801068312171,0.8229202317733553,0.0064535220823655,3,0.833270932945334,0.8338132659732899,0.8288462374938892,0.8290873229462509,0.8342764424438027,0.8318588403605134,0.0023839324481478,0.7828478002378121,0.7828478002378121,0.7913198573127229,0.7916171224732461,0.789090368608799,0.7875445897740785,0.0039331225171856,1,0.7921744946492271,0.7884958382877527,0.7871953032104637,0.7882728894173603,0.790576694411415,0.7893430439952438,0.0017896806958359,0.7899048625792812,0.7926797040169133,0.8000792811839323,0.7992864693446089,0.7950310559006211,0.7953962746050713,0.0038660810190346,1,0.8012949687820026,0.7985530705956195,0.7964388358494929,0.797330778633015,0.8002774841437632,0.7987790276007787,0.0018000172839273,IRAMDEYR,Stacking RL+XGB+Bagging,v_grid_stacking
4.052222490310669,0.7316022809306619,0.0657820224761962,0.1923916517320243,0.1,0.0,"{'modelo__final_estimator__C': 0.1, 'modelo__final_estimator__l1_ratio': 0.0}",0.8177329519909595,0.8115094312874913,0.8207202267397354,0.8220519978751538,0.8205956657094196,0.818522054720552,0.0037786741581024,1,0.8268133582478555,0.8287134595268388,0.8262692438064999,0.8261809058111867,0.8266758058755426,0.8269305546535847,0.0009226794836652,0.3045738167293113,0.3428679612591307,0.321664404868821,0.3013727825116457,0.2989355623836448,0.3138829055505107,0.0165364480282147,1,0.3287553009598951,0.3235263446789606,0.3297807247410887,0.3318535841587645,0.3365053141577508,0.3300842537392919,0.0042243334058041,0.7446808510638298,0.7393617021276596,0.7358156028368794,0.738898756660746,0.7495559502664298,0.7416625725911089,0.0048689866452378,1,0.7497781721384206,0.7604259094942325,0.7573203194321206,0.7552106430155211,0.7565410199556541,0.7558552128071898,0.0034886682438561,0.1985815602836879,0.1995215311004784,0.1988500239578342,0.1941203919738684,0.1963704048394602,0.1974887824310658,0.0019887700617177,6,0.1998817267888823,0.2009849906191369,0.2022751510842516,0.2022565320665083,0.2003993891695054,0.2011595579456569,0.0009684093202406,0.3135498320268757,0.3142426525998493,0.3130894002263297,0.3074648928307465,0.3112094395280236,0.3119112434423649,0.0024401252882635,6,0.3156223737043608,0.3179373029122612,0.3192742915926307,0.3190632318501171,0.3168647845468053,0.3177523969212351,0.0013706565185181,0.7513381411230057,0.750249097779992,0.7485474359130142,0.7461802848257335,0.7514912818151109,0.7495612482913713,0.0019906905310145,6,0.7541588151622609,0.7586082147678179,0.7585188169598766,0.7577273946088456,0.7567906941517215,0.7571607871301045,0.0016376287936098,0.7579954311821816,0.7611364934323244,0.7612792689891491,0.7534618129907209,0.7534266133637921,0.7574599239916336,0.0034826373112822,6,0.7585394581861012,0.7567905200414035,0.7597173144876325,0.7602441462021702,0.7570403683477889,0.7584663614530193,0.0013836651339511,0.7570031712473573,0.7595137420718816,0.7593816067653277,0.7523784355179705,0.7531386282542619,0.7562831167713597,0.0030229258094841,6,0.7578870866505897,0.7570612137028839,0.7595388325460011,0.7598691817250834,0.7570031712473573,0.7582718971743831,0.0012149026510016,IRSUICTHNK,Stacking RL+XGB,v_grid_stacking
3.933293771743775,0.5632556097856297,0.1646358489990234,0.0130114800464873,0.1,1.0,"{'modelo__final_estimator__C': 0.1, 'modelo__final_estimator__l1_ratio': 1.0}",0.8176949797683998,0.8114246266571079,0.8203772109959456,0.8220530121215119,0.820682903349824,0.8184465465785579,0.0037843774248046,6,0.8262783332302459,0.8283397638631051,0.8255875370255459,0.8257394095993293,0.8264374171937263,0.8264764921823904,0.0009844904454935,0.3042948326203192,0.3417826760488655,0.3201396649333098,0.3005246227119942,0.2985064968286022,0.3130496586286181,0.0162535013936231,6,0.3242562402780627,0.3209537322568765,0.3251213201090411,0.3288843884688658,0.3345331375757168,0.3267497637377126,0.0046389869555196,0.7411347517730497,0.7393617021276596,0.7340425531914894,0.7424511545293073,0.7495559502664298,0.7413092223775871,0.0050187704886287,2,0.7493345164152617,0.7595385980479148,0.7533274179236912,0.753880266075388,0.7556541019955654,0.7543469800915643,0.0033179386905103,0.1979166666666666,0.2001920307249159,0.1996142719382835,0.1957845433255269,0.1967365967365967,0.1980488218783979,0.0016679529512275,4,0.2012391278446324,0.2016727529744375,0.20173458476892,0.2028397565922921,0.2010145098501828,0.2017001464060929,0.0006298068558268,0.312406576980568,0.31507366830374,0.313874147081122,0.3098591549295774,0.311669128508124,0.3125765351606263,0.0017975482506302,4,0.3172724711186249,0.3187191659685376,0.3182457126792241,0.3196690485144791,0.317554975773388,0.3182922748108507,0.0008559812340158,0.7496364792560279,0.7507488122288783,0.7485175644312673,0.7486702596343895,0.7517768329287604,0.7498699896958646,0.0012434881263296,4,0.7550256120642179,0.7588248724258205,0.7567543682044483,0.7577046961444902,0.7569540096300417,0.7570527116938037,0.0012468777989312,0.7581382067390063,0.7621359223300971,0.7629925756710452,0.7548893647394718,0.7539977155910909,0.7584307570141423,0.0036556077645745,5,0.7607167077131741,0.7581111468037263,0.7601813184852054,0.7615291262135923,0.758253917264518,0.7597584432960433,0.0013571732701748,0.7568710359408034,0.760438689217759,0.7608350951374208,0.7539640591966174,0.753667239328664,0.7571552237642529,0.0030578727294336,5,0.7598691817250834,0.7582174358296719,0.759670972217634,0.760959334016055,0.7580602536997886,0.7593554354976466,0.0010870628499798,IRSUICTHNK,Stacking RL+XGB,v_grid_stacking
3.917699050903321,0.6258247741493972,0.163692283630371,0.0131400634884202,1.0,0.0,"{'modelo__final_estimator__C': 1.0, 'modelo__final_estimator__l1_ratio': 0.0}",0.8177061182870173,0.8114423470276357,0.8204946717377304,0.8220781147188698,0.8206737738293166,0.8184790051201141,0.0037932946806526,2,0.8264656323662536,0.8284711329561317,0.8258101328959262,0.8258980139318552,0.8265406646123232,0.8266371153524978,0.0009625487648699,0.3044703987852822,0.3421383560392634,0.3206369145442891,0.301178038469591,0.2982289040563465,0.3133305223789545,0.0163555383763293,2,0.3257623632213378,0.3219412465540647,0.3267548544958373,0.3298725503623325,0.3353942271470957,0.3279450483561336,0.0045040390883048,0.7429078014184397,0.7393617021276596,0.7340425531914894,0.738898756660746,0.7477797513321492,0.7405981129460968,0.0045673291525799,6,0.7493345164152617,0.7595385980479148,0.7546583850931677,0.7534368070953437,0.7560975609756098,0.7546131735254595,0.0033380627848908,0.1983901515151515,0.2000959692898272,0.2000966650555824,0.1950304735114861,0.1963619402985074,0.1979950399341109,0.0020220046470938,5,0.2009040085642916,0.2016965127238454,0.2018511925952296,0.2026479007633587,0.2008718190386428,0.2015942867370736,0.0006610592741662,0.3131539611360239,0.3149546827794562,0.3144701860995063,0.3086053412462908,0.3110454377539712,0.3124459218030496,0.0023496494147155,5,0.3168558296595066,0.3187488363433253,0.3185095028555378,0.3193909201992668,0.3174159918086195,0.3181842161732512,0.0009203826783292,0.7505943918571354,0.750677424450466,0.7488745033233289,0.7468940607001089,0.7508887334616201,0.7495858227585319,0.001526953863008,5,0.7547757637578325,0.7588427187334195,0.7572949276359939,0.7574115788760556,0.7569972760440743,0.7570644530094752,0.0013098438945873,0.758280982295831,0.7619931467732725,0.7637064534551685,0.7548893647394718,0.7539977155910909,0.7585735325709669,0.003811493602343,1,0.7602170111004033,0.7581468394189242,0.75993147017882,0.7613863506567675,0.7578969911125388,0.7595157324934908,0.0013159052950953,0.7571353065539113,0.760306553911205,0.7614957716701902,0.7536997885835095,0.7535350865600634,0.757234501455776,0.0032798059521168,4,0.7594066928743682,0.7582504707475802,0.7595388325460011,0.7607941594265138,0.7577629492600423,0.7591506209709011,0.0010633346513235,IRSUICTHNK,Stacking RL+XGB,v_grid_stacking
4.207394552230835,0.5961997709014926,1.2378071308135987,2.1520042191796045,1.0,1.0,"{'modelo__final_estimator__C': 1.0, 'modelo__final_estimator__l1_ratio': 1.0}",0.8176985238425055,0.8114512072128997,0.8204379665520412,0.8220421089731644,0.8206821425564483,0.8184623898274118,0.0037784856128445,5,0.8263654111765518,0.8284127642872677,0.8256777186775212,0.8258175879225175,0.8265038640223741,0.8265554692172465,0.0009801270271954,0.3044699619207463,0.3420341973460579,0.3206015499571688,0.3008801473421315,0.2983860332396926,0.3132743779611594,0.0163316390084195,4,0.3249382588226477,0.321385030336551,0.3260804682454431,0.3294529262661949,0.3351422677273644,0.3273997902796403,0.0046505571563948,0.7429078014184397,0.7393617021276596,0.7358156028368794,0.7406749555950266,0.7477797513321492,0.7413079626620309,0.0039698407298189,3,0.7493345164152617,0.7595385980479148,0.75377107364685,0.7534368070953437,0.7565410199556541,0.7545244030322049,0.0034027691268422,0.1985781990521327,0.2,0.2,0.1955909943714821,0.1965452847805789,0.1981428956408387,0.0017973159327663,1,0.201311084624553,0.2016015073009891,0.2019013666072489,0.202744630071599,0.2011080985500412,0.2017333374308862,0.0005722843494267,0.3133881824981301,0.3148357870894677,0.3145130731337628,0.3094619666048237,0.311275415896488,0.3126948850445344,0.0020414007520842,1,0.3173618940248027,0.3186301879769216,0.3184928296935045,0.3195110484250117,0.3177500465636059,0.3183492013367693,0.0007460875851704,0.75073716741396,0.7506060366720537,0.7494040892539623,0.7479249153421244,0.7510315090184447,0.7499407435401089,0.0011504987104392,1,0.7550791509870147,0.7587713335030237,0.7570297349888246,0.757482966654468,0.7573260833796902,0.7571378539026042,0.0011893473964072,0.7585665334094803,0.7618503712164477,0.7629925756710452,0.755174875089222,0.7542832667047401,0.758573524418187,0.0034705306884661,2,0.7608237855587678,0.7580040689581325,0.7602883963307991,0.7615291262135923,0.7581111468037263,0.7597513047730036,0.0014382129612027,0.757399577167019,0.7601744186046512,0.7609672304439746,0.7540961945031712,0.7537993920972644,0.7572873625632159,0.0029745118551565,1,0.7599682864788081,0.7581183310759473,0.759803111889267,0.7609262990981467,0.7579941860465116,0.7593620429177361,0.0011337391284156,IRSUICTHNK,Stacking RL+XGB,v_grid_stacking
3.6795843124389647,0.7243194977359602,0.1649272918701171,0.0130141786804851,10.0,0.0,"{'modelo__final_estimator__C': 10.0, 'modelo__final_estimator__l1_ratio': 0.0}",0.8177154847685821,0.8114491820276964,0.8204491050706587,0.8220466730817748,0.820676817002819,0.8184674523903063,0.0037799638697113,3,0.8263849993597816,0.828424419018761,0.8256987320317215,0.8258373422345926,0.8265079477007428,0.8265706880691199,0.0009770198082363,0.3044674939474494,0.3419937898316855,0.3206047810084126,0.3010046434330453,0.298300461484123,0.3132742339409431,0.016314810406517,5,0.3251054275756792,0.321475375823436,0.3262079637473962,0.3295377705897639,0.3352232639804329,0.3275099603433417,0.0046368146542202,0.7429078014184397,0.7393617021276596,0.7358156028368794,0.7406749555950266,0.7477797513321492,0.7413079626620309,0.0039698407298189,3,0.7493345164152617,0.7595385980479148,0.75377107364685,0.7534368070953437,0.7565410199556541,0.7545244030322049,0.0034027691268422,0.1983901515151515,0.1999041227229146,0.2000964320154291,0.1957746478873239,0.1964535697620158,0.198123784780567,0.0017572679870102,3,0.2012151536812008,0.2017202780723459,0.2018294131622713,0.202744630071599,0.201084394153701,0.2017187738282236,0.0005866336473465,0.3131539611360239,0.3147169811320754,0.3146322971948446,0.3096917935388043,0.311160384331116,0.3126710834665728,0.001970969697428,3,0.3172426746806912,0.3187785122428079,0.3184032983508246,0.3195110484250117,0.3177204581432163,0.3183311983685103,0.0007943829941723,0.7505943918571354,0.7505346488936413,0.7494754770323746,0.7480676705169994,0.7509601212400323,0.7499264619080367,0.0010528975481454,3,0.755007765756619,0.7588605650410185,0.7569761960660277,0.757482966654468,0.7573082370720913,0.7571271461180449,0.0012392499654954,0.758280982295831,0.7617075956596231,0.7631353512278698,0.7554603854389722,0.7541404911479155,0.7585449611540422,0.0034657635885974,4,0.7606810150979763,0.7581825320341221,0.7601813184852054,0.7615291262135923,0.7580754541885284,0.759729889203885,0.0013767463172566,0.7571353065539113,0.7600422832980972,0.7610993657505285,0.7543604651162791,0.753667239328664,0.757260932009496,0.0029601555909412,3,0.7598361468071752,0.7582835056654884,0.7597040071355423,0.7609262990981467,0.7579611522198731,0.7593422221852452,0.0010874175340554,IRSUICTHNK,Stacking RL+XGB,v_grid_stacking
3.865915679931641,0.5129710991616305,0.1636101245880127,0.0128395201863518,10.0,1.0,"{'modelo__final_estimator__C': 10.0, 'modelo__final_estimator__l1_ratio': 1.0}",0.8177061182870173,0.8114441190646884,0.8204450547002524,0.8220479408897222,0.8206803673719052,0.8184647200627172,0.0037824490690036,4,0.8263752765267153,0.8284207294094703,0.8256876790390826,0.8258266894685456,0.8265053202177615,0.826563138932315,0.0009795984386832,0.3044719285559042,0.341998019242078,0.320623410921792,0.300986074895046,0.2983138845310876,0.3132786636291816,0.0163178284922017,3,0.3250080752884051,0.321444019095808,0.3261345327433708,0.3294817453208755,0.3351927085067299,0.3274522161910379,0.0046441954423441,0.7429078014184397,0.7393617021276596,0.7358156028368794,0.7406749555950266,0.7477797513321492,0.7413079626620309,0.0039698407298189,3,0.7493345164152617,0.7595385980479148,0.75377107364685,0.7534368070953437,0.7565410199556541,0.7545244030322049,0.0034027691268422,0.1984841307437233,0.2,0.2,0.1957746478873239,0.1964535697620158,0.1981424696786126,0.0017593483473571,2,0.2012631077216396,0.2016965127238454,0.2018533919448734,0.2027930293626163,0.2011080985500412,0.2017428280606032,0.0005916596002546,0.3132710280373831,0.3148357870894677,0.3145130731337628,0.3096917935388043,0.311160384331116,0.3126944132261068,0.001979619163386,2,0.3173022731542363,0.3187488363433253,0.3184331365382813,0.3195711464309226,0.3177500465636059,0.3183610878060742,0.0007892074113269,0.7506657796355476,0.7506060366720537,0.7494040892539623,0.7480676705169994,0.7509601212400323,0.7499407394637191,0.0010773879114655,2,0.7550434583718169,0.7588427187334195,0.7569940423736267,0.7575186605436741,0.7573260833796902,0.7571449926804454,0.0012242489705759,0.7584237578526556,0.7618503712164477,0.7629925756710452,0.7554603854389722,0.7541404911479155,0.7585735162654071,0.0034534500783337,3,0.7607524003283721,0.7581468394189242,0.7602170111004033,0.7616005139920046,0.7581111468037263,0.7597655823286861,0.0014072709350825,0.7572674418604651,0.7601744186046512,0.7609672304439746,0.7543604651162791,0.753667239328664,0.7572873590708068,0.0029512349258841,2,0.7599022166429916,0.7582504707475802,0.7597370420534505,0.7609923689339632,0.7579941860465116,0.7593752568848994,0.0011132050116137,IRSUICTHNK,Stacking RL+XGB,v_grid_stacking
44.903724193573,1.0018880455216967,1.1368950366973878,0.0069685713729058,0.1,0.0,"{'modelo__final_estimator__C': 0.1, 'modelo__final_estimator__l1_ratio': 0.0}",0.8175854931933526,0.8113176715635646,0.820407335625843,0.8219508268009529,0.8204206832330269,0.818336402083348,0.003782155521868,6,0.8287608622968454,0.8305713361570087,0.8285642282909802,0.8270707600091679,0.8286031675257032,0.8287140708559411,0.0011123710459685,0.3034305603626591,0.3435868040098668,0.3196050964952355,0.3003722174083233,0.298302873141646,0.3130595102835461,0.0170070736925906,3,0.3382893493704727,0.3321408243904529,0.3399434964686351,0.3365452280122234,0.3451570578221558,0.338415191212788,0.0042583743352486,0.7446808510638298,0.7429078014184397,0.7322695035460993,0.7406749555950266,0.7495559502664298,0.742017812377965,0.0056840156189264,1,0.7528837622005324,0.761756876663709,0.7599822537710736,0.7556541019955654,0.7552106430155211,0.7570975275292804,0.0032689695175083,0.1976470588235294,0.1998092513113972,0.1976076555023923,0.1945870275314979,0.1969202053196453,0.1973142396976924,0.0016742098821841,6,0.2005910165484633,0.2011716461628588,0.2031546489563567,0.2023272381857041,0.1997185411047261,0.2013926181916218,0.001222472484262,0.3123837857939754,0.3149192033070274,0.3112283345892991,0.3082039911308204,0.3118994826311899,0.3117269594904625,0.0021592377574769,6,0.3167817808474892,0.3182871443136528,0.3206064008983717,0.3191907839280697,0.315896865145613,0.3181525950266393,0.0016783653816586,0.7506242633388823,0.7516652085333204,0.7464174473755625,0.7471397618803113,0.751919608485585,0.7495532579227324,0.0023179850691418,3,0.7557473028085148,0.7592023131221604,0.7600817861281395,0.7579312771542647,0.7558221184524727,0.7577569595331104,0.0017496618236341,0.7565676756139349,0.760422615648201,0.7605653912050258,0.753604568165596,0.7542832667047401,0.7570887034674996,0.0029490158463086,6,0.7586108434164971,0.7566477495806118,0.7601813184852054,0.760208452312964,0.7564335938894243,0.7584163915369405,0.0016385262507398,0.7556818181818182,0.7591173361522199,0.7584566596194503,0.7526427061310782,0.7539315448658649,0.7559660129900864,0.0025059271346634,6,0.7581844009117638,0.7570281787849757,0.7601664959862575,0.7598691817250834,0.7563424947145877,0.7583181504245335,0.0015104443490643,IRSUICTHNK,Stacking RL+XGB+Bagging,v_grid_stacking
44.99390082359314,0.9503371500199396,1.135863399505615,0.0077400222466224,0.1,1.0,"{'modelo__final_estimator__C': 0.1, 'modelo__final_estimator__l1_ratio': 1.0}",0.8176947266202494,0.8114274112867621,0.8203445548845443,0.8220512371903855,0.820682903349824,0.8184401666663531,0.0037797039969506,5,0.826278285724547,0.8283396846869402,0.8258350892231453,0.8257406600726096,0.8264376387886765,0.8265262716991838,0.000943688332406,0.3042998208188772,0.3417829757774781,0.3200616692928444,0.3005233051669962,0.298507300148339,0.3130350142409069,0.0162463541667227,4,0.3242579540238772,0.3209536924673289,0.3264723317770198,0.3288866427283393,0.3345352684822633,0.3270211778957657,0.0045758613186195,0.7411347517730497,0.7393617021276596,0.7340425531914894,0.7424511545293073,0.7495559502664298,0.7413092223775871,0.0050187704886287,2,0.7493345164152617,0.7595385980479148,0.7533274179236912,0.753880266075388,0.7556541019955654,0.7543469800915643,0.0033179386905103,0.1979166666666666,0.2001920307249159,0.1998069498069498,0.1957845433255269,0.1967365967365967,0.1980873574521312,0.0017054788306212,1,0.2012391278446324,0.2016727529744375,0.2018065129545994,0.2028639618138424,0.2010145098501828,0.2017193730875389,0.0006398934005705,0.312406576980568,0.31507366830374,0.3141122913505311,0.3098591549295774,0.311669128508124,0.3126241640145081,0.0018340832263955,1,0.3172724711186249,0.3187191659685376,0.3183352080989876,0.3196991067230841,0.317554975773388,0.3183161855365244,0.0008653330207878,0.7496364792560279,0.7507488122288783,0.7486603399880919,0.7486702596343895,0.7517768329287604,0.7498985448072295,0.0012133783374432,1,0.7550256120642179,0.7588248724258205,0.7568079071272451,0.7577225430890933,0.7569540096300417,0.7570669888672836,0.0012463557157786,0.7581382067390063,0.7621359223300971,0.7632781267846944,0.7548893647394718,0.7539977155910909,0.7584878672368721,0.0037279441248061,5,0.7607167077131741,0.7581111468037263,0.7602883963307991,0.7615648201027984,0.758253917264518,0.7597869976430032,0.0013736976115327,0.7568710359408034,0.760438689217759,0.7610993657505285,0.7539640591966174,0.753667239328664,0.7572080778868744,0.0031226195106198,4,0.7598691817250834,0.7582174358296719,0.7597700769713587,0.7609923689339632,0.7580602536997886,0.7593818634319731,0.0011031283486619,IRSUICTHNK,Stacking RL+XGB+Bagging,v_grid_stacking
44.80562272071838,0.8822906149514446,0.8371966361999512,0.238899879372588,1.0,0.0,"{'modelo__final_estimator__C': 1.0, 'modelo__final_estimator__l1_ratio': 0.0}",0.8177125735648524,0.8115001913800017,0.8204017663665342,0.8220781147188699,0.8206940616526665,0.8184773415365848,0.0037642614379855,1,0.8265286645112381,0.8281017523933926,0.8265955446178435,0.8235614887786642,0.8257213093697389,0.8261017519341756,0.0014848407890309,0.3044799261983455,0.3417566225109143,0.3194940572857186,0.3019199186839325,0.298435572087135,0.3132172193532092,0.0159772501827675,2,0.3260626006619717,0.3200827191926435,0.3304264744287077,0.3172242510344056,0.3310876728356378,0.3249767436306733,0.0055185998888625,0.7429078014184397,0.7393617021276596,0.7340425531914894,0.7371225577264654,0.7477797513321492,0.7402428731592406,0.0047510666951612,4,0.7493345164152617,0.7590949423247559,0.7555456965394853,0.7516629711751663,0.7556541019955654,0.754258445690047,0.0034052353349084,0.1983901515151515,0.2,0.2000966650555824,0.1945616502578528,0.1964535697620158,0.1979004073181205,0.002131305913234,5,0.2009996429846483,0.2015312131919905,0.2022325139532122,0.2020021451555237,0.2006358177322501,0.201480266603525,0.0005974816837767,0.3131539611360239,0.3148357870894677,0.3144701860995063,0.3078635014836795,0.311160384331116,0.3122967640279587,0.0025632153281355,5,0.3169747583747771,0.3185033507073715,0.3190632318501171,0.318429457073079,0.317082247860067,0.3180106091730824,0.0008319956594846,0.7505943918571354,0.7506060366720537,0.7488745033233289,0.7459345836455311,0.7509601212400323,0.7493939273476162,0.0018761741671714,6,0.7548471489882284,0.7585673519490432,0.7578813538199443,0.756328344525333,0.7566684687084584,0.7568585335982014,0.0012906676200105,0.758280982295831,0.7618503712164477,0.7637064534551685,0.7547466095645967,0.7541404911479155,0.7585449815359919,0.0037805622365636,4,0.760359781561195,0.7580397615733305,0.7602170111004033,0.7609937178754997,0.7576828354213513,0.7594586215063559,0.0013349415577167,0.7571353065539113,0.7601744186046512,0.7614957716701902,0.7534355179704016,0.753667239328664,0.7571816508255637,0.0032849671222453,5,0.7595388325460011,0.7581183310759473,0.7598691817250834,0.7602986356578904,0.757531712473573,0.759071338695699,0.0010620766695652,IRSUICTHNK,Stacking RL+XGB+Bagging,v_grid_stacking
44.98600792884827,0.9401281884829334,1.1329532623291017,0.0095705338766169,1.0,1.0,"{'modelo__final_estimator__C': 1.0, 'modelo__final_estimator__l1_ratio': 1.0}",0.8176990301388063,0.8114855087872787,0.8203541745142593,0.8220874964976805,0.820688989696829,0.8184630399269708,0.003766631906622,4,0.8263655536936488,0.8281361465194839,0.8261806140073593,0.8232013208163595,0.8255593551175415,0.8258885980308787,0.0015933671244917,0.3044764670272798,0.3416355905256368,0.3195769107845934,0.3021533175477183,0.2984725237141942,0.3132629619198844,0.0159012940175083,1,0.324939876070471,0.3201364163703237,0.3283152092779113,0.3154788405916519,0.3303016611974325,0.3238344007015581,0.0054150836092345,0.7429078014184397,0.7393617021276596,0.7358156028368794,0.7371225577264654,0.7477797513321492,0.7405974830883186,0.00432183265537,3,0.7493345164152617,0.7595385980479148,0.7542147293700089,0.7516629711751663,0.7552106430155211,0.7539922916047745,0.0034472011040994,0.1985781990521327,0.2001920307249159,0.2001929570670526,0.1948356807511737,0.1964535697620158,0.1980504874714581,0.0021137640079427,2,0.201311084624553,0.2016727529744375,0.2019482062247564,0.2019540092934588,0.200636192271442,0.2015044490777295,0.0004936822233315,0.3133881824981301,0.31507366830374,0.3147516116799393,0.3082064611956925,0.311160384331116,0.3125160616017236,0.0025577391412755,2,0.3173618940248027,0.3187191659685376,0.3185907046476761,0.3183696468820435,0.3170436563343572,0.3180170135714835,0.0006816297562192,0.75073716741396,0.7507488122288783,0.7495468648107869,0.7461487164078437,0.7509601212400323,0.7496283364203002,0.0018095864759896,2,0.7550791509870147,0.7588248724258205,0.7572158702352061,0.7562926506361269,0.756518124448832,0.7567861337466001,0.0012304693053727,0.7585665334094803,0.7621359223300971,0.7632781267846944,0.755174875089222,0.7541404911479155,0.7586591897522819,0.0036329029624588,1,0.7608237855587678,0.7581111468037263,0.7602170111004033,0.7609223300970874,0.757825605882143,0.7595799758884255,0.0013409000095347,0.757399577167019,0.760438689217759,0.7612315010570825,0.7538319238900634,0.753667239328664,0.7573137861321176,0.0031793564723709,1,0.7599682864788081,0.7582174358296719,0.7597700769713587,0.7602325658220739,0.7576308139534884,0.7591638358110802,0.0010394885279103,IRSUICTHNK,Stacking RL+XGB+Bagging,v_grid_stacking
44.92966318130493,0.7484024638859781,1.0309537410736085,0.2067619679426374,10.0,0.0,"{'modelo__final_estimator__C': 10.0, 'modelo__final_estimator__l1_ratio': 0.0}",0.8177211806019662,0.8115305691580496,0.8203731606255392,0.82208775005927,0.8206714914491897,0.8184768303788029,0.0037489438003127,2,0.8260744466876636,0.8275091663038024,0.8262663934645585,0.8226557029179398,0.8249349322042121,0.8254881283156352,0.0016347917296234,0.3045017071002692,0.3412876362155096,0.3195608546166984,0.3021746654034504,0.2973418618466272,0.312973345036511,0.0159863552149578,5,0.3236767605602815,0.317595518804748,0.328774429539065,0.3128335853276711,0.3270988134784911,0.3219958215420513,0.0059686656078486,0.7429078014184397,0.7393617021276596,0.7358156028368794,0.7353463587921847,0.7477797513321492,0.7402422433014626,0.0046531583054369,5,0.7493345164152617,0.7586512866015972,0.7551020408163265,0.7507760532150776,0.7552106430155211,0.7538149080127569,0.0033557083381856,0.1982962612399432,0.2001920307249159,0.2000964320154291,0.1945488721804511,0.1966370854740775,0.1979541363269634,0.0021468627560185,4,0.2012391278446324,0.2013897067483217,0.2022338403041825,0.2018359561278016,0.2007071302298173,0.2014811522509511,0.0005212433748088,0.3130369816959282,0.31507366830374,0.3146322971948446,0.3076923076923077,0.3113905325443787,0.3123651574862398,0.0026725538366708,4,0.3172724711186249,0.3182875756165658,0.3190253045923149,0.3181433806257634,0.3171322160148976,0.3179721895936332,0.0006975654049095,0.750523004078723,0.7507488122288783,0.7494754770323746,0.7453319945281409,0.751102896796857,0.7494364369329948,0.0021226406733786,5,0.7550256120642179,0.7583098314722659,0.7577309111887607,0.7559027324898917,0.7565716633716288,0.756708150117353,0.0011924499032239,0.7581382067390063,0.7621359223300971,0.7631353512278698,0.755317630264097,0.7544260422615648,0.7586306305645272,0.0035064681270051,3,0.7607167077131741,0.7579683763429347,0.760359781561195,0.7610294117647058,0.7579326837277367,0.7596013922219493,0.0013645256867581,0.7570031712473573,0.760438689217759,0.7610993657505285,0.7538319238900634,0.7539315448658649,0.7572609389943147,0.0030900184628746,2,0.7598691817250834,0.7580192263222226,0.7599682864788081,0.7602656007399822,0.7577299154334038,0.7591704421399001,0.0010700074772975,IRSUICTHNK,Stacking RL+XGB+Bagging,v_grid_stacking
44.98171257972717,0.7260507761515071,1.0404026985168455,0.1992175362744904,10.0,1.0,"{'modelo__final_estimator__C': 10.0, 'modelo__final_estimator__l1_ratio': 1.0}",0.8177234589353197,0.8115293034172975,0.8203630346995232,0.8220943426605964,0.8206669266889359,0.8184754132803345,0.0037490364913654,3,0.826082079269973,0.8274932360593972,0.8262157365541691,0.8226070452614345,0.824902310261896,0.825460081481374,0.0016457544034128,0.3045234420019989,0.3412483067597781,0.3195204617716309,0.302204123320797,0.2972741428374595,0.3129540953383329,0.0159760964730604,6,0.3236595059273458,0.3175076991810074,0.3285036666623303,0.3125850501243019,0.3269751479866493,0.3218462139763269,0.0059750737999041,0.7429078014184397,0.7393617021276596,0.7358156028368794,0.7353463587921847,0.7477797513321492,0.7402422433014626,0.0046531583054369,5,0.7493345164152617,0.7586512866015972,0.7546583850931677,0.7507760532150776,0.7552106430155211,0.753726176868125,0.0033262371805347,0.1982962612399432,0.2001920307249159,0.2001929570670526,0.1944574917801785,0.1966370854740775,0.1979551652572335,0.0021953897075864,3,0.2012391278446324,0.2013897067483217,0.2021150190114068,0.2018840925351776,0.2007544500766238,0.2014764792432325,0.0004814712662318,0.3130369816959282,0.31507366830374,0.3147516116799393,0.3075780089153046,0.3113905325443787,0.3123661606278581,0.0027331016235004,3,0.3172724711186249,0.3182875756165658,0.3188378631677601,0.3182031763931961,0.3171912832929782,0.317958473917825,0.0006325652500464,0.750523004078723,0.7507488122288783,0.7495468648107869,0.7452606169407033,0.751102896796857,0.7494364389711897,0.002150800431536,4,0.7550256120642179,0.7583098314722659,0.7574912370195824,0.7559384263790979,0.7566073559868268,0.7566744925843982,0.0011494792300625,0.7581382067390063,0.7621359223300971,0.7632781267846944,0.755174875089222,0.7544260422615648,0.758630634640917,0.0035707024912363,2,0.7607167077131741,0.7579683763429347,0.7603240889459971,0.7611007995431183,0.7580040689581325,0.7596228083006713,0.0013587001687492,0.7570031712473573,0.760438689217759,0.7612315010570825,0.7536997885835095,0.7539315448658649,0.7572609389943146,0.0031526674832337,3,0.7598691817250834,0.7580192263222226,0.7599022166429916,0.7603316705757986,0.7577959830866807,0.7591836556705555,0.0010569526926501,IRSUICTHNK,Stacking RL+XGB+Bagging,v_grid_stacking
3.855705356597901,2.36965105716661,-0.9991943836212158,2.346416781884088,0.1,0.0,"{'modelo__final_estimator__C': 0.1, 'modelo__final_estimator__l1_ratio': 0.0}",0.8604627317189995,0.8434517804351115,0.8457125935103981,0.8191456927867151,0.8472044012191008,0.8431954399340651,0.0134091255986493,1,0.8565031399879349,0.8602751424369124,0.8611886114453308,0.8667331401354659,0.8603561938826586,0.8610112455776605,0.0032883276158775,0.1699719242152412,0.1464908919776219,0.1701821499398923,0.1450214336676448,0.1811717019478018,0.1625676203496404,0.0143195425272815,1,0.1802262540872765,0.1839760658435421,0.1780808302970565,0.1817785603711887,0.1750560317583219,0.1798235484714771,0.0030657438285669,0.8306878306878307,0.7671957671957672,0.7724867724867724,0.7287234042553191,0.7712765957446809,0.774074074074074,0.0326173487818248,1,0.7904509283819628,0.8050397877984085,0.7851458885941645,0.8092715231788079,0.7960264900662252,0.7971869236039139,0.0089376930432215,0.084272678475577,0.0801991150442477,0.082766439909297,0.0788716177317213,0.080110497237569,0.0812440696796824,0.0019746152674182,6,0.081890629293762,0.0847055540050237,0.0842105263157894,0.0868391131324616,0.0850431583415876,0.0845377962177248,0.0015933732397353,0.1530214424951267,0.1452178267401101,0.1495135688684075,0.1423376623376623,0.1451451451451451,0.1470471291172904,0.0037661309841363,6,0.148406374501992,0.1532828282828282,0.1521068859198355,0.1568476447182646,0.1536691383277934,0.1528625743501427,0.0027253156421678,0.7997455957884201,0.7709132379819466,0.7766079342851263,0.7559606181168195,0.7728181325382844,0.7752091037421194,0.0141327391090375,1,0.7820364544677711,0.7914144292517129,0.783517145943591,0.7957964879750931,0.7884831437355553,0.7882495322747446,0.0050601482933855,0.7688033608890094,0.7746307087681258,0.7807290960834802,0.7831978319783198,0.7743596693318878,0.7763441334101646,0.0050978084233762,6,0.7736219805535793,0.7777890707050175,0.7818884032930176,0.7823214527713782,0.7809397974048853,0.7793121409455755,0.0032569930654397,0.7703488372093024,0.7744450317124736,0.7805232558139535,0.7818446088794926,0.7742830712303422,0.7762889609691128,0.0042779250944029,6,0.7740411615077136,0.7784678405074164,0.7819695418056886,0.7829936242608437,0.781316067653277,0.7797576471469878,0.0032290713701781,IRSUIPLANYR,Stacking RL+XGB,v_grid_stacking
1.6601186752319337,2.1141711802501377,0.1687505722045898,0.0091334614245618,0.1,1.0,"{'modelo__final_estimator__C': 0.1, 'modelo__final_estimator__l1_ratio': 1.0}",0.8606398394987635,0.8434216649421962,0.8451325117540052,0.8191565040650406,0.8471964718738917,0.8431093984267793,0.0134309506719105,4,0.8560093365249482,0.8601501863467791,0.8603297798355468,0.8666916316125322,0.8604406440378841,0.8607243156715381,0.0034177665366607,0.1705789685741093,0.1468579313322508,0.1686964176899677,0.1450023746366531,0.1815035024128122,0.1625278389291586,0.0142522683099672,2,0.1787586463552908,0.1834549065019155,0.1756000708669494,0.1815875186840465,0.1753972642190785,0.1789596813254561,0.0031978365093364,0.8306878306878307,0.7671957671957672,0.7724867724867724,0.7287234042553191,0.7659574468085106,0.7730102442868401,0.032777590795724,2,0.7891246684350133,0.8050397877984085,0.786472148541114,0.8066225165562914,0.7947019867549668,0.7963922216171588,0.0081672689239363,0.0844994617868676,0.0803769401330377,0.083096186681844,0.0790536641661858,0.079646017699115,0.08133445409341,0.0021019338023263,5,0.0819559228650137,0.084847637685211,0.0846538187009279,0.0867397806580259,0.0849617672047578,0.0846317854227872,0.0015336133789749,0.1533952125061065,0.1455092824887104,0.1500513874614594,0.1426340447683498,0.1442885771543086,0.1471757008757869,0.0039671393240174,5,0.1484901422510606,0.1535154274152756,0.1528547493233664,0.1566358024691358,0.1535115773314571,0.1530015397580591,0.0026117557007311,0.8000843950837175,0.7711842774181845,0.7770822532985427,0.7562316208268465,0.7702263179292588,0.77496177291131,0.0143049305142313,6,0.7816612941389078,0.791617701942027,0.784620700079413,0.7946922042057781,0.7878886496433641,0.7880961100018979,0.0046784278910655,0.7694809594796043,0.7751727876406017,0.781677734110313,0.7837398373983739,0.7744951890500068,0.77691330153578,0.0051656127360403,5,0.7741979198428025,0.7781956160856456,0.7827692516177118,0.7827618918552649,0.7810753125317613,0.7797999983866373,0.0032610743756476,0.7710095137420718,0.7749735729386892,0.7814482029598309,0.7823731501057083,0.7742830712303422,0.7768175021953285,0.0043786929229486,5,0.7745697201942453,0.7788642595223151,0.7828614845892108,0.7833570083578343,0.7814151691331924,0.7802135283593595,0.0032252186358318,IRSUIPLANYR,Stacking RL+XGB,v_grid_stacking
2.683164930343628,0.3233764947548442,0.1696120262145996,0.0096890081254205,1.0,0.0,"{'modelo__final_estimator__C': 1.0, 'modelo__final_estimator__l1_ratio': 0.0}",0.8605889299750256,0.8434144945867401,0.8452888255029467,0.81914353053105,0.8471798923339091,0.8431231345859344,0.0134261521697504,2,0.8561687105816556,0.8602002406741465,0.8605491382073668,0.8667422944475507,0.8604615097776184,0.8608243787376676,0.0033850835109996,0.1702597603995802,0.1466525909592408,0.1688344523474833,0.1450145029887744,0.1815047623036823,0.1624532137997522,0.0142715955135572,3,0.1792704794244017,0.1836317637930356,0.1760986559330273,0.1818025704163164,0.175462689257704,0.179253231764897,0.0031619781447906,0.8306878306878307,0.7671957671957672,0.7724867724867724,0.7287234042553191,0.7659574468085106,0.7730102442868401,0.032777590795724,2,0.7904509283819628,0.8050397877984085,0.786472148541114,0.8079470198675497,0.7933774834437086,0.7966574736065487,0.0083754096230818,0.0845449649973074,0.0804661487236404,0.0830489192263936,0.0791907514450867,0.079646017699115,0.0813793604183086,0.0020705999509012,4,0.0820145864868584,0.0848594995106948,0.0845693097547062,0.0868945868945869,0.0848441926345609,0.0846364350562814,0.0015537545761216,0.1534701857282502,0.1456554495228528,0.1499743194658448,0.1428571428571428,0.1442885771543086,0.1472491349456799,0.0039172039435551,4,0.1486098990150854,0.1535348425445807,0.1527169714138552,0.1569131832797427,0.1532949456174024,0.1530139683741333,0.0026471935745812,0.800152154942777,0.7713197971363035,0.7770144934394833,0.7564348728593668,0.7702263179292588,0.7750295272614378,0.01426660858204,5,0.7822227877672256,0.7916346413328865,0.7845021243433964,0.795388335790937,0.7872433373785945,0.788198245322608,0.0047704396223597,0.7696164791977232,0.7754438270768397,0.7815422143921941,0.7841463414634147,0.7744951890500068,0.7770488102360357,0.0051942685182863,4,0.7739946471524884,0.7782294948673646,0.7825321001456788,0.7828296517143244,0.7811091913134803,0.7797390170386673,0.0033017315475156,0.7711416490486258,0.775237843551797,0.781316067653277,0.78276955602537,0.7742830712303422,0.7769496375018823,0.0043979701674356,4,0.7744045456047042,0.7788972944402233,0.7826302401638532,0.7834561131115589,0.7814151691331924,0.7801606724907064,0.003263788474458,IRSUIPLANYR,Stacking RL+XGB,v_grid_stacking
2.797988033294678,0.3703657191758637,0.1701621055603027,0.0102037499982074,1.0,1.0,"{'modelo__final_estimator__C': 1.0, 'modelo__final_estimator__l1_ratio': 1.0}",0.8606276498944883,0.843423816048833,0.8451934597753814,0.8191428097791617,0.8471604293956685,0.8431096329787066,0.0134323454963876,3,0.8560799697409459,0.8601829867587882,0.8604064339490913,0.8667394225065045,0.8604806254875684,0.8607778876885795,0.0034114683126485,0.1703874564616924,0.1466997659237614,0.168429902283779,0.1450195157838625,0.1815392200622762,0.1624151721030743,0.0142481322112347,5,0.1789973016178684,0.1835306215818463,0.1757501652299822,0.1817961247076777,0.1755431557370928,0.1791234737748935,0.0031868423872235,0.8306878306878307,0.7671957671957672,0.7724867724867724,0.7287234042553191,0.7659574468085106,0.7730102442868401,0.032777590795724,2,0.7904509283819628,0.8050397877984085,0.786472148541114,0.8079470198675497,0.7933774834437086,0.7966574736065487,0.0083754096230818,0.0845905172413793,0.0804661487236404,0.0831908831908831,0.0791907514450867,0.0796019900497512,0.0814080581301481,0.0021152794315909,3,0.0821502412129565,0.0849188584219362,0.0847506074031727,0.086906966804388,0.0848201642594166,0.084709367620374,0.0015123778068702,0.1535452322738386,0.1456554495228528,0.1502057613168724,0.1428571428571428,0.1442163244867301,0.1472959820914873,0.0039849435328934,3,0.148832563366213,0.1536319919007846,0.1530125145142562,0.1569333676357087,0.1532557247025713,0.1531332324239068,0.002577406454543,0.8002199148018365,0.7713197971363035,0.7772177730166617,0.7564348728593668,0.7701585580701993,0.7750701831768735,0.0143009467532692,4,0.7824260604575397,0.7917193382871841,0.784756215206289,0.795405275755702,0.7872094585968754,0.7883032696607181,0.0046995238354094,0.7697519989158422,0.7754438270768397,0.781948773546551,0.7841463414634147,0.7743596693318878,0.7771301220669071,0.0052421834589221,3,0.7744011925331165,0.7783988887759596,0.7830402818714639,0.7828635316438541,0.7810414337500423,0.7799490657148873,0.0032380531893411,0.7712737843551797,0.775237843551797,0.7817124735729387,0.78276955602537,0.7741509184617418,0.7770289151934054,0.004461009079436,3,0.7748009646196029,0.7790624690297645,0.7831257639324767,0.7834891480294671,0.7813491014799154,0.7803654894182455,0.0031939207744946,IRSUIPLANYR,Stacking RL+XGB,v_grid_stacking
2.580145359039306,0.297425512505957,0.1701117992401123,0.0094663993311538,10.0,0.0,"{'modelo__final_estimator__C': 10.0, 'modelo__final_estimator__l1_ratio': 0.0}",0.8606219136101234,0.8434116264445578,0.8452063664152023,0.8191406475234965,0.8471647544930554,0.843109061697287,0.0134322279364744,5,0.8560974033845891,0.8601877944904115,0.8604340671729074,0.866743371425443,0.8604824203899111,0.8607890113726523,0.0034072579681336,0.1703815635922979,0.1466671185811009,0.1685318642806615,0.1450138877350378,0.1815422969018691,0.1624273462181935,0.0142655484715198,4,0.1790948106093117,0.1835523311524256,0.1758267435491403,0.1818023848969273,0.1755331091621582,0.1791618758739926,0.0031794319830761,0.8306878306878307,0.7671957671957672,0.7724867724867724,0.7287234042553191,0.7659574468085106,0.7730102442868401,0.032777590795724,2,0.7904509283819628,0.8050397877984085,0.786472148541114,0.8079470198675497,0.7933774834437086,0.7966574736065487,0.0083754096230818,0.0846361185983827,0.0804661487236404,0.0831908831908831,0.0791907514450867,0.0796019900497512,0.0814171784015488,0.0021290348923268,1,0.0821502412129565,0.084930740170701,0.0847384967133466,0.086906966804388,0.0848562119280351,0.0847165313658854,0.0015132568260054,0.1536203522504892,0.1456554495228528,0.1502057613168724,0.1428571428571428,0.1442163244867301,0.1473110060868174,0.0040085477735964,1,0.148832563366213,0.1536514365270219,0.1529927760577915,0.1569333676357087,0.153314563603788,0.1531449414381046,0.0025790401682323,0.800287674660896,0.7713197971363035,0.7772177730166617,0.7564348728593668,0.7701585580701993,0.7750837351486854,0.0143247851492341,2,0.7824260604575397,0.7917362776780436,0.7847392758154295,0.795405275755702,0.787260276769454,0.7883134332952337,0.0047022333511063,0.7698875186339612,0.7754438270768397,0.781948773546551,0.7841463414634147,0.7743596693318878,0.7771572260105308,0.0052041784600612,1,0.7744011925331165,0.7784327675576787,0.7830064030897449,0.7828635316438541,0.7811430700951993,0.7799693929839187,0.0032355234781484,0.7714059196617337,0.775237843551797,0.7817124735729387,0.78276955602537,0.7741509184617418,0.7770553422547163,0.0044270998604122,1,0.7748009646196029,0.7790955039476727,0.7830927290145684,0.7834891480294671,0.7814482029598309,0.7803853097142285,0.0031919330399572,IRSUIPLANYR,Stacking RL+XGB,v_grid_stacking
2.7707885265350343,0.4056636320199063,0.1691922664642334,0.0098616052364288,10.0,1.0,"{'modelo__final_estimator__C': 10.0, 'modelo__final_estimator__l1_ratio': 1.0}",0.8606247817523058,0.8434166456933769,0.8451948938464726,0.8191406475234965,0.8471647544930554,0.8431083446617414,0.0134326413798949,6,0.8560873386006302,0.8601859073434193,0.8604128143032082,0.8667432816772853,0.860485337106218,0.8607829358061523,0.0034104648926061,0.1703916823742504,0.1466922376826357,0.1684184176166779,0.1450138877350378,0.1815399158283846,0.1624112282473973,0.0142508580937308,6,0.1790561604025761,0.1835409808387814,0.1757639867556653,0.1818023156677401,0.1755736056728484,0.1791474098675222,0.0031805642747188,0.8306878306878307,0.7671957671957672,0.7724867724867724,0.7287234042553191,0.7659574468085106,0.7730102442868401,0.032777590795724,2,0.7904509283819628,0.8050397877984085,0.786472148541114,0.8079470198675497,0.7933774834437086,0.7966574736065487,0.0083754096230818,0.0846361185983827,0.0804661487236404,0.0831908831908831,0.0791907514450867,0.0796019900497512,0.0814171784015488,0.0021290348923268,1,0.0821728939749069,0.0849188584219362,0.0847506074031727,0.086906966804388,0.0848441926345609,0.0847187038477929,0.0015050893529682,0.1536203522504892,0.1456554495228528,0.1502057613168724,0.1428571428571428,0.1442163244867301,0.1473110060868174,0.0040085477735964,1,0.1488697389783939,0.1536319919007846,0.1530125145142562,0.1569333676357087,0.1532949456174024,0.1531485117293091,0.0025654130929921,0.800287674660896,0.7713197971363035,0.7772177730166617,0.7564348728593668,0.7701585580701993,0.7750837351486854,0.0143247851492341,2,0.7824599392392586,0.7917193382871841,0.784756215206289,0.795405275755702,0.7872433373785945,0.7883168211734056,0.0046894916435826,0.7698875186339612,0.7754438270768397,0.781948773546551,0.7841463414634147,0.7743596693318878,0.7771572260105308,0.0052041784600612,1,0.7744689500965545,0.7783988887759596,0.7830402818714639,0.7828635316438541,0.7811091913134803,0.7799761687402625,0.0032195236680184,0.7714059196617337,0.775237843551797,0.7817124735729387,0.78276955602537,0.7741509184617418,0.7770553422547163,0.0044270998604122,1,0.7748670344554194,0.7790624690297645,0.7831257639324767,0.7834891480294671,0.7814151691331924,0.780391916916064,0.0031750767885254,IRSUIPLANYR,Stacking RL+XGB,v_grid_stacking
41.76206274032593,0.7872752527584993,0.9465112209320068,0.2349485088605186,0.1,0.0,"{'modelo__final_estimator__C': 0.1, 'modelo__final_estimator__l1_ratio': 0.0}",0.8598342500632784,0.8436618718499732,0.8456530795601129,0.8190516346652827,0.8472332352016794,0.8430868142680653,0.0132836416662238,6,0.8590678176825495,0.8584899463142626,0.8601817735928645,0.8676408978764689,0.8600494450722863,0.8610859761076863,0.0033368042282193,0.1663608598854254,0.1455816672056203,0.1686808662843644,0.1446577369747485,0.1806383235559602,0.1611838907812238,0.0139858767728425,2,0.1937837397889924,0.1722574506092235,0.1725507760476328,0.1879095848744628,0.173403014226221,0.1799809131093065,0.0090720386217275,0.8306878306878307,0.7671957671957672,0.7724867724867724,0.7287234042553191,0.7659574468085106,0.7730102442868401,0.032777590795724,2,0.7917771883289124,0.8037135278514589,0.7851458885941645,0.8092715231788079,0.7920529801324503,0.7963922216171588,0.008787325976321,0.0843632455668995,0.0808249721293199,0.0829545454545454,0.0788262370540851,0.079646017699115,0.081323003580793,0.0020590852475206,6,0.0817472271669177,0.0850049095244774,0.0842464778710687,0.0866789615548304,0.0847625797306874,0.0844880311695963,0.00159455766131,0.153170731707317,0.1462430660615229,0.1498204207285787,0.142263759086189,0.1442885771543086,0.1471573109475832,0.0039055271103335,6,0.1481941169169666,0.1537485728783458,0.1521655314226963,0.1565863659661712,0.1531370038412292,0.1527663182050818,0.002718858817884,0.7998811155065391,0.7718618760087794,0.7768789737213643,0.7558928674393126,0.7702263179292588,0.7749482301210507,0.0142849951199288,2,0.7822930390606178,0.7913611173491804,0.7835679641161695,0.7955762684331498,0.7866488432864034,0.7878894464491041,0.0049532577657924,0.7690744003252473,0.7765279848217915,0.7812711749559561,0.7830623306233062,0.7744951890500068,0.7768862159552616,0.004984818160667,6,0.7728088897923231,0.7790087068469018,0.7819900396381746,0.7818810136874915,0.7812447064403564,0.7793866712810494,0.0034601049672976,0.7706131078224101,0.7762949260042283,0.7810517970401691,0.7817124735729387,0.7742830712303422,0.7767910751340177,0.0041731868254202,6,0.7732813583958243,0.7796240626342044,0.7820686465594133,0.7825641703280367,0.7815142706131079,0.7798105017061173,0.0034131864713231,IRSUIPLANYR,Stacking RL+XGB+Bagging,v_grid_stacking
42.05274963378906,0.7983430982216939,0.9417136669158936,0.2563468592059869,0.1,1.0,"{'modelo__final_estimator__C': 0.1, 'modelo__final_estimator__l1_ratio': 1.0}",0.8606398394987635,0.8437013088049814,0.8450823192658129,0.8191557833131522,0.8471661961921844,0.8431490894149789,0.0134297025057123,1,0.8560093365249484,0.8571646748728805,0.8596314455842513,0.8666911379976647,0.8596103670866962,0.8598213924132884,0.0037111705448745,0.1705789685741093,0.1447745155800715,0.1683222529169264,0.14500203015687,0.1796622274586718,0.1616679989373298,0.0142170392930742,1,0.1787586153092291,0.1653501003569399,0.1716316449175627,0.181596838732235,0.1704961176742357,0.1735666633980405,0.0058672742618041,0.8306878306878307,0.7724867724867724,0.7724867724867724,0.7287234042553191,0.7659574468085106,0.7740684453450412,0.0326579828628304,1,0.7891246684350133,0.7970822281167109,0.7851458885941645,0.8066225165562914,0.7907284768211921,0.7937407557046744,0.0075014535513989,0.0844994617868676,0.0820224719101123,0.083096186681844,0.0790536641661858,0.079646017699115,0.0816635604488249,0.002054536887609,5,0.0819559228650137,0.0848390739695087,0.0845351992003427,0.0867397806580259,0.0848493462194428,0.0845838645824668,0.0015291849100358,0.1533952125061065,0.1482986287455561,0.1500513874614594,0.1426340447683498,0.1442885771543086,0.1477335701271561,0.0038889304013476,5,0.1484901422510606,0.153355447818321,0.1526363284775042,0.1566358024691358,0.1532537543319214,0.1528742950695886,0.0026000715086853,0.8000843950837175,0.7755237765401743,0.7770822532985427,0.7562316208268465,0.7702263179292588,0.7758296727357079,0.0141805169894278,1,0.7816612941389078,0.7887230431161865,0.7839745094967976,0.7946922042057781,0.7862915006662453,0.7870685103247831,0.0044782308820063,0.7694809594796043,0.7785607805935764,0.781677734110313,0.7837398373983739,0.7744951890500068,0.7775909001263749,0.0051148191379637,5,0.7741979198428025,0.7803638581156621,0.7828031303994308,0.7827618918552649,0.7818545245112986,0.7803962649448918,0.0032229255394913,0.7710095137420718,0.7784090909090909,0.7814482029598309,0.7823731501057083,0.7742830712303422,0.7775046057894087,0.0043043531767897,5,0.7745697201942453,0.7807802847609924,0.7828614845892108,0.7833570083578343,0.782075845665962,0.780728868713649,0.0032002271627525,IRSUIPLANYR,Stacking RL+XGB+Bagging,v_grid_stacking
41.7839421749115,0.3806014364641523,1.143440341949463,0.0146238333222308,1.0,0.0,"{'modelo__final_estimator__C': 1.0, 'modelo__final_estimator__l1_ratio': 0.0}",0.8606158188079857,0.8440332962625957,0.844919552196961,0.8191294758692267,0.846880739764657,0.8431157765802852,0.0134153978427405,2,0.8559974295260682,0.8533940203860402,0.8558817743746827,0.8643538716009007,0.856549161141172,0.8572352514057728,0.0037219519653048,0.1705257307750119,0.1428571133020174,0.1648474624634762,0.1460115003398975,0.1686394764685448,0.1585762566697895,0.0117332937921314,4,0.1783347889457755,0.1492497833887348,0.1556956290009741,0.1682153149949359,0.1542448902459087,0.1611480813152658,0.0106233844681236,0.8306878306878307,0.7619047619047619,0.7724867724867724,0.723404255319149,0.7606382978723404,0.7698243836541708,0.0346796205123407,3,0.7904509283819628,0.7904509283819628,0.7798408488063661,0.8052980132450331,0.7827814569536424,0.7897644351537935,0.0088258047197965,0.0845449649973074,0.082051282051282,0.0838117106773823,0.0787949015063731,0.0801120448179271,0.0818629808100544,0.002168175827563,4,0.0820823578019556,0.0849123806810086,0.0847140181530038,0.0870561282932416,0.0849504096593359,0.0847430589177091,0.001581273405771,0.1534701857282502,0.1481481481481481,0.1512169860176074,0.1421107628004179,0.1449569183983781,0.1479806002185603,0.0041045208607657,4,0.1487211478477854,0.1533513443972726,0.1528265107212475,0.1571262437007365,0.1532676348547718,0.1530585763043628,0.002666176165674,0.800152154942777,0.7717912480075375,0.7780986511844352,0.7539785504238021,0.7690574603604825,0.7746156129838069,0.0150266761430342,6,0.7823244241123827,0.7864237567003828,0.7823044742727497,0.7946397912816845,0.7835545662652144,0.7858494025264828,0.0046445469056662,0.7696164791977232,0.781677734110313,0.7837105298820979,0.7845528455284553,0.7774766228486245,0.7794068423134428,0.0054724214466835,4,0.7741979198428025,0.7823965850188027,0.7847680997391334,0.7839815693183358,0.7843276755767863,0.7819343698991721,0.0039500699899046,0.7711416490486258,0.781183932346723,0.7834302325581395,0.7830338266384778,0.7770582793709528,0.7791695839925838,0.0046053977762421,4,0.7746027551121536,0.782597205245945,0.7846453701562551,0.7845132304846223,0.7842891120507399,0.7821295346099432,0.0038352662143317,IRSUIPLANYR,Stacking RL+XGB+Bagging,v_grid_stacking
42.03047957420349,0.798049191068854,0.9431970119476318,0.2339746259266827,1.0,1.0,"{'modelo__final_estimator__C': 1.0, 'modelo__final_estimator__l1_ratio': 1.0}",0.8606452172653554,0.8440684310043302,0.8448313568248518,0.8191128985757943,0.8468439764368695,0.8431003760214402,0.0134251145063395,3,0.8559360073846758,0.8529216944531088,0.8556314578057745,0.864165669714215,0.8562950927145587,0.8569899844144666,0.0037810257690516,0.1705756571330767,0.1422765651421262,0.1641498846509613,0.1462622577457044,0.1706813895585029,0.1587891508460743,0.0121546129214559,3,0.1782369107218162,0.147518771194274,0.1549484749518544,0.1671814050110902,0.1531468846055771,0.1602064892969224,0.0110653374994375,0.8306878306878307,0.7619047619047619,0.7724867724867724,0.723404255319149,0.7606382978723404,0.7698243836541708,0.0346796205123407,3,0.7891246684350133,0.7877984084880637,0.7785145888594165,0.8039735099337748,0.7814569536423841,0.7881736258717305,0.0088214770674524,0.0846361185983827,0.0821917808219178,0.0837155963302752,0.0787949015063731,0.0800223838836038,0.0818721562281105,0.0021923080816561,3,0.082046332046332,0.0847723704866562,0.0846309111880046,0.0870001433280779,0.084867663981588,0.0846634842061317,0.0015725182278129,0.1536203522504892,0.1483771251931993,0.1510605276771857,0.1421107628004179,0.1448101265822785,0.1479957789007141,0.0041462207037102,3,0.1486385211091681,0.1530730575956706,0.1526657997399219,0.1570098292809105,0.1531075645517062,0.1528989544554755,0.0026524997766553,0.800287674660896,0.771994527584716,0.7779631314663162,0.7539785504238021,0.7689219406423635,0.7746291649556187,0.0150694131071512,5,0.7817968092657839,0.7852668906620283,0.7817091018627129,0.7940791794146446,0.7829600721730232,0.7851624106756385,0.0046394523448359,0.7698875186339612,0.78208429326467,0.7834394904458599,0.7845528455284553,0.7772055834123865,0.7794339462570667,0.0053920633266023,3,0.7744689500965545,0.7827353728359928,0.7849036148660095,0.7841848488955143,0.7844631907036623,0.7821511954795467,0.0039093487416672,0.7714059196617337,0.7815803382663847,0.7831659619450317,0.7830338266384778,0.7767939738337518,0.779196004069076,0.0045305554074629,3,0.7748339995375112,0.7828614845892108,0.7847444749099799,0.7846784050741634,0.7843882135306554,0.7823013155283042,0.0037960327508774,IRSUIPLANYR,Stacking RL+XGB+Bagging,v_grid_stacking
41.87307305335999,0.7233479069228638,1.0425754070281985,0.2045503935241923,10.0,0.0,"{'modelo__final_estimator__C': 10.0, 'modelo__final_estimator__l1_ratio': 0.0}",0.8607090334289142,0.8440605436133286,0.8447711258390211,0.8190847892521478,0.8468122590560332,0.843087550237889,0.013448448263525,5,0.8555378193692993,0.852539187730597,0.8552563648750183,0.8638080681798805,0.8559672986742178,0.8566217477658025,0.0037888777324036,0.1712915019947366,0.1424517266610373,0.1635574001745022,0.1464750722792686,0.1688815809971738,0.1585314564213437,0.0118247034645773,6,0.1758806040775169,0.1461852326749771,0.1535990042425675,0.1654948689492028,0.1518386929240697,0.1585996805736668,0.0106865352128343,0.8306878306878307,0.7619047619047619,0.7724867724867724,0.723404255319149,0.7606382978723404,0.7698243836541708,0.0346796205123407,3,0.7877984084880637,0.7877984084880637,0.7785145888594165,0.8039735099337748,0.7801324503311259,0.7876434732200889,0.0090163196865895,0.0847732181425486,0.0822387207310108,0.0836676217765043,0.0787037037037037,0.0801569506726457,0.0819080430052826,0.0022248059913033,2,0.0819875776397515,0.0849177984274481,0.0847286374133949,0.087100014349261,0.0847603971794502,0.0846988850018612,0.0016229110756083,0.1538461538461538,0.1484536082474226,0.1509824198552223,0.1419624217118998,0.1450304259634888,0.1480550059248375,0.0042079376590505,2,0.1485185648206025,0.1533101045296167,0.1528247852121843,0.1571724495080269,0.1529075804776739,0.1529466969096208,0.0027427648997396,0.8004909542380745,0.7720622874437755,0.7778953716072567,0.7538430490687886,0.769125220219542,0.7746833765154875,0.015155397967685,4,0.7812353156374661,0.7854701633523423,0.781844616989589,0.7942146991327635,0.7823316992991132,0.7850192988822547,0.0048244997745509,0.7702940777883182,0.782219812982789,0.7833039707277409,0.7842818428184282,0.7776121425667435,0.779542369376804,0.0051582483525785,2,0.7746722227868685,0.7831419182166209,0.7851746451197615,0.7844558883317523,0.7845309482671003,0.7823951245444208,0.0039175282343825,0.7718023255813954,0.7817124735729387,0.7830338266384778,0.78276955602537,0.7771904321395533,0.7793017227915471,0.0043003416730462,2,0.7749991741270523,0.7832579036041095,0.7850087542532457,0.7849426844174292,0.7844212473572939,0.7825259527518261,0.0038153685378218,IRSUIPLANYR,Stacking RL+XGB+Bagging,v_grid_stacking
41.90667366981506,0.6153553561087605,1.041710090637207,0.1970217089505239,10.0,1.0,"{'modelo__final_estimator__C': 10.0, 'modelo__final_estimator__l1_ratio': 1.0}",0.8607061652867318,0.8440684310043302,0.8447575021636546,0.8190941590266967,0.8468122590560331,0.8430877033074893,0.0134441268978523,4,0.8555282039060527,0.8524832473018965,0.8552278330097776,0.8637862593775607,0.8559363814813643,0.8565923850153304,0.0037963578686234,0.171288248097166,0.1424232946745275,0.1635514361313582,0.1465633759259312,0.1688907769787783,0.1585434263615522,0.0118148936666386,5,0.1758542976977015,0.1460023749511329,0.1535258257447734,0.1653783566044498,0.1517004470699597,0.1584922604136034,0.0107298657967776,0.8306878306878307,0.7619047619047619,0.7724867724867724,0.723404255319149,0.7606382978723404,0.7698243836541708,0.0346796205123407,3,0.7877984084880637,0.7877984084880637,0.7785145888594165,0.8039735099337748,0.7801324503311259,0.7876434732200889,0.0090163196865895,0.0847732181425486,0.0822387207310108,0.0836676217765043,0.0787949015063731,0.0801569506726457,0.0819262825658165,0.0021986816376839,1,0.0820215410107705,0.0849299399485273,0.0847286374133949,0.0871125143513203,0.0847725964306275,0.0847130458309281,0.0016157029310428,0.1538461538461538,0.1484536082474226,0.1509824198552223,0.1421107628004179,0.1450304259634888,0.1480846741425411,0.0041651828201662,1,0.1485742871435718,0.1533298915849251,0.1528247852121843,0.1571928007251068,0.1529274308710891,0.1529698391073754,0.002731547501653,0.8004909542380745,0.7720622874437755,0.7778953716072567,0.7539785504238021,0.769125220219542,0.7747104767864902,0.0151181833635686,3,0.7812861338100446,0.7854871027432018,0.781844616989589,0.7942316390975284,0.7823486386899726,0.7850396262660674,0.0048214425044841,0.7702940777883182,0.782219812982789,0.7833039707277409,0.7845528455284553,0.7776121425667435,0.7795965699188093,0.0052089385598801,1,0.7747738591320256,0.78317579699834,0.7851746451197615,0.784489768261282,0.7845648270488194,0.7824357793120457,0.0038860197581265,0.7718023255813954,0.7817124735729387,0.7830338266384778,0.7830338266384778,0.7771904321395533,0.7793545769141685,0.0043440408957551,1,0.775098278880777,0.7832909385220178,0.7850087542532457,0.7849757193353375,0.7844542811839323,0.782565594435062,0.0037850177066751,IRSUIPLANYR,Stacking RL+XGB+Bagging,v_grid_stacking
5.589270782470703,3.1558449642061173,0.1642009258270263,0.0099052747367135,0.1,0.0,"{'modelo__final_estimator__C': 0.1, 'modelo__final_estimator__l1_ratio': 0.0}",0.8548283958158357,0.8511522995087933,0.8086926713496729,0.8215669618996717,0.856396721457526,0.8385274100062998,0.0196070941025978,1,0.8769544330175698,0.8804188340611006,0.8897431041065165,0.8838556952762732,0.8807793928635057,0.8823502918649933,0.0042949611847261,0.1230331788750115,0.1083132451413622,0.103265271270386,0.0788554000973568,0.117165665154515,0.1061265521077263,0.0152602774020279,1,0.1337650615965266,0.1575462498065743,0.1565210988550126,0.1514725665215143,0.158819156330037,0.151624826621933,0.0092713483826447,0.7857142857142857,0.8333333333333334,0.6428571428571429,0.6904761904761905,0.7857142857142857,0.7476190476190476,0.0699854212223765,6,0.8214285714285714,0.8214285714285714,0.8482142857142857,0.8214285714285714,0.8273809523809523,0.8279761904761905,0.0103783308179539,0.0376497432972047,0.0390189520624303,0.0318396226415094,0.0354740061162079,0.0375854214123006,0.0363135491059306,0.0025077132881644,6,0.040498899486427,0.0392938496583143,0.0428829371050255,0.0414788097385031,0.0388159731918458,0.0405940938360231,0.0014753261096631,0.0718562874251497,0.0745473908413205,0.0606741573033707,0.0674810936591041,0.0717391304347826,0.0692596119327455,0.004852308725617,6,0.0771920011187246,0.075,0.0816384989974219,0.078969957081545,0.074153107495332,0.0773907129386047,0.0027120022939877,0.7801500343590135,0.8014876180295742,0.7117278766129649,0.7398799979639104,0.7799345182413471,0.762636009041362,0.0323261535350142,6,0.8014943090982843,0.7980034121549071,0.8178602746426782,0.8041834689446181,0.7987118551322185,0.8040506639945413,0.0072433427178878,0.7745857830037414,0.7696419027258151,0.7805986103687867,0.7892838054516301,0.7741547507684083,0.7776529704636763,0.0067790191505693,6,0.7815600467679973,0.7745782528812427,0.7875062635710707,0.7869383664606647,0.7700427578834848,0.780125137512892,0.0068612299664155,0.7747093023255814,0.7703488372093024,0.7790697674418605,0.7881871035940803,0.7742830712303422,0.7773196163602333,0.0060957594316502,6,0.7820025767235969,0.775098278880777,0.7881801063724356,0.7873211985068217,0.7706791754756871,0.7806562671918635,0.0068304554457609,IRSUITRYYR,Stacking RL+XGB,v_grid_stacking
5.350469636917114,3.351859676506141,0.1643529415130615,0.0090261821237452,0.1,1.0,"{'modelo__final_estimator__C': 0.1, 'modelo__final_estimator__l1_ratio': 1.0}",0.8537833091547682,0.8512556946883509,0.8092637308798453,0.8215908223257234,0.8565399031455426,0.8384866920388461,0.0192997628347107,3,0.8746524215164603,0.8799937066024004,0.8889978385708718,0.8816825343800456,0.8801345648494566,0.8810922131838469,0.0046139379197348,0.1170002423347649,0.1083276360022825,0.1036508911016154,0.0765669327265509,0.1170963202627043,0.1045284044855836,0.0149033374725581,6,0.1249219547397083,0.1562182427385377,0.1541717532315793,0.1442736454827818,0.1560555866875548,0.1471282365760324,0.0119432371007945,0.7857142857142857,0.8333333333333334,0.6428571428571429,0.6904761904761905,0.7976190476190477,0.75,0.0714285714285714,1,0.8184523809523809,0.8184523809523809,0.8452380952380952,0.8184523809523809,0.8303571428571429,0.8261904761904763,0.0105811838301376,0.038150289017341,0.0391061452513966,0.0319526627218934,0.0358245830759728,0.0381984036488027,0.0366464167430813,0.0025856255295478,1,0.0406383921974287,0.0392184826012549,0.0429003021148036,0.0415659008464328,0.0390428211586901,0.040673179783722,0.001451375078225,0.0727673649393605,0.0747065101387406,0.060879368658399,0.0681150910158543,0.0729053318824809,0.0698747333269671,0.0049982164617405,1,0.0774320709559341,0.0748502994011976,0.0816561242093157,0.0791139240506329,0.0745789895749799,0.077526281638412,0.0026620479027726,0.7816866457967473,0.801754854801354,0.7121287317706345,0.7409489450510295,0.7860873535569514,0.7645213061953433,0.0330052071315949,1,0.8007912481010443,0.7966990483348844,0.8167897508092932,0.803313379385494,0.8004838894403299,0.8036154632142092,0.0069176997386006,0.777659005879209,0.7701763762693746,0.7814003206841261,0.7914216996258685,0.774555659494855,0.7790426123906866,0.0072035802959371,1,0.7831301152497077,0.7749457157173877,0.7883414063804911,0.788174377818607,0.7706106360235169,0.781040450237942,0.0071342889849859,0.7777484143763214,0.770877378435518,0.779862579281184,0.7903012684989429,0.7748116823047443,0.7787202645793421,0.0065292711069958,1,0.7835221829473754,0.7754286280598592,0.7889729444022332,0.788510455551518,0.7712737843551797,0.7815415990632331,0.0070782625013617,IRSUITRYYR,Stacking RL+XGB,v_grid_stacking
5.350798892974853,3.276715517063621,0.1648999691009521,0.0096739771299392,1.0,0.0,"{'modelo__final_estimator__C': 1.0, 'modelo__final_estimator__l1_ratio': 0.0}",0.8541364434603345,0.851215927311598,0.8090664846911506,0.8216353617876868,0.8564635395786004,0.8385035513658741,0.0193888097008636,2,0.8752182307698425,0.8802851117898304,0.889271248419194,0.882255899687418,0.8804279486714515,0.8814916878675472,0.0045398064484676,0.1191019096667908,0.1083317612138907,0.1044824682490787,0.0769295734890521,0.1172254607390782,0.1052142346715781,0.0151486869428783,2,0.1276798530988591,0.1571991813454577,0.1547341927921878,0.1458974525315826,0.1571615084896213,0.1485344376515417,0.0112232658858136,0.7857142857142857,0.8333333333333334,0.6428571428571429,0.6904761904761905,0.7976190476190477,0.75,0.0714285714285714,1,0.8184523809523809,0.8184523809523809,0.8452380952380952,0.8214285714285714,0.8273809523809523,0.8261904761904763,0.0100663895983855,0.0380842469705712,0.0390843104410943,0.0319148936170212,0.0357583230579531,0.0381984036488027,0.0366080355470885,0.0025918333552295,5,0.0406203840472673,0.0392296718972895,0.0429003021148036,0.0417675544794188,0.0389410281552038,0.0406917881387966,0.0014995232689058,0.0726472206934507,0.0746666666666666,0.0608108108108108,0.0679953106682297,0.0729053318824809,0.0698050681443277,0.005009920032392,5,0.0773993808049535,0.0748706779199564,0.0816561242093157,0.0794930875576036,0.07438127090301,0.0775601082789678,0.0027523673967317,0.7814862182179125,0.801688045608409,0.7119951133847446,0.7407485174721946,0.7860873535569514,0.7644010496480426,0.0330404093921403,5,0.800741139532479,0.7967324540472611,0.8167897508092932,0.8049518003292848,0.799096007991652,0.8036622305419941,0.0070908355211035,0.7772581507215393,0.7700427578834848,0.7811330839123464,0.7910208444681989,0.774555659494855,0.7788020992960849,0.0070975110148714,5,0.7830298981125773,0.7750125271421413,0.7883414063804911,0.7884750292299983,0.7708110636023516,0.7811339848935119,0.0071199338811643,0.7773520084566596,0.7707452431289641,0.7795983086680761,0.7899048625792812,0.7748116823047443,0.7784824210275451,0.0064239155258283,5,0.7834230781936506,0.7754946978956757,0.7889729444022332,0.7888408047306003,0.7714389534883721,0.7816340957421064,0.0070799568332533,IRSUITRYYR,Stacking RL+XGB,v_grid_stacking
5.442450475692749,3.384820283219451,0.1653208255767822,0.0082938198069115,1.0,1.0,"{'modelo__final_estimator__C': 1.0, 'modelo__final_estimator__l1_ratio': 1.0}",0.8539185182357283,0.8512000203608968,0.8091205683235347,0.8215701432898119,0.8565064940850053,0.8384631488589953,0.0193546858141,6,0.874935375854033,0.8802291373372466,0.8891815699889443,0.8819795071862051,0.8803532854215979,0.8813357751576054,0.0045853229341473,0.1182656223234589,0.1082868364765605,0.1042031787638731,0.0765456632554001,0.1172555688851012,0.1049113739408788,0.0151474349585361,5,0.1259557822687266,0.1570036421818602,0.1544316445214864,0.144875590318822,0.1568503748349683,0.1478234068251727,0.0118009686382248,0.7857142857142857,0.8333333333333334,0.6428571428571429,0.6904761904761905,0.7976190476190477,0.75,0.0714285714285714,1,0.8184523809523809,0.8184523809523809,0.8452380952380952,0.8214285714285714,0.8273809523809523,0.8261904761904763,0.0100663895983855,0.038150289017341,0.0391061452513966,0.0318960425280567,0.0358467243510506,0.038220193953223,0.0366438790202136,0.0026074586003817,2,0.040662427916605,0.0392128903464993,0.0429327286470143,0.0417422867513611,0.0389519405912848,0.0407004548505529,0.0015059917880386,0.0727673649393605,0.0747065101387406,0.0607765897580191,0.0681551116333725,0.0729450190528034,0.0698701191044592,0.0050373256388109,2,0.07747570080293,0.0748401143012654,0.0817148611710545,0.079447322970639,0.0744011775725946,0.0775758353636967,0.0027642955431432,0.7816866457967473,0.801754854801354,0.7119283041917996,0.7410157542439744,0.7861541716780258,0.7645079461423803,0.033068114050389,2,0.8008580595257979,0.7966823454786959,0.8168732650902352,0.8048849889045313,0.7991294125881245,0.803685614317477,0.0071155104810694,0.777659005879209,0.7701763762693746,0.7809994655264565,0.7915553180117584,0.7746892957370038,0.7790158922847604,0.0072092909798254,2,0.783263738099215,0.7749123100050108,0.7885084349423751,0.7883414063804911,0.7708778727952966,0.7811807524444777,0.0071379468266665,0.7777484143763214,0.770877378435518,0.7794661733615222,0.7904334038054969,0.7749438350733447,0.7786938410104406,0.0065493098126981,2,0.7836543226190082,0.7753955931419511,0.7891381189917743,0.7887086650589673,0.7715050211416491,0.78168034419067,0.0070985573878582,IRSUITRYYR,Stacking RL+XGB,v_grid_stacking
5.274430274963379,3.3242044459300724,0.164762544631958,0.0099516476374597,10.0,0.0,"{'modelo__final_estimator__C': 10.0, 'modelo__final_estimator__l1_ratio': 0.0}",0.8539407879667099,0.8512032017510371,0.8091014799826932,0.8215987758010741,0.8564937668238484,0.8384676024650725,0.0193570866759462,4,0.8749934381636403,0.8802623442060973,0.8892110982525632,0.8820410492575183,0.8803828126988369,0.8813781485157313,0.004578095191214,0.1183119629474859,0.1083137387064394,0.1046305664517305,0.0766222147322367,0.1172623745277983,0.1050281714731381,0.0151260454877021,4,0.1262520583062971,0.1570881725663186,0.1545515347000639,0.1450619982363955,0.1569393152962126,0.1479786158210576,0.0117220423250091,0.7857142857142857,0.8333333333333334,0.6428571428571429,0.6904761904761905,0.7976190476190477,0.75,0.0714285714285714,1,0.8184523809523809,0.8184523809523809,0.8452380952380952,0.8214285714285714,0.8273809523809523,0.8261904761904763,0.0100663895983855,0.0380842469705712,0.0391061452513966,0.0319148936170212,0.0358467243510506,0.038220193953223,0.0366344408286525,0.0025930868364381,4,0.0406443984629027,0.0392240764512908,0.0429262394195888,0.0417549167927382,0.0389519405912848,0.0407003143435611,0.001503738304881,0.0726472206934507,0.0747065101387406,0.0608108108108108,0.0681551116333725,0.0729450190528034,0.0698529344658356,0.005011363526838,4,0.0774429738101943,0.0748604872737171,0.0817031070195627,0.0794701986754966,0.0744011775725946,0.0775755888703131,0.0027601522750519,0.7814862182179125,0.801754854801354,0.7119951133847446,0.7410157542439744,0.7861541716780258,0.7644812224652023,0.0330261415273086,4,0.8008079509572328,0.7967157511910727,0.8168565622340468,0.8049183946169081,0.7991294125881245,0.803685614317477,0.0071079185265718,0.7772581507215393,0.7701763762693746,0.7811330839123464,0.7915553180117584,0.7746892957370038,0.7789624449304046,0.0072339691916509,4,0.7831635209620845,0.7749791214297644,0.7884750292299983,0.7884082178052447,0.7708778727952966,0.7811807524444776,0.0071271825663083,0.7773520084566596,0.770877378435518,0.7795983086680761,0.7904334038054969,0.7749438350733447,0.778640986887819,0.0065663014686685,4,0.7835552178652836,0.7754616629777675,0.789105084073866,0.7887747348947838,0.7715050211416491,0.78168034419067,0.0070877568845317,IRSUITRYYR,Stacking RL+XGB,v_grid_stacking
5.649408340454102,3.3275467677144954,0.1650422096252441,0.007145007439371,10.0,1.0,"{'modelo__final_estimator__C': 10.0, 'modelo__final_estimator__l1_ratio': 1.0}",0.8539169275406582,0.8512079738362476,0.8091110241531139,0.8215892316306533,0.8565017213620716,0.8384653757045488,0.0193541531448715,5,0.8749608278253677,0.8802581684920503,0.8892016531850755,0.882006351062222,0.8803761516632308,0.8813606304455893,0.0045834634748319,0.118365790796146,0.1083119473136002,0.104639071768318,0.0765850702338272,0.1172534056741353,0.1050310571572054,0.0151478908716641,3,0.1261329173743386,0.1570386339190679,0.1545012286704994,0.1449182114902017,0.1569187620407926,0.14790195069898,0.011756920075758,0.7857142857142857,0.8333333333333334,0.6428571428571429,0.6904761904761905,0.7976190476190477,0.75,0.0714285714285714,1,0.8184523809523809,0.8184523809523809,0.8452380952380952,0.8214285714285714,0.8273809523809523,0.8261904761904763,0.0100663895983855,0.0381282495667244,0.0391061452513966,0.0319148936170212,0.0358467243510506,0.038220193953223,0.0366432413478832,0.0025980622070168,3,0.0406564163217031,0.0392184826012549,0.042945712989566,0.0417549167927382,0.0389519405912848,0.0407054938593094,0.0015105251004105,0.0727272727272727,0.0747065101387406,0.0608108108108108,0.0681551116333725,0.0729450190528034,0.0698689448726,0.0050203849502664,3,0.0774647887323943,0.0748502994011976,0.0817383796229673,0.0794701986754966,0.0744011775725946,0.0775849688009301,0.0027725186995548,0.7816198366038024,0.801754854801354,0.7119951133847446,0.7410157542439744,0.7861541716780258,0.7645079461423803,0.0330399417801442,2,0.8008413566696095,0.7966990483348844,0.816906670802612,0.8049183946169081,0.7991294125881245,0.8036989766024277,0.0071270761058323,0.7775253874933191,0.7701763762693746,0.7811330839123464,0.7915553180117584,0.7746892957370038,0.7790158922847604,0.007222157344692,2,0.7832303323868381,0.7749457157173877,0.7885752463671287,0.7884082178052447,0.7708778727952966,0.7812074770143792,0.0071573321132084,0.7776162790697675,0.770877378435518,0.7795983086680761,0.7904334038054969,0.7749438350733447,0.7786938410104406,0.0065567700556323,2,0.7836212877011001,0.7754286280598592,0.7892041888275908,0.7887747348947838,0.7715050211416491,0.7817067721249966,0.007117914594141,IRSUITRYYR,Stacking RL+XGB,v_grid_stacking
43.867156744003296,2.69240315834704,1.036177396774292,0.1953263540409757,0.1,0.0,"{'modelo__final_estimator__C': 0.1, 'modelo__final_estimator__l1_ratio': 0.0}",0.8553254880252474,0.8511260530401364,0.8086171133338423,0.8215900269781884,0.856192289825191,0.8385701942405213,0.0196694730425725,6,0.882166668655102,0.8812130648150358,0.8908091539605654,0.8877240469429797,0.8873798329292968,0.8858585534605959,0.0036197618882481,0.122968819775789,0.1072728729872395,0.1036826184593278,0.0820739714996388,0.1064305644010571,0.1044857694246104,0.0130851600048011,2,0.1725076699280353,0.1625075992738471,0.1640872744815261,0.1831548908861851,0.2065668169383381,0.1777648503015863,0.0161623238079502,0.7857142857142857,0.8333333333333334,0.6428571428571429,0.6904761904761905,0.7976190476190477,0.75,0.0714285714285714,1,0.8333333333333334,0.8214285714285714,0.8482142857142857,0.8303571428571429,0.8452380952380952,0.8357142857142856,0.0098529436650278,0.0374574347332576,0.0389321468298109,0.0317273795534665,0.0350877192982456,0.0376193149915777,0.0361647990812716,0.0025414771275073,6,0.0405561993047508,0.039265898420828,0.0427222305501424,0.0417040358744394,0.0389521327664243,0.040640099383317,0.0014291206989782,0.0715059588299024,0.0743889479277364,0.0604703247480403,0.0667818077144502,0.0718498659517426,0.0689993810343744,0.004921748883718,6,0.0773480662983425,0.0749490835030549,0.081347224204367,0.0794192997438087,0.0744722695686377,0.0775071886636422,0.0026146509361637,0.779548751622509,0.8012203812577945,0.7113270214552951,0.7386774324909012,0.7842832642879416,0.7630113702228882,0.0330130865506737,6,0.8060269472746506,0.797919897873965,0.817442703237968,0.8080965604046864,0.8055860438777328,0.8070144305338005,0.0062553307279007,0.7733832175307322,0.7691074291822555,0.7797969000534474,0.786878674505612,0.7709474809568355,0.7760227404457766,0.0065213871994565,6,0.7787205612159679,0.7744112243193586,0.7866711207616502,0.7858359779522298,0.7659339925173704,0.7783145753533154,0.0076822282365102,0.7735200845665962,0.7698202959830867,0.778276955602537,0.7858086680761099,0.7712435575525307,0.7757339123561721,0.0057966015926887,6,0.7793267483730303,0.7749331042912359,0.78735423342473,0.7863301509695748,0.7668142177589852,0.7789516909635112,0.0075980570485786,IRSUITRYYR,Stacking RL+XGB+Bagging,v_grid_stacking
43.695378971099856,2.8571995976289,1.0402005195617676,0.1889388945756693,0.1,1.0,"{'modelo__final_estimator__C': 0.1, 'modelo__final_estimator__l1_ratio': 1.0}",0.8541913224402535,0.8512541039932808,0.8092637308798453,0.8216870593774657,0.8565756985675468,0.8385943830516783,0.0193546144934018,5,0.87843447509286,0.8799937066024004,0.8889980374143979,0.8834989202796535,0.8833908667856507,0.8828632012349924,0.0036377575310545,0.1203379738058148,0.1083276139018328,0.1036508911016154,0.0778704930737023,0.1126573434355323,0.1045688630636995,0.0144351114220275,1,0.1553103098358528,0.1562186712303906,0.1541717940847357,0.1572779342922413,0.1815930177367839,0.1609143454360009,0.010389875303458,0.7857142857142857,0.8333333333333334,0.6428571428571429,0.6904761904761905,0.7976190476190477,0.75,0.0714285714285714,1,0.8244047619047619,0.8184523809523809,0.8452380952380952,0.8214285714285714,0.8333333333333334,0.8285714285714285,0.0097080395418453,0.0378223495702005,0.0391061452513966,0.0319526627218934,0.0358024691358024,0.0379818594104308,0.0365330972179448,0.0025257021703936,5,0.0406456346294937,0.0392184826012549,0.0429003021148036,0.0416415208207604,0.0389538119087367,0.0406719504150099,0.0014812750725377,0.0721705850191361,0.0747065101387406,0.060879368658399,0.068075117370892,0.0725108225108225,0.0696684807395981,0.0048889358923464,5,0.0774716822821982,0.0748502994011976,0.0816561242093157,0.0792647903503733,0.074428495481127,0.0775342783448424,0.0027143261987203,0.780684507902573,0.801754854801354,0.7121287317706345,0.7408821358580846,0.785419172346207,0.7641738805357706,0.032825282167933,5,0.802999107192568,0.7966990483348844,0.8167897508092932,0.8046177432055167,0.8012871904507394,0.8044785679986003,0.0067004360016977,0.7756547300908605,0.7701763762693746,0.7814003206841261,0.7912880812399786,0.7732192970733663,0.7783477610715412,0.0074443951356522,5,0.7815934524803742,0.7749457157173877,0.7883414063804911,0.787806914982462,0.7692410475681454,0.7803857074257721,0.0073976086501516,0.7757663847780126,0.770877378435518,0.779862579281184,0.790169133192389,0.7734901546187393,0.7780331260611686,0.0067470141222136,5,0.7820686465594133,0.7754286280598592,0.7889729444022332,0.7881801063724356,0.7699524312896406,0.7809205513367165,0.0073392257723079,IRSUITRYYR,Stacking RL+XGB+Bagging,v_grid_stacking
43.75838446617127,2.636627544946246,1.041008472442627,0.2008983273576786,1.0,0.0,"{'modelo__final_estimator__C': 1.0, 'modelo__final_estimator__l1_ratio': 0.0}",0.8545635450866611,0.8512564900358861,0.8093567865414472,0.8217013756330966,0.8564388805101086,0.8386634155614399,0.0193595253083607,2,0.8806266255458255,0.8770901437241005,0.8862149737128858,0.8855864790379155,0.8857259077301418,0.8830488259501739,0.0036056591734614,0.1214680426157941,0.1070479187052728,0.1052616574916476,0.077838356057622,0.105204518988926,0.1033640987718525,0.0141412497947673,3,0.1687979344140843,0.1339623307859542,0.1258728125774625,0.1712413099552322,0.1965532412573127,0.1592855257980092,0.0259999343015552,0.7857142857142857,0.8333333333333334,0.6428571428571429,0.6904761904761905,0.7976190476190477,0.75,0.0714285714285714,1,0.8333333333333334,0.8154761904761905,0.8363095238095238,0.8214285714285714,0.8392857142857143,0.8291666666666666,0.009144221128415,0.0376927470017133,0.0392817059483726,0.0322773460848774,0.0357142857142857,0.0378531073446327,0.0365638384187763,0.002425663174743,4,0.0408401400233372,0.0393395549174443,0.0427636584994673,0.0415600060231892,0.0390203403902034,0.0407047399707283,0.0013921128459507,0.0719346049046321,0.07502679528403,0.0614684120660216,0.0679156908665105,0.0722761596548004,0.0697243325551989,0.0047105125894588,4,0.0778642936596218,0.0750582112039446,0.0813667294049515,0.0791170990397018,0.0745735819119397,0.0775959830440319,0.0025369078458912,0.7802836527449034,0.8022893283449136,0.7132644880506986,0.7406148990863047,0.7850182636197603,0.7642941263693162,0.0325377318917798,4,0.8068286843716943,0.7959792844814558,0.8130937964796743,0.8044006060750675,0.8036453958921891,0.8047895534600162,0.0055172406706135,0.7748530197755211,0.7712453233564939,0.7836718332442544,0.790753607696419,0.772417479620473,0.7785882527386323,0.0074804768575494,4,0.7803240354100551,0.7764823784867212,0.7898780691498246,0.7873726407215634,0.7680050774986639,0.7804124402533656,0.0078414076847936,0.7749735729386892,0.7719344608879493,0.7821088794926004,0.7896405919661733,0.7726972380071363,0.7782709486585098,0.0067244109981487,4,0.7809124244326253,0.7769151993657296,0.790393445872287,0.7877506524396287,0.7687962473572939,0.7809535938935129,0.0077385038650729,IRSUITRYYR,Stacking RL+XGB+Bagging,v_grid_stacking
45.09379453659058,4.0809081630503465,1.1349453926086426,0.007883132638808,1.0,1.0,"{'modelo__final_estimator__C': 1.0, 'modelo__final_estimator__l1_ratio': 1.0}",0.8544617406021735,0.8512262668295538,0.8094029166984804,0.8217077384133771,0.8565343349687864,0.8386665995024742,0.0193414259924778,1,0.8803079787953264,0.8769493625076554,0.8860989485154342,0.8851986347403501,0.8852530736205493,0.8827615996358631,0.0035520933525029,0.1207066178193898,0.1069016751171068,0.1053702774061273,0.0779028862173561,0.1052661684429168,0.1032295250005793,0.013921945476869,4,0.1672420601926963,0.1332682137571037,0.1253710309125996,0.1698003074861612,0.1942399364137368,0.1579843097524595,0.0253547059466149,0.7857142857142857,0.8333333333333334,0.6428571428571429,0.6904761904761905,0.7976190476190477,0.75,0.0714285714285714,1,0.8333333333333334,0.8154761904761905,0.8363095238095238,0.8214285714285714,0.8363095238095238,0.8285714285714285,0.0085432738657186,0.0377142857142857,0.0392596747055524,0.0322773460848774,0.0357583230579531,0.0379173740803621,0.0365854007286061,0.0024266712966983,3,0.0408938221118738,0.0393339075509618,0.0428092626447288,0.0415850534880216,0.0389412416851441,0.040712657496146,0.0014302806661987,0.0719738276990185,0.0749866095340117,0.0614684120660216,0.0679953106682297,0.0723933009184224,0.0697634921771408,0.004712053733925,3,0.0779618543783934,0.0750479320734045,0.0814492753623188,0.0791624838663416,0.0744173728813559,0.0776077837123628,0.0026088724915599,0.7803504619378483,0.8022225191519687,0.7132644880506986,0.7407485174721946,0.7852187179829837,0.7643609409191388,0.0325349190547879,3,0.8069790100773899,0.7959625816252675,0.8132107164729931,0.804467417499821,0.8023243236364561,0.8045888098623856,0.0056498633300605,0.774986638161411,0.771111704970604,0.7836718332442544,0.7910208444681989,0.7728183883469197,0.7787218818382776,0.0075164429536727,3,0.7806246868214465,0.7764489727743444,0.7901119091364623,0.7875062635710707,0.7683391234633885,0.7806061911533424,0.0078196346486882,0.7751057082452432,0.7718023255813954,0.7821088794926004,0.7899048625792812,0.7730936963129378,0.7784030944422916,0.006762486626968,3,0.7812097386937994,0.7768821644478213,0.7906246902976446,0.7878827921112616,0.7690935517970402,0.7811385874695135,0.0077288489039845,IRSUITRYYR,Stacking RL+XGB+Bagging,v_grid_stacking
44.88500185012818,2.904169977688227,-0.0226902961730957,2.313899449985944,10.0,0.0,"{'modelo__final_estimator__C': 10.0, 'modelo__final_estimator__l1_ratio': 0.0}",0.8545030986739967,0.8511721831971697,0.8093965539182001,0.8216997849380265,0.8564388805101087,0.8386421002475004,0.019326891450367,4,0.8805282974221926,0.8764344571969425,0.8854869081422447,0.885399168436374,0.8855157371440023,0.8826729136683513,0.0036592456397987,0.1209327225682976,0.1054836115954059,0.1050120141042979,0.0780142780913719,0.1051489574164099,0.1029183167551566,0.0138612410882623,5,0.1683118271332755,0.130495185339582,0.1190179445142891,0.1714504095021729,0.1955634705915341,0.1569677674161707,0.028174632477969,0.7857142857142857,0.8333333333333334,0.6428571428571429,0.6904761904761905,0.7976190476190477,0.75,0.0714285714285714,1,0.8333333333333334,0.8154761904761905,0.8333333333333334,0.8214285714285714,0.8392857142857143,0.8285714285714286,0.008748177652797,0.0377358490566037,0.0392596747055524,0.0323159784560143,0.0357803824799506,0.0378531073446327,0.0365889984085508,0.0024065871656496,2,0.0408759124087591,0.0393508545167312,0.0427350427350427,0.0415787887918047,0.0390635822136029,0.0407208361331881,0.0013740814993323,0.072013093289689,0.0749866095340117,0.0615384615384615,0.0680351906158357,0.0722761596548004,0.0697699029265597,0.0046753204756036,2,0.0779293069858057,0.0750787779147828,0.08130081300813,0.079151132778893,0.0746525479814692,0.0776225157338161,0.0025000788916745,0.7804172711307933,0.8022225191519687,0.7133981064365886,0.7408153266651396,0.7850182636197603,0.7643742974008501,0.0324642430511475,2,0.8069289015088247,0.7960126901938327,0.8119063526529704,0.8044507146436326,0.803779014278079,0.8046155346554679,0.0051622390119034,0.7751202565473009,0.771111704970604,0.7839390700160342,0.7911544628540887,0.772417479620473,0.7787485948017002,0.0076474379932431,2,0.780524469684316,0.7765491899114748,0.7904793719726073,0.7874728578586938,0.7682723142704436,0.780659640739507,0.007914631807968,0.775237843551797,0.7718023255813954,0.7823731501057083,0.7900369978858351,0.7726972380071363,0.7784295110263744,0.0068884152391984,2,0.7811106339400746,0.7769812692015461,0.7909550394767269,0.7878497571933534,0.7690605179704016,0.7811914435564205,0.0078045166365233,IRSUITRYYR,Stacking RL+XGB+Bagging,v_grid_stacking
43.71455850601196,2.8591033949426228,2.200131607055664,2.122545191748122,10.0,1.0,"{'modelo__final_estimator__C': 10.0, 'modelo__final_estimator__l1_ratio': 1.0}",0.8544887824183656,0.8511817273675906,0.8094092794787611,0.8217093291084473,0.856437289602464,0.8386452815951257,0.019319962972295,3,0.8805019506549906,0.8764180526060433,0.8854710006601605,0.8853658621457603,0.885466226759945,0.8826446185653799,0.0036528406642851,0.1207697734583632,0.1054854861788435,0.1050112796526127,0.0780277976576596,0.1051257463169351,0.1028840166528828,0.0138134004697937,6,0.1682573496556463,0.1300400052553468,0.118973635732313,0.1713139686077089,0.1953229010652899,0.156781572063261,0.0281881872665297,0.7857142857142857,0.8333333333333334,0.6428571428571429,0.6904761904761905,0.7976190476190477,0.75,0.0714285714285714,1,0.8333333333333334,0.8154761904761905,0.8333333333333334,0.8214285714285714,0.8363095238095238,0.8279761904761905,0.0080742023608634,0.0377358490566037,0.0392596747055524,0.0323159784560143,0.0357803824799506,0.0378959276018099,0.0365975624599862,0.002411142249158,1,0.040881880566506,0.0393565067509336,0.0427350427350427,0.0415662650602409,0.038935845919357,0.0406951082064161,0.0014029959879365,0.072013093289689,0.0749866095340117,0.0615384615384615,0.0680351906158357,0.0723542116630669,0.069785513328213,0.0046837851825747,1,0.0779401530967293,0.0750890654973965,0.08130081300813,0.0791284403669724,0.0744075201906527,0.0775731984319762,0.002555033416414,0.7804172711307933,0.8022225191519687,0.7133981064365886,0.7408153266651396,0.7851518998619093,0.76440102464928,0.0324812784091795,1,0.8069456043650132,0.7960293930500211,0.8119063526529704,0.8044173089312558,0.80230762133822,0.8043212560674962,0.0052390807871955,0.7751202565473009,0.771111704970604,0.7839390700160342,0.7911544628540887,0.7726847521047708,0.7788020492985598,0.0076038072200899,1,0.7805578753966929,0.7765825956238517,0.7904793719726073,0.7874060464339402,0.7683057188669161,0.7806663216588016,0.0078891435125108,0.775237843551797,0.7718023255813954,0.7823731501057083,0.7900369978858351,0.7729615435443372,0.7784823721338145,0.0068451013940224,1,0.7811436688579829,0.7770143041194543,0.7909550394767269,0.7877836873575369,0.7690605179704016,0.7811914435564205,0.0077896805518529,IRSUITRYYR,Stacking RL+XGB+Bagging,v_grid_stacking
