target,descripcion,familia,variable,importancia_shap,etiqueta_variable,modulo,posicion
IRAMDEYR,Episodio depresivo mayor,ML,CAMHPROB2,0.26815969065856177,RC-PERCEIVED EVER HAD A MENTAL HEALTH ISSUE,RECODED EMERGING ISSUES,1
IRAMDEYR,Episodio depresivo mayor,ML,LVLDIFMEM2,0.05611825585830957,LEVEL OF DIFFICULTY REMEMBERING OR CONCENTRATING,DEMOGRAPHICS,2
IRAMDEYR,Episodio depresivo mayor,ML,RCVYMHPRB,0.03092339725233614,RC-PERCEIVED RECOVERY FROM MENTAL HEALTH ISSUE,RECODED EMERGING ISSUES,3
IRAMDEYR,Episodio depresivo mayor,ML,PREGST,0.026294358232989916,RC-PREGNANCY STATUS OF FEMALES AGED 12-50,RECODED HEALTH,4
IRAMDEYR,Episodio depresivo mayor,ML,SVYRSUDANY,0.02352870191354304,"RC-SUBSTANCE USE DISORDER SEVERITY, PY USERS",RECODED SUBSTANCE USE DISORDER,5
IRAMDEYR,Episodio depresivo mayor,ML,HEALTH2,0.020784476141445338,RC-OVERALL HEALTH RECODE,RECODED DEMOGRAPHICS,6
IRAMDEYR,Episodio depresivo mayor,ML,LVLDIFCARE2,0.01794166238699109,LEVEL OF DIFFICULTY WITH SELF-CARE,DEMOGRAPHICS,7
IRAMDEYR,Episodio depresivo mayor,ML,TQSDANYFLG,0.012975595921278006,RC-ANY TRANQUILIZERS OR SEDATIVES - EVER USED,RECODED DRUG USE,8
IRAMDEYR,Episodio depresivo mayor,ML,NOMARR2,0.011355058941058815,NUMBER OF TIMES MARRIED,DEMOGRAPHICS,9
IRAMDEYR,Episodio depresivo mayor,ML,LVLDIFCOMM2,0.011279699097387496,LEVEL OF DIFFICULTY COMMUNICATING USING YOUR USUAL LANGUAGE,DEMOGRAPHICS,10
IRAMDEYR,Episodio depresivo mayor,ML,NMERTMT2,0.009883657741360363,# OF TIMES BEEN TREATED IN EMER ROOM PAST 12 MOS,HEALTH,11
IRAMDEYR,Episodio depresivo mayor,ML,SEXAGE,0.008378895609639584,RC-COMBINED SEX BY AGE CATEGORY INDICATOR,RECODED DEMOGRAPHICS,12
IRAMDEYR,Episodio depresivo mayor,ML,CBDHMPFLAG,0.007935557455755771,RC-CBD OR HEMP - EVER USED,RECODED DRUG USE,13
IRAMDEYR,Episodio depresivo mayor,ML,MRJAGLST,0.006554843791760504,HOW OLD WERE YOU THE LAST TIME USED MARIJUANA/CANNABIS,PRIOR SUBSTANCE USE,14
IRAMDEYR,Episodio depresivo mayor,ML,CATAG7,0.006355106166563926,RC-AGE CATEGORY RECODE (7 LEVELS),RECODED DEMOGRAPHICS,15
IRAMDEYR,Episodio depresivo mayor,ML,IRMARIT,0.006226395445875823,IMPUTATION REVISED MARITAL STATUS,IMPUTED DEMOGRAPHICS,16
IRAMDEYR,Episodio depresivo mayor,ML,HALLAGLST,0.002331943632103503,HOW OLD WERE YOU THE LAST TIME USED HALLUCINOGEN,PRIOR SUBSTANCE USE,17
IRAMDEYR,Episodio depresivo mayor,ML,CASUPROB,0.002301953503862022,THINK EVER HAD PROBLEM WITH OWN DRUG OR ALCOHOL USE,EMERGING ISSUES,18
IRAMDEYR,Episodio depresivo mayor,ML,INHLAGLST,0.002234482729807494,HOW OLD WERE YOU THE LAST TIME USED INHALANTS,PRIOR SUBSTANCE USE,19
IRAMDEYR,Episodio depresivo mayor,ML,MRJYLU,0.0021975571662187607,YEAR OF LAST MARIJUANA/CANNABIS USE - RECODE,PRIOR SUBSTANCE USE,20
IRAMDEYR,Episodio depresivo mayor,ML,NMNGTHS2,0.002129083022475241,# NIGHTS STAYED IN HOSPITAL OVERNIGHT OR LONGER,HEALTH,21
IRAMDEYR,Episodio depresivo mayor,ML,IRMCDCHP,0.002056369710713625,MEDICAID/CHIP - IMPUTATION REVISED,IMPUTED HEALTH INSURANCE,22
IRAMDEYR,Episodio depresivo mayor,ML,ILIMFOTHYR,0.0020450301393866543,"RC-ILLICIT DRUG, IMF, OR OTHER SUB - PAST YEAR USE",RECODED EMERGING ISSUES,23
IRAMDEYR,Episodio depresivo mayor,ML,SVYRDUDANY,0.0015945322234183557,"RC-DRUG USE DISORDER SEVERITY, PY USERS",RECODED SUBSTANCE USE DISORDER,24
IRAMDEYR,Episodio depresivo mayor,ML,CASURCVR,0.001132178400643167,THINK IN RECOVERY FROM DRUG OR ALCOHOL PROBLEM,EMERGING ISSUES,25
IRAMDEYR,Episodio depresivo mayor,ML,RKFQDBLT,0.0010408260710537435,WEAR A SEATBELT WHEN YOU DRIVE A CAR,RISK/AVAILABILITY,26
IRAMDEYR,Episodio depresivo mayor,ML,INHOSPYR,0.0010037975152954477,STAYED OVERNIGHT AS INPNT IN HOSP PAST 12 MOS,HEALTH,27
IRAMDEYR,Episodio depresivo mayor,ML,HPDRGTALK,0.0008647974794730584,HEALTH PROF DISCUSSED MY DRUG USE WITH ME,HEALTH,28
IRAMDEYR,Episodio depresivo mayor,ML,ILLEMFLAG2,0.0008522632233798487,RC-ILLICIT DRUG OTHER THAN MARIJUANA - EVER USED,RECODED DRUG USE,29
IRAMDEYR,Episodio depresivo mayor,ML,NICVAPFLAG,0.0007625383520498875,RC-NICOTINE VAPING - EVER USED,RECODED DRUG USE,30
IRAMDEYR,Episodio depresivo mayor,ML,HALLYRLST,0.0005558542385697363,YEAR OF LAST HALLUCINOGEN USE - RECODE,PRIOR SUBSTANCE USE,31
IRAMDEYR,Episodio depresivo mayor,ML,IRPRVHLT,0.0005319880852475748,PRIVATE HEALTH INSURANCE - IMPUTATION REVISED,IMPUTED HEALTH INSURANCE,32
IRAMDEYR,Episodio depresivo mayor,ML,MRJMONVAP2,0.0004776281751692281,"RC-MRJ VAPE, MRJ USE BUT NOT VAPE, OR NO MRJ USE - PAST MON",RECODED DRUG USE,33
IRAMDEYR,Episodio depresivo mayor,ML,HALLMOLST,0.00047000110149383363,MONTH OF LAST HALLUCINOGEN USE - RECODE,PRIOR SUBSTANCE USE,34
IRAMDEYR,Episodio depresivo mayor,ML,MJSMKYR,0.00046501615270972297,RC-MARIJUANA SMOKING - PAST YEAR USE,RECODED DRUG USE,35
IRAMDEYR,Episodio depresivo mayor,ML,FUNICVAP21,0.00043362070061266235,RC-FIRST VAPED NICOTINE PRIOR TO AGE 21,RECODED DRUG USE,36
IRAMDEYR,Episodio depresivo mayor,ML,NICVPMDAYS,0.00042520101834088534,RC-# OF DAYS VAPED NICOTINE IN PAST MONTH,RECODED DRUG USE,37
IRAMDEYR,Episodio depresivo mayor,ML,ILIMFOTHFG,0.00042246302403509643,"RC-ILLICIT DRUG, IMF, OR OTHER SUB - EVER USED",RECODED EMERGING ISSUES,38
IRAMDEYR,Episodio depresivo mayor,ML,ENRLCOLLST2,0.0004103020513430216,RC-COLLEGE ENROLLMENT,RECODED EDUCATION,39
IRAMDEYR,Episodio depresivo mayor,ML,MRJMLU,0.0003978003021329627,MONTH OF LAST MARIJUANA/CANNABIS USE - RECODE,PRIOR SUBSTANCE USE,40
IRAMDEYR,Episodio depresivo mayor,ML,FUMJ21,0.0003777575017884381,RC-FIRST USED MARIJUANA PRIOR TO AGE 21,RECODED DRUG USE,41
IRAMDEYR,Episodio depresivo mayor,ML,MRJMDAYS,0.00022987748868763452,RC-# OF DAYS USED MARIJUANA IN PAST MONTH,RECODED DRUG USE,42
IRAMDEYR,Episodio depresivo mayor,ML,INHLYRLST,0.00021219799574464542,YEAR OF LAST INHALANT USE - RECODE,PRIOR SUBSTANCE USE,43
IRAMDEYR,Episodio depresivo mayor,ML,DRVINHALL,0.00020684853941202217,DROVE UNDER INFLU OF HALLUCINOGENS PAST 12 MOS,SPECIAL TOPICS,44
IRAMDEYR,Episodio depresivo mayor,ML,MRJYDAYS,0.0001525269709527502,RC-# OF DAYS USED MARIJUANA IN PAST YEAR,RECODED DRUG USE,45
IRAMDEYR,Episodio depresivo mayor,ML,ILLFLAG,0.00012612289562821178,RC-ANY ILLICIT DRUG - EVER USED,RECODED DRUG USE,46
IRAMDEYR,Episodio depresivo mayor,ML,DRVINMARJ,0.00012411555740982294,DROVE UNDER INFLUENCE OF MARIJUANA PST 12 MOS,SPECIAL TOPICS,47
IRAMDEYR,Episodio depresivo mayor,ML,TOBVAPONL2,6.031052768230419e-05,RC-NIC VAPING / TOBACCO PRODUCTS ONLY - PAST MONTH USE,RECODED DRUG USE,48
IRAMDEYR,Episodio depresivo mayor,ML,MJVAPFLAG,3.133731335401624e-05,RC-MARIJUANA VAPING - EVER USED,RECODED DRUG USE,49
IRAMDEYR,Episodio depresivo mayor,ML,ILIMFOTHMN,0.0,"RC-ILLICIT DRUG, IMF, OR OTHER SUB - PAST MONTH USE",RECODED EMERGING ISSUES,50
IRAMDEYR,Episodio depresivo mayor,ML,ILLYR,0.0,RC-ANY ILLICIT DRUG - PAST YEAR USE,RECODED DRUG USE,51
IRAMDEYR,Episodio depresivo mayor,ML,IRPYSEV5MRJ,0.0,MARIJUANA USE DISORDER SEVERITY IN THE PAST YEAR - IMP REV,IMPUTED SUBSTANCE USE DISORDER,52
IRAMDEYR,Episodio depresivo mayor,ML,ILLANDALC,0.0,RC-ILLICIT DRUG AND ALCOHOL USE - PAST YEAR USE,RECODED DRUG USE,53
IRAMDEYR,Episodio depresivo mayor,ML,NICVAPYR,0.0,RC-NICOTINE VAPING - PAST YEAR USE,RECODED DRUG USE,54
IRAMDEYR,Episodio depresivo mayor,ML,ILLMON,0.0,RC-ANY ILLICIT DRUG - PAST MONTH USE,RECODED DRUG USE,55
IRAMDEYR,Episodio depresivo mayor,ML,MRJYRBFR,0.0,USE MJ/CANNABIS EVEN ONCE YR BEFORE LAST,PRIOR SUBSTANCE USE,56
IRAMDEYR,Episodio depresivo mayor,ML,MRJFLAG,0.0,RC-MARIJUANA - EVER USED,RECODED DRUG USE,57
IRAMDEYR,Episodio depresivo mayor,ML,FUNICVAP18,0.0,RC-FIRST VAPED NICOTINE PRIOR TO AGE 18,RECODED DRUG USE,58
IRAMDEYR,Episodio depresivo mayor,ML,STMANYFLAG,0.0,RC-ANY STIMULANTS - EVER USED,RECODED DRUG USE,59
IRSUICTHNK,Ideación suicida,DL,CAMHPROB,0.024672063486163843,THINK EVER HAD PROBLEM WITH OWN MENTAL HEALTH,EMERGING ISSUES,1
IRSUICTHNK,Ideación suicida,DL,CAMHPROB2,0.02267725525472522,RC-PERCEIVED EVER HAD A MENTAL HEALTH ISSUE,RECODED EMERGING ISSUES,2
IRSUICTHNK,Ideación suicida,DL,CAMHRCVR,0.01993856431414489,THINK IN RECOVERY FROM MENTAL HEALTH PROBLEM,EMERGING ISSUES,3
IRSUICTHNK,Ideación suicida,DL,COPDAGE,0.010838104185182607,AGE COPD 1ST DIAGNOSED,HEALTH,4
IRSUICTHNK,Ideación suicida,DL,LVLDIFMEM2,0.010206284186523997,LEVEL OF DIFFICULTY REMEMBERING OR CONCENTRATING,DEMOGRAPHICS,5
IRSUICTHNK,Ideación suicida,DL,LVLDIFCARE2,0.008524278949430033,LEVEL OF DIFFICULTY WITH SELF-CARE,DEMOGRAPHICS,6
IRSUICTHNK,Ideación suicida,DL,WRKSKIPMO,0.007859862371412394,# DAYS SKIPPED WORK PAST 30 DAYS,EMPLOYMENT,7
IRSUICTHNK,Ideación suicida,DL,MOVSINPYR2,0.007594435618128859,# TIMES MOVED PAST 12 MONTHS- RECODED,DEMOGRAPHICS,8
IRSUICTHNK,Ideación suicida,DL,SNRLGIMP,0.006711519538300765,MY RELIGIOUS BELIEFS ARE VERY IMPORTANT,SOCIAL ENVIRONMENT,9
IRSUICTHNK,Ideación suicida,DL,HEALTH2,0.005620929978641912,RC-OVERALL HEALTH RECODE,RECODED DEMOGRAPHICS,10
IRSUICTHNK,Ideación suicida,DL,RSKYFQDGR,0.005272249301307377,GET A REAL KICK OUT OF DOING DANGEROUS THINGS,RISK/AVAILABILITY,11
IRSUICTHNK,Ideación suicida,DL,RCVYMHPRB,0.005138718982913277,RC-PERCEIVED RECOVERY FROM MENTAL HEALTH ISSUE,RECODED EMERGING ISSUES,12
IRSUICTHNK,Ideación suicida,DL,IRMARIT,0.0049779192811631266,IMPUTATION REVISED MARITAL STATUS,IMPUTED DEMOGRAPHICS,13
IRSUICTHNK,Ideación suicida,DL,HPUSETOB,0.004905114546883847,HEALTH PROF ASKED PST 12 MOS: TOBACCO USE,HEALTH,14
IRSUICTHNK,Ideación suicida,DL,RSKYFQTES,0.004889270752668387,LIKE TO TEST YOURSELF BY DOING RISKY THINGS,RISK/AVAILABILITY,15
IRSUICTHNK,Ideación suicida,DL,MXMJPNLT,0.004881935436045756,MAX PENALTY FOR 1ST MJ POSS < OUNCE IN YOUR STATE,SPECIAL TOPICS,16
IRSUICTHNK,Ideación suicida,DL,LVLDIFCOMM2,0.004385987188127613,LEVEL OF DIFFICULTY COMMUNICATING USING YOUR USUAL LANGUAGE,DEMOGRAPHICS,17
IRSUICTHNK,Ideación suicida,DL,RSKBNGWK,0.004351844135992011,RISK HAVING 5 OR MORE DRINKS ONCE OR TWICE A WEEK,RISK/AVAILABILITY,18
IRSUICTHNK,Ideación suicida,DL,HEALTH,0.004195992330691318,OVERALL HEALTH,DEMOGRAPHICS,19
IRSUICTHNK,Ideación suicida,DL,SEXRACE,0.004192483098565989,RC-COMBINED SEX BY RACE INDICATOR,RECODED DEMOGRAPHICS,20
IRSUICTHNK,Ideación suicida,DL,EDUSCKCOM,0.004146219167223988,RC - HOW MANY DAYS MISSED SCHOOL FROM SICK (COMBINED),EDUCATION,21
IRSUICTHNK,Ideación suicida,DL,IRHHSIZ2,0.004035995830461684,RECODE - IMPUTATION-REVISED # PERSONS IN HH,IMPUTED HOUSEHOLD COMPOSITION (ROSTER),22
IRSUICTHNK,Ideación suicida,DL,FUALC18,0.003820291501034809,RC-FIRST USED ALCOHOL PRIOR TO AGE 18,RECODED DRUG USE,23
IRSUICTHNK,Ideación suicida,DL,ALCYDAYS,0.0037324253959619834,RC-# OF DAYS USED ALCOHOL IN PAST YEAR,RECODED DRUG USE,24
IRSUICTHNK,Ideación suicida,DL,CBDHMPFLAG,0.003557404617352303,RC-CBD OR HEMP - EVER USED,RECODED DRUG USE,25
IRSUICTHNK,Ideación suicida,DL,ILLALCMON,0.0035011279303523634,RC-ILLICIT DRUG OR ALCOHOL - PAST MONTH USE,RECODED DRUG USE,26
IRSUICTHNK,Ideación suicida,DL,EDUSCKMON,0.0034561229227715916,HOW MANY DAYS MISSED SCHOOL FROM SICK,EDUCATION,27
IRSUICTHNK,Ideación suicida,DL,HPDRGTALK,0.0033471746433705375,HEALTH PROF DISCUSSED MY DRUG USE WITH ME,HEALTH,28
IRSUICTHNK,Ideación suicida,DL,IRPINC3,0.0033140660669802122,RECODE -RESP TOT INCOME - IMPUTATION REVISED,IMPUTED INCOME,29
IRSUICTHNK,Ideación suicida,DL,WRKRSNJOB,0.0033006591987692043,REASON FOR NOT HAVING A JOB - PAST WK,EMPLOYMENT,30
IRSUICTHNK,Ideación suicida,DL,EDUSCHLGO,0.0032799587694091383,NOW GOING TO SCHOOL,EDUCATION,31
IRSUICTHNK,Ideación suicida,DL,LVLDIFHEAR2,0.0032735466243466317,LEVEL OF DIFFICULTY HEARING EVEN WITH HEARING AIDS,DEMOGRAPHICS,32
IRSUICTHNK,Ideación suicida,DL,NEWRACE2,0.0032225168972517277,RC-RACE/HISPANICITY RECODE (7 LEVELS),RECODED DEMOGRAPHICS,33
IRSUICTHNK,Ideación suicida,DL,UD5ILALANY,0.003220911004289621,RC-DRUG OR ALCOHOL USE DISORDER - PAST YEAR USERS,RECODED SUBSTANCE USE DISORDER,34
IRSUICTHNK,Ideación suicida,DL,SNRLFRND,0.003140611957875176,IT IS IMPORTANT THAT MY FRIENDS SHARE REL BELIEFS,SOCIAL ENVIRONMENT,35
IRSUICTHNK,Ideación suicida,DL,DIFGETHER,0.0031277003223087133,HOW DIFFICULT TO GET HEROIN,RISK/AVAILABILITY,36
IRSUICTHNK,Ideación suicida,DL,TELEAPTYR,0.003068676361048324,TALK TO DOC ABOUT HEALTH OVER PHONE/EMAIL/VIDEO PST 12 MOS,HEALTH,37
IRSUICTHNK,Ideación suicida,DL,TOBALCYR,0.00302510734031026,RC-TOBACCO PRODUCT OR ALCOHOL - PAST YEAR USE,RECODED DRUG USE,38
IRSUICTHNK,Ideación suicida,DL,ILLANDALC,0.0030065308764596383,RC-ILLICIT DRUG AND ALCOHOL USE - PAST YEAR USE,RECODED DRUG USE,39
IRSUICTHNK,Ideación suicida,DL,MJVAPFLAG,0.0029723837539199012,RC-MARIJUANA VAPING - EVER USED,RECODED DRUG USE,40
IRSUICTHNK,Ideación suicida,DL,BOOKED,0.0029611275085834154,EVER ARRESTED AND BOOKED FOR BREAKING THE LAW,SPECIAL TOPICS,41
IRSUICTHNK,Ideación suicida,DL,RKFQPBLT,0.0029373750593514724,WEAR A SEATBELT WHEN RIDE FRONT PASS SEAT OF CAR,RISK/AVAILABILITY,42
IRSUICTHNK,Ideación suicida,DL,MRJYRBFR,0.0028754169645253736,USE MJ/CANNABIS EVEN ONCE YR BEFORE LAST,PRIOR SUBSTANCE USE,43
IRSUICTHNK,Ideación suicida,DL,DIFGETCOC,0.002843825345742521,HOW DIFFICULT TO GET COCAINE,RISK/AVAILABILITY,44
IRSUICTHNK,Ideación suicida,DL,ALCNUMDKPM,0.0028336358954140746,RC-NUMBER OF ALC BEVS DRANK PER USER IN PAST MONTH,RECODED DRUG USE,45
IRSUICTHNK,Ideación suicida,DL,CATAG3,0.002709381473017858,RC-AGE CATEGORY RECODE (5 LEVELS),RECODED DEMOGRAPHICS,46
IRSUICTHNK,Ideación suicida,DL,CIGARYLU,0.002688939878717065,YEAR OF LAST CIGAR/CIGARILLO USE - RECODE,PRIOR SUBSTANCE USE,47
IRSUICTHNK,Ideación suicida,DL,SVYRSUDANY,0.002684398451996598,"RC-SUBSTANCE USE DISORDER SEVERITY, PY USERS",RECODED SUBSTANCE USE DISORDER,48
IRSUICTHNK,Ideación suicida,DL,IRFAMIN3,0.002663367843575557,RECODE - TOT FAM INCOME - IMPUTATION REVISED,IMPUTED INCOME,49
IRSUICTHNK,Ideación suicida,DL,ALCMDAYS,0.0026449580864389703,RC-# OF DAYS USED ALCOHOL IN PAST MONTH,RECODED DRUG USE,50
IRSUICTHNK,Ideación suicida,DL,IRKI17_2,0.00263012575684115,RECODE - IMPUTATION-REVISED # KIDS AGED<18 IN HH,IMPUTED HOUSEHOLD COMPOSITION (ROSTER),51
IRSUICTHNK,Ideación suicida,DL,WRKSICKMO,0.002584569448399189,# DAYS MISSED WORK FOR INJURY/ILLNESS PAST 30 DAYS,EMPLOYMENT,52
IRSUICTHNK,Ideación suicida,DL,DIFOBTHER,0.0025578833203949553,RC-HEROIN FAIRLY OR VERY EASY TO OBTAIN,RECODED RISK/AVAILABILITY,53
IRSUICTHNK,Ideación suicida,DL,AGE3,0.002557171107618126,RECODE - FINAL EDITED AGE,DEMOGRAPHICS,54
IRSUICTHNK,Ideación suicida,DL,FUMJ18,0.0025544684703801292,RC-FIRST USED MARIJUANA PRIOR TO AGE 18,RECODED DRUG USE,55
IRSUICTHNK,Ideación suicida,DL,CATAG7,0.002549047319972516,RC-AGE CATEGORY RECODE (7 LEVELS),RECODED DEMOGRAPHICS,56
IRSUICTHNK,Ideación suicida,DL,RSKLSDTRY,0.0025318965527694683,RISK TRYING LSD ONCE OR TWICE,RISK/AVAILABILITY,57
IRSUICTHNK,Ideación suicida,DL,NONABOVEV2,0.002520828399108723,NEVER HAD ANY OF THESE CONDITIONS,HEALTH,58
IRSUICTHNK,Ideación suicida,DL,RSKLSDWK,0.0025010907700252993,RISK USING LSD ONCE OR TWICE A WEEK,RISK/AVAILABILITY,59
IRSUICTHNK,Ideación suicida,DL,CIGNOINF,0.0024592462481929094,SMOKING NOT AFFECTED BY OTHER THINGS,NICOTINE DEPENDENCE,60
IRSUICTHNK,Ideación suicida,DL,WRKNUMJOB2,0.0024173752653067733,"PAST 12 MOS, HOW MANY EMPLOYERS",EMPLOYMENT,61
IRSUICTHNK,Ideación suicida,DL,WRKSTATWK2,0.0024040684488576144,WORK SITUATION IN PAST WEEK - RECODE,EMPLOYMENT,62
IRSUICTHNK,Ideación suicida,DL,EDUSKPCOM,0.002393498148247395,RC - HOW MANY DAYS MISSED SCHOOL FROM SKIPPING (COMBINED),EDUCATION,63
IRSUICTHNK,Ideación suicida,DL,SNAFLMJTRY,0.0023833182371825173,HOW YOU FEEL ABOUT ADULTS TRYING MJ/CANNABIS,SOCIAL ENVIRONMENT,64
IRSUICTHNK,Ideación suicida,DL,MRJYLU,0.002355064599158377,YEAR OF LAST MARIJUANA/CANNABIS USE - RECODE,PRIOR SUBSTANCE USE,65
IRSUICTHNK,Ideación suicida,DL,NOBOOKY2,0.0023507360234224658,# TIMES ARRESTED AND BOOKED PAST 12 MONTHS,SPECIAL TOPICS,66
IRSUICTHNK,Ideación suicida,DL,ALCMLU,0.0023436061987304135,MONTH OF LAST ALCOHOL USE - RECODE,PRIOR SUBSTANCE USE,67
IRSUICTHNK,Ideación suicida,DL,SNRLDCSN,0.002340511163615568,MY RELIGIOUS BELIEFS INFLUENCE MY DECISIONS,SOCIAL ENVIRONMENT,68
IRSUICTHNK,Ideación suicida,DL,CIGYRBFR,0.0023396734248915434,SMOKE ALL OR PART OF CIGARETTE IN YR BEFORE LAST,PRIOR SUBSTANCE USE,69
IRSUICTHNK,Ideación suicida,DL,STMANYFLAG,0.0023362192069413703,RC-ANY STIMULANTS - EVER USED,RECODED DRUG USE,70
IRSUICTHNK,Ideación suicida,DL,GRSKCIGPKD,0.002325843110796996,RC-GREAT RISK:  SMOKE 1+ PACKS CIGARETTES PER DAY,RECODED RISK/AVAILABILITY,71
IRSUICTHNK,Ideación suicida,DL,CIGFLAG,0.0022945964213389462,RC-CIGARETTES - EVER USED,RECODED DRUG USE,72
IRSUICTHNK,Ideación suicida,DL,ILTOBALCFG,0.002259906130842867,"RC-ILLICIT DRUG, TOBACCO PRD, OR ALCOHOL - EVER USED",RECODED DRUG USE,73
IRSUICTHNK,Ideación suicida,DL,ILLEMFLAG2,0.0022587563095149183,RC-ILLICIT DRUG OTHER THAN MARIJUANA - EVER USED,RECODED DRUG USE,74
IRSUICTHNK,Ideación suicida,DL,LVLDIFSEE2,0.002237902280047028,LEVEL OF DIFFICULTY SEEING EVEN WITH GLASSES,DEMOGRAPHICS,75
IRSUICTHNK,Ideación suicida,DL,MRJYDAYS,0.0022346704029466537,RC-# OF DAYS USED MARIJUANA IN PAST YEAR,RECODED DRUG USE,76
IRSUICTHNK,Ideación suicida,DL,HLTINMNT,0.0021822498284391036,PRIVATE INSURANCE COVERS TRMT FOR MENTAL/EMOTIONAL PROBLEMS,HEALTH INSURANCE,77
IRSUICTHNK,Ideación suicida,DL,CADRKMARJ2,0.0021556935627906806,RC-USED MARIJUANA WITH LAST ALCOHOL USE,RECODED CONSUMPTION OF ALCOHOL,78
IRSUICTHNK,Ideación suicida,DL,NMNGTHS2,0.0021070658521928154,# NIGHTS STAYED IN HOSPITAL OVERNIGHT OR LONGER,HEALTH,79
IRSUICTHNK,Ideación suicida,DL,IRPYSEV5ALC,0.002106674707727507,ALCOHOL USE DISORDER SEVERITY IN THE PAST YEAR - IMP REV,IMPUTED SUBSTANCE USE DISORDER,80
IRSUICTHNK,Ideación suicida,DL,NOMARR2,0.0021023041277658176,NUMBER OF TIMES MARRIED,DEMOGRAPHICS,81
IRSUICTHNK,Ideación suicida,DL,INCOME,0.0020947279369197313,RC-TOTAL FAMILY INCOME RECODE,RECODED INCOME,82
IRSUICTHNK,Ideación suicida,DL,HLTINALC,0.002090787218126967,PRIVATE INSURANCE COVERS TRMT FOR ALCOHOL ABUSE/ALCOHOLISM,HEALTH INSURANCE,83
IRSUICTHNK,Ideación suicida,DL,GRSKCOCMON,0.0020744637819007125,RC-GREAT RISK:  USE COCAINE ONCE A MONTH,RECODED RISK/AVAILABILITY,84
IRSUICTHNK,Ideación suicida,DL,MRJMLU,0.00201402003116944,MONTH OF LAST MARIJUANA/CANNABIS USE - RECODE,PRIOR SUBSTANCE USE,85
IRSUICTHNK,Ideación suicida,DL,POVERTY3,0.002002391416443354,RC-POVERTY LEVEL (% OF US CENSUS POVERTY THRESHOLD),RECODED INCOME,86
IRSUICTHNK,Ideación suicida,DL,EDUFULPAR,0.0019985044264467454,FULL OR PART TIME,EDUCATION,87
IRSUICTHNK,Ideación suicida,DL,NICVAPFLAG,0.001966468540633784,RC-NICOTINE VAPING - EVER USED,RECODED DRUG USE,88
IRSUICTHNK,Ideación suicida,DL,EDUSCHGRD2,0.001963438357336317,WHAT GRADE IN NOW/WILL BE IN,EDUCATION,89
IRSUICTHNK,Ideación suicida,DL,EDUHIGHCAT,0.0019580384999280847,RC-EDUCATION CATEGORIES,RECODED DEMOGRAPHICS,90
IRSUICTHNK,Ideación suicida,DL,ILLYR,0.0019173337914585524,RC-ANY ILLICIT DRUG - PAST YEAR USE,RECODED DRUG USE,91
IRSUICTHNK,Ideación suicida,DL,WRKNJBPYR,0.0019005098433565548,"PAST 12 MOS, TIME WITH NO JOB",EMPLOYMENT,92
IRSUICTHNK,Ideación suicida,DL,CIGSATIS,0.0018856553918625229,NEED TO SMOKE A LOT MORE TO BE SATISFIED,NICOTINE DEPENDENCE,93
IRSUICTHNK,Ideación suicida,DL,GRSKBNGDLY,0.0018649627150568034,RC-GREAT RISK:  HAVE 4-5 ALC DRINKS PER DAY,RECODED RISK/AVAILABILITY,94
IRSUICTHNK,Ideación suicida,DL,TOBALCFLG,0.0018536824796406962,RC-TOBACCO PRODUCT OR ALCOHOL - EVER USED,RECODED DRUG USE,95
IRSUICTHNK,Ideación suicida,DL,GOVTPROG,0.0018530815937556303,RC-PARTICIPATED IN ONE OR MORE GOVT ASSIST PROGRAMS,RECODED INCOME,96
IRSUICTHNK,Ideación suicida,DL,CIGINCTL,0.0018413567733977115,FEEL A SENSE OF CONTROL OVER YOUR SMOKING,NICOTINE DEPENDENCE,97
IRSUICTHNK,Ideación suicida,DL,NICVPMDAYS,0.0017894983892328996,RC-# OF DAYS VAPED NICOTINE IN PAST MONTH,RECODED DRUG USE,98
IRSUICTHNK,Ideación suicida,DL,GRSKLSDTRY,0.0017853764740482104,RC-GREAT RISK:  TRYING LSD ONCE OR TWICE,RECODED RISK/AVAILABILITY,99
IRSUICTHNK,Ideación suicida,DL,HRTCONDAG,0.0017736861361190683,AGE HEART CONDITION 1ST DIAGNOSED,HEALTH,100
IRSUICTHNK,Ideación suicida,DL,PSYCHFLAG,0.0017346528624184402,RC-ANY PSYCHOTHERAPEUTICS - EVER MISUSED,RECODED DRUG USE,101
IRSUICTHNK,Ideación suicida,DL,IREDUHIGHST2,0.0017340259332554533,EDUCATION - RECODED IMPUTATION REVISED,IMPUTED DEMOGRAPHICS,102
IRSUICTHNK,Ideación suicida,DL,PNRANYYR2,0.0017173156301723822,RC-ANY PAIN RELIEVER - PAST YEAR USE,RECODED DRUG USE,103
IRSUICTHNK,Ideación suicida,DL,DRVINMARJ,0.0017053878320839413,DROVE UNDER INFLUENCE OF MARIJUANA PST 12 MOS,SPECIAL TOPICS,104
IRSUICTHNK,Ideación suicida,DL,CAIDCHIP,0.0016903965555830488,COVERED BY MEDICAID/CHIP,HEALTH INSURANCE,105
IRSUICTHNK,Ideación suicida,DL,PREGST,0.001678578683990053,RC-PREGNANCY STATUS OF FEMALES AGED 12-50,RECODED HEALTH,106
IRSUICTHNK,Ideación suicida,DL,IRSEX,0.0016722514647465566,RESPONDENT SEX - IMPUTATION REVISED,IMPUTED DEMOGRAPHICS,107
IRSUICTHNK,Ideación suicida,DL,INHOSPYR,0.0016277063665911535,STAYED OVERNIGHT AS INPNT IN HOSP PAST 12 MOS,HEALTH,108
IRSUICTHNK,Ideación suicida,DL,DIFGETMRJ,0.0016078560431488356,HOW DIFFICULT TO GET MARIJUANA,RISK/AVAILABILITY,109
IRSUICTHNK,Ideación suicida,DL,NICVAPYR,0.0016026529562098322,RC-NICOTINE VAPING - PAST YEAR USE,RECODED DRUG USE,110
IRSUICTHNK,Ideación suicida,DL,HPALCAMT2,0.001589465435029337,DOCTOR ASKED HOW MUCH YOU DRINK,HEALTH,111
IRSUICTHNK,Ideación suicida,DL,SEDANYFLAG,0.001588520709890872,RC-ANY SEDATIVES - EVER USED,RECODED DRUG USE,112
IRSUICTHNK,Ideación suicida,DL,GRSKHERWK,0.0015730176857906505,RC-GREAT RISK:  USE HEROIN 1-2 TIMES PER WEEK,RECODED RISK/AVAILABILITY,113
IRSUICTHNK,Ideación suicida,DL,DIFGETLSD,0.0015726305158322463,HOW DIFFICULT TO GET LSD,RISK/AVAILABILITY,114
IRSUICTHNK,Ideación suicida,DL,TELEAPTYR2,0.001570549918042926,RC-TALK TO DOC ABOUT VIRTUAL SERVICE TREATMENT-PAST YEAR,RECODED HEALTH,115
IRSUICTHNK,Ideación suicida,DL,WRKDPSTWK,0.001561170536555166,WORK AT JOB LAST WEEK,EMPLOYMENT,116
IRSUICTHNK,Ideación suicida,DL,WRKNJBWKS,0.0015593590293024116,HOW MANY WKS W/O JOB IN PAST 12 MOS,EMPLOYMENT,117
IRSUICTHNK,Ideación suicida,DL,TQSDANYYR,0.0015578898675739853,RC-ANY TRANQUILIZERS OR SEDATIVES - PAST YEAR USE,RECODED DRUG USE,118
IRSUICTHNK,Ideación suicida,DL,CIGNMCHG,0.0015537043001064112,NUMBER OF CIGS SMOKE PER DAY OFTEN CHANGES,NICOTINE DEPENDENCE,119
IRSUICTHNK,Ideación suicida,DL,FUNICVAP21,0.001551069030311758,RC-FIRST VAPED NICOTINE PRIOR TO AGE 21,RECODED DRUG USE,120
IRSUICTHNK,Ideación suicida,DL,CASUPROB2,0.0015294150656723962,RC-PERCEIVED EVER HAD DRUG OR ALCOHOL USE PROBLEM,RECODED EMERGING ISSUES,121
IRSUICTHNK,Ideación suicida,DL,MRJAGLST,0.0015245637832178866,HOW OLD WERE YOU THE LAST TIME USED MARIJUANA/CANNABIS,PRIOR SUBSTANCE USE,122
IRSUICTHNK,Ideación suicida,DL,OTHINS,0.001520870401058345,"RC-HEALTH INSURANCE OTHER THAN PRIVATE, MEDICAID/CHIP",RECODED HEALTH INSURANCE,123
IRSUICTHNK,Ideación suicida,DL,HPQTTOB,0.0015105162910767891,HEALTH PROF ADVISED YOU TO QUIT TOBACCO USE,HEALTH,124
IRSUICTHNK,Ideación suicida,DL,HLTINDRG,0.0015049361145967693,PRIVATE INSURANCE COVERS TRMT FOR DRUG ABUSE,HEALTH INSURANCE,125
IRSUICTHNK,Ideación suicida,DL,IRPYUD5ALC,0.0015030635331217113,ALCOHOL USE DISORDER IN THE PAST YEAR - IMP REV,IMPUTED SUBSTANCE USE DISORDER,126
IRSUICTHNK,Ideación suicida,DL,CIGLOTMR,0.001498400127980857,SMOKE MUCH MORE NOW BEFORE FEEL ANYTHING,NICOTINE DEPENDENCE,127
IRSUICTHNK,Ideación suicida,DL,CIGREGNM,0.0014919918582592107,SMOKE SAME NUMBER OF CIGS FROM DAY TO DAY,NICOTINE DEPENDENCE,128
IRSUICTHNK,Ideación suicida,DL,PREGAGE2,0.0014682491240136887,RC-PREGNANCY AGE CATEGORY RECODE,RECODED DEMOGRAPHICS,129
IRSUICTHNK,Ideación suicida,DL,MEDICARE,0.0014670180234186312,COVERED BY MEDICARE,HEALTH INSURANCE,130
IRSUICTHNK,Ideación suicida,DL,DIFGETCRK,0.0014639466439836995,"HOW DIFFICULT TO GET ""CRACK""",RISK/AVAILABILITY,131
IRSUICTHNK,Ideación suicida,DL,UD5ILLANY,0.0014586647548564299,RC-DRUG USE DISORDER - PAST YEAR USERS,RECODED SUBSTANCE USE DISORDER,132
IRSUICTHNK,Ideación suicida,DL,ILIMFOTHYR,0.0014496469207418395,"RC-ILLICIT DRUG, IMF, OR OTHER SUB - PAST YEAR USE",RECODED EMERGING ISSUES,133
IRSUICTHNK,Ideación suicida,DL,HPUSEALC,0.001447503379069967,HEALTH PROF ASKED PST 12 MOS: ALCOHOL USE,HEALTH,134
IRSUICTHNK,Ideación suicida,DL,SVYRDUDANY,0.001444489495828822,"RC-DRUG USE DISORDER SEVERITY, PY USERS",RECODED SUBSTANCE USE DISORDER,135
IRSUICTHNK,Ideación suicida,DL,FUINHAL182,0.0014305906890658643,RC-FIRST USED INHALANTS PRIOR TO AGE 18,RECODED DRUG USE,136
IRSUICTHNK,Ideación suicida,DL,MRJFLAG,0.0014262521250311114,RC-MARIJUANA - EVER USED,RECODED DRUG USE,137
IRSUICTHNK,Ideación suicida,DL,WRKLASTYR2,0.001420494092395484,WHAT YEAR LAST WORKED,EMPLOYMENT,138
IRSUICTHNK,Ideación suicida,DL,HPALCFRQ2,0.0014032064363676663,DOCTOR ASKED HOW OFTEN YOU DRINK,HEALTH,139
IRSUICTHNK,Ideación suicida,DL,MJEATYR,0.0013914151303828768,RC-MARIJUANA EATING OR DRINKING - PAST YEAR USE,RECODED DRUG USE,140
IRSUICTHNK,Ideación suicida,DL,MJONLYFLAG2,0.0013814037617412391,RC-MARIJUANA ONLY - EVER USED,RECODED DRUG USE,141
IRSUICTHNK,Ideación suicida,DL,CIGYLU,0.0013675902133109086,YEAR OF LAST CIGARETTE USE - RECODE,PRIOR SUBSTANCE USE,142
IRSUICTHNK,Ideación suicida,DL,IRHH65_2,0.0013665373777039316,REC - IMPUTATION-REVISED # OF PER IN HH AGED>=65,IMPUTED HOUSEHOLD COMPOSITION (ROSTER),143
IRSUICTHNK,Ideación suicida,DL,HPALCNOT2,0.001363804945856207,DOCTOR DIDNT DISCUSS MY ALCOHOL USE WITH ME,HEALTH,144
IRSUICTHNK,Ideación suicida,DL,ILLALCFLG,0.001360944611718878,RC-ILLICIT DRUG OR ALCOHOL - EVER USED,RECODED DRUG USE,145
IRSUICTHNK,Ideación suicida,DL,ALCYRBFR,0.0013542623716639355,HAVE ALCOHOLIC BEVERAGE IN YEAR BEFORE LAST,PRIOR SUBSTANCE USE,146
IRSUICTHNK,Ideación suicida,DL,IRWRKSTAT18,0.0013524846098159071,Situación laboral (18+),IMPUTED EMPLOYMENT,147
IRSUICTHNK,Ideación suicida,DL,TOBVNICYR,0.0013500824696966816,RC-ANY TOBACCO PRODUCTS OR NICOTINE VAPING - PAST YEAR USE,RECODED DRUG USE,148
IRSUICTHNK,Ideación suicida,DL,COCYLU,0.0013442900157533608,YEAR OF LAST COCAINE USE - RECODE,PRIOR SUBSTANCE USE,149
IRSUICTHNK,Ideación suicida,DL,MJSMKMON,0.0013428811082344565,RC-MARIJUANA SMOKING - PAST MONTH USE,RECODED DRUG USE,150
IRSUICTHNK,Ideación suicida,DL,CIGSVLHR,0.0013424940654887215,"HAVE MANY CIGS IN HR, THEN NO CIGS TIL HRS LATER",NICOTINE DEPENDENCE,151
IRSUICTHNK,Ideación suicida,DL,HALLMOLST,0.0013423718248508356,MONTH OF LAST HALLUCINOGEN USE - RECODE,PRIOR SUBSTANCE USE,152
IRSUICTHNK,Ideación suicida,DL,DRVINALON,0.0013408452689399985,DROVE UNDER INFLUENCE OF ONLY ALCOHOL PST 12 MOS,SPECIAL TOPICS,153
IRSUICTHNK,Ideación suicida,DL,CGRFLAG,0.0013397438554941285,RC-CIGARS - EVER USED,RECODED DRUG USE,154
IRSUICTHNK,Ideación suicida,DL,WRKDHRSWK2,0.001335587322364676,HOW MANY HOURS WORKED LAST WEEK,EMPLOYMENT,155
IRSUICTHNK,Ideación suicida,DL,IRMCDCHP,0.001335547738708607,MEDICAID/CHIP - IMPUTATION REVISED,IMPUTED HEALTH INSURANCE,156
IRSUICTHNK,Ideación suicida,DL,WTANSWER,0.001331208779010927,PREFERRED WAY TO REPORT WEIGHT,HEALTH,157
IRSUICTHNK,Ideación suicida,DL,CIGWAKE,0.0013190830230588434,HOW SOON AFTER WAKING DO YOU HAVE YOUR FIRST CIG,NICOTINE DEPENDENCE,158
IRSUICTHNK,Ideación suicida,DL,STMANYYR,0.0013130373188843128,RC-ANY STIMULANTS - PAST YEAR USE,RECODED DRUG USE,159
IRSUICTHNK,Ideación suicida,DL,ILTOBALCMN,0.001297067460720428,"RC-ILLICIT DRUG, TOBACCO PRD, OR ALC - PAST MONTH USE",RECODED DRUG USE,160
IRSUICTHNK,Ideación suicida,DL,DRVINALCO,0.0012918752620584763,DROVE UNDER INFLUENCE OF ALCOHOL PST 12 MOS,SPECIAL TOPICS,161
IRSUICTHNK,Ideación suicida,DL,TOBALCMN,0.0012903826909361708,RC-TOBACCO PRODUCT OR ALCOHOL - PAST MONTH USE,RECODED DRUG USE,162
IRSUICTHNK,Ideación suicida,DL,CIGARMLU,0.0012834679699716678,MONTH OF LAST CIGAR/CIGARILLO USE - RECODE,PRIOR SUBSTANCE USE,163
IRSUICTHNK,Ideación suicida,DL,ILLMON,0.0012582846624870359,RC-ANY ILLICIT DRUG - PAST MONTH USE,RECODED DRUG USE,164
IRSUICTHNK,Ideación suicida,DL,TRQANYFLAG,0.0012579463859801008,RC-ANY TRANQUILIZERS - EVER USED,RECODED DRUG USE,165
IRSUICTHNK,Ideación suicida,DL,HPUSEDRG,0.0012560638058986076,HEALTH PROF ASKED PST 12 MOS: DRUG USE,HEALTH,166
IRSUICTHNK,Ideación suicida,DL,WRK35WKUS,0.001252910767070746,USUALLY WORK 35 OR MORE HRS PER WEEK,EMPLOYMENT,167
IRSUICTHNK,Ideación suicida,DL,HPALCPRB2,0.0012520127013647654,DOCTOR ASKED IF ANY DRINKING PROBS,HEALTH,168
IRSUICTHNK,Ideación suicida,DL,TOBVNICMON,0.0012511351417147385,RC-ANY TOBACCO PRODUCTS OR NICOTINE VAPING - PAST MONTH USE,RECODED DRUG USE,169
IRSUICTHNK,Ideación suicida,DL,SPEAKENGL,0.0012456485608126986,HOW WELL SPEAK ENGLISH,DEMOGRAPHICS,170
IRSUICTHNK,Ideación suicida,DL,IRFSTAMP,0.00122699111795883,RESP/OTH FAM MEM REC FOOD STAMPS - IMPUTATION REVISED,IMPUTED INCOME,171
IRSUICTHNK,Ideación suicida,DL,ENRLCOLLST2,0.0012244686705639106,RC-COLLEGE ENROLLMENT,RECODED EDUCATION,172
IRSUICTHNK,Ideación suicida,DL,HLCNOTMO,0.0012143884673714621,"PAST 12 MOS, HOW MANY MOS W/O COVERAGE",HEALTH INSURANCE,173
IRSUICTHNK,Ideación suicida,DL,TOBYR,0.0012032807393551495,RC-ANY TOBACCO - PAST YEAR USE,RECODED DRUG USE,174
IRSUICTHNK,Ideación suicida,DL,CIGCRAGP,0.001199159456009509,CRAVING OF CIGS LIKE STRONG FORCE CAN'T CONTROL,NICOTINE DEPENDENCE,175
IRSUICTHNK,Ideación suicida,DL,GRSKLSDWK,0.0011959742255276053,RC-GREAT RISK:  USE LSD 1-2 TIMES PER WEEK,RECODED RISK/AVAILABILITY,176
IRSUICTHNK,Ideación suicida,DL,FUCD221,0.0011951468386687306,RC-FIRST USED CIGARETTES DAILY PRIOR TO AGE 21,RECODED DRUG USE,177
IRSUICTHNK,Ideación suicida,DL,FUCGR18,0.0011950875837355845,RC-FIRST USED CIGARS PRIOR TO AGE 18,RECODED DRUG USE,178
IRSUICTHNK,Ideación suicida,DL,RSKMRJWK,0.0011945973404217502,RISK SMOKING MARIJUANA ONCE OR TWICE A WEEK,RISK/AVAILABILITY,179
IRSUICTHNK,Ideación suicida,DL,CIGIRTBL,0.001192943881054877,NEED TO SMOKE TO FEEL LESS IRRITABLE,NICOTINE DEPENDENCE,180
IRSUICTHNK,Ideación suicida,DL,DIFOBTCOC,0.0011867172844799323,RC-COCAINE FAIRLY OR VERY EASY TO OBTAIN,RECODED RISK/AVAILABILITY,181
IRSUICTHNK,Ideación suicida,DL,CATAG6,0.0011830809051170744,RC-AGE CATEGORY RECODE (6 LEVELS),RECODED DEMOGRAPHICS,182
IRSUICTHNK,Ideación suicida,DL,GRSKMRJMON,0.001175383027763578,RC-GREAT RISK:  USE MARIJUANA ONCE A MONTH,RECODED RISK/AVAILABILITY,183
IRSUICTHNK,Ideación suicida,DL,OPIANYYR2,0.0011606923134531808,RC-ANY OPIOIDS (RX OPIOIDS OR HEROIN) - PAST YEAR USE,RECODED DRUG USE,184
IRSUICTHNK,Ideación suicida,DL,NITOXIEVER2,0.0011602278943901214,"RC-EVER INHALED NITROUS OXIDE OR ""WHIPPITS""",RECODED DRUG USE,185
IRSUICTHNK,Ideación suicida,DL,WRKDPSTYR,0.0011565369100896756,"PAST 12 MOS, WORKED AT ANY JOB",EMPLOYMENT,186
IRSUICTHNK,Ideación suicida,DL,HPALCCUT2,0.0011518434080644516,DOCTOR ADVISED YOU TO CUT DOWN ON DRINKING,HEALTH,187
IRSUICTHNK,Ideación suicida,DL,DRVINAGE,0.001137206319952384,RC-DUI AGE CATEGORY RECODE,RECODED DEMOGRAPHICS,188
IRSUICTHNK,Ideación suicida,DL,HIGHBPMED,0.0011321187210269284,TAKING MEDS FOR HIGH BLOOD PRESSURE,HEALTH,189
IRSUICTHNK,Ideación suicida,DL,EDUSKPMON,0.0011281400381157563,HOW MANY DAYS MISSED SCHOOL FROM SKIPPING,EDUCATION,190
IRSUICTHNK,Ideación suicida,DL,EDFAM18,0.0011267459468800528,RC-EDITED INDICATOR: FAMILY IN HH 18 OR OLDER,HOUSEHOLD COMPOSITION (ROSTER),191
IRSUICTHNK,Ideación suicida,DL,CIGREGWK,0.0011191913471874794,SMOKE SAME AMOUNT ON WEEKENDS AS ON WEEKDAYS,NICOTINE DEPENDENCE,192
IRSUICTHNK,Ideación suicida,DL,CIGCRAVE,0.0011178505201283964,START TO CRAVE CIGS WHEN DON'T SMOKE FOR FEW HRS,NICOTINE DEPENDENCE,193
IRSUICTHNK,Ideación suicida,DL,DRVINHALL,0.0011139652716228741,DROVE UNDER INFLU OF HALLUCINOGENS PAST 12 MOS,SPECIAL TOPICS,194
IRSUICTHNK,Ideación suicida,DL,CDNOCGMO,0.0011131969722919205,RC-EVER USED CIG DAILY AND NO PAST MONTH CIG USE,RECODED DRUG USE,195
IRSUICTHNK,Ideación suicida,DL,RCVYSUBPRB,0.0011106046263314206,RC-PERCEIVED RECOVERY FROM DRUG OR ALCOHOL USE PROBLEM,RECODED EMERGING ISSUES,196
IRSUICTHNK,Ideación suicida,DL,COCMLU,0.001083671508459558,MONTH OF LAST COCAINE USE - RECODE,PRIOR SUBSTANCE USE,197
IRSUICTHNK,Ideación suicida,DL,RSKBNGDLY,0.0010704299372155716,RISK HAVING 4 OR 5 DRINKS NEARLY EVERY DAY,RISK/AVAILABILITY,198
IRSUICTHNK,Ideación suicida,DL,HALLAGLST,0.0010534199115731144,HOW OLD WERE YOU THE LAST TIME USED HALLUCINOGEN,PRIOR SUBSTANCE USE,199
IRSUICTHNK,Ideación suicida,DL,CIGMDAYS,0.0010431452912744148,RC-# OF DAYS USED CIGARETTES IN PAST MONTH,RECODED DRUG USE,200
IRSUICTHNK,Ideación suicida,DL,ACTD2001,0.0010386390239000346,SEPTEMBER 2001 OR LATER,DEMOGRAPHICS,201
IRSUICTHNK,Ideación suicida,DL,CIGINCRS,0.0010356077296892038,AMOUNT OF SMOKING HAS INCR. SINCE STARTED SMOKING,NICOTINE DEPENDENCE,202
IRSUICTHNK,Ideación suicida,DL,CRKAGLST,0.0010353957154610222,HOW OLD WERE YOU THE LAST TIME USED CRACK,PRIOR SUBSTANCE USE,203
IRSUICTHNK,Ideación suicida,DL,CIGPLANE,0.0010351425988646891,RATHER NOT TRAVEL BY AIRPLANE B/C NO SMOKING,NICOTINE DEPENDENCE,204
IRSUICTHNK,Ideación suicida,DL,CIGINFLU,0.001034912487727418,# OF CIGS SMOKE PER DAY INFLUENCED BY OTHER THINGS,NICOTINE DEPENDENCE,205
IRSUICTHNK,Ideación suicida,DL,ALCYLU,0.0010208504139311266,YEAR OF LAST ALCOHOL USE - RECODE,PRIOR SUBSTANCE USE,206
IRSUICTHNK,Ideación suicida,DL,RSKHERTRY,0.0010160660633118852,RISK TRYING HEROIN ONCE OR TWICE,RISK/AVAILABILITY,207
IRSUICTHNK,Ideación suicida,DL,UD5ALNILANY,0.0010091633275151276,"RC-ALC USE DISORDER, NO DRUG USE DISORDER - PAST YEAR USERS",RECODED SUBSTANCE USE DISORDER,208
IRSUICTHNK,Ideación suicida,DL,LVLDIFWALK2,0.0010043870522640675,LEVEL OF DIFFICULTY WALKING OR CLIMBING STEPS,DEMOGRAPHICS,209
IRSUICTHNK,Ideación suicida,DL,CIGDLYLU,0.0009983750383213243,YEAR OF LAST CIGARETTE USE EVERY DAY - RECODE,PRIOR SUBSTANCE USE,210
IRSUICTHNK,Ideación suicida,DL,DIFOBTCRK,0.0009913848205636252,RC-CRACK FAIRLY OR VERY EASY TO OBTAIN,RECODED RISK/AVAILABILITY,211
IRSUICTHNK,Ideación suicida,DL,RSKMRJMON,0.000990895129521747,RISK SMOKING MARIJUANA ONCE A MONTH,RISK/AVAILABILITY,212
IRSUICTHNK,Ideación suicida,DL,CELLWRKNG,0.0009903399278782948,WORKING CELL PHONE,INCOME,213
IRSUICTHNK,Ideación suicida,DL,PREGSTAT,0.0009863395066931151,CURRENTLY PREGNANT (FEMALES AGED 12-50),HEALTH,214
IRSUICTHNK,Ideación suicida,DL,ASTHMAAGE,0.000981270842254158,AGE ASTHMA 1ST DIAGNOSED,HEALTH,215
IRSUICTHNK,Ideación suicida,DL,IRPRVHLT,0.0009800734080933028,PRIVATE HEALTH INSURANCE - IMPUTATION REVISED,IMPUTED HEALTH INSURANCE,216
IRSUICTHNK,Ideación suicida,DL,TRQNMFLAG,0.0009659794303588556,RC-TRANQUILIZERS - EVER MISUSED,RECODED DRUG USE,217
IRSUICTHNK,Ideación suicida,DL,SEXAGE,0.0009561670814034765,RC-COMBINED SEX BY AGE CATEGORY INDICATOR,RECODED DEMOGRAPHICS,218
IRSUICTHNK,Ideación suicida,DL,MILTPARNT,0.0009469666467048237,FATHER OR MOTHER IN MILITARY,EDUCATION,219
IRSUICTHNK,Ideación suicida,DL,GRPHLTIN,0.0009456864034259569,PRIVATE PLAN OFFERED THROUGH EMPLOYER OR UNION,HEALTH INSURANCE,220
IRSUICTHNK,Ideación suicida,DL,MILTCHLDR,0.0009362529318896123,SON OR DAUGHTER IN MILITARY,EDUCATION,221
IRSUICTHNK,Ideación suicida,DL,SMKAGLAST,0.0009233602280728507,HOW OLD WERE YOU LAST THE TIME USED SMOKELESS TOB,PRIOR SUBSTANCE USE,222
IRSUICTHNK,Ideación suicida,DL,IROTHHLT,0.00090603423805442,OTHER HEALTH INSURANCE - IMPUTATION REVISED,IMPUTED HEALTH INSURANCE,223
IRSUICTHNK,Ideación suicida,DL,HPALCTX2,0.0009013715866537761,DOCTOR OFFERED INFO ABOUT ALCOHOL TREATMT,HEALTH,224
IRSUICTHNK,Ideación suicida,DL,RSKCIGPKD,0.0008944712114171122,RISK SMOKING 1 OR MORE PACKS CIGARETTES PER DAY,RISK/AVAILABILITY,225
IRSUICTHNK,Ideación suicida,DL,HIGHBPEVR2,0.000891829122789205,EVER TOLD HAD HIGH BLOOD PRESSURE,HEALTH,226
IRSUICTHNK,Ideación suicida,DL,FUHALLUC21,0.0008881126281339655,RC-FIRST USED HALLUCINOGENS PRIOR TO AGE 21,RECODED DRUG USE,227
IRSUICTHNK,Ideación suicida,DL,ECSTMOAGL,0.000887555399544199,HOW OLD WERE YOU THE LAST TIME USED ECSTASY/MOLLY,PRIOR SUBSTANCE USE,228
IRSUICTHNK,Ideación suicida,DL,PSYANYYR2,0.0008837031800534853,RC-ANY PSYCHOTHERAPEUTICS - PAST YEAR USE,RECODED DRUG USE,229
IRSUICTHNK,Ideación suicida,DL,CIGAGLST,0.0008817720351715991,HOW OLD WERE YOU THE LAST TIME SMOKED CIGARETTE,PRIOR SUBSTANCE USE,230
IRSUICTHNK,Ideación suicida,DL,FUCD218,0.0008766381880268453,RC-FIRST USED CIGARETTES DAILY PRIOR TO AGE 18,RECODED DRUG USE,231
IRSUICTHNK,Ideación suicida,DL,FUMJ21,0.0008616201646753599,RC-FIRST USED MARIJUANA PRIOR TO AGE 21,RECODED DRUG USE,232
IRSUICTHNK,Ideación suicida,DL,IRMEDICR,0.000858536762883885,MEDICARE - IMPUTATION REVISED,IMPUTED HEALTH INSURANCE,233
IRSUICTHNK,Ideación suicida,DL,RSKCOCMON,0.0008578806822188514,RISK USING COCAINE ONCE A MONTH,RISK/AVAILABILITY,234
IRSUICTHNK,Ideación suicida,DL,ALCFLAG,0.0008555176923982818,RC-ALCOHOL - EVER USED,RECODED DRUG USE,235
IRSUICTHNK,Ideación suicida,DL,PSILCYFLAG,0.0008448825178202258,RC-PSILOCYBIN - EVER USED,RECODED DRUG USE,236
IRSUICTHNK,Ideación suicida,DL,WRKEFFORT,0.0008440026658354419,"PAST 30 DAYS, MAKE EFFORT TO FIND WORK",EMPLOYMENT,237
IRSUICTHNK,Ideación suicida,DL,CDUFLAG,0.0008297606270346586,RC-CIGARETTES DAILY - EVER USED,RECODED DRUG USE,238
IRSUICTHNK,Ideación suicida,DL,TRQANYYR,0.0008210776019841431,RC-ANY TRANQUILIZERS - PAST YEAR USE,RECODED DRUG USE,239
IRSUICTHNK,Ideación suicida,DL,ALCAGLST,0.0008191503316629697,HOW OLD WERE YOU LAST TIME DRANK ALCOHOL BEVERAGE,PRIOR SUBSTANCE USE,240
IRSUICTHNK,Ideación suicida,DL,CIGRNOUT,0.0008187616211072505,SOMETIMES WORRY THAT YOU WILL RUN OUT OF CIGS,NICOTINE DEPENDENCE,241
IRSUICTHNK,Ideación suicida,DL,HLTINNOS,0.0008173878002152406,COVERED BY HEALTH INSUR (NOT OTHERWISE SPECIFIED),HEALTH INSURANCE,242
IRSUICTHNK,Ideación suicida,DL,TOBVNICFLAG,0.0008102589600021046,RC-ANY TOBACCO PRODUCTS OR NICOTINE VAPING - EVER USED,RECODED DRUG USE,243
IRSUICTHNK,Ideación suicida,DL,IRPMNICDEP,0.000803319126367567,NICOTINE DEPENDENCE IN PAST MONTH - IMPUTATION REVISED,IMPUTED NICOTINE DEPENDENCE,244
IRSUICTHNK,Ideación suicida,DL,APPDRGMON,0.000797233946298812,APPROACHED BY SOMEONE SELLING ILL DRUG PST 30 DYS,RISK/AVAILABILITY,245
IRSUICTHNK,Ideación suicida,DL,COPDEVER2,0.0007969272751361108,EVER TOLD HAD CHRONIC BRONCHITIS OR COPD,HEALTH,246
IRSUICTHNK,Ideación suicida,DL,FUCIG18,0.0007877389442499086,RC-FIRST USED CIGARETTES PRIOR TO AGE 18,RECODED DRUG USE,247
IRSUICTHNK,Ideación suicida,DL,IRPYSEV5MRJ,0.0007773823263123627,MARIJUANA USE DISORDER SEVERITY IN THE PAST YEAR - IMP REV,IMPUTED SUBSTANCE USE DISORDER,248
IRSUICTHNK,Ideación suicida,DL,DIABETEAG,0.000772896588091499,AGE DIABETES 1ST DIAGNOSED,HEALTH,249
IRSUICTHNK,Ideación suicida,DL,CIGDLMLU,0.0007716122638005901,MONTH OF LAST CIGARETTE USE EVERY DAY - RECODE,PRIOR SUBSTANCE USE,250
IRSUICTHNK,Ideación suicida,DL,PRVHLTIN,0.0007690411915625922,COVERED BY PRIVATE INSURANCE,HEALTH INSURANCE,251
IRSUICTHNK,Ideación suicida,DL,UADEVNT,0.0007558757487237264,RC-MOST RECENT ALCOHOL USE AT CONCERT OR SPORTS GAME,RECODED CONSUMPTION OF ALCOHOL,252
IRSUICTHNK,Ideación suicida,DL,DRVINDETAG,0.0007547838932368925,RC-DUI DETAILED AGE CATEGORY RECODE,RECODED DEMOGRAPHICS,253
IRSUICTHNK,Ideación suicida,DL,CIGYR,0.000751761225052179,RC-CIGARETTES - PAST YEAR USE,RECODED DRUG USE,254
IRSUICTHNK,Ideación suicida,DL,HLLOSRSN,0.0007489388600623642,MAIN REASON STOPPED COVERED BY HEALTH INSURANCE,HEALTH INSURANCE,255
IRSUICTHNK,Ideación suicida,DL,RXCODEANY2,0.0007484752487516749,RC-CODEINE PRODUCTS - ANY PAST YEAR USE,RECODED DRUG USE,256
IRSUICTHNK,Ideación suicida,DL,WRKSELFEM,0.0007391845827941823,"PAST 12 MOS, SELF EMPLOYED",EMPLOYMENT,257
IRSUICTHNK,Ideación suicida,DL,CIGAVGD,0.0007377847419120379,RC-AVG NUMBER OF CIGARETTES SMOKED PER DAY,RECODED DRUG USE,258
IRSUICTHNK,Ideación suicida,DL,ENRLCOLLFT2,0.0007319457116355438,RC-COLLEGE ENROLLMENT-FULL TIME,RECODED EDUCATION,259
IRSUICTHNK,Ideación suicida,DL,ILTOBALCYR,0.0007309430347278304,"RC-ILLICIT DRUG, TOBACCO PRD, OR ALCOHOL - PAST YEAR USE",RECODED DRUG USE,260
IRSUICTHNK,Ideación suicida,DL,RXTRAMANY2,0.0007290964354760934,RC-TRAMADOL PRODUCTS - ANY PAST YEAR USE,RECODED DRUG USE,261
IRSUICTHNK,Ideación suicida,DL,INHALFLAG2,0.0007254452813067474,RC-INHALANTS - EVER USED,RECODED DRUG USE,262
IRSUICTHNK,Ideación suicida,DL,RXDIAZANY,0.0007165611769978564,RC-DIAZEPAM PRODUCTS - ANY PAST YEAR USE,RECODED DRUG USE,263
IRSUICTHNK,Ideación suicida,DL,CIGFNSMK,0.0007058062944185046,HAVE FRIENDS WHO DO NOT SMOKE CIGARETTES,NICOTINE DEPENDENCE,264
IRSUICTHNK,Ideación suicida,DL,PNRANYFLAG2,0.000701301178443674,RC-ANY PAIN RELIEVER - EVER USED,RECODED DRUG USE,265
IRSUICTHNK,Ideación suicida,DL,HALLUCYR,0.0007000973506365244,RC-HALLUCINOGENS - PAST YEAR USE,RECODED DRUG USE,266
IRSUICTHNK,Ideación suicida,DL,NMVSOPT2,0.0006979130534455186,# OUTPATIENT VISITS PAST 12 MOS - RECODE,HEALTH,267
IRSUICTHNK,Ideación suicida,DL,RKFQDBLT,0.0006928132476857938,WEAR A SEATBELT WHEN YOU DRIVE A CAR,RISK/AVAILABILITY,268
IRSUICTHNK,Ideación suicida,DL,FULSD21,0.000686952948104593,RC-FIRST USED LSD PRIOR TO AGE 21,RECODED DRUG USE,269
IRSUICTHNK,Ideación suicida,DL,RXHYDCANY2,0.0006784335910342639,RC-HYDROCODONE PRODUCTS - ANY PAST YEAR USE,RECODED DRUG USE,270
IRSUICTHNK,Ideación suicida,DL,HLCNOTYR,0.0006684808265417807,ANYTIME DID NOT HAVE HEALTH INS/COVER PAST 12 MOS,HEALTH INSURANCE,271
IRSUICTHNK,Ideación suicida,DL,IRNPCOLDREC,0.0006671481858938954,NONPRESCRIPTION COUGH OR COLD MEDS RECENCY - IMPUTATION REV,IMPUTED SPECIAL DRUGS,272
IRSUICTHNK,Ideación suicida,DL,RXMORPANY2,0.0006652680393308408,RC-MORPHINE PRODUCTS - ANY PAST YEAR USE,RECODED DRUG USE,273
IRSUICTHNK,Ideación suicida,DL,CIGFNLKE,0.000659993059201556,CHOOSE NOT TO BE AROUND FRIENDS WHO DON'T SMOKE,NICOTINE DEPENDENCE,274
IRSUICTHNK,Ideación suicida,DL,BNGDRKMON,0.0006503774912900456,RC-BINGE ALCOHOL USE PAST 30 DAYS,RECODED DRUG USE,275
IRSUICTHNK,Ideación suicida,DL,CIGDLLST,0.0006492129131802346,HOW OLD WERE YOU THE LAST TIME SMOKED CIGS DAILY,PRIOR SUBSTANCE USE,276
IRSUICTHNK,Ideación suicida,DL,IRFAMSVC,0.0006453123716637471,FAM REC WELFARE/JOB PL/CHILDCARE - IMPUTATION REVISED,IMPUTED INCOME,277
IRSUICTHNK,Ideación suicida,DL,MRJMDAYS,0.0006370104856774575,RC-# OF DAYS USED MARIJUANA IN PAST MONTH,RECODED DRUG USE,278
IRSUICTHNK,Ideación suicida,DL,TOBMON,0.0006228619189932946,RC-ANY TOBACCO - PAST MONTH USE,RECODED DRUG USE,279
IRSUICTHNK,Ideación suicida,DL,FUCOC21,0.0006213432485636755,RC-FIRST USED COCAINE PRIOR TO AGE 21,RECODED DRUG USE,280
IRSUICTHNK,Ideación suicida,DL,DRVININHL,0.000614832572988237,DROVE UNDER INFLUENCE OF INHALANTS PAST 12 MOS,SPECIAL TOPICS,281
IRSUICTHNK,Ideación suicida,DL,ILIMFOTHFG,0.0006134416466725265,"RC-ILLICIT DRUG, IMF, OR OTHER SUB - EVER USED",RECODED EMERGING ISSUES,282
IRSUICTHNK,Ideación suicida,DL,HIVAIDSEV2,0.0006127160405740135,EVER TOLD HAD HIV OR AIDS,HEALTH,283
IRSUICTHNK,Ideación suicida,DL,ECSTMOYLU,0.000611813814947565,YEAR OF LAST ECSTASY OR MOLLY USE - RECODE,PRIOR SUBSTANCE USE,284
IRSUICTHNK,Ideación suicida,DL,CIGMLU,0.0006110730132786551,MONTH OF LAST CIGARETTE USE - RECODE,PRIOR SUBSTANCE USE,285
IRSUICTHNK,Ideación suicida,DL,GRSKBNGWK,0.000610457243403113,RC-GREAT RISK:  HAVE 5+ ALC DRINKS 1-2 TIMES PER WEEK,RECODED RISK/AVAILABILITY,286
IRSUICTHNK,Ideación suicida,DL,TOBCIGVAP2,0.0006093004080467146,RC-NIC VAPING AND CIG/NONCIG TOBACCO COMBINATIONS-PM USE,RECODED DRUG USE,287
IRSUICTHNK,Ideación suicida,DL,OPINMYR2,0.0005980179521075949,RC-OPIOIDS (RX OPIOIDS OR HEROIN) - PAST YEAR MISUSE,RECODED DRUG USE,288
IRSUICTHNK,Ideación suicida,DL,ASTHMANOW,0.0005949879417340182,STILL HAVE ASTHMA,HEALTH,289
IRSUICTHNK,Ideación suicida,DL,RXHYDCMIS,0.0005902230069041248,RC-HYDROCODONE PRODUCTS - PAST YEAR MISUSE,RECODED DRUG USE,290
IRSUICTHNK,Ideación suicida,DL,CHAMPUS,0.0005888836171943676,"COV BY TRICARE, CHAMPUS, CHAMPVA, VA, MILITARY",HEALTH INSURANCE,291
IRSUICTHNK,Ideación suicida,DL,BKDRUNK,0.000585197054906873,ARRSTD & BOOKED FOR DRUNKENNESS PAST 12 MONTHS,SPECIAL TOPICS,292
IRSUICTHNK,Ideación suicida,DL,PNRNMFLAG,0.00058123010303825,RC-PAIN RELIEVERS - EVER MISUSED,RECODED DRUG USE,293
IRSUICTHNK,Ideación suicida,DL,LSDFLAG,0.0005674772073337517,RC-LSD - EVER USED,RECODED DRUG USE,294
IRSUICTHNK,Ideación suicida,DL,FUCGR21,0.0005661301521477062,RC-FIRST USED CIGARS PRIOR TO AGE 21,RECODED DRUG USE,295
IRSUICTHNK,Ideación suicida,DL,ECSTMOFLAG,0.0005658308411948404,RC-ECSTASY - EVER USED,RECODED DRUG USE,296
IRSUICTHNK,Ideación suicida,DL,ECSTMOMLU,0.0005654190569184703,MONTH OF LAST ECSTASY OR MOLLY USE - RECODE,PRIOR SUBSTANCE USE,297
IRSUICTHNK,Ideación suicida,DL,PSYCHYR,0.0005485035326691453,RC-ANY PSYCHOTHERAPEUTICS - PAST YEAR MISUSE,RECODED DRUG USE,298
IRSUICTHNK,Ideación suicida,DL,CIGPDAY,0.0005460573039017591,RC-# OF CIGARETTES SMOKED PER DAY AMONG DAILY SMOKERS,RECODED DRUG USE,299
IRSUICTHNK,Ideación suicida,DL,PNRNMYR,0.0005456560971215346,RC-PAIN RELIEVERS - PAST YEAR MISUSE,RECODED DRUG USE,300
IRSUICTHNK,Ideación suicida,DL,PSILCYYR,0.0005448611364699893,RC-PSILOCYBIN - PAST YEAR USE,RECODED DRUG USE,301
IRSUICTHNK,Ideación suicida,DL,FUALC21,0.000535491201593194,RC-FIRST USED ALCOHOL PRIOR TO AGE 21,RECODED DRUG USE,302
IRSUICTHNK,Ideación suicida,DL,RXCLONANY,0.0005335643747821472,RC-CLONAZEP AM PRODUCTS - ANY PAST YEAR USE,RECODED DRUG USE,303
IRSUICTHNK,Ideación suicida,DL,WTPOUND2,0.0005320360817713643,WEIGHT IN POUNDS - RECODE,HEALTH,304
IRSUICTHNK,Ideación suicida,DL,CGRAGLST,0.0005311959572136402,HOW OLD WERE YOU THE LAST TIME SMOKED CIGAR/CIGARILLO,PRIOR SUBSTANCE USE,305
IRSUICTHNK,Ideación suicida,DL,HALLYRLST,0.0005296753490692914,YEAR OF LAST HALLUCINOGEN USE - RECODE,PRIOR SUBSTANCE USE,306
IRSUICTHNK,Ideación suicida,DL,APPDRGMON2,0.0005291063811164984,RC-APPROACHED BY SOMEONE SELLING DRUGS,RECODED RISK/AVAILABILITY,307
IRSUICTHNK,Ideación suicida,DL,DRVINALCO2,0.0005285873590037212,RC-DROVE UNDER INFLUENCE OF ALCOHOL IN PAST YEAR,RECODED SPECIAL TOPICS,308
IRSUICTHNK,Ideación suicida,DL,BKMVTHFT,0.0005281386179849539,ARRSTD & BOOKED FOR MOT VEH THEFT PAST 12 MONTHS,SPECIAL TOPICS,309
IRSUICTHNK,Ideación suicida,DL,ACTD7590,0.0005254332248587187,MAY 1975 TO JULY 1990,DEMOGRAPHICS,310
IRSUICTHNK,Ideación suicida,DL,WRKHADJOB,0.000522204889595741,DID YOU HAVE A JOB OR BUSINESS,EMPLOYMENT,311
IRSUICTHNK,Ideación suicida,DL,CIGAVOID,0.0005220643675242796,TEND TO AVOID PLACES THAT DON'T ALLOW SMOKING,NICOTINE DEPENDENCE,312
IRSUICTHNK,Ideación suicida,DL,HERNEDEVER,0.0005210698181763332,RC-EVER USED A NEEDLE TO INJECT HEROIN,RECODED SPECIAL DRUGS,313
IRSUICTHNK,Ideación suicida,DL,FUSMKLSS18,0.0005208773026242855,RC-FIRST USED SMOKELESS TOBACCO PRIOR TO AGE 18,RECODED DRUG USE,314
IRSUICTHNK,Ideación suicida,DL,MRJMON,0.0005192058838662725,RC-MARIJUANA - PAST MONTH USE,RECODED DRUG USE,315
IRSUICTHNK,Ideación suicida,DL,UADOTHM,0.0005189934401424109,RC-MOST RECENT ALCOHOL USE AT SOMEONE ELSE'S HOME,RECODED CONSUMPTION OF ALCOHOL,316
IRSUICTHNK,Ideación suicida,DL,SNYSELL,0.0005163061215425847,SOLD ILLEGAL DRUGS,SOCIAL ENVIRONMENT,317
IRSUICTHNK,Ideación suicida,DL,CATAGE,0.0005100966202967628,RC-AGE CATEGORY,RECODED DEMOGRAPHICS,318
IRSUICTHNK,Ideación suicida,DL,PSYANYFLAG2,0.0005098662635127545,RC-ANY PSYCHOTHERAPEUTICS - EVER USED,RECODED DRUG USE,319
IRSUICTHNK,Ideación suicida,DL,ILLFLAG,0.0005092011792585258,RC-ANY ILLICIT DRUG - EVER USED,RECODED DRUG USE,320
IRSUICTHNK,Ideación suicida,DL,METHMOLST,0.0005058692577294971,MONTH OF LAST METH USE - RECODE,PRIOR SUBSTANCE USE,321
IRSUICTHNK,Ideación suicida,DL,NDSSDEPND,0.0005032596364617326,NICOTINE DEPENDENCE BASED ON NDSS SCORE,NICOTINE DEPENDENCE,322
IRSUICTHNK,Ideación suicida,DL,SERVICE,0.0005031460754012204,EVER BEEN IN THE US ARMED FORCES,DEMOGRAPHICS,323
IRSUICTHNK,Ideación suicida,DL,MILTFAMLY,0.000503139414799333,ANY IMMEDIATE FAMILY CURRENTLY IN US MILITARY,EDUCATION,324
IRSUICTHNK,Ideación suicida,DL,HERRXOPYR,0.0004999546557664877,RC-HEROIN USE AND/OR RX OPIOID MISUSE - PAST YEAR,RECODED DRUG USE,325
IRSUICTHNK,Ideación suicida,DL,DRVINMARJ2,0.000499056537947582,RC-DROVE UNDER INFLUENCE OF MARIJUANA IN PAST YEAR,RECODED SPECIAL TOPICS,326
IRSUICTHNK,Ideación suicida,DL,ACTDVIET,0.0004952745707705592,VIETNAM ERA (MARCH 1961 TO APRIL 1975),DEMOGRAPHICS,327
IRSUICTHNK,Ideación suicida,DL,METHAGLST,0.0004946105377748628,HOW OLD WERE YOU THE LAST TIME USED METH,PRIOR SUBSTANCE USE,328
IRSUICTHNK,Ideación suicida,DL,MJSMKYR,0.000494397301699023,RC-MARIJUANA SMOKING - PAST YEAR USE,RECODED DRUG USE,329
IRSUICTHNK,Ideación suicida,DL,ANYHLTI2,0.0004890955316890011,COVERED BY ANY HEALTH INSURANCE - RECODE,RECODED HEALTH INSURANCE,330
IRSUICTHNK,Ideación suicida,DL,ILLEMMON2,0.00048539749349856736,RC-ILLICIT DRUG OTHER THAN MARIJUANA-PAST MONTH,RECODED DRUG USE,331
IRSUICTHNK,Ideación suicida,DL,SMKYRLAST,0.0004809454460628343,YEAR OF LAST SMOKELESS TOBACCO USE - RECODE,PRIOR SUBSTANCE USE,332
IRSUICTHNK,Ideación suicida,DL,MILTSIBLN,0.00047850803215987973,SISTER OR BROTHER IN MILITARY,EDUCATION,333
IRSUICTHNK,Ideación suicida,DL,DIABETEVR2,0.000477031094022094,EVER TOLD HAD DIABETES/SUGAR DIABETES,HEALTH,334
IRSUICTHNK,Ideación suicida,DL,UADHOME,0.0004743343376299794,RC-MOST RECENT ALCOHOL USE AT HOME,RECODED CONSUMPTION OF ALCOHOL,335
IRSUICTHNK,Ideación suicida,DL,DIFOBTMRJ,0.0004709128716494873,RC-MARIJUANA FAIRLY OR VERY EASY TO OBTAIN,RECODED RISK/AVAILABILITY,336
IRSUICTHNK,Ideación suicida,DL,TOBCIGONL,0.0004665045561268946,RC-CIGARETTE/NONCIGARETTE TOBACCO ONLY - PAST MONTH USE,RECODED DRUG USE,337
IRSUICTHNK,Ideación suicida,DL,CIGAVGM,0.0004647487681359072,RC-NUMBER OF CIGARETTES SMOKED PER USER IN PAST MONTH,RECODED DRUG USE,338
IRSUICTHNK,Ideación suicida,DL,TOBVAPONL2,0.0004642337006516728,RC-NIC VAPING / TOBACCO PRODUCTS ONLY - PAST MONTH USE,RECODED DRUG USE,339
IRSUICTHNK,Ideación suicida,DL,LSDAGLST,0.00046287478413433,HOW OLD WERE YOU THE LAST TIME USED LSD,PRIOR SUBSTANCE USE,340
IRSUICTHNK,Ideación suicida,DL,RXBZOTANY,0.00046213890612125194,RC-BENZODIAZEPINE TRANQUILIZERS - ANY PAST YEAR USE,RECODED DRUG USE,341
IRSUICTHNK,Ideación suicida,DL,RXOXCOANY2,0.00045793094055261745,RC-OXYCODONE PRODUCTS - ANY PAST YEAR USE,RECODED DRUG USE,342
IRSUICTHNK,Ideación suicida,DL,IRINSUR4,0.00044878849583745745,RC-OVERALL HEALTH INSURANCE - IMPUTATION REVISED,RECODED HEALTH INSURANCE,343
IRSUICTHNK,Ideación suicida,DL,DRVINCOCN,0.000446836051531134,DROVE UNDER INFLU OF COCAINE PST 12 MOS,SPECIAL TOPICS,344
IRSUICTHNK,Ideación suicida,DL,EDUSKPEST,0.00044522264320403127,BEST ESTIMATE # DAYS MISSED BECAUSE SKIPPED OR CUT,EDUCATION,345
IRSUICTHNK,Ideación suicida,DL,FUSMKLSS21,0.00043744468595170255,RC-FIRST USED SMOKELESS TOBACCO PRIOR TO AGE 21,RECODED DRUG USE,346
IRSUICTHNK,Ideación suicida,DL,UADPEOP,0.0004332010614405453,RC-SOCIAL CONTEXT OF MOST RECENT ALCOHOL USE,RECODED CONSUMPTION OF ALCOHOL,347
IRSUICTHNK,Ideación suicida,DL,SNYSTOLE,0.0004300732575356989,STOLEN/TRIED TO STEAL ANYTHING WORTH > $50,SOCIAL ENVIRONMENT,348
IRSUICTHNK,Ideación suicida,DL,TOBFLAG,0.00042472221661512324,RC-ANY TOBACCO - EVER USED,RECODED DRUG USE,349
IRSUICTHNK,Ideación suicida,DL,MJVAPYR,0.0004193488508462939,RC-MARIJUANA VAPING - PAST YEAR USE,RECODED DRUG USE,350
IRSUICTHNK,Ideación suicida,DL,ILLORALC,0.00041747239057440296,RC-ILLICIT DRUG OR ALCOHOL USE - PAST YEAR USE,RECODED DRUG USE,351
IRSUICTHNK,Ideación suicida,DL,FUCIG21,0.00041542633349308687,RC-FIRST USED CIGARETTES PRIOR TO AGE 21,RECODED DRUG USE,352
IRSUICTHNK,Ideación suicida,DL,RXBUPRMIS,0.0004086396768689166,RC-BUPRENORPHINE PRODUCTS - PAST YEAR MISUSE,RECODED DRUG USE,353
IRSUICTHNK,Ideación suicida,DL,HIGHBPAGE,0.0004075450046382666,AGE WHEN HIGH BLOOD PRESSURE 1ST DIAGNOSED,HEALTH,354
IRSUICTHNK,Ideación suicida,DL,BMI2,0.00040616956502015204,RC-BODY MASS INDEX (BMI),RECODED HEALTH,355
IRSUICTHNK,Ideación suicida,DL,BKOTH,0.0004060162734240283,ARRSTD & BOOKED FOR SOME OTHER OFF PAST 12 MOS,SPECIAL TOPICS,356
IRSUICTHNK,Ideación suicida,DL,KRATEVER,0.00040252270270139083,EVER USED KRATOM,EMERGING ISSUES,357
IRSUICTHNK,Ideación suicida,DL,ALCYR,0.00040233394666574856,RC-ALCOHOL - PAST YEAR USE,RECODED DRUG USE,358
IRSUICTHNK,Ideación suicida,DL,NPCOLDFLAG,0.0004005452981218696,RC-NONPRESCRIPTION COUGH OR COLD MEDS - EVER USED,RECODED SPECIAL DRUGS,359
IRSUICTHNK,Ideación suicida,DL,MJCMOTHYR,0.0003992502894252542,RC-COMBINED OTHER MARIJUANA MODES - PAST YEAR USE,RECODED DRUG USE,360
IRSUICTHNK,Ideación suicida,DL,BKSMASLT,0.0003987984042614667,ARRSTD & BOOKED FOR OTHER ASSAULT PAST 12 MONTHS,SPECIAL TOPICS,361
IRSUICTHNK,Ideación suicida,DL,DCIGMON,0.00039710380323231193,RC-PAST MONTH DAILY CIGARETTE USE,RECODED DRUG USE,362
IRSUICTHNK,Ideación suicida,DL,SEVYRTRQANY,0.0003939806674931792,"RC-TRANQUILIZER USE DISORDER SEVERITY, PY USERS",RECODED SUBSTANCE USE DISORDER,363
IRSUICTHNK,Ideación suicida,DL,IRCHMPUS,0.00039359823847189446,CHAMPUS - IMPUTATION REVISED,IMPUTED HEALTH INSURANCE,364
IRSUICTHNK,Ideación suicida,DL,BNGDRMDAYS,0.0003918946848716617,RC-# OF DAYS BINGE USED ALCOHOL IN PAST MONTH,RECODED DRUG USE,365
IRSUICTHNK,Ideación suicida,DL,KETMINFLAG,0.0003868371946737167,RC-KETAMINE - EVER USED,RECODED DRUG USE,366
IRSUICTHNK,Ideación suicida,DL,HERMLU,0.0003852177299559181,MONTH OF LAST HEROIN USE - RECODE,PRIOR SUBSTANCE USE,367
IRSUICTHNK,Ideación suicida,DL,IRPYSEV5MTH,0.0003849081145599484,METHAMPHETAMINE USE DISORDER SEVERITY IN PAST YR - IMP REV,IMPUTED SUBSTANCE USE DISORDER,368
IRSUICTHNK,Ideación suicida,DL,SNYATTAK,0.0003832698808982929,ATTACKED SOMEONE W/INTENT TO SERIOUSLY HURT THEM,SOCIAL ENVIRONMENT,369
IRSUICTHNK,Ideación suicida,DL,LSDYLU,0.0003815973182208868,YEAR OF LAST LSD USE - RECODE,PRIOR SUBSTANCE USE,370
IRSUICTHNK,Ideación suicida,DL,BKFRAUD,0.00037367454590275795,ARRSTD & BOOKED FOR FRAUD/STOL GOODS PAST 12 MOS,SPECIAL TOPICS,371
IRSUICTHNK,Ideación suicida,DL,RSKHERWK,0.0003732765966506091,RISK USING HEROIN ONCE OR TWICE A WEEK,RISK/AVAILABILITY,372
IRSUICTHNK,Ideación suicida,DL,UADCAR,0.00037174945944011523,RC-MOST RECENT ALCOHOL USE IN A CAR,RECODED CONSUMPTION OF ALCOHOL,373
IRSUICTHNK,Ideación suicida,DL,MJEATMON,0.00036824919888749796,RC-MARIJUANA EATING OR DRINKING - PAST MONTH USE,RECODED DRUG USE,374
IRSUICTHNK,Ideación suicida,DL,CHMNDLREC,0.0003679779432714,RC-MOST RECENT USE OF COC/HER/METH WITH A NEEDLE,RECODED SPECIAL DRUGS,375
IRSUICTHNK,Ideación suicida,DL,SVYRPSYANY,0.0003669820372015234,"RC-PSYCHOTHERAPUETIC USE DISORDER SEVERITY, PY USERS",RECODED SUBSTANCE USE DISORDER,376
IRSUICTHNK,Ideación suicida,DL,KRATOMFLAG,0.0003654002677649257,RC-KRATOM - EVER USED,RECODED EMERGING ISSUES,377
IRSUICTHNK,Ideación suicida,DL,HERYLU,0.0003642136966809606,YEAR OF LAST HEROIN USE - RECODE,PRIOR SUBSTANCE USE,378
IRSUICTHNK,Ideación suicida,DL,CGRMDAYS,0.00036167983282393623,RC-# OF DAYS USED CIGARS IN PAST MONTH,RECODED DRUG USE,379
IRSUICTHNK,Ideación suicida,DL,DRVINMETH,0.0003604713580571114,DROVE UNDER INFLU OF METHAMPHETAMINE PAST 12 MOS,SPECIAL TOPICS,380
IRSUICTHNK,Ideación suicida,DL,HALLNDAYYR,0.0003585145850856863,RC-# OF DAYS USED HALLUCINOGENS IN PAST YEAR,RECODED DRUG USE,381
IRSUICTHNK,Ideación suicida,DL,COCAGLST,0.0003561891715507945,HOW OLD WERE YOU THE LAST TIME USED COCAINE,PRIOR SUBSTANCE USE,382
IRSUICTHNK,Ideación suicida,DL,COCYR,0.00035328836971893987,RC-COCAINE - PAST YEAR USE,RECODED DRUG USE,383
IRSUICTHNK,Ideación suicida,DL,UD5CNSANY,0.00035115344030782676,RC-CNS STIMULANT USE DISORDER - PAST YEAR USERS,RECODED SUBSTANCE USE DISORDER,384
IRSUICTHNK,Ideación suicida,DL,CATAG2,0.0003502212929888654,RC-AGE CATEGORY RECODE (3 LEVELS),RECODED DEMOGRAPHICS,385
IRSUICTHNK,Ideación suicida,DL,CIG1PACK,0.00034913365356624204,RC-SMKED 1+ PCK OF CIGS PER DAY AMNG DLY SMKERS (1/0),RECODED DRUG USE,386
IRSUICTHNK,Ideación suicida,DL,INHLAGLST,0.0003482265019556477,HOW OLD WERE YOU THE LAST TIME USED INHALANTS,PRIOR SUBSTANCE USE,387
IRSUICTHNK,Ideación suicida,DL,MRJMONVAP2,0.00034741512846387794,"RC-MRJ VAPE, MRJ USE BUT NOT VAPE, OR NO MRJ USE - PAST MON",RECODED DRUG USE,388
IRSUICTHNK,Ideación suicida,DL,ACTD9001,0.00034621347859501995,AUG 1990 TO AUG 2001 (INCLUDING PERSIAN GULF WAR),DEMOGRAPHICS,389
IRSUICTHNK,Ideación suicida,DL,FLVVAPREC,0.0003461573845706875,TIME SINCE LAST VAPED ONLY FLAVORING,EMERGING ISSUES,390
IRSUICTHNK,Ideación suicida,DL,RXALPRANY,0.00034249874949459773,RC-ALPRAZOLEM PRODUCTS - ANY PAST YEAR USE,RECODED DRUG USE,391
IRSUICTHNK,Ideación suicida,DL,OPIIMFNMYR2,0.00034206066979095397,RC-OPIOIDS (RX OPIOIDS OR HER) INCLUDING IMF - PST YR MISUSE,RECODED EMERGING ISSUES,392
IRSUICTHNK,Ideación suicida,DL,RXMTHPANY,0.0003384320074692368,RC-METHYLPHENIDATE PRODUCTS - ANY PAST YEAR USE,RECODED DRUG USE,393
IRSUICTHNK,Ideación suicida,DL,EDUSCKEST,0.0003355078864842659,BEST ESTIMATE # DAYS MISSED BECAUSE SICK OR INURED,EDUCATION,394
IRSUICTHNK,Ideación suicida,DL,CIGMON,0.0003331527276895938,RC-CIGARETTES - PAST MONTH USE,RECODED DRUG USE,395
IRSUICTHNK,Ideación suicida,DL,FUMETHAM21,0.00033154369052499537,RC-FIRST USED METHAMPHETAMINE PRIOR TO AGE 21,RECODED DRUG USE,396
IRSUICTHNK,Ideación suicida,DL,UADMONY,0.0003315068017691389,RC-UNDERAGE DRINKER PURCHASED MOST RECENT ALCOHOL,RECODED CONSUMPTION OF ALCOHOL,397
IRSUICTHNK,Ideación suicida,DL,ACTDPRIV,0.0003314924538135536,ANY TIME BEFORE VIETNAM ERA (MARCH 1961),DEMOGRAPHICS,398
IRSUICTHNK,Ideación suicida,DL,HLCLAST,0.00032919848850268,TIME SINCE LAST HAD HEALTH CARE COVERAGE,HEALTH INSURANCE,399
IRSUICTHNK,Ideación suicida,DL,LSDMLU,0.0003286104421131289,MONTH OF LAST LSD USE - RECODE,PRIOR SUBSTANCE USE,400
IRSUICTHNK,Ideación suicida,DL,MJONLYMON2,0.0003274410584417636,RC-MARIJUANA ONLY - PAST MONTH USE,RECODED DRUG USE,401
IRSUICTHNK,Ideación suicida,DL,PROB,0.00032595166165449855,RC-PROBATION STATUS IN THE PAST YEAR,RECODED SPECIAL TOPICS,402
IRSUICTHNK,Ideación suicida,DL,IRWELMOS,0.0003224506145343167,NO OF MONTHS ON WELFARE - IMPUTATION REVISED,IMPUTED INCOME,403
IRSUICTHNK,Ideación suicida,DL,TQSDNMFLAG,0.00032098184153437584,RC-TRANQUILIZERS OR SEDATIVES - EVER MISUSED,RECODED DRUG USE,404
IRSUICTHNK,Ideación suicida,DL,FUINHAL212,0.00031877665975980614,RC-FIRST USED INHALANTS PRIOR TO AGE 21,RECODED DRUG USE,405
IRSUICTHNK,Ideación suicida,DL,DRVINALDRG,0.0003160690661752599,RC-DROVE UNDER INFLUENCE OF ALC OR SELECTED ILL DRG IN PY,RECODED SPECIAL TOPICS,406
IRSUICTHNK,Ideación suicida,DL,MJDABYR,0.00031597187346778715,"RC-MARIJUANA DABBING WAXES, SHATTER, OR CONC - PAST YEAR USE",RECODED DRUG USE,407
IRSUICTHNK,Ideación suicida,DL,CASURCVR,0.0003144575434271273,THINK IN RECOVERY FROM DRUG OR ALCOHOL PROBLEM,EMERGING ISSUES,408
IRSUICTHNK,Ideación suicida,DL,HIVAIDSAG,0.000310813506133856,AGE 1ST FOUND OUT HAD HIV/AIDS,HEALTH,409
IRSUICTHNK,Ideación suicida,DL,ILLEMYR2,0.00030988122057170025,RC-ILLICIT DRUG OTHER THAN MARIJUANA - PAST YEAR,RECODED DRUG USE,410
IRSUICTHNK,Ideación suicida,DL,PNRNDAYPM,0.0003086254075942613,RC-# OF DAYS MISUSED PAIN RELIEVERS IN PAST MONTH,RECODED DRUG USE,411
IRSUICTHNK,Ideación suicida,DL,KRATREC,0.0003074805457144972,TIME SINCE LAST USED KRATOM,EMERGING ISSUES,412
IRSUICTHNK,Ideación suicida,DL,CRKMLU,0.0003056955616921167,MONTH OF LAST CRACK USE - RECODE,PRIOR SUBSTANCE USE,413
IRSUICTHNK,Ideación suicida,DL,AMYLNIEVER2,0.00030441993474960324,"RC-EVER INHALED AMYL NITRITE, ""POPPERS"", RUSH, ETC.",RECODED DRUG USE,414
IRSUICTHNK,Ideación suicida,DL,ILTOBVAPALC,0.00030434016464278015,"RC-TOBACCO, NICOTINE VAPING, ALCOHOL, ILLICIT DRUG - PST MON",RECODED DRUG USE,415
IRSUICTHNK,Ideación suicida,DL,SMKLSSFLAG,0.000303950783796606,RC-SMOKELESS TOBACCO - EVER USED,RECODED DRUG USE,416
IRSUICTHNK,Ideación suicida,DL,NRCH17_2,0.0003008184474892939,RECODED # R's CHILDREN < 18 IN HOUSEHOLD,HOUSEHOLD COMPOSITION (ROSTER),417
IRSUICTHNK,Ideación suicida,DL,IMFNDLEVER,0.00029846155177801507,EVER INJECTED ILLEGALLY MADE FENTANYL WITH NEEDLE,EMERGING ISSUES,418
IRSUICTHNK,Ideación suicida,DL,AIRDUSEVER2,0.00029840279230847975,RC-EVER USED COMPUTER CLEANER/AIR DUSTER TO GET HIGH,RECODED DRUG USE,419
IRSUICTHNK,Ideación suicida,DL,RSKCOCWK,0.00029787299401986335,RISK USING COCAINE ONCE OR TWICE A WEEK,RISK/AVAILABILITY,420
IRSUICTHNK,Ideación suicida,DL,CIGREGDY,0.0002963329103658827,SMOKE CIGS FAIRLY REGULARLY THROUGHOUT THE DAY,NICOTINE DEPENDENCE,421
IRSUICTHNK,Ideación suicida,DL,MJMTHYR,0.0002955885548144582,RC-MARIJUANA DRPS/STRPS/LZNGS/SPRYS IN MOUTH - PAST YEAR USE,RECODED DRUG USE,422
IRSUICTHNK,Ideación suicida,DL,UADROTH,0.0002954599768273494,RC-MOST RECENT ALCOHOL USE AT SOME OTHER PLACE,RECODED CONSUMPTION OF ALCOHOL,423
IRSUICTHNK,Ideación suicida,DL,HTINCHE2,0.00028873708052560453,HEIGHT IN INCHES WITHOUT SHOES - RECODE,HEALTH,424
IRSUICTHNK,Ideación suicida,DL,FUECSTMO21,0.0002886591213755324,RC-FIRST USED ECSTASY PRIOR TO AGE 21,RECODED DRUG USE,425
IRSUICTHNK,Ideación suicida,DL,HERAGLST,0.0002858301065862184,HOW OLD WERE YOU THE LAST TIME USED HEROIN,PRIOR SUBSTANCE USE,426
IRSUICTHNK,Ideación suicida,DL,CNSNMYR,0.0002845343730878094,RC-CENTRAL NERVOUS SYSTEM STIMULANTS - PAST YEAR MISUSE,RECODED DRUG USE,427
IRSUICTHNK,Ideación suicida,DL,CANCEREVR2,0.00028341212961822764,EVER TOLD HAD CANCER,HEALTH,428
IRSUICTHNK,Ideación suicida,DL,PIPMON,0.0002820726279169342,RC-PIPES - PAST MONTH USE,RECODED DRUG USE,429
IRSUICTHNK,Ideación suicida,DL,SYNMRJEVR,0.00027763929050479366,EVER USED SYNTHETIC MARIJUANA,EMERGING ISSUES,430
IRSUICTHNK,Ideación suicida,DL,CAKIDNEY,0.00027736823912710235,TYPE OF CANCER: KIDNEY,HEALTH,431
IRSUICTHNK,Ideación suicida,DL,WRKRSNNOT,0.00027715021092444505,REASON FOR NOT WORKING AT JOB - PAST WK,EMPLOYMENT,432
IRSUICTHNK,Ideación suicida,DL,PAROLREL,0.0002762202690355492,ON PAROLE/SUPRV RELEASE PAST 12 MONTHS,SPECIAL TOPICS,433
IRSUICTHNK,Ideación suicida,DL,BKARSON,0.00027616491727531085,ARRSTD & BOOKED FOR ARSON PAST 12 MONTHS,SPECIAL TOPICS,434
IRSUICTHNK,Ideación suicida,DL,UADPUBL,0.00027612704498161444,"RC-MOST RECENT ALCOHOL USE AT A PARK, BEACH, OR LOT",RECODED CONSUMPTION OF ALCOHOL,435
IRSUICTHNK,Ideación suicida,DL,SVYRTQSDUNM,0.0002706349803700606,"RC-TRANQ/SED USE DIS SEV, PY USERS/NOT MISUSERS ONLY",RECODED SUBSTANCE USE DISORDER,436
IRSUICTHNK,Ideación suicida,DL,UD5PSYANY,0.0002684288788586879,RC-PSYCHOTHERAPEUTIC USE DISORDER - PAST YEAR USERS,RECODED SUBSTANCE USE DISORDER,437
IRSUICTHNK,Ideación suicida,DL,CATHYROID,0.00026772411872252736,TYPE OF CANCER: THYROID,HEALTH,438
IRSUICTHNK,Ideación suicida,DL,ASTHMAEVR2,0.0002647369917750986,EVER TOLD HAD ASTHMA,HEALTH,439
IRSUICTHNK,Ideación suicida,DL,UD5IEMANY,0.00026265591522679126,RC-DRUG OTHER THAN MRJ USE DISORDER - PAST YEAR USERS,RECODED SUBSTANCE USE DISORDER,440
IRSUICTHNK,Ideación suicida,DL,HEPBCEVER2,0.0002576233297586461,EVER TOLD HAD HEPATITIS B OR C,HEALTH,441
IRSUICTHNK,Ideación suicida,DL,HEPBCAGE,0.0002572752265259594,AGE HEPATITIS 1ST DIAGNOSED,HEALTH,442
IRSUICTHNK,Ideación suicida,DL,HVYDRKMON,0.000256649380084126,RC-HEAVY ALCOHOL USE PAST 30 DAYS,RECODED DRUG USE,443
IRSUICTHNK,Ideación suicida,DL,CASUPROB,0.00025558358896523594,THINK EVER HAD PROBLEM WITH OWN DRUG OR ALCOHOL USE,EMERGING ISSUES,444
IRSUICTHNK,Ideación suicida,DL,HTANSWER,0.00025541593285743235,PREFERRED WAY TO REPORT HEIGHT,HEALTH,445
IRSUICTHNK,Ideación suicida,DL,IRPYUD5MRJ,0.00025441349546185014,MARIJUANA USE DISORDER IN THE PAST YEAR - IMP REV,IMPUTED SUBSTANCE USE DISORDER,446
IRSUICTHNK,Ideación suicida,DL,UD5TRQSDGRP,0.00025059414654969944,"RC-TRQ/STM USE DISORDER - PY USE, MISUSE, USE/NOT MISUSE",RECODED SUBSTANCE USE DISORDER,447
IRSUICTHNK,Ideación suicida,DL,UDYR5PNRANY2,0.0002501801951535465,"RC-PAIN RELIEVER USE DISORDER, PY USERS",RECODED SUBSTANCE USE DISORDER,448
IRSUICTHNK,Ideación suicida,DL,FLVVAPYR,0.0002491732463240616,RC-ONLY FLAVORING VAPING - PAST YEAR USE,RECODED EMERGING ISSUES,449
IRSUICTHNK,Ideación suicida,DL,CABREAST,0.0002451171102002242,TYPE OF CANCER: BREAST,HEALTH,450
IRSUICTHNK,Ideación suicida,DL,RXAMPHANY,0.00024366271575331514,RC-AMPHETAMINE - ANY PAST YEAR USE,RECODED DRUG USE,451
IRSUICTHNK,Ideación suicida,DL,FLTMRKEVER2,0.000243523108074441,RC-EVER USED FELT-TIP PENS/MARKERS TO GET HIGH,RECODED DRUG USE,452
IRSUICTHNK,Ideación suicida,DL,HLNVSOR,0.00024217674678084,NEVER HAD HEALTH INSURANCE BECAUSE OF SOME OTHER REASON,HEALTH INSURANCE,453
IRSUICTHNK,Ideación suicida,DL,PSYCHMON,0.00024206225131638808,RC-ANY PSYCHOTHERAPEUTICS - PAST MONTH MISUSE,RECODED DRUG USE,454
IRSUICTHNK,Ideación suicida,DL,SRCFRTRQNM,0.00024107933797222285,RC-SOURCE OF FRIEND/RELATIVE TRANQUILIZERS FOR LAST MISUSE,RECODED DRUG USE,455
IRSUICTHNK,Ideación suicida,DL,SYNSTMREC,0.00023884066427126677,TIME SINCE LAST USED SYNTHETIC STIMULANTS,EMERGING ISSUES,456
IRSUICTHNK,Ideación suicida,DL,NMERTMT2,0.00023765399772673556,# OF TIMES BEEN TREATED IN EMER ROOM PAST 12 MOS,HEALTH,457
IRSUICTHNK,Ideación suicida,DL,HRTCONDYR,0.00023730276012793038,HAD HEART CONDITION PAST 12 MONTHS,HEALTH,458
IRSUICTHNK,Ideación suicida,DL,SVYRCNSANY,0.00023681628424674473,"RC-CNS STIMULANT USE DISORDER SEVERITY, PY USERS",RECODED SUBSTANCE USE DISORDER,459
IRSUICTHNK,Ideación suicida,DL,UADPAID,0.00023420160214300407,RC-UNDERAGE DRINKER PAID FOR MOST RECENT ALCOHOL,RECODED CONSUMPTION OF ALCOHOL,460
IRSUICTHNK,Ideación suicida,DL,IRKRATREC,0.00023261517938226534,KRATOM RECENCY - IMPUTATION REVISED,IMPUTED EMERGING ISSUES,461
IRSUICTHNK,Ideación suicida,DL,HLNVNEED,0.000230073462240398,NEVER HAD HEALTH INSURANCE BECAUSE DON'T NEED IT,HEALTH INSURANCE,462
IRSUICTHNK,Ideación suicida,DL,BKSRVIOL,0.00022749463235959222,ARRSTD & BOOKED SERIOUS VIOL OFFENSE PST 12 MOS,SPECIAL TOPICS,463
IRSUICTHNK,Ideación suicida,DL,METHAMFLAG,0.00022721744515002363,RC-METHAMPHETAMINE - EVER USED,RECODED DRUG USE,464
IRSUICTHNK,Ideación suicida,DL,METHYRLST,0.0002265703680459394,YEAR OF LAST METHAMPHETAMINE USE - RECODE,PRIOR SUBSTANCE USE,465
IRSUICTHNK,Ideación suicida,DL,SVYRCNSMIS,0.00022595259780064185,"RC-CNS STIMULANT USE DISORDER SEVERITY, PY MISUSERS",RECODED SUBSTANCE USE DISORDER,466
IRSUICTHNK,Ideación suicida,DL,HLNVCOST,0.00022281408123672243,NEVER HAD HEALTH INSURANCE BECAUSE COST TOO HIGH,HEALTH INSURANCE,467
IRSUICTHNK,Ideación suicida,DL,CANCERYR,0.00022228023995421675,HAD ANY CANCER PAST 12 MONTHS,HEALTH,468
IRSUICTHNK,Ideación suicida,DL,DIFOBTLSD,0.00022205836168632295,RC-LSD FAIRLY OR VERY EASY TO OBTAIN,RECODED RISK/AVAILABILITY,469
IRSUICTHNK,Ideación suicida,DL,IRFLVVAPREC,0.00021971052372828177,ONLY FLAVORING VAPING RECENCY - IMPUTATION REVISED,IMPUTED EMERGING ISSUES,470
IRSUICTHNK,Ideación suicida,DL,GRSKHERTRY,0.00021948563409842817,RC-GREAT RISK:  TRYING HEROIN ONCE OR TWICE,RECODED RISK/AVAILABILITY,471
IRSUICTHNK,Ideación suicida,DL,HERFLAG,0.00021838569454848744,RC-HEROIN - EVER USED,RECODED DRUG USE,472
IRSUICTHNK,Ideación suicida,DL,BKDRUG,0.00021720434492453672,ARRSTD & BOOKED FOR POSSES/SALE DRUGS PAST 12 MOS,SPECIAL TOPICS,473
IRSUICTHNK,Ideación suicida,DL,PNRMAINRSN,0.00021640794491395915,RC-MAIN REASON FOR MISUSING PAIN RELIEVERS LAST EPISODE,RECODED DRUG USE,474
IRSUICTHNK,Ideación suicida,DL,CIRROSAGE,0.00021408797113690398,AGE CIRRHOSIS 1ST DIAGNOSED,HEALTH,475
IRSUICTHNK,Ideación suicida,DL,SRCCLFRTRQ,0.00021396334283053765,RC-COLLAPSED SOURCE OF FRND/REL TRANQLZRS FOR LAST MISUSE,RECODED DRUG USE,476
IRSUICTHNK,Ideación suicida,DL,CBDHMPYR,0.00021383642248884284,RC-CBD OR HEMP - PAST YEAR USE,RECODED DRUG USE,477
IRSUICTHNK,Ideación suicida,DL,BKDRVINF,0.00021276349823067073,ARRSTD & BOOKED FOR DUI PAST 12 MONTHS,SPECIAL TOPICS,478
IRSUICTHNK,Ideación suicida,DL,INHLYRLST,0.0002120206297840918,YEAR OF LAST INHALANT USE - RECODE,PRIOR SUBSTANCE USE,479
IRSUICTHNK,Ideación suicida,DL,OTHRSEDANY,0.00021180174686014658,RC-OTHER SEDATIVE - ANY PAST YEAR USE,RECODED DRUG USE,480
IRSUICTHNK,Ideación suicida,DL,BKSEXNR,0.00021077243797480938,ARRSTD & BOOKED SEX OFFENSE EXCL RAPE PST 12 MOS,SPECIAL TOPICS,481
IRSUICTHNK,Ideación suicida,DL,UADSCHL,0.000210097549837715,RC-MOST RECENT ALCOHOL USE AT SCHOOL,RECODED CONSUMPTION OF ALCOHOL,482
IRSUICTHNK,Ideación suicida,DL,CABLADDER,0.0002088179513812072,TYPE OF CANCER: BLADDER,HEALTH,483
IRSUICTHNK,Ideación suicida,DL,FTNDDEPND,0.0002082675825804445,NICOTINE DEPENDENCE BASED ON FTND SCALE,NICOTINE DEPENDENCE,484
IRSUICTHNK,Ideación suicida,DL,BZOANYYR,0.00020809021778405627,RC - ANY BENZODIAZEPINES - PAST YEAR USE,RECODED DRUG USE,485
IRSUICTHNK,Ideación suicida,DL,ILIMFOTHMN,0.00020659488198165654,"RC-ILLICIT DRUG, IMF, OR OTHER SUB - PAST MONTH USE",RECODED EMERGING ISSUES,486
IRSUICTHNK,Ideación suicida,DL,SVYRTQSDANY,0.00020423200167715428,"RC-TRANQUILIZER OR SEDATIVE USE DISORDER SEVERITY, PY USERS",RECODED SUBSTANCE USE DISORDER,487
IRSUICTHNK,Ideación suicida,DL,CACERVIX,0.0002027084580622618,TYPE OF CANCER: CERVIX (FEMALES ONLY),HEALTH,488
IRSUICTHNK,Ideación suicida,DL,PROBATON,0.00020164670050144162,ON PROBATION AT ANY TIME PAST 12 MONTHS,SPECIAL TOPICS,489
IRSUICTHNK,Ideación suicida,DL,FUCRK21,0.00020144541002809936,RC-FIRST USED CRACK PRIOR TO AGE 21,RECODED DRUG USE,490
IRSUICTHNK,Ideación suicida,DL,COMBATPY,0.00020035767462104503,EVER IN COMBAT ZONE ON ACTIVE DUTY,DEMOGRAPHICS,491
IRSUICTHNK,Ideación suicida,DL,OPIIMFNMMN2,0.00019890178088099065,RC-OPIOIDS (RX OPIOIDS OR HER) INCLUDING IMF - PST MO MISUSE,RECODED EMERGING ISSUES,492
IRSUICTHNK,Ideación suicida,DL,SEVYRPNRANY2,0.00019464800726398833,"RC-PAIN RELIEVER USE DISORDER SEVERITY, PY USERS",RECODED SUBSTANCE USE DISORDER,493
IRSUICTHNK,Ideación suicida,DL,IRSEVSTMUNM,0.00019443385489285162,"STIMULANT USE DIS SEV, PY USERS BUT NOT MISUSERS - IMP REV",IMPUTED SUBSTANCE USE DISORDER,494
IRSUICTHNK,Ideación suicida,DL,BKLARCNY,0.00019159710919484596,ARRSTD & BOOKED FOR LARCENY/THEFT PAST 12 MONTHS,SPECIAL TOPICS,495
IRSUICTHNK,Ideación suicida,DL,TQSDANYFLG,0.00019136886624619153,RC-ANY TRANQUILIZERS OR SEDATIVES - EVER USED,RECODED DRUG USE,496
IRSUICTHNK,Ideación suicida,DL,SRCPNRNM2,0.00019080844521522492,RC-SOURCE OF PAIN RELIEVERS FOR LAST MISUSE,RECODED DRUG USE,497
IRSUICTHNK,Ideación suicida,DL,MILTSPPAR,0.00018833521706983713,SPOUSE OR PARTNER IN MILITARY,EDUCATION,498
IRSUICTHNK,Ideación suicida,DL,PMNICDEP,0.00018731578113511478,NICOTINE DEPENDENCE IN PAST MONTH,NICOTINE DEPENDENCE,499
IRSUICTHNK,Ideación suicida,DL,KIDNYDSEV2,0.000186686029739577,EVER TOLD HAD KIDNEY DISEASE,HEALTH,500
IRSUICTHNK,Ideación suicida,DL,COCYRBFR,0.00018647952284663648,HAVE ANY FORM OF COCAINE IN YEAR BEFORE LAST,PRIOR SUBSTANCE USE,501
IRSUICTHNK,Ideación suicida,DL,CABLOLEULYM,0.0001863733539357751,TYPE OF CANCER: BLOOD/LEUKEMIA/LYMPHOMA,HEALTH,502
IRSUICTHNK,Ideación suicida,DL,IRFAMSSI,0.0001846621072587054,FAM RECEIVE SSI - IMPUTATION REVISED,IMPUTED INCOME,503
IRSUICTHNK,Ideación suicida,DL,CAMOUTTHRO,0.000182438448605349,TYPE OF CANCER: MOUTH/TONGUE/LIP/THROAT/PHARYNX,HEALTH,504
IRSUICTHNK,Ideación suicida,DL,IRFAMPMT,0.0001822510045803946,FAM RECEIVE PUBLIC ASSIST - IMPUTATION REVISED,IMPUTED INCOME,505
IRSUICTHNK,Ideación suicida,DL,ANYNEDFLAG,0.00018045486460024795,RC-EVER USED A NEEDLE TO INJECT DRUGS,RECODED EMERGING ISSUES,506
IRSUICTHNK,Ideación suicida,DL,PAROL,0.00018022013269365116,RC-PAROLE/SUPERVISED RELEASE STATUS IN THE PAST YEAR,RECODED SPECIAL TOPICS,507
IRSUICTHNK,Ideación suicida,DL,UDYR5STMANY,0.00017891217209399068,"RC-STIMULANT USE DISORDER, PY USERS",RECODED SUBSTANCE USE DISORDER,508
IRSUICTHNK,Ideación suicida,DL,UD5TRQSDANY,0.00017800351604819464,RC-TRANQUILIZER OR SEDATIVE USE DISORDER - PAST YEAR USERS,RECODED SUBSTANCE USE DISORDER,509
IRSUICTHNK,Ideación suicida,DL,PNRNMMON,0.00017648259504312368,RC-PAIN RELIEVERS - PAST MONTH MISUSE,RECODED DRUG USE,510
IRSUICTHNK,Ideación suicida,DL,CASKINDK,0.0001757738194428396,TYPE OF CANCER: SKIN DON'T KNOW WHICH KIND,HEALTH,511
IRSUICTHNK,Ideación suicida,DL,HALLUCFLAG,0.00017576199793259222,RC-HALLUCINOGENS - EVER USED,RECODED DRUG USE,512
IRSUICTHNK,Ideación suicida,DL,SRCCLFRPNR,0.00017385784164070995,RC-COLLAPSED SOURCE OF FRND/REL PAIN RLVRS FOR LAST MISUSE,RECODED DRUG USE,513
IRSUICTHNK,Ideación suicida,DL,ANYNDLREC,0.00017262862630954584,RC-MOST RECENT USE OF ANY DRUG WITH A NEEDLE,RECODED SPECIAL DRUGS,514
IRSUICTHNK,Ideación suicida,DL,OPINMMON2,0.00017149140685796704,RC-OPIOIDS (RX OPIOIDS OR HEROIN) - PAST MONTH MISUSE,RECODED DRUG USE,515
IRSUICTHNK,Ideación suicida,DL,HLNVREF,0.00017102508479729063,NEVER HAD HEALTH INSURANCE BC INS COMPANY REFUSED COVERAGE,HEALTH INSURANCE,516
IRSUICTHNK,Ideación suicida,DL,IRSEVTRQUNM,0.00017093985341489385,"TRANQUILIZER USE DIS SEV, PY USERS BUT NOT MISUSERS-IMP REV",IMPUTED SUBSTANCE USE DISORDER,517
IRSUICTHNK,Ideación suicida,DL,RXBUPRANY2,0.0001704789400100698,RC-BUPRENORPHINE PRODUCTS - ANY PAST YEAR USE,RECODED DRUG USE,518
IRSUICTHNK,Ideación suicida,DL,CALARYLUNG,0.00016941081367440102,TYPE OF CANCER: LARYNX/WINDPIPE/LUNG,HEALTH,519
IRSUICTHNK,Ideación suicida,DL,UDYR5OPPRANY,0.00016822831891476876,"RC-RX OPIOID USE DISORDER, PY USERS",RECODED SUBSTANCE USE DISORDER,520
IRSUICTHNK,Ideación suicida,DL,CAOTHER2,0.00016690343338996217,TYPE OF CANCER: OTHER,HEALTH,521
IRSUICTHNK,Ideación suicida,DL,SYNMRJREC,0.00016588115898457463,TIME SINCE LAST USED SYNTHETIC MARIJUANA,EMERGING ISSUES,522
IRSUICTHNK,Ideación suicida,DL,NMVSOEST,0.00016295554127422645,# TIMES VISITED DR ABOUT OWN HEALTH PST YR,HEALTH,523
IRSUICTHNK,Ideación suicida,DL,MRJYR,0.000161250566562445,RC-MARIJUANA - PAST YEAR USE,RECODED DRUG USE,524
IRSUICTHNK,Ideación suicida,DL,CGRYR,0.00016018344718032095,RC-CIGARS - PAST YEAR USE,RECODED DRUG USE,525
IRSUICTHNK,Ideación suicida,DL,CELLNOTCL,0.0001575424829467448,NOT A CELL PHONE,INCOME,526
IRSUICTHNK,Ideación suicida,DL,CRKFLAG,0.00015328174922615316,"RC-""CRACK"" - EVER USED",RECODED DRUG USE,527
IRSUICTHNK,Ideación suicida,DL,TRQMAINRSN,0.00015242925286292953,RC-MAIN REASON FOR MISUSING TRANQUILIZERS LAST EPISODE,RECODED DRUG USE,528
IRSUICTHNK,Ideación suicida,DL,GRSKCOCWK,0.000152139327743184,RC-GREAT RISK:  USE COCAINE 1-2 TIMES PER WEEK,RECODED RISK/AVAILABILITY,529
IRSUICTHNK,Ideación suicida,DL,FUCOC18,0.00015097893262281837,RC-FIRST USED COCAINE PRIOR TO AGE 18,RECODED DRUG USE,530
IRSUICTHNK,Ideación suicida,DL,ALCMON,0.00014993915672100065,RC-ALCOHOL - PAST MONTH USE,RECODED DRUG USE,531
IRSUICTHNK,Ideación suicida,DL,BKROB,0.00014653529123964586,ARRSTD & BOOKED FOR ROBBERY PAST 12 MONTHS,SPECIAL TOPICS,532
IRSUICTHNK,Ideación suicida,DL,ACTDEVER,0.00014606322254985288,EVER ON ACTIVE DUTY IN US MILITARY/RESERV,DEMOGRAPHICS,533
IRSUICTHNK,Ideación suicida,DL,HRTCONDEV2,0.0001456726337783032,EVER TOLD HAD HEART CONDITION,HEALTH,534
IRSUICTHNK,Ideación suicida,DL,RXMRLXANY,0.00014560559298843146,RC-MUSCLE RELAXANTS - ANY PAST YEAR USE,RECODED DRUG USE,535
IRSUICTHNK,Ideación suicida,DL,TRQNMYR,0.0001379856355488285,RC-TRANQUILIZERS - PAST YEAR MISUSE,RECODED DRUG USE,536
IRSUICTHNK,Ideación suicida,DL,DAMTFXYR,0.00013566870801150793,RC-DMT/AMT/FOXY - PAST YEAR USE,RECODED DRUG USE,537
IRSUICTHNK,Ideación suicida,DL,GRSKMRJWK,0.0001331524398119656,RC-GREAT RISK:  USE MARIJUANA 1-2 TIMES PER WEEK,RECODED RISK/AVAILABILITY,538
IRSUICTHNK,Ideación suicida,DL,FULSD18,0.00013282055873424208,RC-FIRST USED LSD PRIOR TO AGE 18,RECODED DRUG USE,539
IRSUICTHNK,Ideación suicida,DL,CIRROSEVR2,0.00013015477824956129,EVER TOLD HAD CIRRHOSIS OF THE LIVER,HEALTH,540
IRSUICTHNK,Ideación suicida,DL,RXLORAANY,0.00012865308765321965,RC-LORAZEPAM PRODUCTS - ANY PAST YEAR USE,RECODED DRUG USE,541
IRSUICTHNK,Ideación suicida,DL,CAUTERUS,0.0001285546291619577,TYPE OF CANCER: UTERUS (FEMALES ONLY),HEALTH,542
IRSUICTHNK,Ideación suicida,DL,PIPFLAG,0.00012788707856088905,RC-PIPES - EVER USED,RECODED DRUG USE,543
IRSUICTHNK,Ideación suicida,DL,RXCYCLANY,0.00012742660939693424,RC-CYCLOBENZAPRINE PRODUCTS - ANY PAST YEAR USE,RECODED DRUG USE,544
IRSUICTHNK,Ideación suicida,DL,IRSEVPNRMIS,0.00012663578055799123,"PAIN RELIEVER USE DISORDER SEVERITY, PY MISUSERS - IMP REV",IMPUTED SUBSTANCE USE DISORDER,545
IRSUICTHNK,Ideación suicida,DL,UD5CNSGRP,0.00012576399644330965,"RC-CNS STM USE DISORDER - PY USE, MISUSE, USE/NOT MISUSE",RECODED SUBSTANCE USE DISORDER,546
IRSUICTHNK,Ideación suicida,DL,IRFAMSOC,0.00012310583866201457,FAM RECEIVE SS OR RR PAYMENTS - IMPUTATION REVISED,IMPUTED INCOME,547
IRSUICTHNK,Ideación suicida,DL,HLNVOFFR,0.00012250573746859923,NEVER HAD HEALTH INSURANCE BECAUSE EMPLOYER DOESN'T OFFER,HEALTH INSURANCE,548
IRSUICTHNK,Ideación suicida,DL,FUPCP18,0.0001218725815415378,RC-FIRST USED PCP PRIOR TO AGE 18,RECODED DRUG USE,549
IRSUICTHNK,Ideación suicida,DL,MJCMOTHMON,0.00012097953166812669,RC-COMBINED OTHER MARIJUANA MODES - PAST MONTH USE,RECODED DRUG USE,550
IRSUICTHNK,Ideación suicida,DL,SRCFRPNRNM,0.0001208449136465764,RC-SOURCE OF FRIEND/RELATIVE PAIN RELIEVERS FOR LAST MISUSE,RECODED DRUG USE,551
IRSUICTHNK,Ideación suicida,DL,NICVAPMON,0.00011740257660858622,RC-NICOTINE VAPING - PAST MONTH USE,RECODED DRUG USE,552
IRSUICTHNK,Ideación suicida,DL,DAMTFXFLAG,0.00011729500535875598,RC-DMT/AMT/FOXY - EVER USED,RECODED DRUG USE,553
IRSUICTHNK,Ideación suicida,DL,SMKLSMDAYS,0.00011427232436835743,RC-# OF DAYS USED SMOKELESS TOBACCO IN PAST MONTH,RECODED DRUG USE,554
IRSUICTHNK,Ideación suicida,DL,SYNSTMEVR,0.00011373311374336864,EVER USED SYNTHETIC STIMULANTS,EMERGING ISSUES,555
IRSUICTHNK,Ideación suicida,DL,UADFWHO,0.00011089939996600129,RC-WHO GAVE UNDERAGE DRINKER MOST RECENT ALCOHOL,RECODED CONSUMPTION OF ALCOHOL,556
IRSUICTHNK,Ideación suicida,DL,BKBURGL,0.00010908647626638624,ARRSTD & BOOKED FOR BURGLARY/B & E PAST 12 MOS,SPECIAL TOPICS,557
IRSUICTHNK,Ideación suicida,DL,SYNMRJFLAG,0.0001076843177274911,RC-SYNTHETIC MARIJUANA - EVER USED,RECODED EMERGING ISSUES,558
IRSUICTHNK,Ideación suicida,DL,UADFRD,0.00010723720118403474,"RC-MOST RECENT ALCOHOL FROM FRIEND, UNSPEC AGE/METHOD",RECODED CONSUMPTION OF ALCOHOL,559
IRSUICTHNK,Ideación suicida,DL,RXBZOTMIS,0.00010680035874247637,RC-BENZODIAZEPINE TRANQUILIZERS - PAST YEAR MISUSE,RECODED DRUG USE,560
IRSUICTHNK,Ideación suicida,DL,OTHRPNRANY2,0.0001065016938373442,RC-OTHER PAIN RELIEVER PRODUCTS - ANY PAST YEAR USE,RECODED DRUG USE,561
IRSUICTHNK,Ideación suicida,DL,CAOVARY,0.00010618255753070155,TYPE OF CANCER: OVARY (FEMALES ONLY),HEALTH,562
IRSUICTHNK,Ideación suicida,DL,CRKYLU,0.00010442630387842793,YEAR OF LAST CRACK USE - RECODE,PRIOR SUBSTANCE USE,563
IRSUICTHNK,Ideación suicida,DL,UD5ILAALANY,0.0001044112402014441,RC-DRUG AND ALCOHOL USE DISORDER - PAST YEAR USERS,RECODED SUBSTANCE USE DISORDER,564
IRSUICTHNK,Ideación suicida,DL,FLVVAPEVR,0.00010311867669224914,EVER VAPED ONLY FLAVORING WITHOUT NICOTINE/SUBSTANCE,EMERGING ISSUES,565
IRSUICTHNK,Ideación suicida,DL,SEDANYYR,0.0001022510509937996,RC-ANY SEDATIVES - PAST YEAR USE,RECODED DRUG USE,566
IRSUICTHNK,Ideación suicida,DL,MJVAPMON,0.00010174853718586479,RC-MARIJUANA VAPING - PAST MONTH USE,RECODED DRUG USE,567
IRSUICTHNK,Ideación suicida,DL,KIDNYDSAG,0.0001015394083924559,AGE KIDNEY DISEASE 1ST DIAGNOSED,HEALTH,568
IRSUICTHNK,Ideación suicida,DL,COCYDAYS,0.0001014765042345972,RC-# OF DAYS USED COCAINE IN PAST YEAR,RECODED DRUG USE,569
IRSUICTHNK,Ideación suicida,DL,SEVYROPPRANY,0.00010116789396851983,"RC-RX OPIOID USE DISORDER SEVERITY, PY USERS",RECODED SUBSTANCE USE DISORDER,570
IRSUICTHNK,Ideación suicida,DL,IRIMFREC,9.803056903183476e-05,ILLEGALLY MADE FENTANYL RECENCY - IMPUTATION REVISED,IMPUTED EMERGING ISSUES,571
IRSUICTHNK,Ideación suicida,DL,FLVVAPMON,9.790046431589871e-05,RC-ONLY FLAVORING VAPING - PAST MONTH USE,RECODED EMERGING ISSUES,572
IRSUICTHNK,Ideación suicida,DL,UD5ILNALANY,9.6826819122727e-05,"RC-DRUG USE DISORDER, NO ALC USE DISORDER - PAST YEAR USERS",RECODED SUBSTANCE USE DISORDER,573
IRSUICTHNK,Ideación suicida,DL,DRVINDRG,9.617477282881925e-05,RC-DROVE UNDER INFLUENCE OF SELECTED ILL DRUGS IN PAST YR,RECODED SPECIAL TOPICS,574
IRSUICTHNK,Ideación suicida,DL,UADCAG,9.604730411407691e-05,RC-WHO PURCHASED UNDERAGE DRINKER MOST RECENT ALCOHOL,RECODED CONSUMPTION OF ALCOHOL,575
IRSUICTHNK,Ideación suicida,DL,UD5HROPANY,9.387721354141954e-05,RC-HEROIN/RX OPIOID USE DISORDER - PAST YEAR USERS,RECODED SUBSTANCE USE DISORDER,576
IRSUICTHNK,Ideación suicida,DL,HALLUCMON,9.255509544163987e-05,RC-HALLUCINOGENS - PAST MONTH USE,RECODED DRUG USE,577
IRSUICTHNK,Ideación suicida,DL,RXAMMEANY,9.241523093078463e-05,RC-AMPHETAMINE OR METHYLPHENIDATE PRODS - ANY PAST YEAR USE,RECODED DRUG USE,578
IRSUICTHNK,Ideación suicida,DL,STMMAINRSN,9.209859871771115e-05,RC-MAIN REASON FOR MISUSING STIMULANTS LAST EPISODE,RECODED DRUG USE,579
IRSUICTHNK,Ideación suicida,DL,STMNMYR,9.133958560414657e-05,RC-STIMULANTS - PAST YEAR MISUSE,RECODED DRUG USE,580
IRSUICTHNK,Ideación suicida,DL,SRCSTMNM2,8.607109170407024e-05,RC-SOURCE OF STIMULANTS FOR LAST MISUSE,RECODED DRUG USE,581
IRSUICTHNK,Ideación suicida,DL,UDYR5TRQANY,8.532388014228509e-05,"RC-TRANQUILIZER USE DISORDER, PY USERS",RECODED SUBSTANCE USE DISORDER,582
IRSUICTHNK,Ideación suicida,DL,SVYRCNSUNM,8.17349096087136e-05,"RC-CNS STIM USE DIS SEV, PY STM USERS/ NOT MISUSERS ONLY",RECODED SUBSTANCE USE DISORDER,583
IRSUICTHNK,Ideación suicida,DL,IRUD5TRQUNM,8.084755390882215e-05,"TRANQUILIZER USE DISORDER, PY USERS BUT NOT MISUSERS-IMP REV",IMPUTED SUBSTANCE USE DISORDER,584
IRSUICTHNK,Ideación suicida,DL,SMKMOLAST,8.073436468839873e-05,MONTH OF LAST SMOKELESS TOBACCO USE - RECODE,PRIOR SUBSTANCE USE,585
IRSUICTHNK,Ideación suicida,DL,IRSEVSEDUNM,7.996290922164862e-05,"SEDATIVE USE DIS SEV, PY USERS BUT NOT MISUSERS - IMP REV",IMPUTED SUBSTANCE USE DISORDER,586
IRSUICTHNK,Ideación suicida,DL,UD5OPIANY2,7.948194172689827e-05,RC-OPIOID (RX OPI OR HEROIN) USE DISORDER - PAST YEAR USERS,RECODED SUBSTANCE USE DISORDER,587
IRSUICTHNK,Ideación suicida,DL,IMFFLAG,7.903966493904568e-05,RC-ILLEGALLY MADE FENTANYL - EVER USED,RECODED EMERGING ISSUES,588
IRSUICTHNK,Ideación suicida,DL,STMNMMON,7.87354484200481e-05,RC-STIMULANTS - PAST MONTH MISUSE,RECODED DRUG USE,589
IRSUICTHNK,Ideación suicida,DL,NOOPPRANYYR,7.785505196079623e-05,RC-NONOPIOID PRESCRIPTION PNR - ANY PAST YEAR USE,RECODED DRUG USE,590
IRSUICTHNK,Ideación suicida,DL,FUNICVAP18,7.776762929279244e-05,RC-FIRST VAPED NICOTINE PRIOR TO AGE 18,RECODED DRUG USE,591
IRSUICTHNK,Ideación suicida,DL,MJONLYYR2,7.70799878792125e-05,RC-MARIJUANA ONLY - PAST YEAR USE,RECODED DRUG USE,592
IRSUICTHNK,Ideación suicida,DL,FUCRK18,7.601415738463041e-05,RC-FIRST USED CRACK PRIOR TO AGE 18,RECODED DRUG USE,593
IRSUICTHNK,Ideación suicida,DL,MJMTHMON,7.59073179215189e-05,RC-MARIJUANA DRPS/STRPS/LZNGS/SPRYS IN MOUTH-PAST MONTH USE,RECODED DRUG USE,594
IRSUICTHNK,Ideación suicida,DL,CDCGMO,7.546596648171838e-05,RC-EVER USED CIG DAILY AND PAST MONTH CIG USE,RECODED DRUG USE,595
IRSUICTHNK,Ideación suicida,DL,UD5OPIGRP,7.544639706611622e-05,"RC-OPIOID USE DISORDER - PY USE, MISUSE, USE/NOT MISUSE",RECODED SUBSTANCE USE DISORDER,596
IRSUICTHNK,Ideación suicida,DL,SRCFRSTMNM,7.528582587838145e-05,RC-SOURCE OF FRIEND/RELATIVE STIMULANTS FOR LAST MISUSE,RECODED DRUG USE,597
IRSUICTHNK,Ideación suicida,DL,INHLMOLST,7.436183339450536e-05,MONTH OF LAST INHALANT USE - RECODE,PRIOR SUBSTANCE USE,598
IRSUICTHNK,Ideación suicida,DL,HALLNDAYPM,7.360057905316325e-05,RC-# OF DAYS USED HALLUCINOGENS IN PAST MONTH,RECODED DRUG USE,599
IRSUICTHNK,Ideación suicida,DL,IMFEVER,7.292728126049253e-05,EVER USED ILLEGALLY MADE FENTANYL,EMERGING ISSUES,600
IRSUICTHNK,Ideación suicida,DL,RXAMMEMIS,7.265364006161567e-05,RC-AMPHETAMINE OR METHYLPHENIDATE PRODS - PAST YEAR MISUSE,RECODED DRUG USE,601
IRSUICTHNK,Ideación suicida,DL,CASKINOTH,7.149923779070255e-05,TYPE OF CANCER: SKIN (NOT MELANOMA),HEALTH,602
IRSUICTHNK,Ideación suicida,DL,OTHRTRQANY,7.145424450656052e-05,RC-OTHER TRANQUILIZER- ANY PAST YEAR USE,RECODED DRUG USE,603
IRSUICTHNK,Ideación suicida,DL,CAMELANOM,7.144615066499827e-05,TYPE OF CANCER: MELANOMA,HEALTH,604
IRSUICTHNK,Ideación suicida,DL,CACOLNRECT,7.042347453534562e-05,TYPE OF CANCER: COLON/RECTUM,HEALTH,605
IRSUICTHNK,Ideación suicida,DL,COCFLAG,6.98155197314898e-05,RC-COCAINE - EVER USED,RECODED DRUG USE,606
IRSUICTHNK,Ideación suicida,DL,INHALYR2,6.911574862897423e-05,RC-INHALANTS - PAST YEAR USE,RECODED DRUG USE,607
IRSUICTHNK,Ideación suicida,DL,FUHALLUC18,6.859358912333886e-05,RC-FIRST USED HALLUCINOGENS PRIOR TO AGE 18,RECODED DRUG USE,608
IRSUICTHNK,Ideación suicida,DL,INHNDAYPM2,6.702369078993797e-05,RC-# OF DAYS USED INHALANTS IN PAST MONTH,RECODED DRUG USE,609
IRSUICTHNK,Ideación suicida,DL,CNSNMMON,6.642148271202991e-05,RC-CENTRAL NERVOUS SYSTEM STIMULANTS - PAST MONTH MISUSE,RECODED DRUG USE,610
IRSUICTHNK,Ideación suicida,DL,UADBAR,6.527438337808527e-05,"RC-MOST RECENT ALCOHOL USE AT RESTAURANT, BAR, OR CLUB",RECODED CONSUMPTION OF ALCOHOL,611
IRSUICTHNK,Ideación suicida,DL,IRPYUD5COC,6.383784301579016e-05,COCAINE USE DISORDER IN THE PAST YEAR - IMP REV,IMPUTED SUBSTANCE USE DISORDER,612
IRSUICTHNK,Ideación suicida,DL,STMNDAYPM,6.330409180372975e-05,RC-# OF DAYS MISUSED STIMULANTS IN PAST MONTH,RECODED DRUG USE,613
IRSUICTHNK,Ideación suicida,DL,SEDNMFLAG,6.274917908012905e-05,RC-SEDATIVES - EVER MISUSED,RECODED DRUG USE,614
IRSUICTHNK,Ideación suicida,DL,MJSKNMON,6.231693178415265e-05,RC-MARIJUANA LOTION/CREAM/PATCH TO SKIN - PAST MONTH USE,RECODED DRUG USE,615
IRSUICTHNK,Ideación suicida,DL,HERSMOEVER,6.148691941052663e-05,RC-EVER SMOKED HEROIN,RECODED SPECIAL DRUGS,616
IRSUICTHNK,Ideación suicida,DL,CBDHMPMON,6.096793225149444e-05,RC-CBD OR HEMP - PAST MONTH USE,RECODED DRUG USE,617
IRSUICTHNK,Ideación suicida,DL,RXDIAZMIS,6.085602007806057e-05,RC-DIAZEPAM PRODUCTS - PAST YEAR MISUSE,RECODED DRUG USE,618
IRSUICTHNK,Ideación suicida,DL,METHAMYR,6.080673635005973e-05,RC-METHAMPHETAMINE - PAST YEAR USE,RECODED DRUG USE,619
IRSUICTHNK,Ideación suicida,DL,BZONMYR,6.006414815783567e-05,RC - ANY BENZODIAZEPINES - PAST YEAR MISUSE,RECODED DRUG USE,620
IRSUICTHNK,Ideación suicida,DL,FPIMFANYYR2,5.996960587799555e-05,RC-FENTANYL PRODUCTS INCLUDING IMF - ANY PAST YEAR USE,RECODED EMERGING ISSUES,621
IRSUICTHNK,Ideación suicida,DL,CAESOPSTOM,5.9943617321552565e-05,TYPE OF CANCER: ESOPHAGUS/STOMACH,HEALTH,622
IRSUICTHNK,Ideación suicida,DL,FLVVAPFLAG,5.9100268525072024e-05,RC-ONLY FLAVORING VAPING - EVER USED,RECODED EMERGING ISSUES,623
IRSUICTHNK,Ideación suicida,DL,MILSTAT,5.8551512058329924e-05,CURRENT MILITARY STATUS,DEMOGRAPHICS,624
IRSUICTHNK,Ideación suicida,DL,MJSKNYR,5.805942136794307e-05,RC-MARIJUANA LOTION/CREAM/PATCH TO SKIN - PAST YEAR USE,RECODED DRUG USE,625
IRSUICTHNK,Ideación suicida,DL,FUHER21,5.6187422014772895e-05,RC-FIRST USED HEROIN PRIOR TO AGE 21,RECODED DRUG USE,626
IRSUICTHNK,Ideación suicida,DL,IRSYNMRJREC,5.595220718533162e-05,SYNTHETIC MARIJUANA RECENCY - IMPUTATION REVISED,IMPUTED EMERGING ISSUES,627
IRSUICTHNK,Ideación suicida,DL,NPCOLDMON,5.5347757413983234e-05,RC-NONPRESCRIPTION COUGH OR COLD MEDS - PAST MONTH USE,RECODED SPECIAL DRUGS,628
IRSUICTHNK,Ideación suicida,DL,ECSTMOMON,5.447173863649374e-05,RC-ECSTASY - PAST MONTH USE,RECODED DRUG USE,629
IRSUICTHNK,Ideación suicida,DL,ECSTMOYR,5.4417290724813605e-05,RC-ECSTASY - PAST YEAR USE,RECODED DRUG USE,630
IRSUICTHNK,Ideación suicida,DL,RXAMPHMIS,5.431748088449262e-05,RC-AMPHETAMINE - PAST YEAR MISUSE,RECODED DRUG USE,631
IRSUICTHNK,Ideación suicida,DL,IRUD5STMUNM,5.383583903312311e-05,"STIMULANT USE DISORDER, PY USERS BUT NOT MISUSERS - IMP REV",IMPUTED SUBSTANCE USE DISORDER,632
IRSUICTHNK,Ideación suicida,DL,PCPMLU,5.380277847871179e-05,MONTH OF LAST PCP USE - RECODE,PRIOR SUBSTANCE USE,633
IRSUICTHNK,Ideación suicida,DL,SALVIAFLAG,5.3577051032336064e-05,RC-SALVIA - EVER USED,RECODED DRUG USE,634
IRSUICTHNK,Ideación suicida,DL,CNSANYYR,5.326073359444211e-05,RC-ANY CENTRAL NERVOUS SYSTEM STIMULANTS - PAST YEAR USE,RECODED DRUG USE,635
IRSUICTHNK,Ideación suicida,DL,PCPFLAG,5.1657666452228355e-05,RC-PCP - EVER USED,RECODED DRUG USE,636
IRSUICTHNK,Ideación suicida,DL,IRPYUD5MTH,5.0925297662615664e-05,METHAMPHETAMINE USE DISORDER IN THE PAST YEAR - IMP REV,IMPUTED SUBSTANCE USE DISORDER,637
IRSUICTHNK,Ideación suicida,DL,IRPYSEV5COC,5.0823349971324264e-05,COCAINE USE DISORDER SEVERITY IN THE PAST YEAR - IMP REV,IMPUTED SUBSTANCE USE DISORDER,638
IRSUICTHNK,Ideación suicida,DL,IRUD5SEDUNM,4.9252718687057276e-05,"SEDATIVE USE DISORDER, PY USERS BUT NOT MISUSERS - IMP REV",IMPUTED SUBSTANCE USE DISORDER,639
IRSUICTHNK,Ideación suicida,DL,RXZOHYANY2,4.784465022385137e-05,RC-ZOHYDRO ER - ANY PAST YEAR USE,RECODED DRUG USE,640
IRSUICTHNK,Ideación suicida,DL,SEVYRSEDANY,4.5775270089506995e-05,"RC-SEDATIVE USE DISORDER SEVERITY, PY USERS",RECODED SUBSTANCE USE DISORDER,641
IRSUICTHNK,Ideación suicida,DL,METHNDAYYR,4.484539479017252e-05,RC-# OF DAYS USED METHAMPHETAMINE IN PAST YEAR,RECODED DRUG USE,642
IRSUICTHNK,Ideación suicida,DL,RXTRAMMIS,4.457577317953126e-05,RC-TRAMADOL PRODUCTS - PAST YEAR MISUSE,RECODED DRUG USE,643
IRSUICTHNK,Ideación suicida,DL,GLUEEVER2,4.445195198059082e-05,"RC-EVER INHALED GLUE, SHOE POLISH, OR TOLUENE",RECODED DRUG USE,644
IRSUICTHNK,Ideación suicida,DL,CLEFLUEVER2,4.440219141542967e-05,"RC-EVER INHALED CORRECTION FLUID, DEGREASER, ETC.",RECODED DRUG USE,645
IRSUICTHNK,Ideación suicida,DL,MJDABMON,4.2543859221041425e-05,"RC-MARIJUANA DABBING WAXES, SHATTER, OR CONC-PAST MONTH USE",RECODED DRUG USE,646
IRSUICTHNK,Ideación suicida,DL,SRCTRQNM2,4.050212729179853e-05,RC-SOURCE OF TRANQUILIZERS FOR LAST MISUSE,RECODED DRUG USE,647
IRSUICTHNK,Ideación suicida,DL,IRUD5PNRMIS,3.8920896127821735e-05,"PAIN RELIEVER USE DISORDER, PY MISUERS - IMP REV",IMPUTED SUBSTANCE USE DISORDER,648
IRSUICTHNK,Ideación suicida,DL,KETMINYR,3.8410885259508866e-05,RC-KETAMINE - PAST YEAR USE,RECODED DRUG USE,649
IRSUICTHNK,Ideación suicida,DL,UADBWHO,3.6603432148694937e-05,RC-HOW UNDERAGE DRINKER PURCHASED MOST RECNT ALCOHOL,RECODED CONSUMPTION OF ALCOHOL,650
IRSUICTHNK,Ideación suicida,DL,FUECSTMO18,3.655701130628741e-05,RC-FIRST USED ECSTASY PRIOR TO AGE 18,RECODED DRUG USE,651
IRSUICTHNK,Ideación suicida,DL,RXOPPRNMMON,3.603332489728967e-05,RC-PRESCRIPTION OPIOIDS - PAST MONTH MISUSE,RECODED DRUG USE,652
IRSUICTHNK,Ideación suicida,DL,OXYCNANYYR2,3.464485798031103e-05,RC-OXYCONTIN - PAST YEAR USE,RECODED DRUG USE,653
IRSUICTHNK,Ideación suicida,DL,RXMTDNANY2,3.387786541134141e-05,RC-METHADONE PRODUCTS - ANY PAST YEAR USE,RECODED DRUG USE,654
IRSUICTHNK,Ideación suicida,DL,CGRMON,3.3854181878270885e-05,RC-CIGARS - PAST MONTH USE,RECODED DRUG USE,655
IRSUICTHNK,Ideación suicida,DL,IMFNEDFLAG,3.2672014087438696e-05,RC-EVER USED A NEEDLE TO INJECT IMF,RECODED EMERGING ISSUES,656
IRSUICTHNK,Ideación suicida,DL,SMKLSSYR,3.232086356729225e-05,RC-SMOKELESS TOBACCO - PAST YEAR USE,RECODED DRUG USE,657
IRSUICTHNK,Ideación suicida,DL,SMKLSSMON,3.1953708268701864e-05,RC-SMOKELESS TOBACCO - PAST MONTH USE,RECODED DRUG USE,658
IRSUICTHNK,Ideación suicida,DL,INHNDAYYR2,3.191560879349714e-05,RC-# OF DAYS USED INHALANTS IN PAST YEAR,RECODED DRUG USE,659
IRSUICTHNK,Ideación suicida,DL,SVYROPIANY2,3.078019805252352e-05,"RC-OPIOID (RX OPIOIDS OR HEROIN) USE DISORDER SEV, PY USERS",RECODED SUBSTANCE USE DISORDER,660
IRSUICTHNK,Ideación suicida,DL,COCMON,3.0633132904768215e-05,RC-COCAINE - PAST MONTH USE,RECODED DRUG USE,661
IRSUICTHNK,Ideación suicida,DL,COCNEDEVER,2.8901379555464068e-05,RC-EVER USED A NEEDLE TO INJECT COCAINE,RECODED SPECIAL DRUGS,662
IRSUICTHNK,Ideación suicida,DL,UADPLACE,2.7888292446732186e-05,RC-WHERE UNDERAGE DRINKER PURCHSD MOST RECNT ALCOHOL,RECODED CONSUMPTION OF ALCOHOL,663
IRSUICTHNK,Ideación suicida,DL,RXMTHPMIS,2.7584016323089767e-05,RC-METHYLPHENIDATE PRODUCTS - PAST YEAR MISUSE,RECODED DRUG USE,664
IRSUICTHNK,Ideación suicida,DL,PCPYLU,2.7552256360649787e-05,YEAR OF LAST PCP USE - RECODE,PRIOR SUBSTANCE USE,665
IRSUICTHNK,Ideación suicida,DL,SEVYRSTMANY,2.609686553478152e-05,"RC-STIMULANT USE DISORDER SEVERITY, PY USERS",RECODED SUBSTANCE USE DISORDER,666
IRSUICTHNK,Ideación suicida,DL,CADRKCOCN2,2.5953003205358983e-05,RC-USED COCAINE WITH LAST ALCOHOL USE,RECODED CONSUMPTION OF ALCOHOL,667
IRSUICTHNK,Ideación suicida,DL,COCMDAYS,2.5702610611915423e-05,RC-# OF DAYS USED COCAINE IN PAST MONTH,RECODED DRUG USE,668
IRSUICTHNK,Ideación suicida,DL,CAPROSTEST,2.5105681869716233e-05,TYPE OF CANCER: PROSTATE/TESTIS (MALES ONLY),HEALTH,669
IRSUICTHNK,Ideación suicida,DL,CAGALLIVPAN,2.5027654133735476e-05,TYPE OF CANCER: GALLBLADDER/LIVER/PANCREAS,HEALTH,670
IRSUICTHNK,Ideación suicida,DL,STMNMFLAG,2.4704575538634366e-05,RC-STIMULANTS - EVER MISUSED,RECODED DRUG USE,671
IRSUICTHNK,Ideación suicida,DL,SVYROPIMIS,2.4697378560916695e-05,"RC-OPIOID USE DISORDER SEVERITY, PY MISUSERS",RECODED SUBSTANCE USE DISORDER,672
IRSUICTHNK,Ideación suicida,DL,DRVINDROTMJ,2.370628993958235e-05,RC-DROVE UNDER INFLUENCE OF SELECTED ILL DRG OTH MRJ IN PY,RECODED SPECIAL TOPICS,673
IRSUICTHNK,Ideación suicida,DL,SVYROPIUNM,2.3143474943935483e-05,"RC-OPIOID USE DIS SEV, PY RX OPIOID USERS/NOT MISUSERS ONLY",RECODED SUBSTANCE USE DISORDER,674
IRSUICTHNK,Ideación suicida,DL,HERSNIEVER,2.224292158544722e-05,RC-EVER SNIFFED HEROIN,RECODED SPECIAL DRUGS,675
IRSUICTHNK,Ideación suicida,DL,DRVINHERN,2.1695936098690555e-05,DROVE UNDER INFLUENCE OF HEROIN PAST 12 MOS,SPECIAL TOPICS,676
IRSUICTHNK,Ideación suicida,DL,TQSDNMYR,2.1159591954529043e-05,RC-TRANQUILIZERS OR SEDATIVES - PAST YEAR MISUSE,RECODED DRUG USE,677
IRSUICTHNK,Ideación suicida,DL,MESCEVER,2.0980050787329507e-05,RC-EVER USED MESCALINE,RECODED DRUG USE,678
IRSUICTHNK,Ideación suicida,DL,SRCCLFRSTM,1.9434681162238123e-05,RC-COLLAPSED SOURCE OF FRND/REL STIMULANTS FOR LAST MISUSE,RECODED DRUG USE,679
IRSUICTHNK,Ideación suicida,DL,INHALMON2,1.842230837792197e-05,RC-INHALANTS - PAST MONTH USE,RECODED DRUG USE,680
IRSUICTHNK,Ideación suicida,DL,SPAINTEVER2,1.7906983382999788e-05,RC-EVER INHALED SPRAY PAINTS,RECODED DRUG USE,681
IRSUICTHNK,Ideación suicida,DL,RXANORANY,1.650640834122863e-05,RC-ANORECTIC STIMULANTS - ANY PAST YEAR USE,RECODED DRUG USE,682
IRSUICTHNK,Ideación suicida,DL,NPCOLDYR,1.611726137343783e-05,RC-NONPRESCRIPTION COUGH OR COLD MEDS - PAST YEAR USE,RECODED SPECIAL DRUGS,683
IRSUICTHNK,Ideación suicida,DL,RXOXYMANY2,1.4072451740502756e-05,RC-OXYMORPHONE PRODUCTS - ANY PAST YEAR USE,RECODED DRUG USE,684
IRSUICTHNK,Ideación suicida,DL,PCPAGLST,1.376452483236812e-05,HOW OLD WERE YOU THE LAST TIME USED PCP,PRIOR SUBSTANCE USE,685
IRSUICTHNK,Ideación suicida,DL,SOLVENEVER2,1.3153921987395789e-05,"RC-EVER INHALED LACQUER THINNER, OTHER PAINT SOLVENTS",RECODED DRUG USE,686
IRSUICTHNK,Ideación suicida,DL,PSILCYMON,1.2861611321568488e-05,RC-PSILOCYBIN - PAST MONTH USE,RECODED DRUG USE,687
IRSUICTHNK,Ideación suicida,DL,PEYOTEEVER,1.2295706197619493e-05,RC-EVER USED PEYOTE,RECODED DRUG USE,688
IRSUICTHNK,Ideación suicida,DL,METHNDAYPM,1.1165577918290926e-05,RC-# OF DAYS USED METHAMPHETAMINE IN PAST MONTH,RECODED DRUG USE,689
IRSUICTHNK,Ideación suicida,DL,METHAMMON,9.883727878332304e-06,RC-METHAMPHETAMINE - PAST MONTH USE,RECODED DRUG USE,690
IRSUICTHNK,Ideación suicida,DL,LGASEVER2,8.038878440856934e-06,"RC-EVER INHALED LIGHTER GASES (BUTANE, PROPANE)",RECODED DRUG USE,691
IRSUICTHNK,Ideación suicida,DL,OTHAEREVER2,6.507089361548757e-06,RC-EVER USED OTHER AEROSOL SPRAY,RECODED DRUG USE,692
IRSUICTHNK,Ideación suicida,DL,RXDEMEANY2,6.32270984351646e-06,RC-DEMEROL PRODUCTS - ANY PAST YEAR USE,RECODED DRUG USE,693
IRSUICTHNK,Ideación suicida,DL,FUPCP21,5.219334736466242e-06,RC-FIRST USED PCP PRIOR TO AGE 21,RECODED DRUG USE,694
IRSUICTHNK,Ideación suicida,DL,RXHYDMANY2,3.5829180851576492e-06,RC-HYDROMORPHONE PRODUCTS - ANY PAST YEAR USE,RECODED DRUG USE,695
IRSUICTHNK,Ideación suicida,DL,IRSEVPNRUNM2,2.9346193186940984e-06,"PAIN RELIEVER USE DIS SEV, PY USERS BUT NOT MISUSERS-IMP REV",IMPUTED SUBSTANCE USE DISORDER,696
IRSUICTHNK,Ideación suicida,DL,IRUD5PNRUNM2,1.6591367311771799e-06,"PAIN RELIEVER USE DISORD, PY USERS BUT NOT MISUSERS-IMP REV",IMPUTED SUBSTANCE USE DISORDER,697
IRSUICTHNK,Ideación suicida,DL,UDYR5SEDANY,1.1898763477763419e-07,"RC-SEDATIVE USE DISORDER, PY USERS",RECODED SUBSTANCE USE DISORDER,698
IRSUICTHNK,Ideación suicida,DL,SYNSTMYR,0.0,RC-SYNTHETIC STIMULANTS - PAST YEAR USE,RECODED EMERGING ISSUES,699
IRSUICTHNK,Ideación suicida,DL,SYNSTMFLAG,0.0,RC-SYNTHETIC STIMULANTS - EVER USED,RECODED EMERGING ISSUES,700
IRSUICTHNK,Ideación suicida,DL,KRATOMYR,0.0,RC-KRATOM - PAST YEAR USE,RECODED EMERGING ISSUES,701
IRSUICTHNK,Ideación suicida,DL,IRPYUD5INH,0.0,INHALANT USE DISORDER IN THE PAST YEAR - IMP REV,IMPUTED SUBSTANCE USE DISORDER,702
IRSUICTHNK,Ideación suicida,DL,FPIMFNMYR,0.0,RC-FENTANYL PRODUCTS INCLUDING IMF - PAST YEAR MISUSE,RECODED EMERGING ISSUES,703
IRSUICTHNK,Ideación suicida,DL,ANYNEDYR,0.0,RC- USED A NEEDLE TO INJECT DRUGS - PAST YEAR,RECODED EMERGING ISSUES,704
IRSUICTHNK,Ideación suicida,DL,IRUD5STMMIS,0.0,"STIMULANT USE DISORDER, PY MISUSERS - IMP REV",IMPUTED SUBSTANCE USE DISORDER,705
IRSUICTHNK,Ideación suicida,DL,IRUD5SEDMIS,0.0,"SEDATIVE USE DISORDER, PY MISUSERS - IMP REV",IMPUTED SUBSTANCE USE DISORDER,706
IRSUICTHNK,Ideación suicida,DL,IRPYSEV5HER,0.0,HEROIN USE DISORDER SEVERITY IN THE PAST YEAR - IMP REV,IMPUTED SUBSTANCE USE DISORDER,707
IRSUICTHNK,Ideación suicida,DL,IRPYSEV5HAL,0.0,HALLUCINOGEN USE DISORDER SEVERITY IN THE PAST YR - IMP REV,IMPUTED SUBSTANCE USE DISORDER,708
IRSUICTHNK,Ideación suicida,DL,IRUD5TRQMIS,0.0,"TRANQUILIZER USE DISORDER, PY MISUSERS - IMP REV",IMPUTED SUBSTANCE USE DISORDER,709
IRSUICTHNK,Ideación suicida,DL,IRPYSEV5INH,0.0,INHALANT USE DISORDER SEVERITY IN THE PAST YEAR - IMP REV,IMPUTED SUBSTANCE USE DISORDER,710
IRSUICTHNK,Ideación suicida,DL,IRSEVTRQMIS,0.0,"TRANQUILIZER USE DISORDER SEVERITY, PY MISUSERS - IMP REV",IMPUTED SUBSTANCE USE DISORDER,711
IRSUICTHNK,Ideación suicida,DL,SYNSTMMON,0.0,RC-SYNTHETIC STIMULANTS - PAST MONTH USE,RECODED EMERGING ISSUES,712
IRSUICTHNK,Ideación suicida,DL,IMFYR,0.0,RC-ILLEGALLY MADE FENTANYL - PAST YEAR USE,RECODED EMERGING ISSUES,713
IRSUICTHNK,Ideación suicida,DL,IMFMON,0.0,RC-ILLEGALLY MADE FENTANYL - PAST MONTH USE,RECODED EMERGING ISSUES,714
IRSUICTHNK,Ideación suicida,DL,KRATOMMON,0.0,RC-KRATOM - PAST MONTH USE,RECODED EMERGING ISSUES,715
IRSUICTHNK,Ideación suicida,DL,SYNMRJYR,0.0,RC-SYNTHETIC MARIJUANA - PAST YEAR USE,RECODED EMERGING ISSUES,716
IRSUICTHNK,Ideación suicida,DL,IRSYNSTMREC,0.0,SYNTHETIC STIMULANTS RECENCY - IMPUTATION REVISED,IMPUTED EMERGING ISSUES,717
IRSUICTHNK,Ideación suicida,DL,GHBYR,0.0,RC-GHB - PAST YEAR USE,RECODED SPECIAL DRUGS,718
IRSUICTHNK,Ideación suicida,DL,GHBMON,0.0,RC-GHB - PAST MONTH USE,RECODED SPECIAL DRUGS,719
IRSUICTHNK,Ideación suicida,DL,IRPYUD5HAL,0.0,HALLUCINOGEN USE DISORDER IN THE PAST YEAR - IMP REV,IMPUTED SUBSTANCE USE DISORDER,720
IRSUICTHNK,Ideación suicida,DL,IRPYUD5HER,0.0,HEROIN USE DISORDER IN THE PAST YEAR - IMP REV,IMPUTED SUBSTANCE USE DISORDER,721
IRSUICTHNK,Ideación suicida,DL,FUSTMNM21,0.0,RC-FIRST MISUSED STIMULANTS PRIOR TO AGE 21,RECODED DRUG USE,722
IRSUICTHNK,Ideación suicida,DL,FUSEDNM21,0.0,RC-FIRST MISUSED SEDATIVES PRIOR TO AGE 21,RECODED DRUG USE,723
IRSUICTHNK,Ideación suicida,DL,SEDMAINRSN,0.0,RC-MAIN REASON FOR MISUSING SEDATIVES LAST EPISODE,RECODED DRUG USE,724
IRSUICTHNK,Ideación suicida,DL,FUSTMNM18,0.0,RC-FIRST MISUSED STIMULANTS PRIOR TO AGE 18,RECODED DRUG USE,725
IRSUICTHNK,Ideación suicida,DL,SRCSEDNM2,0.0,RC-SOURCE OF SEDATIVES FOR LAST MISUSE,RECODED DRUG USE,726
IRSUICTHNK,Ideación suicida,DL,SRCFRSEDNM,0.0,RC-SOURCE OF FRIEND/RELATIVE SEDATIVES FOR LAST MISUSE,RECODED DRUG USE,727
IRSUICTHNK,Ideación suicida,DL,NOOPPRNMYR,0.0,RC-NONOPIOID PRESCRIPTION PNR - PAST YEAR MISUSE,RECODED DRUG USE,728
IRSUICTHNK,Ideación suicida,DL,SRCCLFRSED,0.0,RC-COLLAPSED SOURCE OF FRND/REL SEDATIVES FOR LAST MISUSE,RECODED DRUG USE,729
IRSUICTHNK,Ideación suicida,DL,IINPCOLDREC,0.0,NONPRESCRIPTION COUGH OR COLD MEDS RECENCY - IMPUTATION IND,IMPUTED SPECIAL DRUGS,730
IRSUICTHNK,Ideación suicida,DL,IRGHBREC,0.0,GHB RECENCY - IMPUTATION REVISED,IMPUTED SPECIAL DRUGS,731
IRSUICTHNK,Ideación suicida,DL,MTHNEDEVER,0.0,RC-EVER USED NEEDLE TO INJECT METHAMPHETAMINE,RECODED SPECIAL DRUGS,732
IRSUICTHNK,Ideación suicida,DL,FUHER18,0.0,RC-FIRST USED HEROIN PRIOR TO AGE 18,RECODED DRUG USE,733
IRSUICTHNK,Ideación suicida,DL,FUMETHAM18,0.0,RC-FIRST USED METHAMPHETAMINE PRIOR TO AGE 18,RECODED DRUG USE,734
IRSUICTHNK,Ideación suicida,DL,FUPNRNM18,0.0,RC-FIRST MISUSED PAIN RELIEVERS PRIOR TO AGE 18,RECODED DRUG USE,735
IRSUICTHNK,Ideación suicida,DL,FUPNRNM21,0.0,RC-FIRST MISUSED PAIN RELIEVERS PRIOR TO AGE 21,RECODED DRUG USE,736
IRSUICTHNK,Ideación suicida,DL,FUTRQNM18,0.0,RC-FIRST MISUSED TRANQUILIZERS PRIOR TO AGE 18,RECODED DRUG USE,737
IRSUICTHNK,Ideación suicida,DL,FUTRQNM21,0.0,RC-FIRST MISUSED TRANQUILIZERS PRIOR TO AGE 21,RECODED DRUG USE,738
IRSUICTHNK,Ideación suicida,DL,RXANORMIS,0.0,RC-ANORECTIC STIMULANTS - PAST YEAR MISUSE,RECODED DRUG USE,739
IRSUICTHNK,Ideación suicida,DL,RXPROVMIS,0.0,RC-PROVIGIL PRODUCTS- PAST YEAR MISUSE,RECODED DRUG USE,740
IRSUICTHNK,Ideación suicida,DL,OTHRSTMMIS,0.0,RC-OTHER STIMULANT PRODUCTS - PAST YEAR MISUSE,RECODED DRUG USE,741
IRSUICTHNK,Ideación suicida,DL,RXZOLPMIS,0.0,RC-ZOLPIDEM PRODUCTS - PAST YEAR MISUSE,RECODED DRUG USE,742
IRSUICTHNK,Ideación suicida,DL,RXESZOMIS,0.0,RC-ESZOPICLONE PRODUCTS - PAST YEAR MISUSE,RECODED DRUG USE,743
IRSUICTHNK,Ideación suicida,DL,IRSEVSTMMIS,0.0,"STIMULANT USE DISORDER SEVERITY, PY MISUSERS - IMP REV",IMPUTED SUBSTANCE USE DISORDER,744
IRSUICTHNK,Ideación suicida,DL,IRSEVSEDMIS,0.0,"SEDATIVE USE DISORDER SEVERITY, PY MISUSERS - IMP REV",IMPUTED SUBSTANCE USE DISORDER,745
IRSUICTHNK,Ideación suicida,DL,SVYRTQSDMIS,0.0,"RC-TRANQUILIZER/SEDATIVE USE DISORDER SEVERITY, PY MISUSERS",RECODED SUBSTANCE USE DISORDER,746
IRSUICTHNK,Ideación suicida,DL,HLCALL99,0.0,YES TO MEDICARE/MEDICAID/CHAMPUS/PRVHLTIN,RECODED HEALTH INSURANCE,747
IRSUICTHNK,Ideación suicida,DL,GHBFLAG,0.0,RC-GHB - EVER USED,RECODED SPECIAL DRUGS,748
IRSUICTHNK,Ideación suicida,DL,SYNMRJMON,0.0,RC-SYNTHETIC MARIJUANA - PAST MONTH USE,RECODED EMERGING ISSUES,749
IRSUICTHNK,Ideación suicida,DL,CRKMDAYS,0.0,RC-# OF DAYS USED CRACK IN PAST MONTH,RECODED DRUG USE,750
IRSUICTHNK,Ideación suicida,DL,HERYDAYS,0.0,RC-# OF DAYS USED HEROIN IN PAST YEAR,RECODED DRUG USE,751
IRSUICTHNK,Ideación suicida,DL,CRKYDAYS,0.0,RC-# OF DAYS USED CRACK IN PAST YEAR,RECODED DRUG USE,752
IRSUICTHNK,Ideación suicida,DL,RXBARBMIS,0.0,RC-BARBITURATES - PAST YEAR MISUSE,RECODED DRUG USE,753
IRSUICTHNK,Ideación suicida,DL,RXBZOSMIS,0.0,RC-BENZODIAZEPINE SEDATIVES - PAST YEAR MISUSE,RECODED DRUG USE,754
IRSUICTHNK,Ideación suicida,DL,OTHRSEDMIS2,0.0,RC-OTHER SEDATIVE PRODUCTS - PAST YEAR MISUSE,RECODED DRUG USE,755
IRSUICTHNK,Ideación suicida,DL,OTHRSTMANY,0.0,RC-OTHER STIMULANT - ANY PAST YEAR USE,RECODED DRUG USE,756
IRSUICTHNK,Ideación suicida,DL,HERMDAYS,0.0,RC-# OF DAYS USED HEROIN IN PAST MONTH,RECODED DRUG USE,757
IRSUICTHNK,Ideación suicida,DL,RXBZOSANY,0.0,RC-BENZODIAZEPINE SEDATIVES - ANY PAST YEAR USE,RECODED DRUG USE,758
IRSUICTHNK,Ideación suicida,DL,RXTRIAANY,0.0,RC-TRIAZOLAM PRODUCTS - ANY PAST YEAR USE,RECODED DRUG USE,759
IRSUICTHNK,Ideación suicida,DL,RXTEMAANY,0.0,RC-TEMAZEPAM PRODUCTS - ANY PAST YEAR USE,RECODED DRUG USE,760
IRSUICTHNK,Ideación suicida,DL,RXFLURANY,0.0,RC-FLURAZEPAM PRODUCTS - ANY PAST YEAR USE,RECODED DRUG USE,761
IRSUICTHNK,Ideación suicida,DL,RXBARBANY,0.0,RC-BARBITUATES - ANY PAST YEAR USE,RECODED DRUG USE,762
IRSUICTHNK,Ideación suicida,DL,RXZOLPANY,0.0,RC-ZOLPIDEM PRODUCTS - ANY PAST YEAR USE,RECODED DRUG USE,763
IRSUICTHNK,Ideación suicida,DL,TRQNDAYPM,0.0,RC-# OF DAYS MISUSED TRANQUILIZERS IN PAST MONTH,RECODED DRUG USE,764
IRSUICTHNK,Ideación suicida,DL,SEDNDAYPM,0.0,RC-# OF DAYS MISUSED SEDATIVES IN PAST MONTH,RECODED DRUG USE,765
IRSUICTHNK,Ideación suicida,DL,RXCODEMIS,0.0,RC-CODEINE PRODUCTS - PAST YEAR MISUSE,RECODED DRUG USE,766
IRSUICTHNK,Ideación suicida,DL,RXOXCOMIS,0.0,RC-OXYCODONE PRODUCTS - PAST YEAR MISUSE,RECODED DRUG USE,767
IRSUICTHNK,Ideación suicida,DL,RXZOHYMIS,0.0,RC-ZOHYDRO ER - PAST YEAR MISUSE,RECODED DRUG USE,768
IRSUICTHNK,Ideación suicida,DL,RXMORPMIS,0.0,RC-MORPHINE PRODUCTS - PAST YEAR MISUSE,RECODED DRUG USE,769
IRSUICTHNK,Ideación suicida,DL,RXMTDNMIS,0.0,RC-METHADONE PRODUCTS - PAST YEAR MISUSE,RECODED DRUG USE,770
IRSUICTHNK,Ideación suicida,DL,RXOXYMMIS,0.0,RC-OXYMORPHONE PRODUCTS - PAST YEAR MISUSE,RECODED DRUG USE,771
IRSUICTHNK,Ideación suicida,DL,RXDEMEMIS,0.0,RC-DEMEROL PRODUCTS - PAST YEAR MISUSE,RECODED DRUG USE,772
IRSUICTHNK,Ideación suicida,DL,RXHYDMMIS,0.0,RC-HYDROMORPHONE PRODUCTS - PAST YEAR MISUSE,RECODED DRUG USE,773
IRSUICTHNK,Ideación suicida,DL,RXLORAMIS,0.0,RC-LORAZEPAM PRODUCTS - PAST YEAR MISUSE,RECODED DRUG USE,774
IRSUICTHNK,Ideación suicida,DL,RXALPRMIS,0.0,RC-ALPRAZOLEM PRODUCTS - PAST YEAR MISUSE,RECODED DRUG USE,775
IRSUICTHNK,Ideación suicida,DL,OTHRPNRMIS,0.0,RC-OTHER PAIN RELIEVER PRODUCTS - PAST YEAR MISUSE,RECODED DRUG USE,776
IRSUICTHNK,Ideación suicida,DL,RXCLONMIS,0.0,RC-CLONAZEPAM PRODUCTS - PAST YEAR MISUSE,RECODED DRUG USE,777
IRSUICTHNK,Ideación suicida,DL,RXSOMAMIS,0.0,RC-SOMA PRODUCTS - PAST YEAR MISUSE,RECODED DRUG USE,778
IRSUICTHNK,Ideación suicida,DL,RXCYCLMIS,0.0,RC-CYCLOBENZAPRINE PRODUCTS - PAST YEAR MISUSE,RECODED DRUG USE,779
IRSUICTHNK,Ideación suicida,DL,RXESZOANY,0.0,RC-ESZOPICLONE PRODUCTS - ANY PAST YEAR USE,RECODED DRUG USE,780
IRSUICTHNK,Ideación suicida,DL,RXZALEANY,0.0,RC-ZALEPLON PRODUCTS - ANY PAST YEAR USE,RECODED DRUG USE,781
IRSUICTHNK,Ideación suicida,DL,OTHRTRQMIS,0.0,RC-OTHER TRANQUILIZER PRODUCTS - PAST YEAR MISUSE,RECODED DRUG USE,782
IRSUICTHNK,Ideación suicida,DL,RXMRLXMIS,0.0,RC-MUSCLE RELAXANTS - PAST YEAR MISUSE,RECODED DRUG USE,783
IRSUICTHNK,Ideación suicida,DL,RXPROVANY,0.0,RC-PROVIGIL PRODUCTS- ANY PAST YEAR USE,RECODED DRUG USE,784
IRSUICTHNK,Ideación suicida,DL,RXSOMAANY,0.0,RC-SOMA PRODUCTS - ANY PAST YEAR USE,RECODED DRUG USE,785
IRSUICTHNK,Ideación suicida,DL,GASEVER2,0.0,RC-EVER INHALED GASOLINE OR LIGHTER FLUID,RECODED DRUG USE,786
IRSUICTHNK,Ideación suicida,DL,ETHEREVER2,0.0,"RC-EVER INHALED HALOTHANE, ETHER, OR OTHER ANESTHETIC",RECODED DRUG USE,787
IRSUICTHNK,Ideación suicida,DL,SEDNMYR,0.0,RC-SEDATIVES - PAST YEAR MISUSE,RECODED DRUG USE,788
IRSUICTHNK,Ideación suicida,DL,TQSDNMMON,0.0,RC-TRANQUILIZERS OR SEDATIVES - PAST MONTH MISUSE,RECODED DRUG USE,789
IRSUICTHNK,Ideación suicida,DL,SEDNMMON,0.0,RC-SEDATIVES - PAST MONTH MISUSE,RECODED DRUG USE,790
IRSUICTHNK,Ideación suicida,DL,DAMTFXMON,0.0,RC-DMT/AMT/FOXY - PAST MONTH USE,RECODED DRUG USE,791
IRSUICTHNK,Ideación suicida,DL,SALVIAYR,0.0,RC-SALVIA - PAST YEAR USE,RECODED DRUG USE,792
IRSUICTHNK,Ideación suicida,DL,KETMINMON,0.0,RC-KETAMINE - PAST MONTH USE,RECODED DRUG USE,793
IRSUICTHNK,Ideación suicida,DL,SALVIAMON,0.0,RC-SALVIA - PAST MONTH USE,RECODED DRUG USE,794
IRSUICTHNK,Ideación suicida,DL,OXYCNNMYR,0.0,RC-OXYCONTIN - PAST YEAR MISUSE,RECODED DRUG USE,795
IRSUICTHNK,Ideación suicida,DL,TRQNMMON,0.0,RC-TRANQUILIZERS - PAST MONTH MISUSE,RECODED DRUG USE,796
IRSUICTHNK,Ideación suicida,DL,MJPLLMON,0.0,RC-MARIJUANA PILLS - PAST MONTH USE,RECODED DRUG USE,797
IRSUICTHNK,Ideación suicida,DL,CRKYR,0.0,"RC-""CRACK"" - PAST YEAR USE",RECODED DRUG USE,798
IRSUICTHNK,Ideación suicida,DL,CRKMON,0.0,"RC-""CRACK"" - PAST MONTH USE",RECODED DRUG USE,799
IRSUICTHNK,Ideación suicida,DL,HERYR,0.0,RC-HEROIN - PAST YEAR USE,RECODED DRUG USE,800
IRSUICTHNK,Ideación suicida,DL,HERMON,0.0,RC-HEROIN - PAST MONTH USE,RECODED DRUG USE,801
IRSUICTHNK,Ideación suicida,DL,LSDYR,0.0,RC-LSD - PAST YEAR USE,RECODED DRUG USE,802
IRSUICTHNK,Ideación suicida,DL,LSDMON,0.0,RC-LSD - PAST MONTH USE,RECODED DRUG USE,803
IRSUICTHNK,Ideación suicida,DL,PCPYR,0.0,RC-PCP - PAST YEAR USE,RECODED DRUG USE,804
IRSUICTHNK,Ideación suicida,DL,PCPMON,0.0,RC-PCP - PAST MONTH USE,RECODED DRUG USE,805
IRSUICTHNK,Ideación suicida,DL,CADRKMETH2,0.0,RC-USED METHAMPHETAMINE WITH LAST ALCOHOL USE,RECODED CONSUMPTION OF ALCOHOL,806
IRSUICTHNK,Ideación suicida,DL,MJPLLYR,0.0,RC-MARIJUANA PILLS - PAST YEAR USE,RECODED DRUG USE,807
IRSUICTHNK,Ideación suicida,DL,MJOTHYR,0.0,RC-MARIJUANA USE - SOME OTHER MODE - PAST YEAR,RECODED DRUG USE,808
IRSUICTHNK,Ideación suicida,DL,UADOTSP2,0.0,RC-OTHER LOCATIONS OF MOST RECENT ALCOHOL USE,RECODED CONSUMPTION OF ALCOHOL,809
IRSUICTHNK,Ideación suicida,DL,UADBUND,0.0,RC-AGE PERSON WHO PURCHASED ALC FOR UNDERAGE DRINKER,RECODED CONSUMPTION OF ALCOHOL,810
IRSUICTHNK,Ideación suicida,DL,CADRKHERN2,0.0,RC-USED HEROIN WITH LAST ALCOHOL USE,RECODED CONSUMPTION OF ALCOHOL,811
IRSUICTHNK,Ideación suicida,DL,CADRKHALL2,0.0,RC-USED HALLUCINOGENS WITH LAST ALCOHOL USE,RECODED CONSUMPTION OF ALCOHOL,812
IRSUICTHNK,Ideación suicida,DL,CADRKINHL2,0.0,RC-USED INHALANTS WITH LAST ALCOHOL USE,RECODED CONSUMPTION OF ALCOHOL,813
IRSUIPLANYR,Planificación suicida,DL,CAMHPROB,0.026145550842390425,THINK EVER HAD PROBLEM WITH OWN MENTAL HEALTH,EMERGING ISSUES,1
IRSUIPLANYR,Planificación suicida,DL,CAMHPROB2,0.023994916102786784,RC-PERCEIVED EVER HAD A MENTAL HEALTH ISSUE,RECODED EMERGING ISSUES,2
IRSUIPLANYR,Planificación suicida,DL,CAMHRCVR,0.020095559012836838,THINK IN RECOVERY FROM MENTAL HEALTH PROBLEM,EMERGING ISSUES,3
IRSUIPLANYR,Planificación suicida,DL,EDUSCKCOM,0.01669104829333002,RC - HOW MANY DAYS MISSED SCHOOL FROM SICK (COMBINED),EDUCATION,4
IRSUIPLANYR,Planificación suicida,DL,COPDAGE,0.016306069793377908,AGE COPD 1ST DIAGNOSED,HEALTH,5
IRSUIPLANYR,Planificación suicida,DL,EDUSCKMON,0.014918999999991477,HOW MANY DAYS MISSED SCHOOL FROM SICK,EDUCATION,6
IRSUIPLANYR,Planificación suicida,DL,LVLDIFCARE2,0.008272414226634385,LEVEL OF DIFFICULTY WITH SELF-CARE,DEMOGRAPHICS,7
IRSUIPLANYR,Planificación suicida,DL,SNRLGIMP,0.0079503282934063,MY RELIGIOUS BELIEFS ARE VERY IMPORTANT,SOCIAL ENVIRONMENT,8
IRSUIPLANYR,Planificación suicida,DL,LVLDIFMEM2,0.007577498563149785,LEVEL OF DIFFICULTY REMEMBERING OR CONCENTRATING,DEMOGRAPHICS,9
IRSUIPLANYR,Planificación suicida,DL,MOVSINPYR2,0.007352851606844435,# TIMES MOVED PAST 12 MONTHS- RECODED,DEMOGRAPHICS,10
IRSUIPLANYR,Planificación suicida,DL,WRKSKIPMO,0.007091246483045112,# DAYS SKIPPED WORK PAST 30 DAYS,EMPLOYMENT,11
IRSUIPLANYR,Planificación suicida,DL,HPUSETOB,0.006347169846817191,HEALTH PROF ASKED PST 12 MOS: TOBACCO USE,HEALTH,12
IRSUIPLANYR,Planificación suicida,DL,RCVYMHPRB,0.0060937543727340145,RC-PERCEIVED RECOVERY FROM MENTAL HEALTH ISSUE,RECODED EMERGING ISSUES,13
IRSUIPLANYR,Planificación suicida,DL,RSKYFQDGR,0.0059758203657740774,GET A REAL KICK OUT OF DOING DANGEROUS THINGS,RISK/AVAILABILITY,14
IRSUIPLANYR,Planificación suicida,DL,LVLDIFCOMM2,0.0057106835820217965,LEVEL OF DIFFICULTY COMMUNICATING USING YOUR USUAL LANGUAGE,DEMOGRAPHICS,15
IRSUIPLANYR,Planificación suicida,DL,RSKYFQTES,0.005610560132917896,LIKE TO TEST YOURSELF BY DOING RISKY THINGS,RISK/AVAILABILITY,16
IRSUIPLANYR,Planificación suicida,DL,SEXRACE,0.005474290094745261,RC-COMBINED SEX BY RACE INDICATOR,RECODED DEMOGRAPHICS,17
IRSUIPLANYR,Planificación suicida,DL,RSKBNGWK,0.005001256822762825,RISK HAVING 5 OR MORE DRINKS ONCE OR TWICE A WEEK,RISK/AVAILABILITY,18
IRSUIPLANYR,Planificación suicida,DL,HEALTH2,0.004998370917319122,RC-OVERALL HEALTH RECODE,RECODED DEMOGRAPHICS,19
IRSUIPLANYR,Planificación suicida,DL,MXMJPNLT,0.004293233158882515,MAX PENALTY FOR 1ST MJ POSS < OUNCE IN YOUR STATE,SPECIAL TOPICS,20
IRSUIPLANYR,Planificación suicida,DL,IRMARIT,0.004291746922179188,IMPUTATION REVISED MARITAL STATUS,IMPUTED DEMOGRAPHICS,21
IRSUIPLANYR,Planificación suicida,DL,NMNGTHS2,0.004239268029139337,# NIGHTS STAYED IN HOSPITAL OVERNIGHT OR LONGER,HEALTH,22
IRSUIPLANYR,Planificación suicida,DL,LVLDIFHEAR2,0.004128243546483144,LEVEL OF DIFFICULTY HEARING EVEN WITH HEARING AIDS,DEMOGRAPHICS,23
IRSUIPLANYR,Planificación suicida,DL,ALCYDAYS,0.004125525152151061,RC-# OF DAYS USED ALCOHOL IN PAST YEAR,RECODED DRUG USE,24
IRSUIPLANYR,Planificación suicida,DL,MJVAPFLAG,0.003998698953577617,RC-MARIJUANA VAPING - EVER USED,RECODED DRUG USE,25
IRSUIPLANYR,Planificación suicida,DL,MRJYRBFR,0.003968906667395883,USE MJ/CANNABIS EVEN ONCE YR BEFORE LAST,PRIOR SUBSTANCE USE,26
IRSUIPLANYR,Planificación suicida,DL,HEALTH,0.003955401360639234,OVERALL HEALTH,DEMOGRAPHICS,27
IRSUIPLANYR,Planificación suicida,DL,CBDHMPFLAG,0.00394700888356594,RC-CBD OR HEMP - EVER USED,RECODED DRUG USE,28
IRSUIPLANYR,Planificación suicida,DL,RKFQPBLT,0.00392101947029883,WEAR A SEATBELT WHEN RIDE FRONT PASS SEAT OF CAR,RISK/AVAILABILITY,29
IRSUIPLANYR,Planificación suicida,DL,IRHHSIZ2,0.003878878191197091,RECODE - IMPUTATION-REVISED # PERSONS IN HH,IMPUTED HOUSEHOLD COMPOSITION (ROSTER),30
IRSUIPLANYR,Planificación suicida,DL,FUALC18,0.003765087018602318,RC-FIRST USED ALCOHOL PRIOR TO AGE 18,RECODED DRUG USE,31
IRSUIPLANYR,Planificación suicida,DL,NEWRACE2,0.0037293902012506585,RC-RACE/HISPANICITY RECODE (7 LEVELS),RECODED DEMOGRAPHICS,32
IRSUIPLANYR,Planificación suicida,DL,ILLALCMON,0.0037098260573663845,RC-ILLICIT DRUG OR ALCOHOL - PAST MONTH USE,RECODED DRUG USE,33
IRSUIPLANYR,Planificación suicida,DL,EDUSCHLGO,0.003691962055924668,NOW GOING TO SCHOOL,EDUCATION,34
IRSUIPLANYR,Planificación suicida,DL,HPDRGTALK,0.003689369645402685,HEALTH PROF DISCUSSED MY DRUG USE WITH ME,HEALTH,35
IRSUIPLANYR,Planificación suicida,DL,ALCNUMDKPM,0.0036147109837286525,RC-NUMBER OF ALC BEVS DRANK PER USER IN PAST MONTH,RECODED DRUG USE,36
IRSUIPLANYR,Planificación suicida,DL,IRPINC3,0.0035825167372351206,RECODE -RESP TOT INCOME - IMPUTATION REVISED,IMPUTED INCOME,37
IRSUIPLANYR,Planificación suicida,DL,RSKLSDWK,0.0035394467139968342,RISK USING LSD ONCE OR TWICE A WEEK,RISK/AVAILABILITY,38
IRSUIPLANYR,Planificación suicida,DL,IRFAMIN3,0.0034899377146924504,RECODE - TOT FAM INCOME - IMPUTATION REVISED,IMPUTED INCOME,39
IRSUIPLANYR,Planificación suicida,DL,ILLANDALC,0.0034863306607089087,RC-ILLICIT DRUG AND ALCOHOL USE - PAST YEAR USE,RECODED DRUG USE,40
IRSUIPLANYR,Planificación suicida,DL,GRSKCIGPKD,0.003459112189591894,RC-GREAT RISK:  SMOKE 1+ PACKS CIGARETTES PER DAY,RECODED RISK/AVAILABILITY,41
IRSUIPLANYR,Planificación suicida,DL,EDUSKPMON,0.0034178008629152457,HOW MANY DAYS MISSED SCHOOL FROM SKIPPING,EDUCATION,42
IRSUIPLANYR,Planificación suicida,DL,UD5ILALANY,0.003406974663496912,RC-DRUG OR ALCOHOL USE DISORDER - PAST YEAR USERS,RECODED SUBSTANCE USE DISORDER,43
IRSUIPLANYR,Planificación suicida,DL,SNRLFRND,0.00337224389836707,IT IS IMPORTANT THAT MY FRIENDS SHARE REL BELIEFS,SOCIAL ENVIRONMENT,44
IRSUIPLANYR,Planificación suicida,DL,GRSKBNGDLY,0.0033301013937134445,RC-GREAT RISK:  HAVE 4-5 ALC DRINKS PER DAY,RECODED RISK/AVAILABILITY,45
IRSUIPLANYR,Planificación suicida,DL,EDUSKPCOM,0.0033147155696924245,RC - HOW MANY DAYS MISSED SCHOOL FROM SKIPPING (COMBINED),EDUCATION,46
IRSUIPLANYR,Planificación suicida,DL,DIFGETCOC,0.0032983865350890472,HOW DIFFICULT TO GET COCAINE,RISK/AVAILABILITY,47
IRSUIPLANYR,Planificación suicida,DL,SVYRSUDANY,0.0032907087666641027,"RC-SUBSTANCE USE DISORDER SEVERITY, PY USERS",RECODED SUBSTANCE USE DISORDER,48
IRSUIPLANYR,Planificación suicida,DL,WRKRSNJOB,0.003270014496621146,REASON FOR NOT HAVING A JOB - PAST WK,EMPLOYMENT,49
IRSUIPLANYR,Planificación suicida,DL,CIGNOINF,0.003156217860097925,SMOKING NOT AFFECTED BY OTHER THINGS,NICOTINE DEPENDENCE,50
IRSUIPLANYR,Planificación suicida,DL,FUMJ18,0.0029875354273692202,RC-FIRST USED MARIJUANA PRIOR TO AGE 18,RECODED DRUG USE,51
IRSUIPLANYR,Planificación suicida,DL,CIGARYLU,0.002981243597351724,YEAR OF LAST CIGAR/CIGARILLO USE - RECODE,PRIOR SUBSTANCE USE,52
IRSUIPLANYR,Planificación suicida,DL,SNAFLMJTRY,0.002960539533465143,HOW YOU FEEL ABOUT ADULTS TRYING MJ/CANNABIS,SOCIAL ENVIRONMENT,53
IRSUIPLANYR,Planificación suicida,DL,DIFGETHER,0.002958527370218836,HOW DIFFICULT TO GET HEROIN,RISK/AVAILABILITY,54
IRSUIPLANYR,Planificación suicida,DL,CATAG7,0.0029365721973482334,RC-AGE CATEGORY RECODE (7 LEVELS),RECODED DEMOGRAPHICS,55
IRSUIPLANYR,Planificación suicida,DL,ALCMDAYS,0.002930407277627348,RC-# OF DAYS USED ALCOHOL IN PAST MONTH,RECODED DRUG USE,56
IRSUIPLANYR,Planificación suicida,DL,WRKSTATWK2,0.0029285576721616545,WORK SITUATION IN PAST WEEK - RECODE,EMPLOYMENT,57
IRSUIPLANYR,Planificación suicida,DL,INCOME,0.0029086899131835703,RC-TOTAL FAMILY INCOME RECODE,RECODED INCOME,58
IRSUIPLANYR,Planificación suicida,DL,GRSKCOCMON,0.0029066017268818156,RC-GREAT RISK:  USE COCAINE ONCE A MONTH,RECODED RISK/AVAILABILITY,59
IRSUIPLANYR,Planificación suicida,DL,WRKDPSTWK,0.0028531976221948655,WORK AT JOB LAST WEEK,EMPLOYMENT,60
IRSUIPLANYR,Planificación suicida,DL,BOOKED,0.0028526714739584807,EVER ARRESTED AND BOOKED FOR BREAKING THE LAW,SPECIAL TOPICS,61
IRSUIPLANYR,Planificación suicida,DL,AGE3,0.0028464928892490437,RECODE - FINAL EDITED AGE,DEMOGRAPHICS,62
IRSUIPLANYR,Planificación suicida,DL,NONABOVEV2,0.002801572916399181,NEVER HAD ANY OF THESE CONDITIONS,HEALTH,63
IRSUIPLANYR,Planificación suicida,DL,DIFOBTHER,0.002784474748378864,RC-HEROIN FAIRLY OR VERY EASY TO OBTAIN,RECODED RISK/AVAILABILITY,64
IRSUIPLANYR,Planificación suicida,DL,IRPYSEV5ALC,0.0027819759415937677,ALCOHOL USE DISORDER SEVERITY IN THE PAST YEAR - IMP REV,IMPUTED SUBSTANCE USE DISORDER,65
IRSUIPLANYR,Planificación suicida,DL,MRJMLU,0.0027010513765820493,MONTH OF LAST MARIJUANA/CANNABIS USE - RECODE,PRIOR SUBSTANCE USE,66
IRSUIPLANYR,Planificación suicida,DL,CIGINCTL,0.002653583486477937,FEEL A SENSE OF CONTROL OVER YOUR SMOKING,NICOTINE DEPENDENCE,67
IRSUIPLANYR,Planificación suicida,DL,CATAG3,0.0026400231666958516,RC-AGE CATEGORY RECODE (5 LEVELS),RECODED DEMOGRAPHICS,68
IRSUIPLANYR,Planificación suicida,DL,IRKI17_2,0.002604060756914881,RECODE - IMPUTATION-REVISED # KIDS AGED<18 IN HH,IMPUTED HOUSEHOLD COMPOSITION (ROSTER),69
IRSUIPLANYR,Planificación suicida,DL,EDUFULPAR,0.0025827414894087908,FULL OR PART TIME,EDUCATION,70
IRSUIPLANYR,Planificación suicida,DL,EDUSCHGRD2,0.002550828316309922,WHAT GRADE IN NOW/WILL BE IN,EDUCATION,71
IRSUIPLANYR,Planificación suicida,DL,MRJYLU,0.002548717802510835,YEAR OF LAST MARIJUANA/CANNABIS USE - RECODE,PRIOR SUBSTANCE USE,72
IRSUIPLANYR,Planificación suicida,DL,CIGYRBFR,0.0025381402196758595,SMOKE ALL OR PART OF CIGARETTE IN YR BEFORE LAST,PRIOR SUBSTANCE USE,73
IRSUIPLANYR,Planificación suicida,DL,HLTINALC,0.002513913730207914,PRIVATE INSURANCE COVERS TRMT FOR ALCOHOL ABUSE/ALCOHOLISM,HEALTH INSURANCE,74
IRSUIPLANYR,Planificación suicida,DL,TRQANYFLAG,0.0024843971920459782,RC-ANY TRANQUILIZERS - EVER USED,RECODED DRUG USE,75
IRSUIPLANYR,Planificación suicida,DL,PREGAGE2,0.0024806720506713596,RC-PREGNANCY AGE CATEGORY RECODE,RECODED DEMOGRAPHICS,76
IRSUIPLANYR,Planificación suicida,DL,NOMARR2,0.0024715854976489313,NUMBER OF TIMES MARRIED,DEMOGRAPHICS,77
IRSUIPLANYR,Planificación suicida,DL,NOBOOKY2,0.0024408412852171732,# TIMES ARRESTED AND BOOKED PAST 12 MONTHS,SPECIAL TOPICS,78
IRSUIPLANYR,Planificación suicida,DL,RSKLSDTRY,0.0024379696601136928,RISK TRYING LSD ONCE OR TWICE,RISK/AVAILABILITY,79
IRSUIPLANYR,Planificación suicida,DL,SNRLDCSN,0.0024366456239378396,MY RELIGIOUS BELIEFS INFLUENCE MY DECISIONS,SOCIAL ENVIRONMENT,80
IRSUIPLANYR,Planificación suicida,DL,NICVAPFLAG,0.0024273033670591465,RC-NICOTINE VAPING - EVER USED,RECODED DRUG USE,81
IRSUIPLANYR,Planificación suicida,DL,WRKNUMJOB2,0.002407278593092562,"PAST 12 MOS, HOW MANY EMPLOYERS",EMPLOYMENT,82
IRSUIPLANYR,Planificación suicida,DL,PREGST,0.0024007378876767568,RC-PREGNANCY STATUS OF FEMALES AGED 12-50,RECODED HEALTH,83
IRSUIPLANYR,Planificación suicida,DL,HLTINMNT,0.0023962724318746242,PRIVATE INSURANCE COVERS TRMT FOR MENTAL/EMOTIONAL PROBLEMS,HEALTH INSURANCE,84
IRSUIPLANYR,Planificación suicida,DL,PNRANYYR2,0.0023571598416276874,RC-ANY PAIN RELIEVER - PAST YEAR USE,RECODED DRUG USE,85
IRSUIPLANYR,Planificación suicida,DL,ALCMLU,0.0023535606979809736,MONTH OF LAST ALCOHOL USE - RECODE,PRIOR SUBSTANCE USE,86
IRSUIPLANYR,Planificación suicida,DL,TELEAPTYR,0.002347839985424822,TALK TO DOC ABOUT HEALTH OVER PHONE/EMAIL/VIDEO PST 12 MOS,HEALTH,87
IRSUIPLANYR,Planificación suicida,DL,FUMJ21,0.0023245079503749957,RC-FIRST USED MARIJUANA PRIOR TO AGE 21,RECODED DRUG USE,88
IRSUIPLANYR,Planificación suicida,DL,WRKNJBPYR,0.002323092886694492,"PAST 12 MOS, TIME WITH NO JOB",EMPLOYMENT,89
IRSUIPLANYR,Planificación suicida,DL,HPALCAMT2,0.002297300599183511,DOCTOR ASKED HOW MUCH YOU DRINK,HEALTH,90
IRSUIPLANYR,Planificación suicida,DL,STMANYFLAG,0.0022963130630763566,RC-ANY STIMULANTS - EVER USED,RECODED DRUG USE,91
IRSUIPLANYR,Planificación suicida,DL,PREGSTAT,0.0022758528816049,CURRENTLY PREGNANT (FEMALES AGED 12-50),HEALTH,92
IRSUIPLANYR,Planificación suicida,DL,SEDANYFLAG,0.0022618831930592775,RC-ANY SEDATIVES - EVER USED,RECODED DRUG USE,93
IRSUIPLANYR,Planificación suicida,DL,HRTCONDAG,0.0022471611131206844,AGE HEART CONDITION 1ST DIAGNOSED,HEALTH,94
IRSUIPLANYR,Planificación suicida,DL,ILLEMFLAG2,0.0022436531226820763,RC-ILLICIT DRUG OTHER THAN MARIJUANA - EVER USED,RECODED DRUG USE,95
IRSUIPLANYR,Planificación suicida,DL,WRKSICKMO,0.0022286891161469873,# DAYS MISSED WORK FOR INJURY/ILLNESS PAST 30 DAYS,EMPLOYMENT,96
IRSUIPLANYR,Planificación suicida,DL,CGRFLAG,0.0022038439808760553,RC-CIGARS - EVER USED,RECODED DRUG USE,97
IRSUIPLANYR,Planificación suicida,DL,DIFGETMRJ,0.0022021829683411456,HOW DIFFICULT TO GET MARIJUANA,RISK/AVAILABILITY,98
IRSUIPLANYR,Planificación suicida,DL,ALCYRBFR,0.0021582941611890745,HAVE ALCOHOLIC BEVERAGE IN YEAR BEFORE LAST,PRIOR SUBSTANCE USE,99
IRSUIPLANYR,Planificación suicida,DL,TOBALCYR,0.002141441921265371,RC-TOBACCO PRODUCT OR ALCOHOL - PAST YEAR USE,RECODED DRUG USE,100
IRSUIPLANYR,Planificación suicida,DL,HPUSEALC,0.0021257672649665133,HEALTH PROF ASKED PST 12 MOS: ALCOHOL USE,HEALTH,101
IRSUIPLANYR,Planificación suicida,DL,ILLYR,0.002114210903722024,RC-ANY ILLICIT DRUG - PAST YEAR USE,RECODED DRUG USE,102
IRSUIPLANYR,Planificación suicida,DL,INHOSPYR,0.002104269786843191,STAYED OVERNIGHT AS INPNT IN HOSP PAST 12 MOS,HEALTH,103
IRSUIPLANYR,Planificación suicida,DL,CASUPROB2,0.002085513040924681,RC-PERCEIVED EVER HAD DRUG OR ALCOHOL USE PROBLEM,RECODED EMERGING ISSUES,104
IRSUIPLANYR,Planificación suicida,DL,FUNICVAP21,0.0020852025962637107,RC-FIRST VAPED NICOTINE PRIOR TO AGE 21,RECODED DRUG USE,105
IRSUIPLANYR,Planificación suicida,DL,CADRKMARJ2,0.0020528212985495772,RC-USED MARIJUANA WITH LAST ALCOHOL USE,RECODED CONSUMPTION OF ALCOHOL,106
IRSUIPLANYR,Planificación suicida,DL,CIGFLAG,0.0020428175696493205,RC-CIGARETTES - EVER USED,RECODED DRUG USE,107
IRSUIPLANYR,Planificación suicida,DL,IRPYUD5ALC,0.0020388366720447216,ALCOHOL USE DISORDER IN THE PAST YEAR - IMP REV,IMPUTED SUBSTANCE USE DISORDER,108
IRSUIPLANYR,Planificación suicida,DL,WRKNJBWKS,0.0020131142087584865,HOW MANY WKS W/O JOB IN PAST 12 MOS,EMPLOYMENT,109
IRSUIPLANYR,Planificación suicida,DL,MJSMKMON,0.0020078970105963543,RC-MARIJUANA SMOKING - PAST MONTH USE,RECODED DRUG USE,110
IRSUIPLANYR,Planificación suicida,DL,LVLDIFSEE2,0.0020067467127622574,LEVEL OF DIFFICULTY SEEING EVEN WITH GLASSES,DEMOGRAPHICS,111
IRSUIPLANYR,Planificación suicida,DL,MRJAGLST,0.0019648798098405246,HOW OLD WERE YOU THE LAST TIME USED MARIJUANA/CANNABIS,PRIOR SUBSTANCE USE,112
IRSUIPLANYR,Planificación suicida,DL,DIFGETCRK,0.001953481951488304,"HOW DIFFICULT TO GET ""CRACK""",RISK/AVAILABILITY,113
IRSUIPLANYR,Planificación suicida,DL,GRSKLSDTRY,0.0019532175628703295,RC-GREAT RISK:  TRYING LSD ONCE OR TWICE,RECODED RISK/AVAILABILITY,114
IRSUIPLANYR,Planificación suicida,DL,DIFOBTCOC,0.0019500537174902334,RC-COCAINE FAIRLY OR VERY EASY TO OBTAIN,RECODED RISK/AVAILABILITY,115
IRSUIPLANYR,Planificación suicida,DL,PSYCHFLAG,0.0019464067915832273,RC-ANY PSYCHOTHERAPEUTICS - EVER MISUSED,RECODED DRUG USE,116
IRSUIPLANYR,Planificación suicida,DL,HLTINDRG,0.001931923389945219,PRIVATE INSURANCE COVERS TRMT FOR DRUG ABUSE,HEALTH INSURANCE,117
IRSUIPLANYR,Planificación suicida,DL,HPQTTOB,0.0019035917558717173,HEALTH PROF ADVISED YOU TO QUIT TOBACCO USE,HEALTH,118
IRSUIPLANYR,Planificación suicida,DL,TQSDANYYR,0.0019020371903307799,RC-ANY TRANQUILIZERS OR SEDATIVES - PAST YEAR USE,RECODED DRUG USE,119
IRSUIPLANYR,Planificación suicida,DL,MEDICARE,0.0018933314006592222,COVERED BY MEDICARE,HEALTH INSURANCE,120
IRSUIPLANYR,Planificación suicida,DL,TOBVNICFLAG,0.0018853126133145915,RC-ANY TOBACCO PRODUCTS OR NICOTINE VAPING - EVER USED,RECODED DRUG USE,121
IRSUIPLANYR,Planificación suicida,DL,GOVTPROG,0.001876256077280743,RC-PARTICIPATED IN ONE OR MORE GOVT ASSIST PROGRAMS,RECODED INCOME,122
IRSUIPLANYR,Planificación suicida,DL,EDUHIGHCAT,0.001858346537930729,RC-EDUCATION CATEGORIES,RECODED DEMOGRAPHICS,123
IRSUIPLANYR,Planificación suicida,DL,OTHINS,0.001852790544083367,"RC-HEALTH INSURANCE OTHER THAN PRIVATE, MEDICAID/CHIP",RECODED HEALTH INSURANCE,124
IRSUIPLANYR,Planificación suicida,DL,CIGSATIS,0.001840660385336422,NEED TO SMOKE A LOT MORE TO BE SATISFIED,NICOTINE DEPENDENCE,125
IRSUIPLANYR,Planificación suicida,DL,UD5ALNILANY,0.0018387144838320649,"RC-ALC USE DISORDER, NO DRUG USE DISORDER - PAST YEAR USERS",RECODED SUBSTANCE USE DISORDER,126
IRSUIPLANYR,Planificación suicida,DL,SNYSELL,0.0018040411861982172,SOLD ILLEGAL DRUGS,SOCIAL ENVIRONMENT,127
IRSUIPLANYR,Planificación suicida,DL,CDNOCGMO,0.0017924685379308602,RC-EVER USED CIG DAILY AND NO PAST MONTH CIG USE,RECODED DRUG USE,128
IRSUIPLANYR,Planificación suicida,DL,POVERTY3,0.0017856194153638629,RC-POVERTY LEVEL (% OF US CENSUS POVERTY THRESHOLD),RECODED INCOME,129
IRSUIPLANYR,Planificación suicida,DL,ILTOBALCFG,0.0017600674334062227,"RC-ILLICIT DRUG, TOBACCO PRD, OR ALCOHOL - EVER USED",RECODED DRUG USE,130
IRSUIPLANYR,Planificación suicida,DL,OPIANYYR2,0.0017548207733681309,RC-ANY OPIOIDS (RX OPIOIDS OR HEROIN) - PAST YEAR USE,RECODED DRUG USE,131
IRSUIPLANYR,Planificación suicida,DL,MRJYDAYS,0.0017404677812393363,RC-# OF DAYS USED MARIJUANA IN PAST YEAR,RECODED DRUG USE,132
IRSUIPLANYR,Planificación suicida,DL,SVYRDUDANY,0.0017269386379549596,"RC-DRUG USE DISORDER SEVERITY, PY USERS",RECODED SUBSTANCE USE DISORDER,133
IRSUIPLANYR,Planificación suicida,DL,ILIMFOTHYR,0.001722427276386424,"RC-ILLICIT DRUG, IMF, OR OTHER SUB - PAST YEAR USE",RECODED EMERGING ISSUES,134
IRSUIPLANYR,Planificación suicida,DL,CIGLOTMR,0.0017213043829077234,SMOKE MUCH MORE NOW BEFORE FEEL ANYTHING,NICOTINE DEPENDENCE,135
IRSUIPLANYR,Planificación suicida,DL,UD5ILLANY,0.0017211197024867653,RC-DRUG USE DISORDER - PAST YEAR USERS,RECODED SUBSTANCE USE DISORDER,136
IRSUIPLANYR,Planificación suicida,DL,NICVAPYR,0.0017159163610524564,RC-NICOTINE VAPING - PAST YEAR USE,RECODED DRUG USE,137
IRSUIPLANYR,Planificación suicida,DL,GRSKHERWK,0.0017142294693186042,RC-GREAT RISK:  USE HEROIN 1-2 TIMES PER WEEK,RECODED RISK/AVAILABILITY,138
IRSUIPLANYR,Planificación suicida,DL,IRMCDCHP,0.0016764345143757292,MEDICAID/CHIP - IMPUTATION REVISED,IMPUTED HEALTH INSURANCE,139
IRSUIPLANYR,Planificación suicida,DL,FUINHAL182,0.001666550043504686,RC-FIRST USED INHALANTS PRIOR TO AGE 18,RECODED DRUG USE,140
IRSUIPLANYR,Planificación suicida,DL,TOBVNICYR,0.0016599207042201564,RC-ANY TOBACCO PRODUCTS OR NICOTINE VAPING - PAST YEAR USE,RECODED DRUG USE,141
IRSUIPLANYR,Planificación suicida,DL,WRK35WKUS,0.0016569537520025146,USUALLY WORK 35 OR MORE HRS PER WEEK,EMPLOYMENT,142
IRSUIPLANYR,Planificación suicida,DL,GRSKLSDWK,0.0016485581220565656,RC-GREAT RISK:  USE LSD 1-2 TIMES PER WEEK,RECODED RISK/AVAILABILITY,143
IRSUIPLANYR,Planificación suicida,DL,DRVINALCO,0.001642503413847521,DROVE UNDER INFLUENCE OF ALCOHOL PST 12 MOS,SPECIAL TOPICS,144
IRSUIPLANYR,Planificación suicida,DL,HPALCPRB2,0.001627461301639778,DOCTOR ASKED IF ANY DRINKING PROBS,HEALTH,145
IRSUIPLANYR,Planificación suicida,DL,RSKCOCMON,0.0016095225789032994,RISK USING COCAINE ONCE A MONTH,RISK/AVAILABILITY,146
IRSUIPLANYR,Planificación suicida,DL,CIGREGNM,0.0015950459754232595,SMOKE SAME NUMBER OF CIGS FROM DAY TO DAY,NICOTINE DEPENDENCE,147
IRSUIPLANYR,Planificación suicida,DL,CIGNMCHG,0.001587759561888728,NUMBER OF CIGS SMOKE PER DAY OFTEN CHANGES,NICOTINE DEPENDENCE,148
IRSUIPLANYR,Planificación suicida,DL,CIGINCRS,0.0015705928697261175,AMOUNT OF SMOKING HAS INCR. SINCE STARTED SMOKING,NICOTINE DEPENDENCE,149
IRSUIPLANYR,Planificación suicida,DL,IRPRVHLT,0.0015692025638600745,PRIVATE HEALTH INSURANCE - IMPUTATION REVISED,IMPUTED HEALTH INSURANCE,150
IRSUIPLANYR,Planificación suicida,DL,ILLMON,0.0015609671449215653,RC-ANY ILLICIT DRUG - PAST MONTH USE,RECODED DRUG USE,151
IRSUIPLANYR,Planificación suicida,DL,NICVPMDAYS,0.001560706007193007,RC-# OF DAYS VAPED NICOTINE IN PAST MONTH,RECODED DRUG USE,152
IRSUIPLANYR,Planificación suicida,DL,WRKLASTYR2,0.0015594357229110852,WHAT YEAR LAST WORKED,EMPLOYMENT,153
IRSUIPLANYR,Planificación suicida,DL,ENRLCOLLST2,0.001539332755071911,RC-COLLEGE ENROLLMENT,RECODED EDUCATION,154
IRSUIPLANYR,Planificación suicida,DL,FUCD221,0.0015333007196819586,RC-FIRST USED CIGARETTES DAILY PRIOR TO AGE 21,RECODED DRUG USE,155
IRSUIPLANYR,Planificación suicida,DL,DRVINMARJ,0.001520848847146907,DROVE UNDER INFLUENCE OF MARIJUANA PST 12 MOS,SPECIAL TOPICS,156
IRSUIPLANYR,Planificación suicida,DL,CATAG6,0.0014998047270055,RC-AGE CATEGORY RECODE (6 LEVELS),RECODED DEMOGRAPHICS,157
IRSUIPLANYR,Planificación suicida,DL,RCVYSUBPRB,0.0014955538581896259,RC-PERCEIVED RECOVERY FROM DRUG OR ALCOHOL USE PROBLEM,RECODED EMERGING ISSUES,158
IRSUIPLANYR,Planificación suicida,DL,CAIDCHIP,0.0014945894931895384,COVERED BY MEDICAID/CHIP,HEALTH INSURANCE,159
IRSUIPLANYR,Planificación suicida,DL,MJONLYFLAG2,0.0014929889538764563,RC-MARIJUANA ONLY - EVER USED,RECODED DRUG USE,160
IRSUIPLANYR,Planificación suicida,DL,TOBYR,0.001492973173157575,RC-ANY TOBACCO - PAST YEAR USE,RECODED DRUG USE,161
IRSUIPLANYR,Planificación suicida,DL,CIGCRAGP,0.0014920614325784707,CRAVING OF CIGS LIKE STRONG FORCE CAN'T CONTROL,NICOTINE DEPENDENCE,162
IRSUIPLANYR,Planificación suicida,DL,GRSKMRJMON,0.0014857866378588367,RC-GREAT RISK:  USE MARIJUANA ONCE A MONTH,RECODED RISK/AVAILABILITY,163
IRSUIPLANYR,Planificación suicida,DL,IRWRKSTAT18,0.0014763893832987018,Situación laboral (18+),IMPUTED EMPLOYMENT,164
IRSUIPLANYR,Planificación suicida,DL,IREDUHIGHST2,0.0014748392679127037,EDUCATION - RECODED IMPUTATION REVISED,IMPUTED DEMOGRAPHICS,165
IRSUIPLANYR,Planificación suicida,DL,FUCGR18,0.0014742243786022289,RC-FIRST USED CIGARS PRIOR TO AGE 18,RECODED DRUG USE,166
IRSUIPLANYR,Planificación suicida,DL,IRHH65_2,0.0014508185920964227,REC - IMPUTATION-REVISED # OF PER IN HH AGED>=65,IMPUTED HOUSEHOLD COMPOSITION (ROSTER),167
IRSUIPLANYR,Planificación suicida,DL,CIGIRTBL,0.0014346678159764734,NEED TO SMOKE TO FEEL LESS IRRITABLE,NICOTINE DEPENDENCE,168
IRSUIPLANYR,Planificación suicida,DL,HPALCCUT2,0.0014136331560414244,DOCTOR ADVISED YOU TO CUT DOWN ON DRINKING,HEALTH,169
IRSUIPLANYR,Planificación suicida,DL,RXCODEANY2,0.0014077163889669887,RC-CODEINE PRODUCTS - ANY PAST YEAR USE,RECODED DRUG USE,170
IRSUIPLANYR,Planificación suicida,DL,TOBALCFLG,0.001406173588132787,RC-TOBACCO PRODUCT OR ALCOHOL - EVER USED,RECODED DRUG USE,171
IRSUIPLANYR,Planificación suicida,DL,HIGHBPMED,0.0013978435578360115,TAKING MEDS FOR HIGH BLOOD PRESSURE,HEALTH,172
IRSUIPLANYR,Planificación suicida,DL,DIFGETLSD,0.0013974645594691298,HOW DIFFICULT TO GET LSD,RISK/AVAILABILITY,173
IRSUIPLANYR,Planificación suicida,DL,ACTD2001,0.001395650603496283,SEPTEMBER 2001 OR LATER,DEMOGRAPHICS,174
IRSUIPLANYR,Planificación suicida,DL,SMKAGLAST,0.0013942236563586367,HOW OLD WERE YOU LAST THE TIME USED SMOKELESS TOB,PRIOR SUBSTANCE USE,175
IRSUIPLANYR,Planificación suicida,DL,STMANYYR,0.001391633098288367,RC-ANY STIMULANTS - PAST YEAR USE,RECODED DRUG USE,176
IRSUIPLANYR,Planificación suicida,DL,ALCYLU,0.001378702473556722,YEAR OF LAST ALCOHOL USE - RECODE,PRIOR SUBSTANCE USE,177
IRSUIPLANYR,Planificación suicida,DL,DRVINALON,0.0013682340941512058,DROVE UNDER INFLUENCE OF ONLY ALCOHOL PST 12 MOS,SPECIAL TOPICS,178
IRSUIPLANYR,Planificación suicida,DL,WTANSWER,0.0013615510657546106,PREFERRED WAY TO REPORT WEIGHT,HEALTH,179
IRSUIPLANYR,Planificación suicida,DL,WRKDHRSWK2,0.001356687331704559,HOW MANY HOURS WORKED LAST WEEK,EMPLOYMENT,180
IRSUIPLANYR,Planificación suicida,DL,COCYLU,0.0013543378699878005,YEAR OF LAST COCAINE USE - RECODE,PRIOR SUBSTANCE USE,181
IRSUIPLANYR,Planificación suicida,DL,HLCNOTMO,0.001350356079114843,"PAST 12 MOS, HOW MANY MOS W/O COVERAGE",HEALTH INSURANCE,182
IRSUIPLANYR,Planificación suicida,DL,CIGARMLU,0.001348970584205462,MONTH OF LAST CIGAR/CIGARILLO USE - RECODE,PRIOR SUBSTANCE USE,183
IRSUIPLANYR,Planificación suicida,DL,CIGYLU,0.001336093471248931,YEAR OF LAST CIGARETTE USE - RECODE,PRIOR SUBSTANCE USE,184
IRSUIPLANYR,Planificación suicida,DL,TELEAPTYR2,0.0013280609998906367,RC-TALK TO DOC ABOUT VIRTUAL SERVICE TREATMENT-PAST YEAR,RECODED HEALTH,185
IRSUIPLANYR,Planificación suicida,DL,HPALCFRQ2,0.0013113383387043198,DOCTOR ASKED HOW OFTEN YOU DRINK,HEALTH,186
IRSUIPLANYR,Planificación suicida,DL,MJEATYR,0.0013078836435642827,RC-MARIJUANA EATING OR DRINKING - PAST YEAR USE,RECODED DRUG USE,187
IRSUIPLANYR,Planificación suicida,DL,SPEAKENGL,0.0013029066519112476,HOW WELL SPEAK ENGLISH,DEMOGRAPHICS,188
IRSUIPLANYR,Planificación suicida,DL,NITOXIEVER2,0.0012653652318198297,"RC-EVER INHALED NITROUS OXIDE OR ""WHIPPITS""",RECODED DRUG USE,189
IRSUIPLANYR,Planificación suicida,DL,CELLWRKNG,0.0012570407818734552,WORKING CELL PHONE,INCOME,190
IRSUIPLANYR,Planificación suicida,DL,ILTOBALCMN,0.001253828845683935,"RC-ILLICIT DRUG, TOBACCO PRD, OR ALC - PAST MONTH USE",RECODED DRUG USE,191
IRSUIPLANYR,Planificación suicida,DL,ILLALCFLG,0.001253592722623581,RC-ILLICIT DRUG OR ALCOHOL - EVER USED,RECODED DRUG USE,192
IRSUIPLANYR,Planificación suicida,DL,MRJFLAG,0.0012418776769610098,RC-MARIJUANA - EVER USED,RECODED DRUG USE,193
IRSUIPLANYR,Planificación suicida,DL,WRKDPSTYR,0.0012395829759022576,"PAST 12 MOS, WORKED AT ANY JOB",EMPLOYMENT,194
IRSUIPLANYR,Planificación suicida,DL,PNRANYFLAG2,0.0012394304114344782,RC-ANY PAIN RELIEVER - EVER USED,RECODED DRUG USE,195
IRSUIPLANYR,Planificación suicida,DL,HPALCTX2,0.00122821380806287,DOCTOR OFFERED INFO ABOUT ALCOHOL TREATMT,HEALTH,196
IRSUIPLANYR,Planificación suicida,DL,CIGSVLHR,0.0012228052291660572,"HAVE MANY CIGS IN HR, THEN NO CIGS TIL HRS LATER",NICOTINE DEPENDENCE,197
IRSUIPLANYR,Planificación suicida,DL,WRKHADJOB,0.001219566682258308,DID YOU HAVE A JOB OR BUSINESS,EMPLOYMENT,198
IRSUIPLANYR,Planificación suicida,DL,TRQNMFLAG,0.001215045010272438,RC-TRANQUILIZERS - EVER MISUSED,RECODED DRUG USE,199
IRSUIPLANYR,Planificación suicida,DL,ECSTMOAGL,0.0011925404577732485,HOW OLD WERE YOU THE LAST TIME USED ECSTASY/MOLLY,PRIOR SUBSTANCE USE,200
IRSUIPLANYR,Planificación suicida,DL,HPALCNOT2,0.0011920736707287966,DOCTOR DIDNT DISCUSS MY ALCOHOL USE WITH ME,HEALTH,201
IRSUIPLANYR,Planificación suicida,DL,GRPHLTIN,0.0011827224187700373,PRIVATE PLAN OFFERED THROUGH EMPLOYER OR UNION,HEALTH INSURANCE,202
IRSUIPLANYR,Planificación suicida,DL,CIGRNOUT,0.0011821245893090188,SOMETIMES WORRY THAT YOU WILL RUN OUT OF CIGS,NICOTINE DEPENDENCE,203
IRSUIPLANYR,Planificación suicida,DL,PSYANYYR2,0.0011790476590766961,RC-ANY PSYCHOTHERAPEUTICS - PAST YEAR USE,RECODED DRUG USE,204
IRSUIPLANYR,Planificación suicida,DL,TOBALCMN,0.0011749933035025027,RC-TOBACCO PRODUCT OR ALCOHOL - PAST MONTH USE,RECODED DRUG USE,205
IRSUIPLANYR,Planificación suicida,DL,WRKEFFORT,0.0011733395569231237,"PAST 30 DAYS, MAKE EFFORT TO FIND WORK",EMPLOYMENT,206
IRSUIPLANYR,Planificación suicida,DL,IRFSTAMP,0.0011719944502048627,RESP/OTH FAM MEM REC FOOD STAMPS - IMPUTATION REVISED,IMPUTED INCOME,207
IRSUIPLANYR,Planificación suicida,DL,HIGHBPEVR2,0.0011446917882481226,EVER TOLD HAD HIGH BLOOD PRESSURE,HEALTH,208
IRSUIPLANYR,Planificación suicida,DL,CIGWAKE,0.0011372073364624416,HOW SOON AFTER WAKING DO YOU HAVE YOUR FIRST CIG,NICOTINE DEPENDENCE,209
IRSUIPLANYR,Planificación suicida,DL,TOBVNICMON,0.0011356960564593253,RC-ANY TOBACCO PRODUCTS OR NICOTINE VAPING - PAST MONTH USE,RECODED DRUG USE,210
IRSUIPLANYR,Planificación suicida,DL,ALCAGLST,0.0011215612263181206,HOW OLD WERE YOU LAST TIME DRANK ALCOHOL BEVERAGE,PRIOR SUBSTANCE USE,211
IRSUIPLANYR,Planificación suicida,DL,MILTPARNT,0.0011207686761626828,FATHER OR MOTHER IN MILITARY,EDUCATION,212
IRSUIPLANYR,Planificación suicida,DL,FUCD218,0.0011101470534809435,RC-FIRST USED CIGARETTES DAILY PRIOR TO AGE 18,RECODED DRUG USE,213
IRSUIPLANYR,Planificación suicida,DL,HALLMOLST,0.0011090151580000357,MONTH OF LAST HALLUCINOGEN USE - RECODE,PRIOR SUBSTANCE USE,214
IRSUIPLANYR,Planificación suicida,DL,CIGCRAVE,0.0011021923258422005,START TO CRAVE CIGS WHEN DON'T SMOKE FOR FEW HRS,NICOTINE DEPENDENCE,215
IRSUIPLANYR,Planificación suicida,DL,ASTHMAAGE,0.0011017420350239123,AGE ASTHMA 1ST DIAGNOSED,HEALTH,216
IRSUIPLANYR,Planificación suicida,DL,CIGINFLU,0.0010999464420831159,# OF CIGS SMOKE PER DAY INFLUENCED BY OTHER THINGS,NICOTINE DEPENDENCE,217
IRSUIPLANYR,Planificación suicida,DL,IRSEX,0.0010834812696611323,RESPONDENT SEX - IMPUTATION REVISED,IMPUTED DEMOGRAPHICS,218
IRSUIPLANYR,Planificación suicida,DL,HALLAGLST,0.0010752688150961359,HOW OLD WERE YOU THE LAST TIME USED HALLUCINOGEN,PRIOR SUBSTANCE USE,219
IRSUIPLANYR,Planificación suicida,DL,RSKBNGDLY,0.0010641700538448172,RISK HAVING 4 OR 5 DRINKS NEARLY EVERY DAY,RISK/AVAILABILITY,220
IRSUIPLANYR,Planificación suicida,DL,CIGREGWK,0.001056655973356474,SMOKE SAME AMOUNT ON WEEKENDS AS ON WEEKDAYS,NICOTINE DEPENDENCE,221
IRSUIPLANYR,Planificación suicida,DL,TOBMON,0.0010458810223153417,RC-ANY TOBACCO - PAST MONTH USE,RECODED DRUG USE,222
IRSUIPLANYR,Planificación suicida,DL,RSKMRJWK,0.0010335420712318329,RISK SMOKING MARIJUANA ONCE OR TWICE A WEEK,RISK/AVAILABILITY,223
IRSUIPLANYR,Planificación suicida,DL,WRKSELFEM,0.0010245333439168425,"PAST 12 MOS, SELF EMPLOYED",EMPLOYMENT,224
IRSUIPLANYR,Planificación suicida,DL,CIGPLANE,0.001022723144188724,RATHER NOT TRAVEL BY AIRPLANE B/C NO SMOKING,NICOTINE DEPENDENCE,225
IRSUIPLANYR,Planificación suicida,DL,RSKMRJMON,0.001006779006319228,RISK SMOKING MARIJUANA ONCE A MONTH,RISK/AVAILABILITY,226
IRSUIPLANYR,Planificación suicida,DL,APPDRGMON,0.0010030400912662087,APPROACHED BY SOMEONE SELLING ILL DRUG PST 30 DYS,RISK/AVAILABILITY,227
IRSUIPLANYR,Planificación suicida,DL,PSILCYFLAG,0.0010008876986365139,RC-PSILOCYBIN - EVER USED,RECODED DRUG USE,228
IRSUIPLANYR,Planificación suicida,DL,CHAMPUS,0.0009978242173710845,"COV BY TRICARE, CHAMPUS, CHAMPVA, VA, MILITARY",HEALTH INSURANCE,229
IRSUIPLANYR,Planificación suicida,DL,MILTCHLDR,0.0009912390048815187,SON OR DAUGHTER IN MILITARY,EDUCATION,230
IRSUIPLANYR,Planificación suicida,DL,HLLOSRSN,0.0009804507712265998,MAIN REASON STOPPED COVERED BY HEALTH INSURANCE,HEALTH INSURANCE,231
IRSUIPLANYR,Planificación suicida,DL,IRMEDICR,0.000980309278431836,MEDICARE - IMPUTATION REVISED,IMPUTED HEALTH INSURANCE,232
IRSUIPLANYR,Planificación suicida,DL,HLCNOTYR,0.0009717739776051673,ANYTIME DID NOT HAVE HEALTH INS/COVER PAST 12 MOS,HEALTH INSURANCE,233
IRSUIPLANYR,Planificación suicida,DL,COCMLU,0.0009683353677406181,MONTH OF LAST COCAINE USE - RECODE,PRIOR SUBSTANCE USE,234
IRSUIPLANYR,Planificación suicida,DL,RSKHERTRY,0.000964275608763175,RISK TRYING HEROIN ONCE OR TWICE,RISK/AVAILABILITY,235
IRSUIPLANYR,Planificación suicida,DL,ASTHMANOW,0.0009642353990841454,STILL HAVE ASTHMA,HEALTH,236
IRSUIPLANYR,Planificación suicida,DL,ECSTMOYLU,0.0009558090623064606,YEAR OF LAST ECSTASY OR MOLLY USE - RECODE,PRIOR SUBSTANCE USE,237
IRSUIPLANYR,Planificación suicida,DL,SEXAGE,0.0009555862457172436,RC-COMBINED SEX BY AGE CATEGORY INDICATOR,RECODED DEMOGRAPHICS,238
IRSUIPLANYR,Planificación suicida,DL,CIGDLYLU,0.0009488762580928567,YEAR OF LAST CIGARETTE USE EVERY DAY - RECODE,PRIOR SUBSTANCE USE,239
IRSUIPLANYR,Planificación suicida,DL,CIGMDAYS,0.0009323688933312161,RC-# OF DAYS USED CIGARETTES IN PAST MONTH,RECODED DRUG USE,240
IRSUIPLANYR,Planificación suicida,DL,IRPYSEV5MRJ,0.000923484431803378,MARIJUANA USE DISORDER SEVERITY IN THE PAST YEAR - IMP REV,IMPUTED SUBSTANCE USE DISORDER,241
IRSUIPLANYR,Planificación suicida,DL,CIGDLLST,0.000921049715797086,HOW OLD WERE YOU THE LAST TIME SMOKED CIGS DAILY,PRIOR SUBSTANCE USE,242
IRSUIPLANYR,Planificación suicida,DL,DIFOBTCRK,0.0009208920638295457,RC-CRACK FAIRLY OR VERY EASY TO OBTAIN,RECODED RISK/AVAILABILITY,243
IRSUIPLANYR,Planificación suicida,DL,INHALFLAG2,0.0009199610899456018,RC-INHALANTS - EVER USED,RECODED DRUG USE,244
IRSUIPLANYR,Planificación suicida,DL,CIGFNSMK,0.0009190353433904007,HAVE FRIENDS WHO DO NOT SMOKE CIGARETTES,NICOTINE DEPENDENCE,245
IRSUIPLANYR,Planificación suicida,DL,MJSMKYR,0.000903105631118204,RC-MARIJUANA SMOKING - PAST YEAR USE,RECODED DRUG USE,246
IRSUIPLANYR,Planificación suicida,DL,COPDEVER2,0.000900531096876762,EVER TOLD HAD CHRONIC BRONCHITIS OR COPD,HEALTH,247
IRSUIPLANYR,Planificación suicida,DL,SNYATTAK,0.0008996324688196185,ATTACKED SOMEONE W/INTENT TO SERIOUSLY HURT THEM,SOCIAL ENVIRONMENT,248
IRSUIPLANYR,Planificación suicida,DL,ALCFLAG,0.0008953920069270653,RC-ALCOHOL - EVER USED,RECODED DRUG USE,249
IRSUIPLANYR,Planificación suicida,DL,DRVINHALL,0.0008949534259737674,DROVE UNDER INFLU OF HALLUCINOGENS PAST 12 MOS,SPECIAL TOPICS,250
IRSUIPLANYR,Planificación suicida,DL,PRVHLTIN,0.0008930478849190712,COVERED BY PRIVATE INSURANCE,HEALTH INSURANCE,251
IRSUIPLANYR,Planificación suicida,DL,HLTINNOS,0.0008850086005419377,COVERED BY HEALTH INSUR (NOT OTHERWISE SPECIFIED),HEALTH INSURANCE,252
IRSUIPLANYR,Planificación suicida,DL,IRPMNICDEP,0.0008838859210212608,NICOTINE DEPENDENCE IN PAST MONTH - IMPUTATION REVISED,IMPUTED NICOTINE DEPENDENCE,253
IRSUIPLANYR,Planificación suicida,DL,TOBCIGONL,0.0008813530885986441,RC-CIGARETTE/NONCIGARETTE TOBACCO ONLY - PAST MONTH USE,RECODED DRUG USE,254
IRSUIPLANYR,Planificación suicida,DL,RXTRAMANY2,0.0008761900851130243,RC-TRAMADOL PRODUCTS - ANY PAST YEAR USE,RECODED DRUG USE,255
IRSUIPLANYR,Planificación suicida,DL,RSKCIGPKD,0.0008732885786012128,RISK SMOKING 1 OR MORE PACKS CIGARETTES PER DAY,RISK/AVAILABILITY,256
IRSUIPLANYR,Planificación suicida,DL,IROTHHLT,0.0008691281406399873,OTHER HEALTH INSURANCE - IMPUTATION REVISED,IMPUTED HEALTH INSURANCE,257
IRSUIPLANYR,Planificación suicida,DL,CDUFLAG,0.000865500067226207,RC-CIGARETTES DAILY - EVER USED,RECODED DRUG USE,258
IRSUIPLANYR,Planificación suicida,DL,IRCHMPUS,0.0008491897560279265,CHAMPUS - IMPUTATION REVISED,IMPUTED HEALTH INSURANCE,259
IRSUIPLANYR,Planificación suicida,DL,DRVINAGE,0.0008465826735573643,RC-DUI AGE CATEGORY RECODE,RECODED DEMOGRAPHICS,260
IRSUIPLANYR,Planificación suicida,DL,OTHRSEDANY,0.0008464656220779285,RC-OTHER SEDATIVE - ANY PAST YEAR USE,RECODED DRUG USE,261
IRSUIPLANYR,Planificación suicida,DL,HPUSEDRG,0.0008429904320682873,HEALTH PROF ASKED PST 12 MOS: DRUG USE,HEALTH,262
IRSUIPLANYR,Planificación suicida,DL,FUSMKLSS18,0.0008335132969409649,RC-FIRST USED SMOKELESS TOBACCO PRIOR TO AGE 18,RECODED DRUG USE,263
IRSUIPLANYR,Planificación suicida,DL,IRFAMSVC,0.0008170435909039473,FAM REC WELFARE/JOB PL/CHILDCARE - IMPUTATION REVISED,IMPUTED INCOME,264
IRSUIPLANYR,Planificación suicida,DL,NMVSOPT2,0.0008159482148843108,# OUTPATIENT VISITS PAST 12 MOS - RECODE,HEALTH,265
IRSUIPLANYR,Planificación suicida,DL,KRATREC,0.0008133459103233895,TIME SINCE LAST USED KRATOM,EMERGING ISSUES,266
IRSUIPLANYR,Planificación suicida,DL,CIGDLMLU,0.0008121596156668879,MONTH OF LAST CIGARETTE USE EVERY DAY - RECODE,PRIOR SUBSTANCE USE,267
IRSUIPLANYR,Planificación suicida,DL,FULSD21,0.0008102225707843891,RC-FIRST USED LSD PRIOR TO AGE 21,RECODED DRUG USE,268
IRSUIPLANYR,Planificación suicida,DL,DIABETEAG,0.0008077096141233836,AGE DIABETES 1ST DIAGNOSED,HEALTH,269
IRSUIPLANYR,Planificación suicida,DL,IRNPCOLDREC,0.0008046381056556088,NONPRESCRIPTION COUGH OR COLD MEDS RECENCY - IMPUTATION REV,IMPUTED SPECIAL DRUGS,270
IRSUIPLANYR,Planificación suicida,DL,FUALC21,0.0007997587560301462,RC-FIRST USED ALCOHOL PRIOR TO AGE 21,RECODED DRUG USE,271
IRSUIPLANYR,Planificación suicida,DL,CIGMLU,0.0007882597546906334,MONTH OF LAST CIGARETTE USE - RECODE,PRIOR SUBSTANCE USE,272
IRSUIPLANYR,Planificación suicida,DL,UADEVNT,0.0007718839548537195,RC-MOST RECENT ALCOHOL USE AT CONCERT OR SPORTS GAME,RECODED CONSUMPTION OF ALCOHOL,273
IRSUIPLANYR,Planificación suicida,DL,CGRAGLST,0.0007716016271458577,HOW OLD WERE YOU THE LAST TIME SMOKED CIGAR/CIGARILLO,PRIOR SUBSTANCE USE,274
IRSUIPLANYR,Planificación suicida,DL,ACTD7590,0.0007696706617266473,MAY 1975 TO JULY 1990,DEMOGRAPHICS,275
IRSUIPLANYR,Planificación suicida,DL,CIGFNLKE,0.0007604779211282427,CHOOSE NOT TO BE AROUND FRIENDS WHO DON'T SMOKE,NICOTINE DEPENDENCE,276
IRSUIPLANYR,Planificación suicida,DL,TRQANYYR,0.0007557096305137046,RC-ANY TRANQUILIZERS - PAST YEAR USE,RECODED DRUG USE,277
IRSUIPLANYR,Planificación suicida,DL,CIGAVGD,0.0007536034313213863,RC-AVG NUMBER OF CIGARETTES SMOKED PER DAY,RECODED DRUG USE,278
IRSUIPLANYR,Planificación suicida,DL,DRVININHL,0.0007508120732759434,DROVE UNDER INFLUENCE OF INHALANTS PAST 12 MOS,SPECIAL TOPICS,279
IRSUIPLANYR,Planificación suicida,DL,DRVINALCO2,0.0007482863217617257,RC-DROVE UNDER INFLUENCE OF ALCOHOL IN PAST YEAR,RECODED SPECIAL TOPICS,280
IRSUIPLANYR,Planificación suicida,DL,ECSTMOFLAG,0.0007455951044282788,RC-ECSTASY - EVER USED,RECODED DRUG USE,281
IRSUIPLANYR,Planificación suicida,DL,DIFOBTMRJ,0.0007396857787882669,RC-MARIJUANA FAIRLY OR VERY EASY TO OBTAIN,RECODED RISK/AVAILABILITY,282
IRSUIPLANYR,Planificación suicida,DL,ASTHMAEVR2,0.00073698278477718,EVER TOLD HAD ASTHMA,HEALTH,283
IRSUIPLANYR,Planificación suicida,DL,TQSDANYFLG,0.0007241715056695163,RC-ANY TRANQUILIZERS OR SEDATIVES - EVER USED,RECODED DRUG USE,284
IRSUIPLANYR,Planificación suicida,DL,HALLUCYR,0.0007241294318611218,RC-HALLUCINOGENS - PAST YEAR USE,RECODED DRUG USE,285
IRSUIPLANYR,Planificación suicida,DL,RXMORPANY2,0.0007073065619915718,RC-MORPHINE PRODUCTS - ANY PAST YEAR USE,RECODED DRUG USE,286
IRSUIPLANYR,Planificación suicida,DL,EDUSKPEST,0.0007028109392967987,BEST ESTIMATE # DAYS MISSED BECAUSE SKIPPED OR CUT,EDUCATION,287
IRSUIPLANYR,Planificación suicida,DL,RSKCOCWK,0.0006981485962170734,RISK USING COCAINE ONCE OR TWICE A WEEK,RISK/AVAILABILITY,288
IRSUIPLANYR,Planificación suicida,DL,EDFAM18,0.000696640128276734,RC-EDITED INDICATOR: FAMILY IN HH 18 OR OLDER,HOUSEHOLD COMPOSITION (ROSTER),289
IRSUIPLANYR,Planificación suicida,DL,SERVICE,0.0006916733195162108,EVER BEEN IN THE US ARMED FORCES,DEMOGRAPHICS,290
IRSUIPLANYR,Planificación suicida,DL,ACTDVIET,0.0006911321269005848,VIETNAM ERA (MARCH 1961 TO APRIL 1975),DEMOGRAPHICS,291
IRSUIPLANYR,Planificación suicida,DL,DCIGMON,0.0006876446290216935,RC-PAST MONTH DAILY CIGARETTE USE,RECODED DRUG USE,292
IRSUIPLANYR,Planificación suicida,DL,DRVINDETAG,0.0006863856670347113,RC-DUI DETAILED AGE CATEGORY RECODE,RECODED DEMOGRAPHICS,293
IRSUIPLANYR,Planificación suicida,DL,TOBCIGVAP2,0.0006848617284709505,RC-NIC VAPING AND CIG/NONCIG TOBACCO COMBINATIONS-PM USE,RECODED DRUG USE,294
IRSUIPLANYR,Planificación suicida,DL,ILLFLAG,0.0006776701646603441,RC-ANY ILLICIT DRUG - EVER USED,RECODED DRUG USE,295
IRSUIPLANYR,Planificación suicida,DL,MRJMDAYS,0.0006762332853240201,RC-# OF DAYS USED MARIJUANA IN PAST MONTH,RECODED DRUG USE,296
IRSUIPLANYR,Planificación suicida,DL,HIVAIDSEV2,0.0006710710281840889,EVER TOLD HAD HIV OR AIDS,HEALTH,297
IRSUIPLANYR,Planificación suicida,DL,ILLEMYR2,0.000664733682165154,RC-ILLICIT DRUG OTHER THAN MARIJUANA - PAST YEAR,RECODED DRUG USE,298
IRSUIPLANYR,Planificación suicida,DL,CIGPDAY,0.0006551284572627742,RC-# OF CIGARETTES SMOKED PER DAY AMONG DAILY SMOKERS,RECODED DRUG USE,299
IRSUIPLANYR,Planificación suicida,DL,UADHOME,0.0006490573223051749,RC-MOST RECENT ALCOHOL USE AT HOME,RECODED CONSUMPTION OF ALCOHOL,300
IRSUIPLANYR,Planificación suicida,DL,TOBVAPONL2,0.000648313146257595,RC-NIC VAPING / TOBACCO PRODUCTS ONLY - PAST MONTH USE,RECODED DRUG USE,301
IRSUIPLANYR,Planificación suicida,DL,ANYHLTI2,0.0006469620804630202,COVERED BY ANY HEALTH INSURANCE - RECODE,RECODED HEALTH INSURANCE,302
IRSUIPLANYR,Planificación suicida,DL,BNGDRKMON,0.0006450935325598603,RC-BINGE ALCOHOL USE PAST 30 DAYS,RECODED DRUG USE,303
IRSUIPLANYR,Planificación suicida,DL,RKFQDBLT,0.0006444959026041001,WEAR A SEATBELT WHEN YOU DRIVE A CAR,RISK/AVAILABILITY,304
IRSUIPLANYR,Planificación suicida,DL,FUCOC21,0.0006436139602717512,RC-FIRST USED COCAINE PRIOR TO AGE 21,RECODED DRUG USE,305
IRSUIPLANYR,Planificación suicida,DL,LVLDIFWALK2,0.0006428605524786244,LEVEL OF DIFFICULTY WALKING OR CLIMBING STEPS,DEMOGRAPHICS,306
IRSUIPLANYR,Planificación suicida,DL,KRATOMFLAG,0.0006408142981418892,RC-KRATOM - EVER USED,RECODED EMERGING ISSUES,307
IRSUIPLANYR,Planificación suicida,DL,DRVINCOCN,0.0006397886665812399,DROVE UNDER INFLU OF COCAINE PST 12 MOS,SPECIAL TOPICS,308
IRSUIPLANYR,Planificación suicida,DL,RXHYDCANY2,0.0006355459744261792,RC-HYDROCODONE PRODUCTS - ANY PAST YEAR USE,RECODED DRUG USE,309
IRSUIPLANYR,Planificación suicida,DL,RXDIAZANY,0.0006318611680180752,RC-DIAZEPAM PRODUCTS - ANY PAST YEAR USE,RECODED DRUG USE,310
IRSUIPLANYR,Planificación suicida,DL,MILTSIBLN,0.0006256618286055869,SISTER OR BROTHER IN MILITARY,EDUCATION,311
IRSUIPLANYR,Planificación suicida,DL,KRATEVER,0.0006185899170256999,EVER USED KRATOM,EMERGING ISSUES,312
IRSUIPLANYR,Planificación suicida,DL,PSYCHYR,0.000612816122155664,RC-ANY PSYCHOTHERAPEUTICS - PAST YEAR MISUSE,RECODED DRUG USE,313
IRSUIPLANYR,Planificación suicida,DL,HERNEDEVER,0.0006114908235525725,RC-EVER USED A NEEDLE TO INJECT HEROIN,RECODED SPECIAL DRUGS,314
IRSUIPLANYR,Planificación suicida,DL,PSILCYYR,0.0006062551513122697,RC-PSILOCYBIN - PAST YEAR USE,RECODED DRUG USE,315
IRSUIPLANYR,Planificación suicida,DL,TOBFLAG,0.0006054118704651807,RC-ANY TOBACCO - EVER USED,RECODED DRUG USE,316
IRSUIPLANYR,Planificación suicida,DL,DIABETEVR2,0.0005913257098195555,EVER TOLD HAD DIABETES/SUGAR DIABETES,HEALTH,317
IRSUIPLANYR,Planificación suicida,DL,RXHYDCMIS,0.0005891222069039943,RC-HYDROCODONE PRODUCTS - PAST YEAR MISUSE,RECODED DRUG USE,318
IRSUIPLANYR,Planificación suicida,DL,FUMETHAM21,0.0005891080437845636,RC-FIRST USED METHAMPHETAMINE PRIOR TO AGE 21,RECODED DRUG USE,319
IRSUIPLANYR,Planificación suicida,DL,APPDRGMON2,0.0005884259096354188,RC-APPROACHED BY SOMEONE SELLING DRUGS,RECODED RISK/AVAILABILITY,320
IRSUIPLANYR,Planificación suicida,DL,BKDRUNK,0.0005801422669192102,ARRSTD & BOOKED FOR DRUNKENNESS PAST 12 MONTHS,SPECIAL TOPICS,321
IRSUIPLANYR,Planificación suicida,DL,CHMNDLREC,0.0005768530592322323,RC-MOST RECENT USE OF COC/HER/METH WITH A NEEDLE,RECODED SPECIAL DRUGS,322
IRSUIPLANYR,Planificación suicida,DL,CIG1PACK,0.0005765472160076149,RC-SMKED 1+ PCK OF CIGS PER DAY AMNG DLY SMKERS (1/0),RECODED DRUG USE,323
IRSUIPLANYR,Planificación suicida,DL,IRINSUR4,0.0005736209463984501,RC-OVERALL HEALTH INSURANCE - IMPUTATION REVISED,RECODED HEALTH INSURANCE,324
IRSUIPLANYR,Planificación suicida,DL,ILLEMMON2,0.0005723233298236903,RC-ILLICIT DRUG OTHER THAN MARIJUANA-PAST MONTH,RECODED DRUG USE,325
IRSUIPLANYR,Planificación suicida,DL,ACTDPRIV,0.0005696062841996065,ANY TIME BEFORE VIETNAM ERA (MARCH 1961),DEMOGRAPHICS,326
IRSUIPLANYR,Planificación suicida,DL,HERRXOPYR,0.0005666206303974424,RC-HEROIN USE AND/OR RX OPIOID MISUSE - PAST YEAR,RECODED DRUG USE,327
IRSUIPLANYR,Planificación suicida,DL,LSDYLU,0.0005657527465920142,YEAR OF LAST LSD USE - RECODE,PRIOR SUBSTANCE USE,328
IRSUIPLANYR,Planificación suicida,DL,MRJMON,0.0005643298660181991,RC-MARIJUANA - PAST MONTH USE,RECODED DRUG USE,329
IRSUIPLANYR,Planificación suicida,DL,CIGYR,0.0005638251514900225,RC-CIGARETTES - PAST YEAR USE,RECODED DRUG USE,330
IRSUIPLANYR,Planificación suicida,DL,SMKYRLAST,0.0005613760162934815,YEAR OF LAST SMOKELESS TOBACCO USE - RECODE,PRIOR SUBSTANCE USE,331
IRSUIPLANYR,Planificación suicida,DL,ENRLCOLLFT2,0.0005597090467675352,RC-COLLEGE ENROLLMENT-FULL TIME,RECODED EDUCATION,332
IRSUIPLANYR,Planificación suicida,DL,ALCYR,0.0005595028587138138,RC-ALCOHOL - PAST YEAR USE,RECODED DRUG USE,333
IRSUIPLANYR,Planificación suicida,DL,ECSTMOMLU,0.0005563351266851014,MONTH OF LAST ECSTASY OR MOLLY USE - RECODE,PRIOR SUBSTANCE USE,334
IRSUIPLANYR,Planificación suicida,DL,SYNSTMREC,0.0005468110527159522,TIME SINCE LAST USED SYNTHETIC STIMULANTS,EMERGING ISSUES,335
IRSUIPLANYR,Planificación suicida,DL,CRKAGLST,0.0005419025951996444,HOW OLD WERE YOU THE LAST TIME USED CRACK,PRIOR SUBSTANCE USE,336
IRSUIPLANYR,Planificación suicida,DL,METHAGLST,0.0005383698162315766,HOW OLD WERE YOU THE LAST TIME USED METH,PRIOR SUBSTANCE USE,337
IRSUIPLANYR,Planificación suicida,DL,CGRMDAYS,0.0005379409710877755,RC-# OF DAYS USED CIGARS IN PAST MONTH,RECODED DRUG USE,338
IRSUIPLANYR,Planificación suicida,DL,PSYANYFLAG2,0.0005344335606218449,RC-ANY PSYCHOTHERAPEUTICS - EVER USED,RECODED DRUG USE,339
IRSUIPLANYR,Planificación suicida,DL,PNRNMYR,0.000532420521602035,RC-PAIN RELIEVERS - PAST YEAR MISUSE,RECODED DRUG USE,340
IRSUIPLANYR,Planificación suicida,DL,IRKRATREC,0.000531431254705693,KRATOM RECENCY - IMPUTATION REVISED,IMPUTED EMERGING ISSUES,341
IRSUIPLANYR,Planificación suicida,DL,UADOTHM,0.0005262050324929785,RC-MOST RECENT ALCOHOL USE AT SOMEONE ELSE'S HOME,RECODED CONSUMPTION OF ALCOHOL,342
IRSUIPLANYR,Planificación suicida,DL,BNGDRMDAYS,0.000521122927638581,RC-# OF DAYS BINGE USED ALCOHOL IN PAST MONTH,RECODED DRUG USE,343
IRSUIPLANYR,Planificación suicida,DL,RSKHERWK,0.0005194018080087524,RISK USING HEROIN ONCE OR TWICE A WEEK,RISK/AVAILABILITY,344
IRSUIPLANYR,Planificación suicida,DL,METHMOLST,0.0005158980628475554,MONTH OF LAST METH USE - RECODE,PRIOR SUBSTANCE USE,345
IRSUIPLANYR,Planificación suicida,DL,FUSMKLSS21,0.0005150559500907614,RC-FIRST USED SMOKELESS TOBACCO PRIOR TO AGE 21,RECODED DRUG USE,346
IRSUIPLANYR,Planificación suicida,DL,ILIMFOTHMN,0.000514450004576829,"RC-ILLICIT DRUG, IMF, OR OTHER SUB - PAST MONTH USE",RECODED EMERGING ISSUES,347
IRSUIPLANYR,Planificación suicida,DL,CIGAGLST,0.0005124343776323278,HOW OLD WERE YOU THE LAST TIME SMOKED CIGARETTE,PRIOR SUBSTANCE USE,348
IRSUIPLANYR,Planificación suicida,DL,SVYRPSYANY,0.0005112462517086474,"RC-PSYCHOTHERAPUETIC USE DISORDER SEVERITY, PY USERS",RECODED SUBSTANCE USE DISORDER,349
IRSUIPLANYR,Planificación suicida,DL,CIGREGDY,0.0005086897637601469,SMOKE CIGS FAIRLY REGULARLY THROUGHOUT THE DAY,NICOTINE DEPENDENCE,350
IRSUIPLANYR,Planificación suicida,DL,PIPMON,0.0005045204900270628,RC-PIPES - PAST MONTH USE,RECODED DRUG USE,351
IRSUIPLANYR,Planificación suicida,DL,HLCLAST,0.0005025102913757516,TIME SINCE LAST HAD HEALTH CARE COVERAGE,HEALTH INSURANCE,352
IRSUIPLANYR,Planificación suicida,DL,MJVAPYR,0.0005016314242783468,RC-MARIJUANA VAPING - PAST YEAR USE,RECODED DRUG USE,353
IRSUIPLANYR,Planificación suicida,DL,HALLYRLST,0.0004957037327015945,YEAR OF LAST HALLUCINOGEN USE - RECODE,PRIOR SUBSTANCE USE,354
IRSUIPLANYR,Planificación suicida,DL,WTPOUND2,0.0004952035998073805,WEIGHT IN POUNDS - RECODE,HEALTH,355
IRSUIPLANYR,Planificación suicida,DL,UD5CNSANY,0.0004952027767288884,RC-CNS STIMULANT USE DISORDER - PAST YEAR USERS,RECODED SUBSTANCE USE DISORDER,356
IRSUIPLANYR,Planificación suicida,DL,BKMVTHFT,0.000493367542529088,ARRSTD & BOOKED FOR MOT VEH THEFT PAST 12 MONTHS,SPECIAL TOPICS,357
IRSUIPLANYR,Planificación suicida,DL,CATAGE,0.0004930843803760424,RC-AGE CATEGORY,RECODED DEMOGRAPHICS,358
IRSUIPLANYR,Planificación suicida,DL,FUHALLUC21,0.0004867653078759242,RC-FIRST USED HALLUCINOGENS PRIOR TO AGE 21,RECODED DRUG USE,359
IRSUIPLANYR,Planificación suicida,DL,CASURCVR,0.00048654839055253763,THINK IN RECOVERY FROM DRUG OR ALCOHOL PROBLEM,EMERGING ISSUES,360
IRSUIPLANYR,Planificación suicida,DL,PNRNMFLAG,0.00047976000120661497,RC-PAIN RELIEVERS - EVER MISUSED,RECODED DRUG USE,361
IRSUIPLANYR,Planificación suicida,DL,LSDFLAG,0.0004773526184492316,RC-LSD - EVER USED,RECODED DRUG USE,362
IRSUIPLANYR,Planificación suicida,DL,RXBZOTANY,0.0004750002877755734,RC-BENZODIAZEPINE TRANQUILIZERS - ANY PAST YEAR USE,RECODED DRUG USE,363
IRSUIPLANYR,Planificación suicida,DL,ACTD9001,0.0004738551787436321,AUG 1990 TO AUG 2001 (INCLUDING PERSIAN GULF WAR),DEMOGRAPHICS,364
IRSUIPLANYR,Planificación suicida,DL,COCYR,0.0004726328345020653,RC-COCAINE - PAST YEAR USE,RECODED DRUG USE,365
IRSUIPLANYR,Planificación suicida,DL,OPINMYR2,0.00047238791796050937,RC-OPIOIDS (RX OPIOIDS OR HEROIN) - PAST YEAR MISUSE,RECODED DRUG USE,366
IRSUIPLANYR,Planificación suicida,DL,SMKLSSFLAG,0.0004710076153361603,RC-SMOKELESS TOBACCO - EVER USED,RECODED DRUG USE,367
IRSUIPLANYR,Planificación suicida,DL,RXBUPRMIS,0.0004700740217922457,RC-BUPRENORPHINE PRODUCTS - PAST YEAR MISUSE,RECODED DRUG USE,368
IRSUIPLANYR,Planificación suicida,DL,MILTFAMLY,0.00046795931351471294,ANY IMMEDIATE FAMILY CURRENTLY IN US MILITARY,EDUCATION,369
IRSUIPLANYR,Planificación suicida,DL,NPCOLDFLAG,0.0004652625151989015,RC-NONPRESCRIPTION COUGH OR COLD MEDS - EVER USED,RECODED SPECIAL DRUGS,370
IRSUIPLANYR,Planificación suicida,DL,CASUPROB,0.00046110457186369956,THINK EVER HAD PROBLEM WITH OWN DRUG OR ALCOHOL USE,EMERGING ISSUES,371
IRSUIPLANYR,Planificación suicida,DL,FUCIG21,0.0004609366763719104,RC-FIRST USED CIGARETTES PRIOR TO AGE 21,RECODED DRUG USE,372
IRSUIPLANYR,Planificación suicida,DL,RXCLONANY,0.0004587110234424499,RC-CLONAZEP AM PRODUCTS - ANY PAST YEAR USE,RECODED DRUG USE,373
IRSUIPLANYR,Planificación suicida,DL,CIGAVOID,0.00045752063258733695,TEND TO AVOID PLACES THAT DON'T ALLOW SMOKING,NICOTINE DEPENDENCE,374
IRSUIPLANYR,Planificación suicida,DL,KETMINFLAG,0.0004552749976646747,RC-KETAMINE - EVER USED,RECODED DRUG USE,375
IRSUIPLANYR,Planificación suicida,DL,NDSSDEPND,0.00045346475282121725,NICOTINE DEPENDENCE BASED ON NDSS SCORE,NICOTINE DEPENDENCE,376
IRSUIPLANYR,Planificación suicida,DL,FUCIG18,0.0004502456524766063,RC-FIRST USED CIGARETTES PRIOR TO AGE 18,RECODED DRUG USE,377
IRSUIPLANYR,Planificación suicida,DL,HTANSWER,0.00044767726600002556,PREFERRED WAY TO REPORT HEIGHT,HEALTH,378
IRSUIPLANYR,Planificación suicida,DL,UADPEOP,0.00044274453697193476,RC-SOCIAL CONTEXT OF MOST RECENT ALCOHOL USE,RECODED CONSUMPTION OF ALCOHOL,379
IRSUIPLANYR,Planificación suicida,DL,UD5ILNALANY,0.00042953688592457546,"RC-DRUG USE DISORDER, NO ALC USE DISORDER - PAST YEAR USERS",RECODED SUBSTANCE USE DISORDER,380
IRSUIPLANYR,Planificación suicida,DL,RXALPRANY,0.00042613122869393353,RC-ALPRAZOLEM PRODUCTS - ANY PAST YEAR USE,RECODED DRUG USE,381
IRSUIPLANYR,Planificación suicida,DL,UDYR5PNRANY2,0.00042567996071807057,"RC-PAIN RELIEVER USE DISORDER, PY USERS",RECODED SUBSTANCE USE DISORDER,382
IRSUIPLANYR,Planificación suicida,DL,HIVAIDSAG,0.0004202368308915534,AGE 1ST FOUND OUT HAD HIV/AIDS,HEALTH,383
IRSUIPLANYR,Planificación suicida,DL,UADCAR,0.0004200230247913414,RC-MOST RECENT ALCOHOL USE IN A CAR,RECODED CONSUMPTION OF ALCOHOL,384
IRSUIPLANYR,Planificación suicida,DL,EDUSCKEST,0.0004190693153650467,BEST ESTIMATE # DAYS MISSED BECAUSE SICK OR INURED,EDUCATION,385
IRSUIPLANYR,Planificación suicida,DL,SYNMRJEVR,0.00041428447001089886,EVER USED SYNTHETIC MARIJUANA,EMERGING ISSUES,386
IRSUIPLANYR,Planificación suicida,DL,SEDANYYR,0.0004141767568220861,RC-ANY SEDATIVES - PAST YEAR USE,RECODED DRUG USE,387
IRSUIPLANYR,Planificación suicida,DL,UDYR5STMANY,0.00040736658748028105,"RC-STIMULANT USE DISORDER, PY USERS",RECODED SUBSTANCE USE DISORDER,388
IRSUIPLANYR,Planificación suicida,DL,IMFNDLEVER,0.0004038469897103292,EVER INJECTED ILLEGALLY MADE FENTANYL WITH NEEDLE,EMERGING ISSUES,389
IRSUIPLANYR,Planificación suicida,DL,DRVINMETH,0.0003997483542188979,DROVE UNDER INFLU OF METHAMPHETAMINE PAST 12 MOS,SPECIAL TOPICS,390
IRSUIPLANYR,Planificación suicida,DL,HERMLU,0.0003993220217525914,MONTH OF LAST HEROIN USE - RECODE,PRIOR SUBSTANCE USE,391
IRSUIPLANYR,Planificación suicida,DL,AMYLNIEVER2,0.00039923645928502074,"RC-EVER INHALED AMYL NITRITE, ""POPPERS"", RUSH, ETC.",RECODED DRUG USE,392
IRSUIPLANYR,Planificación suicida,DL,PNRNDAYPM,0.0003965606590263619,RC-# OF DAYS MISUSED PAIN RELIEVERS IN PAST MONTH,RECODED DRUG USE,393
IRSUIPLANYR,Planificación suicida,DL,HLNVCOST,0.000395585442191561,NEVER HAD HEALTH INSURANCE BECAUSE COST TOO HIGH,HEALTH INSURANCE,394
IRSUIPLANYR,Planificación suicida,DL,HERYLU,0.0003944685213464259,YEAR OF LAST HEROIN USE - RECODE,PRIOR SUBSTANCE USE,395
IRSUIPLANYR,Planificación suicida,DL,IRFLVVAPREC,0.00038985642238307833,ONLY FLAVORING VAPING RECENCY - IMPUTATION REVISED,IMPUTED EMERGING ISSUES,396
IRSUIPLANYR,Planificación suicida,DL,LSDMLU,0.00038956423396268745,MONTH OF LAST LSD USE - RECODE,PRIOR SUBSTANCE USE,397
IRSUIPLANYR,Planificación suicida,DL,UADROTH,0.0003880186203788152,RC-MOST RECENT ALCOHOL USE AT SOME OTHER PLACE,RECODED CONSUMPTION OF ALCOHOL,398
IRSUIPLANYR,Planificación suicida,DL,WRKRSNNOT,0.00038352242061151303,REASON FOR NOT WORKING AT JOB - PAST WK,EMPLOYMENT,399
IRSUIPLANYR,Planificación suicida,DL,HALLNDAYYR,0.0003795357961612364,RC-# OF DAYS USED HALLUCINOGENS IN PAST YEAR,RECODED DRUG USE,400
IRSUIPLANYR,Planificación suicida,DL,COCAGLST,0.00037762940970617164,HOW OLD WERE YOU THE LAST TIME USED COCAINE,PRIOR SUBSTANCE USE,401
IRSUIPLANYR,Planificación suicida,DL,SNYSTOLE,0.00037410556618897457,STOLEN/TRIED TO STEAL ANYTHING WORTH > $50,SOCIAL ENVIRONMENT,402
IRSUIPLANYR,Planificación suicida,DL,CIGAVGM,0.00037272774908251634,RC-NUMBER OF CIGARETTES SMOKED PER USER IN PAST MONTH,RECODED DRUG USE,403
IRSUIPLANYR,Planificación suicida,DL,FLTMRKEVER2,0.0003710102556909761,RC-EVER USED FELT-TIP PENS/MARKERS TO GET HIGH,RECODED DRUG USE,404
IRSUIPLANYR,Planificación suicida,DL,SRCCLFRTRQ,0.0003675483956412763,RC-COLLAPSED SOURCE OF FRND/REL TRANQLZRS FOR LAST MISUSE,RECODED DRUG USE,405
IRSUIPLANYR,Planificación suicida,DL,NMERTMT2,0.0003649774613058977,# OF TIMES BEEN TREATED IN EMER ROOM PAST 12 MOS,HEALTH,406
IRSUIPLANYR,Planificación suicida,DL,OPIIMFNMYR2,0.0003643722127508209,RC-OPIOIDS (RX OPIOIDS OR HER) INCLUDING IMF - PST YR MISUSE,RECODED EMERGING ISSUES,407
IRSUIPLANYR,Planificación suicida,DL,BKOTH,0.00036430156042672595,ARRSTD & BOOKED FOR SOME OTHER OFF PAST 12 MOS,SPECIAL TOPICS,408
IRSUIPLANYR,Planificación suicida,DL,SEVYRTRQANY,0.00036190010141580963,"RC-TRANQUILIZER USE DISORDER SEVERITY, PY USERS",RECODED SUBSTANCE USE DISORDER,409
IRSUIPLANYR,Planificación suicida,DL,BKFRAUD,0.00036063481579185375,ARRSTD & BOOKED FOR FRAUD/STOL GOODS PAST 12 MOS,SPECIAL TOPICS,410
IRSUIPLANYR,Planificación suicida,DL,GRSKHERTRY,0.00035946161246930937,RC-GREAT RISK:  TRYING HEROIN ONCE OR TWICE,RECODED RISK/AVAILABILITY,411
IRSUIPLANYR,Planificación suicida,DL,HLNVNEED,0.0003553739241938711,NEVER HAD HEALTH INSURANCE BECAUSE DON'T NEED IT,HEALTH INSURANCE,412
IRSUIPLANYR,Planificación suicida,DL,SRCFRTRQNM,0.00035172007232904426,RC-SOURCE OF FRIEND/RELATIVE TRANQUILIZERS FOR LAST MISUSE,RECODED DRUG USE,413
IRSUIPLANYR,Planificación suicida,DL,CELLNOTCL,0.00035152811082988193,NOT A CELL PHONE,INCOME,414
IRSUIPLANYR,Planificación suicida,DL,HERAGLST,0.000350272784009578,HOW OLD WERE YOU THE LAST TIME USED HEROIN,PRIOR SUBSTANCE USE,415
IRSUIPLANYR,Planificación suicida,DL,MJDABYR,0.0003496699074748863,"RC-MARIJUANA DABBING WAXES, SHATTER, OR CONC - PAST YEAR USE",RECODED DRUG USE,416
IRSUIPLANYR,Planificación suicida,DL,IRWELMOS,0.0003485316491221499,NO OF MONTHS ON WELFARE - IMPUTATION REVISED,IMPUTED INCOME,417
IRSUIPLANYR,Planificación suicida,DL,SEVYRPNRANY2,0.00034784760434775297,"RC-PAIN RELIEVER USE DISORDER SEVERITY, PY USERS",RECODED SUBSTANCE USE DISORDER,418
IRSUIPLANYR,Planificación suicida,DL,COCYRBFR,0.0003459871154373095,HAVE ANY FORM OF COCAINE IN YEAR BEFORE LAST,PRIOR SUBSTANCE USE,419
IRSUIPLANYR,Planificación suicida,DL,INHLAGLST,0.00034590720476440753,HOW OLD WERE YOU THE LAST TIME USED INHALANTS,PRIOR SUBSTANCE USE,420
IRSUIPLANYR,Planificación suicida,DL,CIRROSAGE,0.0003455335230007964,AGE CIRRHOSIS 1ST DIAGNOSED,HEALTH,421
IRSUIPLANYR,Planificación suicida,DL,DRVINMARJ2,0.00034355651132834925,RC-DROVE UNDER INFLUENCE OF MARIJUANA IN PAST YEAR,RECODED SPECIAL TOPICS,422
IRSUIPLANYR,Planificación suicida,DL,FLVVAPREC,0.0003434009411475361,TIME SINCE LAST VAPED ONLY FLAVORING,EMERGING ISSUES,423
IRSUIPLANYR,Planificación suicida,DL,DRVINALDRG,0.00034106217311037634,RC-DROVE UNDER INFLUENCE OF ALC OR SELECTED ILL DRG IN PY,RECODED SPECIAL TOPICS,424
IRSUIPLANYR,Planificación suicida,DL,CRKMLU,0.0003316762549802636,MONTH OF LAST CRACK USE - RECODE,PRIOR SUBSTANCE USE,425
IRSUIPLANYR,Planificación suicida,DL,HRTCONDYR,0.0003297219866653893,HAD HEART CONDITION PAST 12 MONTHS,HEALTH,426
IRSUIPLANYR,Planificación suicida,DL,SMKLSMDAYS,0.0003270712910677398,RC-# OF DAYS USED SMOKELESS TOBACCO IN PAST MONTH,RECODED DRUG USE,427
IRSUIPLANYR,Planificación suicida,DL,UADPUBL,0.000320131223124078,"RC-MOST RECENT ALCOHOL USE AT A PARK, BEACH, OR LOT",RECODED CONSUMPTION OF ALCOHOL,428
IRSUIPLANYR,Planificación suicida,DL,CNSNMYR,0.0003198237115414021,RC-CENTRAL NERVOUS SYSTEM STIMULANTS - PAST YEAR MISUSE,RECODED DRUG USE,429
IRSUIPLANYR,Planificación suicida,DL,RXOXCOANY2,0.0003173365225119369,RC-OXYCODONE PRODUCTS - ANY PAST YEAR USE,RECODED DRUG USE,430
IRSUIPLANYR,Planificación suicida,DL,RXAMMEANY,0.00031702735453230434,RC-AMPHETAMINE OR METHYLPHENIDATE PRODS - ANY PAST YEAR USE,RECODED DRUG USE,431
IRSUIPLANYR,Planificación suicida,DL,LSDAGLST,0.00031565173138006054,HOW OLD WERE YOU THE LAST TIME USED LSD,PRIOR SUBSTANCE USE,432
IRSUIPLANYR,Planificación suicida,DL,RXLORAANY,0.00031461622554297713,RC-LORAZEPAM PRODUCTS - ANY PAST YEAR USE,RECODED DRUG USE,433
IRSUIPLANYR,Planificación suicida,DL,RXAMPHANY,0.000312910822987017,RC-AMPHETAMINE - ANY PAST YEAR USE,RECODED DRUG USE,434
IRSUIPLANYR,Planificación suicida,DL,HIGHBPAGE,0.00031257736889034007,AGE WHEN HIGH BLOOD PRESSURE 1ST DIAGNOSED,HEALTH,435
IRSUIPLANYR,Planificación suicida,DL,BZOANYYR,0.00031208354698446613,RC - ANY BENZODIAZEPINES - PAST YEAR USE,RECODED DRUG USE,436
IRSUIPLANYR,Planificación suicida,DL,OPINMMON2,0.0003109777067002138,RC-OPIOIDS (RX OPIOIDS OR HEROIN) - PAST MONTH MISUSE,RECODED DRUG USE,437
IRSUIPLANYR,Planificación suicida,DL,FUCGR21,0.00030937018235795117,RC-FIRST USED CIGARS PRIOR TO AGE 21,RECODED DRUG USE,438
IRSUIPLANYR,Planificación suicida,DL,BMI2,0.0003058621331871535,RC-BODY MASS INDEX (BMI),RECODED HEALTH,439
IRSUIPLANYR,Planificación suicida,DL,IRPYUD5MRJ,0.0003047973366603769,MARIJUANA USE DISORDER IN THE PAST YEAR - IMP REV,IMPUTED SUBSTANCE USE DISORDER,440
IRSUIPLANYR,Planificación suicida,DL,CABREAST,0.00030369871310540505,TYPE OF CANCER: BREAST,HEALTH,441
IRSUIPLANYR,Planificación suicida,DL,COMBATPY,0.00029927978166608386,EVER IN COMBAT ZONE ON ACTIVE DUTY,DEMOGRAPHICS,442
IRSUIPLANYR,Planificación suicida,DL,CANCEREVR2,0.00029856478035798854,EVER TOLD HAD CANCER,HEALTH,443
IRSUIPLANYR,Planificación suicida,DL,MJEATMON,0.00029744782167926933,RC-MARIJUANA EATING OR DRINKING - PAST MONTH USE,RECODED DRUG USE,444
IRSUIPLANYR,Planificación suicida,DL,UD5IEMANY,0.0002965849048978271,RC-DRUG OTHER THAN MRJ USE DISORDER - PAST YEAR USERS,RECODED SUBSTANCE USE DISORDER,445
IRSUIPLANYR,Planificación suicida,DL,NRCH17_2,0.00029273367835625647,RECODED # R's CHILDREN < 18 IN HOUSEHOLD,HOUSEHOLD COMPOSITION (ROSTER),446
IRSUIPLANYR,Planificación suicida,DL,AIRDUSEVER2,0.0002902609620705378,RC-EVER USED COMPUTER CLEANER/AIR DUSTER TO GET HIGH,RECODED DRUG USE,447
IRSUIPLANYR,Planificación suicida,DL,SYNMRJREC,0.0002873575767531547,TIME SINCE LAST USED SYNTHETIC MARIJUANA,EMERGING ISSUES,448
IRSUIPLANYR,Planificación suicida,DL,UD5PSYANY,0.0002870432401141454,RC-PSYCHOTHERAPEUTIC USE DISORDER - PAST YEAR USERS,RECODED SUBSTANCE USE DISORDER,449
IRSUIPLANYR,Planificación suicida,DL,MILTSPPAR,0.00028614258708619945,SPOUSE OR PARTNER IN MILITARY,EDUCATION,450
IRSUIPLANYR,Planificación suicida,DL,MRJMONVAP2,0.00028510043706467204,"RC-MRJ VAPE, MRJ USE BUT NOT VAPE, OR NO MRJ USE - PAST MON",RECODED DRUG USE,451
IRSUIPLANYR,Planificación suicida,DL,GRSKMRJWK,0.0002838515473976326,RC-GREAT RISK:  USE MARIJUANA 1-2 TIMES PER WEEK,RECODED RISK/AVAILABILITY,452
IRSUIPLANYR,Planificación suicida,DL,CATHYROID,0.0002821409117641477,TYPE OF CANCER: THYROID,HEALTH,453
IRSUIPLANYR,Planificación suicida,DL,PAROLREL,0.0002808763971552271,ON PAROLE/SUPRV RELEASE PAST 12 MONTHS,SPECIAL TOPICS,454
IRSUIPLANYR,Planificación suicida,DL,KRATOMMON,0.00027995890378951975,RC-KRATOM - PAST MONTH USE,RECODED EMERGING ISSUES,455
IRSUIPLANYR,Planificación suicida,DL,SMKMOLAST,0.0002774937601765969,MONTH OF LAST SMOKELESS TOBACCO USE - RECODE,PRIOR SUBSTANCE USE,456
IRSUIPLANYR,Planificación suicida,DL,FTNDDEPND,0.0002761331750759295,NICOTINE DEPENDENCE BASED ON FTND SCALE,NICOTINE DEPENDENCE,457
IRSUIPLANYR,Planificación suicida,DL,IRSYNSTMREC,0.000275547534317184,SYNTHETIC STIMULANTS RECENCY - IMPUTATION REVISED,IMPUTED EMERGING ISSUES,458
IRSUIPLANYR,Planificación suicida,DL,SVYRCNSMIS,0.0002754242875971624,"RC-CNS STIMULANT USE DISORDER SEVERITY, PY MISUSERS",RECODED SUBSTANCE USE DISORDER,459
IRSUIPLANYR,Planificación suicida,DL,HLNVSOR,0.0002748758085864422,NEVER HAD HEALTH INSURANCE BECAUSE OF SOME OTHER REASON,HEALTH INSURANCE,460
IRSUIPLANYR,Planificación suicida,DL,SVYRCNSANY,0.00027475548205529917,"RC-CNS STIMULANT USE DISORDER SEVERITY, PY USERS",RECODED SUBSTANCE USE DISORDER,461
IRSUIPLANYR,Planificación suicida,DL,PNRNMMON,0.00027275072363227166,RC-PAIN RELIEVERS - PAST MONTH MISUSE,RECODED DRUG USE,462
IRSUIPLANYR,Planificación suicida,DL,DRVINDRG,0.0002714686237806917,RC-DROVE UNDER INFLUENCE OF SELECTED ILL DRUGS IN PAST YR,RECODED SPECIAL TOPICS,463
IRSUIPLANYR,Planificación suicida,DL,DIFOBTLSD,0.0002710877377901412,RC-LSD FAIRLY OR VERY EASY TO OBTAIN,RECODED RISK/AVAILABILITY,464
IRSUIPLANYR,Planificación suicida,DL,FLVVAPFLAG,0.00027017884643703487,RC-ONLY FLAVORING VAPING - EVER USED,RECODED EMERGING ISSUES,465
IRSUIPLANYR,Planificación suicida,DL,RXMTHPANY,0.00026933955698495995,RC-METHYLPHENIDATE PRODUCTS - ANY PAST YEAR USE,RECODED DRUG USE,466
IRSUIPLANYR,Planificación suicida,DL,GRSKBNGWK,0.000268828062646463,RC-GREAT RISK:  HAVE 5+ ALC DRINKS 1-2 TIMES PER WEEK,RECODED RISK/AVAILABILITY,467
IRSUIPLANYR,Planificación suicida,DL,SRCPNRNM2,0.0002675350419700667,RC-SOURCE OF PAIN RELIEVERS FOR LAST MISUSE,RECODED DRUG USE,468
IRSUIPLANYR,Planificación suicida,DL,ANYNEDFLAG,0.0002671297648921614,RC-EVER USED A NEEDLE TO INJECT DRUGS,RECODED EMERGING ISSUES,469
IRSUIPLANYR,Planificación suicida,DL,HALLUCFLAG,0.0002657792781409257,RC-HALLUCINOGENS - EVER USED,RECODED DRUG USE,470
IRSUIPLANYR,Planificación suicida,DL,HERFLAG,0.0002624299554154294,RC-HEROIN - EVER USED,RECODED DRUG USE,471
IRSUIPLANYR,Planificación suicida,DL,OPIIMFNMMN2,0.0002622626895863492,RC-OPIOIDS (RX OPIOIDS OR HER) INCLUDING IMF - PST MO MISUSE,RECODED EMERGING ISSUES,472
IRSUIPLANYR,Planificación suicida,DL,HLNVREF,0.00026060415248883845,NEVER HAD HEALTH INSURANCE BC INS COMPANY REFUSED COVERAGE,HEALTH INSURANCE,473
IRSUIPLANYR,Planificación suicida,DL,UADPAID,0.00025863746054534566,RC-UNDERAGE DRINKER PAID FOR MOST RECENT ALCOHOL,RECODED CONSUMPTION OF ALCOHOL,474
IRSUIPLANYR,Planificación suicida,DL,INHLYRLST,0.00025741588027518097,YEAR OF LAST INHALANT USE - RECODE,PRIOR SUBSTANCE USE,475
IRSUIPLANYR,Planificación suicida,DL,TRQMAINRSN,0.000257189958123491,RC-MAIN REASON FOR MISUSING TRANQUILIZERS LAST EPISODE,RECODED DRUG USE,476
IRSUIPLANYR,Planificación suicida,DL,PIPFLAG,0.00025491194204539365,RC-PIPES - EVER USED,RECODED DRUG USE,477
IRSUIPLANYR,Planificación suicida,DL,COCYDAYS,0.00025482807344944127,RC-# OF DAYS USED COCAINE IN PAST YEAR,RECODED DRUG USE,478
IRSUIPLANYR,Planificación suicida,DL,HEPBCAGE,0.0002503586858510955,AGE HEPATITIS 1ST DIAGNOSED,HEALTH,479
IRSUIPLANYR,Planificación suicida,DL,INHNDAYYR2,0.0002482996730097198,RC-# OF DAYS USED INHALANTS IN PAST YEAR,RECODED DRUG USE,480
IRSUIPLANYR,Planificación suicida,DL,PNRMAINRSN,0.00024825410079210697,RC-MAIN REASON FOR MISUSING PAIN RELIEVERS LAST EPISODE,RECODED DRUG USE,481
IRSUIPLANYR,Planificación suicida,DL,CAKIDNEY,0.00024565681908279456,TYPE OF CANCER: KIDNEY,HEALTH,482
IRSUIPLANYR,Planificación suicida,DL,CANCERYR,0.0002454752752673776,HAD ANY CANCER PAST 12 MONTHS,HEALTH,483
IRSUIPLANYR,Planificación suicida,DL,HEPBCEVER2,0.000245252883913962,EVER TOLD HAD HEPATITIS B OR C,HEALTH,484
IRSUIPLANYR,Planificación suicida,DL,METHYRLST,0.0002449531564489045,YEAR OF LAST METHAMPHETAMINE USE - RECODE,PRIOR SUBSTANCE USE,485
IRSUIPLANYR,Planificación suicida,DL,HTINCHE2,0.00024491221630714696,HEIGHT IN INCHES WITHOUT SHOES - RECODE,HEALTH,486
IRSUIPLANYR,Planificación suicida,DL,INHLMOLST,0.00024418964532185326,MONTH OF LAST INHALANT USE - RECODE,PRIOR SUBSTANCE USE,487
IRSUIPLANYR,Planificación suicida,DL,CBDHMPYR,0.00024095605141655416,RC-CBD OR HEMP - PAST YEAR USE,RECODED DRUG USE,488
IRSUIPLANYR,Planificación suicida,DL,CGRMON,0.00023853247866520793,RC-CIGARS - PAST MONTH USE,RECODED DRUG USE,489
IRSUIPLANYR,Planificación suicida,DL,SRCCLFRPNR,0.0002383508542552569,RC-COLLAPSED SOURCE OF FRND/REL PAIN RLVRS FOR LAST MISUSE,RECODED DRUG USE,490
IRSUIPLANYR,Planificación suicida,DL,FULSD18,0.00023685497636597247,RC-FIRST USED LSD PRIOR TO AGE 18,RECODED DRUG USE,491
IRSUIPLANYR,Planificación suicida,DL,IRSEVSTMUNM,0.00023675266653299263,"STIMULANT USE DIS SEV, PY USERS BUT NOT MISUSERS - IMP REV",IMPUTED SUBSTANCE USE DISORDER,492
IRSUIPLANYR,Planificación suicida,DL,BKSMASLT,0.00023647834733128259,ARRSTD & BOOKED FOR OTHER ASSAULT PAST 12 MONTHS,SPECIAL TOPICS,493
IRSUIPLANYR,Planificación suicida,DL,UADMONY,0.0002324363043901194,RC-UNDERAGE DRINKER PURCHASED MOST RECENT ALCOHOL,RECODED CONSUMPTION OF ALCOHOL,494
IRSUIPLANYR,Planificación suicida,DL,MRJYR,0.00023241102858663972,RC-MARIJUANA - PAST YEAR USE,RECODED DRUG USE,495
IRSUIPLANYR,Planificación suicida,DL,IRFAMPMT,0.00023179119732231204,FAM RECEIVE PUBLIC ASSIST - IMPUTATION REVISED,IMPUTED INCOME,496
IRSUIPLANYR,Planificación suicida,DL,BKSRVIOL,0.0002314759550847574,ARRSTD & BOOKED SERIOUS VIOL OFFENSE PST 12 MOS,SPECIAL TOPICS,497
IRSUIPLANYR,Planificación suicida,DL,PMNICDEP,0.0002261076875817028,NICOTINE DEPENDENCE IN PAST MONTH,NICOTINE DEPENDENCE,498
IRSUIPLANYR,Planificación suicida,DL,SVYRTQSDUNM,0.00022600215021521263,"RC-TRANQ/SED USE DIS SEV, PY USERS/NOT MISUSERS ONLY",RECODED SUBSTANCE USE DISORDER,499
IRSUIPLANYR,Planificación suicida,DL,KRATOMYR,0.0002227625222876664,RC-KRATOM - PAST YEAR USE,RECODED EMERGING ISSUES,500
IRSUIPLANYR,Planificación suicida,DL,RXBUPRANY2,0.00022269819715438566,RC-BUPRENORPHINE PRODUCTS - ANY PAST YEAR USE,RECODED DRUG USE,501
IRSUIPLANYR,Planificación suicida,DL,FUECSTMO21,0.00022259009163826698,RC-FIRST USED ECSTASY PRIOR TO AGE 21,RECODED DRUG USE,502
IRSUIPLANYR,Planificación suicida,DL,UD5CNSGRP,0.00022255882493703901,"RC-CNS STM USE DISORDER - PY USE, MISUSE, USE/NOT MISUSE",RECODED SUBSTANCE USE DISORDER,503
IRSUIPLANYR,Planificación suicida,DL,PSYCHMON,0.00022188048103816707,RC-ANY PSYCHOTHERAPEUTICS - PAST MONTH MISUSE,RECODED DRUG USE,504
IRSUIPLANYR,Planificación suicida,DL,FLVVAPYR,0.00022097933292388987,RC-ONLY FLAVORING VAPING - PAST YEAR USE,RECODED EMERGING ISSUES,505
IRSUIPLANYR,Planificación suicida,DL,ILIMFOTHFG,0.00021912225584985192,"RC-ILLICIT DRUG, IMF, OR OTHER SUB - EVER USED",RECODED EMERGING ISSUES,506
IRSUIPLANYR,Planificación suicida,DL,CIRROSEVR2,0.00021713817117961277,EVER TOLD HAD CIRRHOSIS OF THE LIVER,HEALTH,507
IRSUIPLANYR,Planificación suicida,DL,SVYRTQSDANY,0.00021653042687466955,"RC-TRANQUILIZER OR SEDATIVE USE DISORDER SEVERITY, PY USERS",RECODED SUBSTANCE USE DISORDER,508
IRSUIPLANYR,Planificación suicida,DL,UADSCHL,0.00021558600074421646,RC-MOST RECENT ALCOHOL USE AT SCHOOL,RECODED CONSUMPTION OF ALCOHOL,509
IRSUIPLANYR,Planificación suicida,DL,CATAG2,0.0002149954660170804,RC-AGE CATEGORY RECODE (3 LEVELS),RECODED DEMOGRAPHICS,510
IRSUIPLANYR,Planificación suicida,DL,UDYR5OPPRANY,0.00021324240698186018,"RC-RX OPIOID USE DISORDER, PY USERS",RECODED SUBSTANCE USE DISORDER,511
IRSUIPLANYR,Planificación suicida,DL,BKSEXNR,0.00021282049060846242,ARRSTD & BOOKED SEX OFFENSE EXCL RAPE PST 12 MOS,SPECIAL TOPICS,512
IRSUIPLANYR,Planificación suicida,DL,TQSDNMFLAG,0.0002118232929750527,RC-TRANQUILIZERS OR SEDATIVES - EVER MISUSED,RECODED DRUG USE,513
IRSUIPLANYR,Planificación suicida,DL,METHAMFLAG,0.0002103054820054273,RC-METHAMPHETAMINE - EVER USED,RECODED DRUG USE,514
IRSUIPLANYR,Planificación suicida,DL,MJCMOTHYR,0.0002101366258712001,RC-COMBINED OTHER MARIJUANA MODES - PAST YEAR USE,RECODED DRUG USE,515
IRSUIPLANYR,Planificación suicida,DL,ILTOBALCYR,0.00020448227257404236,"RC-ILLICIT DRUG, TOBACCO PRD, OR ALCOHOL - PAST YEAR USE",RECODED DRUG USE,516
IRSUIPLANYR,Planificación suicida,DL,MJONLYMON2,0.00020363063345233564,RC-MARIJUANA ONLY - PAST MONTH USE,RECODED DRUG USE,517
IRSUIPLANYR,Planificación suicida,DL,SRCSTMNM2,0.0002029634311056716,RC-SOURCE OF STIMULANTS FOR LAST MISUSE,RECODED DRUG USE,518
IRSUIPLANYR,Planificación suicida,DL,IRSYNMRJREC,0.00020050703355809052,SYNTHETIC MARIJUANA RECENCY - IMPUTATION REVISED,IMPUTED EMERGING ISSUES,519
IRSUIPLANYR,Planificación suicida,DL,IRFAMSSI,0.00019903380151879203,FAM RECEIVE SSI - IMPUTATION REVISED,IMPUTED INCOME,520
IRSUIPLANYR,Planificación suicida,DL,ANYNDLREC,0.0001950514018535629,RC-MOST RECENT USE OF ANY DRUG WITH A NEEDLE,RECODED SPECIAL DRUGS,521
IRSUIPLANYR,Planificación suicida,DL,IRFAMSOC,0.00019400244329961195,FAM RECEIVE SS OR RR PAYMENTS - IMPUTATION REVISED,IMPUTED INCOME,522
IRSUIPLANYR,Planificación suicida,DL,CAOTHER2,0.00019247690960764785,TYPE OF CANCER: OTHER,HEALTH,523
IRSUIPLANYR,Planificación suicida,DL,ILTOBVAPALC,0.00019230695861262027,"RC-TOBACCO, NICOTINE VAPING, ALCOHOL, ILLICIT DRUG - PST MON",RECODED DRUG USE,524
IRSUIPLANYR,Planificación suicida,DL,SYNSTMEVR,0.00019177201049024303,EVER USED SYNTHETIC STIMULANTS,EMERGING ISSUES,525
IRSUIPLANYR,Planificación suicida,DL,NOOPPRANYYR,0.00019138695951551098,RC-NONOPIOID PRESCRIPTION PNR - ANY PAST YEAR USE,RECODED DRUG USE,526
IRSUIPLANYR,Planificación suicida,DL,UD5OPIGRP,0.00019009415217215026,"RC-OPIOID USE DISORDER - PY USE, MISUSE, USE/NOT MISUSE",RECODED SUBSTANCE USE DISORDER,527
IRSUIPLANYR,Planificación suicida,DL,FUCOC18,0.00018996564252711276,RC-FIRST USED COCAINE PRIOR TO AGE 18,RECODED DRUG USE,528
IRSUIPLANYR,Planificación suicida,DL,CBDHMPMON,0.00018804432529300418,RC-CBD OR HEMP - PAST MONTH USE,RECODED DRUG USE,529
IRSUIPLANYR,Planificación suicida,DL,CAMOUTTHRO,0.00018787725023321545,TYPE OF CANCER: MOUTH/TONGUE/LIP/THROAT/PHARYNX,HEALTH,530
IRSUIPLANYR,Planificación suicida,DL,PROB,0.00018709984701127016,RC-PROBATION STATUS IN THE PAST YEAR,RECODED SPECIAL TOPICS,531
IRSUIPLANYR,Planificación suicida,DL,RXCODEMIS,0.0001865275089123203,RC-CODEINE PRODUCTS - PAST YEAR MISUSE,RECODED DRUG USE,532
IRSUIPLANYR,Planificación suicida,DL,HLNVOFFR,0.000186425612715196,NEVER HAD HEALTH INSURANCE BECAUSE EMPLOYER DOESN'T OFFER,HEALTH INSURANCE,533
IRSUIPLANYR,Planificación suicida,DL,FUCRK21,0.00018615050518701855,RC-FIRST USED CRACK PRIOR TO AGE 21,RECODED DRUG USE,534
IRSUIPLANYR,Planificación suicida,DL,BKDRUG,0.00018461485453735604,ARRSTD & BOOKED FOR POSSES/SALE DRUGS PAST 12 MOS,SPECIAL TOPICS,535
IRSUIPLANYR,Planificación suicida,DL,CABLADDER,0.0001842708403128182,TYPE OF CANCER: BLADDER,HEALTH,536
IRSUIPLANYR,Planificación suicida,DL,BKARSON,0.0001835341840660476,ARRSTD & BOOKED FOR ARSON PAST 12 MONTHS,SPECIAL TOPICS,537
IRSUIPLANYR,Planificación suicida,DL,STMNMYR,0.00018306055100401924,RC-STIMULANTS - PAST YEAR MISUSE,RECODED DRUG USE,538
IRSUIPLANYR,Planificación suicida,DL,RXBZOTMIS,0.00017959500626148095,RC-BENZODIAZEPINE TRANQUILIZERS - PAST YEAR MISUSE,RECODED DRUG USE,539
IRSUIPLANYR,Planificación suicida,DL,HRTCONDEV2,0.00017853932792786492,EVER TOLD HAD HEART CONDITION,HEALTH,540
IRSUIPLANYR,Planificación suicida,DL,CIGMON,0.00017752593489239895,RC-CIGARETTES - PAST MONTH USE,RECODED DRUG USE,541
IRSUIPLANYR,Planificación suicida,DL,GRSKCOCWK,0.00017625300864102523,RC-GREAT RISK:  USE COCAINE 1-2 TIMES PER WEEK,RECODED RISK/AVAILABILITY,542
IRSUIPLANYR,Planificación suicida,DL,ALCMON,0.00017529827750000114,RC-ALCOHOL - PAST MONTH USE,RECODED DRUG USE,543
IRSUIPLANYR,Planificación suicida,DL,CGRYR,0.00017506626745881687,RC-CIGARS - PAST YEAR USE,RECODED DRUG USE,544
IRSUIPLANYR,Planificación suicida,DL,SYNMRJFLAG,0.00017231951350470397,RC-SYNTHETIC MARIJUANA - EVER USED,RECODED EMERGING ISSUES,545
IRSUIPLANYR,Planificación suicida,DL,RXZOLPANY,0.00017163699287993966,RC-ZOLPIDEM PRODUCTS - ANY PAST YEAR USE,RECODED DRUG USE,546
IRSUIPLANYR,Planificación suicida,DL,TRQNMYR,0.0001691754264757063,RC-TRANQUILIZERS - PAST YEAR MISUSE,RECODED DRUG USE,547
IRSUIPLANYR,Planificación suicida,DL,IRSEVSTMMIS,0.0001674745548516518,"STIMULANT USE DISORDER SEVERITY, PY MISUSERS - IMP REV",IMPUTED SUBSTANCE USE DISORDER,548
IRSUIPLANYR,Planificación suicida,DL,PAROL,0.00016594703122973565,RC-PAROLE/SUPERVISED RELEASE STATUS IN THE PAST YEAR,RECODED SPECIAL TOPICS,549
IRSUIPLANYR,Planificación suicida,DL,FUHALLUC18,0.00016472481478490216,RC-FIRST USED HALLUCINOGENS PRIOR TO AGE 18,RECODED DRUG USE,550
IRSUIPLANYR,Planificación suicida,DL,MILSTAT,0.00016350068338215313,CURRENT MILITARY STATUS,DEMOGRAPHICS,551
IRSUIPLANYR,Planificación suicida,DL,METHNDAYYR,0.00016125052236020483,RC-# OF DAYS USED METHAMPHETAMINE IN PAST YEAR,RECODED DRUG USE,552
IRSUIPLANYR,Planificación suicida,DL,IRSEVPNRMIS,0.00016061345896860841,"PAIN RELIEVER USE DISORDER SEVERITY, PY MISUSERS - IMP REV",IMPUTED SUBSTANCE USE DISORDER,553
IRSUIPLANYR,Planificación suicida,DL,ACTDEVER,0.00015963427588309417,EVER ON ACTIVE DUTY IN US MILITARY/RESERV,DEMOGRAPHICS,554
IRSUIPLANYR,Planificación suicida,DL,IRSEVTRQUNM,0.00015948272868990894,"TRANQUILIZER USE DIS SEV, PY USERS BUT NOT MISUSERS-IMP REV",IMPUTED SUBSTANCE USE DISORDER,555
IRSUIPLANYR,Planificación suicida,DL,CALARYLUNG,0.00015947897359728806,TYPE OF CANCER: LARYNX/WINDPIPE/LUNG,HEALTH,556
IRSUIPLANYR,Planificación suicida,DL,BKDRVINF,0.0001591852930034747,ARRSTD & BOOKED FOR DUI PAST 12 MONTHS,SPECIAL TOPICS,557
IRSUIPLANYR,Planificación suicida,DL,SRCFRPNRNM,0.00015901120565831872,RC-SOURCE OF FRIEND/RELATIVE PAIN RELIEVERS FOR LAST MISUSE,RECODED DRUG USE,558
IRSUIPLANYR,Planificación suicida,DL,IMFEVER,0.00015736468036881446,EVER USED ILLEGALLY MADE FENTANYL,EMERGING ISSUES,559
IRSUIPLANYR,Planificación suicida,DL,FUINHAL212,0.00015580092686123356,RC-FIRST USED INHALANTS PRIOR TO AGE 21,RECODED DRUG USE,560
IRSUIPLANYR,Planificación suicida,DL,SEDNMFLAG,0.00015538194426471807,RC-SEDATIVES - EVER MISUSED,RECODED DRUG USE,561
IRSUIPLANYR,Planificación suicida,DL,CASKINDK,0.0001550660057982911,TYPE OF CANCER: SKIN DON'T KNOW WHICH KIND,HEALTH,562
IRSUIPLANYR,Planificación suicida,DL,BKLARCNY,0.00015484688336095634,ARRSTD & BOOKED FOR LARCENY/THEFT PAST 12 MONTHS,SPECIAL TOPICS,563
IRSUIPLANYR,Planificación suicida,DL,FUCRK18,0.00015428446047008118,RC-FIRST USED CRACK PRIOR TO AGE 18,RECODED DRUG USE,564
IRSUIPLANYR,Planificación suicida,DL,METHAMYR,0.00015090971160680033,RC-METHAMPHETAMINE - PAST YEAR USE,RECODED DRUG USE,565
IRSUIPLANYR,Planificación suicida,DL,INHALYR2,0.00015060800142116304,RC-INHALANTS - PAST YEAR USE,RECODED DRUG USE,566
IRSUIPLANYR,Planificación suicida,DL,MJVAPMON,0.00015014300492816767,RC-MARIJUANA VAPING - PAST MONTH USE,RECODED DRUG USE,567
IRSUIPLANYR,Planificación suicida,DL,IMFFLAG,0.00014914046600461055,RC-ILLEGALLY MADE FENTANYL - EVER USED,RECODED EMERGING ISSUES,568
IRSUIPLANYR,Planificación suicida,DL,SMKLSSMON,0.000147027029655874,RC-SMOKELESS TOBACCO - PAST MONTH USE,RECODED DRUG USE,569
IRSUIPLANYR,Planificación suicida,DL,SEVYRSTMANY,0.00014518962224974494,"RC-STIMULANT USE DISORDER SEVERITY, PY USERS",RECODED SUBSTANCE USE DISORDER,570
IRSUIPLANYR,Planificación suicida,DL,UD5OPIANY2,0.0001437113612846555,RC-OPIOID (RX OPI OR HEROIN) USE DISORDER - PAST YEAR USERS,RECODED SUBSTANCE USE DISORDER,571
IRSUIPLANYR,Planificación suicida,DL,BKROB,0.00014332254528380924,ARRSTD & BOOKED FOR ROBBERY PAST 12 MONTHS,SPECIAL TOPICS,572
IRSUIPLANYR,Planificación suicida,DL,HALLUCMON,0.00014282073369065534,RC-HALLUCINOGENS - PAST MONTH USE,RECODED DRUG USE,573
IRSUIPLANYR,Planificación suicida,DL,HVYDRKMON,0.0001404118452883532,RC-HEAVY ALCOHOL USE PAST 30 DAYS,RECODED DRUG USE,574
IRSUIPLANYR,Planificación suicida,DL,SEVYROPPRANY,0.00013912614250455148,"RC-RX OPIOID USE DISORDER SEVERITY, PY USERS",RECODED SUBSTANCE USE DISORDER,575
IRSUIPLANYR,Planificación suicida,DL,KIDNYDSEV2,0.00013867035269504683,EVER TOLD HAD KIDNEY DISEASE,HEALTH,576
IRSUIPLANYR,Planificación suicida,DL,UD5TRQSDANY,0.00013747492064067224,RC-TRANQUILIZER OR SEDATIVE USE DISORDER - PAST YEAR USERS,RECODED SUBSTANCE USE DISORDER,577
IRSUIPLANYR,Planificación suicida,DL,FLVVAPEVR,0.0001368432167988079,EVER VAPED ONLY FLAVORING WITHOUT NICOTINE/SUBSTANCE,EMERGING ISSUES,578
IRSUIPLANYR,Planificación suicida,DL,UD5TRQSDGRP,0.0001340862726792681,"RC-TRQ/STM USE DISORDER - PY USE, MISUSE, USE/NOT MISUSE",RECODED SUBSTANCE USE DISORDER,579
IRSUIPLANYR,Planificación suicida,DL,SVYROPIMIS,0.0001335104850695329,"RC-OPIOID USE DISORDER SEVERITY, PY MISUSERS",RECODED SUBSTANCE USE DISORDER,580
IRSUIPLANYR,Planificación suicida,DL,DAMTFXFLAG,0.00013269491307437404,RC-DMT/AMT/FOXY - EVER USED,RECODED DRUG USE,581
IRSUIPLANYR,Planificación suicida,DL,ILLORALC,0.00013016211283541578,RC-ILLICIT DRUG OR ALCOHOL USE - PAST YEAR USE,RECODED DRUG USE,582
IRSUIPLANYR,Planificación suicida,DL,FPIMFANYYR2,0.0001286730160936711,RC-FENTANYL PRODUCTS INCLUDING IMF - ANY PAST YEAR USE,RECODED EMERGING ISSUES,583
IRSUIPLANYR,Planificación suicida,DL,MJMTHYR,0.00012755784500495803,RC-MARIJUANA DRPS/STRPS/LZNGS/SPRYS IN MOUTH - PAST YEAR USE,RECODED DRUG USE,584
IRSUIPLANYR,Planificación suicida,DL,STMMAINRSN,0.00012717910735011718,RC-MAIN REASON FOR MISUSING STIMULANTS LAST EPISODE,RECODED DRUG USE,585
IRSUIPLANYR,Planificación suicida,DL,SALVIAFLAG,0.00012675489319076096,RC-SALVIA - EVER USED,RECODED DRUG USE,586
IRSUIPLANYR,Planificación suicida,DL,CABLOLEULYM,0.00012384952139109549,TYPE OF CANCER: BLOOD/LEUKEMIA/LYMPHOMA,HEALTH,587
IRSUIPLANYR,Planificación suicida,DL,UD5HROPANY,0.00012368455342948116,RC-HEROIN/RX OPIOID USE DISORDER - PAST YEAR USERS,RECODED SUBSTANCE USE DISORDER,588
IRSUIPLANYR,Planificación suicida,DL,CAUTERUS,0.00012321726084337835,TYPE OF CANCER: UTERUS (FEMALES ONLY),HEALTH,589
IRSUIPLANYR,Planificación suicida,DL,FUMETHAM18,0.0001224484369158746,RC-FIRST USED METHAMPHETAMINE PRIOR TO AGE 18,RECODED DRUG USE,590
IRSUIPLANYR,Planificación suicida,DL,CDCGMO,0.00011677438957207214,RC-EVER USED CIG DAILY AND PAST MONTH CIG USE,RECODED DRUG USE,591
IRSUIPLANYR,Planificación suicida,DL,CACERVIX,0.00011396721546771279,TYPE OF CANCER: CERVIX (FEMALES ONLY),HEALTH,592
IRSUIPLANYR,Planificación suicida,DL,OTHRTRQANY,0.00011344085252085245,RC-OTHER TRANQUILIZER- ANY PAST YEAR USE,RECODED DRUG USE,593
IRSUIPLANYR,Planificación suicida,DL,NMVSOEST,0.00011335798481013584,# TIMES VISITED DR ABOUT OWN HEALTH PST YR,HEALTH,594
IRSUIPLANYR,Planificación suicida,DL,PROBATON,0.00011229553818702665,ON PROBATION AT ANY TIME PAST 12 MONTHS,SPECIAL TOPICS,595
IRSUIPLANYR,Planificación suicida,DL,BZONMYR,0.00011161082575767839,RC - ANY BENZODIAZEPINES - PAST YEAR MISUSE,RECODED DRUG USE,596
IRSUIPLANYR,Planificación suicida,DL,CRKYLU,0.00011055497359484399,YEAR OF LAST CRACK USE - RECODE,PRIOR SUBSTANCE USE,597
IRSUIPLANYR,Planificación suicida,DL,SRCFRSTMNM,0.00010992308612912893,RC-SOURCE OF FRIEND/RELATIVE STIMULANTS FOR LAST MISUSE,RECODED DRUG USE,598
IRSUIPLANYR,Planificación suicida,DL,UD5ILAALANY,0.00010850107007695397,RC-DRUG AND ALCOHOL USE DISORDER - PAST YEAR USERS,RECODED SUBSTANCE USE DISORDER,599
IRSUIPLANYR,Planificación suicida,DL,METHNDAYPM,0.00010755034839758037,RC-# OF DAYS USED METHAMPHETAMINE IN PAST MONTH,RECODED DRUG USE,600
IRSUIPLANYR,Planificación suicida,DL,IRIMFREC,0.00010623249568039839,ILLEGALLY MADE FENTANYL RECENCY - IMPUTATION REVISED,IMPUTED EMERGING ISSUES,601
IRSUIPLANYR,Planificación suicida,DL,RXAMMEMIS,0.00010441021341830476,RC-AMPHETAMINE OR METHYLPHENIDATE PRODS - PAST YEAR MISUSE,RECODED DRUG USE,602
IRSUIPLANYR,Planificación suicida,DL,ANYNEDYR,0.00010344400908797958,RC- USED A NEEDLE TO INJECT DRUGS - PAST YEAR,RECODED EMERGING ISSUES,603
IRSUIPLANYR,Planificación suicida,DL,UADFRD,0.0001030749740843917,"RC-MOST RECENT ALCOHOL FROM FRIEND, UNSPEC AGE/METHOD",RECODED CONSUMPTION OF ALCOHOL,604
IRSUIPLANYR,Planificación suicida,DL,SYNMRJYR,0.00010152254812419409,RC-SYNTHETIC MARIJUANA - PAST YEAR USE,RECODED EMERGING ISSUES,605
IRSUIPLANYR,Planificación suicida,DL,FUECSTMO18,9.981605633549522e-05,RC-FIRST USED ECSTASY PRIOR TO AGE 18,RECODED DRUG USE,606
IRSUIPLANYR,Planificación suicida,DL,SRCTRQNM2,9.832382866295813e-05,RC-SOURCE OF TRANQUILIZERS FOR LAST MISUSE,RECODED DRUG USE,607
IRSUIPLANYR,Planificación suicida,DL,CNSANYYR,9.633530206559562e-05,RC-ANY CENTRAL NERVOUS SYSTEM STIMULANTS - PAST YEAR USE,RECODED DRUG USE,608
IRSUIPLANYR,Planificación suicida,DL,COCMDAYS,9.351143490221176e-05,RC-# OF DAYS USED COCAINE IN PAST MONTH,RECODED DRUG USE,609
IRSUIPLANYR,Planificación suicida,DL,OTHRTRQMIS,9.299870952963862e-05,RC-OTHER TRANQUILIZER PRODUCTS - PAST YEAR MISUSE,RECODED DRUG USE,610
IRSUIPLANYR,Planificación suicida,DL,CRKFLAG,9.212313406169501e-05,"RC-""CRACK"" - EVER USED",RECODED DRUG USE,611
IRSUIPLANYR,Planificación suicida,DL,UADBAR,9.140013278036526e-05,"RC-MOST RECENT ALCOHOL USE AT RESTAURANT, BAR, OR CLUB",RECODED CONSUMPTION OF ALCOHOL,612
IRSUIPLANYR,Planificación suicida,DL,RXOPPRNMMON,9.11430894084328e-05,RC-PRESCRIPTION OPIOIDS - PAST MONTH MISUSE,RECODED DRUG USE,613
IRSUIPLANYR,Planificación suicida,DL,UADBWHO,9.081037435680617e-05,RC-HOW UNDERAGE DRINKER PURCHASED MOST RECNT ALCOHOL,RECODED CONSUMPTION OF ALCOHOL,614
IRSUIPLANYR,Planificación suicida,DL,SVYROPIUNM,9.010585041716008e-05,"RC-OPIOID USE DIS SEV, PY RX OPIOID USERS/NOT MISUSERS ONLY",RECODED SUBSTANCE USE DISORDER,615
IRSUIPLANYR,Planificación suicida,DL,IINPCOLDREC,8.952501043677341e-05,NONPRESCRIPTION COUGH OR COLD MEDS RECENCY - IMPUTATION IND,IMPUTED SPECIAL DRUGS,616
IRSUIPLANYR,Planificación suicida,DL,MJPLLYR,8.933045156300029e-05,RC-MARIJUANA PILLS - PAST YEAR USE,RECODED DRUG USE,617
IRSUIPLANYR,Planificación suicida,DL,SVYROPIANY2,8.925746087334138e-05,"RC-OPIOID (RX OPIOIDS OR HEROIN) USE DISORDER SEV, PY USERS",RECODED SUBSTANCE USE DISORDER,618
IRSUIPLANYR,Planificación suicida,DL,BKBURGL,8.889438305050277e-05,ARRSTD & BOOKED FOR BURGLARY/B & E PAST 12 MOS,SPECIAL TOPICS,619
IRSUIPLANYR,Planificación suicida,DL,UADCAG,8.702264857388772e-05,RC-WHO PURCHASED UNDERAGE DRINKER MOST RECENT ALCOHOL,RECODED CONSUMPTION OF ALCOHOL,620
IRSUIPLANYR,Planificación suicida,DL,DRVINDROTMJ,8.518658777933258e-05,RC-DROVE UNDER INFLUENCE OF SELECTED ILL DRG OTH MRJ IN PY,RECODED SPECIAL TOPICS,621
IRSUIPLANYR,Planificación suicida,DL,ECSTMOYR,8.511265723654959e-05,RC-ECSTASY - PAST YEAR USE,RECODED DRUG USE,622
IRSUIPLANYR,Planificación suicida,DL,OTHRPNRANY2,8.438105470058604e-05,RC-OTHER PAIN RELIEVER PRODUCTS - ANY PAST YEAR USE,RECODED DRUG USE,623
IRSUIPLANYR,Planificación suicida,DL,FLVVAPMON,8.406779826123173e-05,RC-ONLY FLAVORING VAPING - PAST MONTH USE,RECODED EMERGING ISSUES,624
IRSUIPLANYR,Planificación suicida,DL,CNSNMMON,8.197315968573148e-05,RC-CENTRAL NERVOUS SYSTEM STIMULANTS - PAST MONTH MISUSE,RECODED DRUG USE,625
IRSUIPLANYR,Planificación suicida,DL,RXMTDNANY2,8.052898291498494e-05,RC-METHADONE PRODUCTS - ANY PAST YEAR USE,RECODED DRUG USE,626
IRSUIPLANYR,Planificación suicida,DL,IRUD5STMMIS,8.008651668023948e-05,"STIMULANT USE DISORDER, PY MISUSERS - IMP REV",IMPUTED SUBSTANCE USE DISORDER,627
IRSUIPLANYR,Planificación suicida,DL,CASKINOTH,7.999500889309105e-05,TYPE OF CANCER: SKIN (NOT MELANOMA),HEALTH,628
IRSUIPLANYR,Planificación suicida,DL,IRUD5PNRMIS,7.91474807110723e-05,"PAIN RELIEVER USE DISORDER, PY MISUERS - IMP REV",IMPUTED SUBSTANCE USE DISORDER,629
IRSUIPLANYR,Planificación suicida,DL,RXZOLPMIS,7.897765247616873e-05,RC-ZOLPIDEM PRODUCTS - PAST YEAR MISUSE,RECODED DRUG USE,630
IRSUIPLANYR,Planificación suicida,DL,SVYRCNSUNM,7.884255707904145e-05,"RC-CNS STIM USE DIS SEV, PY STM USERS/ NOT MISUSERS ONLY",RECODED SUBSTANCE USE DISORDER,631
IRSUIPLANYR,Planificación suicida,DL,IRPYUD5MTH,7.857801672071229e-05,METHAMPHETAMINE USE DISORDER IN THE PAST YEAR - IMP REV,IMPUTED SUBSTANCE USE DISORDER,632
IRSUIPLANYR,Planificación suicida,DL,TQSDNMYR,7.845438830554274e-05,RC-TRANQUILIZERS OR SEDATIVES - PAST YEAR MISUSE,RECODED DRUG USE,633
IRSUIPLANYR,Planificación suicida,DL,MJONLYYR2,7.810055227605028e-05,RC-MARIJUANA ONLY - PAST YEAR USE,RECODED DRUG USE,634
IRSUIPLANYR,Planificación suicida,DL,STMNMFLAG,7.79658725812174e-05,RC-STIMULANTS - EVER MISUSED,RECODED DRUG USE,635
IRSUIPLANYR,Planificación suicida,DL,IRSEVSEDMIS,7.789906955440462e-05,"SEDATIVE USE DISORDER SEVERITY, PY MISUSERS - IMP REV",IMPUTED SUBSTANCE USE DISORDER,636
IRSUIPLANYR,Planificación suicida,DL,NICVAPMON,7.75148578325574e-05,RC-NICOTINE VAPING - PAST MONTH USE,RECODED DRUG USE,637
IRSUIPLANYR,Planificación suicida,DL,MESCEVER,7.671257015317664e-05,RC-EVER USED MESCALINE,RECODED DRUG USE,638
IRSUIPLANYR,Planificación suicida,DL,NPCOLDYR,7.64047492721151e-05,RC-NONPRESCRIPTION COUGH OR COLD MEDS - PAST YEAR USE,RECODED SPECIAL DRUGS,639
IRSUIPLANYR,Planificación suicida,DL,COCFLAG,7.600567076366415e-05,RC-COCAINE - EVER USED,RECODED DRUG USE,640
IRSUIPLANYR,Planificación suicida,DL,FUNICVAP18,7.50284033556206e-05,RC-FIRST VAPED NICOTINE PRIOR TO AGE 18,RECODED DRUG USE,641
IRSUIPLANYR,Planificación suicida,DL,RXMTDNMIS,7.28801898658274e-05,RC-METHADONE PRODUCTS - PAST YEAR MISUSE,RECODED DRUG USE,642
IRSUIPLANYR,Planificación suicida,DL,RXMRLXANY,7.201788217207572e-05,RC-MUSCLE RELAXANTS - ANY PAST YEAR USE,RECODED DRUG USE,643
IRSUIPLANYR,Planificación suicida,DL,CAMELANOM,7.167971433954742e-05,TYPE OF CANCER: MELANOMA,HEALTH,644
IRSUIPLANYR,Planificación suicida,DL,IMFYR,7.131962012499604e-05,RC-ILLEGALLY MADE FENTANYL - PAST YEAR USE,RECODED EMERGING ISSUES,645
IRSUIPLANYR,Planificación suicida,DL,FPIMFNMYR,7.122189179062877e-05,RC-FENTANYL PRODUCTS INCLUDING IMF - PAST YEAR MISUSE,RECODED EMERGING ISSUES,646
IRSUIPLANYR,Planificación suicida,DL,CACOLNRECT,6.971152024015881e-05,TYPE OF CANCER: COLON/RECTUM,HEALTH,647
IRSUIPLANYR,Planificación suicida,DL,CLEFLUEVER2,6.957796122878778e-05,"RC-EVER INHALED CORRECTION FLUID, DEGREASER, ETC.",RECODED DRUG USE,648
IRSUIPLANYR,Planificación suicida,DL,IRUD5STMUNM,6.879511848092351e-05,"STIMULANT USE DISORDER, PY USERS BUT NOT MISUSERS - IMP REV",IMPUTED SUBSTANCE USE DISORDER,649
IRSUIPLANYR,Planificación suicida,DL,OTHRSTMMIS,6.732510030269617e-05,RC-OTHER STIMULANT PRODUCTS - PAST YEAR MISUSE,RECODED DRUG USE,650
IRSUIPLANYR,Planificación suicida,DL,DRVINHERN,6.618253979832012e-05,DROVE UNDER INFLUENCE OF HEROIN PAST 12 MOS,SPECIAL TOPICS,651
IRSUIPLANYR,Planificación suicida,DL,IRSEVPNRUNM2,6.35733688250184e-05,"PAIN RELIEVER USE DIS SEV, PY USERS BUT NOT MISUSERS-IMP REV",IMPUTED SUBSTANCE USE DISORDER,652
IRSUIPLANYR,Planificación suicida,DL,COCMON,6.353329651278716e-05,RC-COCAINE - PAST MONTH USE,RECODED DRUG USE,653
IRSUIPLANYR,Planificación suicida,DL,IRUD5TRQUNM,6.298017874360184e-05,"TRANQUILIZER USE DISORDER, PY USERS BUT NOT MISUSERS-IMP REV",IMPUTED SUBSTANCE USE DISORDER,654
IRSUIPLANYR,Planificación suicida,DL,FUHER21,6.29470292478801e-05,RC-FIRST USED HEROIN PRIOR TO AGE 21,RECODED DRUG USE,655
IRSUIPLANYR,Planificación suicida,DL,RXAMPHMIS,6.066603132057896e-05,RC-AMPHETAMINE - PAST YEAR MISUSE,RECODED DRUG USE,656
IRSUIPLANYR,Planificación suicida,DL,SEDNDAYPM,6.0018177315214195e-05,RC-# OF DAYS MISUSED SEDATIVES IN PAST MONTH,RECODED DRUG USE,657
IRSUIPLANYR,Planificación suicida,DL,SEDMAINRSN,5.9713764929256176e-05,RC-MAIN REASON FOR MISUSING SEDATIVES LAST EPISODE,RECODED DRUG USE,658
IRSUIPLANYR,Planificación suicida,DL,IRPYSEV5MTH,5.9140302240848485e-05,METHAMPHETAMINE USE DISORDER SEVERITY IN PAST YR - IMP REV,IMPUTED SUBSTANCE USE DISORDER,659
IRSUIPLANYR,Planificación suicida,DL,LSDYR,5.860899295657834e-05,RC-LSD - PAST YEAR USE,RECODED DRUG USE,660
IRSUIPLANYR,Planificación suicida,DL,RXCLONMIS,5.770693346858036e-05,RC-CLONAZEPAM PRODUCTS - PAST YEAR MISUSE,RECODED DRUG USE,661
IRSUIPLANYR,Planificación suicida,DL,UDYR5TRQANY,5.7697330601508836e-05,"RC-TRANQUILIZER USE DISORDER, PY USERS",RECODED SUBSTANCE USE DISORDER,662
IRSUIPLANYR,Planificación suicida,DL,IRPYSEV5COC,5.749926529824701e-05,COCAINE USE DISORDER SEVERITY IN THE PAST YEAR - IMP REV,IMPUTED SUBSTANCE USE DISORDER,663
IRSUIPLANYR,Planificación suicida,DL,RXDIAZMIS,5.7413357309995665e-05,RC-DIAZEPAM PRODUCTS - PAST YEAR MISUSE,RECODED DRUG USE,664
IRSUIPLANYR,Planificación suicida,DL,STMNMMON,5.7239968583975285e-05,RC-STIMULANTS - PAST MONTH MISUSE,RECODED DRUG USE,665
IRSUIPLANYR,Planificación suicida,DL,UADPLACE,5.592292708894359e-05,RC-WHERE UNDERAGE DRINKER PURCHSD MOST RECNT ALCOHOL,RECODED CONSUMPTION OF ALCOHOL,666
IRSUIPLANYR,Planificación suicida,DL,CAOVARY,5.514432602649097e-05,TYPE OF CANCER: OVARY (FEMALES ONLY),HEALTH,667
IRSUIPLANYR,Planificación suicida,DL,KETMINYR,5.485355692940147e-05,RC-KETAMINE - PAST YEAR USE,RECODED DRUG USE,668
IRSUIPLANYR,Planificación suicida,DL,UADFWHO,5.4851756732660076e-05,RC-WHO GAVE UNDERAGE DRINKER MOST RECENT ALCOHOL,RECODED CONSUMPTION OF ALCOHOL,669
IRSUIPLANYR,Planificación suicida,DL,RXCYCLANY,5.4578431363552223e-05,RC-CYCLOBENZAPRINE PRODUCTS - ANY PAST YEAR USE,RECODED DRUG USE,670
IRSUIPLANYR,Planificación suicida,DL,SYNSTMMON,5.434023623820422e-05,RC-SYNTHETIC STIMULANTS - PAST MONTH USE,RECODED EMERGING ISSUES,671
IRSUIPLANYR,Planificación suicida,DL,IRPYUD5COC,5.40174803059007e-05,COCAINE USE DISORDER IN THE PAST YEAR - IMP REV,IMPUTED SUBSTANCE USE DISORDER,672
IRSUIPLANYR,Planificación suicida,DL,RXHYDMMIS,5.378184185246937e-05,RC-HYDROMORPHONE PRODUCTS - PAST YEAR MISUSE,RECODED DRUG USE,673
IRSUIPLANYR,Planificación suicida,DL,CADRKHALL2,5.368181318044646e-05,RC-USED HALLUCINOGENS WITH LAST ALCOHOL USE,RECODED CONSUMPTION OF ALCOHOL,674
IRSUIPLANYR,Planificación suicida,DL,NPCOLDMON,5.335755680425769e-05,RC-NONPRESCRIPTION COUGH OR COLD MEDS - PAST MONTH USE,RECODED SPECIAL DRUGS,675
IRSUIPLANYR,Planificación suicida,DL,RXMTHPMIS,5.216909665614361e-05,RC-METHYLPHENIDATE PRODUCTS - PAST YEAR MISUSE,RECODED DRUG USE,676
IRSUIPLANYR,Planificación suicida,DL,MJMTHMON,5.183606250284356e-05,RC-MARIJUANA DRPS/STRPS/LZNGS/SPRYS IN MOUTH-PAST MONTH USE,RECODED DRUG USE,677
IRSUIPLANYR,Planificación suicida,DL,CAGALLIVPAN,5.07651532243493e-05,TYPE OF CANCER: GALLBLADDER/LIVER/PANCREAS,HEALTH,678
IRSUIPLANYR,Planificación suicida,DL,UADBUND,5.040689371526213e-05,RC-AGE PERSON WHO PURCHASED ALC FOR UNDERAGE DRINKER,RECODED CONSUMPTION OF ALCOHOL,679
IRSUIPLANYR,Planificación suicida,DL,CAESOPSTOM,5.016734217315605e-05,TYPE OF CANCER: ESOPHAGUS/STOMACH,HEALTH,680
IRSUIPLANYR,Planificación suicida,DL,SRCSEDNM2,5.0031818449497725e-05,RC-SOURCE OF SEDATIVES FOR LAST MISUSE,RECODED DRUG USE,681
IRSUIPLANYR,Planificación suicida,DL,COCNEDEVER,4.98678144067527e-05,RC-EVER USED A NEEDLE TO INJECT COCAINE,RECODED SPECIAL DRUGS,682
IRSUIPLANYR,Planificación suicida,DL,PSILCYMON,4.782281269035571e-05,RC-PSILOCYBIN - PAST MONTH USE,RECODED DRUG USE,683
IRSUIPLANYR,Planificación suicida,DL,IRUD5TRQMIS,4.770775139331773e-05,"TRANQUILIZER USE DISORDER, PY MISUSERS - IMP REV",IMPUTED SUBSTANCE USE DISORDER,684
IRSUIPLANYR,Planificación suicida,DL,KIDNYDSAG,4.765390325337348e-05,AGE KIDNEY DISEASE 1ST DIAGNOSED,HEALTH,685
IRSUIPLANYR,Planificación suicida,DL,SVYRTQSDMIS,4.756296984851388e-05,"RC-TRANQUILIZER/SEDATIVE USE DISORDER SEVERITY, PY MISUSERS",RECODED SUBSTANCE USE DISORDER,686
IRSUIPLANYR,Planificación suicida,DL,TQSDNMMON,4.380306081293389e-05,RC-TRANQUILIZERS OR SEDATIVES - PAST MONTH MISUSE,RECODED DRUG USE,687
IRSUIPLANYR,Planificación suicida,DL,CAPROSTEST,4.315478811804607e-05,TYPE OF CANCER: PROSTATE/TESTIS (MALES ONLY),HEALTH,688
IRSUIPLANYR,Planificación suicida,DL,GLUEEVER2,4.20984075011574e-05,"RC-EVER INHALED GLUE, SHOE POLISH, OR TOLUENE",RECODED DRUG USE,689
IRSUIPLANYR,Planificación suicida,DL,GHBFLAG,4.172078054398315e-05,RC-GHB - EVER USED,RECODED SPECIAL DRUGS,690
IRSUIPLANYR,Planificación suicida,DL,IRGHBREC,4.030666127800925e-05,GHB RECENCY - IMPUTATION REVISED,IMPUTED SPECIAL DRUGS,691
IRSUIPLANYR,Planificación suicida,DL,CADRKCOCN2,3.951182980154067e-05,RC-USED COCAINE WITH LAST ALCOHOL USE,RECODED CONSUMPTION OF ALCOHOL,692
IRSUIPLANYR,Planificación suicida,DL,SEDNMMON,3.936144669603098e-05,RC-SEDATIVES - PAST MONTH MISUSE,RECODED DRUG USE,693
IRSUIPLANYR,Planificación suicida,DL,ETHEREVER2,3.788656741380681e-05,"RC-EVER INHALED HALOTHANE, ETHER, OR OTHER ANESTHETIC",RECODED DRUG USE,694
IRSUIPLANYR,Planificación suicida,DL,SYNSTMYR,3.592211380600952e-05,RC-SYNTHETIC STIMULANTS - PAST YEAR USE,RECODED EMERGING ISSUES,695
IRSUIPLANYR,Planificación suicida,DL,OTHRSTMANY,3.521756406007659e-05,RC-OTHER STIMULANT - ANY PAST YEAR USE,RECODED DRUG USE,696
IRSUIPLANYR,Planificación suicida,DL,SMKLSSYR,3.5127741688256165e-05,RC-SMOKELESS TOBACCO - PAST YEAR USE,RECODED DRUG USE,697
IRSUIPLANYR,Planificación suicida,DL,SEVYRSEDANY,3.480337404289435e-05,"RC-SEDATIVE USE DISORDER SEVERITY, PY USERS",RECODED SUBSTANCE USE DISORDER,698
IRSUIPLANYR,Planificación suicida,DL,HERSNIEVER,3.4259187988937986e-05,RC-EVER SNIFFED HEROIN,RECODED SPECIAL DRUGS,699
IRSUIPLANYR,Planificación suicida,DL,OTHRPNRMIS,3.3481980673968627e-05,RC-OTHER PAIN RELIEVER PRODUCTS - PAST YEAR MISUSE,RECODED DRUG USE,700
IRSUIPLANYR,Planificación suicida,DL,IMFNEDFLAG,3.269273228943326e-05,RC-EVER USED A NEEDLE TO INJECT IMF,RECODED EMERGING ISSUES,701
IRSUIPLANYR,Planificación suicida,DL,GASEVER2,3.254770021885567e-05,RC-EVER INHALED GASOLINE OR LIGHTER FLUID,RECODED DRUG USE,702
IRSUIPLANYR,Planificación suicida,DL,MJSKNMON,3.086183772416012e-05,RC-MARIJUANA LOTION/CREAM/PATCH TO SKIN - PAST MONTH USE,RECODED DRUG USE,703
IRSUIPLANYR,Planificación suicida,DL,IRUD5SEDMIS,2.9772631824016292e-05,"SEDATIVE USE DISORDER, PY MISUSERS - IMP REV",IMPUTED SUBSTANCE USE DISORDER,704
IRSUIPLANYR,Planificación suicida,DL,RXDEMEMIS,2.9578244313598344e-05,RC-DEMEROL PRODUCTS - PAST YEAR MISUSE,RECODED DRUG USE,705
IRSUIPLANYR,Planificación suicida,DL,UADOTSP2,2.7975646778940764e-05,RC-OTHER LOCATIONS OF MOST RECENT ALCOHOL USE,RECODED CONSUMPTION OF ALCOHOL,706
IRSUIPLANYR,Planificación suicida,DL,OXYCNANYYR2,2.747992519289283e-05,RC-OXYCONTIN - PAST YEAR USE,RECODED DRUG USE,707
IRSUIPLANYR,Planificación suicida,DL,MJDABMON,2.5510232784427545e-05,"RC-MARIJUANA DABBING WAXES, SHATTER, OR CONC-PAST MONTH USE",RECODED DRUG USE,708
IRSUIPLANYR,Planificación suicida,DL,UDYR5SEDANY,2.5292275473474958e-05,"RC-SEDATIVE USE DISORDER, PY USERS",RECODED SUBSTANCE USE DISORDER,709
IRSUIPLANYR,Planificación suicida,DL,FUHER18,2.520253695547564e-05,RC-FIRST USED HEROIN PRIOR TO AGE 18,RECODED DRUG USE,710
IRSUIPLANYR,Planificación suicida,DL,PEYOTEEVER,2.4066509678960372e-05,RC-EVER USED PEYOTE,RECODED DRUG USE,711
IRSUIPLANYR,Planificación suicida,DL,IRUD5PNRUNM2,2.2636198438704126e-05,"PAIN RELIEVER USE DISORD, PY USERS BUT NOT MISUSERS-IMP REV",IMPUTED SUBSTANCE USE DISORDER,712
IRSUIPLANYR,Planificación suicida,DL,OTHRSEDMIS2,2.2546606138348912e-05,RC-OTHER SEDATIVE PRODUCTS - PAST YEAR MISUSE,RECODED DRUG USE,713
IRSUIPLANYR,Planificación suicida,DL,STMNDAYPM,2.2004187571337265e-05,RC-# OF DAYS MISUSED STIMULANTS IN PAST MONTH,RECODED DRUG USE,714
IRSUIPLANYR,Planificación suicida,DL,SALVIAYR,1.9820369780063073e-05,RC-SALVIA - PAST YEAR USE,RECODED DRUG USE,715
IRSUIPLANYR,Planificación suicida,DL,NOOPPRNMYR,1.831734646111749e-05,RC-NONOPIOID PRESCRIPTION PNR - PAST YEAR MISUSE,RECODED DRUG USE,716
IRSUIPLANYR,Planificación suicida,DL,HALLNDAYPM,1.7823991486238257e-05,RC-# OF DAYS USED HALLUCINOGENS IN PAST MONTH,RECODED DRUG USE,717
IRSUIPLANYR,Planificación suicida,DL,MTHNEDEVER,1.712119502451509e-05,RC-EVER USED NEEDLE TO INJECT METHAMPHETAMINE,RECODED SPECIAL DRUGS,718
IRSUIPLANYR,Planificación suicida,DL,IRPYSEV5INH,1.5281495623639675e-05,INHALANT USE DISORDER SEVERITY IN THE PAST YEAR - IMP REV,IMPUTED SUBSTANCE USE DISORDER,719
IRSUIPLANYR,Planificación suicida,DL,IRPYUD5INH,1.4921599597073066e-05,INHALANT USE DISORDER IN THE PAST YEAR - IMP REV,IMPUTED SUBSTANCE USE DISORDER,720
IRSUIPLANYR,Planificación suicida,DL,SRCCLFRSTM,1.4693686738609934e-05,RC-COLLAPSED SOURCE OF FRND/REL STIMULANTS FOR LAST MISUSE,RECODED DRUG USE,721
IRSUIPLANYR,Planificación suicida,DL,MJSKNYR,1.3631447761781878e-05,RC-MARIJUANA LOTION/CREAM/PATCH TO SKIN - PAST YEAR USE,RECODED DRUG USE,722
IRSUIPLANYR,Planificación suicida,DL,METHAMMON,1.2845477089285517e-05,RC-METHAMPHETAMINE - PAST MONTH USE,RECODED DRUG USE,723
IRSUIPLANYR,Planificación suicida,DL,IRSEVTRQMIS,1.2806404381990322e-05,"TRANQUILIZER USE DISORDER SEVERITY, PY MISUSERS - IMP REV",IMPUTED SUBSTANCE USE DISORDER,724
IRSUIPLANYR,Planificación suicida,DL,MJCMOTHMON,1.1893277056514994e-05,RC-COMBINED OTHER MARIJUANA MODES - PAST MONTH USE,RECODED DRUG USE,725
IRSUIPLANYR,Planificación suicida,DL,RXALPRMIS,1.1129385345157172e-05,RC-ALPRAZOLEM PRODUCTS - PAST YEAR MISUSE,RECODED DRUG USE,726
IRSUIPLANYR,Planificación suicida,DL,RXHYDMANY2,8.689593345479752e-06,RC-HYDROMORPHONE PRODUCTS - ANY PAST YEAR USE,RECODED DRUG USE,727
IRSUIPLANYR,Planificación suicida,DL,RXDEMEANY2,7.426351938192855e-06,RC-DEMEROL PRODUCTS - ANY PAST YEAR USE,RECODED DRUG USE,728
IRSUIPLANYR,Planificación suicida,DL,IMFMON,7.0673301815987746e-06,RC-ILLEGALLY MADE FENTANYL - PAST MONTH USE,RECODED EMERGING ISSUES,729
IRSUIPLANYR,Planificación suicida,DL,SYNMRJMON,6.429545581341234e-06,RC-SYNTHETIC MARIJUANA - PAST MONTH USE,RECODED EMERGING ISSUES,730
IRSUIPLANYR,Planificación suicida,DL,SOLVENEVER2,6.110008805990108e-06,"RC-EVER INHALED LACQUER THINNER, OTHER PAINT SOLVENTS",RECODED DRUG USE,731
IRSUIPLANYR,Planificación suicida,DL,SYNSTMFLAG,5.579867654433024e-06,RC-SYNTHETIC STIMULANTS - EVER USED,RECODED EMERGING ISSUES,732
IRSUIPLANYR,Planificación suicida,DL,RXLORAMIS,3.5330019891260946e-06,RC-LORAZEPAM PRODUCTS - PAST YEAR MISUSE,RECODED DRUG USE,733
IRSUIPLANYR,Planificación suicida,DL,SEDNMYR,1.5099958745523612e-06,RC-SEDATIVES - PAST YEAR MISUSE,RECODED DRUG USE,734
IRSUIPLANYR,Planificación suicida,DL,FUPNRNM18,0.0,RC-FIRST MISUSED PAIN RELIEVERS PRIOR TO AGE 18,RECODED DRUG USE,735
IRSUIPLANYR,Planificación suicida,DL,HERYDAYS,0.0,RC-# OF DAYS USED HEROIN IN PAST YEAR,RECODED DRUG USE,736
IRSUIPLANYR,Planificación suicida,DL,FUPCP21,0.0,RC-FIRST USED PCP PRIOR TO AGE 21,RECODED DRUG USE,737
IRSUIPLANYR,Planificación suicida,DL,INHNDAYPM2,0.0,RC-# OF DAYS USED INHALANTS IN PAST MONTH,RECODED DRUG USE,738
IRSUIPLANYR,Planificación suicida,DL,HERMDAYS,0.0,RC-# OF DAYS USED HEROIN IN PAST MONTH,RECODED DRUG USE,739
IRSUIPLANYR,Planificación suicida,DL,FUPCP18,0.0,RC-FIRST USED PCP PRIOR TO AGE 18,RECODED DRUG USE,740
IRSUIPLANYR,Planificación suicida,DL,TRQNDAYPM,0.0,RC-# OF DAYS MISUSED TRANQUILIZERS IN PAST MONTH,RECODED DRUG USE,741
IRSUIPLANYR,Planificación suicida,DL,RXESZOMIS,0.0,RC-ESZOPICLONE PRODUCTS - PAST YEAR MISUSE,RECODED DRUG USE,742
IRSUIPLANYR,Planificación suicida,DL,PCPYLU,0.0,YEAR OF LAST PCP USE - RECODE,PRIOR SUBSTANCE USE,743
IRSUIPLANYR,Planificación suicida,DL,RXBARBMIS,0.0,RC-BARBITURATES - PAST YEAR MISUSE,RECODED DRUG USE,744
IRSUIPLANYR,Planificación suicida,DL,CRKYDAYS,0.0,RC-# OF DAYS USED CRACK IN PAST YEAR,RECODED DRUG USE,745
IRSUIPLANYR,Planificación suicida,DL,PCPAGLST,0.0,HOW OLD WERE YOU THE LAST TIME USED PCP,PRIOR SUBSTANCE USE,746
IRSUIPLANYR,Planificación suicida,DL,RXBZOSMIS,0.0,RC-BENZODIAZEPINE SEDATIVES - PAST YEAR MISUSE,RECODED DRUG USE,747
IRSUIPLANYR,Planificación suicida,DL,CRKMDAYS,0.0,RC-# OF DAYS USED CRACK IN PAST MONTH,RECODED DRUG USE,748
IRSUIPLANYR,Planificación suicida,DL,SRCCLFRSED,0.0,RC-COLLAPSED SOURCE OF FRND/REL SEDATIVES FOR LAST MISUSE,RECODED DRUG USE,749
IRSUIPLANYR,Planificación suicida,DL,RXCYCLMIS,0.0,RC-CYCLOBENZAPRINE PRODUCTS - PAST YEAR MISUSE,RECODED DRUG USE,750
IRSUIPLANYR,Planificación suicida,DL,RXMRLXMIS,0.0,RC-MUSCLE RELAXANTS - PAST YEAR MISUSE,RECODED DRUG USE,751
IRSUIPLANYR,Planificación suicida,DL,RXBARBANY,0.0,RC-BARBITUATES - ANY PAST YEAR USE,RECODED DRUG USE,752
IRSUIPLANYR,Planificación suicida,DL,RXZOHYMIS,0.0,RC-ZOHYDRO ER - PAST YEAR MISUSE,RECODED DRUG USE,753
IRSUIPLANYR,Planificación suicida,DL,RXTRAMMIS,0.0,RC-TRAMADOL PRODUCTS - PAST YEAR MISUSE,RECODED DRUG USE,754
IRSUIPLANYR,Planificación suicida,DL,RXOXCOMIS,0.0,RC-OXYCODONE PRODUCTS - PAST YEAR MISUSE,RECODED DRUG USE,755
IRSUIPLANYR,Planificación suicida,DL,RXOXYMMIS,0.0,RC-OXYMORPHONE PRODUCTS - PAST YEAR MISUSE,RECODED DRUG USE,756
IRSUIPLANYR,Planificación suicida,DL,RXMORPMIS,0.0,RC-MORPHINE PRODUCTS - PAST YEAR MISUSE,RECODED DRUG USE,757
IRSUIPLANYR,Planificación suicida,DL,IRPYSEV5HER,0.0,HEROIN USE DISORDER SEVERITY IN THE PAST YEAR - IMP REV,IMPUTED SUBSTANCE USE DISORDER,758
IRSUIPLANYR,Planificación suicida,DL,IRUD5SEDUNM,0.0,"SEDATIVE USE DISORDER, PY USERS BUT NOT MISUSERS - IMP REV",IMPUTED SUBSTANCE USE DISORDER,759
IRSUIPLANYR,Planificación suicida,DL,CRKMON,0.0,"RC-""CRACK"" - PAST MONTH USE",RECODED DRUG USE,760
IRSUIPLANYR,Planificación suicida,DL,IRPYSEV5HAL,0.0,HALLUCINOGEN USE DISORDER SEVERITY IN THE PAST YR - IMP REV,IMPUTED SUBSTANCE USE DISORDER,761
IRSUIPLANYR,Planificación suicida,DL,RXBZOSANY,0.0,RC-BENZODIAZEPINE SEDATIVES - ANY PAST YEAR USE,RECODED DRUG USE,762
IRSUIPLANYR,Planificación suicida,DL,RXTRIAANY,0.0,RC-TRIAZOLAM PRODUCTS - ANY PAST YEAR USE,RECODED DRUG USE,763
IRSUIPLANYR,Planificación suicida,DL,RXTEMAANY,0.0,RC-TEMAZEPAM PRODUCTS - ANY PAST YEAR USE,RECODED DRUG USE,764
IRSUIPLANYR,Planificación suicida,DL,RXFLURANY,0.0,RC-FLURAZEPAM PRODUCTS - ANY PAST YEAR USE,RECODED DRUG USE,765
IRSUIPLANYR,Planificación suicida,DL,CRKYR,0.0,"RC-""CRACK"" - PAST YEAR USE",RECODED DRUG USE,766
IRSUIPLANYR,Planificación suicida,DL,IRPYUD5HER,0.0,HEROIN USE DISORDER IN THE PAST YEAR - IMP REV,IMPUTED SUBSTANCE USE DISORDER,767
IRSUIPLANYR,Planificación suicida,DL,GHBYR,0.0,RC-GHB - PAST YEAR USE,RECODED SPECIAL DRUGS,768
IRSUIPLANYR,Planificación suicida,DL,GHBMON,0.0,RC-GHB - PAST MONTH USE,RECODED SPECIAL DRUGS,769
IRSUIPLANYR,Planificación suicida,DL,HERSMOEVER,0.0,RC-EVER SMOKED HEROIN,RECODED SPECIAL DRUGS,770
IRSUIPLANYR,Planificación suicida,DL,IRPYUD5HAL,0.0,HALLUCINOGEN USE DISORDER IN THE PAST YEAR - IMP REV,IMPUTED SUBSTANCE USE DISORDER,771
IRSUIPLANYR,Planificación suicida,DL,MJOTHYR,0.0,RC-MARIJUANA USE - SOME OTHER MODE - PAST YEAR,RECODED DRUG USE,772
IRSUIPLANYR,Planificación suicida,DL,MJPLLMON,0.0,RC-MARIJUANA PILLS - PAST MONTH USE,RECODED DRUG USE,773
IRSUIPLANYR,Planificación suicida,DL,FUSTMNM21,0.0,RC-FIRST MISUSED STIMULANTS PRIOR TO AGE 21,RECODED DRUG USE,774
IRSUIPLANYR,Planificación suicida,DL,FUSEDNM21,0.0,RC-FIRST MISUSED SEDATIVES PRIOR TO AGE 21,RECODED DRUG USE,775
IRSUIPLANYR,Planificación suicida,DL,FUTRQNM21,0.0,RC-FIRST MISUSED TRANQUILIZERS PRIOR TO AGE 21,RECODED DRUG USE,776
IRSUIPLANYR,Planificación suicida,DL,FUSTMNM18,0.0,RC-FIRST MISUSED STIMULANTS PRIOR TO AGE 18,RECODED DRUG USE,777
IRSUIPLANYR,Planificación suicida,DL,FUTRQNM18,0.0,RC-FIRST MISUSED TRANQUILIZERS PRIOR TO AGE 18,RECODED DRUG USE,778
IRSUIPLANYR,Planificación suicida,DL,FUPNRNM21,0.0,RC-FIRST MISUSED PAIN RELIEVERS PRIOR TO AGE 21,RECODED DRUG USE,779
IRSUIPLANYR,Planificación suicida,DL,SRCFRSEDNM,0.0,RC-SOURCE OF FRIEND/RELATIVE SEDATIVES FOR LAST MISUSE,RECODED DRUG USE,780
IRSUIPLANYR,Planificación suicida,DL,RXPROVMIS,0.0,RC-PROVIGIL PRODUCTS- PAST YEAR MISUSE,RECODED DRUG USE,781
IRSUIPLANYR,Planificación suicida,DL,KETMINMON,0.0,RC-KETAMINE - PAST MONTH USE,RECODED DRUG USE,782
IRSUIPLANYR,Planificación suicida,DL,DAMTFXMON,0.0,RC-DMT/AMT/FOXY - PAST MONTH USE,RECODED DRUG USE,783
IRSUIPLANYR,Planificación suicida,DL,DAMTFXYR,0.0,RC-DMT/AMT/FOXY - PAST YEAR USE,RECODED DRUG USE,784
IRSUIPLANYR,Planificación suicida,DL,ECSTMOMON,0.0,RC-ECSTASY - PAST MONTH USE,RECODED DRUG USE,785
IRSUIPLANYR,Planificación suicida,DL,LSDMON,0.0,RC-LSD - PAST MONTH USE,RECODED DRUG USE,786
IRSUIPLANYR,Planificación suicida,DL,PCPFLAG,0.0,RC-PCP - EVER USED,RECODED DRUG USE,787
IRSUIPLANYR,Planificación suicida,DL,PCPYR,0.0,RC-PCP - PAST YEAR USE,RECODED DRUG USE,788
IRSUIPLANYR,Planificación suicida,DL,PCPMON,0.0,RC-PCP - PAST MONTH USE,RECODED DRUG USE,789
IRSUIPLANYR,Planificación suicida,DL,PCPMLU,0.0,MONTH OF LAST PCP USE - RECODE,PRIOR SUBSTANCE USE,790
IRSUIPLANYR,Planificación suicida,DL,RXESZOANY,0.0,RC-ESZOPICLONE PRODUCTS - ANY PAST YEAR USE,RECODED DRUG USE,791
IRSUIPLANYR,Planificación suicida,DL,RXPROVANY,0.0,RC-PROVIGIL PRODUCTS- ANY PAST YEAR USE,RECODED DRUG USE,792
IRSUIPLANYR,Planificación suicida,DL,RXZALEANY,0.0,RC-ZALEPLON PRODUCTS - ANY PAST YEAR USE,RECODED DRUG USE,793
IRSUIPLANYR,Planificación suicida,DL,RXSOMAANY,0.0,RC-SOMA PRODUCTS - ANY PAST YEAR USE,RECODED DRUG USE,794
IRSUIPLANYR,Planificación suicida,DL,RXANORANY,0.0,RC-ANORECTIC STIMULANTS - ANY PAST YEAR USE,RECODED DRUG USE,795
IRSUIPLANYR,Planificación suicida,DL,OTHAEREVER2,0.0,RC-EVER USED OTHER AEROSOL SPRAY,RECODED DRUG USE,796
IRSUIPLANYR,Planificación suicida,DL,RXZOHYANY2,0.0,RC-ZOHYDRO ER - ANY PAST YEAR USE,RECODED DRUG USE,797
IRSUIPLANYR,Planificación suicida,DL,HLCALL99,0.0,YES TO MEDICARE/MEDICAID/CHAMPUS/PRVHLTIN,RECODED HEALTH INSURANCE,798
IRSUIPLANYR,Planificación suicida,DL,IRSEVSEDUNM,0.0,"SEDATIVE USE DIS SEV, PY USERS BUT NOT MISUSERS - IMP REV",IMPUTED SUBSTANCE USE DISORDER,799
IRSUIPLANYR,Planificación suicida,DL,RXANORMIS,0.0,RC-ANORECTIC STIMULANTS - PAST YEAR MISUSE,RECODED DRUG USE,800
IRSUIPLANYR,Planificación suicida,DL,LGASEVER2,0.0,"RC-EVER INHALED LIGHTER GASES (BUTANE, PROPANE)",RECODED DRUG USE,801
IRSUIPLANYR,Planificación suicida,DL,SPAINTEVER2,0.0,RC-EVER INHALED SPRAY PAINTS,RECODED DRUG USE,802
IRSUIPLANYR,Planificación suicida,DL,RXOXYMANY2,0.0,RC-OXYMORPHONE PRODUCTS - ANY PAST YEAR USE,RECODED DRUG USE,803
IRSUIPLANYR,Planificación suicida,DL,RXSOMAMIS,0.0,RC-SOMA PRODUCTS - PAST YEAR MISUSE,RECODED DRUG USE,804
IRSUIPLANYR,Planificación suicida,DL,SALVIAMON,0.0,RC-SALVIA - PAST MONTH USE,RECODED DRUG USE,805
IRSUIPLANYR,Planificación suicida,DL,CADRKINHL2,0.0,RC-USED INHALANTS WITH LAST ALCOHOL USE,RECODED CONSUMPTION OF ALCOHOL,806
IRSUIPLANYR,Planificación suicida,DL,CADRKHERN2,0.0,RC-USED HEROIN WITH LAST ALCOHOL USE,RECODED CONSUMPTION OF ALCOHOL,807
IRSUIPLANYR,Planificación suicida,DL,CADRKMETH2,0.0,RC-USED METHAMPHETAMINE WITH LAST ALCOHOL USE,RECODED CONSUMPTION OF ALCOHOL,808
IRSUIPLANYR,Planificación suicida,DL,INHALMON2,0.0,RC-INHALANTS - PAST MONTH USE,RECODED DRUG USE,809
IRSUIPLANYR,Planificación suicida,DL,TRQNMMON,0.0,RC-TRANQUILIZERS - PAST MONTH MISUSE,RECODED DRUG USE,810
IRSUIPLANYR,Planificación suicida,DL,OXYCNNMYR,0.0,RC-OXYCONTIN - PAST YEAR MISUSE,RECODED DRUG USE,811
IRSUIPLANYR,Planificación suicida,DL,HERMON,0.0,RC-HEROIN - PAST MONTH USE,RECODED DRUG USE,812
IRSUIPLANYR,Planificación suicida,DL,HERYR,0.0,RC-HEROIN - PAST YEAR USE,RECODED DRUG USE,813
IRSUITRYYR,Intento suicida,DL,CAMHPROB,0.019020005531188263,THINK EVER HAD PROBLEM WITH OWN MENTAL HEALTH,EMERGING ISSUES,1
IRSUITRYYR,Intento suicida,DL,CAMHPROB2,0.016939687001440874,RC-PERCEIVED EVER HAD A MENTAL HEALTH ISSUE,RECODED EMERGING ISSUES,2
IRSUITRYYR,Intento suicida,DL,CAMHRCVR,0.014398110118785432,THINK IN RECOVERY FROM MENTAL HEALTH PROBLEM,EMERGING ISSUES,3
IRSUITRYYR,Intento suicida,DL,COPDAGE,0.011275742982281371,AGE COPD 1ST DIAGNOSED,HEALTH,4
IRSUITRYYR,Intento suicida,DL,EDUSCKCOM,0.009754900679480209,RC - HOW MANY DAYS MISSED SCHOOL FROM SICK (COMBINED),EDUCATION,5
IRSUITRYYR,Intento suicida,DL,EDUSCKMON,0.009680569985243189,HOW MANY DAYS MISSED SCHOOL FROM SICK,EDUCATION,6
IRSUITRYYR,Intento suicida,DL,MOVSINPYR2,0.009080623894158667,# TIMES MOVED PAST 12 MONTHS- RECODED,DEMOGRAPHICS,7
IRSUITRYYR,Intento suicida,DL,LVLDIFCARE2,0.008615423911158127,LEVEL OF DIFFICULTY WITH SELF-CARE,DEMOGRAPHICS,8
IRSUITRYYR,Intento suicida,DL,SNRLGIMP,0.006140418025343909,MY RELIGIOUS BELIEFS ARE VERY IMPORTANT,SOCIAL ENVIRONMENT,9
IRSUITRYYR,Intento suicida,DL,HPUSETOB,0.005896439217031002,HEALTH PROF ASKED PST 12 MOS: TOBACCO USE,HEALTH,10
IRSUITRYYR,Intento suicida,DL,LVLDIFMEM2,0.005624578441454912,LEVEL OF DIFFICULTY REMEMBERING OR CONCENTRATING,DEMOGRAPHICS,11
IRSUITRYYR,Intento suicida,DL,RSKYFQTES,0.005338131194701414,LIKE TO TEST YOURSELF BY DOING RISKY THINGS,RISK/AVAILABILITY,12
IRSUITRYYR,Intento suicida,DL,RSKYFQDGR,0.005289054193499913,GET A REAL KICK OUT OF DOING DANGEROUS THINGS,RISK/AVAILABILITY,13
IRSUITRYYR,Intento suicida,DL,WRKSKIPMO,0.005270101111149411,# DAYS SKIPPED WORK PAST 30 DAYS,EMPLOYMENT,14
IRSUITRYYR,Intento suicida,DL,MXMJPNLT,0.005136325688908854,MAX PENALTY FOR 1ST MJ POSS < OUNCE IN YOUR STATE,SPECIAL TOPICS,15
IRSUITRYYR,Intento suicida,DL,LVLDIFCOMM2,0.005030816432660119,LEVEL OF DIFFICULTY COMMUNICATING USING YOUR USUAL LANGUAGE,DEMOGRAPHICS,16
IRSUITRYYR,Intento suicida,DL,HEALTH2,0.004717238473094767,RC-OVERALL HEALTH RECODE,RECODED DEMOGRAPHICS,17
IRSUITRYYR,Intento suicida,DL,RCVYMHPRB,0.00469161848517212,RC-PERCEIVED RECOVERY FROM MENTAL HEALTH ISSUE,RECODED EMERGING ISSUES,18
IRSUITRYYR,Intento suicida,DL,SEXRACE,0.004479040409352877,RC-COMBINED SEX BY RACE INDICATOR,RECODED DEMOGRAPHICS,19
IRSUITRYYR,Intento suicida,DL,RKFQPBLT,0.004258879632938571,WEAR A SEATBELT WHEN RIDE FRONT PASS SEAT OF CAR,RISK/AVAILABILITY,20
IRSUITRYYR,Intento suicida,DL,RSKBNGWK,0.004210273461125413,RISK HAVING 5 OR MORE DRINKS ONCE OR TWICE A WEEK,RISK/AVAILABILITY,21
IRSUITRYYR,Intento suicida,DL,NEWRACE2,0.0040695226884077465,RC-RACE/HISPANICITY RECODE (7 LEVELS),RECODED DEMOGRAPHICS,22
IRSUITRYYR,Intento suicida,DL,WRKRSNJOB,0.003977248857457662,REASON FOR NOT HAVING A JOB - PAST WK,EMPLOYMENT,23
IRSUITRYYR,Intento suicida,DL,ALCNUMDKPM,0.003959935271091604,RC-NUMBER OF ALC BEVS DRANK PER USER IN PAST MONTH,RECODED DRUG USE,24
IRSUITRYYR,Intento suicida,DL,IRMARIT,0.003952539281453938,IMPUTATION REVISED MARITAL STATUS,IMPUTED DEMOGRAPHICS,25
IRSUITRYYR,Intento suicida,DL,EDUSKPMON,0.003845071142977423,HOW MANY DAYS MISSED SCHOOL FROM SKIPPING,EDUCATION,26
IRSUITRYYR,Intento suicida,DL,LVLDIFHEAR2,0.0037702062537427984,LEVEL OF DIFFICULTY HEARING EVEN WITH HEARING AIDS,DEMOGRAPHICS,27
IRSUITRYYR,Intento suicida,DL,WRKSTATWK2,0.0037106531925965138,WORK SITUATION IN PAST WEEK - RECODE,EMPLOYMENT,28
IRSUITRYYR,Intento suicida,DL,EDUSCHLGO,0.0037037922441959382,NOW GOING TO SCHOOL,EDUCATION,29
IRSUITRYYR,Intento suicida,DL,HEALTH,0.00361832478384052,OVERALL HEALTH,DEMOGRAPHICS,30
IRSUITRYYR,Intento suicida,DL,NMNGTHS2,0.003591992588015276,# NIGHTS STAYED IN HOSPITAL OVERNIGHT OR LONGER,HEALTH,31
IRSUITRYYR,Intento suicida,DL,MJVAPFLAG,0.0034732211923347894,RC-MARIJUANA VAPING - EVER USED,RECODED DRUG USE,32
IRSUITRYYR,Intento suicida,DL,IRHHSIZ2,0.0032941735906837633,RECODE - IMPUTATION-REVISED # PERSONS IN HH,IMPUTED HOUSEHOLD COMPOSITION (ROSTER),33
IRSUITRYYR,Intento suicida,DL,FUALC18,0.003286959611371526,RC-FIRST USED ALCOHOL PRIOR TO AGE 18,RECODED DRUG USE,34
IRSUITRYYR,Intento suicida,DL,DIFGETCOC,0.003186733098260452,HOW DIFFICULT TO GET COCAINE,RISK/AVAILABILITY,35
IRSUITRYYR,Intento suicida,DL,GRSKCIGPKD,0.003142924614773634,RC-GREAT RISK:  SMOKE 1+ PACKS CIGARETTES PER DAY,RECODED RISK/AVAILABILITY,36
IRSUITRYYR,Intento suicida,DL,RSKLSDWK,0.0030906204572766194,RISK USING LSD ONCE OR TWICE A WEEK,RISK/AVAILABILITY,37
IRSUITRYYR,Intento suicida,DL,IRPINC3,0.003082706036973357,RECODE -RESP TOT INCOME - IMPUTATION REVISED,IMPUTED INCOME,38
IRSUITRYYR,Intento suicida,DL,DIFGETHER,0.003068904461484634,HOW DIFFICULT TO GET HEROIN,RISK/AVAILABILITY,39
IRSUITRYYR,Intento suicida,DL,GRSKBNGDLY,0.003064409896953828,RC-GREAT RISK:  HAVE 4-5 ALC DRINKS PER DAY,RECODED RISK/AVAILABILITY,40
IRSUITRYYR,Intento suicida,DL,UD5ILALANY,0.0030312266066667625,RC-DRUG OR ALCOHOL USE DISORDER - PAST YEAR USERS,RECODED SUBSTANCE USE DISORDER,41
IRSUITRYYR,Intento suicida,DL,ILLALCMON,0.002992187211274926,RC-ILLICIT DRUG OR ALCOHOL - PAST MONTH USE,RECODED DRUG USE,42
IRSUITRYYR,Intento suicida,DL,EDUSKPCOM,0.002950887451645645,RC - HOW MANY DAYS MISSED SCHOOL FROM SKIPPING (COMBINED),EDUCATION,43
IRSUITRYYR,Intento suicida,DL,HPDRGTALK,0.002913128297775982,HEALTH PROF DISCUSSED MY DRUG USE WITH ME,HEALTH,44
IRSUITRYYR,Intento suicida,DL,ALCYDAYS,0.0028490268495435247,RC-# OF DAYS USED ALCOHOL IN PAST YEAR,RECODED DRUG USE,45
IRSUITRYYR,Intento suicida,DL,GRSKCOCMON,0.002775323635432868,RC-GREAT RISK:  USE COCAINE ONCE A MONTH,RECODED RISK/AVAILABILITY,46
IRSUITRYYR,Intento suicida,DL,EDUFULPAR,0.002757266988279298,FULL OR PART TIME,EDUCATION,47
IRSUITRYYR,Intento suicida,DL,SNRLFRND,0.0027370824622734878,IT IS IMPORTANT THAT MY FRIENDS SHARE REL BELIEFS,SOCIAL ENVIRONMENT,48
IRSUITRYYR,Intento suicida,DL,SVYRSUDANY,0.002718256981766749,"RC-SUBSTANCE USE DISORDER SEVERITY, PY USERS",RECODED SUBSTANCE USE DISORDER,49
IRSUITRYYR,Intento suicida,DL,WRKDPSTWK,0.002712791358802083,WORK AT JOB LAST WEEK,EMPLOYMENT,50
IRSUITRYYR,Intento suicida,DL,CIGNOINF,0.0026836629658392574,SMOKING NOT AFFECTED BY OTHER THINGS,NICOTINE DEPENDENCE,51
IRSUITRYYR,Intento suicida,DL,ILLANDALC,0.002672922633390421,RC-ILLICIT DRUG AND ALCOHOL USE - PAST YEAR USE,RECODED DRUG USE,52
IRSUITRYYR,Intento suicida,DL,CBDHMPFLAG,0.002618187806879081,RC-CBD OR HEMP - EVER USED,RECODED DRUG USE,53
IRSUITRYYR,Intento suicida,DL,INCOME,0.002608167642415154,RC-TOTAL FAMILY INCOME RECODE,RECODED INCOME,54
IRSUITRYYR,Intento suicida,DL,MRJYRBFR,0.0026060177249230365,USE MJ/CANNABIS EVEN ONCE YR BEFORE LAST,PRIOR SUBSTANCE USE,55
IRSUITRYYR,Intento suicida,DL,NONABOVEV2,0.0025638958311174054,NEVER HAD ANY OF THESE CONDITIONS,HEALTH,56
IRSUITRYYR,Intento suicida,DL,DIFOBTHER,0.0025524507381487647,RC-HEROIN FAIRLY OR VERY EASY TO OBTAIN,RECODED RISK/AVAILABILITY,57
IRSUITRYYR,Intento suicida,DL,CIGINCTL,0.0025339788750724777,FEEL A SENSE OF CONTROL OVER YOUR SMOKING,NICOTINE DEPENDENCE,58
IRSUITRYYR,Intento suicida,DL,CATAG7,0.0025200240136198197,RC-AGE CATEGORY RECODE (7 LEVELS),RECODED DEMOGRAPHICS,59
IRSUITRYYR,Intento suicida,DL,BOOKED,0.002442175920687502,EVER ARRESTED AND BOOKED FOR BREAKING THE LAW,SPECIAL TOPICS,60
IRSUITRYYR,Intento suicida,DL,IRKI17_2,0.002436730761864423,RECODE - IMPUTATION-REVISED # KIDS AGED<18 IN HH,IMPUTED HOUSEHOLD COMPOSITION (ROSTER),61
IRSUITRYYR,Intento suicida,DL,ALCMLU,0.0024208303052980678,MONTH OF LAST ALCOHOL USE - RECODE,PRIOR SUBSTANCE USE,62
IRSUITRYYR,Intento suicida,DL,SNAFLMJTRY,0.002418013769997694,HOW YOU FEEL ABOUT ADULTS TRYING MJ/CANNABIS,SOCIAL ENVIRONMENT,63
IRSUITRYYR,Intento suicida,DL,DIFGETMRJ,0.0024140094226892178,HOW DIFFICULT TO GET MARIJUANA,RISK/AVAILABILITY,64
IRSUITRYYR,Intento suicida,DL,EDUSCHGRD2,0.002370615385893163,WHAT GRADE IN NOW/WILL BE IN,EDUCATION,65
IRSUITRYYR,Intento suicida,DL,PREGSTAT,0.00236159059708007,CURRENTLY PREGNANT (FEMALES AGED 12-50),HEALTH,66
IRSUITRYYR,Intento suicida,DL,ALCYRBFR,0.002361027006368323,HAVE ALCOHOLIC BEVERAGE IN YEAR BEFORE LAST,PRIOR SUBSTANCE USE,67
IRSUITRYYR,Intento suicida,DL,PREGST,0.002336761439451948,RC-PREGNANCY STATUS OF FEMALES AGED 12-50,RECODED HEALTH,68
IRSUITRYYR,Intento suicida,DL,NICVAPFLAG,0.0022822235957082036,RC-NICOTINE VAPING - EVER USED,RECODED DRUG USE,69
IRSUITRYYR,Intento suicida,DL,NOMARR2,0.0022707772012799973,NUMBER OF TIMES MARRIED,DEMOGRAPHICS,70
IRSUITRYYR,Intento suicida,DL,FUMJ18,0.0022394374861442047,RC-FIRST USED MARIJUANA PRIOR TO AGE 18,RECODED DRUG USE,71
IRSUITRYYR,Intento suicida,DL,CATAG3,0.00223437836118059,RC-AGE CATEGORY RECODE (5 LEVELS),RECODED DEMOGRAPHICS,72
IRSUITRYYR,Intento suicida,DL,CIGARYLU,0.002225290694274009,YEAR OF LAST CIGAR/CIGARILLO USE - RECODE,PRIOR SUBSTANCE USE,73
IRSUITRYYR,Intento suicida,DL,FUMJ21,0.0022181943098499254,RC-FIRST USED MARIJUANA PRIOR TO AGE 21,RECODED DRUG USE,74
IRSUITRYYR,Intento suicida,DL,HPUSEALC,0.0021458813653848813,HEALTH PROF ASKED PST 12 MOS: ALCOHOL USE,HEALTH,75
IRSUITRYYR,Intento suicida,DL,PNRANYYR2,0.0021353617401332773,RC-ANY PAIN RELIEVER - PAST YEAR USE,RECODED DRUG USE,76
IRSUITRYYR,Intento suicida,DL,OTHINS,0.002130667621735482,"RC-HEALTH INSURANCE OTHER THAN PRIVATE, MEDICAID/CHIP",RECODED HEALTH INSURANCE,77
IRSUITRYYR,Intento suicida,DL,CIGYRBFR,0.002124300675995682,SMOKE ALL OR PART OF CIGARETTE IN YR BEFORE LAST,PRIOR SUBSTANCE USE,78
IRSUITRYYR,Intento suicida,DL,ILLYR,0.002095252570738977,RC-ANY ILLICIT DRUG - PAST YEAR USE,RECODED DRUG USE,79
IRSUITRYYR,Intento suicida,DL,PREGAGE2,0.0020770750605425465,RC-PREGNANCY AGE CATEGORY RECODE,RECODED DEMOGRAPHICS,80
IRSUITRYYR,Intento suicida,DL,HLTINMNT,0.0020748016041580884,PRIVATE INSURANCE COVERS TRMT FOR MENTAL/EMOTIONAL PROBLEMS,HEALTH INSURANCE,81
IRSUITRYYR,Intento suicida,DL,MEDICARE,0.0020726202428340917,COVERED BY MEDICARE,HEALTH INSURANCE,82
IRSUITRYYR,Intento suicida,DL,TOBALCYR,0.002045397680485619,RC-TOBACCO PRODUCT OR ALCOHOL - PAST YEAR USE,RECODED DRUG USE,83
IRSUITRYYR,Intento suicida,DL,HPALCAMT2,0.002038279108703136,DOCTOR ASKED HOW MUCH YOU DRINK,HEALTH,84
IRSUITRYYR,Intento suicida,DL,NOBOOKY2,0.002036980876000598,# TIMES ARRESTED AND BOOKED PAST 12 MONTHS,SPECIAL TOPICS,85
IRSUITRYYR,Intento suicida,DL,STMANYFLAG,0.0020305736165028045,RC-ANY STIMULANTS - EVER USED,RECODED DRUG USE,86
IRSUITRYYR,Intento suicida,DL,AGE3,0.002029956381006259,RECODE - FINAL EDITED AGE,DEMOGRAPHICS,87
IRSUITRYYR,Intento suicida,DL,IRPYSEV5ALC,0.0020107105064671523,ALCOHOL USE DISORDER SEVERITY IN THE PAST YEAR - IMP REV,IMPUTED SUBSTANCE USE DISORDER,88
IRSUITRYYR,Intento suicida,DL,HLTINALC,0.002002000351436439,PRIVATE INSURANCE COVERS TRMT FOR ALCOHOL ABUSE/ALCOHOLISM,HEALTH INSURANCE,89
IRSUITRYYR,Intento suicida,DL,MRJYDAYS,0.0019817151862787778,RC-# OF DAYS USED MARIJUANA IN PAST YEAR,RECODED DRUG USE,90
IRSUITRYYR,Intento suicida,DL,IRFAMIN3,0.0019766870324089297,RECODE - TOT FAM INCOME - IMPUTATION REVISED,IMPUTED INCOME,91
IRSUITRYYR,Intento suicida,DL,CGRFLAG,0.0019731053158175225,RC-CIGARS - EVER USED,RECODED DRUG USE,92
IRSUITRYYR,Intento suicida,DL,TRQANYFLAG,0.001963023481657728,RC-ANY TRANQUILIZERS - EVER USED,RECODED DRUG USE,93
IRSUITRYYR,Intento suicida,DL,ILLEMFLAG2,0.001951419502729551,RC-ILLICIT DRUG OTHER THAN MARIJUANA - EVER USED,RECODED DRUG USE,94
IRSUITRYYR,Intento suicida,DL,RSKCOCMON,0.0019481421566446813,RISK USING COCAINE ONCE A MONTH,RISK/AVAILABILITY,95
IRSUITRYYR,Intento suicida,DL,DIFGETCRK,0.0019366072465067526,"HOW DIFFICULT TO GET ""CRACK""",RISK/AVAILABILITY,96
IRSUITRYYR,Intento suicida,DL,LVLDIFSEE2,0.0019358088340105718,LEVEL OF DIFFICULTY SEEING EVEN WITH GLASSES,DEMOGRAPHICS,97
IRSUITRYYR,Intento suicida,DL,MRJMLU,0.0019269555256023862,MONTH OF LAST MARIJUANA/CANNABIS USE - RECODE,PRIOR SUBSTANCE USE,98
IRSUITRYYR,Intento suicida,DL,MRJYLU,0.0019168651137733835,YEAR OF LAST MARIJUANA/CANNABIS USE - RECODE,PRIOR SUBSTANCE USE,99
IRSUITRYYR,Intento suicida,DL,FUNICVAP21,0.0018976315909805133,RC-FIRST VAPED NICOTINE PRIOR TO AGE 21,RECODED DRUG USE,100
IRSUITRYYR,Intento suicida,DL,GRSKMRJMON,0.0018967809677087474,RC-GREAT RISK:  USE MARIJUANA ONCE A MONTH,RECODED RISK/AVAILABILITY,101
IRSUITRYYR,Intento suicida,DL,RSKLSDTRY,0.001887120159745667,RISK TRYING LSD ONCE OR TWICE,RISK/AVAILABILITY,102
IRSUITRYYR,Intento suicida,DL,ALCMDAYS,0.0018762660496473543,RC-# OF DAYS USED ALCOHOL IN PAST MONTH,RECODED DRUG USE,103
IRSUITRYYR,Intento suicida,DL,GOVTPROG,0.0018684640964493177,RC-PARTICIPATED IN ONE OR MORE GOVT ASSIST PROGRAMS,RECODED INCOME,104
IRSUITRYYR,Intento suicida,DL,ILTOBALCFG,0.00186087066682495,"RC-ILLICIT DRUG, TOBACCO PRD, OR ALCOHOL - EVER USED",RECODED DRUG USE,105
IRSUITRYYR,Intento suicida,DL,IRHH65_2,0.0018087847859133024,REC - IMPUTATION-REVISED # OF PER IN HH AGED>=65,IMPUTED HOUSEHOLD COMPOSITION (ROSTER),106
IRSUITRYYR,Intento suicida,DL,SNYSELL,0.0018029365278690354,SOLD ILLEGAL DRUGS,SOCIAL ENVIRONMENT,107
IRSUITRYYR,Intento suicida,DL,GRSKLSDTRY,0.0017903403123000364,RC-GREAT RISK:  TRYING LSD ONCE OR TWICE,RECODED RISK/AVAILABILITY,108
IRSUITRYYR,Intento suicida,DL,HRTCONDAG,0.0017804899362381557,AGE HEART CONDITION 1ST DIAGNOSED,HEALTH,109
IRSUITRYYR,Intento suicida,DL,CADRKMARJ2,0.0017781058723942106,RC-USED MARIJUANA WITH LAST ALCOHOL USE,RECODED CONSUMPTION OF ALCOHOL,110
IRSUITRYYR,Intento suicida,DL,GRSKHERWK,0.0017741635385900754,RC-GREAT RISK:  USE HEROIN 1-2 TIMES PER WEEK,RECODED RISK/AVAILABILITY,111
IRSUITRYYR,Intento suicida,DL,MRJAGLST,0.0017733244904220402,HOW OLD WERE YOU THE LAST TIME USED MARIJUANA/CANNABIS,PRIOR SUBSTANCE USE,112
IRSUITRYYR,Intento suicida,DL,SEDANYFLAG,0.0017715836840216052,RC-ANY SEDATIVES - EVER USED,RECODED DRUG USE,113
IRSUITRYYR,Intento suicida,DL,WRKNJBPYR,0.0017694008366670457,"PAST 12 MOS, TIME WITH NO JOB",EMPLOYMENT,114
IRSUITRYYR,Intento suicida,DL,WRKNUMJOB2,0.001764569347957153,"PAST 12 MOS, HOW MANY EMPLOYERS",EMPLOYMENT,115
IRSUITRYYR,Intento suicida,DL,HPALCPRB2,0.0017417845110718586,DOCTOR ASKED IF ANY DRINKING PROBS,HEALTH,116
IRSUITRYYR,Intento suicida,DL,CIGSATIS,0.001741477084220829,NEED TO SMOKE A LOT MORE TO BE SATISFIED,NICOTINE DEPENDENCE,117
IRSUITRYYR,Intento suicida,DL,CDNOCGMO,0.0017304530465044072,RC-EVER USED CIG DAILY AND NO PAST MONTH CIG USE,RECODED DRUG USE,118
IRSUITRYYR,Intento suicida,DL,TOBVNICFLAG,0.001729906388325618,RC-ANY TOBACCO PRODUCTS OR NICOTINE VAPING - EVER USED,RECODED DRUG USE,119
IRSUITRYYR,Intento suicida,DL,NICVAPYR,0.001693242742086935,RC-NICOTINE VAPING - PAST YEAR USE,RECODED DRUG USE,120
IRSUITRYYR,Intento suicida,DL,CIGFLAG,0.0016894129638801276,RC-CIGARETTES - EVER USED,RECODED DRUG USE,121
IRSUITRYYR,Intento suicida,DL,INHOSPYR,0.0016879268635530012,STAYED OVERNIGHT AS INPNT IN HOSP PAST 12 MOS,HEALTH,122
IRSUITRYYR,Intento suicida,DL,CIGNMCHG,0.0016516752324532724,NUMBER OF CIGS SMOKE PER DAY OFTEN CHANGES,NICOTINE DEPENDENCE,123
IRSUITRYYR,Intento suicida,DL,IRMCDCHP,0.001635236717993392,MEDICAID/CHIP - IMPUTATION REVISED,IMPUTED HEALTH INSURANCE,124
IRSUITRYYR,Intento suicida,DL,CIGINCRS,0.0016292295346409492,AMOUNT OF SMOKING HAS INCR. SINCE STARTED SMOKING,NICOTINE DEPENDENCE,125
IRSUITRYYR,Intento suicida,DL,MJSMKMON,0.0016213375124446607,RC-MARIJUANA SMOKING - PAST MONTH USE,RECODED DRUG USE,126
IRSUITRYYR,Intento suicida,DL,GRSKLSDWK,0.0016204319663811464,RC-GREAT RISK:  USE LSD 1-2 TIMES PER WEEK,RECODED RISK/AVAILABILITY,127
IRSUITRYYR,Intento suicida,DL,OPIANYYR2,0.0016008033212274334,RC-ANY OPIOIDS (RX OPIOIDS OR HEROIN) - PAST YEAR USE,RECODED DRUG USE,128
IRSUITRYYR,Intento suicida,DL,HPQTTOB,0.0015987797909182983,HEALTH PROF ADVISED YOU TO QUIT TOBACCO USE,HEALTH,129
IRSUITRYYR,Intento suicida,DL,CIGREGNM,0.0015846410460339077,SMOKE SAME NUMBER OF CIGS FROM DAY TO DAY,NICOTINE DEPENDENCE,130
IRSUITRYYR,Intento suicida,DL,EDUHIGHCAT,0.0015793586366671661,RC-EDUCATION CATEGORIES,RECODED DEMOGRAPHICS,131
IRSUITRYYR,Intento suicida,DL,WRKNJBWKS,0.0015711080455221213,HOW MANY WKS W/O JOB IN PAST 12 MOS,EMPLOYMENT,132
IRSUITRYYR,Intento suicida,DL,PSYCHFLAG,0.0015686861719004777,RC-ANY PSYCHOTHERAPEUTICS - EVER MISUSED,RECODED DRUG USE,133
IRSUITRYYR,Intento suicida,DL,POVERTY3,0.0015589750320650628,RC-POVERTY LEVEL (% OF US CENSUS POVERTY THRESHOLD),RECODED INCOME,134
IRSUITRYYR,Intento suicida,DL,DIFOBTCOC,0.0015549356743367448,RC-COCAINE FAIRLY OR VERY EASY TO OBTAIN,RECODED RISK/AVAILABILITY,135
IRSUITRYYR,Intento suicida,DL,CASUPROB2,0.0015455319567117848,RC-PERCEIVED EVER HAD DRUG OR ALCOHOL USE PROBLEM,RECODED EMERGING ISSUES,136
IRSUITRYYR,Intento suicida,DL,TOBVNICYR,0.001528171197577733,RC-ANY TOBACCO PRODUCTS OR NICOTINE VAPING - PAST YEAR USE,RECODED DRUG USE,137
IRSUITRYYR,Intento suicida,DL,WRKSICKMO,0.0015224101105704914,# DAYS MISSED WORK FOR INJURY/ILLNESS PAST 30 DAYS,EMPLOYMENT,138
IRSUITRYYR,Intento suicida,DL,HLTINDRG,0.0015184048592345777,PRIVATE INSURANCE COVERS TRMT FOR DRUG ABUSE,HEALTH INSURANCE,139
IRSUITRYYR,Intento suicida,DL,CIGCRAGP,0.0015037701115943483,CRAVING OF CIGS LIKE STRONG FORCE CAN'T CONTROL,NICOTINE DEPENDENCE,140
IRSUITRYYR,Intento suicida,DL,TOBYR,0.00148728731623851,RC-ANY TOBACCO - PAST YEAR USE,RECODED DRUG USE,141
IRSUITRYYR,Intento suicida,DL,TELEAPTYR,0.0014830252740066498,TALK TO DOC ABOUT HEALTH OVER PHONE/EMAIL/VIDEO PST 12 MOS,HEALTH,142
IRSUITRYYR,Intento suicida,DL,NICVPMDAYS,0.0014751660982146864,RC-# OF DAYS VAPED NICOTINE IN PAST MONTH,RECODED DRUG USE,143
IRSUITRYYR,Intento suicida,DL,IRPYUD5ALC,0.0014665119817946096,ALCOHOL USE DISORDER IN THE PAST YEAR - IMP REV,IMPUTED SUBSTANCE USE DISORDER,144
IRSUITRYYR,Intento suicida,DL,SNRLDCSN,0.0014473998142983105,MY RELIGIOUS BELIEFS INFLUENCE MY DECISIONS,SOCIAL ENVIRONMENT,145
IRSUITRYYR,Intento suicida,DL,IRSEX,0.0014423026239965106,RESPONDENT SEX - IMPUTATION REVISED,IMPUTED DEMOGRAPHICS,146
IRSUITRYYR,Intento suicida,DL,CATAG6,0.0014395240864250806,RC-AGE CATEGORY RECODE (6 LEVELS),RECODED DEMOGRAPHICS,147
IRSUITRYYR,Intento suicida,DL,UD5ILLANY,0.0014347129128429038,RC-DRUG USE DISORDER - PAST YEAR USERS,RECODED SUBSTANCE USE DISORDER,148
IRSUITRYYR,Intento suicida,DL,MJONLYFLAG2,0.0014322405200342398,RC-MARIJUANA ONLY - EVER USED,RECODED DRUG USE,149
IRSUITRYYR,Intento suicida,DL,UD5ALNILANY,0.0014266695384867474,"RC-ALC USE DISORDER, NO DRUG USE DISORDER - PAST YEAR USERS",RECODED SUBSTANCE USE DISORDER,150
IRSUITRYYR,Intento suicida,DL,SMKAGLAST,0.0014188744088169214,HOW OLD WERE YOU LAST THE TIME USED SMOKELESS TOB,PRIOR SUBSTANCE USE,151
IRSUITRYYR,Intento suicida,DL,TOBALCFLG,0.0013996277671451743,RC-TOBACCO PRODUCT OR ALCOHOL - EVER USED,RECODED DRUG USE,152
IRSUITRYYR,Intento suicida,DL,WRK35WKUS,0.0013961347183212651,USUALLY WORK 35 OR MORE HRS PER WEEK,EMPLOYMENT,153
IRSUITRYYR,Intento suicida,DL,CIGYLU,0.0013819752644991725,YEAR OF LAST CIGARETTE USE - RECODE,PRIOR SUBSTANCE USE,154
IRSUITRYYR,Intento suicida,DL,CIGREGWK,0.0013704527499555728,SMOKE SAME AMOUNT ON WEEKENDS AS ON WEEKDAYS,NICOTINE DEPENDENCE,155
IRSUITRYYR,Intento suicida,DL,ILLALCFLG,0.001367935690169932,RC-ILLICIT DRUG OR ALCOHOL - EVER USED,RECODED DRUG USE,156
IRSUITRYYR,Intento suicida,DL,WTANSWER,0.0013652569663310176,PREFERRED WAY TO REPORT WEIGHT,HEALTH,157
IRSUITRYYR,Intento suicida,DL,ILLMON,0.0013538154337443987,RC-ANY ILLICIT DRUG - PAST MONTH USE,RECODED DRUG USE,158
IRSUITRYYR,Intento suicida,DL,DRVINALON,0.0013490409264367694,DROVE UNDER INFLUENCE OF ONLY ALCOHOL PST 12 MOS,SPECIAL TOPICS,159
IRSUITRYYR,Intento suicida,DL,IRPRVHLT,0.001348897632637827,PRIVATE HEALTH INSURANCE - IMPUTATION REVISED,IMPUTED HEALTH INSURANCE,160
IRSUITRYYR,Intento suicida,DL,FUCGR18,0.001341801672242581,RC-FIRST USED CIGARS PRIOR TO AGE 18,RECODED DRUG USE,161
IRSUITRYYR,Intento suicida,DL,ENRLCOLLST2,0.001340752158917342,RC-COLLEGE ENROLLMENT,RECODED EDUCATION,162
IRSUITRYYR,Intento suicida,DL,TQSDANYYR,0.0013387766671371431,RC-ANY TRANQUILIZERS OR SEDATIVES - PAST YEAR USE,RECODED DRUG USE,163
IRSUITRYYR,Intento suicida,DL,PNRANYFLAG2,0.001313139780832121,RC-ANY PAIN RELIEVER - EVER USED,RECODED DRUG USE,164
IRSUITRYYR,Intento suicida,DL,HPALCCUT2,0.0013126498501279424,DOCTOR ADVISED YOU TO CUT DOWN ON DRINKING,HEALTH,165
IRSUITRYYR,Intento suicida,DL,HPALCTX2,0.0013061759751290068,DOCTOR OFFERED INFO ABOUT ALCOHOL TREATMT,HEALTH,166
IRSUITRYYR,Intento suicida,DL,RSKMRJMON,0.0012846626979298892,RISK SMOKING MARIJUANA ONCE A MONTH,RISK/AVAILABILITY,167
IRSUITRYYR,Intento suicida,DL,STMANYYR,0.0012819247888401178,RC-ANY STIMULANTS - PAST YEAR USE,RECODED DRUG USE,168
IRSUITRYYR,Intento suicida,DL,IRWRKSTAT18,0.0012694679745976986,Situación laboral (18+),IMPUTED EMPLOYMENT,169
IRSUITRYYR,Intento suicida,DL,WRKLASTYR2,0.0012575122172239345,WHAT YEAR LAST WORKED,EMPLOYMENT,170
IRSUITRYYR,Intento suicida,DL,CIGLOTMR,0.0012509574056603031,SMOKE MUCH MORE NOW BEFORE FEEL ANYTHING,NICOTINE DEPENDENCE,171
IRSUITRYYR,Intento suicida,DL,RSKBNGDLY,0.0012443724661515857,RISK HAVING 4 OR 5 DRINKS NEARLY EVERY DAY,RISK/AVAILABILITY,172
IRSUITRYYR,Intento suicida,DL,CIGMDAYS,0.0012441239741165185,RC-# OF DAYS USED CIGARETTES IN PAST MONTH,RECODED DRUG USE,173
IRSUITRYYR,Intento suicida,DL,DIABETEAG,0.0012422904709329713,AGE DIABETES 1ST DIAGNOSED,HEALTH,174
IRSUITRYYR,Intento suicida,DL,WRKDHRSWK2,0.0012314481639574089,HOW MANY HOURS WORKED LAST WEEK,EMPLOYMENT,175
IRSUITRYYR,Intento suicida,DL,FUCD221,0.0012303743972443073,RC-FIRST USED CIGARETTES DAILY PRIOR TO AGE 21,RECODED DRUG USE,176
IRSUITRYYR,Intento suicida,DL,IRFSTAMP,0.0012226122689899086,RESP/OTH FAM MEM REC FOOD STAMPS - IMPUTATION REVISED,IMPUTED INCOME,177
IRSUITRYYR,Intento suicida,DL,TOBVNICMON,0.0012187755962368109,RC-ANY TOBACCO PRODUCTS OR NICOTINE VAPING - PAST MONTH USE,RECODED DRUG USE,178
IRSUITRYYR,Intento suicida,DL,DRVINALCO,0.001218543842594541,DROVE UNDER INFLUENCE OF ALCOHOL PST 12 MOS,SPECIAL TOPICS,179
IRSUITRYYR,Intento suicida,DL,HIGHBPMED,0.0012026458440814168,TAKING MEDS FOR HIGH BLOOD PRESSURE,HEALTH,180
IRSUITRYYR,Intento suicida,DL,HPALCFRQ2,0.0012018967092438657,DOCTOR ASKED HOW OFTEN YOU DRINK,HEALTH,181
IRSUITRYYR,Intento suicida,DL,SPEAKENGL,0.0011936094414372834,HOW WELL SPEAK ENGLISH,DEMOGRAPHICS,182
IRSUITRYYR,Intento suicida,DL,CAIDCHIP,0.001187942703224973,COVERED BY MEDICAID/CHIP,HEALTH INSURANCE,183
IRSUITRYYR,Intento suicida,DL,HPALCNOT2,0.00118676217563916,DOCTOR DIDNT DISCUSS MY ALCOHOL USE WITH ME,HEALTH,184
IRSUITRYYR,Intento suicida,DL,CIGARMLU,0.0011798828388564307,MONTH OF LAST CIGAR/CIGARILLO USE - RECODE,PRIOR SUBSTANCE USE,185
IRSUITRYYR,Intento suicida,DL,ALCYLU,0.0011776672408993227,YEAR OF LAST ALCOHOL USE - RECODE,PRIOR SUBSTANCE USE,186
IRSUITRYYR,Intento suicida,DL,MILTCHLDR,0.001176255888448436,SON OR DAUGHTER IN MILITARY,EDUCATION,187
IRSUITRYYR,Intento suicida,DL,DRVINMARJ,0.0011721626707027024,DROVE UNDER INFLUENCE OF MARIJUANA PST 12 MOS,SPECIAL TOPICS,188
IRSUITRYYR,Intento suicida,DL,DIFOBTCRK,0.0011696425920355007,RC-CRACK FAIRLY OR VERY EASY TO OBTAIN,RECODED RISK/AVAILABILITY,189
IRSUITRYYR,Intento suicida,DL,ACTD2001,0.0011688706022687232,SEPTEMBER 2001 OR LATER,DEMOGRAPHICS,190
IRSUITRYYR,Intento suicida,DL,CIGPLANE,0.0011674305410721503,RATHER NOT TRAVEL BY AIRPLANE B/C NO SMOKING,NICOTINE DEPENDENCE,191
IRSUITRYYR,Intento suicida,DL,CIGIRTBL,0.0011541182444120748,NEED TO SMOKE TO FEEL LESS IRRITABLE,NICOTINE DEPENDENCE,192
IRSUITRYYR,Intento suicida,DL,ILTOBALCMN,0.0011165994487664671,"RC-ILLICIT DRUG, TOBACCO PRD, OR ALC - PAST MONTH USE",RECODED DRUG USE,193
IRSUITRYYR,Intento suicida,DL,FUINHAL182,0.0011103298931848277,RC-FIRST USED INHALANTS PRIOR TO AGE 18,RECODED DRUG USE,194
IRSUITRYYR,Intento suicida,DL,HLCNOTMO,0.0011098330491222457,"PAST 12 MOS, HOW MANY MOS W/O COVERAGE",HEALTH INSURANCE,195
IRSUITRYYR,Intento suicida,DL,SVYRDUDANY,0.0010936910612049941,"RC-DRUG USE DISORDER SEVERITY, PY USERS",RECODED SUBSTANCE USE DISORDER,196
IRSUITRYYR,Intento suicida,DL,MILTPARNT,0.0010896965912370147,FATHER OR MOTHER IN MILITARY,EDUCATION,197
IRSUITRYYR,Intento suicida,DL,RCVYSUBPRB,0.0010836415775120258,RC-PERCEIVED RECOVERY FROM DRUG OR ALCOHOL USE PROBLEM,RECODED EMERGING ISSUES,198
IRSUITRYYR,Intento suicida,DL,DIFGETLSD,0.0010704545541227143,HOW DIFFICULT TO GET LSD,RISK/AVAILABILITY,199
IRSUITRYYR,Intento suicida,DL,ASTHMANOW,0.0010575902953278305,STILL HAVE ASTHMA,HEALTH,200
IRSUITRYYR,Intento suicida,DL,IREDUHIGHST2,0.001055160389854718,EDUCATION - RECODED IMPUTATION REVISED,IMPUTED DEMOGRAPHICS,201
IRSUITRYYR,Intento suicida,DL,FUCD218,0.0010495906493160898,RC-FIRST USED CIGARETTES DAILY PRIOR TO AGE 18,RECODED DRUG USE,202
IRSUITRYYR,Intento suicida,DL,CIGINFLU,0.0010333083543493987,# OF CIGS SMOKE PER DAY INFLUENCED BY OTHER THINGS,NICOTINE DEPENDENCE,203
IRSUITRYYR,Intento suicida,DL,RXCODEANY2,0.001026738947490232,RC-CODEINE PRODUCTS - ANY PAST YEAR USE,RECODED DRUG USE,204
IRSUITRYYR,Intento suicida,DL,CIGWAKE,0.001026267074717905,HOW SOON AFTER WAKING DO YOU HAVE YOUR FIRST CIG,NICOTINE DEPENDENCE,205
IRSUITRYYR,Intento suicida,DL,WRKHADJOB,0.0010138404648621618,DID YOU HAVE A JOB OR BUSINESS,EMPLOYMENT,206
IRSUITRYYR,Intento suicida,DL,MJSMKYR,0.0010089983578208265,RC-MARIJUANA SMOKING - PAST YEAR USE,RECODED DRUG USE,207
IRSUITRYYR,Intento suicida,DL,CIGFNLKE,0.0009938061204025094,CHOOSE NOT TO BE AROUND FRIENDS WHO DON'T SMOKE,NICOTINE DEPENDENCE,208
IRSUITRYYR,Intento suicida,DL,RSKHERTRY,0.0009920646777091776,RISK TRYING HEROIN ONCE OR TWICE,RISK/AVAILABILITY,209
IRSUITRYYR,Intento suicida,DL,RSKCIGPKD,0.0009873924746667357,RISK SMOKING 1 OR MORE PACKS CIGARETTES PER DAY,RISK/AVAILABILITY,210
IRSUITRYYR,Intento suicida,DL,CELLWRKNG,0.000980070540215821,WORKING CELL PHONE,INCOME,211
IRSUITRYYR,Intento suicida,DL,TRQNMFLAG,0.000979365573963151,RC-TRANQUILIZERS - EVER MISUSED,RECODED DRUG USE,212
IRSUITRYYR,Intento suicida,DL,NMVSOPT2,0.0009646377752069371,# OUTPATIENT VISITS PAST 12 MOS - RECODE,HEALTH,213
IRSUITRYYR,Intento suicida,DL,WRKDPSTYR,0.0009612588005838932,"PAST 12 MOS, WORKED AT ANY JOB",EMPLOYMENT,214
IRSUITRYYR,Intento suicida,DL,TOBMON,0.0009569952855817995,RC-ANY TOBACCO - PAST MONTH USE,RECODED DRUG USE,215
IRSUITRYYR,Intento suicida,DL,OTHRSEDANY,0.0009548036258202033,RC-OTHER SEDATIVE - ANY PAST YEAR USE,RECODED DRUG USE,216
IRSUITRYYR,Intento suicida,DL,CIGFNSMK,0.0009537050700462227,HAVE FRIENDS WHO DO NOT SMOKE CIGARETTES,NICOTINE DEPENDENCE,217
IRSUITRYYR,Intento suicida,DL,CIGDLLST,0.0009476012908070297,HOW OLD WERE YOU THE LAST TIME SMOKED CIGS DAILY,PRIOR SUBSTANCE USE,218
IRSUITRYYR,Intento suicida,DL,APPDRGMON,0.000945665237610627,APPROACHED BY SOMEONE SELLING ILL DRUG PST 30 DYS,RISK/AVAILABILITY,219
IRSUITRYYR,Intento suicida,DL,WRKSELFEM,0.0009452407844364627,"PAST 12 MOS, SELF EMPLOYED",EMPLOYMENT,220
IRSUITRYYR,Intento suicida,DL,CIGCRAVE,0.000943968333344159,START TO CRAVE CIGS WHEN DON'T SMOKE FOR FEW HRS,NICOTINE DEPENDENCE,221
IRSUITRYYR,Intento suicida,DL,CIGRNOUT,0.0009342483563814321,SOMETIMES WORRY THAT YOU WILL RUN OUT OF CIGS,NICOTINE DEPENDENCE,222
IRSUITRYYR,Intento suicida,DL,ALCAGLST,0.0009317293780622984,HOW OLD WERE YOU LAST TIME DRANK ALCOHOL BEVERAGE,PRIOR SUBSTANCE USE,223
IRSUITRYYR,Intento suicida,DL,ILIMFOTHYR,0.000931299136253072,"RC-ILLICIT DRUG, IMF, OR OTHER SUB - PAST YEAR USE",RECODED EMERGING ISSUES,224
IRSUITRYYR,Intento suicida,DL,HPUSEDRG,0.0009300526670477355,HEALTH PROF ASKED PST 12 MOS: DRUG USE,HEALTH,225
IRSUITRYYR,Intento suicida,DL,CDUFLAG,0.0009216476413421329,RC-CIGARETTES DAILY - EVER USED,RECODED DRUG USE,226
IRSUITRYYR,Intento suicida,DL,RSKCOCWK,0.0009215397701089473,RISK USING COCAINE ONCE OR TWICE A WEEK,RISK/AVAILABILITY,227
IRSUITRYYR,Intento suicida,DL,HALLAGLST,0.0009203006476163905,HOW OLD WERE YOU THE LAST TIME USED HALLUCINOGEN,PRIOR SUBSTANCE USE,228
IRSUITRYYR,Intento suicida,DL,MJEATYR,0.0009166468370249833,RC-MARIJUANA EATING OR DRINKING - PAST YEAR USE,RECODED DRUG USE,229
IRSUITRYYR,Intento suicida,DL,CIGSVLHR,0.0009157231360743801,"HAVE MANY CIGS IN HR, THEN NO CIGS TIL HRS LATER",NICOTINE DEPENDENCE,230
IRSUITRYYR,Intento suicida,DL,ASTHMAEVR2,0.000914050515508279,EVER TOLD HAD ASTHMA,HEALTH,231
IRSUITRYYR,Intento suicida,DL,IRMEDICR,0.0009011857251171035,MEDICARE - IMPUTATION REVISED,IMPUTED HEALTH INSURANCE,232
IRSUITRYYR,Intento suicida,DL,CHAMPUS,0.0008938218084822453,"COV BY TRICARE, CHAMPUS, CHAMPVA, VA, MILITARY",HEALTH INSURANCE,233
IRSUITRYYR,Intento suicida,DL,DRVINAGE,0.0008812204636633389,RC-DUI AGE CATEGORY RECODE,RECODED DEMOGRAPHICS,234
IRSUITRYYR,Intento suicida,DL,HLLOSRSN,0.0008744465191848563,MAIN REASON STOPPED COVERED BY HEALTH INSURANCE,HEALTH INSURANCE,235
IRSUITRYYR,Intento suicida,DL,MILTSIBLN,0.0008630753892120285,SISTER OR BROTHER IN MILITARY,EDUCATION,236
IRSUITRYYR,Intento suicida,DL,ALCFLAG,0.0008540887926610447,RC-ALCOHOL - EVER USED,RECODED DRUG USE,237
IRSUITRYYR,Intento suicida,DL,RKFQDBLT,0.0008506828387905735,WEAR A SEATBELT WHEN YOU DRIVE A CAR,RISK/AVAILABILITY,238
IRSUITRYYR,Intento suicida,DL,HIGHBPEVR2,0.0008497004417004089,EVER TOLD HAD HIGH BLOOD PRESSURE,HEALTH,239
IRSUITRYYR,Intento suicida,DL,NITOXIEVER2,0.0008356477187480773,"RC-EVER INHALED NITROUS OXIDE OR ""WHIPPITS""",RECODED DRUG USE,240
IRSUITRYYR,Intento suicida,DL,IRPMNICDEP,0.0008350147081073403,NICOTINE DEPENDENCE IN PAST MONTH - IMPUTATION REVISED,IMPUTED NICOTINE DEPENDENCE,241
IRSUITRYYR,Intento suicida,DL,TELEAPTYR2,0.0008018781801220056,RC-TALK TO DOC ABOUT VIRTUAL SERVICE TREATMENT-PAST YEAR,RECODED HEALTH,242
IRSUITRYYR,Intento suicida,DL,CIGDLYLU,0.0007975501149776367,YEAR OF LAST CIGARETTE USE EVERY DAY - RECODE,PRIOR SUBSTANCE USE,243
IRSUITRYYR,Intento suicida,DL,COCYLU,0.000790681317448616,YEAR OF LAST COCAINE USE - RECODE,PRIOR SUBSTANCE USE,244
IRSUITRYYR,Intento suicida,DL,DIABETEVR2,0.0007811085614375743,EVER TOLD HAD DIABETES/SUGAR DIABETES,HEALTH,245
IRSUITRYYR,Intento suicida,DL,RSKMRJWK,0.000778271336266953,RISK SMOKING MARIJUANA ONCE OR TWICE A WEEK,RISK/AVAILABILITY,246
IRSUITRYYR,Intento suicida,DL,WRKEFFORT,0.0007762197307286272,"PAST 30 DAYS, MAKE EFFORT TO FIND WORK",EMPLOYMENT,247
IRSUITRYYR,Intento suicida,DL,IROTHHLT,0.0007743725532200154,OTHER HEALTH INSURANCE - IMPUTATION REVISED,IMPUTED HEALTH INSURANCE,248
IRSUITRYYR,Intento suicida,DL,SEXAGE,0.0007741973740048735,RC-COMBINED SEX BY AGE CATEGORY INDICATOR,RECODED DEMOGRAPHICS,249
IRSUITRYYR,Intento suicida,DL,CIGDLMLU,0.0007721209903126711,MONTH OF LAST CIGARETTE USE EVERY DAY - RECODE,PRIOR SUBSTANCE USE,250
IRSUITRYYR,Intento suicida,DL,PRVHLTIN,0.0007683094605275726,COVERED BY PRIVATE INSURANCE,HEALTH INSURANCE,251
IRSUITRYYR,Intento suicida,DL,ASTHMAAGE,0.0007664967188611594,AGE ASTHMA 1ST DIAGNOSED,HEALTH,252
IRSUITRYYR,Intento suicida,DL,CIGAVGD,0.0007504022326320434,RC-AVG NUMBER OF CIGARETTES SMOKED PER DAY,RECODED DRUG USE,253
IRSUITRYYR,Intento suicida,DL,TOBCIGONL,0.00074979230645113,RC-CIGARETTE/NONCIGARETTE TOBACCO ONLY - PAST MONTH USE,RECODED DRUG USE,254
IRSUITRYYR,Intento suicida,DL,TQSDANYFLG,0.0007412320191506289,RC-ANY TRANQUILIZERS OR SEDATIVES - EVER USED,RECODED DRUG USE,255
IRSUITRYYR,Intento suicida,DL,CIGREGDY,0.0007379642573650938,SMOKE CIGS FAIRLY REGULARLY THROUGHOUT THE DAY,NICOTINE DEPENDENCE,256
IRSUITRYYR,Intento suicida,DL,HALLMOLST,0.0007340555095579423,MONTH OF LAST HALLUCINOGEN USE - RECODE,PRIOR SUBSTANCE USE,257
IRSUITRYYR,Intento suicida,DL,HLCNOTYR,0.0007321975720114976,ANYTIME DID NOT HAVE HEALTH INS/COVER PAST 12 MOS,HEALTH INSURANCE,258
IRSUITRYYR,Intento suicida,DL,TOBVAPONL2,0.0007177672476973388,RC-NIC VAPING / TOBACCO PRODUCTS ONLY - PAST MONTH USE,RECODED DRUG USE,259
IRSUITRYYR,Intento suicida,DL,ECSTMOAGL,0.0007173397832084433,HOW OLD WERE YOU THE LAST TIME USED ECSTASY/MOLLY,PRIOR SUBSTANCE USE,260
IRSUITRYYR,Intento suicida,DL,TOBALCMN,0.000710361586817742,RC-TOBACCO PRODUCT OR ALCOHOL - PAST MONTH USE,RECODED DRUG USE,261
IRSUITRYYR,Intento suicida,DL,ACTD7590,0.000707778540672733,MAY 1975 TO JULY 1990,DEMOGRAPHICS,262
IRSUITRYYR,Intento suicida,DL,PSYANYYR2,0.0007019500443711904,RC-ANY PSYCHOTHERAPEUTICS - PAST YEAR USE,RECODED DRUG USE,263
IRSUITRYYR,Intento suicida,DL,IRCHMPUS,0.0007006202597622168,CHAMPUS - IMPUTATION REVISED,IMPUTED HEALTH INSURANCE,264
IRSUITRYYR,Intento suicida,DL,PSILCYFLAG,0.0006950891928281605,RC-PSILOCYBIN - EVER USED,RECODED DRUG USE,265
IRSUITRYYR,Intento suicida,DL,CIGMLU,0.0006930120086889793,MONTH OF LAST CIGARETTE USE - RECODE,PRIOR SUBSTANCE USE,266
IRSUITRYYR,Intento suicida,DL,DIFOBTMRJ,0.0006925227808967227,RC-MARIJUANA FAIRLY OR VERY EASY TO OBTAIN,RECODED RISK/AVAILABILITY,267
IRSUITRYYR,Intento suicida,DL,SERVICE,0.0006920649476815047,EVER BEEN IN THE US ARMED FORCES,DEMOGRAPHICS,268
IRSUITRYYR,Intento suicida,DL,BKDRUNK,0.0006866903933696445,ARRSTD & BOOKED FOR DRUNKENNESS PAST 12 MONTHS,SPECIAL TOPICS,269
IRSUITRYYR,Intento suicida,DL,MILTFAMLY,0.0006784898665160915,ANY IMMEDIATE FAMILY CURRENTLY IN US MILITARY,EDUCATION,270
IRSUITRYYR,Intento suicida,DL,INHALFLAG2,0.000678153068292886,RC-INHALANTS - EVER USED,RECODED DRUG USE,271
IRSUITRYYR,Intento suicida,DL,RXDIAZANY,0.0006736438386142252,RC-DIAZEPAM PRODUCTS - ANY PAST YEAR USE,RECODED DRUG USE,272
IRSUITRYYR,Intento suicida,DL,SNYATTAK,0.0006713838265277402,ATTACKED SOMEONE W/INTENT TO SERIOUSLY HURT THEM,SOCIAL ENVIRONMENT,273
IRSUITRYYR,Intento suicida,DL,COPDEVER2,0.0006514587231213262,EVER TOLD HAD CHRONIC BRONCHITIS OR COPD,HEALTH,274
IRSUITRYYR,Intento suicida,DL,RXMORPANY2,0.000651254535885527,RC-MORPHINE PRODUCTS - ANY PAST YEAR USE,RECODED DRUG USE,275
IRSUITRYYR,Intento suicida,DL,DRVINDETAG,0.0006479330557877527,RC-DUI DETAILED AGE CATEGORY RECODE,RECODED DEMOGRAPHICS,276
IRSUITRYYR,Intento suicida,DL,SMKYRLAST,0.0006416719146072886,YEAR OF LAST SMOKELESS TOBACCO USE - RECODE,PRIOR SUBSTANCE USE,277
IRSUITRYYR,Intento suicida,DL,RSKHERWK,0.0006360398528631775,RISK USING HEROIN ONCE OR TWICE A WEEK,RISK/AVAILABILITY,278
IRSUITRYYR,Intento suicida,DL,LVLDIFWALK2,0.0006285164784640057,LEVEL OF DIFFICULTY WALKING OR CLIMBING STEPS,DEMOGRAPHICS,279
IRSUITRYYR,Intento suicida,DL,ANYHLTI2,0.0006270424877293395,COVERED BY ANY HEALTH INSURANCE - RECODE,RECODED HEALTH INSURANCE,280
IRSUITRYYR,Intento suicida,DL,CIGAGLST,0.0006253282353080769,HOW OLD WERE YOU THE LAST TIME SMOKED CIGARETTE,PRIOR SUBSTANCE USE,281
IRSUITRYYR,Intento suicida,DL,DRVINALCO2,0.0006242041701916626,RC-DROVE UNDER INFLUENCE OF ALCOHOL IN PAST YEAR,RECODED SPECIAL TOPICS,282
IRSUITRYYR,Intento suicida,DL,ENRLCOLLFT2,0.0006240421760199944,RC-COLLEGE ENROLLMENT-FULL TIME,RECODED EDUCATION,283
IRSUITRYYR,Intento suicida,DL,CGRAGLST,0.0006127543572802103,HOW OLD WERE YOU THE LAST TIME SMOKED CIGAR/CIGARILLO,PRIOR SUBSTANCE USE,284
IRSUITRYYR,Intento suicida,DL,FUSMKLSS18,0.0006122085833922025,RC-FIRST USED SMOKELESS TOBACCO PRIOR TO AGE 18,RECODED DRUG USE,285
IRSUITRYYR,Intento suicida,DL,TOBCIGVAP2,0.0006101117711514218,RC-NIC VAPING AND CIG/NONCIG TOBACCO COMBINATIONS-PM USE,RECODED DRUG USE,286
IRSUITRYYR,Intento suicida,DL,FUCIG21,0.0006083829726371157,RC-FIRST USED CIGARETTES PRIOR TO AGE 21,RECODED DRUG USE,287
IRSUITRYYR,Intento suicida,DL,MRJFLAG,0.0006076071885238068,RC-MARIJUANA - EVER USED,RECODED DRUG USE,288
IRSUITRYYR,Intento suicida,DL,HIVAIDSEV2,0.0006044994522817384,EVER TOLD HAD HIV OR AIDS,HEALTH,289
IRSUITRYYR,Intento suicida,DL,DCIGMON,0.0006038351678289436,RC-PAST MONTH DAILY CIGARETTE USE,RECODED DRUG USE,290
IRSUITRYYR,Intento suicida,DL,SEDANYYR,0.0006031202010344714,RC-ANY SEDATIVES - PAST YEAR USE,RECODED DRUG USE,291
IRSUITRYYR,Intento suicida,DL,SNYSTOLE,0.0006016449229791751,STOLEN/TRIED TO STEAL ANYTHING WORTH > $50,SOCIAL ENVIRONMENT,292
IRSUITRYYR,Intento suicida,DL,MRJMON,0.0006000705350248637,RC-MARIJUANA - PAST MONTH USE,RECODED DRUG USE,293
IRSUITRYYR,Intento suicida,DL,GRPHLTIN,0.0005972466717090153,PRIVATE PLAN OFFERED THROUGH EMPLOYER OR UNION,HEALTH INSURANCE,294
IRSUITRYYR,Intento suicida,DL,IRINSUR4,0.0005969821447506513,RC-OVERALL HEALTH INSURANCE - IMPUTATION REVISED,RECODED HEALTH INSURANCE,295
IRSUITRYYR,Intento suicida,DL,CIGYR,0.0005879932455718515,RC-CIGARETTES - PAST YEAR USE,RECODED DRUG USE,296
IRSUITRYYR,Intento suicida,DL,ACTDPRIV,0.000585138184018438,ANY TIME BEFORE VIETNAM ERA (MARCH 1961),DEMOGRAPHICS,297
IRSUITRYYR,Intento suicida,DL,APPDRGMON2,0.0005851351415885808,RC-APPROACHED BY SOMEONE SELLING DRUGS,RECODED RISK/AVAILABILITY,298
IRSUITRYYR,Intento suicida,DL,TRQANYYR,0.000583102225791663,RC-ANY TRANQUILIZERS - PAST YEAR USE,RECODED DRUG USE,299
IRSUITRYYR,Intento suicida,DL,RXHYDCANY2,0.000578219214221464,RC-HYDROCODONE PRODUCTS - ANY PAST YEAR USE,RECODED DRUG USE,300
IRSUITRYYR,Intento suicida,DL,MRJMDAYS,0.0005778287270469484,RC-# OF DAYS USED MARIJUANA IN PAST MONTH,RECODED DRUG USE,301
IRSUITRYYR,Intento suicida,DL,KRATREC,0.0005688659835141169,TIME SINCE LAST USED KRATOM,EMERGING ISSUES,302
IRSUITRYYR,Intento suicida,DL,UADEVNT,0.0005651398339997385,RC-MOST RECENT ALCOHOL USE AT CONCERT OR SPORTS GAME,RECODED CONSUMPTION OF ALCOHOL,303
IRSUITRYYR,Intento suicida,DL,ACTDVIET,0.000555054132128135,VIETNAM ERA (MARCH 1961 TO APRIL 1975),DEMOGRAPHICS,304
IRSUITRYYR,Intento suicida,DL,FLVVAPREC,0.0005549050176050511,TIME SINCE LAST VAPED ONLY FLAVORING,EMERGING ISSUES,305
IRSUITRYYR,Intento suicida,DL,CIGPDAY,0.0005499778150115156,RC-# OF CIGARETTES SMOKED PER DAY AMONG DAILY SMOKERS,RECODED DRUG USE,306
IRSUITRYYR,Intento suicida,DL,CIGAVOID,0.000548560302226302,TEND TO AVOID PLACES THAT DON'T ALLOW SMOKING,NICOTINE DEPENDENCE,307
IRSUITRYYR,Intento suicida,DL,COCMLU,0.0005468055056408089,MONTH OF LAST COCAINE USE - RECODE,PRIOR SUBSTANCE USE,308
IRSUITRYYR,Intento suicida,DL,BNGDRKMON,0.0005417111632414162,RC-BINGE ALCOHOL USE PAST 30 DAYS,RECODED DRUG USE,309
IRSUITRYYR,Intento suicida,DL,ECSTMOYLU,0.0005318058056291192,YEAR OF LAST ECSTASY OR MOLLY USE - RECODE,PRIOR SUBSTANCE USE,310
IRSUITRYYR,Intento suicida,DL,HLTINNOS,0.000530410041799769,COVERED BY HEALTH INSUR (NOT OTHERWISE SPECIFIED),HEALTH INSURANCE,311
IRSUITRYYR,Intento suicida,DL,RXTRAMANY2,0.0005119040522258761,RC-TRAMADOL PRODUCTS - ANY PAST YEAR USE,RECODED DRUG USE,312
IRSUITRYYR,Intento suicida,DL,SVYRPSYANY,0.0005117253020871471,"RC-PSYCHOTHERAPUETIC USE DISORDER SEVERITY, PY USERS",RECODED SUBSTANCE USE DISORDER,313
IRSUITRYYR,Intento suicida,DL,IRFLVVAPREC,0.0005083649749867597,ONLY FLAVORING VAPING RECENCY - IMPUTATION REVISED,IMPUTED EMERGING ISSUES,314
IRSUITRYYR,Intento suicida,DL,CATAGE,0.0005078704112675056,RC-AGE CATEGORY,RECODED DEMOGRAPHICS,315
IRSUITRYYR,Intento suicida,DL,FUSMKLSS21,0.0005065384362824263,RC-FIRST USED SMOKELESS TOBACCO PRIOR TO AGE 21,RECODED DRUG USE,316
IRSUITRYYR,Intento suicida,DL,PSYCHYR,0.00050332993757911,RC-ANY PSYCHOTHERAPEUTICS - PAST YEAR MISUSE,RECODED DRUG USE,317
IRSUITRYYR,Intento suicida,DL,PNRNMYR,0.0005027660697232961,RC-PAIN RELIEVERS - PAST YEAR MISUSE,RECODED DRUG USE,318
IRSUITRYYR,Intento suicida,DL,FUALC21,0.0005021802259335548,RC-FIRST USED ALCOHOL PRIOR TO AGE 21,RECODED DRUG USE,319
IRSUITRYYR,Intento suicida,DL,IRPYSEV5MRJ,0.0004964334524950797,MARIJUANA USE DISORDER SEVERITY IN THE PAST YEAR - IMP REV,IMPUTED SUBSTANCE USE DISORDER,320
IRSUITRYYR,Intento suicida,DL,HERNEDEVER,0.0004918633874040049,RC-EVER USED A NEEDLE TO INJECT HEROIN,RECODED SPECIAL DRUGS,321
IRSUITRYYR,Intento suicida,DL,EDUSKPEST,0.0004910040814429523,BEST ESTIMATE # DAYS MISSED BECAUSE SKIPPED OR CUT,EDUCATION,322
IRSUITRYYR,Intento suicida,DL,ECSTMOFLAG,0.00048435072856955444,RC-ECSTASY - EVER USED,RECODED DRUG USE,323
IRSUITRYYR,Intento suicida,DL,PAROLREL,0.0004761989621911225,ON PAROLE/SUPRV RELEASE PAST 12 MONTHS,SPECIAL TOPICS,324
IRSUITRYYR,Intento suicida,DL,RXBZOTANY,0.0004712490702513592,RC-BENZODIAZEPINE TRANQUILIZERS - ANY PAST YEAR USE,RECODED DRUG USE,325
IRSUITRYYR,Intento suicida,DL,SMKLSSFLAG,0.0004687835441436611,RC-SMOKELESS TOBACCO - EVER USED,RECODED DRUG USE,326
IRSUITRYYR,Intento suicida,DL,FUCIG18,0.00046424426318358386,RC-FIRST USED CIGARETTES PRIOR TO AGE 18,RECODED DRUG USE,327
IRSUITRYYR,Intento suicida,DL,DRVININHL,0.00046319272951222403,DROVE UNDER INFLUENCE OF INHALANTS PAST 12 MOS,SPECIAL TOPICS,328
IRSUITRYYR,Intento suicida,DL,HERRXOPYR,0.00045655147405341184,RC-HEROIN USE AND/OR RX OPIOID MISUSE - PAST YEAR,RECODED DRUG USE,329
IRSUITRYYR,Intento suicida,DL,BKMVTHFT,0.00045613326644525443,ARRSTD & BOOKED FOR MOT VEH THEFT PAST 12 MONTHS,SPECIAL TOPICS,330
IRSUITRYYR,Intento suicida,DL,HTANSWER,0.00045223934075940274,PREFERRED WAY TO REPORT HEIGHT,HEALTH,331
IRSUITRYYR,Intento suicida,DL,CIG1PACK,0.00043985956581309686,RC-SMKED 1+ PCK OF CIGS PER DAY AMNG DLY SMKERS (1/0),RECODED DRUG USE,332
IRSUITRYYR,Intento suicida,DL,DRVINHALL,0.0004377250212710357,DROVE UNDER INFLU OF HALLUCINOGENS PAST 12 MOS,SPECIAL TOPICS,333
IRSUITRYYR,Intento suicida,DL,CANCEREVR2,0.00043435495556332223,EVER TOLD HAD CANCER,HEALTH,334
IRSUITRYYR,Intento suicida,DL,CASUPROB,0.00043087235931307143,THINK EVER HAD PROBLEM WITH OWN DRUG OR ALCOHOL USE,EMERGING ISSUES,335
IRSUITRYYR,Intento suicida,DL,GRSKHERTRY,0.0004304328125953974,RC-GREAT RISK:  TRYING HEROIN ONCE OR TWICE,RECODED RISK/AVAILABILITY,336
IRSUITRYYR,Intento suicida,DL,RXHYDCMIS,0.00042975718434900444,RC-HYDROCODONE PRODUCTS - PAST YEAR MISUSE,RECODED DRUG USE,337
IRSUITRYYR,Intento suicida,DL,FULSD21,0.0004276851196773335,RC-FIRST USED LSD PRIOR TO AGE 21,RECODED DRUG USE,338
IRSUITRYYR,Intento suicida,DL,UADHOME,0.00042345971782771914,RC-MOST RECENT ALCOHOL USE AT HOME,RECODED CONSUMPTION OF ALCOHOL,339
IRSUITRYYR,Intento suicida,DL,IRNPCOLDREC,0.0004226934986654654,NONPRESCRIPTION COUGH OR COLD MEDS RECENCY - IMPUTATION REV,IMPUTED SPECIAL DRUGS,340
IRSUITRYYR,Intento suicida,DL,OPIIMFNMYR2,0.00042156560858711527,RC-OPIOIDS (RX OPIOIDS OR HER) INCLUDING IMF - PST YR MISUSE,RECODED EMERGING ISSUES,341
IRSUITRYYR,Intento suicida,DL,OPINMYR2,0.00042132281279191495,RC-OPIOIDS (RX OPIOIDS OR HEROIN) - PAST YEAR MISUSE,RECODED DRUG USE,342
IRSUITRYYR,Intento suicida,DL,INHLAGLST,0.0004201785703189648,HOW OLD WERE YOU THE LAST TIME USED INHALANTS,PRIOR SUBSTANCE USE,343
IRSUITRYYR,Intento suicida,DL,ILLEMYR2,0.00041949887434021197,RC-ILLICIT DRUG OTHER THAN MARIJUANA - PAST YEAR,RECODED DRUG USE,344
IRSUITRYYR,Intento suicida,DL,WTPOUND2,0.0004153540136758213,WEIGHT IN POUNDS - RECODE,HEALTH,345
IRSUITRYYR,Intento suicida,DL,CHMNDLREC,0.00041462319740094734,RC-MOST RECENT USE OF COC/HER/METH WITH A NEEDLE,RECODED SPECIAL DRUGS,346
IRSUITRYYR,Intento suicida,DL,METHAGLST,0.00041125317104160757,HOW OLD WERE YOU THE LAST TIME USED METH,PRIOR SUBSTANCE USE,347
IRSUITRYYR,Intento suicida,DL,NMERTMT2,0.00040963492845185633,# OF TIMES BEEN TREATED IN EMER ROOM PAST 12 MOS,HEALTH,348
IRSUITRYYR,Intento suicida,DL,IRFAMSVC,0.00040658599510788596,FAM REC WELFARE/JOB PL/CHILDCARE - IMPUTATION REVISED,IMPUTED INCOME,349
IRSUITRYYR,Intento suicida,DL,FUCOC21,0.0004036477410700204,RC-FIRST USED COCAINE PRIOR TO AGE 21,RECODED DRUG USE,350
IRSUITRYYR,Intento suicida,DL,UADOTHM,0.0004019714213753364,RC-MOST RECENT ALCOHOL USE AT SOMEONE ELSE'S HOME,RECODED CONSUMPTION OF ALCOHOL,351
IRSUITRYYR,Intento suicida,DL,FUMETHAM21,0.00039993941574357485,RC-FIRST USED METHAMPHETAMINE PRIOR TO AGE 21,RECODED DRUG USE,352
IRSUITRYYR,Intento suicida,DL,MJVAPYR,0.00039903183863498307,RC-MARIJUANA VAPING - PAST YEAR USE,RECODED DRUG USE,353
IRSUITRYYR,Intento suicida,DL,CGRMDAYS,0.00039870348083786755,RC-# OF DAYS USED CIGARS IN PAST MONTH,RECODED DRUG USE,354
IRSUITRYYR,Intento suicida,DL,EDFAM18,0.0003964054521638888,RC-EDITED INDICATOR: FAMILY IN HH 18 OR OLDER,HOUSEHOLD COMPOSITION (ROSTER),355
IRSUITRYYR,Intento suicida,DL,DIFOBTLSD,0.0003953708473132866,RC-LSD FAIRLY OR VERY EASY TO OBTAIN,RECODED RISK/AVAILABILITY,356
IRSUITRYYR,Intento suicida,DL,ACTD9001,0.0003942171281669285,AUG 1990 TO AUG 2001 (INCLUDING PERSIAN GULF WAR),DEMOGRAPHICS,357
IRSUITRYYR,Intento suicida,DL,MRJYR,0.0003933735718019313,RC-MARIJUANA - PAST YEAR USE,RECODED DRUG USE,358
IRSUITRYYR,Intento suicida,DL,MILTSPPAR,0.0003916456820270997,SPOUSE OR PARTNER IN MILITARY,EDUCATION,359
IRSUITRYYR,Intento suicida,DL,TOBFLAG,0.00039098390083055964,RC-ANY TOBACCO - EVER USED,RECODED DRUG USE,360
IRSUITRYYR,Intento suicida,DL,RXBUPRMIS,0.00039006190840154943,RC-BUPRENORPHINE PRODUCTS - PAST YEAR MISUSE,RECODED DRUG USE,361
IRSUITRYYR,Intento suicida,DL,SEVYRTRQANY,0.00038997095823288004,"RC-TRANQUILIZER USE DISORDER SEVERITY, PY USERS",RECODED SUBSTANCE USE DISORDER,362
IRSUITRYYR,Intento suicida,DL,FUHALLUC21,0.0003884852062910826,RC-FIRST USED HALLUCINOGENS PRIOR TO AGE 21,RECODED DRUG USE,363
IRSUITRYYR,Intento suicida,DL,HLCLAST,0.00038446599966846407,TIME SINCE LAST HAD HEALTH CARE COVERAGE,HEALTH INSURANCE,364
IRSUITRYYR,Intento suicida,DL,METHMOLST,0.0003835313317831582,MONTH OF LAST METH USE - RECODE,PRIOR SUBSTANCE USE,365
IRSUITRYYR,Intento suicida,DL,SMKMOLAST,0.0003831686810590326,MONTH OF LAST SMOKELESS TOBACCO USE - RECODE,PRIOR SUBSTANCE USE,366
IRSUITRYYR,Intento suicida,DL,PIPFLAG,0.00038224054244346775,RC-PIPES - EVER USED,RECODED DRUG USE,367
IRSUITRYYR,Intento suicida,DL,RXALPRANY,0.00037954136473126733,RC-ALPRAZOLEM PRODUCTS - ANY PAST YEAR USE,RECODED DRUG USE,368
IRSUITRYYR,Intento suicida,DL,SYNMRJEVR,0.0003782199646811915,EVER USED SYNTHETIC MARIJUANA,EMERGING ISSUES,369
IRSUITRYYR,Intento suicida,DL,MJDABYR,0.0003765743393450968,"RC-MARIJUANA DABBING WAXES, SHATTER, OR CONC - PAST YEAR USE",RECODED DRUG USE,370
IRSUITRYYR,Intento suicida,DL,GRSKMRJWK,0.0003761182099115115,RC-GREAT RISK:  USE MARIJUANA 1-2 TIMES PER WEEK,RECODED RISK/AVAILABILITY,371
IRSUITRYYR,Intento suicida,DL,HALLUCFLAG,0.0003699337416328446,RC-HALLUCINOGENS - EVER USED,RECODED DRUG USE,372
IRSUITRYYR,Intento suicida,DL,HIVAIDSAG,0.00036726195784285486,AGE 1ST FOUND OUT HAD HIV/AIDS,HEALTH,373
IRSUITRYYR,Intento suicida,DL,PNRNMFLAG,0.0003666794793680289,RC-PAIN RELIEVERS - EVER MISUSED,RECODED DRUG USE,374
IRSUITRYYR,Intento suicida,DL,RXCLONANY,0.0003659533255267888,RC-CLONAZEP AM PRODUCTS - ANY PAST YEAR USE,RECODED DRUG USE,375
IRSUITRYYR,Intento suicida,DL,CATHYROID,0.0003637276431545591,TYPE OF CANCER: THYROID,HEALTH,376
IRSUITRYYR,Intento suicida,DL,UD5ILNALANY,0.00035730579372081654,"RC-DRUG USE DISORDER, NO ALC USE DISORDER - PAST YEAR USERS",RECODED SUBSTANCE USE DISORDER,377
IRSUITRYYR,Intento suicida,DL,KRATOMMON,0.00035575785930268386,RC-KRATOM - PAST MONTH USE,RECODED EMERGING ISSUES,378
IRSUITRYYR,Intento suicida,DL,PMNICDEP,0.0003554586854297656,NICOTINE DEPENDENCE IN PAST MONTH,NICOTINE DEPENDENCE,379
IRSUITRYYR,Intento suicida,DL,MRJMONVAP2,0.0003546668985268786,"RC-MRJ VAPE, MRJ USE BUT NOT VAPE, OR NO MRJ USE - PAST MON",RECODED DRUG USE,380
IRSUITRYYR,Intento suicida,DL,SYNSTMREC,0.0003541823760606369,TIME SINCE LAST USED SYNTHETIC STIMULANTS,EMERGING ISSUES,381
IRSUITRYYR,Intento suicida,DL,FLVVAPFLAG,0.00034901124937459534,RC-ONLY FLAVORING VAPING - EVER USED,RECODED EMERGING ISSUES,382
IRSUITRYYR,Intento suicida,DL,PIPMON,0.0003478917670436227,RC-PIPES - PAST MONTH USE,RECODED DRUG USE,383
IRSUITRYYR,Intento suicida,DL,DRVINCOCN,0.0003451566302683196,DROVE UNDER INFLU OF COCAINE PST 12 MOS,SPECIAL TOPICS,384
IRSUITRYYR,Intento suicida,DL,PSYANYFLAG2,0.00034410005295649164,RC-ANY PSYCHOTHERAPEUTICS - EVER USED,RECODED DRUG USE,385
IRSUITRYYR,Intento suicida,DL,CABREAST,0.00034390712995082117,TYPE OF CANCER: BREAST,HEALTH,386
IRSUITRYYR,Intento suicida,DL,IRWELMOS,0.00034348295355448726,NO OF MONTHS ON WELFARE - IMPUTATION REVISED,IMPUTED INCOME,387
IRSUITRYYR,Intento suicida,DL,BKOTH,0.00034080413822084823,ARRSTD & BOOKED FOR SOME OTHER OFF PAST 12 MOS,SPECIAL TOPICS,388
IRSUITRYYR,Intento suicida,DL,SRCPNRNM2,0.0003357346088159832,RC-SOURCE OF PAIN RELIEVERS FOR LAST MISUSE,RECODED DRUG USE,389
IRSUITRYYR,Intento suicida,DL,HERMLU,0.0003292886763811115,MONTH OF LAST HEROIN USE - RECODE,PRIOR SUBSTANCE USE,390
IRSUITRYYR,Intento suicida,DL,UADPEOP,0.00032852368927519914,RC-SOCIAL CONTEXT OF MOST RECENT ALCOHOL USE,RECODED CONSUMPTION OF ALCOHOL,391
IRSUITRYYR,Intento suicida,DL,KRATEVER,0.00032544496003538234,EVER USED KRATOM,EMERGING ISSUES,392
IRSUITRYYR,Intento suicida,DL,PNRNDAYPM,0.0003187186229042699,RC-# OF DAYS MISUSED PAIN RELIEVERS IN PAST MONTH,RECODED DRUG USE,393
IRSUITRYYR,Intento suicida,DL,RXAMPHANY,0.0003186865351162857,RC-AMPHETAMINE - ANY PAST YEAR USE,RECODED DRUG USE,394
IRSUITRYYR,Intento suicida,DL,NDSSDEPND,0.0003171223758254191,NICOTINE DEPENDENCE BASED ON NDSS SCORE,NICOTINE DEPENDENCE,395
IRSUITRYYR,Intento suicida,DL,UDYR5STMANY,0.0003164497986435907,"RC-STIMULANT USE DISORDER, PY USERS",RECODED SUBSTANCE USE DISORDER,396
IRSUITRYYR,Intento suicida,DL,SMKLSMDAYS,0.000316343527520076,RC-# OF DAYS USED SMOKELESS TOBACCO IN PAST MONTH,RECODED DRUG USE,397
IRSUITRYYR,Intento suicida,DL,IRKRATREC,0.00031583544914610685,KRATOM RECENCY - IMPUTATION REVISED,IMPUTED EMERGING ISSUES,398
IRSUITRYYR,Intento suicida,DL,PROB,0.00031290773442015166,RC-PROBATION STATUS IN THE PAST YEAR,RECODED SPECIAL TOPICS,399
IRSUITRYYR,Intento suicida,DL,CANCERYR,0.00031253378675319464,HAD ANY CANCER PAST 12 MONTHS,HEALTH,400
IRSUITRYYR,Intento suicida,DL,INHLYRLST,0.0003123209422919868,YEAR OF LAST INHALANT USE - RECODE,PRIOR SUBSTANCE USE,401
IRSUITRYYR,Intento suicida,DL,HERYLU,0.00030957708973437413,YEAR OF LAST HEROIN USE - RECODE,PRIOR SUBSTANCE USE,402
IRSUITRYYR,Intento suicida,DL,KRATOMFLAG,0.00030522469943389057,RC-KRATOM - EVER USED,RECODED EMERGING ISSUES,403
IRSUITRYYR,Intento suicida,DL,IRSYNMRJREC,0.00030507930717431104,SYNTHETIC MARIJUANA RECENCY - IMPUTATION REVISED,IMPUTED EMERGING ISSUES,404
IRSUITRYYR,Intento suicida,DL,MJCMOTHYR,0.00030354086961597166,RC-COMBINED OTHER MARIJUANA MODES - PAST YEAR USE,RECODED DRUG USE,405
IRSUITRYYR,Intento suicida,DL,CASURCVR,0.00030307165323756796,THINK IN RECOVERY FROM DRUG OR ALCOHOL PROBLEM,EMERGING ISSUES,406
IRSUITRYYR,Intento suicida,DL,PAROL,0.0003027985566295655,RC-PAROLE/SUPERVISED RELEASE STATUS IN THE PAST YEAR,RECODED SPECIAL TOPICS,407
IRSUITRYYR,Intento suicida,DL,TRQMAINRSN,0.0003011242086067817,RC-MAIN REASON FOR MISUSING TRANQUILIZERS LAST EPISODE,RECODED DRUG USE,408
IRSUITRYYR,Intento suicida,DL,ILLFLAG,0.00030022617319982683,RC-ANY ILLICIT DRUG - EVER USED,RECODED DRUG USE,409
IRSUITRYYR,Intento suicida,DL,INHLMOLST,0.0002935378146357873,MONTH OF LAST INHALANT USE - RECODE,PRIOR SUBSTANCE USE,410
IRSUITRYYR,Intento suicida,DL,HRTCONDYR,0.0002931230338290294,HAD HEART CONDITION PAST 12 MONTHS,HEALTH,411
IRSUITRYYR,Intento suicida,DL,LSDYLU,0.00029291310673579593,YEAR OF LAST LSD USE - RECODE,PRIOR SUBSTANCE USE,412
IRSUITRYYR,Intento suicida,DL,ILLEMMON2,0.0002920586338732395,RC-ILLICIT DRUG OTHER THAN MARIJUANA-PAST MONTH,RECODED DRUG USE,413
IRSUITRYYR,Intento suicida,DL,UD5CNSANY,0.00029143914184532856,RC-CNS STIMULANT USE DISORDER - PAST YEAR USERS,RECODED SUBSTANCE USE DISORDER,414
IRSUITRYYR,Intento suicida,DL,FUCGR21,0.00028925123205408463,RC-FIRST USED CIGARS PRIOR TO AGE 21,RECODED DRUG USE,415
IRSUITRYYR,Intento suicida,DL,NRCH17_2,0.00028828059369697957,RECODED # R's CHILDREN < 18 IN HOUSEHOLD,HOUSEHOLD COMPOSITION (ROSTER),416
IRSUITRYYR,Intento suicida,DL,COMBATPY,0.00028423251817003367,EVER IN COMBAT ZONE ON ACTIVE DUTY,DEMOGRAPHICS,417
IRSUITRYYR,Intento suicida,DL,UD5PSYANY,0.0002840521892067047,RC-PSYCHOTHERAPEUTIC USE DISORDER - PAST YEAR USERS,RECODED SUBSTANCE USE DISORDER,418
IRSUITRYYR,Intento suicida,DL,CALARYLUNG,0.0002839649857487514,TYPE OF CANCER: LARYNX/WINDPIPE/LUNG,HEALTH,419
IRSUITRYYR,Intento suicida,DL,UDYR5PNRANY2,0.0002834672019816939,"RC-PAIN RELIEVER USE DISORDER, PY USERS",RECODED SUBSTANCE USE DISORDER,420
IRSUITRYYR,Intento suicida,DL,CBDHMPMON,0.00027888783393427484,RC-CBD OR HEMP - PAST MONTH USE,RECODED DRUG USE,421
IRSUITRYYR,Intento suicida,DL,ILIMFOTHFG,0.000278567252753531,"RC-ILLICIT DRUG, IMF, OR OTHER SUB - EVER USED",RECODED EMERGING ISSUES,422
IRSUITRYYR,Intento suicida,DL,BNGDRMDAYS,0.0002731425332603979,RC-# OF DAYS BINGE USED ALCOHOL IN PAST MONTH,RECODED DRUG USE,423
IRSUITRYYR,Intento suicida,DL,HERAGLST,0.0002722316375002287,HOW OLD WERE YOU THE LAST TIME USED HEROIN,PRIOR SUBSTANCE USE,424
IRSUITRYYR,Intento suicida,DL,IRSEVSTMUNM,0.0002713067212607706,"STIMULANT USE DIS SEV, PY USERS BUT NOT MISUSERS - IMP REV",IMPUTED SUBSTANCE USE DISORDER,425
IRSUITRYYR,Intento suicida,DL,FLVVAPYR,0.000271144747966901,RC-ONLY FLAVORING VAPING - PAST YEAR USE,RECODED EMERGING ISSUES,426
IRSUITRYYR,Intento suicida,DL,DRVINALDRG,0.00026787739899009484,RC-DROVE UNDER INFLUENCE OF ALC OR SELECTED ILL DRG IN PY,RECODED SPECIAL TOPICS,427
IRSUITRYYR,Intento suicida,DL,AMYLNIEVER2,0.00026737927831709776,"RC-EVER INHALED AMYL NITRITE, ""POPPERS"", RUSH, ETC.",RECODED DRUG USE,428
IRSUITRYYR,Intento suicida,DL,IMFNDLEVER,0.0002654955061152581,EVER INJECTED ILLEGALLY MADE FENTANYL WITH NEEDLE,EMERGING ISSUES,429
IRSUITRYYR,Intento suicida,DL,HEPBCAGE,0.00026309245568700347,AGE HEPATITIS 1ST DIAGNOSED,HEALTH,430
IRSUITRYYR,Intento suicida,DL,BKSMASLT,0.0002576972527895152,ARRSTD & BOOKED FOR OTHER ASSAULT PAST 12 MONTHS,SPECIAL TOPICS,431
IRSUITRYYR,Intento suicida,DL,UADCAR,0.0002564204313128074,RC-MOST RECENT ALCOHOL USE IN A CAR,RECODED CONSUMPTION OF ALCOHOL,432
IRSUITRYYR,Intento suicida,DL,CIGMON,0.0002533033874351545,RC-CIGARETTES - PAST MONTH USE,RECODED DRUG USE,433
IRSUITRYYR,Intento suicida,DL,HEPBCEVER2,0.00025263604824431104,EVER TOLD HAD HEPATITIS B OR C,HEALTH,434
IRSUITRYYR,Intento suicida,DL,COCAGLST,0.00024903201730922084,HOW OLD WERE YOU THE LAST TIME USED COCAINE,PRIOR SUBSTANCE USE,435
IRSUITRYYR,Intento suicida,DL,EDUSCKEST,0.0002477856641635287,BEST ESTIMATE # DAYS MISSED BECAUSE SICK OR INURED,EDUCATION,436
IRSUITRYYR,Intento suicida,DL,SYNMRJREC,0.0002477022039238394,TIME SINCE LAST USED SYNTHETIC MARIJUANA,EMERGING ISSUES,437
IRSUITRYYR,Intento suicida,DL,NPCOLDFLAG,0.00024600223102606454,RC-NONPRESCRIPTION COUGH OR COLD MEDS - EVER USED,RECODED SPECIAL DRUGS,438
IRSUITRYYR,Intento suicida,DL,LSDFLAG,0.0002428544242866301,RC-LSD - EVER USED,RECODED DRUG USE,439
IRSUITRYYR,Intento suicida,DL,ALCYR,0.00024247064464077677,RC-ALCOHOL - PAST YEAR USE,RECODED DRUG USE,440
IRSUITRYYR,Intento suicida,DL,IRFAMPMT,0.00024094487982802228,FAM RECEIVE PUBLIC ASSIST - IMPUTATION REVISED,IMPUTED INCOME,441
IRSUITRYYR,Intento suicida,DL,AIRDUSEVER2,0.000238397532142699,RC-EVER USED COMPUTER CLEANER/AIR DUSTER TO GET HIGH,RECODED DRUG USE,442
IRSUITRYYR,Intento suicida,DL,IRFAMSSI,0.00023556494154036044,FAM RECEIVE SSI - IMPUTATION REVISED,IMPUTED INCOME,443
IRSUITRYYR,Intento suicida,DL,MJEATMON,0.00023509868606924944,RC-MARIJUANA EATING OR DRINKING - PAST MONTH USE,RECODED DRUG USE,444
IRSUITRYYR,Intento suicida,DL,HRTCONDEV2,0.00023504306748509563,EVER TOLD HAD HEART CONDITION,HEALTH,445
IRSUITRYYR,Intento suicida,DL,ILTOBALCYR,0.00023499657432518112,"RC-ILLICIT DRUG, TOBACCO PRD, OR ALCOHOL - PAST YEAR USE",RECODED DRUG USE,446
IRSUITRYYR,Intento suicida,DL,RXMRLXANY,0.00023438709648326034,RC-MUSCLE RELAXANTS - ANY PAST YEAR USE,RECODED DRUG USE,447
IRSUITRYYR,Intento suicida,DL,SRCCLFRTRQ,0.00023421784304082373,RC-COLLAPSED SOURCE OF FRND/REL TRANQLZRS FOR LAST MISUSE,RECODED DRUG USE,448
IRSUITRYYR,Intento suicida,DL,CIGAVGM,0.000234212111914531,RC-NUMBER OF CIGARETTES SMOKED PER USER IN PAST MONTH,RECODED DRUG USE,449
IRSUITRYYR,Intento suicida,DL,SVYRTQSDANY,0.00023234471213072456,"RC-TRANQUILIZER OR SEDATIVE USE DISORDER SEVERITY, PY USERS",RECODED SUBSTANCE USE DISORDER,450
IRSUITRYYR,Intento suicida,DL,SVYRTQSDUNM,0.00023212870815768948,"RC-TRANQ/SED USE DIS SEV, PY USERS/NOT MISUSERS ONLY",RECODED SUBSTANCE USE DISORDER,451
IRSUITRYYR,Intento suicida,DL,CAOTHER2,0.00023202938539907458,TYPE OF CANCER: OTHER,HEALTH,452
IRSUITRYYR,Intento suicida,DL,HLNVNEED,0.00023135835165157882,NEVER HAD HEALTH INSURANCE BECAUSE DON'T NEED IT,HEALTH INSURANCE,453
IRSUITRYYR,Intento suicida,DL,HALLYRLST,0.00023068537213839725,YEAR OF LAST HALLUCINOGEN USE - RECODE,PRIOR SUBSTANCE USE,454
IRSUITRYYR,Intento suicida,DL,FLVVAPEVR,0.0002293974480126068,EVER VAPED ONLY FLAVORING WITHOUT NICOTINE/SUBSTANCE,EMERGING ISSUES,455
IRSUITRYYR,Intento suicida,DL,CELLNOTCL,0.0002284679866561451,NOT A CELL PHONE,INCOME,456
IRSUITRYYR,Intento suicida,DL,CRKMLU,0.00022800680063665146,MONTH OF LAST CRACK USE - RECODE,PRIOR SUBSTANCE USE,457
IRSUITRYYR,Intento suicida,DL,ECSTMOMLU,0.00022763839527033147,MONTH OF LAST ECSTASY OR MOLLY USE - RECODE,PRIOR SUBSTANCE USE,458
IRSUITRYYR,Intento suicida,DL,RXMTHPANY,0.00022752686683088607,RC-METHYLPHENIDATE PRODUCTS - ANY PAST YEAR USE,RECODED DRUG USE,459
IRSUITRYYR,Intento suicida,DL,BKSRVIOL,0.00022713840962387656,ARRSTD & BOOKED SERIOUS VIOL OFFENSE PST 12 MOS,SPECIAL TOPICS,460
IRSUITRYYR,Intento suicida,DL,BKFRAUD,0.00022303232131525464,ARRSTD & BOOKED FOR FRAUD/STOL GOODS PAST 12 MOS,SPECIAL TOPICS,461
IRSUITRYYR,Intento suicida,DL,UADMONY,0.0002218531663529602,RC-UNDERAGE DRINKER PURCHASED MOST RECENT ALCOHOL,RECODED CONSUMPTION OF ALCOHOL,462
IRSUITRYYR,Intento suicida,DL,CAUTERUS,0.00021897763386368675,TYPE OF CANCER: UTERUS (FEMALES ONLY),HEALTH,463
IRSUITRYYR,Intento suicida,DL,HIGHBPAGE,0.0002166842825245119,AGE WHEN HIGH BLOOD PRESSURE 1ST DIAGNOSED,HEALTH,464
IRSUITRYYR,Intento suicida,DL,MJMTHYR,0.0002160645206458872,RC-MARIJUANA DRPS/STRPS/LZNGS/SPRYS IN MOUTH - PAST YEAR USE,RECODED DRUG USE,465
IRSUITRYYR,Intento suicida,DL,DRVINMARJ2,0.00021561787091195579,RC-DROVE UNDER INFLUENCE OF MARIJUANA IN PAST YEAR,RECODED SPECIAL TOPICS,466
IRSUITRYYR,Intento suicida,DL,OPINMMON2,0.00021500652679242254,RC-OPIOIDS (RX OPIOIDS OR HEROIN) - PAST MONTH MISUSE,RECODED DRUG USE,467
IRSUITRYYR,Intento suicida,DL,RXAMMEANY,0.00021448929770849666,RC-AMPHETAMINE OR METHYLPHENIDATE PRODS - ANY PAST YEAR USE,RECODED DRUG USE,468
IRSUITRYYR,Intento suicida,DL,SRCFRTRQNM,0.00021362318843603208,RC-SOURCE OF FRIEND/RELATIVE TRANQUILIZERS FOR LAST MISUSE,RECODED DRUG USE,469
IRSUITRYYR,Intento suicida,DL,ILTOBVAPALC,0.0002131495994981372,"RC-TOBACCO, NICOTINE VAPING, ALCOHOL, ILLICIT DRUG - PST MON",RECODED DRUG USE,470
IRSUITRYYR,Intento suicida,DL,GRSKBNGWK,0.00021236127009615523,RC-GREAT RISK:  HAVE 5+ ALC DRINKS 1-2 TIMES PER WEEK,RECODED RISK/AVAILABILITY,471
IRSUITRYYR,Intento suicida,DL,MJONLYMON2,0.0002097856034993112,RC-MARIJUANA ONLY - PAST MONTH USE,RECODED DRUG USE,472
IRSUITRYYR,Intento suicida,DL,CABLADDER,0.0002090016484726187,TYPE OF CANCER: BLADDER,HEALTH,473
IRSUITRYYR,Intento suicida,DL,HTINCHE2,0.00020894022588618222,HEIGHT IN INCHES WITHOUT SHOES - RECODE,HEALTH,474
IRSUITRYYR,Intento suicida,DL,BKDRVINF,0.00020631071971729476,ARRSTD & BOOKED FOR DUI PAST 12 MONTHS,SPECIAL TOPICS,475
IRSUITRYYR,Intento suicida,DL,ANYNEDFLAG,0.00020439905370585627,RC-EVER USED A NEEDLE TO INJECT DRUGS,RECODED EMERGING ISSUES,476
IRSUITRYYR,Intento suicida,DL,MILSTAT,0.00020415930426679913,CURRENT MILITARY STATUS,DEMOGRAPHICS,477
IRSUITRYYR,Intento suicida,DL,CATAG2,0.0002040528568904834,RC-AGE CATEGORY RECODE (3 LEVELS),RECODED DEMOGRAPHICS,478
IRSUITRYYR,Intento suicida,DL,BKSEXNR,0.00020381939248182267,ARRSTD & BOOKED SEX OFFENSE EXCL RAPE PST 12 MOS,SPECIAL TOPICS,479
IRSUITRYYR,Intento suicida,DL,RXCYCLANY,0.00020364162395708236,RC-CYCLOBENZAPRINE PRODUCTS - ANY PAST YEAR USE,RECODED DRUG USE,480
IRSUITRYYR,Intento suicida,DL,DRVINMETH,0.00020266733039170343,DROVE UNDER INFLU OF METHAMPHETAMINE PAST 12 MOS,SPECIAL TOPICS,481
IRSUITRYYR,Intento suicida,DL,CAMOUTTHRO,0.00020239505427889465,TYPE OF CANCER: MOUTH/TONGUE/LIP/THROAT/PHARYNX,HEALTH,482
IRSUITRYYR,Intento suicida,DL,UADPUBL,0.00020209189472370908,"RC-MOST RECENT ALCOHOL USE AT A PARK, BEACH, OR LOT",RECODED CONSUMPTION OF ALCOHOL,483
IRSUITRYYR,Intento suicida,DL,PROBATON,0.00020174613362178406,ON PROBATION AT ANY TIME PAST 12 MONTHS,SPECIAL TOPICS,484
IRSUITRYYR,Intento suicida,DL,UADROTH,0.00020125542067619796,RC-MOST RECENT ALCOHOL USE AT SOME OTHER PLACE,RECODED CONSUMPTION OF ALCOHOL,485
IRSUITRYYR,Intento suicida,DL,CABLOLEULYM,0.00019971010787412312,TYPE OF CANCER: BLOOD/LEUKEMIA/LYMPHOMA,HEALTH,486
IRSUITRYYR,Intento suicida,DL,CAKIDNEY,0.00019865398597903455,TYPE OF CANCER: KIDNEY,HEALTH,487
IRSUITRYYR,Intento suicida,DL,RXOXCOANY2,0.00019807996810414065,RC-OXYCODONE PRODUCTS - ANY PAST YEAR USE,RECODED DRUG USE,488
IRSUITRYYR,Intento suicida,DL,CACERVIX,0.00019787680613808146,TYPE OF CANCER: CERVIX (FEMALES ONLY),HEALTH,489
IRSUITRYYR,Intento suicida,DL,BKBURGL,0.00019767873059026996,ARRSTD & BOOKED FOR BURGLARY/B & E PAST 12 MOS,SPECIAL TOPICS,490
IRSUITRYYR,Intento suicida,DL,PNRNMMON,0.00019696028786711452,RC-PAIN RELIEVERS - PAST MONTH MISUSE,RECODED DRUG USE,491
IRSUITRYYR,Intento suicida,DL,FPIMFANYYR2,0.00019307814887724873,RC-FENTANYL PRODUCTS INCLUDING IMF - ANY PAST YEAR USE,RECODED EMERGING ISSUES,492
IRSUITRYYR,Intento suicida,DL,SVYRCNSANY,0.00019304967322386735,"RC-CNS STIMULANT USE DISORDER SEVERITY, PY USERS",RECODED SUBSTANCE USE DISORDER,493
IRSUITRYYR,Intento suicida,DL,ILIMFOTHMN,0.00019228583119844627,"RC-ILLICIT DRUG, IMF, OR OTHER SUB - PAST MONTH USE",RECODED EMERGING ISSUES,494
IRSUITRYYR,Intento suicida,DL,UD5TRQSDGRP,0.0001913760732859396,"RC-TRQ/STM USE DISORDER - PY USE, MISUSE, USE/NOT MISUSE",RECODED SUBSTANCE USE DISORDER,495
IRSUITRYYR,Intento suicida,DL,PSYCHMON,0.00018854113435372522,RC-ANY PSYCHOTHERAPEUTICS - PAST MONTH MISUSE,RECODED DRUG USE,496
IRSUITRYYR,Intento suicida,DL,CACOLNRECT,0.00018844966823235192,TYPE OF CANCER: COLON/RECTUM,HEALTH,497
IRSUITRYYR,Intento suicida,DL,UD5TRQSDANY,0.00018742722948081992,RC-TRANQUILIZER OR SEDATIVE USE DISORDER - PAST YEAR USERS,RECODED SUBSTANCE USE DISORDER,498
IRSUITRYYR,Intento suicida,DL,FTNDDEPND,0.0001863468175288316,NICOTINE DEPENDENCE BASED ON FTND SCALE,NICOTINE DEPENDENCE,499
IRSUITRYYR,Intento suicida,DL,UADPAID,0.00018529469635006652,RC-UNDERAGE DRINKER PAID FOR MOST RECENT ALCOHOL,RECODED CONSUMPTION OF ALCOHOL,500
IRSUITRYYR,Intento suicida,DL,BMI2,0.0001830565866548553,RC-BODY MASS INDEX (BMI),RECODED HEALTH,501
IRSUITRYYR,Intento suicida,DL,ACTDEVER,0.0001827486499678338,EVER ON ACTIVE DUTY IN US MILITARY/RESERV,DEMOGRAPHICS,502
IRSUITRYYR,Intento suicida,DL,CIRROSAGE,0.00017933510988950936,AGE CIRRHOSIS 1ST DIAGNOSED,HEALTH,503
IRSUITRYYR,Intento suicida,DL,FUCRK21,0.00017888905666768484,RC-FIRST USED CRACK PRIOR TO AGE 21,RECODED DRUG USE,504
IRSUITRYYR,Intento suicida,DL,HLNVCOST,0.000178617761004721,NEVER HAD HEALTH INSURANCE BECAUSE COST TOO HIGH,HEALTH INSURANCE,505
IRSUITRYYR,Intento suicida,DL,HERFLAG,0.0001764356493949909,RC-HEROIN - EVER USED,RECODED DRUG USE,506
IRSUITRYYR,Intento suicida,DL,CRKAGLST,0.00017433600034564455,HOW OLD WERE YOU THE LAST TIME USED CRACK,PRIOR SUBSTANCE USE,507
IRSUITRYYR,Intento suicida,DL,SRCCLFRPNR,0.00017419258877635264,RC-COLLAPSED SOURCE OF FRND/REL PAIN RLVRS FOR LAST MISUSE,RECODED DRUG USE,508
IRSUITRYYR,Intento suicida,DL,FUHALLUC18,0.00017316128290258582,RC-FIRST USED HALLUCINOGENS PRIOR TO AGE 18,RECODED DRUG USE,509
IRSUITRYYR,Intento suicida,DL,LSDMLU,0.00017215997586026905,MONTH OF LAST LSD USE - RECODE,PRIOR SUBSTANCE USE,510
IRSUITRYYR,Intento suicida,DL,COCYRBFR,0.00017113324557431115,HAVE ANY FORM OF COCAINE IN YEAR BEFORE LAST,PRIOR SUBSTANCE USE,511
IRSUITRYYR,Intento suicida,DL,RXLORAANY,0.00016992224473506178,RC-LORAZEPAM PRODUCTS - ANY PAST YEAR USE,RECODED DRUG USE,512
IRSUITRYYR,Intento suicida,DL,INHNDAYYR2,0.00016944257146678883,RC-# OF DAYS USED INHALANTS IN PAST YEAR,RECODED DRUG USE,513
IRSUITRYYR,Intento suicida,DL,ILLORALC,0.00016891541698550088,RC-ILLICIT DRUG OR ALCOHOL USE - PAST YEAR USE,RECODED DRUG USE,514
IRSUITRYYR,Intento suicida,DL,PNRMAINRSN,0.00016696658544242766,RC-MAIN REASON FOR MISUSING PAIN RELIEVERS LAST EPISODE,RECODED DRUG USE,515
IRSUITRYYR,Intento suicida,DL,ANYNDLREC,0.00016594566986896292,RC-MOST RECENT USE OF ANY DRUG WITH A NEEDLE,RECODED SPECIAL DRUGS,516
IRSUITRYYR,Intento suicida,DL,RXBUPRANY2,0.00016555906552821213,RC-BUPRENORPHINE PRODUCTS - ANY PAST YEAR USE,RECODED DRUG USE,517
IRSUITRYYR,Intento suicida,DL,BZOANYYR,0.0001637953778263168,RC - ANY BENZODIAZEPINES - PAST YEAR USE,RECODED DRUG USE,518
IRSUITRYYR,Intento suicida,DL,OTHRTRQANY,0.0001635210425592959,RC-OTHER TRANQUILIZER- ANY PAST YEAR USE,RECODED DRUG USE,519
IRSUITRYYR,Intento suicida,DL,RXBZOTMIS,0.00016289098002016556,RC-BENZODIAZEPINE TRANQUILIZERS - PAST YEAR MISUSE,RECODED DRUG USE,520
IRSUITRYYR,Intento suicida,DL,LSDAGLST,0.00016244651610031356,HOW OLD WERE YOU THE LAST TIME USED LSD,PRIOR SUBSTANCE USE,521
IRSUITRYYR,Intento suicida,DL,WRKRSNNOT,0.0001607709540985494,REASON FOR NOT WORKING AT JOB - PAST WK,EMPLOYMENT,522
IRSUITRYYR,Intento suicida,DL,METHYRLST,0.0001577957456465831,YEAR OF LAST METHAMPHETAMINE USE - RECODE,PRIOR SUBSTANCE USE,523
IRSUITRYYR,Intento suicida,DL,SYNMRJYR,0.000155360748758539,RC-SYNTHETIC MARIJUANA - PAST YEAR USE,RECODED EMERGING ISSUES,524
IRSUITRYYR,Intento suicida,DL,SEVYRPNRANY2,0.00015528574283234814,"RC-PAIN RELIEVER USE DISORDER SEVERITY, PY USERS",RECODED SUBSTANCE USE DISORDER,525
IRSUITRYYR,Intento suicida,DL,FULSD18,0.00015202232776209774,RC-FIRST USED LSD PRIOR TO AGE 18,RECODED DRUG USE,526
IRSUITRYYR,Intento suicida,DL,RXTRIAANY,0.0001513354864437136,RC-TRIAZOLAM PRODUCTS - ANY PAST YEAR USE,RECODED DRUG USE,527
IRSUITRYYR,Intento suicida,DL,UD5IEMANY,0.00015116718225180735,RC-DRUG OTHER THAN MRJ USE DISORDER - PAST YEAR USERS,RECODED SUBSTANCE USE DISORDER,528
IRSUITRYYR,Intento suicida,DL,HLNVSOR,0.00014991427469067202,NEVER HAD HEALTH INSURANCE BECAUSE OF SOME OTHER REASON,HEALTH INSURANCE,529
IRSUITRYYR,Intento suicida,DL,BKARSON,0.00014978622971102473,ARRSTD & BOOKED FOR ARSON PAST 12 MONTHS,SPECIAL TOPICS,530
IRSUITRYYR,Intento suicida,DL,CAGALLIVPAN,0.0001497782284859553,TYPE OF CANCER: GALLBLADDER/LIVER/PANCREAS,HEALTH,531
IRSUITRYYR,Intento suicida,DL,TQSDNMFLAG,0.00014897562609985371,RC-TRANQUILIZERS OR SEDATIVES - EVER MISUSED,RECODED DRUG USE,532
IRSUITRYYR,Intento suicida,DL,KIDNYDSEV2,0.00014855927624739696,EVER TOLD HAD KIDNEY DISEASE,HEALTH,533
IRSUITRYYR,Intento suicida,DL,SYNSTMEVR,0.00014820655528456072,EVER USED SYNTHETIC STIMULANTS,EMERGING ISSUES,534
IRSUITRYYR,Intento suicida,DL,NOOPPRANYYR,0.00014817595016211298,RC-NONOPIOID PRESCRIPTION PNR - ANY PAST YEAR USE,RECODED DRUG USE,535
IRSUITRYYR,Intento suicida,DL,CASKINDK,0.0001477142374496912,TYPE OF CANCER: SKIN DON'T KNOW WHICH KIND,HEALTH,536
IRSUITRYYR,Intento suicida,DL,UADSCHL,0.00014360026187199476,RC-MOST RECENT ALCOHOL USE AT SCHOOL,RECODED CONSUMPTION OF ALCOHOL,537
IRSUITRYYR,Intento suicida,DL,SYNMRJFLAG,0.0001435674522072064,RC-SYNTHETIC MARIJUANA - EVER USED,RECODED EMERGING ISSUES,538
IRSUITRYYR,Intento suicida,DL,SRCFRPNRNM,0.00014253567298874143,RC-SOURCE OF FRIEND/RELATIVE PAIN RELIEVERS FOR LAST MISUSE,RECODED DRUG USE,539
IRSUITRYYR,Intento suicida,DL,FUINHAL212,0.00014043188979849213,RC-FIRST USED INHALANTS PRIOR TO AGE 21,RECODED DRUG USE,540
IRSUITRYYR,Intento suicida,DL,HLNVOFFR,0.0001395242218859477,NEVER HAD HEALTH INSURANCE BECAUSE EMPLOYER DOESN'T OFFER,HEALTH INSURANCE,541
IRSUITRYYR,Intento suicida,DL,CGRMON,0.0001381442761048679,RC-CIGARS - PAST MONTH USE,RECODED DRUG USE,542
IRSUITRYYR,Intento suicida,DL,SVYRCNSUNM,0.00013759772712364866,"RC-CNS STIM USE DIS SEV, PY STM USERS/ NOT MISUSERS ONLY",RECODED SUBSTANCE USE DISORDER,543
IRSUITRYYR,Intento suicida,DL,IRSEVTRQUNM,0.00013705880753695914,"TRANQUILIZER USE DIS SEV, PY USERS BUT NOT MISUSERS-IMP REV",IMPUTED SUBSTANCE USE DISORDER,544
IRSUITRYYR,Intento suicida,DL,NMVSOEST,0.00013588304724544364,# TIMES VISITED DR ABOUT OWN HEALTH PST YR,HEALTH,545
IRSUITRYYR,Intento suicida,DL,GRSKCOCWK,0.00013474628049880145,RC-GREAT RISK:  USE COCAINE 1-2 TIMES PER WEEK,RECODED RISK/AVAILABILITY,546
IRSUITRYYR,Intento suicida,DL,UDYR5OPPRANY,0.00013408375042490956,"RC-RX OPIOID USE DISORDER, PY USERS",RECODED SUBSTANCE USE DISORDER,547
IRSUITRYYR,Intento suicida,DL,BKDRUG,0.00013337243278511158,ARRSTD & BOOKED FOR POSSES/SALE DRUGS PAST 12 MOS,SPECIAL TOPICS,548
IRSUITRYYR,Intento suicida,DL,CBDHMPYR,0.0001330454049188476,RC-CBD OR HEMP - PAST YEAR USE,RECODED DRUG USE,549
IRSUITRYYR,Intento suicida,DL,SMKLSSMON,0.0001328069779556243,RC-SMOKELESS TOBACCO - PAST MONTH USE,RECODED DRUG USE,550
IRSUITRYYR,Intento suicida,DL,OPIIMFNMMN2,0.00012881161295809075,RC-OPIOIDS (RX OPIOIDS OR HER) INCLUDING IMF - PST MO MISUSE,RECODED EMERGING ISSUES,551
IRSUITRYYR,Intento suicida,DL,IRPYUD5MRJ,0.00012845546795874213,MARIJUANA USE DISORDER IN THE PAST YEAR - IMP REV,IMPUTED SUBSTANCE USE DISORDER,552
IRSUITRYYR,Intento suicida,DL,UD5CNSGRP,0.00012692239601165222,"RC-CNS STM USE DISORDER - PY USE, MISUSE, USE/NOT MISUSE",RECODED SUBSTANCE USE DISORDER,553
IRSUITRYYR,Intento suicida,DL,KRATOMYR,0.00012550375657156054,RC-KRATOM - PAST YEAR USE,RECODED EMERGING ISSUES,554
IRSUITRYYR,Intento suicida,DL,PSILCYYR,0.00012406381918117327,RC-PSILOCYBIN - PAST YEAR USE,RECODED DRUG USE,555
IRSUITRYYR,Intento suicida,DL,TRQNMYR,0.00012396292248740366,RC-TRANQUILIZERS - PAST YEAR MISUSE,RECODED DRUG USE,556
IRSUITRYYR,Intento suicida,DL,IMFFLAG,0.0001236201715655627,RC-ILLEGALLY MADE FENTANYL - EVER USED,RECODED EMERGING ISSUES,557
IRSUITRYYR,Intento suicida,DL,RXCODEMIS,0.00012350331922061754,RC-CODEINE PRODUCTS - PAST YEAR MISUSE,RECODED DRUG USE,558
IRSUITRYYR,Intento suicida,DL,HALLUCYR,0.00011971889669075669,RC-HALLUCINOGENS - PAST YEAR USE,RECODED DRUG USE,559
IRSUITRYYR,Intento suicida,DL,IRSEVPNRMIS,0.0001194810457527623,"PAIN RELIEVER USE DISORDER SEVERITY, PY MISUSERS - IMP REV",IMPUTED SUBSTANCE USE DISORDER,560
IRSUITRYYR,Intento suicida,DL,UD5HROPANY,0.00011894723353907482,RC-HEROIN/RX OPIOID USE DISORDER - PAST YEAR USERS,RECODED SUBSTANCE USE DISORDER,561
IRSUITRYYR,Intento suicida,DL,DRVINDRG,0.0001180862216278919,RC-DROVE UNDER INFLUENCE OF SELECTED ILL DRUGS IN PAST YR,RECODED SPECIAL TOPICS,562
IRSUITRYYR,Intento suicida,DL,INHALYR2,0.00011743876431137307,RC-INHALANTS - PAST YEAR USE,RECODED DRUG USE,563
IRSUITRYYR,Intento suicida,DL,SRCTRQNM2,0.00011733382241800067,RC-SOURCE OF TRANQUILIZERS FOR LAST MISUSE,RECODED DRUG USE,564
IRSUITRYYR,Intento suicida,DL,BKLARCNY,0.00011714147077873271,ARRSTD & BOOKED FOR LARCENY/THEFT PAST 12 MONTHS,SPECIAL TOPICS,565
IRSUITRYYR,Intento suicida,DL,CAOVARY,0.0001159127491991982,TYPE OF CANCER: OVARY (FEMALES ONLY),HEALTH,566
IRSUITRYYR,Intento suicida,DL,CAESOPSTOM,0.00011564497440122196,TYPE OF CANCER: ESOPHAGUS/STOMACH,HEALTH,567
IRSUITRYYR,Intento suicida,DL,RXMTDNANY2,0.00011476736282929723,RC-METHADONE PRODUCTS - ANY PAST YEAR USE,RECODED DRUG USE,568
IRSUITRYYR,Intento suicida,DL,CGRYR,0.00011401833361014773,RC-CIGARS - PAST YEAR USE,RECODED DRUG USE,569
IRSUITRYYR,Intento suicida,DL,FUECSTMO21,0.00011357532930560355,RC-FIRST USED ECSTASY PRIOR TO AGE 21,RECODED DRUG USE,570
IRSUITRYYR,Intento suicida,DL,MJONLYYR2,0.00011354372401990637,RC-MARIJUANA ONLY - PAST YEAR USE,RECODED DRUG USE,571
IRSUITRYYR,Intento suicida,DL,UD5OPIGRP,0.00011298204166814735,"RC-OPIOID USE DISORDER - PY USE, MISUSE, USE/NOT MISUSE",RECODED SUBSTANCE USE DISORDER,572
IRSUITRYYR,Intento suicida,DL,CASKINOTH,0.00011110170488245947,TYPE OF CANCER: SKIN (NOT MELANOMA),HEALTH,573
IRSUITRYYR,Intento suicida,DL,SEVYRSTMANY,0.00010970511613413946,"RC-STIMULANT USE DISORDER SEVERITY, PY USERS",RECODED SUBSTANCE USE DISORDER,574
IRSUITRYYR,Intento suicida,DL,RXBARBANY,0.00010742189409211262,RC-BARBITUATES - ANY PAST YEAR USE,RECODED DRUG USE,575
IRSUITRYYR,Intento suicida,DL,CIRROSEVR2,0.00010714691434986962,EVER TOLD HAD CIRRHOSIS OF THE LIVER,HEALTH,576
IRSUITRYYR,Intento suicida,DL,MJMTHMON,0.00010689464397728416,RC-MARIJUANA DRPS/STRPS/LZNGS/SPRYS IN MOUTH-PAST MONTH USE,RECODED DRUG USE,577
IRSUITRYYR,Intento suicida,DL,ALCMON,0.00010481814934321626,RC-ALCOHOL - PAST MONTH USE,RECODED DRUG USE,578
IRSUITRYYR,Intento suicida,DL,UD5OPIANY2,0.00010336565086617816,RC-OPIOID (RX OPI OR HEROIN) USE DISORDER - PAST YEAR USERS,RECODED SUBSTANCE USE DISORDER,579
IRSUITRYYR,Intento suicida,DL,CAMELANOM,0.00010106030828319624,TYPE OF CANCER: MELANOMA,HEALTH,580
IRSUITRYYR,Intento suicida,DL,ANYNEDYR,0.00010082282312214446,RC- USED A NEEDLE TO INJECT DRUGS - PAST YEAR,RECODED EMERGING ISSUES,581
IRSUITRYYR,Intento suicida,DL,IRUD5STMUNM,0.00010057748574763769,"STIMULANT USE DISORDER, PY USERS BUT NOT MISUSERS - IMP REV",IMPUTED SUBSTANCE USE DISORDER,582
IRSUITRYYR,Intento suicida,DL,IRSEVSEDUNM,9.616694902069872e-05,"SEDATIVE USE DIS SEV, PY USERS BUT NOT MISUSERS - IMP REV",IMPUTED SUBSTANCE USE DISORDER,583
IRSUITRYYR,Intento suicida,DL,IRFAMSOC,9.537470731918296e-05,FAM RECEIVE SS OR RR PAYMENTS - IMPUTATION REVISED,IMPUTED INCOME,584
IRSUITRYYR,Intento suicida,DL,IMFEVER,9.490288165398069e-05,EVER USED ILLEGALLY MADE FENTANYL,EMERGING ISSUES,585
IRSUITRYYR,Intento suicida,DL,FUCOC18,9.40687207039459e-05,RC-FIRST USED COCAINE PRIOR TO AGE 18,RECODED DRUG USE,586
IRSUITRYYR,Intento suicida,DL,GLUEEVER2,9.398602880537565e-05,"RC-EVER INHALED GLUE, SHOE POLISH, OR TOLUENE",RECODED DRUG USE,587
IRSUITRYYR,Intento suicida,DL,MJCMOTHMON,9.286071569658883e-05,RC-COMBINED OTHER MARIJUANA MODES - PAST MONTH USE,RECODED DRUG USE,588
IRSUITRYYR,Intento suicida,DL,CNSANYYR,9.223344037309289e-05,RC-ANY CENTRAL NERVOUS SYSTEM STIMULANTS - PAST YEAR USE,RECODED DRUG USE,589
IRSUITRYYR,Intento suicida,DL,IRUD5TRQUNM,8.985744044184562e-05,"TRANQUILIZER USE DISORDER, PY USERS BUT NOT MISUSERS-IMP REV",IMPUTED SUBSTANCE USE DISORDER,590
IRSUITRYYR,Intento suicida,DL,SYNSTMMON,8.923939662054209e-05,RC-SYNTHETIC STIMULANTS - PAST MONTH USE,RECODED EMERGING ISSUES,591
IRSUITRYYR,Intento suicida,DL,MJDABMON,8.858654787763932e-05,"RC-MARIJUANA DABBING WAXES, SHATTER, OR CONC-PAST MONTH USE",RECODED DRUG USE,592
IRSUITRYYR,Intento suicida,DL,IMFYR,8.837773068808008e-05,RC-ILLEGALLY MADE FENTANYL - PAST YEAR USE,RECODED EMERGING ISSUES,593
IRSUITRYYR,Intento suicida,DL,UADCAG,8.757898196538438e-05,RC-WHO PURCHASED UNDERAGE DRINKER MOST RECENT ALCOHOL,RECODED CONSUMPTION OF ALCOHOL,594
IRSUITRYYR,Intento suicida,DL,METHAMFLAG,8.668376971036368e-05,RC-METHAMPHETAMINE - EVER USED,RECODED DRUG USE,595
IRSUITRYYR,Intento suicida,DL,RXHYDMANY2,8.597396500408666e-05,RC-HYDROMORPHONE PRODUCTS - ANY PAST YEAR USE,RECODED DRUG USE,596
IRSUITRYYR,Intento suicida,DL,HLNVREF,8.457853808067878e-05,NEVER HAD HEALTH INSURANCE BC INS COMPANY REFUSED COVERAGE,HEALTH INSURANCE,597
IRSUITRYYR,Intento suicida,DL,MJVAPMON,8.341618999839012e-05,RC-MARIJUANA VAPING - PAST MONTH USE,RECODED DRUG USE,598
IRSUITRYYR,Intento suicida,DL,DAMTFXYR,8.214075886644411e-05,RC-DMT/AMT/FOXY - PAST YEAR USE,RECODED DRUG USE,599
IRSUITRYYR,Intento suicida,DL,MJSKNYR,8.208023384213365e-05,RC-MARIJUANA LOTION/CREAM/PATCH TO SKIN - PAST YEAR USE,RECODED DRUG USE,600
IRSUITRYYR,Intento suicida,DL,BKROB,7.859996310435103e-05,ARRSTD & BOOKED FOR ROBBERY PAST 12 MONTHS,SPECIAL TOPICS,601
IRSUITRYYR,Intento suicida,DL,FUCRK18,7.80089925974603e-05,RC-FIRST USED CRACK PRIOR TO AGE 18,RECODED DRUG USE,602
IRSUITRYYR,Intento suicida,DL,SALVIAFLAG,7.783641549758385e-05,RC-SALVIA - EVER USED,RECODED DRUG USE,603
IRSUITRYYR,Intento suicida,DL,HALLNDAYYR,7.666361262090554e-05,RC-# OF DAYS USED HALLUCINOGENS IN PAST YEAR,RECODED DRUG USE,604
IRSUITRYYR,Intento suicida,DL,FUECSTMO18,7.440937124192915e-05,RC-FIRST USED ECSTASY PRIOR TO AGE 18,RECODED DRUG USE,605
IRSUITRYYR,Intento suicida,DL,MJSKNMON,7.385199167765726e-05,RC-MARIJUANA LOTION/CREAM/PATCH TO SKIN - PAST MONTH USE,RECODED DRUG USE,606
IRSUITRYYR,Intento suicida,DL,FLTMRKEVER2,7.215098617598448e-05,RC-EVER USED FELT-TIP PENS/MARKERS TO GET HIGH,RECODED DRUG USE,607
IRSUITRYYR,Intento suicida,DL,UADFRD,7.096466817893083e-05,"RC-MOST RECENT ALCOHOL FROM FRIEND, UNSPEC AGE/METHOD",RECODED CONSUMPTION OF ALCOHOL,608
IRSUITRYYR,Intento suicida,DL,CDCGMO,7.094309641979657e-05,RC-EVER USED CIG DAILY AND PAST MONTH CIG USE,RECODED DRUG USE,609
IRSUITRYYR,Intento suicida,DL,HVYDRKMON,6.946023064665102e-05,RC-HEAVY ALCOHOL USE PAST 30 DAYS,RECODED DRUG USE,610
IRSUITRYYR,Intento suicida,DL,FLVVAPMON,6.938646873459186e-05,RC-ONLY FLAVORING VAPING - PAST MONTH USE,RECODED EMERGING ISSUES,611
IRSUITRYYR,Intento suicida,DL,DRVINHERN,6.920062564313378e-05,DROVE UNDER INFLUENCE OF HEROIN PAST 12 MOS,SPECIAL TOPICS,612
IRSUITRYYR,Intento suicida,DL,UDYR5TRQANY,6.876033823936978e-05,"RC-TRANQUILIZER USE DISORDER, PY USERS",RECODED SUBSTANCE USE DISORDER,613
IRSUITRYYR,Intento suicida,DL,MJPLLYR,6.687306310050184e-05,RC-MARIJUANA PILLS - PAST YEAR USE,RECODED DRUG USE,614
IRSUITRYYR,Intento suicida,DL,IRPYSEV5HAL,6.639486388303333e-05,HALLUCINOGEN USE DISORDER SEVERITY IN THE PAST YR - IMP REV,IMPUTED SUBSTANCE USE DISORDER,615
IRSUITRYYR,Intento suicida,DL,FPIMFNMYR,6.403805385343714e-05,RC-FENTANYL PRODUCTS INCLUDING IMF - PAST YEAR MISUSE,RECODED EMERGING ISSUES,616
IRSUITRYYR,Intento suicida,DL,FUMETHAM18,6.376568367704726e-05,RC-FIRST USED METHAMPHETAMINE PRIOR TO AGE 18,RECODED DRUG USE,617
IRSUITRYYR,Intento suicida,DL,FUNICVAP18,6.374581395782342e-05,RC-FIRST VAPED NICOTINE PRIOR TO AGE 18,RECODED DRUG USE,618
IRSUITRYYR,Intento suicida,DL,RXCLONMIS,6.197955086827245e-05,RC-CLONAZEPAM PRODUCTS - PAST YEAR MISUSE,RECODED DRUG USE,619
IRSUITRYYR,Intento suicida,DL,PCPMLU,6.173547310754673e-05,MONTH OF LAST PCP USE - RECODE,PRIOR SUBSTANCE USE,620
IRSUITRYYR,Intento suicida,DL,DAMTFXFLAG,6.1465416103601e-05,RC-DMT/AMT/FOXY - EVER USED,RECODED DRUG USE,621
IRSUITRYYR,Intento suicida,DL,SEVYRSEDANY,5.950759421102708e-05,"RC-SEDATIVE USE DISORDER SEVERITY, PY USERS",RECODED SUBSTANCE USE DISORDER,622
IRSUITRYYR,Intento suicida,DL,RXZOLPANY,5.8946199249476084e-05,RC-ZOLPIDEM PRODUCTS - ANY PAST YEAR USE,RECODED DRUG USE,623
IRSUITRYYR,Intento suicida,DL,RXOPPRNMMON,5.892823589965762e-05,RC-PRESCRIPTION OPIOIDS - PAST MONTH MISUSE,RECODED DRUG USE,624
IRSUITRYYR,Intento suicida,DL,SYNSTMYR,5.75705266091972e-05,RC-SYNTHETIC STIMULANTS - PAST YEAR USE,RECODED EMERGING ISSUES,625
IRSUITRYYR,Intento suicida,DL,RXOXYMANY2,5.723501951433674e-05,RC-OXYMORPHONE PRODUCTS - ANY PAST YEAR USE,RECODED DRUG USE,626
IRSUITRYYR,Intento suicida,DL,RXALPRMIS,5.700603802688414e-05,RC-ALPRAZOLEM PRODUCTS - PAST YEAR MISUSE,RECODED DRUG USE,627
IRSUITRYYR,Intento suicida,DL,SVYROPIMIS,5.696550197899108e-05,"RC-OPIOID USE DISORDER SEVERITY, PY MISUSERS",RECODED SUBSTANCE USE DISORDER,628
IRSUITRYYR,Intento suicida,DL,BZONMYR,5.6728343479334476e-05,RC - ANY BENZODIAZEPINES - PAST YEAR MISUSE,RECODED DRUG USE,629
IRSUITRYYR,Intento suicida,DL,ETHEREVER2,5.6228999514132686e-05,"RC-EVER INHALED HALOTHANE, ETHER, OR OTHER ANESTHETIC",RECODED DRUG USE,630
IRSUITRYYR,Intento suicida,DL,IMFNEDFLAG,5.593856074847303e-05,RC-EVER USED A NEEDLE TO INJECT IMF,RECODED EMERGING ISSUES,631
IRSUITRYYR,Intento suicida,DL,PCPYLU,5.589730152860323e-05,YEAR OF LAST PCP USE - RECODE,PRIOR SUBSTANCE USE,632
IRSUITRYYR,Intento suicida,DL,CAPROSTEST,5.5333842756229155e-05,TYPE OF CANCER: PROSTATE/TESTIS (MALES ONLY),HEALTH,633
IRSUITRYYR,Intento suicida,DL,MJPLLMON,5.532056279480474e-05,RC-MARIJUANA PILLS - PAST MONTH USE,RECODED DRUG USE,634
IRSUITRYYR,Intento suicida,DL,CRKFLAG,5.50885517150157e-05,"RC-""CRACK"" - EVER USED",RECODED DRUG USE,635
IRSUITRYYR,Intento suicida,DL,RXTEMAANY,5.473381606861949e-05,RC-TEMAZEPAM PRODUCTS - ANY PAST YEAR USE,RECODED DRUG USE,636
IRSUITRYYR,Intento suicida,DL,NICVAPMON,5.46159411314881e-05,RC-NICOTINE VAPING - PAST MONTH USE,RECODED DRUG USE,637
IRSUITRYYR,Intento suicida,DL,FUPCP18,5.300407484173736e-05,RC-FIRST USED PCP PRIOR TO AGE 18,RECODED DRUG USE,638
IRSUITRYYR,Intento suicida,DL,SEVYROPPRANY,5.2878544200207214e-05,"RC-RX OPIOID USE DISORDER SEVERITY, PY USERS",RECODED SUBSTANCE USE DISORDER,639
IRSUITRYYR,Intento suicida,DL,SMKLSSYR,5.2070350851864124e-05,RC-SMOKELESS TOBACCO - PAST YEAR USE,RECODED DRUG USE,640
IRSUITRYYR,Intento suicida,DL,OTHRPNRANY2,5.144589371144509e-05,RC-OTHER PAIN RELIEVER PRODUCTS - ANY PAST YEAR USE,RECODED DRUG USE,641
IRSUITRYYR,Intento suicida,DL,FUHER21,5.107697844505266e-05,RC-FIRST USED HEROIN PRIOR TO AGE 21,RECODED DRUG USE,642
IRSUITRYYR,Intento suicida,DL,RXDIAZMIS,4.918544553220133e-05,RC-DIAZEPAM PRODUCTS - PAST YEAR MISUSE,RECODED DRUG USE,643
IRSUITRYYR,Intento suicida,DL,COCFLAG,4.916297923773516e-05,RC-COCAINE - EVER USED,RECODED DRUG USE,644
IRSUITRYYR,Intento suicida,DL,CRKYLU,4.8454299569130055e-05,YEAR OF LAST CRACK USE - RECODE,PRIOR SUBSTANCE USE,645
IRSUITRYYR,Intento suicida,DL,HERSMOEVER,4.809030611067994e-05,RC-EVER SMOKED HEROIN,RECODED SPECIAL DRUGS,646
IRSUITRYYR,Intento suicida,DL,PCPFLAG,4.721532133407924e-05,RC-PCP - EVER USED,RECODED DRUG USE,647
IRSUITRYYR,Intento suicida,DL,TQSDNMYR,4.698126576841183e-05,RC-TRANQUILIZERS OR SEDATIVES - PAST YEAR MISUSE,RECODED DRUG USE,648
IRSUITRYYR,Intento suicida,DL,SEDNMFLAG,4.601809103041865e-05,RC-SEDATIVES - EVER MISUSED,RECODED DRUG USE,649
IRSUITRYYR,Intento suicida,DL,UADFWHO,4.544827993959222e-05,RC-WHO GAVE UNDERAGE DRINKER MOST RECENT ALCOHOL,RECODED CONSUMPTION OF ALCOHOL,650
IRSUITRYYR,Intento suicida,DL,RXZALEANY,4.473167285323154e-05,RC-ZALEPLON PRODUCTS - ANY PAST YEAR USE,RECODED DRUG USE,651
IRSUITRYYR,Intento suicida,DL,UADBAR,4.466496866914083e-05,"RC-MOST RECENT ALCOHOL USE AT RESTAURANT, BAR, OR CLUB",RECODED CONSUMPTION OF ALCOHOL,652
IRSUITRYYR,Intento suicida,DL,IRUD5SEDUNM,4.4484422774985765e-05,"SEDATIVE USE DISORDER, PY USERS BUT NOT MISUSERS - IMP REV",IMPUTED SUBSTANCE USE DISORDER,653
IRSUITRYYR,Intento suicida,DL,UADBWHO,4.402090352959853e-05,RC-HOW UNDERAGE DRINKER PURCHASED MOST RECNT ALCOHOL,RECODED CONSUMPTION OF ALCOHOL,654
IRSUITRYYR,Intento suicida,DL,IRUD5TRQMIS,4.148609866388153e-05,"TRANQUILIZER USE DISORDER, PY MISUSERS - IMP REV",IMPUTED SUBSTANCE USE DISORDER,655
IRSUITRYYR,Intento suicida,DL,TQSDNMMON,3.986367862671619e-05,RC-TRANQUILIZERS OR SEDATIVES - PAST MONTH MISUSE,RECODED DRUG USE,656
IRSUITRYYR,Intento suicida,DL,UD5ILAALANY,3.975193109363423e-05,RC-DRUG AND ALCOHOL USE DISORDER - PAST YEAR USERS,RECODED SUBSTANCE USE DISORDER,657
IRSUITRYYR,Intento suicida,DL,RXTRAMMIS,3.9185177534818984e-05,RC-TRAMADOL PRODUCTS - PAST YEAR MISUSE,RECODED DRUG USE,658
IRSUITRYYR,Intento suicida,DL,KIDNYDSAG,3.8549621822313306e-05,AGE KIDNEY DISEASE 1ST DIAGNOSED,HEALTH,659
IRSUITRYYR,Intento suicida,DL,RXOXCOMIS,3.7381378002465104e-05,RC-OXYCODONE PRODUCTS - PAST YEAR MISUSE,RECODED DRUG USE,660
IRSUITRYYR,Intento suicida,DL,FUPCP21,3.71916375588624e-05,RC-FIRST USED PCP PRIOR TO AGE 21,RECODED DRUG USE,661
IRSUITRYYR,Intento suicida,DL,IRUD5PNRMIS,3.6067294655366125e-05,"PAIN RELIEVER USE DISORDER, PY MISUERS - IMP REV",IMPUTED SUBSTANCE USE DISORDER,662
IRSUITRYYR,Intento suicida,DL,PCPAGLST,3.530068555846866e-05,HOW OLD WERE YOU THE LAST TIME USED PCP,PRIOR SUBSTANCE USE,663
IRSUITRYYR,Intento suicida,DL,UADPLACE,3.3158013829961695e-05,RC-WHERE UNDERAGE DRINKER PURCHSD MOST RECNT ALCOHOL,RECODED CONSUMPTION OF ALCOHOL,664
IRSUITRYYR,Intento suicida,DL,RXZOHYANY2,2.7871493948623816e-05,RC-ZOHYDRO ER - ANY PAST YEAR USE,RECODED DRUG USE,665
IRSUITRYYR,Intento suicida,DL,SVYROPIANY2,2.7784598991278663e-05,"RC-OPIOID (RX OPIOIDS OR HEROIN) USE DISORDER SEV, PY USERS",RECODED SUBSTANCE USE DISORDER,666
IRSUITRYYR,Intento suicida,DL,HALLUCMON,2.7649912983179203e-05,RC-HALLUCINOGENS - PAST MONTH USE,RECODED DRUG USE,667
IRSUITRYYR,Intento suicida,DL,IMFMON,2.6299519464373643e-05,RC-ILLEGALLY MADE FENTANYL - PAST MONTH USE,RECODED EMERGING ISSUES,668
IRSUITRYYR,Intento suicida,DL,HERSNIEVER,2.5736529845744037e-05,RC-EVER SNIFFED HEROIN,RECODED SPECIAL DRUGS,669
IRSUITRYYR,Intento suicida,DL,RXBZOSANY,2.540141041390609e-05,RC-BENZODIAZEPINE SEDATIVES - ANY PAST YEAR USE,RECODED DRUG USE,670
IRSUITRYYR,Intento suicida,DL,IRSYNSTMREC,2.534143137745498e-05,SYNTHETIC STIMULANTS RECENCY - IMPUTATION REVISED,IMPUTED EMERGING ISSUES,671
IRSUITRYYR,Intento suicida,DL,SVYROPIUNM,2.4361200397834126e-05,"RC-OPIOID USE DIS SEV, PY RX OPIOID USERS/NOT MISUSERS ONLY",RECODED SUBSTANCE USE DISORDER,672
IRSUITRYYR,Intento suicida,DL,TRQNMMON,2.332374942488974e-05,RC-TRANQUILIZERS - PAST MONTH MISUSE,RECODED DRUG USE,673
IRSUITRYYR,Intento suicida,DL,UADOTSP2,2.2933793487027175e-05,RC-OTHER LOCATIONS OF MOST RECENT ALCOHOL USE,RECODED CONSUMPTION OF ALCOHOL,674
IRSUITRYYR,Intento suicida,DL,IRSEVPNRUNM2,2.1782333962619416e-05,"PAIN RELIEVER USE DIS SEV, PY USERS BUT NOT MISUSERS-IMP REV",IMPUTED SUBSTANCE USE DISORDER,675
IRSUITRYYR,Intento suicida,DL,UDYR5SEDANY,2.1332856500521357e-05,"RC-SEDATIVE USE DISORDER, PY USERS",RECODED SUBSTANCE USE DISORDER,676
IRSUITRYYR,Intento suicida,DL,NPCOLDYR,2.1244233706965986e-05,RC-NONPRESCRIPTION COUGH OR COLD MEDS - PAST YEAR USE,RECODED SPECIAL DRUGS,677
IRSUITRYYR,Intento suicida,DL,ECSTMOYR,2.1211158018559494e-05,RC-ECSTASY - PAST YEAR USE,RECODED DRUG USE,678
IRSUITRYYR,Intento suicida,DL,GASEVER2,2.0839060656726303e-05,RC-EVER INHALED GASOLINE OR LIGHTER FLUID,RECODED DRUG USE,679
IRSUITRYYR,Intento suicida,DL,IRSEVTRQMIS,1.9792022649198492e-05,"TRANQUILIZER USE DISORDER SEVERITY, PY MISUSERS - IMP REV",IMPUTED SUBSTANCE USE DISORDER,680
IRSUITRYYR,Intento suicida,DL,COCNEDEVER,1.6889116726815924e-05,RC-EVER USED A NEEDLE TO INJECT COCAINE,RECODED SPECIAL DRUGS,681
IRSUITRYYR,Intento suicida,DL,SVYRTQSDMIS,1.5903138555586892e-05,"RC-TRANQUILIZER/SEDATIVE USE DISORDER SEVERITY, PY MISUSERS",RECODED SUBSTANCE USE DISORDER,682
IRSUITRYYR,Intento suicida,DL,SPAINTEVER2,1.5186694916337063e-05,RC-EVER INHALED SPRAY PAINTS,RECODED DRUG USE,683
IRSUITRYYR,Intento suicida,DL,IRPYUD5HAL,1.5143566299229971e-05,HALLUCINOGEN USE DISORDER IN THE PAST YEAR - IMP REV,IMPUTED SUBSTANCE USE DISORDER,684
IRSUITRYYR,Intento suicida,DL,STMNMFLAG,1.442594081163373e-05,RC-STIMULANTS - EVER MISUSED,RECODED DRUG USE,685
IRSUITRYYR,Intento suicida,DL,SOLVENEVER2,1.2933570425957552e-05,"RC-EVER INHALED LACQUER THINNER, OTHER PAINT SOLVENTS",RECODED DRUG USE,686
IRSUITRYYR,Intento suicida,DL,SYNMRJMON,1.280429819598805e-05,RC-SYNTHETIC MARIJUANA - PAST MONTH USE,RECODED EMERGING ISSUES,687
IRSUITRYYR,Intento suicida,DL,CADRKCOCN2,1.269738445989793e-05,RC-USED COCAINE WITH LAST ALCOHOL USE,RECODED CONSUMPTION OF ALCOHOL,688
IRSUITRYYR,Intento suicida,DL,RXESZOANY,1.0277492459863368e-05,RC-ESZOPICLONE PRODUCTS - ANY PAST YEAR USE,RECODED DRUG USE,689
IRSUITRYYR,Intento suicida,DL,OTHRSTMANY,9.228123351932015e-06,RC-OTHER STIMULANT - ANY PAST YEAR USE,RECODED DRUG USE,690
IRSUITRYYR,Intento suicida,DL,DRVINDROTMJ,9.024003520608225e-06,RC-DROVE UNDER INFLUENCE OF SELECTED ILL DRG OTH MRJ IN PY,RECODED SPECIAL TOPICS,691
IRSUITRYYR,Intento suicida,DL,IRIMFREC,8.854426210746224e-06,ILLEGALLY MADE FENTANYL RECENCY - IMPUTATION REVISED,IMPUTED EMERGING ISSUES,692
IRSUITRYYR,Intento suicida,DL,RXANORANY,8.763355202972555e-06,RC-ANORECTIC STIMULANTS - ANY PAST YEAR USE,RECODED DRUG USE,693
IRSUITRYYR,Intento suicida,DL,IRGHBREC,8.15827352926124e-06,GHB RECENCY - IMPUTATION REVISED,IMPUTED SPECIAL DRUGS,694
IRSUITRYYR,Intento suicida,DL,TRQNDAYPM,8.092440664768386e-06,RC-# OF DAYS MISUSED TRANQUILIZERS IN PAST MONTH,RECODED DRUG USE,695
IRSUITRYYR,Intento suicida,DL,GHBFLAG,8.066538022830638e-06,RC-GHB - EVER USED,RECODED SPECIAL DRUGS,696
IRSUITRYYR,Intento suicida,DL,UADBUND,7.76209309697129e-06,RC-AGE PERSON WHO PURCHASED ALC FOR UNDERAGE DRINKER,RECODED CONSUMPTION OF ALCOHOL,697
IRSUITRYYR,Intento suicida,DL,OXYCNANYYR2,6.6900267265740385e-06,RC-OXYCONTIN - PAST YEAR USE,RECODED DRUG USE,698
IRSUITRYYR,Intento suicida,DL,SYNSTMFLAG,6.6622169688349e-06,RC-SYNTHETIC STIMULANTS - EVER USED,RECODED EMERGING ISSUES,699
IRSUITRYYR,Intento suicida,DL,HALLNDAYPM,6.290327990427779e-06,RC-# OF DAYS USED HALLUCINOGENS IN PAST MONTH,RECODED DRUG USE,700
IRSUITRYYR,Intento suicida,DL,FUHER18,6.191613152622954e-06,RC-FIRST USED HEROIN PRIOR TO AGE 18,RECODED DRUG USE,701
IRSUITRYYR,Intento suicida,DL,IRUD5PNRUNM2,5.472489167004935e-06,"PAIN RELIEVER USE DISORD, PY USERS BUT NOT MISUSERS-IMP REV",IMPUTED SUBSTANCE USE DISORDER,702
IRSUITRYYR,Intento suicida,DL,PEYOTEEVER,4.394220421090889e-06,RC-EVER USED PEYOTE,RECODED DRUG USE,703
IRSUITRYYR,Intento suicida,DL,MESCEVER,1.1834586039183303e-06,RC-EVER USED MESCALINE,RECODED DRUG USE,704
IRSUITRYYR,Intento suicida,DL,PSILCYMON,4.134785849599365e-07,RC-PSILOCYBIN - PAST MONTH USE,RECODED DRUG USE,705
IRSUITRYYR,Intento suicida,DL,IRPYSEV5COC,0.0,COCAINE USE DISORDER SEVERITY IN THE PAST YEAR - IMP REV,IMPUTED SUBSTANCE USE DISORDER,706
IRSUITRYYR,Intento suicida,DL,IRPYSEV5HER,0.0,HEROIN USE DISORDER SEVERITY IN THE PAST YEAR - IMP REV,IMPUTED SUBSTANCE USE DISORDER,707
IRSUITRYYR,Intento suicida,DL,IRPYSEV5INH,0.0,INHALANT USE DISORDER SEVERITY IN THE PAST YEAR - IMP REV,IMPUTED SUBSTANCE USE DISORDER,708
IRSUITRYYR,Intento suicida,DL,IRPYSEV5MTH,0.0,METHAMPHETAMINE USE DISORDER SEVERITY IN PAST YR - IMP REV,IMPUTED SUBSTANCE USE DISORDER,709
IRSUITRYYR,Intento suicida,DL,NOOPPRNMYR,0.0,RC-NONOPIOID PRESCRIPTION PNR - PAST YEAR MISUSE,RECODED DRUG USE,710
IRSUITRYYR,Intento suicida,DL,IINPCOLDREC,0.0,NONPRESCRIPTION COUGH OR COLD MEDS RECENCY - IMPUTATION IND,IMPUTED SPECIAL DRUGS,711
IRSUITRYYR,Intento suicida,DL,IRSEVSTMMIS,0.0,"STIMULANT USE DISORDER SEVERITY, PY MISUSERS - IMP REV",IMPUTED SUBSTANCE USE DISORDER,712
IRSUITRYYR,Intento suicida,DL,IRSEVSEDMIS,0.0,"SEDATIVE USE DISORDER SEVERITY, PY MISUSERS - IMP REV",IMPUTED SUBSTANCE USE DISORDER,713
IRSUITRYYR,Intento suicida,DL,IRPYUD5MTH,0.0,METHAMPHETAMINE USE DISORDER IN THE PAST YEAR - IMP REV,IMPUTED SUBSTANCE USE DISORDER,714
IRSUITRYYR,Intento suicida,DL,IRPYUD5COC,0.0,COCAINE USE DISORDER IN THE PAST YEAR - IMP REV,IMPUTED SUBSTANCE USE DISORDER,715
IRSUITRYYR,Intento suicida,DL,IRPYUD5HER,0.0,HEROIN USE DISORDER IN THE PAST YEAR - IMP REV,IMPUTED SUBSTANCE USE DISORDER,716
IRSUITRYYR,Intento suicida,DL,IRPYUD5INH,0.0,INHALANT USE DISORDER IN THE PAST YEAR - IMP REV,IMPUTED SUBSTANCE USE DISORDER,717
IRSUITRYYR,Intento suicida,DL,SRCCLFRSTM,0.0,RC-COLLAPSED SOURCE OF FRND/REL STIMULANTS FOR LAST MISUSE,RECODED DRUG USE,718
IRSUITRYYR,Intento suicida,DL,SRCFRSEDNM,0.0,RC-SOURCE OF FRIEND/RELATIVE SEDATIVES FOR LAST MISUSE,RECODED DRUG USE,719
IRSUITRYYR,Intento suicida,DL,SRCFRSTMNM,0.0,RC-SOURCE OF FRIEND/RELATIVE STIMULANTS FOR LAST MISUSE,RECODED DRUG USE,720
IRSUITRYYR,Intento suicida,DL,SRCCLFRSED,0.0,RC-COLLAPSED SOURCE OF FRND/REL SEDATIVES FOR LAST MISUSE,RECODED DRUG USE,721
IRSUITRYYR,Intento suicida,DL,HERMDAYS,0.0,RC-# OF DAYS USED HEROIN IN PAST MONTH,RECODED DRUG USE,722
IRSUITRYYR,Intento suicida,DL,CRKMDAYS,0.0,RC-# OF DAYS USED CRACK IN PAST MONTH,RECODED DRUG USE,723
IRSUITRYYR,Intento suicida,DL,INHNDAYPM2,0.0,RC-# OF DAYS USED INHALANTS IN PAST MONTH,RECODED DRUG USE,724
IRSUITRYYR,Intento suicida,DL,COCMDAYS,0.0,RC-# OF DAYS USED COCAINE IN PAST MONTH,RECODED DRUG USE,725
IRSUITRYYR,Intento suicida,DL,METHNDAYPM,0.0,RC-# OF DAYS USED METHAMPHETAMINE IN PAST MONTH,RECODED DRUG USE,726
IRSUITRYYR,Intento suicida,DL,STMNDAYPM,0.0,RC-# OF DAYS MISUSED STIMULANTS IN PAST MONTH,RECODED DRUG USE,727
IRSUITRYYR,Intento suicida,DL,SEDNDAYPM,0.0,RC-# OF DAYS MISUSED SEDATIVES IN PAST MONTH,RECODED DRUG USE,728
IRSUITRYYR,Intento suicida,DL,HLCALL99,0.0,YES TO MEDICARE/MEDICAID/CHAMPUS/PRVHLTIN,RECODED HEALTH INSURANCE,729
IRSUITRYYR,Intento suicida,DL,RXHYDMMIS,0.0,RC-HYDROMORPHONE PRODUCTS - PAST YEAR MISUSE,RECODED DRUG USE,730
IRSUITRYYR,Intento suicida,DL,RXMTDNMIS,0.0,RC-METHADONE PRODUCTS - PAST YEAR MISUSE,RECODED DRUG USE,731
IRSUITRYYR,Intento suicida,DL,GHBMON,0.0,RC-GHB - PAST MONTH USE,RECODED SPECIAL DRUGS,732
IRSUITRYYR,Intento suicida,DL,GHBYR,0.0,RC-GHB - PAST YEAR USE,RECODED SPECIAL DRUGS,733
IRSUITRYYR,Intento suicida,DL,SVYRCNSMIS,0.0,"RC-CNS STIMULANT USE DISORDER SEVERITY, PY MISUSERS",RECODED SUBSTANCE USE DISORDER,734
IRSUITRYYR,Intento suicida,DL,IRUD5SEDMIS,0.0,"SEDATIVE USE DISORDER, PY MISUSERS - IMP REV",IMPUTED SUBSTANCE USE DISORDER,735
IRSUITRYYR,Intento suicida,DL,FUPNRNM18,0.0,RC-FIRST MISUSED PAIN RELIEVERS PRIOR TO AGE 18,RECODED DRUG USE,736
IRSUITRYYR,Intento suicida,DL,FUPNRNM21,0.0,RC-FIRST MISUSED PAIN RELIEVERS PRIOR TO AGE 21,RECODED DRUG USE,737
IRSUITRYYR,Intento suicida,DL,FUTRQNM18,0.0,RC-FIRST MISUSED TRANQUILIZERS PRIOR TO AGE 18,RECODED DRUG USE,738
IRSUITRYYR,Intento suicida,DL,FUTRQNM21,0.0,RC-FIRST MISUSED TRANQUILIZERS PRIOR TO AGE 21,RECODED DRUG USE,739
IRSUITRYYR,Intento suicida,DL,FUSTMNM18,0.0,RC-FIRST MISUSED STIMULANTS PRIOR TO AGE 18,RECODED DRUG USE,740
IRSUITRYYR,Intento suicida,DL,FUSTMNM21,0.0,RC-FIRST MISUSED STIMULANTS PRIOR TO AGE 21,RECODED DRUG USE,741
IRSUITRYYR,Intento suicida,DL,FUSEDNM21,0.0,RC-FIRST MISUSED SEDATIVES PRIOR TO AGE 21,RECODED DRUG USE,742
IRSUITRYYR,Intento suicida,DL,STMMAINRSN,0.0,RC-MAIN REASON FOR MISUSING STIMULANTS LAST EPISODE,RECODED DRUG USE,743
IRSUITRYYR,Intento suicida,DL,SEDMAINRSN,0.0,RC-MAIN REASON FOR MISUSING SEDATIVES LAST EPISODE,RECODED DRUG USE,744
IRSUITRYYR,Intento suicida,DL,SRCSTMNM2,0.0,RC-SOURCE OF STIMULANTS FOR LAST MISUSE,RECODED DRUG USE,745
IRSUITRYYR,Intento suicida,DL,SRCSEDNM2,0.0,RC-SOURCE OF SEDATIVES FOR LAST MISUSE,RECODED DRUG USE,746
IRSUITRYYR,Intento suicida,DL,IRUD5STMMIS,0.0,"STIMULANT USE DISORDER, PY MISUSERS - IMP REV",IMPUTED SUBSTANCE USE DISORDER,747
IRSUITRYYR,Intento suicida,DL,MTHNEDEVER,0.0,RC-EVER USED NEEDLE TO INJECT METHAMPHETAMINE,RECODED SPECIAL DRUGS,748
IRSUITRYYR,Intento suicida,DL,NPCOLDMON,0.0,RC-NONPRESCRIPTION COUGH OR COLD MEDS - PAST MONTH USE,RECODED SPECIAL DRUGS,749
IRSUITRYYR,Intento suicida,DL,COCYDAYS,0.0,RC-# OF DAYS USED COCAINE IN PAST YEAR,RECODED DRUG USE,750
IRSUITRYYR,Intento suicida,DL,RXBARBMIS,0.0,RC-BARBITURATES - PAST YEAR MISUSE,RECODED DRUG USE,751
IRSUITRYYR,Intento suicida,DL,RXBZOSMIS,0.0,RC-BENZODIAZEPINE SEDATIVES - PAST YEAR MISUSE,RECODED DRUG USE,752
IRSUITRYYR,Intento suicida,DL,OTHRSEDMIS2,0.0,RC-OTHER SEDATIVE PRODUCTS - PAST YEAR MISUSE,RECODED DRUG USE,753
IRSUITRYYR,Intento suicida,DL,RXESZOMIS,0.0,RC-ESZOPICLONE PRODUCTS - PAST YEAR MISUSE,RECODED DRUG USE,754
IRSUITRYYR,Intento suicida,DL,RXZOLPMIS,0.0,RC-ZOLPIDEM PRODUCTS - PAST YEAR MISUSE,RECODED DRUG USE,755
IRSUITRYYR,Intento suicida,DL,OTHRSTMMIS,0.0,RC-OTHER STIMULANT PRODUCTS - PAST YEAR MISUSE,RECODED DRUG USE,756
IRSUITRYYR,Intento suicida,DL,RXPROVMIS,0.0,RC-PROVIGIL PRODUCTS- PAST YEAR MISUSE,RECODED DRUG USE,757
IRSUITRYYR,Intento suicida,DL,RXANORMIS,0.0,RC-ANORECTIC STIMULANTS - PAST YEAR MISUSE,RECODED DRUG USE,758
IRSUITRYYR,Intento suicida,DL,RXMTHPMIS,0.0,RC-METHYLPHENIDATE PRODUCTS - PAST YEAR MISUSE,RECODED DRUG USE,759
IRSUITRYYR,Intento suicida,DL,RXAMPHMIS,0.0,RC-AMPHETAMINE - PAST YEAR MISUSE,RECODED DRUG USE,760
IRSUITRYYR,Intento suicida,DL,RXAMMEMIS,0.0,RC-AMPHETAMINE OR METHYLPHENIDATE PRODS - PAST YEAR MISUSE,RECODED DRUG USE,761
IRSUITRYYR,Intento suicida,DL,OTHRTRQMIS,0.0,RC-OTHER TRANQUILIZER PRODUCTS - PAST YEAR MISUSE,RECODED DRUG USE,762
IRSUITRYYR,Intento suicida,DL,RXSOMAMIS,0.0,RC-SOMA PRODUCTS - PAST YEAR MISUSE,RECODED DRUG USE,763
IRSUITRYYR,Intento suicida,DL,RXCYCLMIS,0.0,RC-CYCLOBENZAPRINE PRODUCTS - PAST YEAR MISUSE,RECODED DRUG USE,764
IRSUITRYYR,Intento suicida,DL,RXMRLXMIS,0.0,RC-MUSCLE RELAXANTS - PAST YEAR MISUSE,RECODED DRUG USE,765
IRSUITRYYR,Intento suicida,DL,RXLORAMIS,0.0,RC-LORAZEPAM PRODUCTS - PAST YEAR MISUSE,RECODED DRUG USE,766
IRSUITRYYR,Intento suicida,DL,OTHRPNRMIS,0.0,RC-OTHER PAIN RELIEVER PRODUCTS - PAST YEAR MISUSE,RECODED DRUG USE,767
IRSUITRYYR,Intento suicida,DL,OTHAEREVER2,0.0,RC-EVER USED OTHER AEROSOL SPRAY,RECODED DRUG USE,768
IRSUITRYYR,Intento suicida,DL,RXSOMAANY,0.0,RC-SOMA PRODUCTS - ANY PAST YEAR USE,RECODED DRUG USE,769
IRSUITRYYR,Intento suicida,DL,RXPROVANY,0.0,RC-PROVIGIL PRODUCTS- ANY PAST YEAR USE,RECODED DRUG USE,770
IRSUITRYYR,Intento suicida,DL,RXMORPMIS,0.0,RC-MORPHINE PRODUCTS - PAST YEAR MISUSE,RECODED DRUG USE,771
IRSUITRYYR,Intento suicida,DL,RXOXYMMIS,0.0,RC-OXYMORPHONE PRODUCTS - PAST YEAR MISUSE,RECODED DRUG USE,772
IRSUITRYYR,Intento suicida,DL,RXDEMEMIS,0.0,RC-DEMEROL PRODUCTS - PAST YEAR MISUSE,RECODED DRUG USE,773
IRSUITRYYR,Intento suicida,DL,RXFLURANY,0.0,RC-FLURAZEPAM PRODUCTS - ANY PAST YEAR USE,RECODED DRUG USE,774
IRSUITRYYR,Intento suicida,DL,CLEFLUEVER2,0.0,"RC-EVER INHALED CORRECTION FLUID, DEGREASER, ETC.",RECODED DRUG USE,775
IRSUITRYYR,Intento suicida,DL,CNSNMYR,0.0,RC-CENTRAL NERVOUS SYSTEM STIMULANTS - PAST YEAR MISUSE,RECODED DRUG USE,776
IRSUITRYYR,Intento suicida,DL,RXDEMEANY2,0.0,RC-DEMEROL PRODUCTS - ANY PAST YEAR USE,RECODED DRUG USE,777
IRSUITRYYR,Intento suicida,DL,RXZOHYMIS,0.0,RC-ZOHYDRO ER - PAST YEAR MISUSE,RECODED DRUG USE,778
IRSUITRYYR,Intento suicida,DL,CRKYDAYS,0.0,RC-# OF DAYS USED CRACK IN PAST YEAR,RECODED DRUG USE,779
IRSUITRYYR,Intento suicida,DL,METHNDAYYR,0.0,RC-# OF DAYS USED METHAMPHETAMINE IN PAST YEAR,RECODED DRUG USE,780
IRSUITRYYR,Intento suicida,DL,HERYDAYS,0.0,RC-# OF DAYS USED HEROIN IN PAST YEAR,RECODED DRUG USE,781
IRSUITRYYR,Intento suicida,DL,OXYCNNMYR,0.0,RC-OXYCONTIN - PAST YEAR MISUSE,RECODED DRUG USE,782
IRSUITRYYR,Intento suicida,DL,LGASEVER2,0.0,"RC-EVER INHALED LIGHTER GASES (BUTANE, PROPANE)",RECODED DRUG USE,783
IRSUITRYYR,Intento suicida,DL,METHAMYR,0.0,RC-METHAMPHETAMINE - PAST YEAR USE,RECODED DRUG USE,784
IRSUITRYYR,Intento suicida,DL,METHAMMON,0.0,RC-METHAMPHETAMINE - PAST MONTH USE,RECODED DRUG USE,785
IRSUITRYYR,Intento suicida,DL,CNSNMMON,0.0,RC-CENTRAL NERVOUS SYSTEM STIMULANTS - PAST MONTH MISUSE,RECODED DRUG USE,786
IRSUITRYYR,Intento suicida,DL,SEDNMYR,0.0,RC-SEDATIVES - PAST YEAR MISUSE,RECODED DRUG USE,787
IRSUITRYYR,Intento suicida,DL,SEDNMMON,0.0,RC-SEDATIVES - PAST MONTH MISUSE,RECODED DRUG USE,788
IRSUITRYYR,Intento suicida,DL,STMNMYR,0.0,RC-STIMULANTS - PAST YEAR MISUSE,RECODED DRUG USE,789
IRSUITRYYR,Intento suicida,DL,DAMTFXMON,0.0,RC-DMT/AMT/FOXY - PAST MONTH USE,RECODED DRUG USE,790
IRSUITRYYR,Intento suicida,DL,KETMINFLAG,0.0,RC-KETAMINE - EVER USED,RECODED DRUG USE,791
IRSUITRYYR,Intento suicida,DL,KETMINMON,0.0,RC-KETAMINE - PAST MONTH USE,RECODED DRUG USE,792
IRSUITRYYR,Intento suicida,DL,KETMINYR,0.0,RC-KETAMINE - PAST YEAR USE,RECODED DRUG USE,793
IRSUITRYYR,Intento suicida,DL,SALVIAYR,0.0,RC-SALVIA - PAST YEAR USE,RECODED DRUG USE,794
IRSUITRYYR,Intento suicida,DL,SALVIAMON,0.0,RC-SALVIA - PAST MONTH USE,RECODED DRUG USE,795
IRSUITRYYR,Intento suicida,DL,ECSTMOMON,0.0,RC-ECSTASY - PAST MONTH USE,RECODED DRUG USE,796
IRSUITRYYR,Intento suicida,DL,STMNMMON,0.0,RC-STIMULANTS - PAST MONTH MISUSE,RECODED DRUG USE,797
IRSUITRYYR,Intento suicida,DL,CADRKHERN2,0.0,RC-USED HEROIN WITH LAST ALCOHOL USE,RECODED CONSUMPTION OF ALCOHOL,798
IRSUITRYYR,Intento suicida,DL,INHALMON2,0.0,RC-INHALANTS - PAST MONTH USE,RECODED DRUG USE,799
IRSUITRYYR,Intento suicida,DL,CADRKHALL2,0.0,RC-USED HALLUCINOGENS WITH LAST ALCOHOL USE,RECODED CONSUMPTION OF ALCOHOL,800
IRSUITRYYR,Intento suicida,DL,CADRKINHL2,0.0,RC-USED INHALANTS WITH LAST ALCOHOL USE,RECODED CONSUMPTION OF ALCOHOL,801
IRSUITRYYR,Intento suicida,DL,COCYR,0.0,RC-COCAINE - PAST YEAR USE,RECODED DRUG USE,802
IRSUITRYYR,Intento suicida,DL,COCMON,0.0,RC-COCAINE - PAST MONTH USE,RECODED DRUG USE,803
IRSUITRYYR,Intento suicida,DL,CADRKMETH2,0.0,RC-USED METHAMPHETAMINE WITH LAST ALCOHOL USE,RECODED CONSUMPTION OF ALCOHOL,804
IRSUITRYYR,Intento suicida,DL,MJOTHYR,0.0,RC-MARIJUANA USE - SOME OTHER MODE - PAST YEAR,RECODED DRUG USE,805
IRSUITRYYR,Intento suicida,DL,CRKMON,0.0,"RC-""CRACK"" - PAST MONTH USE",RECODED DRUG USE,806
IRSUITRYYR,Intento suicida,DL,CRKYR,0.0,"RC-""CRACK"" - PAST YEAR USE",RECODED DRUG USE,807
IRSUITRYYR,Intento suicida,DL,HERYR,0.0,RC-HEROIN - PAST YEAR USE,RECODED DRUG USE,808
IRSUITRYYR,Intento suicida,DL,HERMON,0.0,RC-HEROIN - PAST MONTH USE,RECODED DRUG USE,809
IRSUITRYYR,Intento suicida,DL,LSDMON,0.0,RC-LSD - PAST MONTH USE,RECODED DRUG USE,810
IRSUITRYYR,Intento suicida,DL,LSDYR,0.0,RC-LSD - PAST YEAR USE,RECODED DRUG USE,811
IRSUITRYYR,Intento suicida,DL,PCPMON,0.0,RC-PCP - PAST MONTH USE,RECODED DRUG USE,812
IRSUITRYYR,Intento suicida,DL,PCPYR,0.0,RC-PCP - PAST YEAR USE,RECODED DRUG USE,813
